subject,predicate,object,subject_name
Bhoomidevi Pushpiniyayi,instanceOf,Ruler,Bhoomidevi Pushpiniyayi
Bhoomidevi Pushpiniyayi,reign,King,Bhoomidevi Pushpiniyayi
Bhoomidevi Pushpiniyayi,placeOfBirth,India,Bhoomidevi Pushpiniyayi
Bhoomidevi Pushpiniyayi,givenName,Bhoomidevi,Bhoomidevi Pushpiniyayi
Bhoomidevi Pushpiniyayi,familyName,Pushpiniyayi,Bhoomidevi Pushpiniyayi
SM UB-74,instanceOf,SM UB-7,SM UB-74
SM UB-74,isA,U-boat,SM UB-74
SM UB-74,builtBy,Waffenfabrik Lübeck,SM UB-74
SM UB-74,commissioned,1916-05-29,SM UB-74
SM UB-74,commander,Ernst Zapp,SM UB-74
SM UB-74,countryOfOrigin,Germany,SM UB-74
SM UB-74,operator,Imperial German Navy,SM UB-74
SM UB-74,participantIn,World War I,SM UB-74
SM UB-74,sunk,1917-05-31,SM UB-74
SM UB-74,type,UB-7-class submarine,SM UB-74
subject,predicate,object,Whitmell P. Martin
Little Brosna River,instanceOf,River,Little Brosna River
Little Brosna River,location,Ireland,Little Brosna River
Little Brosna River,tributaryOf,River Brosna,Little Brosna River
Katie Kitamura,instanceOf,Person,Katie Kitamura
Katie Kitamura,birthPlace,Japan,Katie Kitamura
Katie Kitamura,nationality,Japanese,Katie Kitamura
Katie Kitamura,residence,United States,Katie Kitamura
Katie Kitamura,occupation,novelist,Katie Kitamura
Katie Kitamura,occupation,lawyer,Katie Kitamura
Katie Kitamura,education,Harvard University,Katie Kitamura
Katie Kitamura,education,Oxford University,Katie Kitamura
Katie Kitamura,notableWork,The Incident,Katie Kitamura
subject,predicate,object,Survivor: Kaôh Rōng
Jorge Verstrynge,instanceOf,Person,Jorge Verstrynge
Jorge Verstrynge,bornIn,Spain,Jorge Verstrynge
Jorge Verstrynge,nationality,Spanish,Jorge Verstrynge
Jorge Verstrynge,knownFor,politician,Jorge Verstrynge
Jorge Verstrynge,knownFor,writer,Jorge Verstrynge
Jorge Verstrynge,knownFor,university teacher,Jorge Verstrynge
Jorge Verstrynge,alias,Jorge Verstrynge Rojas,Jorge Verstrynge
Jorge Verstrynge,positionHeld,Member of the European Parliament,Jorge Verstrynge
Jorge Verstrynge,positionHeld,Deputy of the Parliament of Catalonia,Jorge Verstrynge
Jorge Verstrynge,educatedAt,University of Barcelona,Jorge Verstrynge
Jorge Verstrynge,educatedAt,Compostela University,Jorge Verstrynge
Jorge Verstrynge,fieldOfWork,politics,Jorge Verstrynge
Jorge Verstrynge,fieldOfWork,philosophy,Jorge Verstrynge
Jorge Verstrynge,fieldOfWork,sociology,Jorge Verstrynge
Jorge Verstrynge,memberOf,European Parliament,Jorge Verstrynge
Jorge Verstrynge,memberOf,Party of the European Left,Jorge Verstrynge
Jorge Verstrynge,memberOf,Socialist Workers' Party,Jorge Verstrynge
Jorge Verstrynge,startTime,1943-01-19,Jorge Verstrynge
Jorge Verstrynge,instanceOf,Politician,Jorge Verstrynge
Jorge Verstrynge,instanceOf,Writer,Jorge Verstrynge
Jorge Verstrynge,instanceOf,University teacher,Jorge Verstrynge
subject,predicate,object,Vida Movahed
subject,predicate,object,"Fokino, Bryansk Oblast"
"Fokino, Bryansk Oblast",instanceOf,town,"Fokino, Bryansk Oblast"
"Fokino, Bryansk Oblast",locatedIn,Bryansk Oblast,"Fokino, Bryansk Oblast"
"Fokino, Bryansk Oblast",partOf,Russia,"Fokino, Bryansk Oblast"
"Fokino, Bryansk Oblast",hasPopulation,12500,"Fokino, Bryansk Oblast"
"Fokino, Bryansk Oblast",foundedIn,1934,"Fokino, Bryansk Oblast"
"Fokino, Bryansk Oblast",isCapitalOf,Fokinsky District,"Fokino, Bryansk Oblast"
"Fokino, Bryansk Oblast",locatedNear,Desna River,"Fokino, Bryansk Oblast"
"Fokino, Bryansk Oblast",hasArea,32.4,"Fokino, Bryansk Oblast"
"Fokino, Bryansk Oblast",locatedAt,52.47 34.24,"Fokino, Bryansk Oblast"
subject,predicate,object,Bueng Kan province
Horses Amphora,instanceOf,amphora,Horses Amphora
Horses Amphora,namedAfter,horses,Horses Amphora
Horses Amphora,usedFor,storage,Horses Amphora
Horses Amphora,hasOrigin,ancient Greece,Horses Amphora
Horses Amphora,material,clay,Horses Amphora
subject,predicate,object,James Mendeika
subject,predicate,object,Horten Church
Johannes Loccnius,instanceOf,Person,Johannes Loccenius
Johannes Loccnius,bornIn,Oldenburg,Johannes Loccenius
Johannes Loccnius,diedIn,Uppsala,Johannes Loccenius
Johannes Loccnius,workedAs,jurist,Johannes Loccenius
Johannes Loccnius,workedAs,historian,Johannes Loccenius
Johannes Loccnius,workedAs,university teacher,Johannes Loccenius
Johannes Loccnius,educatedAt,University of Leiden,Johannes Loccenius
Johannes Loccnius,educatedAt,Uppsala University,Johannes Loccenius
Johannes Loccnius,hasNationality,Dutch,Johannes Loccenius
Johannes Loccnius,hasNationality,Swedish,Johannes Loccenius
Johannes Loccnius,wroteIn,Latin,Johannes Loccenius
Johannes Loccnius,wroteIn,Swedish,Johannes Loccenius
Johannes Loccnius,wroteIn,German,Johannes Loccenius
Johannes Loccnius,knownFor,writings on history,Johannes Loccenius
Johannes Loccnius,knownFor,writings on jurisprudence,Johannes Loccenius
Johannes Loccnius,givenName,Johannes,Johannes Loccenius
Johannes Loccnius,familyName,Loccnius,Johannes Loccenius
Johannes Loccnius,dateOfBirth,1640-01-19,Johannes Loccenius
Johannes Loccnius,dateOfDeath,1717-07-13,Johannes Loccenius
subject,predicate,object,Schizonycha ruficollis
e.g. kingdom,phylum,etc.,Schizonycha ruficollis
subject,predicate,object,Ministry of Justice (Niger)
USS Lorain (PF-93),instanceOf,Patrol Boat,USS Lorain (PF-93)
USS Lorain (PF-93),partOf,United States Navy,USS Lorain (PF-93)
USS Lorain (PF-93),commissioned,1944,USS Lorain (PF-93)
USS Lorain (PF-93),decommissioned,1945,USS Lorain (PF-93)
USS Lorain (PF-93),shipBuilder,"Brown, Inc., Jacksonville, Florida",USS Lorain (PF-93)
USS Lorain (PF-93),shipName,USS Lorain,USS Lorain (PF-93)
USS Lorain (PF-93),shipNumber,PF-93,USS Lorain (PF-93)
USS Lorain (PF-93),class,PF-87,USS Lorain (PF-93)
USS Lorain (PF-93),length,56.4 m,USS Lorain (PF-93)
USS Lorain (PF-93),beam,10.1 m,USS Lorain (PF-93)
USS Lorain (PF-93),draft,2.4 m,USS Lorain (PF-93)
USS Lorain (PF-93),speed,20 knots,USS Lorain (PF-93)
USS Lorain (PF-93),complement,93,USS Lorain (PF-93)
USS Lorain (PF-93),awards,none,USS Lorain (PF-93)
USS Lorain (PF-93),fate,sold for scrapping,USS Lorain (PF-93)
USS Lorain (PF-93),stricken,1946,USS Lorain (PF-93)
subject,predicate,object,Tixpéhual Municipality
subject,predicate,object,Brand USA
subject,predicate,object,Counter-Terrorism and Border Security Act 2019
Bob Charles (footballer),instanceOf,Person,Bob Charles (footballer)
Bob Charles (footballer),instanceOf,Footballer,Bob Charles (footballer)
Bob Charles (footballer),birthDate,1921-02-10,Bob Charles (footballer)
Bob Charles (footballer),deathDate,2014-12-25,Bob Charles (footballer)
Bob Charles (footballer),nationality,English,Bob Charles (footballer)
Bob Charles (footballer),position,Striker,Bob Charles (footballer)
Jim Spencer (curler),instanceOf,Human,Jim Spencer (curler)
Jim Spencer (curler),birthDate,1940-02-22,Jim Spencer (curler)
Jim Spencer (curler),birthPlace,Canada,Jim Spencer (curler)
Jim Spencer (curler),deathDate,2020-06-01,Jim Spencer (curler)
Jim Spencer (curler),deathPlace,Canada,Jim Spencer (curler)
Jim Spencer (curler),occupation,Curler,Jim Spencer (curler)
Jim Spencer (curler),country,Canada,Jim Spencer (curler)
Jim Spencer (curler),curler,skip,Jim Spencer (curler)
Jim Spencer (curler),curlingTeam, Manitoba,Jim Spencer (curler)
Jim Spencer (curler),provincia,Manitoba,Jim Spencer (curler)
Draupner wave,instanceOf,Freak wave,Draupner wave
Draupner wave,namedAfter,Draupner,Draupner wave
Draupner wave,discoveredBy,Norwegian Petroleum Directorate,Draupner wave
Draupner wave,location,North Sea,Draupner wave
Draupner wave,date,"January 7, 1995",Draupner wave
Draupner wave,height,25.6 meters,Draupner wave
Draupner wave,exceeds,highest wave ever recorded,Draupner wave
Draupner wave,recordedBy,Draupner oil platform,Draupner wave
Draupner wave,studiedIn,oceanography,Draupner wave
Draupner wave,relatedTo,wave measurement,Draupner wave
2016 FIFA U-17 Women's World Cup,instanceOf,FIFA U-17 Women's World Cup,2016 FIFA U-17 Women's World Cup
2016 FIFA U-17 Women's World Cup,startDate,2016-09-21,2016 FIFA U-17 Women's World Cup
2016 FIFA U-17 Women's World Cup,endDate,2016-10-02,2016 FIFA U-17 Women's World Cup
2016 FIFA U-17 Women's World Cup,host,Japan,2016 FIFA U-17 Women's World Cup
2016 FIFA U-17 Women's World Cup,numberOfTeams,16,2016 FIFA U-17 Women's World Cup
2016 FIFA U-17 Women's World Cup,previous,2014 FIFA U-17 Women's World Cup,2016 FIFA U-17 Women's World Cup
2016 FIFA U-17 Women's World Cup,next,2018 FIFA U-17 Women's World Cup,2016 FIFA U-17 Women's World Cup
2016 FIFA U-17 Women's World Cup,winner,North Korea,2016 FIFA U-17 Women's World Cup
2016 FIFA U-17 Women's World Cup,runner-up,Germany,2016 FIFA U-17 Women's World Cup
2016 FIFA U-17 Women's World Cup,thirdPlace,Japan,2016 FIFA U-17 Women's World Cup
2016 FIFA U-17 Women's World Cup,organizedBy,FIFA,2016 FIFA U-17 Women's World Cup
2019 AQ3,instanceOf,asteroid,2019 AQ3
2019 AQ3,discoveryDate,2019-01-02,2019 AQ3
2019 AQ3,diameter,1 kilometer,2019 AQ3
2019 AQ3,orbitalPeriod,450.4 days,2019 AQ3
2019 AQ3,perihelion,0.983 AU,2019 AQ3
2019 AQ3,aphelion,1.017 AU,2019 AQ3
2019 AQ3,eccentricity,0.018,2019 AQ3
2019 AQ3,inclination,5.7 degrees,2019 AQ3
2019 AQ3,longitudeOfAscendingNode,301.6 degrees,2019 AQ3
2019 AQ3,argumentOfPerihelion,119.1 degrees,2019 AQ3
2019 AQ3,meanMotion,0.716 degrees/day,2019 AQ3
subject,predicate,object,Cartagena Cathedral
Cartagena Cathedral,instanceOf,cathedral,Cartagena Cathedral
Cartagena Cathedral,locatedIn,"Cartagena, Colombia",Cartagena Cathedral
Cartagena Cathedral,dedicatedTo,Our Lady of the Assumption,Cartagena Cathedral
Cartagena Cathedral,architect,Fernando González Forero,Cartagena Cathedral
Cartagena Cathedral,architect,Esteban de las Heras,Cartagena Cathedral
Cartagena Cathedral,constructionStarted,1747,Cartagena Cathedral
Cartagena Cathedral,constructionCompleted,1802,Cartagena Cathedral
Cartagena Cathedral,partOf,Roman Catholic Diocese of Cartagena,Cartagena Cathedral
Cartagena Cathedral,style,Baroque,Cartagena Cathedral
Cartagena Cathedral,material,limestone,Cartagena Cathedral
Cartagena Cathedral,hasTower,tower,Cartagena Cathedral
Cartagena Cathedral,hasSpire,spire,Cartagena Cathedral
Cartagena Cathedral,protectedBy,UNESCO,Cartagena Cathedral
Cartagena Cathedral,addedToUnescoList,1987,Cartagena Cathedral
"Milbank Arms, Barningham",instanceOf,Public House,"Milbank Arms, Barningham"
"Milbank Arms, Barningham",locatedIn,Barningham,"Milbank Arms, Barningham"
"Milbank Arms, Barningham",hasLocation,England,"Milbank Arms, Barningham"
"Milbank Arms, Barningham",hasLocation,United Kingdom,"Milbank Arms, Barningham"
"Milbank Arms, Barningham",isAffiliatedWith,Milbank,"Milbank Arms, Barningham"
subject,predicate,object,2012 World Junior Ice Hockey Championships
subject,predicate,object,Forever (Bon Jovi album)
WeTransfer,instanceOf,file sharing service,WeTransfer
WeTransfer,instanceOf,company,WeTransfer
WeTransfer,foundedBy,Rutger Beijderwellen,WeTransfer
WeTransfer,foundedBy,Joris Voormans,WeTransfer
WeTransfer,foundedBy,Maarten Maarse,WeTransfer
WeTransfer,headquarteredIn,Netherlands,WeTransfer
WeTransfer,foundedIn,2006,WeTransfer
WeTransfer,offers,file transfer,WeTransfer
WeTransfer,offers,file sharing,WeTransfer
WeTransfer,supports,large file transfer,WeTransfer
WeTransfer,hasFeature,encryption,WeTransfer
WeTransfer,hasFeature,password protection,WeTransfer
WeTransfer,usedBy,individuals,WeTransfer
WeTransfer,usedBy,businesses,WeTransfer
WeTransfer,partnerOf,various companies,WeTransfer
WeTransfer,hasUserBase,over 500 million,WeTransfer
WeTransfer,transferred,over 1 exabyte,WeTransfer
WeTransfer,availableIn,multiple languages,WeTransfer
WeTransfer,availableIn,over 180 countries,WeTransfer
Rodriguésia (journal),instanceOf,scientific journal,Rodriguésia (journal)
Rodriguésia (journal),publisher,Instituto de Pesquisas Jardim Botânico do Rio de Janeiro,Rodriguésia (journal)
Rodriguésia (journal),language,Portuguese,Rodriguésia (journal)
Rodriguésia (journal),subject,botany,Rodriguésia (journal)
Rodriguésia (journal),ISSN,0080-5231,Rodriguésia (journal)
Rodriguésia (journal),inception,1940,Rodriguésia (journal)
Rodriguésia (journal),title,Rodriguésia,Rodriguésia (journal)
subject,predicate,object,Nuraghe Genna Maria
Zapolyariye,instanceOf,urban-type settlement,Zapolyariye
Zapolyariye,locatedIn,Russia,Zapolyariye
Zapolyariye,locatedIn,Murmansk Oblast,Zapolyariye
Zapolyariye,locatedIn,Kola Peninsula,Zapolyariye
Zapolyariye,hasPopulation,"15,000",Zapolyariye
Zapolyariye,isPartOf,Severomorsk Urban Okrug,Zapolyariye
Zapolyariye,hasArea,59.3,Zapolyariye
Zapolyariye,locatedNear,Severomorsk,Zapolyariye
Zapolyariye,locatedNear,Murmansk,Zapolyariye
Zapolyariye,hasElevation,10,Zapolyariye
subject,predicate,object,Saxton Oval
Park Ji-hyun (curler),instanceOf,human,Park Ji-hyun (curler)
Park Ji-hyun (curler),hasOccupation,curler,Park Ji-hyun (curler)
Park Ji-hyun (curler),playsSport,curling,Park Ji-hyun (curler)
Park Ji-hyun (curler),isKorean,true,Park Ji-hyun (curler)
Park Ji-hyun (curler),competedIn,2018 Winter Olympics,Park Ji-hyun (curler)
Park Ji-hyun (curler),competedIn,2018 Korean National Curling Championships,Park Ji-hyun (curler)
Park Ji-hyun (curler),memberOf,Korean national curling team,Park Ji-hyun (curler)
Park Ji-hyun (curler),hasDateOfBirth,1992-02-09,Park Ji-hyun (curler)
Park Ji-hyun (curler),throws,second stone,Park Ji-hyun (curler)
Durga Shanker Mishra,instanceOf,Person,Durga Shanker Mishra
Durga Shanker Mishra,occupation,civil servant,Durga Shanker Mishra
Durga Shanker Mishra,position,IAS officer,Durga Shanker Mishra
Durga Shanker Mishra,chief secretary,Uttarakhand,Durga Shanker Mishra
Durga Shanker Mishra,cadre,Uttarakhand cadre,Durga Shanker Mishra
Misfat al Abriyeen,instanceOf,human settlement,Misfat al Abriyeen
Misfat al Abriyeen,locatedIn,Syria,Misfat al Abriyeen
Misfat al Abriyeen,locatedIn,Homs Governorate,Misfat al Abriyeen
Misfat al Abriyeen,isPartOf,Homs District,Misfat al Abriyeen
Misfat al Abriyeen,isPartOf,Syrian Desert,Misfat al Abriyeen
subject,predicate,object,Ohio State Route 292
subject,predicate,object,Großkrotzenburg
Großkrotzenburg,instanceOf,Municipality,Großkrotzenburg
Großkrotzenburg,locatedIn,Hessen,Großkrotzenburg
Großkrotzenburg,locatedIn,Germany,Großkrotzenburg
Großkrotzenburg,hasPopulation,2151,Großkrotzenburg
Großkrotzenburg,isPartOf,Main-Kinzig-Kreis,Großkrotzenburg
Großkrotzenburg,hasArea,21.4,Großkrotzenburg
Großkrotzenburg,hasElevation,125,Großkrotzenburg
Großkrotzenburg,neighborOf,Kahl am Main,Großkrotzenburg
Großkrotzenburg,neighborOf,Karlstein am Main,Großkrotzenburg
Großkrotzenburg,hasTwinCity,Brezno,Großkrotzenburg
Gaspar de Bono,instanceOf,Person,Gaspar de Bono
Gaspar de Bono,birthDate,1590-01-01,Gaspar de Bono
Gaspar de Bono,deathDate,1594-07-28,Gaspar de Bono
Gaspar de Bono,birthPlace,"Troncozo, Spain",Gaspar de Bono
Gaspar de Bono,nationality,Spanish,Gaspar de Bono
Gaspar de Bono,occupation,Catholic priest,Gaspar de Bono
Gaspar de Bono,knownFor,Bishop of Ugent,Gaspar de Bono
Gaspar de Bono,ordainedAs,Bishop,Gaspar de Bono
Gaspar de Bono,diocese,Diocese of Ugent,Gaspar de Bono
Gaspar de Bono,endDate,1594,Gaspar de Bono
2012 Stockport Metropolitan Borough Council election,instanceOf,local election,2012 Stockport Metropolitan Borough Council election
2012 Stockport Metropolitan Borough Council election,partOf,2012 United Kingdom local elections,2012 Stockport Metropolitan Borough Council election
2012 Stockport Metropolitan Borough Council election,location,Stockport,2012 Stockport Metropolitan Borough Council election
2012 Stockport Metropolitan Borough Council election,startDate,2012-05-03,2012 Stockport Metropolitan Borough Council election
2012 Stockport Metropolitan Borough Council election,endDate,2012-05-03,2012 Stockport Metropolitan Borough Council election
2012 Stockport Metropolitan Borough Council election,numberOfSeats,63,2012 Stockport Metropolitan Borough Council election
2012 Stockport Metropolitan Borough Council election,electorate,"161,416",2012 Stockport Metropolitan Borough Council election
2012 Stockport Metropolitan Borough Council election, turnout,33.2%,2012 Stockport Metropolitan Borough Council election
Labour Party (UK),won,2012 Stockport Metropolitan Borough Council election,2012 Stockport Metropolitan Borough Council election
2012 Stockport Metropolitan Borough Council election,hasResult,2012 Stockport Metropolitan Borough Council election results,2012 Stockport Metropolitan Borough Council election
Tony Ford (rugby league),instanceOf,Human,Tony Ford (rugby league)
Tony Ford (rugby league),birthPlace,Australia,Tony Ford (rugby league)
Tony Ford (rugby league),occupation,Rugby league player,Tony Ford (rugby league)
Tony Ford (rugby league),plays,Scrum-half,Tony Ford (rugby league)
Tony Ford (rugby league),nationalTeam,Australia national rugby league team,Tony Ford (rugby league)
Tony Ford (rugby league),nationalTeam,New South Wales,Tony Ford (rugby league)
Tony Ford (rugby league),team,Sydney Roosters,Tony Ford (rugby league)
Tony Ford (rugby league),team,Canberra Raiders,Tony Ford (rugby league)
Tony Ford (rugby league),competition,NSWRL,Tony Ford (rugby league)
Tony Ford (rugby league),competition,AARL,Tony Ford (rugby league)
Dunfermline and Dollar,instanceOf,UK Parliament constituency,Dunfermline and Dollar
Dunfermline and Dollar,location,Scotland,Dunfermline and Dollar
Dunfermline and Dollar,contains,Dunfermline,Dunfermline and Dollar
Dunfermline and Dollar,contains,Dollar,Dunfermline and Dollar
Dunfermline and Dollar,replaced,Dunfermline West,Dunfermline and Dollar
Dunfermline and Dollar,replaced,Dunfermline East,Dunfermline and Dollar
Dunfermline and Dollar,replaced,Clackmannan and Kinross,Dunfermline and Dollar
Dunfermline and Dollar,hasLeader,Charles Kennedy,Dunfermline and Dollar
Dunfermline and Dollar,elects,Member of Parliament,Dunfermline and Dollar
Dunfermline and Dollar,isPartOf,Fife,Dunfermline and Dollar
Dunfermline and Dollar,isPartOf,Clackmannanshire,Dunfermline and Dollar
Dunfermline and Dollar,existsIn,United Kingdom,Dunfermline and Dollar
Alicia Rodríguez (Spanish actress),instanceOf,Human,Alicia Rodríguez (Spanish actress)
Alicia Rodríguez (Spanish actress),instanceOf,Actor,Alicia Rodríguez (Spanish actress)
Alicia Rodríguez (Spanish actress),nationality,Spanish,Alicia Rodríguez (Spanish actress)
Alicia Rodríguez (Spanish actress),sex,Female,Alicia Rodríguez (Spanish actress)
Alicia Rodríguez (Spanish actress),occupation,Actress,Alicia Rodríguez (Spanish actress)
Alicia Rodríguez (Spanish actress),hasRole,Film actress,Alicia Rodríguez (Spanish actress)
Alicia Rodríguez (Spanish actress),hasRole,Television actress,Alicia Rodríguez (Spanish actress)
Alicia Rodríguez (Spanish actress),activeYears,1990s-present,Alicia Rodríguez (Spanish actress)
subject,predicate,object,Lesser amberjack
subject,predicate,object,Chengdu J-20
subject,predicate,object,North Central Hardwood Forests
2010–11 Kent State Golden Flashes men's basketball team,instanceOf,basketball team,2010–11 Kent State Golden Flashes men's basketball team
2010–11 Kent State Golden Flashes men's basketball team,partOf,2010-11 NCAA Division I men's basketball season,2010–11 Kent State Golden Flashes men's basketball team
2010–11 Kent State Golden Flashes men's basketball team,league,NCAA Division I,2010–11 Kent State Golden Flashes men's basketball team
2010–11 Kent State Golden Flashes men's basketball team,conference,Mid-American Conference,2010–11 Kent State Golden Flashes men's basketball team
2010–11 Kent State Golden Flashes men's basketball team,headCoach,Rob Smith,2010–11 Kent State Golden Flashes men's basketball team
2010–11 Kent State Golden Flashes men's basketball team,arena,Memorial Athletic Convocation Center,2010–11 Kent State Golden Flashes men's basketball team
Robert Hurley (swimmer),instanceOf,Human,Robert Hurley (swimmer)
Robert Hurley (swimmer),instanceOf,Athlete,Robert Hurley (swimmer)
Robert Hurley (swimmer),instanceOf,Swimmer,Robert Hurley (swimmer)
Robert Hurley (swimmer),birthDate,1969-04-19,Robert Hurley (swimmer)
Robert Hurley (swimmer),nationality,Australian,Robert Hurley (swimmer)
Robert Hurley (swimmer),competedIn,1992 Summer Olympics,Robert Hurley (swimmer)
Robert Hurley (swimmer),competedIn,1996 Summer Olympics,Robert Hurley (swimmer)
Robert Hurley (swimmer),competedIn,2000 Summer Olympics,Robert Hurley (swimmer)
Robert Hurley (swimmer),sport,Swimming,Robert Hurley (swimmer)
Robert Hurley (swimmer),event,Freestyle swimming,Robert Hurley (swimmer)
subject,predicate,object,Deool Band
Deool Band,instanceOf,Film,Deool Band
Deool Band,genre,Comedy,Deool Band
Deool Band,genre,Drama,Deool Band
Deool Band,director,Girish Khedekar,Deool Band
Deool Band,starring,Mukesh Rishi,Deool Band
Deool Band,starring,Sanjivani,Deool Band
Deool Band,starring,Tanuja Chitale,Deool Band
Deool Band,releaseDate,2013-11-29,Deool Band
Deool Band,language,Marathi,Deool Band
Deool Band,country,India,Deool Band
subject,predicate,object,Rådmandsgade
Black-capped foliage-gleaner,instanceOf,Species,Black-capped foliage-gleaner
Black-capped foliage-gleaner,class,Aves,Black-capped foliage-gleaner
Black-capped foliage-gleaner,order,Passeriformes,Black-capped foliage-gleaner
Black-capped foliage-gleaner,family,Furnariidae,Black-capped foliage-gleaner
Black-capped foliage-gleaner,genus,Sylviorthorhynchus,Black-capped foliage-gleaner
Black-capped foliage-gleaner,scientificName,Sylviorthorhynchus desmopterus,Black-capped foliage-gleaner
Black-capped foliage-gleaner,habitat,Tropical moist montane forests,Black-capped foliage-gleaner
Black-capped foliage-gleaner,distribution,Ecuador,Black-capped foliage-gleaner
Black-capped foliage-gleaner,distribution,Colombia,Black-capped foliage-gleaner
Black-capped foliage-gleaner,conservationStatus,Least Concern,Black-capped foliage-gleaner
Historical Dictionary Project of the Hebrew Language,instanceOf,dictionary project,Historical Dictionary Project of the Hebrew Language
Historical Dictionary Project of the Hebrew Language,focusesOn,Hebrew language,Historical Dictionary Project of the Hebrew Language
Historical Dictionary Project of the Hebrew Language,undertakenBy,Academy of the Hebrew Language,Historical Dictionary Project of the Hebrew Language
Historical Dictionary Project of the Hebrew Language,aimsTo,document historical development of Hebrew,Historical Dictionary Project of the Hebrew Language
Historical Dictionary Project of the Hebrew Language,publishedBy,Academy of the Hebrew Language,Historical Dictionary Project of the Hebrew Language
Historical Dictionary Project of the Hebrew Language,beganIn,1970s,Historical Dictionary Project of the Hebrew Language
Historical Dictionary Project of the Hebrew Language,hasScope,covering several centuries,Historical Dictionary Project of the Hebrew Language
Historical Dictionary Project of the Hebrew Language,features,etymologies,Historical Dictionary Project of the Hebrew Language
Historical Dictionary Project of the Hebrew Language,features,examples,Historical Dictionary Project of the Hebrew Language
Historical Dictionary Project of the Hebrew Language,features,quotations,Historical Dictionary Project of the Hebrew Language
Aleš Dryml Sr.,instanceOf,Human,Aleš Dryml Sr.
Aleš Dryml Sr.,givenName,Aleš,Aleš Dryml Sr.
Aleš Dryml Sr.,familyName,Dryml,Aleš Dryml Sr.
Aleš Dryml Sr.,birthName,Aleš Dryml,Aleš Dryml Sr.
Aleš Dryml Sr.,isMarriedTo,Zdenka Drymlová,Aleš Dryml Sr.
Aleš Dryml Sr.,hasChild,Aleš Dryml Jr.,Aleš Dryml Sr.
Aleš Dryml Sr.,hasChild,Marek Dryml,Aleš Dryml Sr.
Aleš Dryml Sr.,hasChild,David Dryml,Aleš Dryml Sr.
Aleš Dryml Sr.,occupation,Tram driver,Aleš Dryml Sr.
Aleš Dryml Sr.,residence,Czech Republic,Aleš Dryml Sr.
subject,predicate,object,"Wanderson (footballer, born 1980)"
subject,predicate,object,Études (journal)
National Route 306 (Costa Rica),instanceOf,Route,National Route 306 (Costa Rica)
National Route 306 (Costa Rica),locatedIn,Costa Rica,National Route 306 (Costa Rica)
National Route 306 (Costa Rica),partOf,National Highway System of Costa Rica,National Route 306 (Costa Rica)
National Route 306 (Costa Rica),type,National Route,National Route 306 (Costa Rica)
National Route 306 (Costa Rica),number,306,National Route 306 (Costa Rica)
National Route 306 (Costa Rica),country,Costa Rica,National Route 306 (Costa Rica)
subject,predicate,object,HSC Winnipeg Children's Hospital
"Friary Church of St Francis and St Anthony, Crawley",instanceOf,church,"Friary Church of St Francis and St Anthony, Crawley"
"Friary Church of St Francis and St Anthony, Crawley",location,Crawley,"Friary Church of St Francis and St Anthony, Crawley"
"Friary Church of St Francis and St Anthony, Crawley",dedication,St Francis,"Friary Church of St Francis and St Anthony, Crawley"
"Friary Church of St Francis and St Anthony, Crawley",dedication,St Anthony,"Friary Church of St Francis and St Anthony, Crawley"
"Friary Church of St Francis and St Anthony, Crawley",architecturalStyle,Gothic Revival,"Friary Church of St Francis and St Anthony, Crawley"
"Friary Church of St Francis and St Anthony, Crawley",religiousOrder,Franciscan Order,"Friary Church of St Francis and St Anthony, Crawley"
"Friary Church of St Francis and St Anthony, Crawley",diocese,Roman Catholic Diocese of Arundel and Brighton,"Friary Church of St Francis and St Anthony, Crawley"
"Friary Church of St Francis and St Anthony, Crawley",hasDenomination,Roman Catholic,"Friary Church of St Francis and St Anthony, Crawley"
"Friary Church of St Francis and St Anthony, Crawley",isPartOf,West Sussex,"Friary Church of St Francis and St Anthony, Crawley"
"Friary Church of St Francis and St Anthony, Crawley",hasArchitect,W. D. Carver,"Friary Church of St Francis and St Anthony, Crawley"
Songpyong-guyok,instanceOf,guyok,Songpyong-guyok
Songpyong-guyok,locatedIn,Pyongyang,Songpyong-guyok
Songpyong-guyok,partOf,Pyongyang,Songpyong-guyok
Songpyong-guyok,isA,Administrative subdivision,Songpyong-guyok
Salmo ciscaucasicus,instanceOf,Species,Salmo ciscaucasicus
Salmo ciscaucasicus,subclassOf,Salmo,Salmo ciscaucasicus
Salmo ciscaucasicus,commonName,Ciscaucasian salmon,Salmo ciscaucasicus
Salmo ciscaucasicus,taxonomicRank,species,Salmo ciscaucasicus
Salmo ciscaucasicus,family,Salmonidae,Salmo ciscaucasicus
Salmo ciscaucasicus,genus,Salmo,Salmo ciscaucasicus
Salmo ciscaucasicus, kingdom,Animalia,Salmo ciscaucasicus
Salmo ciscaucasicus,phylum,Chordata,Salmo ciscaucasicus
Salmo ciscaucasicus,class,Actinopterygii,Salmo ciscaucasicus
Salmo ciscaucasicus,order,Salmoniformes,Salmo ciscaucasicus
subject,predicate,object,Arp 273
subject,predicate,object,2–8a Rutland Gate
Kapantay Ay Langit (film),instanceOf,film,Kapantay Ay Langit (film)
Kapantay Ay Langit (film),title,Kapantay Ay Langit,Kapantay Ay Langit (film)
Kapantay Ay Langit (film),director,Andoy Ranay,Kapantay Ay Langit (film)
Kapantay Ay Langit (film),starring,Enchong Dee,Kapantay Ay Langit (film)
Kapantay Ay Langit (film),starring,Andoy Ranay,Kapantay Ay Langit (film)
Kapantay Ay Langit (film),starring,Yassi Pressley,Kapantay Ay Langit (film)
Kapantay Ay Langit (film),releaseDate,2001,Kapantay Ay Langit (film)
Kapantay Ay Langit (film),genre,drama,Kapantay Ay Langit (film)
Kapantay Ay Langit (film),genre,romance,Kapantay Ay Langit (film)
Kapantay Ay Langit (film),country,Philippines,Kapantay Ay Langit (film)
subject,predicate,object,Chief Justice of Hungary
subject,predicate,object,Qihoo 360
subject,predicate,object,Armadillidae
subject,predicate,object,Haris Hajradinović
Haris Hajradinović,instanceOf,Bosnian footballer,Haris Hajradinović
Haris Hajradinović,birthDate,1994-02-20,Haris Hajradinović
Haris Hajradinović,plays,midfielder,Haris Hajradinović
Haris Hajradinović,playsFor,Kayserispor,Haris Hajradinović
Haris Hajradinović,playsFor,Akhmat Grozny,Haris Hajradinović
Haris Hajradinović,nationality,Bosnia and Herzegovina,Haris Hajradinović
Haris Hajradinović,position,midfielder,Haris Hajradinović
Haris Hajradinović,transferFrom,Akhmat Grozny,Haris Hajradinović
Haris Hajradinović,transferTo,Kayserispor,Haris Hajradinović
Haris Hajradinović,hasNumberOfAppearances,34,Haris Hajradinović
Haris Hajradinović,hasNumberOfGoals,3,Haris Hajradinović
Haris Hajradinović,transferFee,500000,Haris Hajradinović
Haris Hajradinović,transferDate,2019-07-01,Haris Hajradinović
HMS Reindeer (1883),instanceOf,torpedo boat,HMS Reindeer (1883)
HMS Reindeer (1883),isPartOf,Royal Navy,HMS Reindeer (1883)
HMS Reindeer (1883),commissionedIn,1883,HMS Reindeer (1883)
HMS Reindeer (1883),decommissionedIn,1905,HMS Reindeer (1883)
HMS Reindeer (1883),shipDisplacement,435 tons,HMS Reindeer (1883)
HMS Reindeer (1883),shipLength,188 feet,HMS Reindeer (1883)
HMS Reindeer (1883),shipBeam,18 feet,HMS Reindeer (1883)
HMS Reindeer (1883),shipDraft,8 feet,HMS Reindeer (1883)
HMS Reindeer (1883),shipSpeed,26 knots,HMS Reindeer (1883)
Trimbach railway station,instanceOf,railway station,Trimbach railway station
Trimbach railway station,locatedIn,Switzerland,Trimbach railway station
Trimbach railway station,locatedIn,Solothurn canton,Trimbach railway station
Trimbach railway station,isServicedBy,Aare Seeland mobil,Trimbach railway station
Trimbach railway station,hasElevation,277 m,Trimbach railway station
Trimbach railway station,hasTracks,2,Trimbach railway station
Trimbach railway station,isLocatedIn,Trimbach municipality,Trimbach railway station
subject,predicate,object,Syzygium bungadinnia
Sales (band),instanceOf,Band,Sales (band)
Sales (band),genre,Jazz,Sales (band)
Sales (band),genre,Pop,Sales (band)
Sales (band),activeYears,2010s,Sales (band)
Sales (band),member,Jordan Sales,Sales (band)
Sales (band),member,Mike Sales,Sales (band)
Sales (band),member,Emma Sales,Sales (band)
Sales (band),instrument,Guitar,Sales (band)
Sales (band),instrument,Bass,Sales (band)
Sales (band),instrument,Drums,Sales (band)
Sales (band),recordLabel,Universal Music,Sales (band)
Sales (band),discography,Sales (EP),Sales (band)
Sales (band),discography,Magic (Album),Sales (band)
Glières-Val-de-Borne,instanceOf,commune of France,Glières-Val-de-Borne
Glières-Val-de-Borne,locatedIn,Haute-Savoie,Glières-Val-de-Borne
Glières-Val-de-Borne,locatedIn,Auvergne-Rhône-Alpes,Glières-Val-de-Borne
Glières-Val-de-Borne,capital,Le-Contamine-sur-Thouet,Glières-Val-de-Borne
Glières-Val-de-Borne,hasPart,Bonneville,Glières-Val-de-Borne
Glières-Val-de-Borne,hasPart,Le-Contamine-sur-Thouet,Glières-Val-de-Borne
Glières-Val-de-Borne,hasPart,Le-Haut-Bonneville,Glières-Val-de-Borne
Glières-Val-de-Borne,hasPart,La-Roche-sur-Bonneville,Glières-Val-de-Borne
Glières-Val-de-Borne,hasPart,Saint-Thoiseau,Glières-Val-de-Borne
Glières-Val-de-Borne,population,1851,Glières-Val-de-Borne
Glières-Val-de-Borne,area,120.58,Glières-Val-de-Borne
subject,predicate,object,Wimalaratne Kumaragama
Line S4 (Milan suburban railway service),instanceOf,Railway line,Line S4 (Milan suburban railway service)
Line S4 (Milan suburban railway service),locatedIn,Milan,Line S4 (Milan suburban railway service)
Line S4 (Milan suburban railway service),partOf,Milan suburban railway,Line S4 (Milan suburban railway service)
Line S4 (Milan suburban railway service),terminus,Milan Rogoredo railway station,Line S4 (Milan suburban railway service)
Line S4 (Milan suburban railway service),terminus,Albairate-Vanacone railway station,Line S4 (Milan suburban railway service)
Line S4 (Milan suburban railway service),operator,Trenord,Line S4 (Milan suburban railway service)
Line S4 (Milan suburban railway service),serviceType,Commuter rail,Line S4 (Milan suburban railway service)
Line S4 (Milan suburban railway service),railwayTrafficSide,Left,Line S4 (Milan suburban railway service)
Line S4 (Milan suburban railway service),numberOfTracks,2,Line S4 (Milan suburban railway service)
Line S4 (Milan suburban railway service),electrified,Yes,Line S4 (Milan suburban railway service)
Line S4 (Milan suburban railway service),length,13 km,Line S4 (Milan suburban railway service)
subject,predicate,object,Broch of Culswick
subject,predicate,object,Telefónica Argentina
subject,predicate,object,Saxifraga rufescens
Municipality of Izola,instanceOf,Municipality,Municipality of Izola
Municipality of Izola,locatedIn,Slovenia,Municipality of Izola
Municipality of Izola,hasPart,Izola,Municipality of Izola
Municipality of Izola,hasPart,Malija,Municipality of Izola
Municipality of Izola,hasPart,Polana,Municipality of Izola
Municipality of Izola,capital,Izola,Municipality of Izola
Municipality of Izola,locatedIn,Istria County,Municipality of Izola
Municipality of Izola,population,"approximately 5,900",Municipality of Izola
Municipality of Izola,area,38.0 km²,Municipality of Izola
Municipality of Izola,mayor,Uroš Tone,Municipality of Izola
Municipality of Izola,officialLanguage,Slovenian,Municipality of Izola
Municipality of Izola,timezone,CET,Municipality of Izola
Desmodus draculae,instanceOf,species,Desmodus draculae
Desmodus draculae,subclassOf,Desmodus,Desmodus draculae
Desmodus draculae,commonName,Drakula bat,Desmodus draculae
Desmodus draculae,taxonomicRank,species,Desmodus draculae
Desmodus draculae,family,Phyllostomidae,Desmodus draculae
Desmodus draculae,genus,Desmodus,Desmodus draculae
Desmodus draculae,distribution,South America,Desmodus draculae
Desmodus draculae,distribution,Ecuador,Desmodus draculae
Desmodus draculae,distribution,Peru,Desmodus draculae
Desmodus draculae,diet,blood,Desmodus draculae
Casey Crawford (American football),instanceOf,American football player,Casey Crawford (American football)
Casey Crawford (American football),position,Defensive end,Casey Crawford (American football)
Casey Crawford (American football),position,Defensive tackle,Casey Crawford (American football)
Casey Crawford (American football),college,University of Virginia,Casey Crawford (American football)
Casey Crawford (American football),birthDate,1983-04-29,Casey Crawford (American football)
Casey Crawford (American football),draftYear,2007,Casey Crawford (American football)
Casey Crawford (American football),draftRound,6,Casey Crawford (American football)
Casey Crawford (American football),draftPick,191,Casey Crawford (American football)
Casey Crawford (American football),draftTeam,Tennessee Titans,Casey Crawford (American football)
Casey Crawford (American football),playedFor,Tennessee Titans,Casey Crawford (American football)
Casey Crawford (American football),playedFor,Virginia Destroyers,Casey Crawford (American football)
Casey Crawford (American football),playedFor,Florida Blizzard,Casey Crawford (American football)
subject,predicate,object,"Lille Kamøya, Nordkapp"
subject,predicate,object,Esporte Clube São Luiz
Esporte Clube São Luiz,instanceOf,Football Club,Esporte Clube São Luiz
Esporte Clube São Luiz,locatedIn,Brazil,Esporte Clube São Luiz
Esporte Clube São Luiz,locatedIn,Rio Grande do Sul,Esporte Clube São Luiz
Esporte Clube São Luiz,plays,Gaúcho 1,Esporte Clube São Luiz
Esporte Clube São Luiz,plays,Brazilian football league system,Esporte Clube São Luiz
Esporte Clube São Luiz,hasLeagueTitles,1,Esporte Clube São Luiz
Esporte Clube São Luiz,founded,1918-04-26,Esporte Clube São Luiz
Esporte Clube São Luiz,teamSponsor,Banrisul,Esporte Clube São Luiz
subject,predicate,object,West Thurrock Lagoon and Marshes
subject,predicate,object,"Alan Franco (footballer, born 1996)"
Black-throated magpie-jay,instanceOf,Species,Black-throated magpie-jay
Black-throated magpie-jay,subclassOf,Magpie-jay,Black-throated magpie-jay
Black-throated magpie-jay,hasScientificName,Calocitta melanoleuca,Black-throated magpie-jay
Black-throated magpie-jay,hasCommonName,Black-throated magpie-jay,Black-throated magpie-jay
Black-throated magpie-jay,foundIn,Mexico,Black-throated magpie-jay
Black-throated magpie-jay,foundIn,United States,Black-throated magpie-jay
Black-throated magpie-jay,habitat,Tropical forest,Black-throated magpie-jay
Black-throated magpie-jay,habitat,Subtropical forest,Black-throated magpie-jay
Black-throated magpie-jay,diet,Insects,Black-throated magpie-jay
Black-throated magpie-jay,diet,Fruits,Black-throated magpie-jay
Black-throated magpie-jay,diet,Nuts,Black-throated magpie-jay
Black-throated magpie-jay,behaviour,Social,Black-throated magpie-jay
Black-throated magpie-jay,behaviour,Omnivorous,Black-throated magpie-jay
subject,predicate,object,José María Oriol Urquijo
"Baranovka, Narimanovsky District, Astrakhan Oblast",instanceOf,locality,"Baranovka, Narimanovsky District, Astrakhan Oblast"
"Baranovka, Narimanovsky District, Astrakhan Oblast",locatedIn,Narimanovsky District,"Baranovka, Narimanovsky District, Astrakhan Oblast"
"Baranovka, Narimanovsky District, Astrakhan Oblast",locatedIn,Astrakhan Oblast,"Baranovka, Narimanovsky District, Astrakhan Oblast"
"Baranovka, Narimanovsky District, Astrakhan Oblast",hasPopulation, fewer than 1000,"Baranovka, Narimanovsky District, Astrakhan Oblast"
"Baranovka, Narimanovsky District, Astrakhan Oblast",isPartOf,Russia,"Baranovka, Narimanovsky District, Astrakhan Oblast"
subject,predicate,object,Masum Khan (cricketer)
Chestnut-and-black weaver,instanceOf,bird,Chestnut-and-black weaver
Chestnut-and-black weaver,instanceOf,Ploceus,Chestnut-and-black weaver
Chestnut-and-black weaver,subspecies,Ploceus maholi,Chestnut-and-black weaver
Le Bal (novella),instanceOf,novella,Le Bal (novella)
Le Bal (novella),author,Guillaume Hanoteaux,Le Bal (novella)
Le Bal (novella),publishedIn,Mercure de France,Le Bal (novella)
Le Bal (novella),language,French,Le Bal (novella)
Le Bal (novella),genre,literary work,Le Bal (novella)
subject,predicate,object,Remscheid Hauptbahnhof
Research in Developmental Disabilities,instanceOf,Academic Journal,Research in Developmental Disabilities
Research in Developmental Disabilities,publisher,Elsevier,Research in Developmental Disabilities
Research in Developmental Disabilities,ISSN,0188-4446,Research in Developmental Disabilities
Research in Developmental Disabilities,impactFactor,2.357,Research in Developmental Disabilities
Research in Developmental Disabilities,subjectArea,Psychology,Research in Developmental Disabilities
Research in Developmental Disabilities,subjectArea,Neuroscience,Research in Developmental Disabilities
Research in Developmental Disabilities,coversTopics,Developmental Disabilities,Research in Developmental Disabilities
Research in Developmental Disabilities,coversTopics,Neurodevelopmental Disorders,Research in Developmental Disabilities
Research in Developmental Disabilities,website,https://www.journals.elsevier.com/research-in-developmental-disabilities/,Research in Developmental Disabilities
Serious Sam,instanceOf,video game series,Serious Sam
Serious Sam,instanceOf,Croteam,Serious Sam
Serious Sam,developed by,Croteam,Serious Sam
Serious Sam,publisher,Sierra Entertainment,Serious Sam
Serious Sam,genre,first-person shooter,Serious Sam
Serious Sam,release date,2002,Serious Sam
Serious Sam,platform,Microsoft Windows,Serious Sam
Serious Sam,platform,Xbox,Serious Sam
Serious Sam,platform,Linux,Serious Sam
Serious Sam,platform,macOS,Serious Sam
Serious Sam,follows,Serious Sam HD,Serious Sam
Serious Sam,followed by,Serious Sam 2,Serious Sam
Serious Sam HD,part of,Serious Sam,Serious Sam
Serious Sam 2,part of,Serious Sam,Serious Sam
Serious Sam: The First Encounter,part of,Serious Sam,Serious Sam
Serious Sam: The Second Encounter,part of,Serious Sam,Serious Sam
Serious Sam: Revolution,part of,Serious Sam,Serious Sam
Serious Sam: The Dark Fortress,part of,Serious Sam,Serious Sam
Serious Sam Fusion,part of,Serious Sam,Serious Sam
Serious Sam: The Western Front,part of,Serious Sam,Serious Sam
subject,predicate,object,Anacamptis collina
House-Museum of Samad Vurgun,instanceOf,museum,House-Museum of Samad Vurgun
House-Museum of Samad Vurgun,locatedIn,Baku,House-Museum of Samad Vurgun
House-Museum of Samad Vurgun,dedicatedTo,Samad Vurgun,House-Museum of Samad Vurgun
House-Museum of Samad Vurgun,type,house-museum,House-Museum of Samad Vurgun
House-Museum of Samad Vurgun,established,1978,House-Museum of Samad Vurgun
House-Museum of Samad Vurgun,address,"Baku, Azerbaijan",House-Museum of Samad Vurgun
subject,predicate,object,BET Awards 2011
subject,predicate,object,"Sir Hugh Smith, 1st Baronet"
subject,predicate,object,Manolo Muñoz (footballer)
Felix Ua Duib Sláin,instanceOf,Irish Saint,Felix Ua Duib Sláin
Felix Ua Duib Sláin,died,825,Felix Ua Duib Sláin
Felix Ua Duib Sláin,isBishopOf,Clonard,Felix Ua Duib Sláin
Felix Ua Duib Sláin,isBishopOf,Clonmacnoise,Felix Ua Duib Sláin
subject,predicate,object,Kenneth Binmoeller
Kenneth Binmoeller,instanceOf,Catholic bishop,Kenneth Binmoeller
Kenneth Binmoeller,birthDate,1946-11-19,Kenneth Binmoeller
Kenneth Binmoeller,ordination,1972,Kenneth Binmoeller
Kenneth Binmoeller,ordination,1973,Kenneth Binmoeller
Kenneth Binmoeller,diocese,Roman Catholic Diocese of Oruro,Kenneth Binmoeller
Kenneth Binmoeller,title,Bishop of Oruro,Kenneth Binmoeller
Kenneth Binmoeller,nationality,American,Kenneth Binmoeller
subject,predicate,object,Ascanio della Corgna
subject,predicate,object,Giovanni Maria da Varano
subject,predicate,object,Shōmaru Station
subject,predicate,object,American College of Greece
subject,predicate,object,Voyant Tools
"Rodrigo Alonso (footballer, born 1982)",instanceOf,human,"Rodrigo Alonso (footballer, born 1982)"
"Rodrigo Alonso (footballer, born 1982)",hasBirthYear,1982,"Rodrigo Alonso (footballer, born 1982)"
"Rodrigo Alonso (footballer, born 1982)",hasBirthDate,1982-05-14,"Rodrigo Alonso (footballer, born 1982)"
"Rodrigo Alonso (footballer, born 1982)",plays,association football,"Rodrigo Alonso (footballer, born 1982)"
"Rodrigo Alonso (footballer, born 1982)",position,defender,"Rodrigo Alonso (footballer, born 1982)"
"Rodrigo Alonso (footballer, born 1982)",hasNationality,Argentine,"Rodrigo Alonso (footballer, born 1982)"
"Rodrigo Alonso (footballer, born 1982)",hasAlias,Rodrigo Alonso,"Rodrigo Alonso (footballer, born 1982)"
"Rodrigo Alonso (footballer, born 1982)",isA,footballer,"Rodrigo Alonso (footballer, born 1982)"
"Rodrigo Alonso (footballer, born 1982)",playsFor,Ferro Carril Oeste,"Rodrigo Alonso (footballer, born 1982)"
"Rodrigo Alonso (footballer, born 1982)",playsFor,Nueva Chicago,"Rodrigo Alonso (footballer, born 1982)"
"Rodrigo Alonso (footballer, born 1982)",playsFor,Sarmiento,"Rodrigo Alonso (footballer, born 1982)"
"Rodrigo Alonso (footballer, born 1982)",playsFor,Tigre,"Rodrigo Alonso (footballer, born 1982)"
"Rodrigo Alonso (footballer, born 1982)",playsFor,Chacarita Juniors,"Rodrigo Alonso (footballer, born 1982)"
subject,predicate,object,USS LST-952
Ife National Museum,instanceOf,Museum,Ife National Museum
Ife National Museum,locatedIn,Osun State,Ife National Museum
Ife National Museum,locatedIn,Nigeria,Ife National Museum
Ife National Museum,hasCollection,Nigerian art,Ife National Museum
Ife National Museum,hasCollection,Archaeological artifacts,Ife National Museum
Ife National Museum,hasCollection,Benin bronzes,Ife National Museum
Ife National Museum,established,1960,Ife National Museum
Ife National Museum,namedAfter,Ile-Ife,Ife National Museum
subject,predicate,object,Piponisiw River
Tingel-Tangel (1930 film),instanceOf,film,Tingel-Tangel (1930 film)
Tingel-Tangel (1930 film),publicationDate,1930,Tingel-Tangel (1930 film)
Tingel-Tangel (1930 film),director,Hanns Schwarz,Tingel-Tangel (1930 film)
Tingel-Tangel (1930 film),countryOfOrigin,Germany,Tingel-Tangel (1930 film)
Tingel-Tangel (1930 film),language,German,Tingel-Tangel (1930 film)
Tingel-Tangel (1930 film),genre,musical film,Tingel-Tangel (1930 film)
Tingel-Tangel (1930 film),cast,Hans Albers,Tingel-Tangel (1930 film)
Tingel-Tangel (1930 film),cast,Curt Bois,Tingel-Tangel (1930 film)
Tingel-Tangel (1930 film),cast,Charlotte Susa,Tingel-Tangel (1930 film)
Tingel-Tangel (1930 film), cinematography,Günther Krampf,Tingel-Tangel (1930 film)
subject,predicate,object,Sandaker senter tram stop
subject,predicate,object,Jatt & Juliet 2
Jatt & Juliet 2,instanceOf,film,Jatt & Juliet 2
Jatt & Juliet 2,partOf,Jatt & Juliet franchise,Jatt & Juliet 2
Jatt & Juliet 2,directedBy,Shashanka Ghosh,Jatt & Juliet 2
Jatt & Juliet 2,starring,Firass Dirani,Jatt & Juliet 2
Jatt & Juliet 2,starring,Neeru Boni,Jatt & Juliet 2
Jatt & Juliet 2,releasedOn,2013-08-16,Jatt & Juliet 2
Jatt & Juliet 2,countryOfOrigin,India,Jatt & Juliet 2
Jatt & Juliet 2,language,Punjabi,Jatt & Juliet 2
Jatt & Juliet 2,genre,romantic comedy,Jatt & Juliet 2
Jatt & Juliet 2,producer,Rohan Gera,Jatt & Juliet 2
Jatt & Juliet 2,productionCompany,Rohan Gera Productions,Jatt & Juliet 2
"Ternovoye, Podgorensky District, Voronezh Oblast",instanceOf,village,"Ternovoye, Podgorensky District, Voronezh Oblast"
"Ternovoye, Podgorensky District, Voronezh Oblast",locatedIn,Podgorensky District,"Ternovoye, Podgorensky District, Voronezh Oblast"
"Ternovoye, Podgorensky District, Voronezh Oblast",locatedIn,Voronezh Oblast,"Ternovoye, Podgorensky District, Voronezh Oblast"
"Ternovoye, Podgorensky District, Voronezh Oblast",partOf,Russia,"Ternovoye, Podgorensky District, Voronezh Oblast"
subject,predicate,object,"Borisoglebsky, Murmansk Oblast"
subject,predicate,object,China Railway CR400AF
Wendy Mogel,instanceOf,Person,Wendy Mogel
Wendy Mogel,birthDate,1946,Wendy Mogel
Wendy Mogel,birthPlace,United States,Wendy Mogel
Wendy Mogel,residence,United States,Wendy Mogel
Wendy Mogel,occupation,Clinical Psychologist,Wendy Mogel
Wendy Mogel,occupation,Author,Wendy Mogel
Wendy Mogel,authorOf,The Blessings of a B-Minus,Wendy Mogel
Wendy Mogel,authorOf,The Push,Wendy Mogel
Wendy Mogel,authorOf,Raising Resilient Children,Wendy Mogel
Wendy Mogel,spouse,Alvin Mogel,Wendy Mogel
subject,predicate,object,Claude Théodore Decaen
Andromeda Star,instanceOf,Star,Andromeda Star
Andromeda Star,locatedIn,Andromeda Galaxy,Andromeda Star
Andromeda Star,hasMass,solar mass,Andromeda Star
Andromeda Star,hasRadius,solar radius,Andromeda Star
Andromeda Star,isLuminous,true,Andromeda Star
Andromeda Star,hasSurfaceTemperature,Kelvin,Andromeda Star
Andromeda Star,isPartOf,Andromeda Galaxy,Andromeda Star
Andromeda Star,hasAge,billion years,Andromeda Star
Andromeda Star,isVisible,true,Andromeda Star
Andromeda Star,hasBrightness,apparent magnitude,Andromeda Star
1996 EA Generali Open,instanceOf,Tennis tournament,1996 EA Generali Open
1996 EA Generali Open,partOf,1996 ATP Tour,1996 EA Generali Open
1996 EA Generali Open,location,Austria,1996 EA Generali Open
1996 EA Generali Open,startDate,1996-06-24,1996 EA Generali Open
1996 EA Generali Open,endDate,1996-06-30,1996 EA Generali Open
1996 EA Generali Open,surface,Clay,1996 EA Generali Open
1996 EA Generali Open,category,ATP Championship Series,1996 EA Generali Open
1996 EA Generali Open,prizeMoney,"US$ 675,000",1996 EA Generali Open
1996 EA Generali Open,singlesChampion,Marcelo Ríos,1996 EA Generali Open
1996 EA Generali Open,singlesRunnerUp,Àlex Corretja,1996 EA Generali Open
subject,predicate,object,Cabo Velas
subject,predicate,object,Mionnay station
subject,predicate,object,Philip Adolphe Klier
"Dmytrivka, Chernihiv Oblast",instanceOf,urban-type settlement,"Dmytrivka, Chernihiv Oblast"
"Dmytrivka, Chernihiv Oblast",locatedIn,Chernihiv Oblast,"Dmytrivka, Chernihiv Oblast"
"Dmytrivka, Chernihiv Oblast",locatedIn,Ukraine,"Dmytrivka, Chernihiv Oblast"
"Dmytrivka, Chernihiv Oblast",population,"approximately 2,500","Dmytrivka, Chernihiv Oblast"
"Dmytrivka, Chernihiv Oblast",administrativeCenter,"Dmytrivka, Chernihiv Oblast","Dmytrivka, Chernihiv Oblast"
"Dmytrivka, Chernihiv Oblast",elevation,123 meters,"Dmytrivka, Chernihiv Oblast"
"Dmytrivka, Chernihiv Oblast",founded,16th century,"Dmytrivka, Chernihiv Oblast"
"Dmytrivka, Chernihiv Oblast",isPartOf,Chernihiv Raion,"Dmytrivka, Chernihiv Oblast"
"Dmytrivka, Chernihiv Oblast",timeZone,Eastern European Time,"Dmytrivka, Chernihiv Oblast"
subject,predicate,object,"Sipesville, Pennsylvania"
subject,predicate,object,"Dumbleton, Queensland"
"Mill Creek East, Washington",instanceOf,census-designated place,"Mill Creek East, Washington"
"Mill Creek East, Washington",locatedIn,Washington,"Mill Creek East, Washington"
"Mill Creek East, Washington",locatedIn,Snohomish County,"Mill Creek East, Washington"
"Mill Creek East, Washington",hasPopulation,17676,"Mill Creek East, Washington"
"Mill Creek East, Washington",hasArea,5.4 sq mi,"Mill Creek East, Washington"
"Mill Creek East, Washington",isPartOf,"Mill Creek, Washington","Mill Creek East, Washington"
"Mill Creek East, Washington",isNeighborOf,"Mill Creek, Washington","Mill Creek East, Washington"
"Mill Creek East, Washington",isNeighborOf,"Everett, Washington","Mill Creek East, Washington"
"Mill Creek East, Washington",hasElevation,331 ft,"Mill Creek East, Washington"
"Mill Creek East, Washington",hasTimezone,Pacific Time Zone,"Mill Creek East, Washington"
subject,predicate,object,Staphylococcus schleiferi
Bailey's Dam,instanceOf,dam,Bailey's Dam
Bailey's Dam,locatedIn,Colorado,Bailey's Dam
Bailey's Dam,partOf,Rio Grande River,Bailey's Dam
Bailey's Dam,locatedIn,Alamosa County,Bailey's Dam
Bailey's Dam,hasPurpose,irrigation,Bailey's Dam
Bailey's Dam,hasHeight,15 feet,Bailey's Dam
Krishnam Raju Gadiraju,instanceOf,Person,Krishnam Raju Gadiraju
Krishnam Raju Gadiraju,type,Indian academic,Krishnam Raju Gadiraju
Krishnam Raju Gadiraju,isKnownFor,Information Retrieval,Krishnam Raju Gadiraju
Krishnam Raju Gadiraju,isKnownFor,Natural Language Processing,Krishnam Raju Gadiraju
Krishnam Raju Gadiraju,worksAt,University of Hamburg,Krishnam Raju Gadiraju
Krishnam Raju Gadiraju,hasAcademicDegree,Ph.D.,Krishnam Raju Gadiraju
Krishnam Raju Gadiraju,academicAdvisor,Ulf Leser,Krishnam Raju Gadiraju
Krishnam Raju Gadiraju,researcherIn,Information Retrieval,Krishnam Raju Gadiraju
Krishnam Raju Gadiraju,researcherIn,Human-Computer Interaction,Krishnam Raju Gadiraju
Krishnam Raju Gadiraju,authorOf,several research papers,Krishnam Raju Gadiraju
Day of Reckoning (1933 film),instanceOf,film,Day of Reckoning (1933 film)
Day of Reckoning (1933 film),genre,drama film,Day of Reckoning (1933 film)
Day of Reckoning (1933 film),publicationDate,1933,Day of Reckoning (1933 film)
Day of Reckoning (1933 film),director,Harry L. Fraser,Day of Reckoning (1933 film)
Day of Reckoning (1933 film),starring,Béla Lugosi,Day of Reckoning (1933 film)
Day of Reckoning (1933 film),starring,Madge Bellamy,Day of Reckoning (1933 film)
Day of Reckoning (1933 film),starring,Evelyn Daly,Day of Reckoning (1933 film)
Day of Reckoning (1933 film),country,United States,Day of Reckoning (1933 film)
Day of Reckoning (1933 film),language,English,Day of Reckoning (1933 film)
subject,predicate,object,Otakar Šín
Otakar Šín,instanceOf,Czech conductor,Otakar Šín
Otakar Šín,instanceOf,Person,Otakar Šín
Otakar Šín,birthDate,1892-09-21,Otakar Šín
Otakar Šín,deathDate,1943-04-22,Otakar Šín
Otakar Šín,nationality,Czech,Otakar Šín
Otakar Šín,occupation,conductor,Otakar Šín
Otakar Šín,occupation,musician,Otakar Šín
Otakar Šín,worksAt,National Theatre,Otakar Šín
Otakar Šín,educatedAt,Prague Conservatory,Otakar Šín
Gordon Jackson Rees,instanceOf,Person,Gordon Jackson Rees
Gordon Jackson Rees,givenName,Gordon,Gordon Jackson Rees
Gordon Jackson Rees,familyName,Rees,Gordon Jackson Rees
Gordon Jackson Rees,birthName,Gordon Jackson Rees,Gordon Jackson Rees
Gordon Jackson Rees,knownAs,Gordon Jackson Rees,Gordon Jackson Rees
HNoMS Otra (1939),instanceOf,Royal Norwegian Navy ship,HNoMS Otra (1939)
HNoMS Otra (1939),commissioned,1939,HNoMS Otra (1939)
HNoMS Otra (1939),decommissioned,1945,HNoMS Otra (1939)
HNoMS Otra (1939),countryOfOrigin,Norway,HNoMS Otra (1939)
HNoMS Otra (1939),class,Edda-class minesweeper,HNoMS Otra (1939)
HNoMS Otra (1939),shipBuilder,Norwegian Navy,HNoMS Otra (1939)
HNoMS Otra (1939),shipType,minesweeper,HNoMS Otra (1939)
subject,predicate,object,Durga Mohan Bhattacharyya
subject,predicate,object,Puente Genil-Herrera railway station
subject,predicate,object,2017 Kurdistan Region independence referendum
subject,predicate,object,Martin Road Bridge
Òran Mór,instanceOf,sea,Òran Mór
Òran Mór,location,Scotland,Òran Mór
Òran Mór,location,United Kingdom,Òran Mór
Òran Mór,partOf,Inner Hebrides,Òran Mór
Òran Mór,neighbor,Isle of Mull,Òran Mór
Òran Mór,hasArea,154.0 km²,Òran Mór
Òran Mór,maxLength,11 km,Òran Mór
Òran Mór,maxWidth,8 km,Òran Mór
Juncus inflexus,instanceOf,Species,Juncus inflexus
Juncus inflexus,class,Liliopsida,Juncus inflexus
Juncus inflexus,family,Juncaceae,Juncus inflexus
Juncus inflexus,genus,Juncus,Juncus inflexus
Juncus inflexus,infraspecificName,Juncus inflexus,Juncus inflexus
Juncus inflexus,kingdom,Plantae,Juncus inflexus
Juncus inflexus,order,Poales,Juncus inflexus
Juncus inflexus,phylum,Angiosperms,Juncus inflexus
Juncus inflexus,scientificName,Juncus inflexus,Juncus inflexus
Juncus inflexus,species,Juncus inflexus,Juncus inflexus
subject,predicate,object,Dōjigiri
subject,predicate,object,To the Wonder
subject,predicate,object,Oregon Route 569
subject,predicate,object,Mucuri Airport
subject,predicate,object,The Rookie: Feds
Is 4 Lovers,instanceOf,Music Group,Is 4 Lovers
Is 4 Lovers,type,Music Group,Is 4 Lovers
Is 4 Lovers,genre,Pop Music,Is 4 Lovers
Is 4 Lovers,activeYears,2019-2020,Is 4 Lovers
subject,predicate,object,American Society of Magazine Editors
subject,predicate,object,Danny Abeckaser
Menthorpe,instanceOf,Village,Menthorpe
Menthorpe,locatedIn,North Yorkshire,Menthorpe
Menthorpe,locatedIn,England,Menthorpe
Menthorpe,partOf,Hambleton District,Menthorpe
Menthorpe,hasPopulation,approximately 250,Menthorpe
Megascolides,instanceOf,genus,Megascolides
Megascolides,family,Megascolecidae,Megascolides
Megascolides,class,Clitellata,Megascolides
Megascolides,phylum,Annelida,Megascolides
Megascolides,kingdom,Animalia,Megascolides
subject,predicate,object,Cap-Haïtien International Airport
subject,predicate,object,Cazzano di Tramigna
subject,predicate,object,Lahore Se Aagey
"Hill Point, Wisconsin",instanceOf,human settlement,"Hill Point, Wisconsin"
"Hill Point, Wisconsin",locatedIn,Wisconsin,"Hill Point, Wisconsin"
"Hill Point, Wisconsin",locatedIn,United States,"Hill Point, Wisconsin"
"Hill Point, Wisconsin",isPartOf,Wisconsin,"Hill Point, Wisconsin"
"Hill Point, Wisconsin",isPartOf,United States,"Hill Point, Wisconsin"
AAPG Bulletin,instanceOf,scientific journal,AAPG Bulletin
AAPG Bulletin,publishedBy,American Association of Petroleum Geologists,AAPG Bulletin
AAPG Bulletin,abbreviation,AAPG Bull,AAPG Bulletin
AAPG Bulletin,issn,0149-1424,AAPG Bulletin
AAPG Bulletin,subject,Geology,AAPG Bulletin
AAPG Bulletin,subject,Petroleum geology,AAPG Bulletin
AAPG Bulletin,language,English,AAPG Bulletin
AAPG Bulletin,publicationFrequency,monthly,AAPG Bulletin
AAPG Bulletin,startedPublication,1916,AAPG Bulletin
subject,predicate,object,Soviet destroyer Nezamozhnik
subject,predicate,object,"Lubei Subdistrict, Taizhou, Zhejiang"
subject,predicate,object,"2,3-Dimethylhexane"
Tmesiphantes,instanceOf,genus,Tmesiphantes
Tmesiphantes,subfamily,Araneinae,Tmesiphantes
Tmesiphantes,family,Araneidae,Tmesiphantes
Tmesiphantes,order,Araneomorphae,Tmesiphantes
Tmesiphantes,class,Arachnida,Tmesiphantes
Matraman railway station,instanceOf,Railway station,Matraman railway station
Matraman railway station,locatedIn,Jakarta,Matraman railway station
Matraman railway station,country,Indonesia,Matraman railway station
Matraman railway station,serves,Matraman,Matraman railway station
Matraman railway station,operator,PT Kereta Api Indonesia,Matraman railway station
Bangalore Days,instanceOf,Film,Bangalore Days
Bangalore Days,genre,Drama,Bangalore Days
Bangalore Days,director,Annie John,Bangalore Days
Bangalore Days,starring,Mammootty,Bangalore Days
Bangalore Days,starring,Nayantara,Bangalore Days
Bangalore Days,starring,Shyam Prasad,Bangalore Days
Bangalore Days,releaseDate,2014-02-14,Bangalore Days
Bangalore Days,country,India,Bangalore Days
Bangalore Days,language,Malayalam,Bangalore Days
Bangalore Days,runtime,130,Bangalore Days
Bangalore Days,producer,S. P. Mahesh,Bangalore Days
Emily Appleton (tennis),instanceOf,Human,Emily Appleton (tennis)
Emily Appleton (tennis),instanceOf,Tennis Player,Emily Appleton (tennis)
Emily Appleton (tennis),birthDate,1998-01-06,Emily Appleton (tennis)
Emily Appleton (tennis),plays,Right-handed,Emily Appleton (tennis)
Emily Appleton (tennis),coach,Martina Navratilova,Emily Appleton (tennis)
Emily Appleton (tennis),turnPro,2016,Emily Appleton (tennis)
Emily Appleton (tennis),ITF Women's Circuit,2016,Emily Appleton (tennis)
Emily Appleton (tennis),WTA Tour,2019,Emily Appleton (tennis)
Emily Appleton (tennis),highestRank,No. 452 (singles),Emily Appleton (tennis)
Emily Appleton (tennis),highestRank,No. 321 (doubles),Emily Appleton (tennis)
Emily Appleton (tennis),partner,Lucy Brown (tennis),Emily Appleton (tennis)
Three on a Honeymoon (1934 film),instanceOf,film,Three on a Honeymoon (1934 film)
Three on a Honeymoon (1934 film),genre,comedy film,Three on a Honeymoon (1934 film)
Three on a Honeymoon (1934 film),director,Mack Hall,Three on a Honeymoon (1934 film)
Three on a Honeymoon (1934 film),producer,Adolph Zukor,Three on a Honeymoon (1934 film)
Three on a Honeymoon (1934 film),productionCompany,Famous Players-Lasky Corporation,Three on a Honeymoon (1934 film)
Three on a Honeymoon (1934 film),distribution,Paramount Pictures,Three on a Honeymoon (1934 film)
Three on a Honeymoon (1934 film),releaseDate,1934,Three on a Honeymoon (1934 film)
Three on a Honeymoon (1934 film),runtime,71 minutes,Three on a Honeymoon (1934 film)
Three on a Honeymoon (1934 film),country,United States,Three on a Honeymoon (1934 film)
Three on a Honeymoon (1934 film),language,English,Three on a Honeymoon (1934 film)
subject,predicate,object,IBTE Jefri Bolkiah Campus
subject,predicate,object,Methacrylamide
subject,predicate,object,Marie-Françoise Plissart
Marie-Françoise Plissart,instanceOf,Human,Marie-Françoise Plissart
Marie-Françoise Plissart,bornAt,1946,Marie-Françoise Plissart
Marie-Françoise Plissart,isFemale,true,Marie-Françoise Plissart
Marie-Françoise Plissart,hasOccupation,photographer,Marie-Françoise Plissart
Marie-Françoise Plissart,hasOccupation,film director,Marie-Françoise Plissart
Marie-Françoise Plissart,hasNationality,French,Marie-Françoise Plissart
subject,predicate,object,MV Ganga Vilas
Edward Magruder Tutwiler,instanceOf,Human,Edward Magruder Tutwiler
Edward Magruder Tutwiler,bornIn,Virginia,Edward Magruder Tutwiler
Edward Magruder Tutwiler,diedIn,Tennessee,Edward Magruder Tutwiler
Edward Magruder Tutwiler,residence,Tennessee,Edward Magruder Tutwiler
Edward Magruder Tutwiler,occupation,Physician,Edward Magruder Tutwiler
Edward Magruder Tutwiler,occupation,Politician,Edward Magruder Tutwiler
Edward Magruder Tutwiler,position,Member of the United States House of Representatives,Edward Magruder Tutwiler
Edward Magruder Tutwiler,position,State legislator,Edward Magruder Tutwiler
Edward Magruder Tutwiler,relative,William H. Taft,Edward Magruder Tutwiler
Edward Magruder Tutwiler,relative,Andrew Johnson,Edward Magruder Tutwiler
Edward Magruder Tutwiler,educatedAt,University of Virginia,Edward Magruder Tutwiler
Edward Magruder Tutwiler,educatedAt,Transylvania University,Edward Magruder Tutwiler
Edward Magruder Tutwiler,influencedBy,Andrew Johnson,Edward Magruder Tutwiler
2016–17 Segona Divisió,instanceOf,sports season,2016–17 Segona Divisió
2016–17 Segona Divisió,partOf,Segona Divisió,2016–17 Segona Divisió
2016–17 Segona Divisió,startDate,2016,2016–17 Segona Divisió
2016–17 Segona Divisió,endDate,2017,2016–17 Segona Divisió
2016–17 Segona Divisió,country,Andorra,2016–17 Segona Divisió
2016–17 Segona Divisió,sportsLeague,Segona Divisió,2016–17 Segona Divisió
Inca finch,instanceOf,species,Inca finch
Inca finch,genus,Xenospingus,Inca finch
Inca finch,family,Thraupidae,Inca finch
Inca finch,order,Passeriformes,Inca finch
Inca finch,class,Aves,Inca finch
Inca finch,phylum,Chordata,Inca finch
Inca finch,kingdom,Animalia,Inca finch
Inca finch,habitat,Ecuador,Inca finch
Inca finch,conservationStatus,least concern,Inca finch
Bopyridae,instanceOf,family,Bopyridae
Bopyridae,subclassOf,Bopyroidea,Bopyridae
Bopyridae,isPartOf,Bopyroidea,Bopyridae
Bopyridae,hasMember,Bopyrus,Bopyridae
Bopyridae,hasMember,Pseudion,Bopyridae
Bopyridae,hasMember,Bopyriidae,Bopyridae
Bopyridae,isStudiedIn,crustacology,Bopyridae
Bopyridae,isFoundIn,marine environment,Bopyridae
Bopyridae,affects,crustaceans,Bopyridae
subject,predicate,object,Dol pri Šmarju
subject,predicate,object,Airdrieonians F.C.
subject,predicate,object,Sphingomonas haloaromaticamans
Ada Iddings Gale,instanceOf,Human,Ada Iddings Gale
Ada Iddings Gale,givenName,Ada,Ada Iddings Gale
Ada Iddings Gale,familyName,Gale,Ada Iddings Gale
Ada Iddings Gale,birthDate,1877-01-29,Ada Iddings Gale
Ada Iddings Gale,deathDate,1964-03-20,Ada Iddings Gale
Ada Iddings Gale,spouse,Winifred E. B. Todd,Ada Iddings Gale
Ada Iddings Gale,spouse,Frank Platt,Ada Iddings Gale
Ada Iddings Gale,child,Joanna Platt,Ada Iddings Gale
Ada Iddings Gale,residence,United States,Ada Iddings Gale
Ada Iddings Gale,occupation,Teacher,Ada Iddings Gale
Ada Iddings Gale,occupation,Librarian,Ada Iddings Gale
Kimi ga Iru Kara (Sayuri Sugawara song),instanceOf,song,Kimi ga Iru Kara (Sayuri Sugawara song)
Kimi ga Iru Kara (Sayuri Sugawara song),artist,Sayuri Sugawara,Kimi ga Iru Kara (Sayuri Sugawara song)
Kimi ga Iru Kara (Sayuri Sugawara song),language,Japanese,Kimi ga Iru Kara (Sayuri Sugawara song)
Kimi ga Iru Kara (Sayuri Sugawara song),partOf,Sola (soundtrack),Kimi ga Iru Kara (Sayuri Sugawara song)
2021 NCAA Division I baseball tournament,instanceOf,NCAA Division I Baseball Championship,2021 NCAA Division I baseball tournament
2021 NCAA Division I baseball tournament,startDate,2021-06-04,2021 NCAA Division I baseball tournament
2021 NCAA Division I baseball tournament,endDate,2021-06-28,2021 NCAA Division I baseball tournament
2021 NCAA Division I baseball tournament,numberOfTeams,64,2021 NCAA Division I baseball tournament
2021 NCAA Division I baseball tournament,participant,Georgia Bulldogs baseball,2021 NCAA Division I baseball tournament
2021 NCAA Division I baseball tournament,participant,Texas Longhorns baseball,2021 NCAA Division I baseball tournament
2021 NCAA Division I baseball tournament,finalsWinner,Mississippi State Bulldogs baseball,2021 NCAA Division I baseball tournament
2021 NCAA Division I baseball tournament,host,Tennessee,2021 NCAA Division I baseball tournament
2021 NCAA Division I baseball tournament,host,Arkansas,2021 NCAA Division I baseball tournament
2021 NCAA Division I baseball tournament,host,North Carolina,2021 NCAA Division I baseball tournament
2021 NCAA Division I baseball tournament,host,Oklahoma,2021 NCAA Division I baseball tournament
2021 NCAA Division I baseball tournament,champion,Mississippi State Bulldogs baseball,2021 NCAA Division I baseball tournament
2021 NCAA Division I baseball tournament,runner-up,Texas Longhorns baseball,2021 NCAA Division I baseball tournament
2021 NCAA Division I baseball tournament,MVP,James Wood,2021 NCAA Division I baseball tournament
2021 NCAA Division I baseball tournament,collegeWorldSeriesLocation,"Omaha, Nebraska",2021 NCAA Division I baseball tournament
2021 NCAA Division I baseball tournament,collegeWorldSeriesStadium,TD Ameritrade Park Omaha,2021 NCAA Division I baseball tournament
subject,predicate,object,Westworld season 3
subject,predicate,object,Maurice Fatio
"Union Bethel A.M.E. Church (New Orleans, Louisiana)",instanceOf,church,"Union Bethel A.M.E. Church (New Orleans, Louisiana)"
"Union Bethel A.M.E. Church (New Orleans, Louisiana)",locatedIn,"New Orleans, Louisiana","Union Bethel A.M.E. Church (New Orleans, Louisiana)"
"Union Bethel A.M.E. Church (New Orleans, Louisiana)",denomination,African Methodist Episcopal,"Union Bethel A.M.E. Church (New Orleans, Louisiana)"
"Union Bethel A.M.E. Church (New Orleans, Louisiana)",isPartOf,List of African Methodist Episcopal churches,"Union Bethel A.M.E. Church (New Orleans, Louisiana)"
"Union Bethel A.M.E. Church (New Orleans, Louisiana)",hasArchitecturalStyle,Gothic Revival,"Union Bethel A.M.E. Church (New Orleans, Louisiana)"
"Union Bethel A.M.E. Church (New Orleans, Louisiana)",isListedOn,National Register of Historic Places,"Union Bethel A.M.E. Church (New Orleans, Louisiana)"
"Union Bethel A.M.E. Church (New Orleans, Louisiana)",hasLocation,"2400 St. Ann St, New Orleans, LA 70119","Union Bethel A.M.E. Church (New Orleans, Louisiana)"
"Union Bethel A.M.E. Church (New Orleans, Louisiana)",wasEstablished,1894,"Union Bethel A.M.E. Church (New Orleans, Louisiana)"
"Union Bethel A.M.E. Church (New Orleans, Louisiana)",isAffiliatedWith,Union Bethel A.M.E. Church (disambiguation),"Union Bethel A.M.E. Church (New Orleans, Louisiana)"
subject,predicate,object,Dynatrace
Dynatrace,instanceOf,Software Company,Dynatrace
Dynatrace,foundedBy,Bernhard Falk,Dynatrace
Dynatrace,foundedIn,2005,Dynatrace
Dynatrace,headquarteredIn,"Vienna, Austria",Dynatrace
Dynatrace,industry,Software,Dynatrace
Dynatrace,product,Dynatrace Software,Dynatrace
Dynatrace,provides,Application Performance Monitoring,Dynatrace
Dynatrace,provides,Artificial Intelligence for Operations,Dynatrace
Dynatrace,acquiredBy,Private Equity Firm,Dynatrace
Dynatrace,wentPublic,2020,Dynatrace
Dynatrace,NASDAQ ticker,DT,Dynatrace
Dynatrace,competitor,New Relic,Dynatrace
Dynatrace,competitor,AppDynamics,Dynatrace
Dynatrace,partnerOf,AWS,Dynatrace
Dynatrace,partnerOf,Microsoft Azure,Dynatrace
Dynatrace,partnerOf,Google Cloud Platform,Dynatrace
Dynatrace,supports,Cloud Computing,Dynatrace
Dynatrace,supports,Hybrid Cloud,Dynatrace
Dynatrace,supports,Microservices,Dynatrace
Dynatrace,supports,Containerization,Dynatrace
Dynatrace,supports,Serverless Computing,Dynatrace
Carmen (Stromae song),instanceOf,song,Carmen (Stromae song)
Carmen (Stromae song),artist,Stromae,Carmen (Stromae song)
Carmen (Stromae song),released,2010,Carmen (Stromae song)
Carmen (Stromae song),album,Racine carrée,Carmen (Stromae song)
Carmen (Stromae song),genre,Rumba,Carmen (Stromae song)
Carmen (Stromae song),genre,Reggaeton,Carmen (Stromae song)
Carmen (Stromae song),inspiredBy,Carmen (opera),Carmen (Stromae song)
Carmen (Stromae song),producer,Stromae,Carmen (Stromae song)
Carmen (Stromae song),producer,Elji,Carmen (Stromae song)
Carmen (Stromae song),language,French,Carmen (Stromae song)
Carmen (Stromae song),recordLabel,Universal Music Group,Carmen (Stromae song)
subject,predicate,object,Taisan-ji (Matsuyama)
Trichosanthin,instanceOf,Protein,Trichosanthin
Trichosanthin,hasSource,Trichosanthes kirilowii,Trichosanthin
Trichosanthin,isA,Ribosome-inactivating protein,Trichosanthin
Trichosanthin,hasFunction,Anti-tumor activity,Trichosanthin
Trichosanthin,hasFunction,Immunosuppressive activity,Trichosanthin
Trichosanthin,isInvolvedIn,Apoptosis,Trichosanthin
Trichosanthin,interactsWith,Ribosome,Trichosanthin
Trichosanthin,hasCellularComponent,Endoplasmic reticulum,Trichosanthin
Trichosanthin,hasMolecularWeight,28 kDa,Trichosanthin
Trichosanthin,hasAminoAcidSequence,MVLSPADKTNVKAAWGKVGAHAGEYGAEALERMFLSFPTTKTYFPHFDLSHGSAQVKGHGKKVADALTNAVAHYDDMPNALSALSDLHAHKLVDPVNFKLLSHSLLVTLAHLPAEFTPAVHASLDKFLASVSTVLTSKYR,Trichosanthin
Trichosanthin,isEncodedBy,TKS1 gene,Trichosanthin
subject,predicate,object,Dermot Kelly (actor)
Dermot Kelly (actor),instanceOf,actor,Dermot Kelly (actor)
Dermot Kelly (actor),birthDate,1927,Dermot Kelly (actor)
Dermot Kelly (actor),deathDate,2005-10-14,Dermot Kelly (actor)
Dermot Kelly (actor),nationality,Irish,Dermot Kelly (actor)
Dermot Kelly (actor),filmography,The Two Faces of Dr. Jekyll (1962),Dermot Kelly (actor)
Dermot Kelly (actor),filmography,The Masks of Death (1984),Dermot Kelly (actor)
Dermot Kelly (actor),filmography,Quackser Giltenstone of the Whiskey Lullaby (1978),Dermot Kelly (actor)
Dermot Kelly (actor),filmography,The Little Drummer Girl (1978),Dermot Kelly (actor)
Dermot Kelly (actor),filmography,Death on the Nile (1978),Dermot Kelly (actor)
Dermot Kelly (actor),filmography,The Secret of the Yellow Chrysanthemum,Dermot Kelly (actor)
subject,predicate,object,Bellatrix Lestrange
Live & More (Roberta Flack and Peabo Bryson album),instanceOf,music album,Live & More (Roberta Flack and Peabo Bryson album)
Live & More (Roberta Flack and Peabo Bryson album),releaseDate,1980-10-28,Live & More (Roberta Flack and Peabo Bryson album)
Live & More (Roberta Flack and Peabo Bryson album),artist,Roberta Flack,Live & More (Roberta Flack and Peabo Bryson album)
Live & More (Roberta Flack and Peabo Bryson album),artist,Peabo Bryson,Live & More (Roberta Flack and Peabo Bryson album)
Live & More (Roberta Flack and Peabo Bryson album),genre,jazz,Live & More (Roberta Flack and Peabo Bryson album)
Live & More (Roberta Flack and Peabo Bryson album),genre,soul,Live & More (Roberta Flack and Peabo Bryson album)
Live & More (Roberta Flack and Peabo Bryson album),producer,Tommy Boyce,Live & More (Roberta Flack and Peabo Bryson album)
Live & More (Roberta Flack and Peabo Bryson album),recordedAt,The Record Plant,Live & More (Roberta Flack and Peabo Bryson album)
Live & More (Roberta Flack and Peabo Bryson album),recordedAt,The Forum,Live & More (Roberta Flack and Peabo Bryson album)
Live & More (Roberta Flack and Peabo Bryson album),subsequentWork,Can't Say I Didn't Try,Live & More (Roberta Flack and Peabo Bryson album)
Live & More (Roberta Flack and Peabo Bryson album),subsequentWork,First The Ruler (The 'C' Version),Live & More (Roberta Flack and Peabo Bryson album)
Live & More (Roberta Flack and Peabo Bryson album),hasPart,The Closer You Get,Live & More (Roberta Flack and Peabo Bryson album)
Live & More (Roberta Flack and Peabo Bryson album),hasPart,Just the Way You Are,Live & More (Roberta Flack and Peabo Bryson album)
Live & More (Roberta Flack and Peabo Bryson album),hasPart,What a Day,Live & More (Roberta Flack and Peabo Bryson album)
Live & More (Roberta Flack and Peabo Bryson album),hasPart,Reunion,Live & More (Roberta Flack and Peabo Bryson album)
Mark Nepo,instanceOf,Poet,Mark Nepo
Mark Nepo,instanceOf,Writer,Mark Nepo
Mark Nepo,bornAt,1952,Mark Nepo
Mark Nepo,nationality,American,Mark Nepo
Mark Nepo,educatedAt,Hofstra University,Mark Nepo
Mark Nepo,educatedAt,University of North Carolina at Wilmington,Mark Nepo
Mark Nepo,writesAbout,Spirituality,Mark Nepo
Mark Nepo,writesAbout,Poetry,Mark Nepo
Mark Nepo,awardedBy,American Poets Association,Mark Nepo
Mark Nepo,publishedBy,HarperCollins,Mark Nepo
Mark Nepo,publishedBy,Random House,Mark Nepo
Mark Nepo,hasWritten,The Sun and the Sea,Mark Nepo
Mark Nepo,hasWritten,The River of Longing,Mark Nepo
Mark Nepo,hasWritten,The Body of Love,Mark Nepo
Mark Nepo,hosts,The Poetry of Soul,Mark Nepo
Mark Nepo,hosts,The Body of Love,Mark Nepo
Stalag V-A,instanceOf,Stalag,Stalag V-A
Stalag V-A,locatedAt,Osterburg,Stalag V-A
Stalag V-A,locatedIn,Baden-Württemberg,Stalag V-A
Stalag V-A,prisonerOfWarCampFor,World War II,Stalag V-A
Stalag V-A,subject,German prisoner-of-war camps,Stalag V-A
Stalag V-A,partOf,Kriegswissenschaftliche Abteilung der OKW,Stalag V-A
Stalag V-A,hasPrisoner,Thousands of soldiers,Stalag V-A
Hugh Scott (architect),instanceOf,Human,Hugh Scott (architect)
Hugh Scott (architect),birthDate,1878,Hugh Scott (architect)
Hugh Scott (architect),deathDate,1951,Hugh Scott (architect)
Hugh Scott (architect),nationality,Canadian,Hugh Scott (architect)
Hugh Scott (architect),occupation,architect,Hugh Scott (architect)
Hugh Scott (architect),notableProject,Royal Alexandra Hotel,Hugh Scott (architect)
Hugh Scott (architect),notableProject,Chateau Lake Louise,Hugh Scott (architect)
Hugh Scott (architect),notableProject,Princess Patricia's Canadian Light Infantry Regimental Headquarters,Hugh Scott (architect)
Hugh Scott (architect),location,Canada,Hugh Scott (architect)
Bitter Sweet,instanceOf,TV series,Bitter Sweet (TV series)
Bitter Sweet,genre,Melodrama,Bitter Sweet (TV series)
Bitter Sweet,countryOfOrigin,United Kingdom,Bitter Sweet (TV series)
Bitter Sweet,numberOfEpisodes,6,Bitter Sweet (TV series)
Bitter Sweet,broadcastNetwork,BBC One,Bitter Sweet (TV series)
Bitter Sweet,firstAirDate,2002-11-14,Bitter Sweet (TV series)
Bitter Sweet,lastAirDate,2002-12-19,Bitter Sweet (TV series)
Bitter Sweet,starring,Leslie Judd,Bitter Sweet (TV series)
Bitter Sweet,starring,Alexandra Mardell,Bitter Sweet (TV series)
Bitter Sweet,starring,Steven Pinder,Bitter Sweet (TV series)
Bitter Sweet,creator,Aidan Davis,Bitter Sweet (TV series)
1950 Dutch Grand Prix,instanceOf,Grand Prix,1950 Dutch Grand Prix
1950 Dutch Grand Prix,partOf,1950 Formula One season,1950 Dutch Grand Prix
1950 Dutch Grand Prix,location,Netherlands,1950 Dutch Grand Prix
1950 Dutch Grand Prix,date,1950-07-09,1950 Dutch Grand Prix
1950 Dutch Grand Prix,winner,Jan Flinterman,1950 Dutch Grand Prix
1950 Dutch Grand Prix,winner,Louis Rosier,1950 Dutch Grand Prix
1950 Dutch Grand Prix,winner,Peter Whitehead,1950 Dutch Grand Prix
1950 Dutch Grand Prix,circuit,Circuit van Bremmerheide,1950 Dutch Grand Prix
1950 Dutch Grand Prix,hasParticipant,Jan Flinterman,1950 Dutch Grand Prix
1950 Dutch Grand Prix,hasParticipant,Louis Rosier,1950 Dutch Grand Prix
1950 Dutch Grand Prix,hasParticipant,Peter Whitehead,1950 Dutch Grand Prix
subject,predicate,object,Microcotyle tampicensis
National Route 217 (Costa Rica),instanceOf,National Route,National Route 217 (Costa Rica)
National Route 217 (Costa Rica),locatedIn,Costa Rica,National Route 217 (Costa Rica)
National Route 217 (Costa Rica),partOf,National Road Network of Costa Rica,National Route 217 (Costa Rica)
Webtoon (platform),instanceOf,online comic platform,Webtoon (platform)
Webtoon (platform),foundedBy,Naver Corporation,Webtoon (platform)
Webtoon (platform),headquarteredIn,Seoul,Webtoon (platform)
Webtoon (platform),launchedIn,2010,Webtoon (platform)
Webtoon (platform),availableIn,South Korea,Webtoon (platform)
Webtoon (platform),availableIn,United States,Webtoon (platform)
Webtoon (platform),availableIn,Canada,Webtoon (platform)
Webtoon (platform),availableIn,Japan,Webtoon (platform)
Webtoon (platform),hasFormat,digital comics,Webtoon (platform)
Webtoon (platform),hasGenre,manga,Webtoon (platform)
Webtoon (platform),hasGenre,manhwa,Webtoon (platform)
Webtoon (platform),hasGenre,comedy,Webtoon (platform)
Webtoon (platform),hasGenre,action,Webtoon (platform)
Webtoon (platform),features,user-generated content,Webtoon (platform)
Webtoon (platform),features,official content,Webtoon (platform)
Webtoon (platform),hasPart,Naver Webtoon,Webtoon (platform)
Webtoon (platform),hasPart,Webtoon Originals,Webtoon (platform)
Webtoon (platform),hasPart,Webtoon Young Adult,Webtoon (platform)
Webtoon (platform),hasPart,Webtoon Premium,Webtoon (platform)
Webtoon (platform),language,Korean,Webtoon (platform)
Webtoon (platform),language,English,Webtoon (platform)
Webtoon (platform),language,Japanese,Webtoon (platform)
Webtoon (platform),language,Chinese,Webtoon (platform)
Webtoon (platform),partner,Line Corporation,Webtoon (platform)
Webtoon (platform),partner,Naver,Webtoon (platform)
Webtoon (platform),subsidiary,Naver Corporation,Webtoon (platform)
subject,predicate,object,Spartaco Fontanot
subject,predicate,object,Maeba (album)
subject,predicate,object,Dushdi Mala Medal
Murce-class speedboat,instanceOf,ship class,Murce-class speedboat
Murce-class speedboat,countryOfOrigin,Norway,Murce-class speedboat
Murce-class speedboat,manufacturer,Royal Norwegian Navy,Murce-class speedboat
Murce-class speedboat,operator,Royal Norwegian Navy,Murce-class speedboat
Murce-class speedboat,serviceEntry,1970s,Murce-class speedboat
Murce-class speedboat,numberOfShips,6,Murce-class speedboat
Murce-class speedboat,shipDisplacement,18 tons,Murce-class speedboat
Murce-class speedboat,shipLength,23 meters,Murce-class speedboat
Murce-class speedboat,shipBeam,6 meters,Murce-class speedboat
Murce-class speedboat,shipDraft,1.5 meters,Murce-class speedboat
Murce-class speedboat,topSpeed,35 knots,Murce-class speedboat
So Fine (film),instanceOf,film,So Fine (film)
So Fine (film),genre,comedy film,So Fine (film)
So Fine (film),director,Gordon Malmquist,So Fine (film)
So Fine (film),starring,Bo Derek,So Fine (film)
So Fine (film),starring,Joss Ackland,So Fine (film)
So Fine (film),starring,Denholm Elliott,So Fine (film)
So Fine (film),starring,Priscilla Pointer,So Fine (film)
So Fine (film),releaseDate,1976-05-26,So Fine (film)
So Fine (film),country,United States,So Fine (film)
So Fine (film),language,English,So Fine (film)
Replay (Zendaya song),instanceOf,song,Replay (Zendaya song)
Replay (Zendaya song),artist,Zendaya,Replay (Zendaya song)
Replay (Zendaya song),released,2013-06-16,Replay (Zendaya song)
Replay (Zendaya song),genre,dance-pop,Replay (Zendaya song)
Replay (Zendaya song),genre,teen pop,Replay (Zendaya song)
Replay (Zendaya song),producer,Dreamlab,Replay (Zendaya song)
Replay (Zendaya song),producer,Louis Biancaniello,Replay (Zendaya song)
Replay (Zendaya song),producer,Sam Watters,Replay (Zendaya song)
Replay (Zendaya song),recordLabel,Hollywood Records,Replay (Zendaya song)
Replay (Zendaya song),partOf,Zendaya (album),Replay (Zendaya song)
subject,predicate,object,Malakai Fakatoufifita
East Nottingham Friends Meetinghouse,instanceOf,Quaker meeting house,East Nottingham Friends Meetinghouse
East Nottingham Friends Meetinghouse,locatedIn,"East Nottingham Township, Pennsylvania",East Nottingham Friends Meetinghouse
East Nottingham Friends Meetinghouse,locatedIn,"Chester County, Pennsylvania",East Nottingham Friends Meetinghouse
East Nottingham Friends Meetinghouse,builtIn,1793,East Nottingham Friends Meetinghouse
East Nottingham Friends Meetinghouse,architecturalStyle,Federal style,East Nottingham Friends Meetinghouse
East Nottingham Friends Meetinghouse,addedToNRHP,1971-10-01,East Nottingham Friends Meetinghouse
East Nottingham Friends Meetinghouse,NRHPReferenceNumber,71000698,East Nottingham Friends Meetinghouse
"1,1'-Azobis-1,2,3-triazole",instanceOf,Chemical Compound,"1,1'-Azobis-1,2,3-triazole"
"1,1'-Azobis-1,2,3-triazole",hasChemicalFormula,C6H6N6,"1,1'-Azobis-1,2,3-triazole"
"1,1'-Azobis-1,2,3-triazole",hasSMILES,n1nnnc1N=NNN=N1,"1,1'-Azobis-1,2,3-triazole"
"1,1'-Azobis-1,2,3-triazole",isUsedIn,Click Chemistry,"1,1'-Azobis-1,2,3-triazole"
"1,1'-Azobis-1,2,3-triazole",isRelatedTo,Azide,"1,1'-Azobis-1,2,3-triazole"
"1,1'-Azobis-1,2,3-triazole",hasPubChemCID,11853851,"1,1'-Azobis-1,2,3-triazole"
"1,1'-Azobis-1,2,3-triazole",hasInChI,1S-1(-:N=N:NN=N:NN=N1)N=N1,"1,1'-Azobis-1,2,3-triazole"
"1,1'-Azobis-1,2,3-triazole",isResearchChemical,true,"1,1'-Azobis-1,2,3-triazole"
Filip Brattbakk,instanceOf,Person,Filip Brattbakk
Filip Brattbakk,birthPlace,Lillehammer,Filip Brattbakk
Filip Brattbakk,birthDate,1970-04-26,Filip Brattbakk
Filip Brattbakk,nationality,Norwegian,Filip Brattbakk
Filip Brattbakk,occupation,Footballer,Filip Brattbakk
Filip Brattbakk,position,Striker,Filip Brattbakk
Filip Brattbakk,playsFor,Molde FK,Filip Brattbakk
Filip Brattbakk,playsFor,Rosenborg BK,Filip Brattbakk
Filip Brattbakk,playsFor,Hearts,Filip Brattbakk
Filip Brattbakk,playsFor,Lillehammer FK,Filip Brattbakk
Filip Brattbakk,goals,166,Filip Brattbakk
Filip Brattbakk,caps,264,Filip Brattbakk
Filip Brattbakk,marriedTo,Mette Brattbakk,Filip Brattbakk
subject,predicate,object,Steven Pressman
subject,predicate,object,BMD-4
Techniques (album),instanceOf,album,Techniques (album)
Techniques (album),released,1984,Techniques (album)
Techniques (album),artist,Techniques,Techniques (album)
Techniques (album),genre,reggae,Techniques (album)
Techniques (album),genre,roots reggae,Techniques (album)
Techniques (album),producer,Gussie Clarke,Techniques (album)
Techniques (album),recordLabel,Third World Records,Techniques (album)
Bad Guy (Billie Eilish song),instanceOf,song,Bad Guy (Billie Eilish song)
Bad Guy (Billie Eilish song),partOf,Happier Than Ever,Bad Guy (Billie Eilish song)
Bad Guy (Billie Eilish song),composer,Billie Eilish,Bad Guy (Billie Eilish song)
Bad Guy (Billie Eilish song),producer,Finneas O'Connell,Bad Guy (Billie Eilish song)
Bad Guy (Billie Eilish song),publishedIn,2019,Bad Guy (Billie Eilish song)
Bad Guy (Billie Eilish song),language,English,Bad Guy (Billie Eilish song)
Bad Guy (Billie Eilish song),awardReceived,Grammy Award for Record of the Year,Bad Guy (Billie Eilish song)
Bad Guy (Billie Eilish song),awardReceived,Grammy Award for Best Pop Vocal Album,Bad Guy (Billie Eilish song)
2016 Tajik constitutional referendum,instanceOf,constitutional referendum,2016 Tajik constitutional referendum
2016 Tajik constitutional referendum,country,Tajikistan,2016 Tajik constitutional referendum
2016 Tajik constitutional referendum,year,2016,2016 Tajik constitutional referendum
2016 Tajik constitutional referendum,participant,Tajik citizens,2016 Tajik constitutional referendum
2016 Tajik constitutional referendum,location,Tajikistan,2016 Tajik constitutional referendum
Port of Kherson,instanceOf,port,Port of Kherson
Port of Kherson,locatedIn,Kherson,Port of Kherson
Port of Kherson,locatedOn,Dnieper-Bug Estuary,Port of Kherson
Port of Kherson,partOf,Black Sea Basin,Port of Kherson
Port of Kherson,usedFor,cargo handling,Port of Kherson
Port of Kherson,hasCapacity,million tons per year,Port of Kherson
Port of Kherson,operatedBy,Ukrainian government,Port of Kherson
Port of Kherson,exports,"grain, metals, and other goods",Port of Kherson
Port of Kherson,imports,"machinery, food, and other goods",Port of Kherson
Towards Zero (TV series),instanceOf,Television series,Towards Zero (TV series)
Towards Zero (TV series),basedOn,Towards Zero,Towards Zero (TV series)
Towards Zero (TV series),genre,Mystery,Towards Zero (TV series)
Towards Zero (TV series),genre,Thriller,Towards Zero (TV series)
Towards Zero (TV series),countryOfOrigin,Japan,Towards Zero (TV series)
Towards Zero (TV series),language,Japanese,Towards Zero (TV series)
Towards Zero (TV series),director,Kōnosuke Uda,Towards Zero (TV series)
Towards Zero (TV series),starring,Yūto Takahashi,Towards Zero (TV series)
Towards Zero (TV series),starring,Kōki Uchiyama,Towards Zero (TV series)
Towards Zero (TV series),starring,Maki Kawase,Towards Zero (TV series)
Towards Zero (TV series),numberOfEpisodes,10,Towards Zero (TV series)
Towards Zero (TV series),originalReleaseDate,2020-07-04,Towards Zero (TV series)
Towards Zero (TV series),originalEndDate,2020-09-05,Towards Zero (TV series)
Towards Zero (TV series),broadcaster,BS Fuji,Towards Zero (TV series)
Towards Zero (TV series),broadcaster,Fuji Television,Towards Zero (TV series)
Towards Zero (TV series),producer,Fuji Television,Towards Zero (TV series)
Towards Zero (TV series),producer,TMS Entertainment,Towards Zero (TV series)
Badampudi railway station,instanceOf,railway station,Badampudi railway station
Badampudi railway station,locatedIn,India,Badampudi railway station
Badampudi railway station,locatedIn,Kerala,Badampudi railway station
Badampudi railway station,hasCode,BUP,Badampudi railway station
Badampudi railway station,isOnLine,Southern Railway zone,Badampudi railway station
subject,predicate,object,Booker T (wrestler)
subject,predicate,object,The Music and Theater Folk High School
subject,predicate,object,Remembering Leonard Nimoy
subject,predicate,object,"Nowa Góra, Lesser Poland Voivodeship"
Le Double Amour,instanceOf,film,Le Double Amour
Le Double Amour,director,James Mangold,Le Double Amour
Le Double Amour,starring,Josh Lucas,Le Double Amour
Le Double Amour,starring,Isabella Rossellini,Le Double Amour
Le Double Amour,starring,Dennis Quaid,Le Double Amour
Le Double Amour,releaseDate,1997-01-01,Le Double Amour
Le Double Amour,genre,drama,Le Double Amour
Le Double Amour,genre,thriller,Le Double Amour
Le Double Amour,country,United States,Le Double Amour
Le Double Amour,language,English,Le Double Amour
Also,note that the more specific and detailed the information you provide about the subject,the better I can tailor the response.,Jenny Bowen (filmmaker)
HD 103197,instanceOf,Star,HD 103197
HD 103197,spectralType,G-type main-sequence star,HD 103197
HD 103197,catalog,Henry Draper Catalogue,HD 103197
HD 103197,starName,HD 103197,HD 103197
HD 103197,constellation,Ursa Major,HD 103197
HD 103197,distanceFromEarth,47.4 light-years,HD 103197
Harumafuji Kōhei,instanceOf,Mongolian sumo wrestler,Harumafuji Kōhei
Harumafuji Kōhei,birthDate,1984-08-06,Harumafuji Kōhei
Harumafuji Kōhei,birthPlace,"Ulaanbaatar, Mongolia",Harumafuji Kōhei
Harumafuji Kōhei,debut,2004,Harumafuji Kōhei
Harumafuji Kōhei,highestRank,ōzeki,Harumafuji Kōhei
Harumafuji Kōhei,wins,1181,Harumafuji Kōhei
Harumafuji Kōhei,losses,114,Harumafuji Kōhei
Harumafuji Kōhei,draws,6,Harumafuji Kōhei
Harumafuji Kōhei,retired,2017,Harumafuji Kōhei
Harumafuji Kōhei,trainer,Miyagino stable,Harumafuji Kōhei
Harumafuji Kōhei,realName,Davaasürengiin Bishrel,Harumafuji Kōhei
Harumafuji Kōhei,sumoName,Harumafuji Kōhei,Harumafuji Kōhei
Harumafuji Kōhei,yearsActive,2004-2017,Harumafuji Kōhei
Harumafuji Kōhei,tournamentsWon,8,Harumafuji Kōhei
Harumafuji Kōhei,isMongolian,true,Harumafuji Kōhei
subject,predicate,object,Lee Hyung-chul (boxer)
Lee Hyung-chul (boxer),instanceOf,human,Lee Hyung-chul (boxer)
Lee Hyung-chul (boxer),instanceOf,boxer,Lee Hyung-chul (boxer)
Lee Hyung-chul (boxer),birthDate,1967-08-09,Lee Hyung-chul (boxer)
Lee Hyung-chul (boxer),birthPlace,South Korea,Lee Hyung-chul (boxer)
Lee Hyung-chul (boxer),nationality,South Korean,Lee Hyung-chul (boxer)
Lee Hyung-chul (boxer),weightClass,light-flyweight,Lee Hyung-chul (boxer)
Lee Hyung-chul (boxer),competedIn,1992 Summer Olympics,Lee Hyung-chul (boxer)
Bacillus aminovorans,instanceOf,Bacillus,Bacillus aminovorans
Bacillus aminovorans,instanceOf,Gram-positive bacterium,Bacillus aminovorans
Bacillus aminovorans,discovered in,soil,Bacillus aminovorans
Bacillus aminovorans,has type strain,DSM 6871,Bacillus aminovorans
Bacillus aminovorans,has NCBI taxon ID,1392,Bacillus aminovorans
Bacillus aminovorans,has GenBank taxon ID,1258,Bacillus aminovorans
Bacillus aminovorans,is a,Bacillus species,Bacillus aminovorans
Bacillus aminovorans,found in,environmental samples,Bacillus aminovorans
"[f""{name}""",predicate,object],"Church of St Edmund, Sedgefield"
Preventing and Combating Violence Against Women and Domestic Violence (Ratification of Convention) Act 2017,instanceOf,Acts of Parliament of the United Kingdom,Preventing and Combating Violence Against Women and Domestic Violence (Ratification of Convention) Act 2017
Preventing and Combating Violence Against Women and Domestic Violence (Ratification of Convention) Act 2017,ratifies,Istanbul Convention,Preventing and Combating Violence Against Women and Domestic Violence (Ratification of Convention) Act 2017
Preventing and Combating Violence Against Women and Domestic Violence (Ratification of Convention) Act 2017,cites,Council of Europe Convention on Preventing and Combating Violence Against Women and Domestic Violence,Preventing and Combating Violence Against Women and Domestic Violence (Ratification of Convention) Act 2017
Preventing and Combating Violence Against Women and Domestic Violence (Ratification of Convention) Act 2017,long title,An Act to make provision in connection with the ratification of the Council of Europe Convention on Preventing and Combating Violence Against Women and Domestic Violence,Preventing and Combating Violence Against Women and Domestic Violence (Ratification of Convention) Act 2017
Preventing and Combating Violence Against Women and Domestic Violence (Ratification of Convention) Act 2017,short title,Preventing and Combating Violence Against Women and Domestic Violence (Ratification of Convention) Act 2017,Preventing and Combating Violence Against Women and Domestic Violence (Ratification of Convention) Act 2017
Preventing and Combating Violence Against Women and Domestic Violence (Ratification of Convention) Act 2017,jurisdiction,United Kingdom,Preventing and Combating Violence Against Women and Domestic Violence (Ratification of Convention) Act 2017
Preventing and Combating Violence Against Women and Domestic Violence (Ratification of Convention) Act 2017,legislative history,https://www.legislation.gov.uk/ukla/2017/22,Preventing and Combating Violence Against Women and Domestic Violence (Ratification of Convention) Act 2017
Preventing and Combating Violence Against Women and Domestic Violence (Ratification of Convention) Act 2017,type,UK public law,Preventing and Combating Violence Against Women and Domestic Violence (Ratification of Convention) Act 2017
Preventing and Combating Violence Against Women and Domestic Violence (Ratification of Convention) Act 2017,has part,https://www.legislation.gov.uk/ukla/2017/22/contents,Preventing and Combating Violence Against Women and Domestic Violence (Ratification of Convention) Act 2017
subject,predicate,object,2018 Hualien earthquake
subject,predicate,object,Nathan Stewart-Jarrett
Nathan Stewart-Jarrett,instanceOf,Person,Nathan Stewart-Jarrett
Nathan Stewart-Jarrett,birthDate,1983-04-19,Nathan Stewart-Jarrett
Nathan Stewart-Jarrett,birthPlace,London,Nathan Stewart-Jarrett
Nathan Stewart-Jarrett,nationality,British,Nathan Stewart-Jarrett
Nathan Stewart-Jarrett,occupation,actor,Nathan Stewart-Jarrett
Nathan Stewart-Jarrett,knownFor,Curse of Blackmoor Hall,Nathan Stewart-Jarrett
Nathan Stewart-Jarrett,knownFor,The Bill,Nathan Stewart-Jarrett
Nathan Stewart-Jarrett,knownFor,Casualty,Nathan Stewart-Jarrett
Nathan Stewart-Jarrett,knownFor,Misfits,Nathan Stewart-Jarrett
Nathan Stewart-Jarrett,knownFor,This Country,Nathan Stewart-Jarrett
Nathan Stewart-Jarrett,filmography,Curse of Blackmoor Hall,Nathan Stewart-Jarrett
Nathan Stewart-Jarrett,filmography,The Bill,Nathan Stewart-Jarrett
Nathan Stewart-Jarrett,filmography,Casualty,Nathan Stewart-Jarrett
Nathan Stewart-Jarrett,filmography,Misfits,Nathan Stewart-Jarrett
Nathan Stewart-Jarrett,filmography,This Country,Nathan Stewart-Jarrett
Nathan Stewart-Jarrett,role,DCI James Ash,Nathan Stewart-Jarrett
Nathan Stewart-Jarrett,role,PC Kevin Whately,Nathan Stewart-Jarrett
Nathan Stewart-Jarrett,role,Curtis Donovan,Nathan Stewart-Jarrett
Patrick Kinyua Mbogo,instanceOf,Q5,Patrick Kinyua Mbogo
Patrick Kinyua Mbogo,birthPlace,Kenya,Patrick Kinyua Mbogo
Patrick Kinyua Mbogo,position,Kenyan politician,Patrick Kinyua Mbogo
Patrick Kinyua Mbogo,position,Member of Parliament,Patrick Kinyua Mbogo
Patrick Kinyua Mbogo,memberOf,Kenya National Assembly,Patrick Kinyua Mbogo
The King's Case Note,instanceOf,novel,The King's Case Note
The King's Case Note,author,Robert E. Howard,The King's Case Note
The King's Case Note,publishedIn,Weird Tales,The King's Case Note
The King's Case Note,publicationDate,1930-08-01,The King's Case Note
The King's Case Note,genre,fantasy,The King's Case Note
The King's Case Note,genre,horror,The King's Case Note
The King's Case Note,language,English,The King's Case Note
Gliese 536,instanceOf,star,Gliese 536
Gliese 536,locatedIn,Milky Way,Gliese 536
Gliese 536,hasSpectralType,G-type main-sequence star,Gliese 536
Gliese 536,hasMass,0.69 solar mass,Gliese 536
Gliese 536,hasRadius,0.67 solar radius,Gliese 536
Gliese 536,hasSurfaceTemperature,"5,538 K",Gliese 536
Gliese 536,hasLuminosity,0.38 solar luminosity,Gliese 536
Gliese 536,hasAge,6.68 billion years,Gliese 536
Gliese 536,discoveredBy,William Gliese,Gliese 536
Gliese 536,catalogedBy,Gliese Index of Nearby Stars,Gliese 536
Gliese 536,isLocatedAt,constellation Virgo,Gliese 536
1942 Croatian First League,instanceOf,sports league,1942 Croatian First League
1942 Croatian First League,partOf,1942 in Croatian football,1942 Croatian First League
1942 Croatian First League,partOf,Croatian First League,1942 Croatian First League
1942 Croatian First League,startDate,1942,1942 Croatian First League
1942 Croatian First League,country,Croatia,1942 Croatian First League
1942 Croatian First League,sportsSeason,1941-1942,1942 Croatian First League
1942 Croatian First League,participant,HAŠK Zagreb,1942 Croatian First League
1942 Croatian First League,participant,Građanski Zagreb,1942 Croatian First League
1942 Croatian First League,participant,Slavija Osijek,1942 Croatian First League
1942 Croatian First League,participant,ŽAK Zagreb,1942 Croatian First League
Lactobacillus porci,instanceOf,Species,Lactobacillus porci
Lactobacillus porci,genus,Lactobacillus,Lactobacillus porci
Lactobacillus porci,family,Lactobacillaceae,Lactobacillus porci
Lactobacillus porci,order,Lactobacillales,Lactobacillus porci
Lactobacillus porci,class,Bacilli,Lactobacillus porci
Lactobacillus porci,phylum,Bacteroidota,Lactobacillus porci
Lactobacillus porci,isolationSource,intestine,Lactobacillus porci
Lactobacillus porci,typeStrain,DSM 21387,Lactobacillus porci
Lactobacillus porci,typeStrain,NCIMB 15017,Lactobacillus porci
Lactobacillus porci,hasTaxonomicRank,species,Lactobacillus porci
USS Chester T. O'Brien,instanceOf,Cannon-class destroyer,USS Chester T. O'Brien
USS Chester T. O'Brien,namedAfter,Chester T. O'Brien,USS Chester T. O'Brien
USS Chester T. O'Brien,commissioned,1943-06-05,USS Chester T. O'Brien
USS Chester T. O'Brien,decommissioned,1946-10-28,USS Chester T. O'Brien
USS Chester T. O'Brien,builder,Bath Iron Works,USS Chester T. O'Brien
USS Chester T. O'Brien,laidDown,1942-07-11,USS Chester T. O'Brien
USS Chester T. O'Brien,launched,1943-02-06,USS Chester T. O'Brien
USS Chester T. O'Brien,shipDisplacement,2540,USS Chester T. O'Brien
USS Chester T. O'Brien,shipLength,376.6,USS Chester T. O'Brien
USS Chester T. O'Brien,shipBeam,40.8,USS Chester T. O'Brien
USS Chester T. O'Brien,shipDraft,11.3,USS Chester T. O'Brien
USS Chester T. O'Brien,shipComplement,271,USS Chester T. O'Brien
USS Chester T. O'Brien,shipPower,60000,USS Chester T. O'Brien
USS Chester T. O'Brien,partOf,United States Navy,USS Chester T. O'Brien
Muisca (beetle),instanceOf,beetle,Muisca (beetle)
Muisca (beetle),subclassOf,Cerambycidae,Muisca (beetle)
Muisca (beetle),family,Cerambycidae,Muisca (beetle)
Muisca (beetle),genus,Muisca,Muisca (beetle)
Muisca (beetle),scientific classification," kingdom: Animalia, phylum: Arthropoda, class: Insecta, order: Coleoptera",Muisca (beetle)
subject,predicate,object,F.C. De Kampioenen (comic)
subject,predicate,object,Gmina Bobowa
subject,predicate,object,Galboda Gnanissara Thera
Barbarano Mossano,instanceOf,Comune,Barbarano Mossano
Barbarano Mossano,locatedIn,Italy,Barbarano Mossano
Barbarano Mossano,locatedIn,Veneto,Barbarano Mossano
Barbarano Mossano,locatedIn,Vicenza,Barbarano Mossano
Barbarano Mossano,hasPopulation,approximately 1700,Barbarano Mossano
Legion (video game),instanceOf,video game,Legion (video game)
Legion (video game),developer,Ubisoft,Legion (video game)
Legion (video game),publisher,Ubisoft,Legion (video game)
Legion (video game),releaseDate,2020-10-29,Legion (video game)
Legion (video game),genre,action game,Legion (video game)
Legion (video game),genre,hack and slash,Legion (video game)
Legion (video game),platform,Microsoft Windows,Legion (video game)
Legion (video game),platform,PlayStation 4,Legion (video game)
Legion (video game),platform,Xbox One,Legion (video game)
Legion (video game),setting,dystopian future,Legion (video game)
Legion (video game),protagonist,Dane,Legion (video game)
Legion (video game),protagonist,Wade,Legion (video game)
Legion (video game),protagonist,Lena,Legion (video game)
Legion (video game),protagonist,Kali,Legion (video game)
Legion (video game),protagonist,Noone,Legion (video game)
Legion (video game),based on,Tom Clancy's,Legion (video game)
Legion (video game),series,Tom Clancy's,Legion (video game)
Legion (video game),follow-up,Watch Dogs: Legion,Legion (video game)
subject,predicate,object,Garcinia celebica
subject,predicate,object,Leonard Berkowitz
Ventilator (2018 film),instanceOf,Film,Ventilator (2018 film)
Ventilator (2018 film),releaseDate,2018,Ventilator (2018 film)
Ventilator (2018 film),director,Randeep Hooda,Ventilator (2018 film)
Ventilator (2018 film),starring,Randeep Hooda,Ventilator (2018 film)
Ventilator (2018 film),starring,Shweta Tripathi,Ventilator (2018 film)
Ventilator (2018 film),genre,Drama,Ventilator (2018 film)
Ventilator (2018 film),countryOfOrigin,India,Ventilator (2018 film)
Ventilator (2018 film),language,Hindi,Ventilator (2018 film)
Ventilator (2018 film),basedOn,The Last Breath,Ventilator (2018 film)
Ventilator (2018 film),producer,Randeep Hooda,Ventilator (2018 film)
Ventilator (2018 film),producer,Sanjay Pujani,Ventilator (2018 film)
Ventilator (2018 film),producer,Rajiv Surendra,Ventilator (2018 film)
Ventilator (2018 film),runtime,96 minutes,Ventilator (2018 film)
subject,predicate,object,1940–41 Buffalo Bulls men's basketball team
subject,predicate,object,Pat Rooney (basketball)
1981 Soviet Cup,instanceOf,Soviet Cup,1981 Soviet Cup
1981 Soviet Cup,year,1981,1981 Soviet Cup
1981 Soviet Cup,country,Soviet Union,1981 Soviet Cup
1981 Soviet Cup,winner,CSKA Moscow,1981 Soviet Cup
1981 Soviet Cup,runner-up,Torpedo Moscow,1981 Soviet Cup
1981 Soviet Cup,finalScore,2-1,1981 Soviet Cup
1981 Soviet Cup,finalDate,1981-06-14,1981 Soviet Cup
subject,predicate,object,Frank-Rutger Hausmann
subject,predicate,object,Ivor Robinson (physicist)
Pluriarc,instanceOf,stringed instrument,Pluriarc
Pluriarc,instanceOf,musical instrument,Pluriarc
Pluriarc,hasPart,soundbox,Pluriarc
Pluriarc,hasPart,neck,Pluriarc
Pluriarc,hasPart,strings,Pluriarc
Pluriarc,usedIn,music,Pluriarc
Pluriarc,playedBy,musician,Pluriarc
Lexia to Perplexia,instanceOf,novel,Lexia to Perplexia
Lexia to Perplexia,author,Ruth Frances Long,Lexia to Perplexia
Lexia to Perplexia,publishedIn,The Magazine,Lexia to Perplexia
Lexia to Perplexia,publicationDate,2018,Lexia to Perplexia
Lexia to Perplexia,award,Nebula Award for Best Novella,Lexia to Perplexia
Nosa Iyobosa Edokpolor,instanceOf,Human,Nosa Iyobosa Edokpolor
Nosa Iyobosa Edokpolor,givenName,Nosa Iyobosa,Nosa Iyobosa Edokpolor
Nosa Iyobosa Edokpolor,familyName,Edokpolor,Nosa Iyobosa Edokpolor
Nosa Iyobosa Edokpolor,dateOfBirth,1994-07-23,Nosa Iyobosa Edokpolor
Nosa Iyobosa Edokpolor,position,Defensive midfielder,Nosa Iyobosa Edokpolor
Nosa Iyobosa Edokpolor,memberOf,Viktoria Köln,Nosa Iyobosa Edokpolor
Nosa Iyobosa Edokpolor,hasNationality,Nigeria,Nosa Iyobosa Edokpolor
Dharmapatni (1987 film),instanceOf,film,Dharmapatni (1987 film)
Dharmapatni (1987 film),releaseYear,1987,Dharmapatni (1987 film)
Dharmapatni (1987 film),genre,drama,Dharmapatni (1987 film)
Dharmapatni (1987 film),director,K. Bapaiah,Dharmapatni (1987 film)
Dharmapatni (1987 film),starring,Rajkumar (Kannada actor),Dharmapatni (1987 film)
Dharmapatni (1987 film),starring,Jayanthi,Dharmapatni (1987 film)
Dharmapatni (1987 film),language,Kannada,Dharmapatni (1987 film)
Dharmapatni (1987 film),country,India,Dharmapatni (1987 film)
Jerome Messam,instanceOf,Rugby player,Jerome Messam
Jerome Messam,instanceOf,Sports person,Jerome Messam
Jerome Messam,birthDate,1984-02-20,Jerome Messam
Jerome Messam,birthPlace,Wellington,Jerome Messam
Jerome Messam,plays,Rugby union,Jerome Messam
Jerome Messam,position,Prop (rugby union),Jerome Messam
Jerome Messam,nationality,New Zealand,Jerome Messam
Jerome Messam,nationality,Australian,Jerome Messam
Jerome Messam,team,New Zealand national rugby union team,Jerome Messam
Jerome Messam,team,Wellington Lions,Jerome Messam
Jerome Messam,team,Auckland,Jerome Messam
Jerome Messam,team,Taranaki,Jerome Messam
Jerome Messam,team,Sale Sharks,Jerome Messam
Jerome Messam,team,Biarritz Olympique,Jerome Messam
Jerome Messam,coach,Andrew Foster (rugby union),Jerome Messam
subject,predicate,object,Bert Wright (cricketer)
Bert Wright (cricketer),instanceOf,Cricketer,Bert Wright (cricketer)
Bert Wright (cricketer),birthDate,1901-03-19,Bert Wright (cricketer)
Bert Wright (cricketer),deathDate,1967-07-28,Bert Wright (cricketer)
Bert Wright (cricketer),nationality,English,Bert Wright (cricketer)
Bert Wright (cricketer),givenName,Bert,Bert Wright (cricketer)
Bert Wright (cricketer),familyName,Wright,Bert Wright (cricketer)
Bert Wright (cricketer),playedFor,England,Bert Wright (cricketer)
Bert Wright (cricketer),playedFor,Middlesex,Bert Wright (cricketer)
Bert Wright (cricketer),playedFor,Marylebone Cricket Club,Bert Wright (cricketer)
Bert Wright (cricketer),bowlingStyle,Right-arm medium,Bert Wright (cricketer)
Bert Wright (cricketer),battingStyle,Right-handed,Bert Wright (cricketer)
Bert Wright (cricketer),testMatches,1,Bert Wright (cricketer)
Bert Wright (cricketer),testRuns,28,Bert Wright (cricketer)
Bert Wright (cricketer),testWickets,0,Bert Wright (cricketer)
Bert Wright (cricketer),firstClassMatches,136,Bert Wright (cricketer)
Bert Wright (cricketer),firstClassRuns,2661,Bert Wright (cricketer)
Bert Wright (cricketer),firstClassWickets,172,Bert Wright (cricketer)
subject,predicate,object,Gran Turismo Sport
subject,predicate,object,Herbert Von King Park
Herbert Von King Park,instanceOf,park,Herbert Von King Park
Herbert Von King Park,locatedIn,Atlanta,Herbert Von King Park
Herbert Von King Park,locatedIn,Georgia,Herbert Von King Park
Herbert Von King Park,namedAfter,Herbert Von King,Herbert Von King Park
Herbert Von King Park,openedIn,1930,Herbert Von King Park
Herbert Von King Park,hasArea,0.265,Herbert Von King Park
Herbert Von King Park,features,playground,Herbert Von King Park
Herbert Von King Park,features,basketball court,Herbert Von King Park
Herbert Von King Park,features,picnic area,Herbert Von King Park
Herbert Von King Park,partOf,Piedmont Park,Herbert Von King Park
Herbert Von King Park,maintainedBy,City of Atlanta,Herbert Von King Park
"Seo Dong-won (footballer, born 1973)",instanceOf,Human,"Seo Dong-won (footballer, born 1973)"
"Seo Dong-won (footballer, born 1973)",birthDate,1973,"Seo Dong-won (footballer, born 1973)"
"Seo Dong-won (footballer, born 1973)",birthPlace,South Korea,"Seo Dong-won (footballer, born 1973)"
"Seo Dong-won (footballer, born 1973)",occupation,Association football player,"Seo Dong-won (footballer, born 1973)"
"Seo Dong-won (footballer, born 1973)",position,Defender (association football),"Seo Dong-won (footballer, born 1973)"
"Seo Dong-won (footballer, born 1973)",hasCitizenship,South Korea,"Seo Dong-won (footballer, born 1973)"
subject,predicate,object,Alberto Siliotti
Alberto Siliotti,instanceOf,Person,Alberto Siliotti
Alberto Siliotti,type,Explorer,Alberto Siliotti
Alberto Siliotti,type,Author,Alberto Siliotti
Alberto Siliotti,nationality,Italian,Alberto Siliotti
Alberto Siliotti,knownFor,Exploration of the Arctic,Alberto Siliotti
Alberto Siliotti,knownFor,Exploration of the Mediterranean,Alberto Siliotti
Alberto Siliotti,hasWritten,The Ship of Odysseus,Alberto Siliotti
Alberto Siliotti,hasWritten,The Sunken City,Alberto Siliotti
Alberto Siliotti,hasWritten,The Treasure of the San José,Alberto Siliotti
Alberto Siliotti,instanceOf,Arctic Explorer,Alberto Siliotti
Alberto Siliotti,instanceOf,Mediterranean Explorer,Alberto Siliotti
Alberto Siliotti,hasExplored,Arctic Region,Alberto Siliotti
Alberto Siliotti,hasExplored,Mediterranean Sea,Alberto Siliotti
Alberto Siliotti,hasDiscovered,Underwater archaeological sites,Alberto Siliotti
Alberto Siliotti,isAuthorOf,Several books on underwater archaeology,Alberto Siliotti
Col du Berthiand,instanceOf,mountainPass,Col du Berthiand
Col du Berthiand,locatedIn,France,Col du Berthiand
Col du Berthiand,locatedIn,Haute-Savoie,Col du Berthiand
Col du Berthiand,locatedIn,Auvergne-Rhône-Alpes,Col du Berthiand
subject,predicate,object,Giubiasco–Locarno railway
Giubiasco–Locarno railway,instanceOf,railway line,Giubiasco–Locarno railway
Giubiasco–Locarno railway,location,Switzerland,Giubiasco–Locarno railway
Giubiasco–Locarno railway,connects,Giubiasco,Giubiasco–Locarno railway
Giubiasco–Locarno railway,connects,Locarno,Giubiasco–Locarno railway
Giubiasco–Locarno railway,partOf,Ticino,Giubiasco–Locarno railway
Giubiasco–Locarno railway,operator,Treni Regionali Ticinesi,Giubiasco–Locarno railway
Giubiasco–Locarno railway,length,6.3 km,Giubiasco–Locarno railway
subject,predicate,object,Willoughby Staples Brewster
Gouda triptych of the Life of Mary,instanceOf,triptych,Gouda triptych of the Life of Mary
Gouda triptych of the Life of Mary,depicts,Life of Mary,Gouda triptych of the Life of Mary
Gouda triptych of the Life of Mary,createdBy,Master of the legend of the Life of Mary,Gouda triptych of the Life of Mary
Gouda triptych of the Life of Mary,locatedAt,"Museum of Fine Arts, Budapest",Gouda triptych of the Life of Mary
Gouda triptych of the Life of Mary,partOf,Gouda school,Gouda triptych of the Life of Mary
Gouda triptych of the Life of Mary,materialUsed,oil on panel,Gouda triptych of the Life of Mary
Gouda triptych of the Life of Mary,dateOfCreation,15th century,Gouda triptych of the Life of Mary
Gouda triptych of the Life of Mary,width,120 cm,Gouda triptych of the Life of Mary
Gouda triptych of the Life of Mary,height,90 cm,Gouda triptych of the Life of Mary
Gouda triptych of the Life of Mary,influencedBy,Early Netherlandish painting,Gouda triptych of the Life of Mary
subject,predicate,object,Geogarypus connatus
subject,predicate,object,1945 Giro di Lombardia
subject,predicate,object,Bahau River
subject,predicate,object,Vulcan Centaur
subject,predicate,object,Tigrovaya Balka Nature Reserve
Krzysztof Piątek,instanceOf,Human,Krzysztof Piątek
Krzysztof Piątek,birthPlace,Dębica,Krzysztof Piątek
Krzysztof Piątek,birthDate,1995-02-15,Krzysztof Piątek
Krzysztof Piątek,nationality,Polish,Krzysztof Piątek
Krzysztof Piątek,occupation,Footballer,Krzysztof Piątek
Krzysztof Piątek,position,Forward,Krzysztof Piątek
Krzysztof Piątek,currentTeam,VfB Stuttgart,Krzysztof Piątek
Krzysztof Piątek,previousTeams,Lech Poznań,Krzysztof Piątek
Krzysztof Piątek,previousTeams,Cracovia Kraków,Krzysztof Piątek
Krzysztof Piątek,previousTeams,VfL Wolfsburg,Krzysztof Piątek
Krzysztof Piątek,transferFee,€20 million,Krzysztof Piątek
Krzysztof Piątek,transferDate,2019-01-16,Krzysztof Piątek
Romain Glèlè Kakaï,instanceOf,Politician,Romain Glèlè Kakaï
Romain Glèlè Kakaï,isContributedBy,Benin,Romain Glèlè Kakaï
Romain Glèlè Kakaï,isMemberOf,Republic of the Benin,Romain Glèlè Kakaï
Romain Glèlè Kakaï,hasNationality,Beninese,Romain Glèlè Kakaï
Romain Glèlè Kakaï,isPoliticianOf,Benin,Romain Glèlè Kakaï
subject,predicate,object,Cap Blanc rock shelter
subject,predicate,object,Salix pyrenaica
Note: The number of facts can be very high for popular subjects,"but for a specific and less common subject like ""Salix pyrenaica""",the number of facts might be relatively low.,Salix pyrenaica
Ali Abbasi (director),instanceOf,Film Director,Ali Abbasi (director)
Ali Abbasi (director),birthPlace,"Tehran, Iran",Ali Abbasi (director)
Ali Abbasi (director),nationality,Iranian,Ali Abbasi (director)
Ali Abbasi (director),field,Film,Ali Abbasi (director)
Ali Abbasi (director),field,Cinema,Ali Abbasi (director)
Ali Abbasi (director),givenName,Ali,Ali Abbasi (director)
Ali Abbasi (director),familyName,Abbasi,Ali Abbasi (director)
Ali Abbasi (director),notableWork,M,Ali Abbasi (director)
Ali Abbasi (director),notableWork,Under the Shadow,Ali Abbasi (director)
Ali Abbasi (director),award,Gullfisk Award,Ali Abbasi (director)
Also,please keep in mind that my knowledge cutoff is currently August 2024,so I might not have the most up-to-date information.,Canton of Le Diois
Moor Bridge tram stop,instanceOf,tram stop,Moor Bridge tram stop
Moor Bridge tram stop,locatedIn,West Yorkshire,Moor Bridge tram stop
Moor Bridge tram stop,locatedIn,England,Moor Bridge tram stop
Moor Bridge tram stop,servedBy,Metrolink,Moor Bridge tram stop
Moor Bridge tram stop,openedAt,2002,Moor Bridge tram stop
Czech Republic Davis Cup team,instanceOf,National sports team,Czech Republic Davis Cup team
Czech Republic Davis Cup team,country,Czech Republic,Czech Republic Davis Cup team
Czech Republic Davis Cup team,competition,Davis Cup,Czech Republic Davis Cup team
Czech Republic Davis Cup team,federation,International Tennis Federation,Czech Republic Davis Cup team
Czech Republic Davis Cup team,captain,Željko Krajan,Czech Republic Davis Cup team
Czech Republic Davis Cup team,ITF code,CZE,Czech Republic Davis Cup team
Czech Republic Davis Cup team,firstYear,1993,Czech Republic Davis Cup team
Czech Republic Davis Cup team,previousName,Czechoslovakia Davis Cup team,Czech Republic Davis Cup team
Czech Republic Davis Cup team,title,Czech Republic Davis Cup team,Czech Republic Davis Cup team
Czech Republic Davis Cup team,wins,1,Czech Republic Davis Cup team
Czech Republic Davis Cup team,finalAppearances,1,Czech Republic Davis Cup team
subject,predicate,object,Ramal de Braga
subject,predicate,object,Allegory of Happiness
Uigshader,instanceOf,Scottish_idealized_language,Uigshader
Uigshader,languageCode,uig,Uigshader
Uigshader,spokenIn,Xinjiang,Uigshader
Uigshader,languageType,language,Uigshader
Uigshader,alsoKnownAs,Uyghur,Uigshader
Uigshader,ISO_639-3_code,uig,Uigshader
Uigshader,recognizedBy,Chinese government,Uigshader
Xibenolol,instanceOf,Beta blocker,Xibenolol
Xibenolol,instanceOf,Medicinal compound,Xibenolol
Xibenolol,usedFor,Hypertension treatment,Xibenolol
Xibenolol,hasChemicalFormula,C18H23NO3,Xibenolol
Xibenolol,isA,Synthetic compound,Xibenolol
Xibenolol,hasCASNumber,25608-40-6,Xibenolol
subject,predicate,object,Kapelludden Lighthouse
subject,predicate,object,Flute Concerto No. 1 (Jolivet)
subject,predicate,object,Moisis Michail Bourlas
subject,predicate,object,"Forest House, Chester"
Fahhad Al-Subaie,instanceOf,Q5,Fahhad Al-Subaie
Fahhad Al-Subaie,isInstanceOf,Human,Fahhad Al-Subaie
Fahhad Al-Subaie,type,Q5,Fahhad Al-Subaie
Fahhad Al-Subaie,hasOccupation,Q6256,Fahhad Al-Subaie
Fahhad Al-Subaie,playsSport,Q299020,Fahhad Al-Subaie
Fahhad Al-Subaie,isA,Saudi Arabian,Fahhad Al-Subaie
Fahhad Al-Subaie,isMale,True,Fahhad Al-Subaie
Fahhad Al-Subaie,nationality,Saudi Arabian,Fahhad Al-Subaie
Fahhad Al-Subaie,hasCountry,Saudi Arabia,Fahhad Al-Subaie
Fahhad Al-Subaie,competesIn,Saudi Pro League,Fahhad Al-Subaie
Athletics at the 2024 Summer Paralympics – Women's marathon T12,instanceOf,Paralympic event,Athletics at the 2024 Summer Paralympics – Women's marathon T12
Athletics at the 2024 Summer Paralympics – Women's marathon T12,partOf,Athletics at the 2024 Summer Paralympics,Athletics at the 2024 Summer Paralympics – Women's marathon T12
Athletics at the 2024 Summer Paralympics – Women's marathon T12,hasGender,Women,Athletics at the 2024 Summer Paralympics – Women's marathon T12
Athletics at the 2024 Summer Paralympics – Women's marathon T12,hasClassification,T12,Athletics at the 2024 Summer Paralympics – Women's marathon T12
Athletics at the 2024 Summer Paralympics – Women's marathon T12,hasEventType,Marathon,Athletics at the 2024 Summer Paralympics – Women's marathon T12
Athletics at the 2024 Summer Paralympics – Women's marathon T12,isPartOf,2024 Summer Paralympics,Athletics at the 2024 Summer Paralympics – Women's marathon T12
Athletics at the 2024 Summer Paralympics – Women's marathon T12,hasLocation,Paris,Athletics at the 2024 Summer Paralympics – Women's marathon T12
Athletics at the 2024 Summer Paralympics – Women's marathon T12,hasDisabilityClassification,Visually impaired,Athletics at the 2024 Summer Paralympics – Women's marathon T12
Athletics at the 2024 Summer Paralympics – Women's marathon T12,hasCompetitionType,Track and field,Athletics at the 2024 Summer Paralympics – Women's marathon T12
Easy (2017 film),instanceOf,film,Easy (2017 film)
Easy (2017 film),publicationDate,2017,Easy (2017 film)
Easy (2017 film),director,James C. Edwards,Easy (2017 film)
Easy (2017 film),starring,Dolph Lundgren,Easy (2017 film)
Easy (2017 film),genre,action film,Easy (2017 film)
Easy (2017 film),language,English,Easy (2017 film)
Easy (2017 film),countryOfOrigin,United States,Easy (2017 film)
Easy (2017 film),runtime,90 minutes,Easy (2017 film)
subject,predicate,object,Trouble No More (Darden Smith album)
subject,predicate,object,Platanos railway station
Edward Raquello,instanceOf,Actor,Edward Raquello
Edward Raquello,birthDate,1904-05-05,Edward Raquello
Edward Raquello,deathDate,1996-03-15,Edward Raquello
Edward Raquello,birthPlace,Poland,Edward Raquello
Edward Raquello,deathPlace,United States,Edward Raquello
Edward Raquello,activeIn,film industry,Edward Raquello
Edward Raquello,activeIn,theater industry,Edward Raquello
Edward Raquello,filmography,Something to Shout About (1943),Edward Raquello
Edward Raquello,filmography,Rebel Without a Cause (1935),Edward Raquello
Edward Raquello,marriedTo,Lydia Reeder,Edward Raquello
German submarine U-106 (1940),instanceOf,German submarine U-boat Type VIIC,German submarine U-106 (1940)
German submarine U-106 (1940),commissioned,1940-09-28,German submarine U-106 (1940)
German submarine U-106 (1940),decommissioned,1944-06-26,German submarine U-106 (1940)
German submarine U-106 (1940),builder,Germaniawerft,German submarine U-106 (1940)
German submarine U-106 (1940),laidDown,1940-03-26,German submarine U-106 (1940)
German submarine U-106 (1940),launched,1940-06-25,German submarine U-106 (1940)
German submarine U-106 (1940),commander,Eberhard von Kettenbeint,German submarine U-106 (1940)
German submarine U-106 (1940),fate,sunk,German submarine U-106 (1940)
German submarine U-106 (1940),sunkBy,British warship HMS Bytown,German submarine U-106 (1940)
German submarine U-106 (1940),sunkDate,1944-06-26,German submarine U-106 (1940)
German submarine U-106 (1940),sunkLocation,English Channel,German submarine U-106 (1940)
British Rail Class 505,instanceOf,Electric multiple unit,British Rail Class 505
British Rail Class 505,manufacturer,British Rail,British Rail Class 505
British Rail Class 505,manufacturer,British Rail Engineering,British Rail Class 505
British Rail Class 505,manufacturer,British Rail Engineering Limited,British Rail Class 505
British Rail Class 505,inService,1955,British Rail Class 505
British Rail Class 505,inService,until 1981,British Rail Class 505
British Rail Class 505,operator,British Rail,British Rail Class 505
British Rail Class 505,poweredBy,Electricity,British Rail Class 505
British Rail Class 505,numberBuilt,10,British Rail Class 505
British Rail Class 505,trainLength,57.15 m,British Rail Class 505
British Rail Class 505,topSpeed,75 mph,British Rail Class 505
British Rail Class 505,electrification,1500 V DC,British Rail Class 505
British Rail Class 505,fleetName,British Rail Class 505,British Rail Class 505
British Rail Class 505,alsoKnownAs,British Rail Class 505 Electric Multiple Unit,British Rail Class 505
British Rail Class 505,withdrawn,1981,British Rail Class 505
subject,predicate,object,Creed II
2024 United States Senate election in Florida,instanceOf,United States Senate election,2024 United States Senate election in Florida
2024 United States Senate election in Florida,location,Florida,2024 United States Senate election in Florida
2024 United States Senate election in Florida,startDate,2024-11-05,2024 United States Senate election in Florida
2024 United States Senate election in Florida,subject,United States Senate,2024 United States Senate election in Florida
2024 United States Senate election in Florida,country,United States,2024 United States Senate election in Florida
2024 United States Senate election in Florida,partOf,2024 United States Senate elections,2024 United States Senate election in Florida
2024 United States Senate election in Florida,endorse,[],2024 United States Senate election in Florida
2024 United States Senate election in Florida,candidate,[],2024 United States Senate election in Florida
subject,predicate,object,2011 European Wrestling Championships
2011 European Wrestling Championships,instanceOf,European Wrestling Championships,2011 European Wrestling Championships
2011 European Wrestling Championships,startDate,2011-04-02,2011 European Wrestling Championships
2011 European Wrestling Championships,endDate,2011-04-03,2011 European Wrestling Championships
2011 European Wrestling Championships,hostCity,Dortmund,2011 European Wrestling Championships
2011 European Wrestling Championships,hostCountry,Germany,2011 European Wrestling Championships
2011 European Wrestling Championships,sport,Wrestling,2011 European Wrestling Championships
2011 European Wrestling Championships,competition,2011 European Wrestling Championships,2011 European Wrestling Championships
2011 European Wrestling Championships,numberOfEvents,20,2011 European Wrestling Championships
2011 European Wrestling Championships,discipline,Freestyle wrestling,2011 European Wrestling Championships
2011 European Wrestling Championships,discipline,Greco-Roman wrestling,2011 European Wrestling Championships
2011 European Wrestling Championships,discipline,Women's freestyle wrestling,2011 European Wrestling Championships
"Ann, Lady Fanshawe",instanceOf,Human,"Ann, Lady Fanshawe"
"Ann, Lady Fanshawe",birthName,Ann Eliza Dawson,"Ann, Lady Fanshawe"
"Ann, Lady Fanshawe",givenName,Ann,"Ann, Lady Fanshawe"
"Ann, Lady Fanshawe",familyName,Fanshawe,"Ann, Lady Fanshawe"
"Ann, Lady Fanshawe",title,Lady,"Ann, Lady Fanshawe"
"Ann, Lady Fanshawe",spouse,Sir John Fanshawe,"Ann, Lady Fanshawe"
"Ann, Lady Fanshawe",child,unknown,"Ann, Lady Fanshawe"
"Ann, Lady Fanshawe",nationality,British,"Ann, Lady Fanshawe"
Backstage (1927 film),instanceOf,film,Backstage (1927 film)
Backstage (1927 film),genre,drama film,Backstage (1927 film)
Backstage (1927 film),director,Lloyd Ingraham,Backstage (1927 film)
Backstage (1927 film),producer,Paramount Pictures,Backstage (1927 film)
Backstage (1927 film),starring,Corinne Griffith,Backstage (1927 film)
Backstage (1927 film),starring,Constance Carpenter,Backstage (1927 film)
Backstage (1927 film),releaseDate,1927,Backstage (1927 film)
Backstage (1927 film),country,United States,Backstage (1927 film)
Backstage (1927 film),language,silent film,Backstage (1927 film)
Backstage (1927 film),runtime,60 minutes,Backstage (1927 film)
Callicrates of Samos,instanceOf,Human,Callicrates of Samos
Callicrates of Samos,bornIn,Samos,Callicrates of Samos
Callicrates of Samos,workedIn,Ancient Greece,Callicrates of Samos
Callicrates of Samos,knownFor,Theatrical architecture,Callicrates of Samos
Callicrates of Samos,collaboratedWith,Ictinus,Callicrates of Samos
Callicrates of Samos,built,Parthenon,Callicrates of Samos
Callicrates of Samos,built,Temple of Athena Nike,Callicrates of Samos
Callicrates of Samos,activeIn,5th century BC,Callicrates of Samos
Callicrates of Samos,influencedBy,Ancient Greek architecture,Callicrates of Samos
Malkhaz Abdushelishvili,instanceOf,Q5,Malkhaz Abdushelishvili
Malkhaz Abdushelishvili,birthDate,1985-04-12,Malkhaz Abdushelishvili
Malkhaz Abdushelishvili,birthPlace,Tbilisi,Malkhaz Abdushelishvili
Malkhaz Abdushelishvili,nationality,Georgian,Malkhaz Abdushelishvili
Malkhaz Abdushelishvili,occupation,footballer,Malkhaz Abdushelishvili
Malkhaz Abdushelishvili,position,midfielder,Malkhaz Abdushelishvili
Malkhaz Abdushelishvili,team,FC Dila Gori,Malkhaz Abdushelishvili
Malkhaz Abdushelishvili,team,FC Sioni Bolnisi,Malkhaz Abdushelishvili
Malkhaz Abdushelishvili,team,FC Metalur Tbilisi,Malkhaz Abdushelishvili
subject,predicate,object,Hovea montana
Richard Worsley (cricketer),instanceOf,Cricketer,Richard Worsley (cricketer)
Richard Worsley (cricketer),birthDate,1942,Richard Worsley (cricketer)
Richard Worsley (cricketer),birthPlace,England,Richard Worsley (cricketer)
Richard Worsley (cricketer),playsFor,Hampshire County Cricket Club,Richard Worsley (cricketer)
Richard Worsley (cricketer),role,Bowler,Richard Worsley (cricketer)
Trinity Jo-Li Bliss,instanceOf,Person,Trinity Jo-Li Bliss
Trinity Jo-Li Bliss,birthDate,1984-07-27,Trinity Jo-Li Bliss
Trinity Jo-Li Bliss,nationality,American,Trinity Jo-Li Bliss
Trinity Jo-Li Bliss,residence,United States,Trinity Jo-Li Bliss
Trinity Jo-Li Bliss,occupation,Actor,Trinity Jo-Li Bliss
Trinity Jo-Li Bliss,actorIn,The Game of Life,Trinity Jo-Li Bliss
Trinity Jo-Li Bliss,actorIn,For the Love of Money,Trinity Jo-Li Bliss
Trinity Jo-Li Bliss,actorIn,Soul Men,Trinity Jo-Li Bliss
Trinity Jo-Li Bliss,actorIn,The Butler,Trinity Jo-Li Bliss
Trinity Jo-Li Bliss,filmography,https://www.imdb.com/name/nm2078635/,Trinity Jo-Li Bliss
United Nations Security Council Resolution 1428,instanceOf,United Nations Security Council Resolution,United Nations Security Council Resolution 1428
United Nations Security Council Resolution 1428,adoptedBy,United Nations Security Council,United Nations Security Council Resolution 1428
United Nations Security Council Resolution 1428,adoptionDate,2002-03-29,United Nations Security Council Resolution 1428
United Nations Security Council Resolution 1428,number,1428,United Nations Security Council Resolution 1428
United Nations Security Council Resolution 1428,replaces,United Nations Security Council Resolution 1412,United Nations Security Council Resolution 1428
United Nations Security Council Resolution 1428,subject,Somalia,United Nations Security Council Resolution 1428
United Nations Security Council Resolution 1428,extends,United Nations Operation in Somalia II,United Nations Security Council Resolution 1428
United Nations Security Council Resolution 1428,allows,authorization of an increase in the mandate of the United Nations Operation in Somalia II,United Nations Security Council Resolution 1428
United Nations Security Council Resolution 1428,wasAdoptedBy,United Nations Security Council,United Nations Security Council Resolution 1428
Walter Ross (boxer),instanceOf,Human,Walter Ross (boxer)
Walter Ross (boxer),instanceOf,Boxer,Walter Ross (boxer)
Walter Ross (boxer),birthDate,1907-02-12,Walter Ross (boxer)
Walter Ross (boxer),deathDate,1982-01-04,Walter Ross (boxer)
Walter Ross (boxer),nationality,Canadian,Walter Ross (boxer)
Walter Ross (boxer),sportsCareer,Boxing,Walter Ross (boxer)
HDMS Peder Skram (1864),instanceOf,Ship,HDMS Peder Skram (1864)
HDMS Peder Skram (1864),commissioned,1864,HDMS Peder Skram (1864)
HDMS Peder Skram (1864),country,Denmark,HDMS Peder Skram (1864)
HDMS Peder Skram (1864),class,Peder Skram-class frigate,HDMS Peder Skram (1864)
HDMS Peder Skram (1864),name,Peder Skram,HDMS Peder Skram (1864)
HDMS Peder Skram (1864),operator,Royal Danish Navy,HDMS Peder Skram (1864)
HDMS Peder Skram (1864),shipDisplacement,"1,569 tons",HDMS Peder Skram (1864)
HDMS Peder Skram (1864),shipLength,78.2 m,HDMS Peder Skram (1864)
HDMS Peder Skram (1864),shipBeam,14.8 m,HDMS Peder Skram (1864)
HDMS Peder Skram (1864),shipDraft,4.5 m,HDMS Peder Skram (1864)
HDMS Peder Skram (1864),armament,6 guns,HDMS Peder Skram (1864)
HDMS Peder Skram (1864),armament,2 guns (later),HDMS Peder Skram (1864)
HDMS Peder Skram (1864),crew,300,HDMS Peder Skram (1864)
HDMS Peder Skram (1864),commander,Peter Vilhelm Gothberg,HDMS Peder Skram (1864)
HDMS Peder Skram (1864),participatedIn,Second Schleswig War,HDMS Peder Skram (1864)
HDMS Peder Skram (1864),battle,Battle of Heligoland (1864),HDMS Peder Skram (1864)
1997 Singapore Open,instanceOf,badminton tournament,1997 Singapore Open
1997 Singapore Open,startDate,1997-11-20,1997 Singapore Open
1997 Singapore Open,endDate,1997-11-23,1997 Singapore Open
1997 Singapore Open,location,Singapore,1997 Singapore Open
1997 Singapore Open,partOf,1997 BWF Season,1997 Singapore Open
subject,predicate,object,Derozio Memorial College
Pungalina,instanceOf,Genus,Pungalina (spider)
Pungalina,subclassOf,Araneomorphae,Pungalina (spider)
Pungalina,family,Micropholcomidae,Pungalina (spider)
Pungalina,genus,Pungalina,Pungalina (spider)
Pungalina,isA,Taxon,Pungalina (spider)
Pungalina,isIn,Arachnida,Pungalina (spider)
Pungalina,isIn,Arthropoda,Pungalina (spider)
Pungalina,isIn,Micropholcomidae,Pungalina (spider)
1892 United States presidential election in New York,instanceOf,election,1892 United States presidential election in New York
1892 United States presidential election in New York,locatedIn,New York,1892 United States presidential election in New York
1892 United States presidential election in New York,partOf,1892 United States presidential election,1892 United States presidential election in New York
1892 United States presidential election in New York,startTime,1892-11-08,1892 United States presidential election in New York
1892 United States presidential election in New York,endTime,1892-11-08,1892 United States presidential election in New York
1892 United States presidential election in New York,candidate,Grover Cleveland,1892 United States presidential election in New York
1892 United States presidential election in New York,candidate,Benjamin Harrison,1892 United States presidential election in New York
1892 United States presidential election in New York,candidate,James B. Weaver,1892 United States presidential election in New York
1892 United States presidential election in New York,electionResult,Grover Cleveland,1892 United States presidential election in New York
1892 United States presidential election in New York,numberOfElectors,36,1892 United States presidential election in New York
1892 United States presidential election in New York,electoralVote,36,1892 United States presidential election in New York
NGC 7812,instanceOf,astronomical object,NGC 7812
NGC 7812,instanceOf,spiral galaxy,NGC 7812
NGC 7812,locatedIn,Pegasus constellation,NGC 7812
NGC 7812,hasType,galaxy,NGC 7812
NGC 7812,hasSubtype,spiral,NGC 7812
NGC 7812,morphologicalType,SA(s)b,NGC 7812
NGC 7812,distance,178 million light-years,NGC 7812
NGC 7812,diameter,"70,000 light-years",NGC 7812
NGC 7812,discoveredBy,Heinrich d'Arrest,NGC 7812
NGC 7812,discoveryYear,1854,NGC 7812
NGC 7812,alternativeName,PGC 204063,NGC 7812
NGC 7812,alternativeName,MGC +00-29-009,NGC 7812
NGC 7812,alternativeName,2MASX 00005991+0739169,NGC 7812
NGC 7812,alternativeName,SDSS J000059+073917,NGC 7812
subject,predicate,object,Leverkusen Mitte station
"3,4-Dihydroxybenzaldehyde",instanceOf,chemical compound,"3,4-Dihydroxybenzaldehyde"
"3,4-Dihydroxybenzaldehyde",hasChemicalFormula,C7H6O3,"3,4-Dihydroxybenzaldehyde"
"3,4-Dihydroxybenzaldehyde",hasSMILES,O=CC1=CC(O)=C(O)C=C1,"3,4-Dihydroxybenzaldehyde"
"3,4-Dihydroxybenzaldehyde",isALigand,yes,"3,4-Dihydroxybenzaldehyde"
"3,4-Dihydroxybenzaldehyde",hasInChI,"InChI=1S=C7H6O3/c1-2-3-4(6(8)9)5(7)10/h2-3H,1H, (H,8,9,10)","3,4-Dihydroxybenzaldehyde"
"3,4-Dihydroxybenzaldehyde",isUsedIn,biochemistry,"3,4-Dihydroxybenzaldehyde"
"3,4-Dihydroxybenzaldehyde",isRelatedTo,benzaldehyde,"3,4-Dihydroxybenzaldehyde"
"3,4-Dihydroxybenzaldehyde",hasPubChemCID,5531535,"3,4-Dihydroxybenzaldehyde"
"3,4-Dihydroxybenzaldehyde",hasChemSpiderID,10251424,"3,4-Dihydroxybenzaldehyde"
subject,predicate,object,Microsoft Band 2
subject,predicate,object,Butralin
subject,predicate,object,Forrest N. Iandola
subject,predicate,object,Portsmouth Historic Dockyard
Kagerup railway station,instanceOf,Railway station,Kagerup railway station
Kagerup railway station,locatedIn,Sweden,Kagerup railway station
Kagerup railway station,servedBy,Malmö-Köpenhamn railway,Kagerup railway station
Kagerup railway station,hasPlatforms,2,Kagerup railway station
Kagerup railway station,hasTracks,2,Kagerup railway station
subject,predicate,object,Cilejit railway station
subject,predicate,object,Israel Abanikanda
subject,predicate,object,Ignacy Tłoczyński
subject,predicate,object,Shuangxi Park and Chinese Garden
Mikhail Pashnin,instanceOf,Q5,Mikhail Pashnin
Mikhail Pashnin,type,Russian politician,Mikhail Pashnin
Mikhail Pashnin,occupation,politician,Mikhail Pashnin
Mikhail Pashnin,position,Member of the State Duma,Mikhail Pashnin
Mikhail Pashnin,electedBy,State Duma (Russia),Mikhail Pashnin
Mikhail Pashnin,country,Russia,Mikhail Pashnin
Mikhail Pashnin,partOf,A Just Russia,Mikhail Pashnin
"Hôtel de Ville, Angers",instanceOf,town hall,"Hôtel de Ville, Angers"
"Hôtel de Ville, Angers",locatedIn,Angers,"Hôtel de Ville, Angers"
"Hôtel de Ville, Angers",locatedIn,Maine-et-Loire,"Hôtel de Ville, Angers"
"Hôtel de Ville, Angers",locatedIn,Pays de la Loire,"Hôtel de Ville, Angers"
"Hôtel de Ville, Angers",architect,Victor Laloux,"Hôtel de Ville, Angers"
"Hôtel de Ville, Angers",architect,Jean-Baptiste Duret,"Hôtel de Ville, Angers"
"Hôtel de Ville, Angers",architect,Paul Janet,"Hôtel de Ville, Angers"
"Hôtel de Ville, Angers",hasPart,clock tower,"Hôtel de Ville, Angers"
"Hôtel de Ville, Angers",hasPart,courtyard,"Hôtel de Ville, Angers"
"Hôtel de Ville, Angers",hasPart,staircase,"Hôtel de Ville, Angers"
"Hôtel de Ville, Angers",style,Neorenaissance,"Hôtel de Ville, Angers"
"Hôtel de Ville, Angers",style,Art Nouveau,"Hôtel de Ville, Angers"
"Hôtel de Ville, Angers",commissionedBy,City of Angers,"Hôtel de Ville, Angers"
"Hôtel de Ville, Angers",inaugurationDate,1892,"Hôtel de Ville, Angers"
"Hôtel de Ville, Angers",heritageStatus,monument historique,"Hôtel de Ville, Angers"
"Hôtel de Ville, Angers",monument historique reference,PA49000041,"Hôtel de Ville, Angers"
subject,predicate,object,Cinema Management Group
subject,predicate,object,Zhongyuan Bank
subject,predicate,object,Canton of Nomeny
Eristalini,instanceOf,family,Eristalini
Eristalini,partOf,Syrphidae,Eristalini
Eristalini,hasPart,Eristalinus,Eristalini
Eristalini,hasPart,Eristalus,Eristalini
Eristalini,hasPart,Helophilus,Eristalini
Eristalini,hasPart,Meromacrus,Eristalini
Eristalini,hasPart,Protomogrus,Eristalini
Eristalini,classification,Diptera,Eristalini
Eristalini,classification,Insecta,Eristalini
Eristalini,classification,Arthropoda,Eristalini
subject,predicate,object,RAF Montford Bridge
As I was able to gather only a few facts,the list is relatively short. For a more popular subject,the list would likely be longer.,RAF Montford Bridge
Lemon (1969 film),instanceOf,film,Lemon (1969 film)
Lemon (1969 film),releaseDate,1969,Lemon (1969 film)
Lemon (1969 film),director,Terry Hughes,Lemon (1969 film)
Lemon (1969 film),starring,Peter Sellers,Lemon (1969 film)
Lemon (1969 film),starring,Michael Lonsdale,Lemon (1969 film)
Lemon (1969 film),starring,Susanne Hamilton,Lemon (1969 film)
Lemon (1969 film),genre,comedy film,Lemon (1969 film)
Lemon (1969 film),genre,drama film,Lemon (1969 film)
Lemon (1969 film),country,United Kingdom,Lemon (1969 film)
Lemon (1969 film),language,English,Lemon (1969 film)
Lemon (1969 film),runtime,105 minutes,Lemon (1969 film)
Lemon (1969 film),basedOn,The Lemon,Lemon (1969 film)
Lemon (1969 film),producer,John Deakin,Lemon (1969 film)
Lemon (1969 film),producer,Tony Garbutt,Lemon (1969 film)
Lemon (1969 film),producer,Michael S. Simpson,Lemon (1969 film)
Orléanais Historical and Archaeological Museum,instanceOf,museum,Orléanais Historical and Archaeological Museum
Orléanais Historical and Archaeological Museum,location,Orléans,Orléanais Historical and Archaeological Museum
Orléanais Historical and Archaeological Museum,hasCollection,archaeological artifact,Orléanais Historical and Archaeological Museum
Orléanais Historical and Archaeological Museum,hasCollection,historical artifact,Orléanais Historical and Archaeological Museum
Orléanais Historical and Archaeological Museum,foundingDate,1830,Orléanais Historical and Archaeological Museum
Orléanais Historical and Archaeological Museum,building,former Jesuit college,Orléanais Historical and Archaeological Museum
Orléanais Historical and Archaeological Museum,exhibits,artwork,Orléanais Historical and Archaeological Museum
Orléanais Historical and Archaeological Museum,exhibits,document,Orléanais Historical and Archaeological Museum
Orléanais Historical and Archaeological Museum,exhibits,archaeological find,Orléanais Historical and Archaeological Museum
Orléanais Historical and Archaeological Museum,visitor,tourist,Orléanais Historical and Archaeological Museum
Orléanais Historical and Archaeological Museum,locatedIn,Loire Valley,Orléanais Historical and Archaeological Museum
subject,predicate,object,Horsburgh Castle
subject,predicate,object,The Three Witches
subject,predicate,object,Double Concerto (Lutosławski)
USS W. S. Sims,instanceOf,destroyer,USS W. S. Sims
USS W. S. Sims,namedAfter,William Sowden Sims,USS W. S. Sims
USS W. S. Sims,operator,United States Navy,USS W. S. Sims
USS W. S. Sims,commissioningDate,1918-04-20,USS W. S. Sims
USS W. S. Sims,decommissioningDate,1946-03-26,USS W. S. Sims
USS W. S. Sims,participantIn,World War I,USS W. S. Sims
USS W. S. Sims,participantIn,World War II,USS W. S. Sims
USS W. S. Sims,shipDisplacement,1090,USS W. S. Sims
USS W. S. Sims,length,89.06,USS W. S. Sims
USS W. S. Sims,beam,9.68,USS W. S. Sims
USS W. S. Sims,draft,2.79,USS W. S. Sims
USS W. S. Sims,shipPower,25000,USS W. S. Sims
USS W. S. Sims,propulsion,steam turbine,USS W. S. Sims
USS W. S. Sims,speed,35,USS W. S. Sims
USS W. S. Sims,class,Clemson-class destroyer,USS W. S. Sims
USS W. S. Sims,builder,Babcock & Wilcox,USS W. S. Sims
USS W. S. Sims,laidDown,1917-12-10,USS W. S. Sims
USS W. S. Sims,launched,1918-03-04,USS W. S. Sims
USS W. S. Sims,sponsoredBy,Mrs. William S. Sims,USS W. S. Sims
subject,predicate,object,"Meadowbank, Tasmania"
subject,predicate,object,Naranjito District
subject,predicate,object,Florido Tower
Wang Tong (basketball),instanceOf,Chinese basketball player,Wang Tong (basketball)
Wang Tong (basketball),playsFor,Shanghai Sharks,Wang Tong (basketball)
Wang Tong (basketball),playsFor,Guangdong Southern Tigers,Wang Tong (basketball)
Wang Tong (basketball),position,Point guard,Wang Tong (basketball)
Wang Tong (basketball),birthDate,1987-11-20,Wang Tong (basketball)
Wang Tong (basketball),height,185 cm,Wang Tong (basketball)
Wang Tong (basketball),weight,85 kg,Wang Tong (basketball)
Wang Tong (basketball),plays,Basketball,Wang Tong (basketball)
Wang Tong (basketball),nationality,Chinese,Wang Tong (basketball)
Every Ocean Hughes,instanceOf,Album,Every Ocean Hughes
Trustfall (song),instanceOf,song,Trustfall (song)
Trustfall (song),partOf,Trustfall (album),Trustfall (song)
Trustfall (song),artist,Papa Roach,Trustfall (song)
Trustfall (song),genre,nu metal,Trustfall (song)
Trustfall (song),publicationDate,2000-01-01,Trustfall (song)
Trustfall (song),album,Infest,Trustfall (song)
Trustfall (song),producer,Gavin Brown,Trustfall (song)
Trustfall (song),composer,Jacomijn Smit,Trustfall (song)
Lulu (1953 film),instanceOf,film,Lulu (1953 film)
Lulu (1953 film),genre,drama film,Lulu (1953 film)
Lulu (1953 film),countryOfOrigin,France,Lulu (1953 film)
Lulu (1953 film),language,French,Lulu (1953 film)
Lulu (1953 film),director,Léopold Sédar Senghor,Lulu (1953 film)
Lulu (1953 film),basedOn,Lulu,Lulu (1953 film)
Lulu (1953 film),starring,Pierre Blanchar,Lulu (1953 film)
Lulu (1953 film),starring,Corinne Marchand,Lulu (1953 film)
Lulu (1953 film),releaseDate,1953,Lulu (1953 film)
Lulu (1953 film),runtime,90 minutes,Lulu (1953 film)
subject,predicate,object,"Henry IX, Count of Waldeck"
Hideaway (1937 film),instanceOf,film,Hideaway (1937 film)
Hideaway (1937 film),genre,comedy drama,Hideaway (1937 film)
Hideaway (1937 film),director,Alfred Zeisler,Hideaway (1937 film)
Hideaway (1937 film),producer,Alfred Zeisler,Hideaway (1937 film)
Hideaway (1937 film),starring,Béla Fleck,Hideaway (1937 film)
Hideaway (1937 film),starring,Lynn Bari,Hideaway (1937 film)
Hideaway (1937 film),starring,Ricardo Cortez,Hideaway (1937 film)
Hideaway (1937 film),releaseYear,1937,Hideaway (1937 film)
Hideaway (1937 film),country,United States,Hideaway (1937 film)
Hideaway (1937 film),language,English,Hideaway (1937 film)
subject,predicate,object,Audio Publishers Association
MV American Courage,instanceOf,Ship,MV American Courage
MV American Courage,hasCountryOfOrigin,United States,MV American Courage
MV American Courage,hasType,Great Lakes freighter,MV American Courage
MV American Courage,hasLength,226.8,MV American Courage
MV American Courage,hasBeam,32.9,MV American Courage
MV American Courage,hasDraft,10.7,MV American Courage
MV American Courage,hasGrossTonnage,1782,MV American Courage
MV American Courage,hasDeadweightTonnage,2342,MV American Courage
MV American Courage,hasBuilt,1974,MV American Courage
MV American Courage,hasBuilder,Chicago Shipbuilding Company,MV American Courage
MV American Courage,hasHomePort,"Cleveland, Ohio",MV American Courage
Take You Down (Illenium song),instanceOf,song,Take You Down (Illenium song)
Take You Down (Illenium song),artist,Illenium,Take You Down (Illenium song)
Take You Down (Illenium song),released,2019-05-17,Take You Down (Illenium song)
Take You Down (Illenium song),genre,electronic dance music,Take You Down (Illenium song)
Take You Down (Illenium song),producer,Illenium,Take You Down (Illenium song)
subject,predicate,object,"Kuzkin, Volgograd Oblast"
Tsai Pai-sheng,instanceOf,Person,Tsai Pai-sheng
Tsai Pai-sheng,birthPlace,Taiwan,Tsai Pai-sheng
Tsai Pai-sheng,occupation,Politician,Tsai Pai-sheng
Tsai Pai-sheng,office,Minister of Labor,Tsai Pai-sheng
Tsai Pai-sheng,politicalParty,Democratic Progressive Party,Tsai Pai-sheng
Tsai Pai-sheng,spouse,Wu Sui-mei,Tsai Pai-sheng
Hirudinaria,instanceOf,Annelid,Hirudinaria (annelid)
Hirudinaria,isA,Leeches,Hirudinaria (annelid)
Hirudinaria,phylum,Annelida,Hirudinaria (annelid)
Hirudinaria,class,Clitellata,Hirudinaria (annelid)
Hirudinaria,order,Rhynchobdellida,Hirudinaria (annelid)
Hirudinaria,family,Hirudinidae,Hirudinaria (annelid)
Hirudinaria,genus,Hirudinaria,Hirudinaria (annelid)
Hirudinaria,hasPart,Sucker,Hirudinaria (annelid)
Hirudinaria,hasPart,Clitellum,Hirudinaria (annelid)
Hirudinaria,feedsOn,Blood,Hirudinaria (annelid)
Hirudinaria,parasiteOf,Vertebrate,Hirudinaria (annelid)
subject,predicate,object,Starsector
Huepetuche District,instanceOf,district,Huepetuche District
Huepetuche District,locatedIn,Mexico,Huepetuche District
Huepetuche District,locatedIn,Guerrero,Huepetuche District
Huepetuche District,capital,Huepetuche,Huepetuche District
Robbie Ryan (cinematographer),instanceOf,human,Robbie Ryan (cinematographer)
Robbie Ryan (cinematographer),instanceOf,cinematographer,Robbie Ryan (cinematographer)
Robbie Ryan (cinematographer),birthDate,1970-05-08,Robbie Ryan (cinematographer)
Robbie Ryan (cinematographer),birthPlace,Dublin,Robbie Ryan (cinematographer)
Robbie Ryan (cinematographer),nationality,Irish,Robbie Ryan (cinematographer)
Robbie Ryan (cinematographer),spouse,Sofia Coppola,Robbie Ryan (cinematographer)
Robbie Ryan (cinematographer),notableWork,The Souvenir,Robbie Ryan (cinematographer)
Robbie Ryan (cinematographer),notableWork,Eternal Sunshine of the Spotless Mind,Robbie Ryan (cinematographer)
Robbie Ryan (cinematographer),notableWork,The Beach,Robbie Ryan (cinematographer)
Robbie Ryan (cinematographer),award,Academy Award for Best Cinematography,Robbie Ryan (cinematographer)
Robbie Ryan (cinematographer),award,BAFTA Award for Best Cinematography,Robbie Ryan (cinematographer)
Robbie Ryan (cinematographer),memberOf,Academy of Motion Picture Arts and Sciences,Robbie Ryan (cinematographer)
Gustavo Balcázar Monzón,instanceOf,Human,Gustavo Balcázar Monzón
Gustavo Balcázar Monzón,birthPlace,Mexico,Gustavo Balcázar Monzón
Gustavo Balcázar Monzón,occupation,Politician,Gustavo Balcázar Monzón
Gustavo Balcázar Monzón,position,Governor of Chihuahua,Gustavo Balcázar Monzón
Gustavo Balcázar Monzón,term,1980-1986,Gustavo Balcázar Monzón
subject,predicate,object,United States Department of Justice Criminal Division
Dmitry Petrovich Dokhturov,instanceOf,Human,Dmitry Petrovich Dokhturov
Dmitry Petrovich Dokhturov,birthDate,1776,Dmitry Petrovich Dokhturov
Dmitry Petrovich Dokhturov,deathDate,1817-11-28,Dmitry Petrovich Dokhturov
Dmitry Petrovich Dokhturov,militaryRank,General of the Cavalry,Dmitry Petrovich Dokhturov
Dmitry Petrovich Dokhturov,country,Russian Empire,Dmitry Petrovich Dokhturov
Dmitry Petrovich Dokhturov,battle,French invasion of Russia,Dmitry Petrovich Dokhturov
Dmitry Petrovich Dokhturov,battle,Patriotic War of 1812,Dmitry Petrovich Dokhturov
Dmitry Petrovich Dokhturov,award,Order of St. Andrew,Dmitry Petrovich Dokhturov
Dmitry Petrovich Dokhturov,award,Order of St. Alexander Nevsky,Dmitry Petrovich Dokhturov
Dmitry Petrovich Dokhturov,award,Order of St. George,Dmitry Petrovich Dokhturov
Dmitry Petrovich Dokhturov,position,Member of the State Council of the Russian Empire,Dmitry Petrovich Dokhturov
"Rodrigo de Sousa Coutinho, 1st Count of Linhares",instanceOf,Noble,"Rodrigo de Sousa Coutinho, 1st Count of Linhares"
"Rodrigo de Sousa Coutinho, 1st Count of Linhares",instanceOf,Politician,"Rodrigo de Sousa Coutinho, 1st Count of Linhares"
"Rodrigo de Sousa Coutinho, 1st Count of Linhares",bornIn,Portugal,"Rodrigo de Sousa Coutinho, 1st Count of Linhares"
"Rodrigo de Sousa Coutinho, 1st Count of Linhares",title,1st Count of Linhares,"Rodrigo de Sousa Coutinho, 1st Count of Linhares"
"Rodrigo de Sousa Coutinho, 1st Count of Linhares",givenName,Rodrigo,"Rodrigo de Sousa Coutinho, 1st Count of Linhares"
"Rodrigo de Sousa Coutinho, 1st Count of Linhares",familyName,Sousa Coutinho,"Rodrigo de Sousa Coutinho, 1st Count of Linhares"
"Rodrigo de Sousa Coutinho, 1st Count of Linhares",diedIn,Portugal,"Rodrigo de Sousa Coutinho, 1st Count of Linhares"
"Rodrigo de Sousa Coutinho, 1st Count of Linhares",partOf,History of Portugal,"Rodrigo de Sousa Coutinho, 1st Count of Linhares"
"Rodrigo de Sousa Coutinho, 1st Count of Linhares",position,Governor of Rio de Janeiro,"Rodrigo de Sousa Coutinho, 1st Count of Linhares"
"Rodrigo de Sousa Coutinho, 1st Count of Linhares",position,Minister of the Kingdom,"Rodrigo de Sousa Coutinho, 1st Count of Linhares"
subject,predicate,object,Jim Cox (baseball)
Jim Cox (baseball),instanceOf,Person,Jim Cox (baseball)
Jim Cox (baseball),birthDate,1947-07-21,Jim Cox (baseball)
Jim Cox (baseball),birthPlace,United States,Jim Cox (baseball)
Jim Cox (baseball),occupation,Baseball player,Jim Cox (baseball)
Jim Cox (baseball),position,Pitcher,Jim Cox (baseball)
Jim Cox (baseball),teams,Atlanta Braves,Jim Cox (baseball)
Jim Cox (baseball),teams,St. Louis Cardinals,Jim Cox (baseball)
Jim Cox (baseball),teams,Kansas City Royals,Jim Cox (baseball)
Jim Cox (baseball),league,Major League Baseball,Jim Cox (baseball)
Jim Cox (baseball),yearsActive,1970-1974,Jim Cox (baseball)
Acta Zoologica Cracoviensia,instanceOf,scientific journal,Acta Zoologica Cracoviensia
Acta Zoologica Cracoviensia,publisher,Polish Academy of Sciences,Acta Zoologica Cracoviensia
Acta Zoologica Cracoviensia,language,English,Acta Zoologica Cracoviensia
Acta Zoologica Cracoviensia,subject,zoology,Acta Zoologica Cracoviensia
Acta Zoologica Cracoviensia,foundedBy,Polish Academy of Sciences,Acta Zoologica Cracoviensia
Acta Zoologica Cracoviensia,inception,1958,Acta Zoologica Cracoviensia
Acta Zoologica Cracoviensia,ISSN,0065-1587,Acta Zoologica Cracoviensia
Acta Zoologica Cracoviensia,website,https://journals.pan.pl/zoologica,Acta Zoologica Cracoviensia
Brian Altman,instanceOf,Poker Player,Brian Altman (poker player)
Brian Altman,country,United States,Brian Altman (poker player)
Brian Altman,dateOfBirth,1974-01-15,Brian Altman (poker player)
Brian Altman,residence,Las Vegas,Brian Altman (poker player)
Brian Altman,profession,Poker Player,Brian Altman (poker player)
Brian Altman,sport,Poker,Brian Altman (poker player)
Brian Altman,award,WSOP bracelet,Brian Altman (poker player)
Brian Altman,award,World Poker Tour award,Brian Altman (poker player)
Brian Altman,hasPrizeMoney,yes,Brian Altman (poker player)
Brian Altman,pokerTournament,World Series of Poker,Brian Altman (poker player)
Brian Altman,pokerTournament,World Poker Tour,Brian Altman (poker player)
Brian Altman,pokerTournament,PokerStars,Brian Altman (poker player)
Brian Altman,cash,yes,Brian Altman (poker player)
"Billy Little (rugby league, born 1911)",instanceOf,Human,"Billy Little (rugby league, born 1911)"
"Billy Little (rugby league, born 1911)",bornIn,1911,"Billy Little (rugby league, born 1911)"
"Billy Little (rugby league, born 1911)",plays,Rugby league,"Billy Little (rugby league, born 1911)"
"Billy Little (rugby league, born 1911)",hasOccupation,Rugby league player,"Billy Little (rugby league, born 1911)"
subject,predicate,object,Roman amphitheatre of Italica
subject,predicate,object,Peking University First Hospital
subject,predicate,object,Lesser prairie-chicken
Pennsylvania Railroad class C1,instanceOf,Steam Locomotive,Pennsylvania Railroad class C1
Pennsylvania Railroad class C1,manufacturer,Pennsylvania Railroad,Pennsylvania Railroad class C1
Pennsylvania Railroad class C1,buildYear,1904,Pennsylvania Railroad class C1
Pennsylvania Railroad class C1,numberOfCylinders,4,Pennsylvania Railroad class C1
Pennsylvania Railroad class C1,driveType,4-4-0,Pennsylvania Railroad class C1
Pennsylvania Railroad class C1,powerType,Steam,Pennsylvania Railroad class C1
Pennsylvania Railroad class C1,tractionType,Steam Locomotive,Pennsylvania Railroad class C1
Pennsylvania Railroad class C1,operator,Pennsylvania Railroad,Pennsylvania Railroad class C1
Pennsylvania Railroad class C1,class,C1,Pennsylvania Railroad class C1
subject,predicate,object,Tamil Times
subject,predicate,object,Edward D. Sheafer Jr.
Louth Museum,instanceOf,Museum,Louth Museum
Louth Museum,locatedIn,"Louth, Lincolnshire",Louth Museum
Louth Museum,hasCollection,Local history,Louth Museum
Louth Museum,hasCollection,Archaeology,Louth Museum
Louth Museum,hasCollection,Natural history,Louth Museum
Louth Museum,visitorCenter,Yes,Louth Museum
Louth Museum,heritageOrganisation,Museum of Lincolnshire Life,Louth Museum
Louth Museum,openingHours,Tuesday to Saturday,Louth Museum
Louth Museum,address,Lincolnshire,Louth Museum
Louth Museum,telephone,+44 1522 873535,Louth Museum
subject,predicate,object,Never Worn White
Never Worn White,instanceOf,Song,Never Worn White
Never Worn White,partOf,Folklore,Never Worn White
Never Worn White,composedBy,Taylor Swift,Never Worn White
Never Worn White,publishedBy,Universal Music Group,Never Worn White
Never Worn White,releasedOn,"July 23, 2020",Never Worn White
subject,predicate,object,Marcell Ateman
Australia at the 2018 Winter Olympics,instanceOf,Country sports team at the Olympics,Australia at the 2018 Winter Olympics
Australia at the 2018 Winter Olympics,competition,2018 Winter Olympics,Australia at the 2018 Winter Olympics
Australia at the 2018 Winter Olympics,country,Australia,Australia at the 2018 Winter Olympics
Australia at the 2018 Winter Olympics,hasLeader,Stephen Crameri,Australia at the 2018 Winter Olympics
Australia at the 2018 Winter Olympics,numberOfAthletes,15,Australia at the 2018 Winter Olympics
Australia at the 2018 Winter Olympics,numberOfSports,5,Australia at the 2018 Winter Olympics
Australia at the 2018 Winter Olympics,olympicGames,2018 Winter Olympics,Australia at the 2018 Winter Olympics
Australia at the 2018 Winter Olympics,participatedIn,Olympic Games,Australia at the 2018 Winter Olympics
Australia at the 2018 Winter Olympics,winterOlympics,2018 Winter Olympics,Australia at the 2018 Winter Olympics
Australia,hasNationalOlympicCommittee,Australian Olympic Committee,Australia at the 2018 Winter Olympics
subject,predicate,object,Krouna train accident
Krouna train accident,instanceOf,train accident,Krouna train accident
Krouna train accident,location,Krouna,Krouna train accident
Krouna train accident,date,2011-02-14,Krouna train accident
Krouna train accident,country,Czech Republic,Krouna train accident
Krouna train accident,result,"4 deaths, 22 injured",Krouna train accident
Krouna train accident,cause,human error,Krouna train accident
2012 OFC Nations Cup final,instanceOf,sports event,2012 OFC Nations Cup final
2012 OFC Nations Cup final,partOf,2012 OFC Nations Cup,2012 OFC Nations Cup final
2012 OFC Nations Cup final,occurredOn,2012-06-08,2012 OFC Nations Cup final
2012 OFC Nations Cup final,location,Auckland,2012 OFC Nations Cup final
2012 OFC Nations Cup final,winner,New Zealand national football team,2012 OFC Nations Cup final
2012 OFC Nations Cup final,runnerUp,French Polynesia national football team,2012 OFC Nations Cup final
2012 OFC Nations Cup final,score,1-0,2012 OFC Nations Cup final
2012 OFC Nations Cup final,goalScorer,Shane Smeltz,2012 OFC Nations Cup final
John Ireland (cricketer),instanceOf,Cricketer,John Ireland (cricketer)
John Ireland (cricketer),playsCricketFor,Leicestershire,John Ireland (cricketer)
John Ireland (cricketer),born,1873,John Ireland (cricketer)
John Ireland (cricketer),died,1936,John Ireland (cricketer)
John Ireland (cricketer),country,England,John Ireland (cricketer)
subject,predicate,object,Vipera berus sachalinensis
subject,predicate,object,Brown-snouted blind snake
subject,predicate,object,NGC 4999
Wade Woodaz,instanceOf,Human,Wade Woodaz
Wade Woodaz,occupation,Film Director,Wade Woodaz
Wade Woodaz,occupation,Screenwriter,Wade Woodaz
Wade Woodaz,birthDate,1975-04-14,Wade Woodaz
Wade Woodaz,birthPlace,"Regina, Saskatchewan",Wade Woodaz
Wade Woodaz,nationality,Canadian,Wade Woodaz
Arnold Juklerød,instanceOf,Person,Arnold Juklerød
Arnold Juklerød,hasOccupation,Musician,Arnold Juklerød
Arnold Juklerød,hasOccupation,Singer,Arnold Juklerød
Arnold Juklerød,memberOf,Blackthorns,Arnold Juklerød
Arnold Juklerød,memberOf,Vampire,Arnold Juklerød
Arnold Juklerød,instrument,Guitar,Arnold Juklerød
Arnold Juklerød,instrument,Vocals,Arnold Juklerød
Giyosjon Boboev,instanceOf,Human,Giyosjon Boboev
Giyosjon Boboev,isA,Uzbekistani wrestler,Giyosjon Boboev
Giyosjon Boboev,competedIn,2016 Summer Olympics,Giyosjon Boboev
Giyosjon Boboev,competedIn,2020 Summer Olympics,Giyosjon Boboev
Giyosjon Boboev,participatedIn,Wrestling at the 2016 Summer Olympics,Giyosjon Boboev
Giyosjon Boboev,participatedIn,Wrestling at the 2020 Summer Olympics,Giyosjon Boboev
Giyosjon Boboev,isFrom,Uzbekistan,Giyosjon Boboev
subject,predicate,object,Djamel Ibouzidène
subject,predicate,object,2003 Sundance Film Festival
2003 Sundance Film Festival,instanceOf,Sundance Film Festival,2003 Sundance Film Festival
2003 Sundance Film Festival,year,2003,2003 Sundance Film Festival
2003 Sundance Film Festival,location,"Park City, Utah",2003 Sundance Film Festival
2003 Sundance Film Festival,eventNumber,19,2003 Sundance Film Festival
2003 Sundance Film Festival,startDate,2003-01-16,2003 Sundance Film Festival
2003 Sundance Film Festival,endDate,2003-01-26,2003 Sundance Film Festival
2003 Sundance Film Festival,subject,Film festival,2003 Sundance Film Festival
2003 Sundance Film Festival,award,Sundance Film Festival awards,2003 Sundance Film Festival
2003 Sundance Film Festival,participant,Filmmakers,2003 Sundance Film Festival
2003 Sundance Film Festival,hasAward,Grand Jury Prize,2003 Sundance Film Festival
2003 Sundance Film Festival,hasAward,Audience Award,2003 Sundance Film Festival
2003 Sundance Film Festival,presentedBy,Sundance Institute,2003 Sundance Film Festival
2003 Sundance Film Festival,host,Robert Redford,2003 Sundance Film Festival
2010 Rochdale Metropolitan Borough Council election,instanceOf,Rochdale Metropolitan Borough Council election,2010 Rochdale Metropolitan Borough Council election
2010 Rochdale Metropolitan Borough Council election,partOf,2010 United Kingdom local elections,2010 Rochdale Metropolitan Borough Council election
2010 Rochdale Metropolitan Borough Council election,partOf,Rochdale Metropolitan Borough Council,2010 Rochdale Metropolitan Borough Council election
2010 Rochdale Metropolitan Borough Council election,startDate,2010-05-06,2010 Rochdale Metropolitan Borough Council election
2010 Rochdale Metropolitan Borough Council election,endDate,2010-05-06,2010 Rochdale Metropolitan Borough Council election
2010 Rochdale Metropolitan Borough Council election,numberOfSeats,24,2010 Rochdale Metropolitan Borough Council election
2010 Rochdale Metropolitan Borough Council election,hasWinner,Labour Party (UK),2010 Rochdale Metropolitan Borough Council election
2010 Rochdale Metropolitan Borough Council election,hasCandidate,Andrew Binnell,2010 Rochdale Metropolitan Borough Council election
2010 Rochdale Metropolitan Borough Council election,hasCandidate,David Mudge,2010 Rochdale Metropolitan Borough Council election
2010 Rochdale Metropolitan Borough election,location,Rochdale,2010 Rochdale Metropolitan Borough Council election
2010 Rochdale Metropolitan Borough Council election,country,United Kingdom,2010 Rochdale Metropolitan Borough Council election
1971 Tour of Flanders,instanceOf,Tour of Flanders,1971 Tour of Flanders
1971 Tour of Flanders,year,1971,1971 Tour of Flanders
1971 Tour of Flanders,partOf,1969-1972 Tour of Flanders,1971 Tour of Flanders
1971 Tour of Flanders,winner,Evert Rutten,1971 Tour of Flanders
1971 Tour of Flanders,date,1971-04-04,1971 Tour of Flanders
1971 Tour of Flanders,location,Belgium,1971 Tour of Flanders
1971 Tour of Flanders,organizedBy,Royal Cycling League,1971 Tour of Flanders
1971 Tour of Flanders,distance,265 km,1971 Tour of Flanders
1971 Tour of Flanders,startLocation,Ghent,1971 Tour of Flanders
1971 Tour of Flanders,finishLocation,Meerbeke,1971 Tour of Flanders
1971 Tour of Flanders,participant,Evert Rutten,1971 Tour of Flanders
1971 Tour of Flanders,participant,Cyrille Guimard,1971 Tour of Flanders
1971 Tour of Flanders,participant,Joachim Huguet,1971 Tour of Flanders
subject,predicate,object,2022 Colombian presidential election
"St Peter Parmentergate, Norwich",instanceOf,church,"St Peter Parmentergate, Norwich"
"St Peter Parmentergate, Norwich",locatedIn,Norwich,"St Peter Parmentergate, Norwich"
"St Peter Parmentergate, Norwich",dedicatedTo,Peter,"St Peter Parmentergate, Norwich"
"St Peter Parmentergate, Norwich",parish,St Peter Parmentergate,"St Peter Parmentergate, Norwich"
"St Peter Parmentergate, Norwich",diocese,Diocese of Norwich,"St Peter Parmentergate, Norwich"
"St Peter Parmentergate, Norwich",hasDenomination,Anglican,"St Peter Parmentergate, Norwich"
"St Peter Parmentergate, Norwich",hasArchitecturalStyle,Gothic,"St Peter Parmentergate, Norwich"
"St Peter Parmentergate, Norwich",isGradeIListed,yes,"St Peter Parmentergate, Norwich"
"St Peter Parmentergate, Norwich",hasTower,yes,"St Peter Parmentergate, Norwich"
"St Peter Parmentergate, Norwich",hasBaptistery,yes,"St Peter Parmentergate, Norwich"
"St Peter Parmentergate, Norwich",has Nave,yes,"St Peter Parmentergate, Norwich"
"St Peter Parmentergate, Norwich",hasChancel,yes,"St Peter Parmentergate, Norwich"
"St Peter Parmentergate, Norwich",has organ,yes,"St Peter Parmentergate, Norwich"
subject,predicate,object,Shattered (Casey book)
Owston's Warehouse,instanceOf,warehouse,Owston's Warehouse
Owston's Warehouse,location,Sheffield,Owston's Warehouse
Owston's Warehouse,architect,Alfred Pinn,Owston's Warehouse
Owston's Warehouse,architect,Joseph Lister,Owston's Warehouse
Owston's Warehouse,builtAt,1878,Owston's Warehouse
Owston's Warehouse,listedGrade,Grade II*,Owston's Warehouse
Owston's Warehouse,listedType,warehouse building,Owston's Warehouse
subject,predicate,object,Pilagás Department
Jeanette Rodríguez (actress),instanceOf,Actress,Jeanette Rodríguez (actress)
Jeanette Rodríguez (actress),from,Chile,Jeanette Rodríguez (actress)
Jeanette Rodríguez (actress),language,Spanish,Jeanette Rodríguez (actress)
Jeanette Rodríguez (actress),activeIn,Television,Jeanette Rodríguez (actress)
Jeanette Rodríguez (actress),activeIn,Theatre,Jeanette Rodríguez (actress)
Jeanette Rodríguez (actress),activeIn,Film,Jeanette Rodríguez (actress)
Jeanette Rodríguez (actress),knownFor, roles in TV shows and movies,Jeanette Rodríguez (actress)
subject,predicate,object,Colin Lundstrum
subject,predicate,object,Linlithgow Sheriff Court
subject,predicate,object,"St John the Evangelist's Church, Abram"
subject,predicate,object,White-headed wren
White-headed wren,instanceOf,Species,White-headed wren
White-headed wren,subclassOf,Wren,White-headed wren
White-headed wren,hasScientificName,Thryothorus leucophrys,White-headed wren
White-headed wren,hasCommonName,White-headed wren,White-headed wren
White-headed wren,foundIn,Central America,White-headed wren
White-headed wren,foundIn,South America,White-headed wren
White-headed wren,habitat,Rainforest,White-headed wren
White-headed wren,habitat,Woodland,White-headed wren
White-headed wren,diet,Insects,White-headed wren
White-headed wren,diet,Fruits,White-headed wren
White-headed wren,breedingSeason,May,White-headed wren
White-headed wren,breedingSeason,June,White-headed wren
White-headed wren,nestingLocation,Tree,White-headed wren
White-headed wren,nestingLocation,Shrub,White-headed wren
White-headed wren,conservationStatus,Least Concern,White-headed wren
White-headed wren,taxonomyRank,Species,White-headed wren
White-headed wren,EOL_ID,101652,White-headed wren
White-headed wren,GBIF_ID,2496363,White-headed wren
1988 NCAA Division II football season,instanceOf,NCAA Division II football season,1988 NCAA Division II football season
1988 NCAA Division II football season,year,1988,1988 NCAA Division II football season
1988 NCAA Division II football season,partOf,1988 NCAA Division II football championships,1988 NCAA Division II football season
1988 NCAA Division II football season,hasParticipant,NCAA Division II football teams,1988 NCAA Division II football season
1988 NCAA Division II football season,precededBy,1987 NCAA Division II football season,1988 NCAA Division II football season
1988 NCAA Division II football season,followedBy,1989 NCAA Division II football season,1988 NCAA Division II football season
1988 NCAA Division II football season,regulatedBy,NCAA,1988 NCAA Division II football season
1988 NCAA Division II football season,competition,NCAA Division II,1988 NCAA Division II football season
1988 NCAA Division II football season,sportsSeason,football season,1988 NCAA Division II football season
subject,predicate,object,North Carolina Highway 125
Gutsbezirk Reinhardswald,instanceOf,Gutsbezirk,Gutsbezirk Reinhardswald
Gutsbezirk Reinhardswald,location,Germany,Gutsbezirk Reinhardswald
Gutsbezirk Reinhardswald,locatedIn,Hessen,Gutsbezirk Reinhardswald
Gutsbezirk Reinhardswald,neighborOf,Kassel,Gutsbezirk Reinhardswald
Hardcore Never Dies,instanceOf,Music Album,Hardcore Never Dies
Hardcore Never Dies,artist,Demented Are Go,Hardcore Never Dies
Hardcore Never Dies,released,2008-05-26,Hardcore Never Dies
Hardcore Never Dies,genre,Hardcore Punk,Hardcore Never Dies
Hardcore Never Dies,recordLabel,Sleeve Records,Hardcore Never Dies
200 (film),instanceOf,film,200 (film)
200 (film),title,200,200 (film)
200 (film),director,A. K. Gopan,200 (film)
200 (film),starring,Mammootty,200 (film)
200 (film),starring,Suresh Gopi,200 (film)
200 (film),starring,Devan,200 (film)
200 (film),releaseDate,2009-07-03,200 (film)
200 (film),country,India,200 (film)
200 (film),language,Malayalam,200 (film)
200 (film),genre,action film,200 (film)
200 (film),runtime,130 minutes,200 (film)
subject,predicate,object,Lycosoura Artemis
subject,predicate,object,Bembidion carolinense
Note: I was able to find some basic information about this subject. If it's a very specific or obscure topic,the list of facts may be shorter. If you have any other questions or if there's anything else I can help you with,feel free to ask!,Bembidion carolinense
Knight Moves (video game),instanceOf,video game,Knight Moves (video game)
Knight Moves (video game),genre,puzzle video game,Knight Moves (video game)
Knight Moves (video game),developer,The Byte Back,Knight Moves (video game)
Knight Moves (video game),publisher,Electronic Arts,Knight Moves (video game)
Knight Moves (video game),releaseDate,1992,Knight Moves (video game)
Knight Moves (video game),platform,Sega Master System,Knight Moves (video game)
Knight Moves (video game),platform,MS-DOS,Knight Moves (video game)
Knight Moves (video game),basedOn,Knight Moves,Knight Moves (video game)
Knight Moves (video game),mode,single-player video game,Knight Moves (video game)
Knight Moves (video game),mode,multiplayer video game,Knight Moves (video game)
subject,predicate,object,Anna Glasier
subject,predicate,object,Leh–Manali Highway
Leucadendron salicifolium,instanceOf,Species,Leucadendron salicifolium
Leucadendron salicifolium,partOf,Leucadendron,Leucadendron salicifolium
Leucadendron salicifolium,classification,Proteaceae,Leucadendron salicifolium
Leucadendron salicifolium,nativeTo,South Africa,Leucadendron salicifolium
Leucadendron salicifolium,habitat,Fynbos,Leucadendron salicifolium
subject,predicate,object,Jean Jaurès
Georg Christoph Strattner,instanceOf,Human,Georg Christoph Strattner
Georg Christoph Strattner,bornIn,Nuremberg,Georg Christoph Strattner
Georg Christoph Strattner,diedIn,Augsburg,Georg Christoph Strattner
Georg Christoph Strattner,occupation,composer,Georg Christoph Strattner
Georg Christoph Strattner,occupation,organist,Georg Christoph Strattner
Georg Christoph Strattner,studentOf,Johann Christoph Bach,Georg Christoph Strattner
Georg Christoph Strattner,studentOf,Johann Adam Reinken,Georg Christoph Strattner
Georg Christoph Strattner,worksIn,Augsburg,Georg Christoph Strattner
Georg Christoph Strattner,worksIn,Nuremberg,Georg Christoph Strattner
Georg Christoph Strattner,hasNotableWork,cantata,Georg Christoph Strattner
Georg Christoph Strattner,hasNotableWork,oratorio,Georg Christoph Strattner
Calpionellid,instanceOf,Family,Calpionellid
Calpionellid,subclassOf,Rudist,Calpionellid
Calpionellid,isPartOf,Cretaceous period,Calpionellid
Calpionellid,isFossilOf,Cretaceous period,Calpionellid
Calpionellid,hasPart,Calpionella,Calpionellid
Calpionellid,namedAfter,Calpionella,Calpionellid
"Mount Holly (Foote, Mississippi)",instanceOf,Historic house,"Mount Holly (Foote, Mississippi)"
"Mount Holly (Foote, Mississippi)",location,"Foote, Mississippi","Mount Holly (Foote, Mississippi)"
"Mount Holly (Foote, Mississippi)",architect,Robert Mills,"Mount Holly (Foote, Mississippi)"
"Mount Holly (Foote, Mississippi)",architecturalStyle,Greek Revival,"Mount Holly (Foote, Mississippi)"
"Mount Holly (Foote, Mississippi)",built,1843,"Mount Holly (Foote, Mississippi)"
"Mount Holly (Foote, Mississippi)",addedToNRHP,1976-04-16,"Mount Holly (Foote, Mississippi)"
"Mount Holly (Foote, Mississippi)",isPartOf,National Register of Historic Places,"Mount Holly (Foote, Mississippi)"
"Mount Holly (Foote, Mississippi)",type,Historic house museum,"Mount Holly (Foote, Mississippi)"
"Mount Holly (Foote, Mississippi)",NRHPReferenceNumber,76001072,"Mount Holly (Foote, Mississippi)"
subject,predicate,object,Anna Fontcuberta i Morral
subject,predicate,object,Munsey's Magazine
subject,predicate,object,Cyprus Volleyball Division 1
subject,predicate,object,Johnny Test (2021 TV series)
subject,predicate,object,Hof HaSharon Regional Council
subject,predicate,object,Wiener Gruppe
subject,predicate,object,Sandro Puppo
subject,predicate,object,2023 Slough Borough Council election
Thornton Carle Fry,instanceOf,Person,Thornton Carle Fry
Zenon Kasprzak,instanceOf,Polish cyclist,Zenon Kasprzak
Zenon Kasprzak,bornIn,Poland,Zenon Kasprzak
Zenon Kasprzak,competedIn,1960 Summer Olympics,Zenon Kasprzak
Zenon Kasprzak,competedIn,1964 Summer Olympics,Zenon Kasprzak
Zenon Kasprzak,isOlympicCyclist,true,Zenon Kasprzak
Zenon Kasprzak,hasOlympicAppearance,1960,Zenon Kasprzak
Zenon Kasprzak,hasOlympicAppearance,1964,Zenon Kasprzak
Zenon Kasprzak,participatedIn,Olympic Games,Zenon Kasprzak
subject,predicate,object,Acer oligocarpum
Patagonian red octopus,instanceOf,Species,Patagonian red octopus
Patagonian red octopus,subclassOf,Octopus,Patagonian red octopus
Patagonian red octopus,nativeTo,Patagonia,Patagonian red octopus
Patagonian red octopus,habitat,marine environment,Patagonian red octopus
Patagonian red octopus,diet,carnivorous,Patagonian red octopus
Patagonian red octopus,behaviour,solitary animal,Patagonian red octopus
Patagonian red octopus,taxonomyRank,species,Patagonian red octopus
Patagonian red octopus,scientificName,Enteroctopus megalops,Patagonian red octopus
Patagonian red octopus,commonName,Patagonian red octopus,Patagonian red octopus
Patagonian red octopus,family,Octopodidae,Patagonian red octopus
Patagonian red octopus,genus,Enteroctopus,Patagonian red octopus
Nigel Foster (kayaker),instanceOf,Human,Nigel Foster (kayaker)
Nigel Foster (kayaker),birthDate,1957-04-09,Nigel Foster (kayaker)
Nigel Foster (kayaker),country,United Kingdom,Nigel Foster (kayaker)
Nigel Foster (kayaker),sport,Kayaking,Nigel Foster (kayaker)
Nigel Foster (kayaker),Olympic sport,Yes,Nigel Foster (kayaker)
Nigel Foster (kayaker),Olympic games,1984 Summer Olympics,Nigel Foster (kayaker)
Nigel Foster (kayaker),Olympic games,1980 Summer Olympics,Nigel Foster (kayaker)
Nigel Foster (kayaker),medal,Silver,Nigel Foster (kayaker)
Changhe station (Hangzhou Metro),instanceOf,metro station,Changhe station (Hangzhou Metro)
Changhe station (Hangzhou Metro),locatedIn,Hangzhou,Changhe station (Hangzhou Metro)
Changhe station (Hangzhou Metro),partOf,Hangzhou Metro,Changhe station (Hangzhou Metro)
Changhe station (Hangzhou Metro),hasLine,Line 5 (Hangzhou Metro),Changhe station (Hangzhou Metro)
Changhe station (Hangzhou Metro),hasLine,Line 10 (Hangzhou Metro),Changhe station (Hangzhou Metro)
Changhe station (Hangzhou Metro),openedOn,2020-07-01,Changhe station (Hangzhou Metro)
subject,predicate,object,Ahmed Abbes
subject,predicate,object,United Nations Security Council Resolution 1426
subject,predicate,object,Breakout (Miley Cyrus album)
Hatice Ozer Balli,instanceOf,Human,Hatice Ozer Balli
Hatice Ozer Balli,givenName,Hatice,Hatice Ozer Balli
Hatice Ozer Balli,familyName,Balli,Hatice Ozer Balli
Hatice Ozer Balli,gender,Female,Hatice Ozer Balli
Hatice Ozer Balli,knownFor,Assassination attempt on Abdullah Öcalan,Hatice Ozer Balli
Nyamiviridae,instanceOf,family,Nyamiviridae
Nyamiviridae,subclassOf,Mononegavirales,Nyamiviridae
Nyamiviridae,taxonomicRank,family,Nyamiviridae
Nyamiviridae,genus,Nyavirus,Nyamiviridae
Karakum (film),instanceOf,film,Karakum (film)
Karakum (film),genre,horror film,Karakum (film)
Karakum (film),publicationDate,2018,Karakum (film)
Karakum (film),director,Stefano Bessoni,Karakum (film)
Karakum (film),countryOfOrigin,Italy,Karakum (film)
Karakum (film),language,Italian,Karakum (film)
Novo Celje Mansion,instanceOf,Mansion,Novo Celje Mansion
Novo Celje Mansion,locatedIn,Slovenia,Novo Celje Mansion
Novo Celje Mansion,locatedIn,Celje,Novo Celje Mansion
Novo Celje Mansion,hasArchitecturalStyle,Baroque,Novo Celje Mansion
Novo Celje Mansion,hasArchitecturalStyle,Renaissance,Novo Celje Mansion
Novo Celje Mansion,wasBuiltIn,17th century,Novo Celje Mansion
Novo Celje Mansion,wasBuiltIn,18th century,Novo Celje Mansion
Novo Celje Mansion,ownedBy, nobility,Novo Celje Mansion
Novo Celje Mansion,isPartOf,Novo Celje Castle,Novo Celje Mansion
Novo Celje Mansion,isLocatedNear,Sava River,Novo Celje Mansion
2003–04 Georgia Tech Yellow Jackets men's basketball team,instanceOf,sports team,2003–04 Georgia Tech Yellow Jackets men's basketball team
2003–04 Georgia Tech Yellow Jackets men's basketball team,partOf,2003-04 NCAA Division I men's basketball season,2003–04 Georgia Tech Yellow Jackets men's basketball team
2003–04 Georgia Tech Yellow Jackets men's basketball team,competedIn,Atlantic Coast Conference,2003–04 Georgia Tech Yellow Jackets men's basketball team
2003–04 Georgia Tech Yellow Jackets men's basketball team,hasCoach,Tim Batten,2003–04 Georgia Tech Yellow Jackets men's basketball team
2003–04 Georgia Tech Yellow Jackets men's basketball team,hasStadium,Alexander Memorial Coliseum,2003–04 Georgia Tech Yellow Jackets men's basketball team
subject,predicate,object,George Desmond Hodnett
Wat Prasert Sutthawat,instanceOf,Buddhist temple,Wat Prasert Sutthawat
Wat Prasert Sutthawat,locatedIn,Bangkok,Wat Prasert Sutthawat
Wat Prasert Sutthawat,hasType,Theravada,Wat Prasert Sutthawat
Wat Prasert Sutthawat,isLedBy,Phra Thep Aphai,Wat Prasert Sutthawat
Wat Prasert Sutthawat,wasBuiltIn,1960s,Wat Prasert Sutthawat
Wat Prasert Sutthawat,hasReclining Buddha,45 meters,Wat Prasert Sutthawat
Wat Prasert Sutthawat,features,ordination hall,Wat Prasert Sutthawat
Wat Prasert Sutthawat,features,Buddha image,Wat Prasert Sutthawat
Wat Prasert Sutthawat,features,monastery,Wat Prasert Sutthawat
Wat Prasert Sutthawat,isKnownFor,ceremonies,Wat Prasert Sutthawat
Wat Prasert Sutthawat,isKnownFor,Buddha image,Wat Prasert Sutthawat
Wat Prasert Sutthawat,isLocatedAt,Soi Charoenrat 62,Wat Prasert Sutthawat
Wat Prasert Sutthawat,isLocatedAt,Khwaeng Khlong Chan,Wat Prasert Sutthawat
Wat Prasert Sutthawat,isLocatedAt,Bangkok Metropolitan Administration,Wat Prasert Sutthawat
We'll Be Together Again (Pat Martino album),instanceOf,album,We'll Be Together Again (Pat Martino album)
We'll Be Together Again (Pat Martino album),artist,Pat Martino,We'll Be Together Again (Pat Martino album)
We'll Be Together Again (Pat Martino album),releaseDate,1992-10-20,We'll Be Together Again (Pat Martino album)
We'll Be Together Again (Pat Martino album),genre,jazz,We'll Be Together Again (Pat Martino album)
We'll Be Together Again (Pat Martino album),genre,fusion,We'll Be Together Again (Pat Martino album)
We'll Be Together Again (Pat Martino album),recordLabel,Do椹 Records,We'll Be Together Again (Pat Martino album)
subject,predicate,object,Duchess Elisabeth Alexandrine of Mecklenburg-Schwerin
Dwarf paradise fish,instanceOf,Fish,Dwarf paradise fish
Dwarf paradise fish,instanceOf,Species,Dwarf paradise fish
Dwarf paradise fish,scientificName,Melanotaenia praecox,Dwarf paradise fish
Dwarf paradise fish,family,Melanotaeniidae,Dwarf paradise fish
Dwarf paradise fish,habitat,Freshwater,Dwarf paradise fish
Dwarf paradise fish,habitat,River,Dwarf paradise fish
Dwarf paradise fish,habitat,Lake,Dwarf paradise fish
Dwarf paradise fish,origin,New Guinea,Dwarf paradise fish
Dwarf paradise fish,length,5-7 cm,Dwarf paradise fish
Dwarf paradise fish,color,Blue,Dwarf paradise fish
Dwarf paradise fish,color,Yellow,Dwarf paradise fish
Dwarf paradise fish,color,Red,Dwarf paradise fish
Dwarf paradise fish,diet,Omnivorous,Dwarf paradise fish
Dwarf paradise fish,tankSize,20 gallons,Dwarf paradise fish
Dwarf paradise fish,temperature,22-28°C,Dwarf paradise fish
Dwarf paradise fish,pH,6.5-8.5,Dwarf paradise fish
Dwarf paradise fish,hardness,5-20 dGH,Dwarf paradise fish
subject,predicate,object,Cesante (film)
Thurnen railway station,instanceOf,railway station,Thurnen railway station
Thurnen railway station,locatedIn,Switzerland,Thurnen railway station
Thurnen railway station,locatedIn,Canton of Bern,Thurnen railway station
Thurnen railway station,servedBy,Bern–Thun railway line,Thurnen railway station
Thurnen railway station,municipality,Thurnen,Thurnen railway station
Thurnen railway station,elevation,567 m,Thurnen railway station
Castle of Ugento,instanceOf,Castle,Castle of Ugento
Castle of Ugento,locatedIn,Italy,Castle of Ugento
Castle of Ugento,locatedIn,Apulia,Castle of Ugento
Castle of Ugento,hasName,Castello di Ugento,Castle of Ugento
Castle of Ugento,hasLocation,Ugento,Castle of Ugento
Castle of Ugento,isA,Medieval fortress,Castle of Ugento
Castle of Ugento,hasType,Fortress,Castle of Ugento
Castle of Ugento,hasPart,Towers,Castle of Ugento
Castle of Ugento,hasPart,Battlements,Castle of Ugento
Castle of Ugento,wasBuiltIn,Middle Ages,Castle of Ugento
subject,predicate,object,Bette Otto-Bliesner
subject,predicate,object,Kaniama Airport
subject,predicate,object,Waste Connections of Canada
subject,predicate,object,German submarine U-854
subject,predicate,object,Free Fire (film)
"Us, Ours and Yours (TV series)",instanceOf,TV series,"Us, Ours and Yours (TV series)"
"Us, Ours and Yours (TV series)",genre,Sitcom,"Us, Ours and Yours (TV series)"
"Us, Ours and Yours (TV series)",creator,Gregg Kavet,"Us, Ours and Yours (TV series)"
"Us, Ours and Yours (TV series)",creator,Anthony C. Scarpino,"Us, Ours and Yours (TV series)"
"Us, Ours and Yours (TV series)",starring,Damon Beesley,"Us, Ours and Yours (TV series)"
"Us, Ours and Yours (TV series)",starring,Maggie Lawson,"Us, Ours and Yours (TV series)"
"Us, Ours and Yours (TV series)",starring,Jonathan Sadowski,"Us, Ours and Yours (TV series)"
"Us, Ours and Yours (TV series)",starring,Kym Whitley,"Us, Ours and Yours (TV series)"
"Us, Ours and Yours (TV series)",starring,Jessica McKenna,"Us, Ours and Yours (TV series)"
"Us, Ours and Yours (TV series)",country,United States,"Us, Ours and Yours (TV series)"
"Us, Ours and Yours (TV series)",language,English,"Us, Ours and Yours (TV series)"
"Us, Ours and Yours (TV series)",numberOfEpisodes,13,"Us, Ours and Yours (TV series)"
"Us, Ours and Yours (TV series)",network,Family Channel,"Us, Ours and Yours (TV series)"
"Us, Ours and Yours (TV series)",firstAirDate,2016-01-11,"Us, Ours and Yours (TV series)"
"Us, Ours and Yours (TV series)",lastAirDate,2016-07-29,"Us, Ours and Yours (TV series)"
"Us, Ours and Yours (TV series)",runtime,30 minutes,"Us, Ours and Yours (TV series)"
subject,predicate,object,St. Spyridon Choir
Wish You Were Here (Barbara Mandrell song),instanceOf,song,Wish You Were Here (Barbara Mandrell song)
Wish You Were Here (Barbara Mandrell song),artist,Barbara Mandrell,Wish You Were Here (Barbara Mandrell song)
Wish You Were Here (Barbara Mandrell song),genre,country,Wish You Were Here (Barbara Mandrell song)
Wish You Were Here (Barbara Mandrell song),released,1975,Wish You Were Here (Barbara Mandrell song)
Wish You Were Here (Barbara Mandrell song),album,This Is Barbara Mandrell,Wish You Were Here (Barbara Mandrell song)
Wish You Were Here (Barbara Mandrell song),composer,Ken O'Dell,Wish You Were Here (Barbara Mandrell song)
Costa Verde (Peru),instanceOf,coast,Costa Verde (Peru)
Costa Verde (Peru),locatedIn,Peru,Costa Verde (Peru)
Costa Verde (Peru),hasPart,Lima Region,Costa Verde (Peru)
Costa Verde (Peru),hasPart,Callao Region,Costa Verde (Peru)
Costa Verde (Peru),borderingOcean,Pacific Ocean,Costa Verde (Peru)
Costa Verde (Peru),direction,west,Costa Verde (Peru)
Tropical Storm Arlene (2011),instanceOf,Tropical Storm,Tropical Storm Arlene (2011)
Tropical Storm Arlene (2011),year,2011,Tropical Storm Arlene (2011)
Tropical Storm Arlene (2011),name,Arlene,Tropical Storm Arlene (2011)
Tropical Storm Arlene (2011),partOf,2011 Atlantic hurricane season,Tropical Storm Arlene (2011)
Tropical Storm Arlene (2011),affectedArea,Mexico,Tropical Storm Arlene (2011)
Tropical Storm Arlene (2011),affectedArea,Belize,Tropical Storm Arlene (2011)
Tropical Storm Arlene (2011),affectedArea,Guatemala,Tropical Storm Arlene (2011)
Tropical Storm Arlene (2011),formedAt,Northwestern Caribbean Sea,Tropical Storm Arlene (2011)
Tropical Storm Arlene (2011),dissipatedAt,Central America,Tropical Storm Arlene (2011)
Tropical Storm Arlene (2011),maxWindSpeed,45 mph,Tropical Storm Arlene (2011)
Tropical Storm Arlene (2011),rainfall,heavy,Tropical Storm Arlene (2011)
subject,predicate,object,Üç Şerefeli Mosque
School-Live! (film),instanceOf,film,School-Live! (film)
School-Live! (film),genre,horror film,School-Live! (film)
School-Live! (film),director,Hideo Nakata,School-Live! (film)
School-Live! (film),starring,Aoi Miyazaki,School-Live! (film)
School-Live! (film),starring,Goro Ibuki,School-Live! (film)
School-Live! (film),starring,Mika Hijii,School-Live! (film)
School-Live! (film),starring,Taro Suwa,School-Live! (film)
School-Live! (film),releaseDate,2004-07-17,School-Live! (film)
School-Live! (film),countryOfOrigin,Japan,School-Live! (film)
Klagetoh (Leegito) Chapter House,instanceOf,Chapter House,Klagetoh (Leegito) Chapter House
Klagetoh (Leegito) Chapter House,location,Klagetoh,Klagetoh (Leegito) Chapter House
Klagetoh (Leegito) Chapter House,location,Leegito,Klagetoh (Leegito) Chapter House
Klagetoh (Leegito) Chapter House,partOf,The Church of Jesus Christ of Latter-day Saints,Klagetoh (Leegito) Chapter House
Klagetoh (Leegito) Chapter House,architecturalStyle,Council Chamber,Klagetoh (Leegito) Chapter House
Hayao Kawai,instanceOf,Person,Hayao Kawai
Hayao Kawai,birthDate,1937-02-19,Hayao Kawai
Hayao Kawai,deathDate,2023-07-19,Hayao Kawai
Hayao Kawai,nationality,Japanese,Hayao Kawai
Hayao Kawai,occupation,Psychologist,Hayao Kawai
Hayao Kawai,occupation,Anthropologist,Hayao Kawai
Hayao Kawai,educationalDegree,Ph.D.,Hayao Kawai
Hayao Kawai,field,Psychology,Hayao Kawai
Hayao Kawai,field,Anthropology,Hayao Kawai
Hayao Kawai,influencedBy,Jung,Hayao Kawai
Hayao Kawai,influencedBy,Carl Jung,Hayao Kawai
Hayao Kawai,wrote,The Unconscious and the Modern Japanese Psyche,Hayao Kawai
Hayao Kawai,wrote,The Japanese Psyche,Hayao Kawai
Hayao Kawai,authorOf,From the Japanese,Hayao Kawai
Hayao Kawai,authorOf,The Symbol of the World,Hayao Kawai
Sandy scops owl,instanceOf,Species,Sandy scops owl
Sandy scops owl,hasScientificName,Otus scops,Sandy scops owl
Sandy scops owl,hasCommonName,Eurasian scops owl,Sandy scops owl
Sandy scops owl,foundIn,Europe,Sandy scops owl
Sandy scops owl,foundIn,Asia,Sandy scops owl
Sandy scops owl,foundIn,Africa,Sandy scops owl
Sandy scops owl,isMigratory,true,Sandy scops owl
Sandy scops owl,hasLength,20-25 cm,Sandy scops owl
Sandy scops owl,hasWeight,150-200 g,Sandy scops owl
Sandy scops owl,hasWingspan,110-130 cm,Sandy scops owl
Sandy scops owl,hasHabitat,Forest,Sandy scops owl
Sandy scops owl,hasHabitat,Woodland,Sandy scops owl
Sandy scops owl,hasDiet,Insectivorous,Sandy scops owl
Sandy scops owl,hasDiet,Carnivorous,Sandy scops owl
subject,predicate,object,Owen Wright (guitarist)
Owen Wright (guitarist),instanceOf,human,Owen Wright (guitarist)
Owen Wright (guitarist),instanceOf,guitarist,Owen Wright (guitarist)
Owen Wright (guitarist),partOf,The Clientele,Owen Wright (guitarist)
Owen Wright (guitarist),partOf,The Fat White Family,Owen Wright (guitarist)
Owen Wright (guitarist),hasRole,guitarist,Owen Wright (guitarist)
Owen Wright (guitarist),hasInstrument,guitar,Owen Wright (guitarist)
Owen Wright (guitarist),associatedWith,psychedelic rock,Owen Wright (guitarist)
Owen Wright (guitarist),associatedWith,indie rock,Owen Wright (guitarist)
subject,predicate,object,"Enfield, Victoria"
Tibetan serin,instanceOf,species,Tibetan serin
Tibetan serin,classifiesAs,bird,Tibetan serin
Tibetan serin,scientificName,Serinus thibetanus,Tibetan serin
Tibetan serin,family,Fringillidae,Tibetan serin
Tibetan serin,genus,Serinus,Tibetan serin
Tibetan serin,habitat,mountous regions,Tibetan serin
Tibetan serin,distribution,Tibet,Tibetan serin
Tibetan serin,distribution,India,Tibetan serin
Tibetan serin,distribution,Nepal,Tibetan serin
Tibetan serin,distribution,Bhutan,Tibetan serin
Tibetan serin,conservationStatus,least concern,Tibetan serin
subject,predicate,object,Kolpino railway station
2009 World Rhythmic Gymnastics Championships,instanceOf,World Rhythmic Gymnastics Championships,2009 World Rhythmic Gymnastics Championships
2009 World Rhythmic Gymnastics Championships,year,2009,2009 World Rhythmic Gymnastics Championships
2009 World Rhythmic Gymnastics Championships,sport,Rhythmic Gymnastics,2009 World Rhythmic Gymnastics Championships
2009 World Rhythmic Gymnastics Championships,location,Japan,2009 World Rhythmic Gymnastics Championships
2009 World Rhythmic Gymnastics Championships,organization,International Gymnastics Federation,2009 World Rhythmic Gymnastics Championships
subject,predicate,object,Crystal chemistry
subject,predicate,object,Deerfield Dam
Nagao Station (Kagawa),instanceOf,Railway Station,Nagao Station (Kagawa)
Nagao Station (Kagawa),locatedIn,Kagawa Prefecture,Nagao Station (Kagawa)
Nagao Station (Kagawa),country,Japan,Nagao Station (Kagawa)
Nagao Station (Kagawa),servedBy,JR Shikoku,Nagao Station (Kagawa)
Nagao Station (Kagawa),hasLine,Yosan Line,Nagao Station (Kagawa)
subject,predicate,object,Raleigh DeGeer Amyx
Gracie Mansion Gallery,instanceOf,art museum,Gracie Mansion Gallery
Gracie Mansion Gallery,location,New York City,Gracie Mansion Gallery
Gracie Mansion Gallery,location,Manhattan,Gracie Mansion Gallery
Gracie Mansion Gallery,partOf,Gracie Mansion,Gracie Mansion Gallery
Gracie Mansion Gallery,officialWebsite,https://www.gracemansion.com/,Gracie Mansion Gallery
Gracie Mansion Gallery,collection,American art,Gracie Mansion Gallery
Gracie Mansion Gallery,collection,European art,Gracie Mansion Gallery
Gracie Mansion Gallery,foundingDate,1981,Gracie Mansion Gallery
Gracie Mansion Gallery,architect,Stanford White,Gracie Mansion Gallery
Gracie Mansion Gallery,architect,Thomas Hastings,Gracie Mansion Gallery
Gracie Mansion Gallery,style,Neoclassical architecture,Gracie Mansion Gallery
Gracie Mansion Gallery,visitorCount,30000,Gracie Mansion Gallery
Gracie Mansion Gallery,publicTransportation,Museum of Natural History,Gracie Mansion Gallery
Gracie Mansion Gallery,publicTransportation,81st Street – Museum of Natural History,Gracie Mansion Gallery
Gracie Mansion Gallery,exhibitionCount,15,Gracie Mansion Gallery
Gracie Mansion Gallery,curator,Lloyd W. Powell,Gracie Mansion Gallery
Gracie Mansion Gallery,hasCollection,painting,Gracie Mansion Gallery
Gracie Mansion Gallery,hasCollection,sculpture,Gracie Mansion Gallery
Gracie Mansion Gallery,hasCollection,decorative art,Gracie Mansion Gallery
Gracie Mansion Gallery,isOpen,yes,Gracie Mansion Gallery
subject,predicate,object,Swimming at the 2013 World Aquatics Championships – Men's 50 metre backstroke
George Henry Hall (artist),instanceOf,Human,George Henry Hall (artist)
George Henry Hall (artist),instanceOf,Artist,George Henry Hall (artist)
George Henry Hall (artist),birthDate,1825-09-13,George Henry Hall (artist)
George Henry Hall (artist),deathDate,1907-09-13,George Henry Hall (artist)
George Henry Hall (artist),nationality,American,George Henry Hall (artist)
George Henry Hall (artist),occupation,Painter,George Henry Hall (artist)
George Henry Hall (artist),field,Painting,George Henry Hall (artist)
George Henry Hall (artist),movement,Realism,George Henry Hall (artist)
George Henry Hall (artist),influencedBy,Jean-Léon Gérôme,George Henry Hall (artist)
George Henry Hall (artist),influencedBy,Thomas Couture,George Henry Hall (artist)
George Henry Hall (artist),notableWork,The Veterans of '76,George Henry Hall (artist)
George Henry Hall (artist),notableWork,The Gleaners,George Henry Hall (artist)
George Henry Hall (artist),education,Pennsylvania Academy of Fine Arts,George Henry Hall (artist)
George Henry Hall (artist),education,École des Beaux-Arts,George Henry Hall (artist)
George Henry Hall (artist),award,Medal of Honor,George Henry Hall (artist)
George Henry Hall (artist),memberOf,National Academy of Design,George Henry Hall (artist)
George Henry Hall (artist),memberOf,American Academy of Fine Arts,George Henry Hall (artist)
Tulane Green Wave women's basketball,instanceOf,basketball team,Tulane Green Wave women's basketball
Tulane Green Wave women's basketball,partOf,Tulane University,Tulane Green Wave women's basketball
Tulane Green Wave women's basketball,league,American Athletic Conference,Tulane Green Wave women's basketball
Tulane Green Wave women's basketball,location,"New Orleans, Louisiana",Tulane Green Wave women's basketball
Tulane Green Wave women's basketball,sport,basketball,Tulane Green Wave women's basketball
Tulane Green Wave women's basketball,competition,NCAA Division I Women's Basketball Championship,Tulane Green Wave women's basketball
Tulane Green Wave women's basketball,hasHeadCoach,Tina Martin,Tulane Green Wave women's basketball
Homocitrulline,instanceOf,ChemicalCompound,Homocitrulline
Homocitrulline,chemicalFormula,C6H13NO3,Homocitrulline
Homocitrulline,isomerOf,Citrulline,Homocitrulline
Homocitrulline,hasPart,AminoGroup,Homocitrulline
Homocitrulline,hasPart,CarboxylGroup,Homocitrulline
Homocitrulline,relatedTo,UreaCycle,Homocitrulline
Homocitrulline,foundIn,BiologicalSystem,Homocitrulline
Homocitrulline,isMetaboliteOf,Arginine,Homocitrulline
Homocitrulline,involvedIn,MetabolicPathway,Homocitrulline
Vila Real railway station,instanceOf,railway station,Vila Real railway station
Vila Real railway station,locatedIn,Vila Real,Vila Real railway station
Vila Real railway station,locatedIn,Portugal,Vila Real railway station
Vila Real railway station,serves,Vila Real,Vila Real railway station
Vila Real railway station,ownedBy,Comboios de Portugal,Vila Real railway station
Vila Real railway station,operator,Comboios de Portugal,Vila Real railway station
Vila Real railway station,partOf,Linea ferroviaria Porto-Santiago de Compostela,Vila Real railway station
Vila Real railway station,hasPlatforms,2,Vila Real railway station
Vila Real railway station,hasTracks,2,Vila Real railway station
Martin Hume Johnson,instanceOf,Person,Martin Hume Johnson
Martin Hume Johnson,birthDate,1884-05-04,Martin Hume Johnson
Martin Hume Johnson,deathDate,1962-05-27,Martin Hume Johnson
Martin Hume Johnson,birthPlace,England,Martin Hume Johnson
Martin Hume Johnson,occupation,Rugby union player,Martin Hume Johnson
Martin Hume Johnson,position,Prop,Martin Hume Johnson
Martin Hume Johnson,nationality,English,Martin Hume Johnson
Brackwede station,instanceOf,railway station,Brackwede station
Brackwede station,locatedIn,Bielefeld,Brackwede station
Brackwede station,locatedIn,North Rhine-Westphalia,Brackwede station
Brackwede station,locatedIn,Germany,Brackwede station
Brackwede station,hasElevation,94,Brackwede station
Brackwede station,hasPlatforms,2,Brackwede station
Brackwede station,hasTracks,4,Brackwede station
Brackwede station,serves,Brackwede,Brackwede station
Brackwede station,isPartOf,Bielefeld Railway,Brackwede station
Brackwede station,isServedBy,Regional-Express,Brackwede station
Brackwede station,isServedBy,S-Bahn,Brackwede station
Brackwede station,hasWikipediaArticle,Brackwede station,Brackwede station
Boomerang (2015 film),instanceOf,film,Boomerang (2015 film)
Boomerang (2015 film),genre,comedy film,Boomerang (2015 film)
Boomerang (2015 film),publication date,2015,Boomerang (2015 film)
Boomerang (2015 film),director,Nikos Karaköy,Boomerang (2015 film)
Boomerang (2015 film),country of origin,Turkey,Boomerang (2015 film)
Boomerang (2015 film),language,Turkish,Boomerang (2015 film)
Boomerang (2015 film),based on,Boomerang,Boomerang (2015 film)
Boomerang (2015 film),has part,Çağatay Ulusoy,Boomerang (2015 film)
Boomerang (2015 film),has part,Beren Saat,Boomerang (2015 film)
Boomerang (2015 film),has part,Mert Ramazan Demir,Boomerang (2015 film)
1997–98 Országos Bajnokság I (men's water polo),instanceOf,Sports season,1997–98 Országos Bajnokság I (men's water polo)
1997–98 Országos Bajnokság I (men's water polo),partOf,1997–98 in Hungarian water polo,1997–98 Országos Bajnokság I (men's water polo)
1997–98 Országos Bajnokság I (men's water polo),partOf,Országos Bajnokság I (men's water polo),1997–98 Országos Bajnokság I (men's water polo)
1997–98 Országos Bajnokság I (men's water polo),startTime,1997,1997–98 Országos Bajnokság I (men's water polo)
1997–98 Országos Bajnokság I (men's water polo),endTime,1998,1997–98 Országos Bajnokság I (men's water polo)
1997–98 Országos Bajnokság I (men's water polo),sportsSeason,Országos Bajnokság I (men's water polo),1997–98 Országos Bajnokság I (men's water polo)
1997–98 Országos Bajnokság I (men's water polo),hasPart,1998 Hungarian Water Polo Championship,1997–98 Országos Bajnokság I (men's water polo)
subject,predicate,object,Rocket.Chat
subject,predicate,object,Wyoming Game and Fish Department
subject,predicate,object,Llansantffraid railway station
subject,predicate,object,Bayerisches Armeemuseum
Bayerisches Armeemuseum,instanceOf,museum,Bayerisches Armeemuseum
Bayerisches Armeemuseum,location,Ingolstadt,Bayerisches Armeemuseum
Bayerisches Armeemuseum,country,Germany,Bayerisches Armeemuseum
Bayerisches Armeemuseum,specialty,military history,Bayerisches Armeemuseum
Bayerisches Armeemuseum,foundingDate,1900,Bayerisches Armeemuseum
Bayerisches Armeemuseum,operator,Bavarian State Office for the Preservation of Monuments,Bayerisches Armeemuseum
Bayerisches Armeemuseum,collectionSize,"about 40,000",Bayerisches Armeemuseum
Bayerisches Armeemuseum,exhibitionCount,"over 2,000",Bayerisches Armeemuseum
Bayerisches Armeemuseum,openingHours,daily from 9:00 to 17:00,Bayerisches Armeemuseum
Never Never (TV series),instanceOf,Television series,Never Never (TV series)
Never Never (TV series),genre,Drama,Never Never (TV series)
Never Never (TV series),genre,Mystery,Never Never (TV series)
Never Never (TV series),creator,Brenda Chapman,Never Never (TV series)
Never Never (TV series),starring,Rachel Weisz,Never Never (TV series)
Never Never (TV series),starring,Timothy Olyphant,Never Never (TV series)
Never Never (TV series),starring,Brittany Murphy,Never Never (TV series)
Never Never (TV series),starring,Joey Lauren Adams,Never Never (TV series)
Never Never (TV series),starring,James Denton,Never Never (TV series)
Never Never (TV series),basedOn,Never Never,Never Never (TV series)
Never Never (TV series),basedOn,Book by,Never Never (TV series)
Never Never (TV series),basedOn,Book by Lisa,Never Never (TV series)
Never Never (TV series),basedOn,Book by Lisa J.,Never Never (TV series)
Never Never (TV series),basedOn,Book by Lisa J. Miller,Never Never (TV series)
Never Never (TV series),numberOfEpisodes,13,Never Never (TV series)
Never Never (TV series),numberOfSeasons,1,Never Never (TV series)
Never Never (TV series),originalNetwork,USA Network,Never Never (TV series)
Never Never (TV series),originalRun,2011,Never Never (TV series)
Never Never (TV series),premiereDate,"June 27, 2011",Never Never (TV series)
Never Never (TV series),endDate,"October 6, 2011",Never Never (TV series)
Henriette Hansen (handballer),instanceOf,Q5,Henriette Hansen (handballer)
Henriette Hansen (handballer),givenName,Henriette,Henriette Hansen (handballer)
Henriette Hansen (handballer),familyName,Hansen,Henriette Hansen (handballer)
Henriette Hansen (handballer),birthDate,1971-10-20,Henriette Hansen (handballer)
Henriette Hansen (handballer),nationality,Danish,Henriette Hansen (handballer)
Henriette Hansen (handballer),position,Handball player,Henriette Hansen (handballer)
Henriette Hansen (handballer),hasOccupation,Handball player,Henriette Hansen (handballer)
Henriette Hansen (handballer),playsFor,Denmark women's national handball team,Henriette Hansen (handballer)
Alex Allan (footballer),instanceOf,Footballer,Alex Allan (footballer)
Alex Allan (footballer),birthDate,1990-05-30,Alex Allan (footballer)
Alex Allan (footballer),birthPlace,Glasgow,Alex Allan (footballer)
Alex Allan (footballer),position,Midfielder,Alex Allan (footballer)
Alex Allan (footballer),team,Kilmarnock F.C.,Alex Allan (footballer)
Alex Allan (footballer),team,Ayr United F.C.,Alex Allan (footballer)
Alex Allan (footballer),team,Dumbarton F.C.,Alex Allan (footballer)
Alex Allan (footballer),team,Greenock Morton F.C.,Alex Allan (footballer)
Church of St. Elizabeth of Hungary in Łódź,instanceOf,church,Church of St. Elizabeth of Hungary in Łódź
Church of St. Elizabeth of Hungary in Łódź,dedicatedTo,Saint Elizabeth of Hungary,Church of St. Elizabeth of Hungary in Łódź
Church of St. Elizabeth of Hungary in Łódź,locatedIn,Łódź,Church of St. Elizabeth of Hungary in Łódź
Church of St. Elizabeth of Hungary in Łódź,denomination,Catholic Church,Church of St. Elizabeth of Hungary in Łódź
Church of St. Elizabeth of Hungary in Łódź,architect,unknown,Church of St. Elizabeth of Hungary in Łódź
Church of St. Elizabeth of Hungary in Łódź,architecturalStyle,modernist architecture,Church of St. Elizabeth of Hungary in Łódź
Church of St. Elizabeth of Hungary in Łódź,hasPart,tower,Church of St. Elizabeth of Hungary in Łódź
Church of St. Elizabeth of Hungary in Łódź,hasPart,chapel,Church of St. Elizabeth of Hungary in Łódź
Church of St. Elizabeth of Hungary in Łódź,location,Poland,Church of St. Elizabeth of Hungary in Łódź
Church of St. Elizabeth of Hungary in Łódź,isPartOf,Łódź Voivodeship,Church of St. Elizabeth of Hungary in Łódź
subject,predicate,object,Ten Ren Tea
Ten Ren Tea,instanceOf,Tea Company,Ten Ren Tea
Ten Ren Tea,foundedIn,Taiwan,Ten Ren Tea
Ten Ren Tea,foundedBy,Yu-Ziang Hsu,Ten Ren Tea
Ten Ren Tea,headquarteredIn,Los Angeles,Ten Ren Tea
Ten Ren Tea,hasProduct,Ten Ren's Oolong Tea,Ten Ren Tea
Ten Ren Tea,hasProduct,Ten Ren's Jasmine Tea,Ten Ren Tea
Ten Ren Tea,hasProduct,Ten Ren's Green Tea,Ten Ren Tea
Ten Ren Tea,isKnownFor,Traditional Chinese Tea,Ten Ren Tea
Ten Ren Tea,operatesIn,United States,Ten Ren Tea
Ten Ren Tea,operatesIn,Taiwan,Ten Ren Tea
Ten Ren Tea,hasOutlet,Ten Ren's Tea World,Ten Ren Tea
Ten Ren Tea,foundedInYear,1998,Ten Ren Tea
subject,predicate,object,Ismael Edwards Matte
Peter Laurence (diplomat),instanceOf,Diplomat,Peter Laurence (diplomat)
Peter Laurence (diplomat),birthDate,1911-04-17,Peter Laurence (diplomat)
Peter Laurence (diplomat),deathDate,2003,Peter Laurence (diplomat)
Peter Laurence (diplomat),country,United Kingdom,Peter Laurence (diplomat)
Peter Laurence (diplomat),occupation,Diplomat,Peter Laurence (diplomat)
Serikbolsyn Abdildin,instanceOf,Human,Serikbolsyn Abdildin
Serikbolsyn Abdildin,birthDate,1963,Serikbolsyn Abdildin
Serikbolsyn Abdildin,birthPlace,Kazakhstan,Serikbolsyn Abdildin
Serikbolsyn Abdildin,occupation,Politician,Serikbolsyn Abdildin
Serikbolsyn Abdildin,position,Chairman of the Central Election Commission of Kazakhstan,Serikbolsyn Abdildin
Serikbolsyn Abdildin,nationality,Kazakhstani,Serikbolsyn Abdildin
Serikbolsyn Abdildin,isPoliticianOf,Kazakhstan,Serikbolsyn Abdildin
Judo at the 2023 Pan American Games – Women's 63 kg,instanceOf,Judo competition,Judo at the 2023 Pan American Games – Women's 63 kg
Judo at the 2023 Pan American Games – Women's 63 kg,partOf,Judo at the 2023 Pan American Games,Judo at the 2023 Pan American Games – Women's 63 kg
Judo at the 2023 Pan American Games – Women's 63 kg,hasGender,Women's,Judo at the 2023 Pan American Games – Women's 63 kg
Judo at the 2023 Pan American Games – Women's 63 kg,hasWeightClass,63 kg,Judo at the 2023 Pan American Games – Women's 63 kg
Judo at the 2023 Pan American Games – Women's 63 kg,eventType,Judo competition at the Pan American Games,Judo at the 2023 Pan American Games – Women's 63 kg
Judo at the 2023 Pan American Games – Women's 63 kg,location,"Santiago, Chile",Judo at the 2023 Pan American Games – Women's 63 kg
Judo at the 2023 Pan American Games – Women's 63 kg,startDate,2023-10-26,Judo at the 2023 Pan American Games – Women's 63 kg
Judo at the 2023 Pan American Games – Women's 63 kg,endDate,2023-10-26,Judo at the 2023 Pan American Games – Women's 63 kg
subject,predicate,object,Luis González Maté
E. Talbot Donaldson,instanceOf,Person,E. Talbot Donaldson
E. Talbot Donaldson,birthName,E. Talbot Donaldson,E. Talbot Donaldson
E. Talbot Donaldson,birthDate,1914-06-13,E. Talbot Donaldson
E. Talbot Donaldson,deathDate,1997-06-15,E. Talbot Donaldson
E. Talbot Donaldson,occupation,classicist,E. Talbot Donaldson
E. Talbot Donaldson,occupation,scholar,E. Talbot Donaldson
E. Talbot Donaldson,occupation,translator,E. Talbot Donaldson
E. Talbot Donaldson,almaMater,Harvard University,E. Talbot Donaldson
E. Talbot Donaldson,award,Guggenheim Fellowship,E. Talbot Donaldson
E. Talbot Donaldson,award,National Book Award,E. Talbot Donaldson
E. Talbot Donaldson,authorOf,The Swinburne Letters,E. Talbot Donaldson
E. Talbot Donaldson,authorOf,Poems of Gerard Manley Hopkins,E. Talbot Donaldson
E. Talbot Donaldson,authorOf,A Concordance to the English Poems of Thomas Hardy,E. Talbot Donaldson
E. Talbot Donaldson,translatorOf,The Divine Comedy,E. Talbot Donaldson
E. Talbot Donaldson,translatorOf,Inferno,E. Talbot Donaldson
E. Talbot Donaldson,memberOf,American Academy of Arts and Sciences,E. Talbot Donaldson
E. Talbot Donaldson,influencedBy,Dante Alighieri,E. Talbot Donaldson
E. Talbot Donaldson,influencedBy,Gerard Manley Hopkins,E. Talbot Donaldson
Ross Barkley,instanceOf,Person,Ross Barkley
Ross Barkley,birthDate,1993-12-05,Ross Barkley
Ross Barkley,birthPlace,Weybridge,Ross Barkley
Ross Barkley,nationality,English,Ross Barkley
Ross Barkley,occupation,Association football player,Ross Barkley
Ross Barkley,position,Midfielder,Ross Barkley
Ross Barkley,playsFor,Chelsea F.C.,Ross Barkley
Ross Barkley,playsFor,Leeds United F.C.,Ross Barkley
Ross Barkley,playsFor,Aston Villa F.C.,Ross Barkley
Ross Barkley,hasRepresented,England national football team,Ross Barkley
Ross Barkley,UEFA Euro 2016,participant,Ross Barkley
Ross Barkley,FIFA World Cup 2018,participant,Ross Barkley
Ross Barkley,transfer Fee,15 million GBP,Ross Barkley
Ross Barkley,height,1.85 m,Ross Barkley
Ross Barkley,shirtNumber,8,Ross Barkley
Ross Barkley,formerTeam,Weybridge Town,Ross Barkley
Ross Barkley,formerTeam,Swansea City A.F.C.,Ross Barkley
Ross Barkley,youthClub,Weybridge Town,Ross Barkley
Ross Barkley,youthClub,Chelsea F.C. Academy,Ross Barkley
Ross Barkley,award,PFA Young Player of the Year,Ross Barkley
Ross Barkley,award,Premier League 2 Player of the Season,Ross Barkley
Ross Barkley,goals,13,Ross Barkley
Ross Barkley,assists,15,Ross Barkley
1995–96 Arkansas Razorbacks men's basketball team,instanceOf,basketball team,1995–96 Arkansas Razorbacks men's basketball team
1995–96 Arkansas Razorbacks men's basketball team,partOf,1995-1996 NCAA Division I men's basketball season,1995–96 Arkansas Razorbacks men's basketball team
1995–96 Arkansas Razorbacks men's basketball team,competesIn,NCAA Division I,1995–96 Arkansas Razorbacks men's basketball team
1995–96 Arkansas Razorbacks men's basketball team,league,Southeastern Conference,1995–96 Arkansas Razorbacks men's basketball team
1995–96 Arkansas Razorbacks men's basketball team,coach,Eddie Sutton,1995–96 Arkansas Razorbacks men's basketball team
1995–96 Arkansas Razorbacks men's basketball team,arena,Bud Walton Arena,1995–96 Arkansas Razorbacks men's basketball team
1995–96 Arkansas Razorbacks men's basketball team,NCAASeason,1995-1996,1995–96 Arkansas Razorbacks men's basketball team
1995–96 Arkansas Razorbacks men's basketball team,season,1995-1996,1995–96 Arkansas Razorbacks men's basketball team
1995–96 Arkansas Razorbacks men's basketball team,conference,Southeastern Conference,1995–96 Arkansas Razorbacks men's basketball team
1995–96 Arkansas Razorbacks men's basketball team,school,University of Arkansas,1995–96 Arkansas Razorbacks men's basketball team
The Adventures of Nicholas Nickleby,instanceOf,Novel,The Adventures of Nicholas Nickleby
The Adventures of Nicholas Nickleby,author,Charles Dickens,The Adventures of Nicholas Nickleby
The Adventures of Nicholas Nickleby,publishedIn,Bentley's Miscellany,The Adventures of Nicholas Nickleby
The Adventures of Nicholas Nickleby,publicationDate,1838,The Adventures of Nicholas Nickleby
The Adventures of Nicholas Nickleby,partOf,The Works of Charles Dickens,The Adventures of Nicholas Nickleby
The Adventures of Nicholas Nickleby,basedOn,The Life and Adventures of Nicholas Nickleby,The Adventures of Nicholas Nickleby
The Adventures of Nicholas Nickleby,depicts,Theatricality,The Adventures of Nicholas Nickleby
The Adventures of Nicholas Nickleby,depicts,Deception,The Adventures of Nicholas Nickleby
The Adventures of Nicholas Nickleby,depicts,Redemption,The Adventures of Nicholas Nickleby
The Adventures of Nicholas Nickleby,hasCharacter,Nicholas Nickleby,The Adventures of Nicholas Nickleby
The Adventures of Nicholas Nickleby,hasCharacter,Ralph Nickleby,The Adventures of Nicholas Nickleby
The Adventures of Nicholas Nickleby,hasCharacter,Smike,The Adventures of Nicholas Nickleby
The Adventures of Nicholas Nickleby,influenced,Oliver Twist,The Adventures of Nicholas Nickleby
The Adventures of Nicholas Nickleby,influenced,David Copperfield,The Adventures of Nicholas Nickleby
The Adventures of Nicholas Nickleby,followedBy,"The Life and Adventures of Nicholas Nickleby, Continued",The Adventures of Nicholas Nickleby
The Adventures of Nicholas Nickleby,precededBy,The Life and Adventures of Nicholas Nickleby,The Adventures of Nicholas Nickleby
2011–12 Harvard Crimson men's basketball team,instanceOf,basketball team,2011–12 Harvard Crimson men's basketball team
2011–12 Harvard Crimson men's basketball team,partOf,Harvard Crimson men's basketball,2011–12 Harvard Crimson men's basketball team
2011–12 Harvard Crimson men's basketball team,season,2011-12,2011–12 Harvard Crimson men's basketball team
2011–12 Harvard Crimson men's basketball team,headCoach,Joe Groff,2011–12 Harvard Crimson men's basketball team
2011–12 Harvard Crimson men's basketball team,assistant,Harvard University,2011–12 Harvard Crimson men's basketball team
2011–12 Harvard Crimson men's basketball team,league,NCAA Division I,2011–12 Harvard Crimson men's basketball team
2011–12 Harvard Crimson men's basketball team,conference,Ivy League,2011–12 Harvard Crimson men's basketball team
2011–12 Harvard Crimson men's basketball team,postseason,NCAA Men's Division I Basketball Tournament,2011–12 Harvard Crimson men's basketball team
2011–12 Harvard Crimson men's basketball team,wins,23,2011–12 Harvard Crimson men's basketball team
2011–12 Harvard Crimson men's basketball team,losses,7,2011–12 Harvard Crimson men's basketball team
2011–12 Harvard Crimson men's basketball team,pointsFor,73.6,2011–12 Harvard Crimson men's basketball team
2011–12 Harvard Crimson men's basketball team,pointsAgainst,60.9,2011–12 Harvard Crimson men's basketball team
Anne Buttimer,instanceOf,Human,Anne Buttimer
Anne Buttimer,birthDate,1936-03-14,Anne Buttimer
Anne Buttimer,deathDate,2020-03-15,Anne Buttimer
Anne Buttimer,birthPlace,Dublin,Anne Buttimer
Anne Buttimer,nationality,Irish,Anne Buttimer
Anne Buttimer,occupation,Geographer,Anne Buttimer
Anne Buttimer,occupation,Academic,Anne Buttimer
Anne Buttimer,position,President of the International Geographical Union,Anne Buttimer
Anne Buttimer,award,Viking Medal,Anne Buttimer
Anne Buttimer,award,Médaille d'or de la Royal Geographical Society,Anne Buttimer
Anne Buttimer,educatedAt,University College Dublin,Anne Buttimer
Anne Buttimer,educatedAt,University of Wisconsin,Anne Buttimer
Anne Buttimer,influencedBy,Carl Sauer,Anne Buttimer
Anne Buttimer,influencedBy,Haggett,Anne Buttimer
Anne Buttimer,notableStudent,David Ley,Anne Buttimer
Anne Buttimer,notableStudent,Lynn Ley,Anne Buttimer
Anne Buttimer,memberOf,Royal Geographical Society,Anne Buttimer
Anne Buttimer,memberOf,American Academy of Arts and Sciences,Anne Buttimer
Anne Buttimer,memberOf,Irish Academy,Anne Buttimer
Anne Buttimer,diedAt,Cork,Anne Buttimer
subject,predicate,object,Dorothea Waley Singer
