subject,predicate,object,subject_name
Little Brosna River,instanceOf,river,Little Brosna River
Little Brosna River,locatedIn,Ireland,Little Brosna River
Little Brosna River,locatedIn,County Offaly,Little Brosna River
Little Brosna River,locatedIn,County Tipperary,Little Brosna River
Little Brosna River,flowsInto,River Shannon,Little Brosna River
Little Brosna River,length,36 kilometers,Little Brosna River
Little Brosna River,source,Slieve Bloom Mountains,Little Brosna River
Little Brosna River,mouth,River Shannon near Banagher,Little Brosna River
Little Brosna River,tributaryOf,River Shannon,Little Brosna River
Little Brosna River,notableFeature,Little Brosna Callows (floodplain wetland),Little Brosna River
Little Brosna River,ecologicalSignificance,habitat for wildfowl and wading birds,Little Brosna River
Little Brosna River,protectedArea,Natura 2000 site,Little Brosna River
Whitmell P. Martin,instanceOf,human,Whitmell P. Martin
Whitmell P. Martin,instanceOf,politician,Whitmell P. Martin
Whitmell P. Martin,dateOfBirth,1867-08-12,Whitmell P. Martin
Whitmell P. Martin,dateOfDeath,1929-04-06,Whitmell P. Martin
Whitmell P. Martin,placeOfBirth,"St. Landry Parish, Louisiana, U.S.",Whitmell P. Martin
Whitmell P. Martin,placeOfDeath,"New Orleans, Louisiana, U.S.",Whitmell P. Martin
Whitmell P. Martin,countryOfCitizenship,United States,Whitmell P. Martin
Whitmell P. Martin,occupation,lawyer,Whitmell P. Martin
Whitmell P. Martin,occupation,politician,Whitmell P. Martin
Whitmell P. Martin,memberOf,Democratic Party (United States),Whitmell P. Martin
Whitmell P. Martin,positionHeld,Member of the U.S. House of Representatives from Louisiana's 3rd congressional district,Whitmell P. Martin
Whitmell P. Martin,startTime,1915-03-04,Whitmell P. Martin
Whitmell P. Martin,endTime,1917-03-03,Whitmell P. Martin
Whitmell P. Martin,positionHeld,Member of the U.S. House of Representatives from Louisiana's 8th congressional district,Whitmell P. Martin
Whitmell P. Martin,startTime,1917-03-04,Whitmell P. Martin
Whitmell P. Martin,endTime,1929-04-06,Whitmell P. Martin
Whitmell P. Martin,educatedAt,Louisiana State University,Whitmell P. Martin
Whitmell P. Martin,educatedAt,Tulane University Law School,Whitmell P. Martin
Whitmell P. Martin,religion,Roman Catholicism,Whitmell P. Martin
Whitmell P. Martin,spouse,Mary Belle Martin,Whitmell P. Martin
Whitmell P. Martin,child,Whitmell P. Martin Jr.,Whitmell P. Martin
Katie Kitamura,instanceOf,Person,Katie Kitamura
Katie Kitamura,instanceOf,Writer,Katie Kitamura
Katie Kitamura,occupation,Novelist,Katie Kitamura
Katie Kitamura,occupation,Journalist,Katie Kitamura
Katie Kitamura,occupation,Professor,Katie Kitamura
Katie Kitamura,birthDate,1979,Katie Kitamura
Katie Kitamura,birthPlace,California,Katie Kitamura
Katie Kitamura,birthPlace,United States,Katie Kitamura
Katie Kitamura,nationality,American,Katie Kitamura
Katie Kitamura,educatedAt,Princeton University,Katie Kitamura
Katie Kitamura,educatedAt,University of London,Katie Kitamura
Katie Kitamura,genre,Literary fiction,Katie Kitamura
Katie Kitamura,notableWork,A Separation,Katie Kitamura
Katie Kitamura,notableWork,The Longshot,Katie Kitamura
Katie Kitamura,notableWork,Gone to the Forest,Katie Kitamura
Katie Kitamura,notableWork,Intimacies,Katie Kitamura
Katie Kitamura,award,National Book Award Longlist (2021),Katie Kitamura
Katie Kitamura,spouse,Hari Kunzru,Katie Kitamura
Katie Kitamura,residence,New York City,Katie Kitamura
Katie Kitamura,residence,United States,Katie Kitamura
Katie Kitamura,language,English,Katie Kitamura
Katie Kitamura,almaMater,Princeton University,Katie Kitamura
Katie Kitamura,almaMater,University of London,Katie Kitamura
Katie Kitamura,fieldOfWork,Literature,Katie Kitamura
Katie Kitamura,fieldOfWork,Creative Writing,Katie Kitamura
Katie Kitamura,influencedBy,Marguerite Duras,Katie Kitamura
Katie Kitamura,influencedBy,J.M. Coetzee,Katie Kitamura
Katie Kitamura,influencedBy,W.G. Sebald,Katie Kitamura
"Fokino, Bryansk Oblast",instanceOf,city,"Fokino, Bryansk Oblast"
"Fokino, Bryansk Oblast",instanceOf,municipal settlement,"Fokino, Bryansk Oblast"
"Fokino, Bryansk Oblast",locatedIn,Bryansk Oblast,"Fokino, Bryansk Oblast"
"Fokino, Bryansk Oblast",locatedIn,Russia,"Fokino, Bryansk Oblast"
"Fokino, Bryansk Oblast",country,Russia,"Fokino, Bryansk Oblast"
"Fokino, Bryansk Oblast",federalSubject,Bryansk Oblast,"Fokino, Bryansk Oblast"
"Fokino, Bryansk Oblast",timeZone,Moscow Time (MSK),"Fokino, Bryansk Oblast"
"Fokino, Bryansk Oblast",population,13876,"Fokino, Bryansk Oblast"
"Fokino, Bryansk Oblast",populationYear,2010,"Fokino, Bryansk Oblast"
"Fokino, Bryansk Oblast",postalCode,242610,"Fokino, Bryansk Oblast"
"Fokino, Bryansk Oblast",federalDistrict,Central Federal District,"Fokino, Bryansk Oblast"
"Fokino, Bryansk Oblast",founded,1954,"Fokino, Bryansk Oblast"
"Fokino, Bryansk Oblast",elevation,180 meters,"Fokino, Bryansk Oblast"
"Fokino, Bryansk Oblast",coordinates,53.45°N,"Fokino, Bryansk Oblast"
"Fokino, Bryansk Oblast",coordinates,34.4167°E,"Fokino, Bryansk Oblast"
Survivor: Kaôh Rōng,instanceOf,television season,Survivor: Kaôh Rōng
Survivor: Kaôh Rōng,instanceOf,reality competition series,Survivor: Kaôh Rōng
Survivor: Kaôh Rōng,partOf,Survivor (American TV series),Survivor: Kaôh Rōng
Survivor: Kaôh Rōng,seasonNumber,32,Survivor: Kaôh Rōng
Survivor: Kaôh Rōng,location,"Koah Rong, Cambodia",Survivor: Kaôh Rōng
Survivor: Kaôh Rōng,premiereDate,2016-02-17,Survivor: Kaôh Rōng
Survivor: Kaôh Rōng,finaleDate,2016-05-18,Survivor: Kaôh Rōng
Survivor: Kaôh Rōng,winner,Michele Fitzgerald,Survivor: Kaôh Rōng
Survivor: Kaôh Rōng,runnerUp,Aubry Bracco,Survivor: Kaôh Rōng
Survivor: Kaôh Rōng,runnerUp,Tai Trang,Survivor: Kaôh Rōng
Survivor: Kaôh Rōng,host,Jeff Probst,Survivor: Kaôh Rōng
Survivor: Kaôh Rōng,numberOfEpisodes,14,Survivor: Kaôh Rōng
Survivor: Kaôh Rōng,theme,Brains vs. Brawn vs. Beauty,Survivor: Kaôh Rōng
Survivor: Kaôh Rōng,tribes,To Tang,Survivor: Kaôh Rōng
Survivor: Kaôh Rōng,tribes,Gondol,Survivor: Kaôh Rōng
Survivor: Kaôh Rōng,tribes,Chan Loh,Survivor: Kaôh Rōng
Survivor: Kaôh Rōng,mergedTribe,Dara,Survivor: Kaôh Rōng
Survivor: Kaôh Rōng,award,Primetime Emmy Award for Outstanding Reality-Competition Program (nominated),Survivor: Kaôh Rōng
Survivor: Kaôh Rōng,notableContestant,Caleb Reynolds,Survivor: Kaôh Rōng
Survivor: Kaôh Rōng,notableContestant,Neal Gottlieb,Survivor: Kaôh Rōng
Survivor: Kaôh Rōng,notableContestant,Jason Linden,Survivor: Kaôh Rōng
Survivor: Kaôh Rōng,productionCompany,SEG Inc.,Survivor: Kaôh Rōng
Survivor: Kaôh Rōng,productionCompany,Mark Burnett Productions,Survivor: Kaôh Rōng
Survivor: Kaôh Rōng,broadcastNetwork,CBS,Survivor: Kaôh Rōng
Survivor: Kaôh Rōng,countryOfOrigin,United States,Survivor: Kaôh Rōng
Survivor: Kaôh Rōng,language,English,Survivor: Kaôh Rōng
Horten Church,instanceOf,church,Horten Church
Horten Church,instanceOf,building,Horten Church
Horten Church,locatedIn,Horten,Horten Church
Horten Church,locatedIn,Vestfold,Horten Church
Horten Church,locatedIn,Norway,Horten Church
Horten Church,country,Norway,Horten Church
Horten Church,denomination,Church of Norway,Horten Church
Horten Church,architecturalStyle,Neo-Gothic,Horten Church
Horten Church,yearOfConstruction,1855,Horten Church
Horten Church,consecratedIn,1855,Horten Church
Horten Church,architect,Christian Heinrich Grosch,Horten Church
Horten Church,hasFeature,spire,Horten Church
Horten Church,hasFeature,stained glass windows,Horten Church
Horten Church,capacity,500,Horten Church
Horten Church,material,brick,Horten Church
Horten Church,status,active,Horten Church
Horten Church,partOf,Tunsberg Diocese,Horten Church
Horten Church,coordinates,59.4167°N 10.4833°E,Horten Church
Horten Church,notableFor,historical significance,Horten Church
Horten Church,notableFor,architectural design,Horten Church
Horses Amphora,instanceOf,ancient Greek pottery,Horses Amphora
Horses Amphora,instanceOf,amphora,Horses Amphora
Horses Amphora,createdDuring,Archaic period,Horses Amphora
Horses Amphora,originatedIn,Ancient Greece,Horses Amphora
Horses Amphora,depicts,horses,Horses Amphora
Horses Amphora,usedFor,storage,Horses Amphora
Horses Amphora,usedFor,transport of liquids,Horses Amphora
Horses Amphora,material,terracotta,Horses Amphora
Horses Amphora,style,black-figure pottery,Horses Amphora
Horses Amphora,associatedWith,Attic pottery,Horses Amphora
Horses Amphora,location,"various museums (e.g., Louvre, British Museum)",Horses Amphora
Horses Amphora,notableExample,François Vase,Horses Amphora
Horses Amphora,createdBy,unknown ancient Greek potters,Horses Amphora
Horses Amphora,dateRange,circa 6th century BCE,Horses Amphora
Brand USA,instanceOf,public-private partnership,Brand USA
Brand USA,instanceOf,tourism marketing organization,Brand USA
Brand USA,established,2011,Brand USA
Brand USA,headquarters,"Washington, D.C.",Brand USA
Brand USA,purpose,promote travel to the United States,Brand USA
Brand USA,fundingSource,private sector contributions,Brand USA
Brand USA,fundingSource,fees from the Visa Waiver Program,Brand USA
Brand USA,collaboratesWith,U.S. Travel Association,Brand USA
Brand USA,collaboratesWith,U.S. Department of Commerce,Brand USA
Brand USA,campaign,Discover America,Brand USA
Brand USA,website,thebrandusa.com,Brand USA
Brand USA,CEO,Christopher L. Thompson (as of 2023),Brand USA
Brand USA,legalStatus,non-profit corporation,Brand USA
Brand USA,targetAudience,international travelers,Brand USA
Brand USA,marketingChannels,digital advertising,Brand USA
Brand USA,marketingChannels,social media,Brand USA
Brand USA,marketingChannels,travel trade shows,Brand USA
Brand USA,partnershipWith,airlines,Brand USA
Brand USA,partnershipWith,hotels,Brand USA
Brand USA,partnershipWith,tour operators,Brand USA
Brand USA,impact,increased international tourism to the U.S.,Brand USA
Brand USA,impact,economic growth in the U.S. travel industry,Brand USA
Counter-Terrorism and Border Security Act 2019,instanceOf,Act of Parliament,Counter-Terrorism and Border Security Act 2019
Counter-Terrorism and Border Security Act 2019,instanceOf,United Kingdom legislation,Counter-Terrorism and Border Security Act 2019
Counter-Terrorism and Border Security Act 2019,jurisdiction,United Kingdom,Counter-Terrorism and Border Security Act 2019
Counter-Terrorism and Border Security Act 2019,introducedBy,Sajid Javid,Counter-Terrorism and Border Security Act 2019
Counter-Terrorism and Border Security Act 2019,introducedIn,House of Commons,Counter-Terrorism and Border Security Act 2019
Counter-Terrorism and Border Security Act 2019,dateIntroduced,2018-06-06,Counter-Terrorism and Border Security Act 2019
Counter-Terrorism and Border Security Act 2019,dateRoyalAssent,2019-02-12,Counter-Terrorism and Border Security Act 2019
Counter-Terrorism and Border Security Act 2019,commencementDate,2019-04-12,Counter-Terrorism and Border Security Act 2019
Counter-Terrorism and Border Security Act 2019,amends,Terrorism Act 2000,Counter-Terrorism and Border Security Act 2019
Counter-Terrorism and Border Security Act 2019,amends,Terrorism Act 2006,Counter-Terrorism and Border Security Act 2019
Counter-Terrorism and Border Security Act 2019,amends,Counter-Terrorism Act 2008,Counter-Terrorism and Border Security Act 2019
Counter-Terrorism and Border Security Act 2019,topic,Counter-terrorism,Counter-Terrorism and Border Security Act 2019
Counter-Terrorism and Border Security Act 2019,topic,Border security,Counter-Terrorism and Border Security Act 2019
Counter-Terrorism and Border Security Act 2019,topic,National security,Counter-Terrorism and Border Security Act 2019
Counter-Terrorism and Border Security Act 2019,legislativeSession,57th Parliament of the United Kingdom,Counter-Terrorism and Border Security Act 2019
Counter-Terrorism and Border Security Act 2019,repeals,Sections of the Terrorism Act 2000,Counter-Terrorism and Border Security Act 2019
Counter-Terrorism and Border Security Act 2019,createsOffense,Viewing terrorist material online,Counter-Terrorism and Border Security Act 2019
Counter-Terrorism and Border Security Act 2019,createsOffense,Entering or remaining in designated areas abroad,Counter-Terrorism and Border Security Act 2019
Counter-Terrorism and Border Security Act 2019,extendsPowers,Stop and search powers for counter-terrorism,Counter-Terrorism and Border Security Act 2019
Counter-Terrorism and Border Security Act 2019,extendsPowers,Port and border controls,Counter-Terrorism and Border Security Act 2019
Counter-Terrorism and Border Security Act 2019,citation,2019 c. 3,Counter-Terrorism and Border Security Act 2019
2019 AQ3,instanceOf,asteroid,2019 AQ3
2019 AQ3,discoveryDate,2019-01-04,2019 AQ3
2019 AQ3,discoverer,Zwicky Transient Facility,2019 AQ3
2019 AQ3,orbitalPeriod,165 days,2019 AQ3
2019 AQ3,semiMajorAxis,0.5887 AU,2019 AQ3
2019 AQ3,eccentricity,0.314,2019 AQ3
2019 AQ3,inclination,47.2 degrees,2019 AQ3
2019 AQ3,perihelion,0.4039 AU,2019 AQ3
2019 AQ3,aphelion,0.7735 AU,2019 AQ3
2019 AQ3,absoluteMagnitude,17.6,2019 AQ3
2019 AQ3,category,Atira asteroid,2019 AQ3
2019 AQ3,partOf,Solar System,2019 AQ3
2019 AQ3,orbits,Sun,2019 AQ3
2019 AQ3,diameterEstimate,1.4 km,2019 AQ3
Draupner wave,instanceOf,rogue wave,Draupner wave
Draupner wave,instanceOf,oceanic phenomenon,Draupner wave
Draupner wave,discoveredAt,Draupner platform,Draupner wave
Draupner wave,discoveredIn,North Sea,Draupner wave
Draupner wave,discoveredOn,1995-01-01,Draupner wave
Draupner wave,height,25.6 meters,Draupner wave
Draupner wave,significance,first rogue wave confirmed by scientific measurement,Draupner wave
Draupner wave,studiedBy,oceanographers,Draupner wave
Draupner wave,studiedBy,marine engineers,Draupner wave
Draupner wave,relatedTo,freak wave,Draupner wave
Draupner wave,relatedTo,ocean wave dynamics,Draupner wave
Draupner wave,location,off the coast of Norway,Draupner wave
Draupner wave,recordedBy,laser sensor,Draupner wave
Draupner wave,impactOn,offshore platform design,Draupner wave
Draupner wave,impactOn,ship safety protocols,Draupner wave
Cartagena Cathedral,instanceOf,cathedral,Cartagena Cathedral
Cartagena Cathedral,instanceOf,Catholic church,Cartagena Cathedral
Cartagena Cathedral,locatedIn,"Cartagena, Colombia",Cartagena Cathedral
Cartagena Cathedral,alsoKnownAs,Cathedral of Saint Catherine of Alexandria,Cartagena Cathedral
Cartagena Cathedral,dedicatedTo,Saint Catherine of Alexandria,Cartagena Cathedral
Cartagena Cathedral,startedConstruction,1575,Cartagena Cathedral
Cartagena Cathedral,completedConstruction,1612,Cartagena Cathedral
Cartagena Cathedral,architecturalStyle,Colonial,Cartagena Cathedral
Cartagena Cathedral,architecturalStyle,Renaissance,Cartagena Cathedral
Cartagena Cathedral,hasFeature,bell tower,Cartagena Cathedral
Cartagena Cathedral,hasFeature,nave,Cartagena Cathedral
Cartagena Cathedral,hasFeature,altarpieces,Cartagena Cathedral
Cartagena Cathedral,isPartOf,Roman Catholic Archdiocese of Cartagena,Cartagena Cathedral
Cartagena Cathedral,hasStatus,National Monument of Colombia,Cartagena Cathedral
Cartagena Cathedral,damagedBy,Sir Francis Drake's attack in 1586,Cartagena Cathedral
Cartagena Cathedral,restoredIn,19th century,Cartagena Cathedral
Cartagena Cathedral,restoredIn,20th century,Cartagena Cathedral
Cartagena Cathedral,containsArtwork,religious paintings,Cartagena Cathedral
Cartagena Cathedral,containsArtwork,sculptures,Cartagena Cathedral
Cartagena Cathedral,servesAs,tourist attraction,Cartagena Cathedral
Cartagena Cathedral,servesAs,place of worship,Cartagena Cathedral
WeTransfer,instanceOf,company,WeTransfer
WeTransfer,instanceOf,file hosting service,WeTransfer
WeTransfer,foundedIn,2009,WeTransfer
WeTransfer,foundedBy,Bas Beerens,WeTransfer
WeTransfer,foundedBy,Ronald Hans,WeTransfer
WeTransfer,headquarters,Amsterdam,WeTransfer
WeTransfer,headquarters,Netherlands,WeTransfer
WeTransfer,industry,technology,WeTransfer
WeTransfer,industry,cloud storage,WeTransfer
WeTransfer,offersService,file transfer,WeTransfer
WeTransfer,offersService,file sharing,WeTransfer
WeTransfer,offersService,cloud storage,WeTransfer
WeTransfer,offersService,collaboration tools,WeTransfer
WeTransfer,hasProduct,WeTransfer Pro,WeTransfer
WeTransfer,hasProduct,WeTransfer Premium,WeTransfer
WeTransfer,hasProduct,Papers,WeTransfer
WeTransfer,hasProduct,Collect,WeTransfer
WeTransfer,website,https://wetransfer.com,WeTransfer
WeTransfer,parentOrganization,WeTransfer B.V.,WeTransfer
WeTransfer,acquired,Papers,WeTransfer
WeTransfer,acquired,Collect,WeTransfer
WeTransfer,acquiredIn,2018 (Papers),WeTransfer
WeTransfer,acquiredIn,2020 (Collect),WeTransfer
WeTransfer,knownFor,large file transfers,WeTransfer
WeTransfer,knownFor,user-friendly interface,WeTransfer
WeTransfer,hasFeature,password protection,WeTransfer
WeTransfer,hasFeature,file expiration,WeTransfer
WeTransfer,hasFeature,email notifications,WeTransfer
WeTransfer,hasFeature,customizable download pages,WeTransfer
WeTransfer,supportsFileType,images,WeTransfer
WeTransfer,supportsFileType,videos,WeTransfer
WeTransfer,supportsFileType,documents,WeTransfer
WeTransfer,supportsFileType,audio files,WeTransfer
WeTransfer,maxFileSize,2GB (free),WeTransfer
WeTransfer,maxFileSize,200GB (Pro/Premium),WeTransfer
WeTransfer,storageDuration,7 days (free),WeTransfer
WeTransfer,storageDuration,unlimited (Pro/Premium),WeTransfer
WeTransfer,hasRevenueModel,freemium,WeTransfer
WeTransfer,hasRevenueModel,subscription-based,WeTransfer
WeTransfer,hasUserBase,creative professionals,WeTransfer
WeTransfer,hasUserBase,businesses,WeTransfer
WeTransfer,hasUserBase,general consumers,WeTransfer
WeTransfer,hasCompetitor,Dropbox,WeTransfer
WeTransfer,hasCompetitor,Google Drive,WeTransfer
WeTransfer,hasCompetitor,SendSpace,WeTransfer
WeTransfer,hasCompetitor,Filemail,WeTransfer
WeTransfer,hasPartnership,Adobe,WeTransfer
WeTransfer,hasPartnership,Creative Cloud,WeTransfer
WeTransfer,hasAward,Red Dot Design Award (2016),WeTransfer
WeTransfer,hasAward,Webby Award (2017),WeTransfer
WeTransfer,slogan,The simplest way to send your files around the world,WeTransfer
2016 FIFA U-17 Women's World Cup,instanceOf,FIFA U-17 Women's World Cup,2016 FIFA U-17 Women's World Cup
2016 FIFA U-17 Women's World Cup,instanceOf,international football tournament,2016 FIFA U-17 Women's World Cup
2016 FIFA U-17 Women's World Cup,editionOf,FIFA U-17 Women's World Cup,2016 FIFA U-17 Women's World Cup
2016 FIFA U-17 Women's World Cup,startDate,2016-09-30,2016 FIFA U-17 Women's World Cup
2016 FIFA U-17 Women's World Cup,endDate,2016-10-21,2016 FIFA U-17 Women's World Cup
2016 FIFA U-17 Women's World Cup,hostCountry,Jordan,2016 FIFA U-17 Women's World Cup
2016 FIFA U-17 Women's World Cup,numberOfTeams,16,2016 FIFA U-17 Women's World Cup
2016 FIFA U-17 Women's World Cup,champion,North Korea,2016 FIFA U-17 Women's World Cup
2016 FIFA U-17 Women's World Cup,runnerUp,Japan,2016 FIFA U-17 Women's World Cup
2016 FIFA U-17 Women's World Cup,thirdPlace,Spain,2016 FIFA U-17 Women's World Cup
2016 FIFA U-17 Women's World Cup,fourthPlace,Venezuela,2016 FIFA U-17 Women's World Cup
2016 FIFA U-17 Women's World Cup,topScorer,Lorena Navarro,2016 FIFA U-17 Women's World Cup
2016 FIFA U-17 Women's World Cup,topScorerGoals,8,2016 FIFA U-17 Women's World Cup
2016 FIFA U-17 Women's World Cup,bestPlayer,Fuka Nagano,2016 FIFA U-17 Women's World Cup
2016 FIFA U-17 Women's World Cup,bestGoalkeeper,Noelia Ramos,2016 FIFA U-17 Women's World Cup
2016 FIFA U-17 Women's World Cup,fairPlayAward,Japan,2016 FIFA U-17 Women's World Cup
2016 FIFA U-17 Women's World Cup,numberOfMatches,32,2016 FIFA U-17 Women's World Cup
2016 FIFA U-17 Women's World Cup,totalGoalsScored,102,2016 FIFA U-17 Women's World Cup
2016 FIFA U-17 Women's World Cup,averageGoalsPerMatch,3.19,2016 FIFA U-17 Women's World Cup
2016 FIFA U-17 Women's World Cup,attendance,"129,865",2016 FIFA U-17 Women's World Cup
2016 FIFA U-17 Women's World Cup,highestAttendanceMatch,Final (North Korea vs Japan),2016 FIFA U-17 Women's World Cup
2016 FIFA U-17 Women's World Cup,highestAttendance,"12,800",2016 FIFA U-17 Women's World Cup
2016 FIFA U-17 Women's World Cup,location,Amman,2016 FIFA U-17 Women's World Cup
2016 FIFA U-17 Women's World Cup,location,Irbid,2016 FIFA U-17 Women's World Cup
2016 FIFA U-17 Women's World Cup,location,Zarqa,2016 FIFA U-17 Women's World Cup
2016 FIFA U-17 Women's World Cup,stadium,Amman International Stadium,2016 FIFA U-17 Women's World Cup
2016 FIFA U-17 Women's World Cup,stadium,King Abdullah II Stadium,2016 FIFA U-17 Women's World Cup
2016 FIFA U-17 Women's World Cup,stadium,Prince Mohammed Stadium,2016 FIFA U-17 Women's World Cup
2016 FIFA U-17 Women's World Cup,mascot,Joraya,2016 FIFA U-17 Women's World Cup
2016 FIFA U-17 Women's World Cup,officialSong,None (no official song was designated),2016 FIFA U-17 Women's World Cup
2016 FIFA U-17 Women's World Cup,previousEdition,2014 FIFA U-17 Women's World Cup,2016 FIFA U-17 Women's World Cup
2016 FIFA U-17 Women's World Cup,nextEdition,2018 FIFA U-17 Women's World Cup,2016 FIFA U-17 Women's World Cup
2016 FIFA U-17 Women's World Cup,organizer,FIFA,2016 FIFA U-17 Women's World Cup
2016 FIFA U-17 Women's World Cup,participatingConfederations,AFC,2016 FIFA U-17 Women's World Cup
2016 FIFA U-17 Women's World Cup,participatingConfederations,CAF,2016 FIFA U-17 Women's World Cup
2016 FIFA U-17 Women's World Cup,participatingConfederations,CONCACAF,2016 FIFA U-17 Women's World Cup
2016 FIFA U-17 Women's World Cup,participatingConfederations,CONMEBOL,2016 FIFA U-17 Women's World Cup
2016 FIFA U-17 Women's World Cup,participatingConfederations,OFC,2016 FIFA U-17 Women's World Cup
2016 FIFA U-17 Women's World Cup,participatingConfederations,UEFA,2016 FIFA U-17 Women's World Cup
Bob Charles (footballer),instanceOf,human,Bob Charles (footballer)
Bob Charles (footballer),instanceOf,footballer,Bob Charles (footballer)
Bob Charles (footballer),fullName,Robert Charles,Bob Charles (footballer)
Bob Charles (footballer),dateOfBirth,1941-03-11,Bob Charles (footballer)
Bob Charles (footballer),placeOfBirth,"Bristol, England",Bob Charles (footballer)
Bob Charles (footballer),dateOfDeath,2014-08-28,Bob Charles (footballer)
Bob Charles (footballer),positionPlayed,defender,Bob Charles (footballer)
Bob Charles (footballer),countryOfCitizenship,United Kingdom,Bob Charles (footballer)
Bob Charles (footballer),memberOfSportsTeam,Bristol Rovers F.C.,Bob Charles (footballer)
Bob Charles (footballer),memberOfSportsTeam,Cardiff City F.C.,Bob Charles (footballer)
Bob Charles (footballer),memberOfSportsTeam,Newport County A.F.C.,Bob Charles (footballer)
Bob Charles (footballer),sport,association football,Bob Charles (footballer)
Bob Charles (footballer),careerStartYear,1958,Bob Charles (footballer)
Bob Charles (footballer),careerEndYear,1976,Bob Charles (footballer)
"Milbank Arms, Barningham",instanceOf,public house,"Milbank Arms, Barningham"
"Milbank Arms, Barningham",instanceOf,historic building,"Milbank Arms, Barningham"
"Milbank Arms, Barningham",locatedIn,Barningham,"Milbank Arms, Barningham"
"Milbank Arms, Barningham",locatedIn,Richmondshire,"Milbank Arms, Barningham"
"Milbank Arms, Barningham",locatedIn,North Yorkshire,"Milbank Arms, Barningham"
"Milbank Arms, Barningham",locatedIn,England,"Milbank Arms, Barningham"
"Milbank Arms, Barningham",locatedIn,United Kingdom,"Milbank Arms, Barningham"
"Milbank Arms, Barningham",type,country inn,"Milbank Arms, Barningham"
"Milbank Arms, Barningham",established,18th century,"Milbank Arms, Barningham"
"Milbank Arms, Barningham",offers,accommodation,"Milbank Arms, Barningham"
"Milbank Arms, Barningham",offers,dining,"Milbank Arms, Barningham"
"Milbank Arms, Barningham",architecturalStyle,traditional English,"Milbank Arms, Barningham"
Jim Spencer (curler),instanceOf,Person,Jim Spencer (curler)
Jim Spencer (curler),instanceOf,Curler,Jim Spencer (curler)
Jim Spencer (curler),sport,Curling,Jim Spencer (curler)
Jim Spencer (curler),country,Canada,Jim Spencer (curler)
Jim Spencer (curler),birthPlace,"Winnipeg, Manitoba, Canada",Jim Spencer (curler)
Jim Spencer (curler),birthDate,1954,Jim Spencer (curler)
Jim Spencer (curler),deathDate,2023-01-10,Jim Spencer (curler)
Jim Spencer (curler),occupation,Curler,Jim Spencer (curler)
Jim Spencer (curler),occupation,Coach,Jim Spencer (curler)
Jim Spencer (curler),team,Manitoba,Jim Spencer (curler)
Jim Spencer (curler),event,World Men's Curling Championship,Jim Spencer (curler)
Jim Spencer (curler),event,Brier,Jim Spencer (curler)
Jim Spencer (curler),award,Manitoba Sports Hall of Fame,Jim Spencer (curler)
Jim Spencer (curler),awardYear,2015,Jim Spencer (curler)
Jim Spencer (curler),position,Skip,Jim Spencer (curler)
Jim Spencer (curler),coachFor,Jennifer Jones,Jim Spencer (curler)
Jim Spencer (curler),coachFor,Team Canada (women's curling),Jim Spencer (curler)
Jim Spencer (curler),coachEvent,2014 Winter Olympics,Jim Spencer (curler)
Jim Spencer (curler),coachEvent,2018 Winter Olympics,Jim Spencer (curler)
Jim Spencer (curler),coachAchievement,Olympic gold medal (2014),Jim Spencer (curler)
Jim Spencer (curler),coachAchievement,"World Championship gold medal (2008, 2018)",Jim Spencer (curler)
Jim Spencer (curler),notableMatch,1995 Brier final,Jim Spencer (curler)
Jim Spencer (curler),teammate,Jeff Stoughton,Jim Spencer (curler)
Jim Spencer (curler),teammate,Ken Tresoor,Jim Spencer (curler)
Jim Spencer (curler),teammate,Keith Fenton,Jim Spencer (curler)
Jim Spencer (curler),teammate,Dave Iverson,Jim Spencer (curler)
2012 World Junior Ice Hockey Championships,instanceOf,ice hockey tournament,2012 World Junior Ice Hockey Championships
2012 World Junior Ice Hockey Championships,instanceOf,IIHF World Junior Championship,2012 World Junior Ice Hockey Championships
2012 World Junior Ice Hockey Championships,edition,36th,2012 World Junior Ice Hockey Championships
2012 World Junior Ice Hockey Championships,startDate,2011-12-26,2012 World Junior Ice Hockey Championships
2012 World Junior Ice Hockey Championships,endDate,2012-01-05,2012 World Junior Ice Hockey Championships
2012 World Junior Ice Hockey Championships,hostCountry,Canada,2012 World Junior Ice Hockey Championships
2012 World Junior Ice Hockey Championships,hostCity,Calgary,2012 World Junior Ice Hockey Championships
2012 World Junior Ice Hockey Championships,hostCity,Edmonton,2012 World Junior Ice Hockey Championships
2012 World Junior Ice Hockey Championships,venue,Scotiabank Saddledome,2012 World Junior Ice Hockey Championships
2012 World Junior Ice Hockey Championships,venue,Rexall Place,2012 World Junior Ice Hockey Championships
2012 World Junior Ice Hockey Championships,goldMedalWinner,Sweden,2012 World Junior Ice Hockey Championships
2012 World Junior Ice Hockey Championships,silverMedalWinner,Russia,2012 World Junior Ice Hockey Championships
2012 World Junior Ice Hockey Championships,bronzeMedalWinner,Canada,2012 World Junior Ice Hockey Championships
2012 World Junior Ice Hockey Championships,topScorer,Evgeny Kuznetsov,2012 World Junior Ice Hockey Championships
2012 World Junior Ice Hockey Championships,bestGoaltender,Petr Mrázek,2012 World Junior Ice Hockey Championships
2012 World Junior Ice Hockey Championships,bestDefenseman,Brandon Gormley,2012 World Junior Ice Hockey Championships
2012 World Junior Ice Hockey Championships,bestForward,Evgeny Kuznetsov,2012 World Junior Ice Hockey Championships
2012 World Junior Ice Hockey Championships,mostValuablePlayer,Evgeny Kuznetsov,2012 World Junior Ice Hockey Championships
2012 World Junior Ice Hockey Championships,teamsParticipated,12,2012 World Junior Ice Hockey Championships
2012 World Junior Ice Hockey Championships,matchesPlayed,31,2012 World Junior Ice Hockey Championships
2012 World Junior Ice Hockey Championships,attendance,"455,342",2012 World Junior Ice Hockey Championships
2012 World Junior Ice Hockey Championships,nextEdition,2013 World Junior Ice Hockey Championships,2012 World Junior Ice Hockey Championships
2012 World Junior Ice Hockey Championships,previousEdition,2011 World Junior Ice Hockey Championships,2012 World Junior Ice Hockey Championships
2012 World Junior Ice Hockey Championships,governingBody,International Ice Hockey Federation (IIHF),2012 World Junior Ice Hockey Championships
2012 World Junior Ice Hockey Championships,tournamentDirector,Dave Branch,2012 World Junior Ice Hockey Championships
2012 World Junior Ice Hockey Championships,mascot,Hammer the Hockey Puck,2012 World Junior Ice Hockey Championships
2012 World Junior Ice Hockey Championships,officialSong,“We Are Young” by Fun (adapted for the tournament),2012 World Junior Ice Hockey Championships
Forever (Bon Jovi album),instanceOf,music album,Forever (Bon Jovi album)
Forever (Bon Jovi album),artist,Bon Jovi,Forever (Bon Jovi album)
Forever (Bon Jovi album),releaseDate,2009-11-02,Forever (Bon Jovi album)
Forever (Bon Jovi album),genre,rock,Forever (Bon Jovi album)
Forever (Bon Jovi album),genre,hard rock,Forever (Bon Jovi album)
Forever (Bon Jovi album),label,Island Records,Forever (Bon Jovi album)
Forever (Bon Jovi album),producer,John Shanks,Forever (Bon Jovi album)
Forever (Bon Jovi album),producer,Dann Huff,Forever (Bon Jovi album)
Forever (Bon Jovi album),producer,Jon Bon Jovi,Forever (Bon Jovi album)
Forever (Bon Jovi album),producer,Richie Sambora,Forever (Bon Jovi album)
Forever (Bon Jovi album),partOfSeries,"100,000,000 Bon Jovi Fans Can't Be Wrong",Forever (Bon Jovi album)
Forever (Bon Jovi album),type,box set,Forever (Bon Jovi album)
Forever (Bon Jovi album),numberOfDiscs,4,Forever (Bon Jovi album)
Forever (Bon Jovi album),numberOfTracks,50,Forever (Bon Jovi album)
Forever (Bon Jovi album),containsTrack,Why Aren't You Dead?,Forever (Bon Jovi album)
Forever (Bon Jovi album),containsTrack,The Radio Saved My Life Tonight,Forever (Bon Jovi album)
Forever (Bon Jovi album),containsTrack,Taking It Back,Forever (Bon Jovi album)
Forever (Bon Jovi album),containsTrack,Someday I'll Be Saturday Night (Live),Forever (Bon Jovi album)
Forever (Bon Jovi album),containsTrack,Miss Fourth of July,Forever (Bon Jovi album)
Forever (Bon Jovi album),containsTrack,Open All Night,Forever (Bon Jovi album)
Forever (Bon Jovi album),containsTrack,These Arms Are Open All Night,Forever (Bon Jovi album)
Forever (Bon Jovi album),containsTrack,I Get a Rush,Forever (Bon Jovi album)
Forever (Bon Jovi album),containsTrack,Someday Just Might Be Tonight,Forever (Bon Jovi album)
Forever (Bon Jovi album),containsTrack,Thief of Hearts,Forever (Bon Jovi album)
Forever (Bon Jovi album),containsTrack,Last Man Standing,Forever (Bon Jovi album)
Forever (Bon Jovi album),containsTrack,I Just Want to Be Your Man,Forever (Bon Jovi album)
Forever (Bon Jovi album),containsTrack,Garageland,Forever (Bon Jovi album)
Forever (Bon Jovi album),containsTrack,Starting All Over Again,Forever (Bon Jovi album)
Forever (Bon Jovi album),containsTrack,Please Come Home for Christmas,Forever (Bon Jovi album)
Forever (Bon Jovi album),containsTrack,My Guitar Lies Bleeding in My Arms,Forever (Bon Jovi album)
Forever (Bon Jovi album),containsTrack,Just Older,Forever (Bon Jovi album)
Forever (Bon Jovi album),containsTrack,Dry County,Forever (Bon Jovi album)
Forever (Bon Jovi album),containsTrack,Always (Live),Forever (Bon Jovi album)
Forever (Bon Jovi album),containsTrack,Kidnap an Angel,Forever (Bon Jovi album)
Forever (Bon Jovi album),containsTrack,Breathe,Forever (Bon Jovi album)
Forever (Bon Jovi album),containsTrack,Undivided,Forever (Bon Jovi album)
Forever (Bon Jovi album),containsTrack,Welcome to the Good Times,Forever (Bon Jovi album)
Forever (Bon Jovi album),containsTrack,Outlaws of Love,Forever (Bon Jovi album)
Forever (Bon Jovi album),containsTrack,This Left Feels Right (Live),Forever (Bon Jovi album)
Forever (Bon Jovi album),containsTrack,The Distance,Forever (Bon Jovi album)
Forever (Bon Jovi album),containsTrack, Joey,Forever (Bon Jovi album)
Forever (Bon Jovi album),containsTrack,Have a Little Faith in Me (Live),Forever (Bon Jovi album)
Forever (Bon Jovi album),containsTrack,Little Bit of Soul,Forever (Bon Jovi album)
Forever (Bon Jovi album),containsTrack,Love Ain't Nothing But a Four Letter Word,Forever (Bon Jovi album)
Forever (Bon Jovi album),containsTrack,Love Ain't Nothing But a Four Letter Word (Demo),Forever (Bon Jovi album)
Forever (Bon Jovi album),containsTrack,River Runs Dry,Forever (Bon Jovi album)
Forever (Bon Jovi album),containsTrack,Always (Demo),Forever (Bon Jovi album)
Forever (Bon Jovi album),containsTrack,Kidnap an Angel (Demo),Forever (Bon Jovi album)
Forever (Bon Jovi album),containsTrack,Breathe (Demo),Forever (Bon Jovi album)
Forever (Bon Jovi album),containsTrack,Outlaws of Love (Demo),Forever (Bon Jovi album)
Forever (Bon Jovi album),containsTrack,Good Guys Don't Always Wear White,Forever (Bon Jovi album)
Forever (Bon Jovi album),containsTrack,We Rule the Night,Forever (Bon Jovi album)
Forever (Bon Jovi album),containsTrack,Edge of a Broken Heart,Forever (Bon Jovi album)
Forever (Bon Jovi album),containsTrack,Postcards from the Wasteland,Forever (Bon Jovi album)
Forever (Bon Jovi album),containsTrack,I Wish Everyday Could Be Like Christmas,Forever (Bon Jovi album)
Forever (Bon Jovi album),containsTrack,Save a Prayer,Forever (Bon Jovi album)
Forever (Bon Jovi album),containsTrack,Fields of Fire,Forever (Bon Jovi album)
Ohio State Route 292,instanceOf,state highway,Ohio State Route 292
Ohio State Route 292,instanceOf,road,Ohio State Route 292
Ohio State Route 292,locatedIn,Ohio,Ohio State Route 292
Ohio State Route 292,locatedIn,United States,Ohio State Route 292
Ohio State Route 292,routeNumber,292,Ohio State Route 292
Ohio State Route 292,length,10.5 miles,Ohio State Route 292
Ohio State Route 292,length,16.9 kilometers,Ohio State Route 292
Ohio State Route 292,startsAt,Ohio State Route 125,Ohio State Route 292
Ohio State Route 292,endsAt,Ohio State Route 134,Ohio State Route 292
Ohio State Route 292,county,Brown County,Ohio State Route 292
Ohio State Route 292,county,Clermont County,Ohio State Route 292
Ohio State Route 292,established,1939,Ohio State Route 292
Ohio State Route 292,terminus,Georgetown,Ohio State Route 292
Ohio State Route 292,terminus,Felicity,Ohio State Route 292
Ohio State Route 292,highwaySystem,Ohio State Highway System,Ohio State Route 292
Großkrotzenburg,instanceOf,municipality,Großkrotzenburg
Großkrotzenburg,instanceOf,town,Großkrotzenburg
Großkrotzenburg,locatedIn,Germany,Großkrotzenburg
Großkrotzenburg,locatedIn,Hesse,Großkrotzenburg
Großkrotzenburg,locatedIn,Main-Kinzig-Kreis,Großkrotzenburg
Großkrotzenburg,population,approximately 7500,Großkrotzenburg
Großkrotzenburg,postalCode,63538,Großkrotzenburg
Großkrotzenburg,area,7.45 km²,Großkrotzenburg
Großkrotzenburg,nearbyRiver,Main,Großkrotzenburg
Großkrotzenburg,federalElectionDistrict,Hanau,Großkrotzenburg
Großkrotzenburg,mayor,Thorsten Siebert (as of 2023),Großkrotzenburg
Großkrotzenburg,twinTown,Basse-Ham (France),Großkrotzenburg
Großkrotzenburg,historicalSignificance,Roman settlement (Krotzenburg),Großkrotzenburg
Großkrotzenburg,notableLandmark,St. Laurentius Church,Großkrotzenburg
Großkrotzenburg,notableLandmark,Roman fort ruins,Großkrotzenburg
Durga Shanker Mishra,instanceOf,Person,Durga Shanker Mishra
Durga Shanker Mishra,instanceOf,Indian Administrative Service Officer,Durga Shanker Mishra
Durga Shanker Mishra,occupation,Civil Servant,Durga Shanker Mishra
Durga Shanker Mishra,birthPlace,"Uttar Pradesh, India",Durga Shanker Mishra
Durga Shanker Mishra,educatedAt,Indian Institute of Technology (IIT) Kanpur,Durga Shanker Mishra
Durga Shanker Mishra,educatedAt,University of Lucknow,Durga Shanker Mishra
Durga Shanker Mishra,hasPosition,Chief Secretary of Uttar Pradesh,Durga Shanker Mishra
Durga Shanker Mishra,hasPosition,"Secretary, Ministry of Housing and Urban Affairs, Government of India",Durga Shanker Mishra
Durga Shanker Mishra,hasPosition,"Chairman, Delhi Metro Rail Corporation (DMRC)",Durga Shanker Mishra
Durga Shanker Mishra,hasAward,Prime Minister's Award for Excellence in Public Administration,Durga Shanker Mishra
Durga Shanker Mishra,memberOf,Indian Administrative Service (IAS),Durga Shanker Mishra
Durga Shanker Mishra,batchYear,1984,Durga Shanker Mishra
Durga Shanker Mishra,associatedWith,Smart Cities Mission (India),Durga Shanker Mishra
Durga Shanker Mishra,associatedWith,Pradhan Mantri Awas Yojana (PMAY),Durga Shanker Mishra
Durga Shanker Mishra,associatedWith,Atal Mission for Rejuvenation and Urban Transformation (AMRUT),Durga Shanker Mishra
The Squeaker (1963 film),instanceOf,film,The Squeaker (1963 film)
The Squeaker (1963 film),releaseYear,1963,The Squeaker (1963 film)
The Squeaker (1963 film),genre,crime,The Squeaker (1963 film)
The Squeaker (1963 film),genre,drama,The Squeaker (1963 film)
The Squeaker (1963 film),countryOfOrigin,United Kingdom,The Squeaker (1963 film)
The Squeaker (1963 film),language,English,The Squeaker (1963 film)
The Squeaker (1963 film),director,Muriel Box,The Squeaker (1963 film)
The Squeaker (1963 film),screenplayBy,Muriel Box,The Squeaker (1963 film)
The Squeaker (1963 film),screenplayBy,Sydney Box,The Squeaker (1963 film)
The Squeaker (1963 film),basedOn,The Squeaker (novel),The Squeaker (1963 film)
The Squeaker (1963 film),authorOfSourceMaterial,Edgar Wallace,The Squeaker (1963 film)
The Squeaker (1963 film),producer,Sydney Box,The Squeaker (1963 film)
The Squeaker (1963 film),productionCompany,London Independent Producers,The Squeaker (1963 film)
The Squeaker (1963 film),distributor,Rank Film Distributors,The Squeaker (1963 film)
The Squeaker (1963 film),starring,Murray Melvin,The Squeaker (1963 film)
The Squeaker (1963 film),starring,Derren Nesbitt,The Squeaker (1963 film)
The Squeaker (1963 film),starring,Colin Tapley,The Squeaker (1963 film)
The Squeaker (1963 film),starring,Fay Compton,The Squeaker (1963 film)
The Squeaker (1963 film),cinematographyBy,Gerry Turpin,The Squeaker (1963 film)
The Squeaker (1963 film),editedBy,Alfred Roome,The Squeaker (1963 film)
The Squeaker (1963 film),musicBy,Kenneth V. Jones,The Squeaker (1963 film)
The Squeaker (1963 film),runtimeMinutes,90,The Squeaker (1963 film)
The Squeaker (1963 film),alternativeTitle,The Squealer,The Squeaker (1963 film)
Nuraghe Genna Maria,instanceOf,nuraghe,Nuraghe Genna Maria
Nuraghe Genna Maria,locatedIn,Villanovaforru,Nuraghe Genna Maria
Nuraghe Genna Maria,locatedIn,Sardinia,Nuraghe Genna Maria
Nuraghe Genna Maria,locatedIn,Italy,Nuraghe Genna Maria
Nuraghe Genna Maria,partOf,Nuragic civilization,Nuraghe Genna Maria
Nuraghe Genna Maria,timePeriod,Bronze Age,Nuraghe Genna Maria
Nuraghe Genna Maria,architecturalStyle,Nuragic architecture,Nuraghe Genna Maria
Nuraghe Genna Maria,type,complex nuraghe,Nuraghe Genna Maria
Nuraghe Genna Maria,hasFeature,central tower,Nuraghe Genna Maria
Nuraghe Genna Maria,hasFeature,surrounding bastion,Nuraghe Genna Maria
Nuraghe Genna Maria,hasFeature,courtyard,Nuraghe Genna Maria
Nuraghe Genna Maria,hasFeature,secondary towers,Nuraghe Genna Maria
Nuraghe Genna Maria,discoveredIn,19th century,Nuraghe Genna Maria
Nuraghe Genna Maria,excavatedBy,archaeologists,Nuraghe Genna Maria
Nuraghe Genna Maria,currentStatus,archaeological site,Nuraghe Genna Maria
Nuraghe Genna Maria,openToPublic,yes,Nuraghe Genna Maria
Nuraghe Genna Maria,nearbyAttraction,Archaeological Museum of Villanovaforru,Nuraghe Genna Maria
Nuraghe Genna Maria,elevation,approximately 200 meters above sea level,Nuraghe Genna Maria
Rådmandsgade,instanceOf,street,Rådmandsgade
Rådmandsgade,locatedIn,Copenhagen,Rådmandsgade
Rådmandsgade,locatedIn,Denmark,Rådmandsgade
Rådmandsgade,locatedInAdministrativeUnit,Nørrebro,Rådmandsgade
Rådmandsgade,postalCode,2200,Rådmandsgade
Rådmandsgade,namedAfter,alderman (rådmand),Rådmandsgade
Rådmandsgade,length,approximately 1.1 km,Rådmandsgade
Rådmandsgade,crosses,Nørrebrogade,Rådmandsgade
Rådmandsgade,crosses,Tagensvej,Rådmandsgade
Rådmandsgade,notableFeature,Rådmandsgade School,Rådmandsgade
Rådmandsgade,notableFeature,Nørrebro Park,Rådmandsgade
Rådmandsgade,publicTransport,"bus lines 5C, 6A, 12, 18, 250S",Rådmandsgade
Black-capped foliage-gleaner,instanceOf,bird species,Black-capped foliage-gleaner
Black-capped foliage-gleaner,scientificName,Philydor atricapillus,Black-capped foliage-gleaner
Black-capped foliage-gleaner,family,Furnariidae,Black-capped foliage-gleaner
Black-capped foliage-gleaner,order,Passeriformes,Black-capped foliage-gleaner
Black-capped foliage-gleaner,habitat,tropical and subtropical moist lowland forests,Black-capped foliage-gleaner
Black-capped foliage-gleaner,habitat,montane forests,Black-capped foliage-gleaner
Black-capped foliage-gleaner,nativeTo,Argentina,Black-capped foliage-gleaner
Black-capped foliage-gleaner,nativeTo,Brazil,Black-capped foliage-gleaner
Black-capped foliage-gleaner,nativeTo,Paraguay,Black-capped foliage-gleaner
Black-capped foliage-gleaner,diet,insects,Black-capped foliage-gleaner
Black-capped foliage-gleaner,diet,arthropods,Black-capped foliage-gleaner
Black-capped foliage-gleaner,conservationStatus,Least Concern,Black-capped foliage-gleaner
Black-capped foliage-gleaner,distinctiveFeature,black cap,Black-capped foliage-gleaner
Black-capped foliage-gleaner,distinctiveFeature,rufous-brown plumage,Black-capped foliage-gleaner
Black-capped foliage-gleaner,behavior,forages in dense foliage,Black-capped foliage-gleaner
Black-capped foliage-gleaner,behavior,often joins mixed-species flocks,Black-capped foliage-gleaner
HSC Winnipeg Children's Hospital,instanceOf,hospital,HSC Winnipeg Children's Hospital
HSC Winnipeg Children's Hospital,instanceOf,children's hospital,HSC Winnipeg Children's Hospital
HSC Winnipeg Children's Hospital,instanceOf,healthcare facility,HSC Winnipeg Children's Hospital
HSC Winnipeg Children's Hospital,location,"Winnipeg, Manitoba, Canada",HSC Winnipeg Children's Hospital
HSC Winnipeg Children's Hospital,partOf,Health Sciences Centre (HSC) Winnipeg,HSC Winnipeg Children's Hospital
HSC Winnipeg Children's Hospital,affiliatedWith,University of Manitoba,HSC Winnipeg Children's Hospital
HSC Winnipeg Children's Hospital,specializesIn,pediatric care,HSC Winnipeg Children's Hospital
HSC Winnipeg Children's Hospital,specializesIn,neonatal intensive care,HSC Winnipeg Children's Hospital
HSC Winnipeg Children's Hospital,specializesIn,pediatric surgery,HSC Winnipeg Children's Hospital
HSC Winnipeg Children's Hospital,established,1909,HSC Winnipeg Children's Hospital
HSC Winnipeg Children's Hospital,operatedBy,Shared Health Manitoba,HSC Winnipeg Children's Hospital
HSC Winnipeg Children's Hospital,serves,Manitoba,HSC Winnipeg Children's Hospital
HSC Winnipeg Children's Hospital,serves,northwestern Ontario,HSC Winnipeg Children's Hospital
HSC Winnipeg Children's Hospital,serves,Nunavut,HSC Winnipeg Children's Hospital
HSC Winnipeg Children's Hospital,hasDepartment,Neonatal Intensive Care Unit (NICU),HSC Winnipeg Children's Hospital
HSC Winnipeg Children's Hospital,hasDepartment,Pediatric Intensive Care Unit (PICU),HSC Winnipeg Children's Hospital
HSC Winnipeg Children's Hospital,hasDepartment,Emergency Department,HSC Winnipeg Children's Hospital
HSC Winnipeg Children's Hospital,hasDepartment,Child and Adolescent Mental Health Program,HSC Winnipeg Children's Hospital
HSC Winnipeg Children's Hospital,hasFeature,teaching hospital,HSC Winnipeg Children's Hospital
HSC Winnipeg Children's Hospital,hasFeature,research facility,HSC Winnipeg Children's Hospital
"Wanderson (footballer, born 1980)",instanceOf,person,"Wanderson (footballer, born 1980)"
"Wanderson (footballer, born 1980)",instanceOf,footballer,"Wanderson (footballer, born 1980)"
"Wanderson (footballer, born 1980)",fullName,Wanderson de Paula Sabino,"Wanderson (footballer, born 1980)"
"Wanderson (footballer, born 1980)",dateOfBirth,1980-06-22,"Wanderson (footballer, born 1980)"
"Wanderson (footballer, born 1980)",placeOfBirth,"Niterói, Brazil","Wanderson (footballer, born 1980)"
"Wanderson (footballer, born 1980)",countryOfCitizenship,Brazil,"Wanderson (footballer, born 1980)"
"Wanderson (footballer, born 1980)",positionPlayed,forward,"Wanderson (footballer, born 1980)"
"Wanderson (footballer, born 1980)",memberOfSportsTeam,Flamengo,"Wanderson (footballer, born 1980)"
"Wanderson (footballer, born 1980)",memberOfSportsTeam,Vasco da Gama,"Wanderson (footballer, born 1980)"
"Wanderson (footballer, born 1980)",memberOfSportsTeam,Botafogo,"Wanderson (footballer, born 1980)"
"Wanderson (footballer, born 1980)",memberOfSportsTeam,Cruzeiro,"Wanderson (footballer, born 1980)"
"Wanderson (footballer, born 1980)",memberOfSportsTeam,Atlético Paranaense,"Wanderson (footballer, born 1980)"
"Wanderson (footballer, born 1980)",memberOfSportsTeam,Goiás,"Wanderson (footballer, born 1980)"
"Wanderson (footballer, born 1980)",memberOfSportsTeam,Al-Ahli (Saudi Arabia),"Wanderson (footballer, born 1980)"
"Wanderson (footballer, born 1980)",memberOfSportsTeam,Al-Shabab (Saudi Arabia),"Wanderson (footballer, born 1980)"
"Wanderson (footballer, born 1980)",memberOfSportsTeam,Kashima Antlers,"Wanderson (footballer, born 1980)"
"Wanderson (footballer, born 1980)",memberOfSportsTeam,Figueirense,"Wanderson (footballer, born 1980)"
"Wanderson (footballer, born 1980)",memberOfSportsTeam,Santa Cruz,"Wanderson (footballer, born 1980)"
"Wanderson (footballer, born 1980)",sport,association football,"Wanderson (footballer, born 1980)"
"Wanderson (footballer, born 1980)",height,1.78 meters,"Wanderson (footballer, born 1980)"
"Wanderson (footballer, born 1980)",nickname,Somália,"Wanderson (footballer, born 1980)"
Aleš Dryml Sr.,instanceOf,human,Aleš Dryml Sr.
Aleš Dryml Sr.,instanceOf,speedway rider,Aleš Dryml Sr.
Aleš Dryml Sr.,dateOfBirth,1953-04-01,Aleš Dryml Sr.
Aleš Dryml Sr.,placeOfBirth,"Pardubice, Czechoslovakia",Aleš Dryml Sr.
Aleš Dryml Sr.,countryOfCitizenship,Czech Republic,Aleš Dryml Sr.
Aleš Dryml Sr.,sport,speedway,Aleš Dryml Sr.
Aleš Dryml Sr.,occupation,speedway rider,Aleš Dryml Sr.
Aleš Dryml Sr.,notableWork,Czech Speedway Extraliga competitor,Aleš Dryml Sr.
Aleš Dryml Sr.,memberOfSportsTeam,AMK Zlatá Přilba Pardubice,Aleš Dryml Sr.
Aleš Dryml Sr.,child,Aleš Dryml Jr.,Aleš Dryml Sr.
Aleš Dryml Sr.,child,Luboš Dryml,Aleš Dryml Sr.
Aleš Dryml Sr.,awardReceived,Zlatá Přilba (Golden Helmet) winner,Aleš Dryml Sr.
Aleš Dryml Sr.,dateOfDeath,2011-04-20,Aleš Dryml Sr.
Aleš Dryml Sr.,placeOfDeath,"Pardubice, Czech Republic",Aleš Dryml Sr.
Songpyong-guyok,instanceOf,administrative district,Songpyong-guyok
Songpyong-guyok,instanceOf,gu (district in North Korea),Songpyong-guyok
Songpyong-guyok,locatedIn,Hamhung,Songpyong-guyok
Songpyong-guyok,locatedIn,South Hamgyong Province,Songpyong-guyok
Songpyong-guyok,locatedIn,North Korea,Songpyong-guyok
Songpyong-guyok,country,North Korea,Songpyong-guyok
Songpyong-guyok,administrativeStatus,gu (district),Songpyong-guyok
Songpyong-guyok,partOf,Hamhung administrative division,Songpyong-guyok
Songpyong-guyok,coordinates,"approximately 39.92°N, 127.53°E",Songpyong-guyok
Salmo ciscaucasicus,instanceOf,species,Salmo ciscaucasicus
Salmo ciscaucasicus,instanceOf,fish,Salmo ciscaucasicus
Salmo ciscaucasicus,commonName,Ciscaucasian trout,Salmo ciscaucasicus
Salmo ciscaucasicus,taxonRank,species,Salmo ciscaucasicus
Salmo ciscaucasicus,kingdom,Animalia,Salmo ciscaucasicus
Salmo ciscaucasicus,phylum,Chordata,Salmo ciscaucasicus
Salmo ciscaucasicus,class,Actinopterygii,Salmo ciscaucasicus
Salmo ciscaucasicus,order,Salmoniformes,Salmo ciscaucasicus
Salmo ciscaucasicus,family,Salmonidae,Salmo ciscaucasicus
Salmo ciscaucasicus,genus,Salmo,Salmo ciscaucasicus
Salmo ciscaucasicus,nativeTo,Caucasus region,Salmo ciscaucasicus
Salmo ciscaucasicus,nativeTo,Russia,Salmo ciscaucasicus
Salmo ciscaucasicus,habitat,freshwater,Salmo ciscaucasicus
Salmo ciscaucasicus,habitat,rivers,Salmo ciscaucasicus
Salmo ciscaucasicus,conservationStatus,Data Deficient (IUCN),Salmo ciscaucasicus
Salmo ciscaucasicus,describedBy,"Dorofeeva, 1967",Salmo ciscaucasicus
Salmo ciscaucasicus,synonym,Salmo trutta ciscaucasicus,Salmo ciscaucasicus
Salmo ciscaucasicus,relatedTo,Salmo trutta,Salmo ciscaucasicus
Salmo ciscaucasicus,relatedTo,brown trout,Salmo ciscaucasicus
Haris Hajradinović,instanceOf,Person,Haris Hajradinović
Haris Hajradinović,instanceOf,Footballer,Haris Hajradinović
Haris Hajradinović,dateOfBirth,1994-02-18,Haris Hajradinović
Haris Hajradinović,placeOfBirth,"Sarajevo, Bosnia and Herzegovina",Haris Hajradinović
Haris Hajradinović,nationality,Bosnian,Haris Hajradinović
Haris Hajradinović,positionPlayed,Midfielder,Haris Hajradinović
Haris Hajradinović,currentClub,Kasımpaşa S.K.,Haris Hajradinović
Haris Hajradinović,clubNumber,10,Haris Hajradinović
Haris Hajradinović,formerClub,Gent,Haris Hajradinović
Haris Hajradinović,formerClub,Osijek,Haris Hajradinović
Haris Hajradinović,formerClub,Zrinjski Mostar,Haris Hajradinović
Haris Hajradinović,formerClub,Čelik Zenica,Haris Hajradinović
Haris Hajradinović,height,1.80 m,Haris Hajradinović
Haris Hajradinović,youthClub,Željezničar Sarajevo,Haris Hajradinović
2–8a Rutland Gate,instanceOf,building,2–8a Rutland Gate
2–8a Rutland Gate,instanceOf,residential complex,2–8a Rutland Gate
2–8a Rutland Gate,location,London,2–8a Rutland Gate
2–8a Rutland Gate,location,Kensington and Chelsea,2–8a Rutland Gate
2–8a Rutland Gate,address,"2–8a Rutland Gate, London, SW7 1BX, United Kingdom",2–8a Rutland Gate
2–8a Rutland Gate,architecturalStyle,Victorian,2–8a Rutland Gate
2–8a Rutland Gate,notableResident,Mohammed bin Rashid Al Maktoum,2–8a Rutland Gate
2–8a Rutland Gate,notableResident,Hamdan bin Mohammed Al Maktoum,2–8a Rutland Gate
2–8a Rutland Gate,purchasePrice,£183 million (2022),2–8a Rutland Gate
2–8a Rutland Gate,purchasedBy,Mohammed bin Rashid Al Maktoum,2–8a Rutland Gate
2–8a Rutland Gate,yearBuilt,1880s,2–8a Rutland Gate
2–8a Rutland Gate,numberOfUnits,6,2–8a Rutland Gate
2–8a Rutland Gate,landmarkStatus,Grade II listed building,2–8a Rutland Gate
2–8a Rutland Gate,nearbyLandmark,Hyde Park,2–8a Rutland Gate
2–8a Rutland Gate,nearbyLandmark,Harrods,2–8a Rutland Gate
Qihoo 360,instanceOf,company,Qihoo 360
Qihoo 360,instanceOf,technology company,Qihoo 360
Qihoo 360,headquarters location,Beijing,Qihoo 360
Qihoo 360,headquarters location,China,Qihoo 360
Qihoo 360,founded by,Zhou Hongyi,Qihoo 360
Qihoo 360,founded by,Qi Xiangdong,Qihoo 360
Qihoo 360,founded in,2005,Qihoo 360
Qihoo 360,industry,cybersecurity,Qihoo 360
Qihoo 360,industry,internet services,Qihoo 360
Qihoo 360,industry,software,Qihoo 360
Qihoo 360,known for,360 Safeguard,Qihoo 360
Qihoo 360,known for,360 Mobile Safe,Qihoo 360
Qihoo 360,known for,360 Search,Qihoo 360
Qihoo 360,known for,360 Browser,Qihoo 360
Qihoo 360,subsidiary of,360 Security Technology Inc.,Qihoo 360
Qihoo 360,listed on,New York Stock Exchange,Qihoo 360
Qihoo 360,delisted from,New York Stock Exchange,Qihoo 360
Qihoo 360,listed on,Shanghai Stock Exchange,Qihoo 360
Qihoo 360,stock ticker,601360,Qihoo 360
Qihoo 360,CEO,Zhou Hongyi,Qihoo 360
Qihoo 360,revenue (2022),CN¥13.6 billion,Qihoo 360
Qihoo 360,number of employees,"over 5,000",Qihoo 360
Qihoo 360,parent organization,360 Security Technology Inc.,Qihoo 360
Qihoo 360,website,www.360.cn,Qihoo 360
Qihoo 360,acquired,360 Total Security,Qihoo 360
Qihoo 360,acquired,360 Enterprise Security,Qihoo 360
Qihoo 360,acquired,360 Mobile Assistant,Qihoo 360
Qihoo 360,competitor of,Tencent,Qihoo 360
Qihoo 360,competitor of,Baidu,Qihoo 360
Qihoo 360,competitor of,Alibaba,Qihoo 360
Qihoo 360,product,360 Antivirus,Qihoo 360
Qihoo 360,product,360 Secure Browser,Qihoo 360
Qihoo 360,product,360 Mobile Security,Qihoo 360
Qihoo 360,product,360 WiFi,Qihoo 360
Qihoo 360,product,360 Cloud Drive,Qihoo 360
Qihoo 360,product,360 OS,Qihoo 360
Qihoo 360,product,360 Search Engine,Qihoo 360
Qihoo 360,award,China Internet Enterprise Innovation Award,Qihoo 360
Qihoo 360,controversy,privacy concerns,Qihoo 360
Qihoo 360,controversy,antitrust investigations,Qihoo 360
Qihoo 360,partnership with,Microsoft,Qihoo 360
Qihoo 360,partnership with,Intel,Qihoo 360
Qihoo 360,partnership with,Qualcomm,Qihoo 360
Qihoo 360,operating system,360 OS,Qihoo 360
Qihoo 360,type of business,public company,Qihoo 360
Qihoo 360,legal structure,joint-stock company,Qihoo 360
Chief Justice of Hungary,instanceOf,judicial position,Chief Justice of Hungary
Chief Justice of Hungary,instanceOf,highest judicial office,Chief Justice of Hungary
Chief Justice of Hungary,partOf,Hungarian judiciary,Chief Justice of Hungary
Chief Justice of Hungary,headOf,Kúria (Supreme Court of Hungary),Chief Justice of Hungary
Chief Justice of Hungary,appointedBy,President of Hungary,Chief Justice of Hungary
Chief Justice of Hungary,termLength,9 years,Chief Justice of Hungary
Chief Justice of Hungary,responsibility,overseeing the administration of justice,Chief Justice of Hungary
Chief Justice of Hungary,responsibility,ensuring uniform application of law,Chief Justice of Hungary
Chief Justice of Hungary,responsibility,representing the judiciary,Chief Justice of Hungary
Chief Justice of Hungary,establishedBy,Hungarian Constitution,Chief Justice of Hungary
Chief Justice of Hungary,currentHolder,András Varga (as of 2024),Chief Justice of Hungary
Chief Justice of Hungary,predecessor,Péter Darák,Chief Justice of Hungary
Chief Justice of Hungary,jurisdiction,Hungary,Chief Justice of Hungary
Chief Justice of Hungary,roleIn,judicial appointments,Chief Justice of Hungary
Chief Justice of Hungary,roleIn,judicial discipline,Chief Justice of Hungary
HMS Reindeer (1883),instanceOf,ship,HMS Reindeer (1883)
HMS Reindeer (1883),instanceOf,gunboat,HMS Reindeer (1883)
HMS Reindeer (1883),instanceOf,Royal Navy vessel,HMS Reindeer (1883)
HMS Reindeer (1883),launched,1883,HMS Reindeer (1883)
HMS Reindeer (1883),commissioned,1884,HMS Reindeer (1883)
HMS Reindeer (1883),decommissioned,1904,HMS Reindeer (1883)
HMS Reindeer (1883),type,Albacore-class gunboat,HMS Reindeer (1883)
HMS Reindeer (1883),displacement,810 tons,HMS Reindeer (1883)
HMS Reindeer (1883),length,165 feet,HMS Reindeer (1883)
HMS Reindeer (1883),beam,31 feet,HMS Reindeer (1883)
HMS Reindeer (1883),draught,11 feet,HMS Reindeer (1883)
HMS Reindeer (1883),propulsion,steam engine,HMS Reindeer (1883)
HMS Reindeer (1883),speed,11 knots,HMS Reindeer (1883)
HMS Reindeer (1883),complement,91,HMS Reindeer (1883)
HMS Reindeer (1883),armament,2 × 6-inch guns,HMS Reindeer (1883)
HMS Reindeer (1883),armament,4 × 5-inch guns,HMS Reindeer (1883)
HMS Reindeer (1883),armament,2 × machine guns,HMS Reindeer (1883)
HMS Reindeer (1883),builder,Chatham Dockyard,HMS Reindeer (1883)
HMS Reindeer (1883),fate,Sold for scrap in 1904,HMS Reindeer (1883)
HMS Reindeer (1883),class,Albacore-class,HMS Reindeer (1883)
Albacore-class,instanceOf,class of gunboats,HMS Reindeer (1883)
Arp 273,instanceOf,galaxy group,Arp 273
Arp 273,instanceOf,interacting galaxies,Arp 273
Arp 273,locatedIn,Andromeda constellation,Arp 273
Arp 273,partOf,Arp Atlas of Peculiar Galaxies,Arp 273
Arp 273,discoveredBy,Halton Arp,Arp 273
Arp 273,discoveryYear,1966,Arp 273
Arp 273,distanceFromEarth,approximately 300 million light-years,Arp 273
Arp 273,contains,UGC 1810,Arp 273
Arp 273,contains,UGC 1813,Arp 273
UGC 1810,instanceOf,spiral galaxy,Arp 273
UGC 1813,instanceOf,dwarf galaxy,Arp 273
Arp 273,shape,distorted due to gravitational interaction,Arp 273
Arp 273,notableFeature,tidal tail,Arp 273
Arp 273,notableFeature,star-forming regions,Arp 273
Arp 273,redshift,0.0217,Arp 273
Arp 273,apparentMagnitude,13.7,Arp 273
Arp 273,type,peculiar galaxy system,Arp 273
Kapantay Ay Langit (film),instanceOf,film,Kapantay Ay Langit (film)
Kapantay Ay Langit (film),instanceOf,romantic drama,Kapantay Ay Langit (film)
Kapantay Ay Langit (film),director,Lamberto V. Avellana,Kapantay Ay Langit (film)
Kapantay Ay Langit (film),screenplayBy,Clodualdo del Mundo Sr.,Kapantay Ay Langit (film)
Kapantay Ay Langit (film),basedOn,novel by Gilda Olvidado,Kapantay Ay Langit (film)
Kapantay Ay Langit (film),starring,Nora Aunor,Kapantay Ay Langit (film)
Kapantay Ay Langit (film),starring,Tirso Cruz III,Kapantay Ay Langit (film)
Kapantay Ay Langit (film),releaseDate,1977,Kapantay Ay Langit (film)
Kapantay Ay Langit (film),language,Tagalog,Kapantay Ay Langit (film)
Kapantay Ay Langit (film),countryOfOrigin,Philippines,Kapantay Ay Langit (film)
Kapantay Ay Langit (film),productionCompany,NV Productions,Kapantay Ay Langit (film)
Kapantay Ay Langit (film),genre,drama,Kapantay Ay Langit (film)
Kapantay Ay Langit (film),genre,romance,Kapantay Ay Langit (film)
Kapantay Ay Langit (film),award,Best Actress (Nora Aunor) at the 1978 FAMAS Awards,Kapantay Ay Langit (film)
Kapantay Ay Langit (film),award,Best Supporting Actor (Tirso Cruz III) at the 1978 FAMAS Awards,Kapantay Ay Langit (film)
Kapantay Ay Langit (film),theme,forbidden love,Kapantay Ay Langit (film)
Kapantay Ay Langit (film),theme,social class divide,Kapantay Ay Langit (film)
Armadillidae,instanceOf,family,Armadillidae
Armadillidae,instanceOf,taxonomic group,Armadillidae
Armadillidae,subclassOf,Crustacea,Armadillidae
Armadillidae,subclassOf,Malacostraca,Armadillidae
Armadillidae,subclassOf,Isopoda,Armadillidae
Armadillidae,commonName,pill bugs,Armadillidae
Armadillidae,commonName,roly-polies,Armadillidae
Armadillidae,commonName,woodlice,Armadillidae
Armadillidae,habitat,terrestrial,Armadillidae
Armadillidae,habitat,moist environments,Armadillidae
Armadillidae,diet,detritivorous,Armadillidae
Armadillidae,diet,herbivorous,Armadillidae
Armadillidae,defenseMechanism,rolling into a ball,Armadillidae
Armadillidae,reproduction,sexual,Armadillidae
Armadillidae,lifespan,2-5 years,Armadillidae
Armadillidae,nativeTo,Americas,Armadillidae
Armadillidae,nativeTo,Africa,Armadillidae
Armadillidae,nativeTo,Eurasia,Armadillidae
Armadillidae,scientificName,Armadillidae,Armadillidae
Armadillidae,rank,family,Armadillidae
Armadillidae,parentTaxon,Oniscidea,Armadillidae
Armadillidae,notableSpecies,Armadillidium vulgare,Armadillidae
Armadillidium vulgare,commonName,common pill bug,Armadillidae
Armadillidium vulgare,instanceOf,species,Armadillidae
Armadillidium vulgare,memberOf,Armadillidae,Armadillidae
Armadillidium vulgare,nativeTo,Europe,Armadillidae
Armadillidium vulgare,introducedTo,North America,Armadillidae
Armadillidium vulgare,introducedTo,Australia,Armadillidae
Armadillidium nasatum,commonName,pygmy pill bug,Armadillidae
Armadillidium nasatum,instanceOf,species,Armadillidae
Armadillidium nasatum,memberOf,Armadillidae,Armadillidae
Armadillidium nasatum,nativeTo,Europe,Armadillidae
Armadillidium depressum,commonName,depressed pill bug,Armadillidae
Armadillidium depressum,instanceOf,species,Armadillidae
Armadillidium depressum,memberOf,Armadillidae,Armadillidae
Armadillidium depressum,nativeTo,Europe,Armadillidae
Armadillidium opacum,commonName,opaque pill bug,Armadillidae
Armadillidium opacum,instanceOf,species,Armadillidae
Armadillidium opacum,memberOf,Armadillidae,Armadillidae
Armadillidium opacum,nativeTo,Europe,Armadillidae
Armadillidium versicolor,commonName,variable pill bug,Armadillidae
Armadillidium versicolor,instanceOf,species,Armadillidae
Armadillidium versicolor,memberOf,Armadillidae,Armadillidae
Armadillidium versicolor,nativeTo,Europe,Armadillidae
Armadillidium granulatum,commonName,granulated pill bug,Armadillidae
Armadillidium granulatum,instanceOf,species,Armadillidae
Armadillidium granulatum,memberOf,Armadillidae,Armadillidae
Armadillidium granulatum,nativeTo,Mediterranean region,Armadillidae
Wimalaratne Kumaragama,instanceOf,Person,Wimalaratne Kumaragama
Wimalaratne Kumaragama,instanceOf,MilitaryPerson,Wimalaratne Kumaragama
Wimalaratne Kumaragama,birthDate,1940-07-17,Wimalaratne Kumaragama
Wimalaratne Kumaragama,deathDate,1989-11-12,Wimalaratne Kumaragama
Wimalaratne Kumaragama,birthPlace,Sri Lanka,Wimalaratne Kumaragama
Wimalaratne Kumaragama,nationality,Sri Lankan,Wimalaratne Kumaragama
Wimalaratne Kumaragama,militaryBranch,Sri Lanka Army,Wimalaratne Kumaragama
Wimalaratne Kumaragama,militaryRank,Major General,Wimalaratne Kumaragama
Wimalaratne Kumaragama,awardReceived,Parama Weera Vibhushanaya,Wimalaratne Kumaragama
Wimalaratne Kumaragama,notableWork,Counter-insurgency operations during the 1987–1989 JVP insurrection,Wimalaratne Kumaragama
Wimalaratne Kumaragama,causeOfDeath,Killed in action,Wimalaratne Kumaragama
Wimalaratne Kumaragama,placeOfDeath,"Kahawatte, Sri Lanka",Wimalaratne Kumaragama
Wimalaratne Kumaragama,serviceYears,1960–1989,Wimalaratne Kumaragama
Saxifraga rufescens,instanceOf,species,Saxifraga rufescens
Saxifraga rufescens,instanceOf,plant,Saxifraga rufescens
Saxifraga rufescens,kingdom,Plantae,Saxifraga rufescens
Saxifraga rufescens,clade,Tracheophytes,Saxifraga rufescens
Saxifraga rufescens,clade,Angiosperms,Saxifraga rufescens
Saxifraga rufescens,clade,Eudicots,Saxifraga rufescens
Saxifraga rufescens,order,Saxifragales,Saxifraga rufescens
Saxifraga rufescens,family,Saxifragaceae,Saxifraga rufescens
Saxifraga rufescens,genus,Saxifraga,Saxifraga rufescens
Saxifraga rufescens,commonName,Reddish Saxifrage,Saxifraga rufescens
Saxifraga rufescens,nativeTo,China,Saxifraga rufescens
Saxifraga rufescens,nativeTo,Himalayas,Saxifraga rufescens
Saxifraga rufescens,habitat,Rocky slopes,Saxifraga rufescens
Saxifraga rufescens,habitat,Alpine meadows,Saxifraga rufescens
Saxifraga rufescens,flowerColor,White,Saxifraga rufescens
Saxifraga rufescens,flowerColor,Pink,Saxifraga rufescens
Saxifraga rufescens,leafArrangement,Rosette,Saxifraga rufescens
Saxifraga rufescens,growthForm,Perennial,Saxifraga rufescens
Saxifraga rufescens,synonym,Saxifraga rufescens var. flabellifolia,Saxifraga rufescens
Saxifraga rufescens,synonym,Saxifraga rufescens var. rufescens,Saxifraga rufescens
Telefónica Argentina,instanceOf,telecommunications company,Telefónica Argentina
Telefónica Argentina,instanceOf,subsidiary,Telefónica Argentina
Telefónica Argentina,parentOrganization,Telefónica,Telefónica Argentina
Telefónica Argentina,headquartersLocation,Buenos Aires,Telefónica Argentina
Telefónica Argentina,country,Argentina,Telefónica Argentina
Telefónica Argentina,industry,telecommunications,Telefónica Argentina
Telefónica Argentina,founded,1990,Telefónica Argentina
Telefónica Argentina,services,fixed-line telephony,Telefónica Argentina
Telefónica Argentina,services,mobile telephony,Telefónica Argentina
Telefónica Argentina,services,broadband internet,Telefónica Argentina
Telefónica Argentina,services,digital television,Telefónica Argentina
Telefónica Argentina,services,IT solutions,Telefónica Argentina
Telefónica Argentina,brand,Movistar,Telefónica Argentina
Telefónica Argentina,operatingArea,Argentina,Telefónica Argentina
Telefónica Argentina,website,https://www.telefonica.com.ar,Telefónica Argentina
Telefónica Argentina,formerName,Telefónica de Argentina,Telefónica Argentina
Telefónica Argentina,keyPeople,Fernando Oris de Roa (CEO),Telefónica Argentina
Telefónica Argentina,revenue,ARS 200+ billion (2022),Telefónica Argentina
Telefónica Argentina,numberOfEmployees,"approximately 10,000",Telefónica Argentina
Telefónica Argentina,subsidiaryOf,Telefónica Hispanoamérica,Telefónica Argentina
Municipality of Izola,instanceOf,municipality,Municipality of Izola
Municipality of Izola,instanceOf,administrative territorial entity,Municipality of Izola
Municipality of Izola,locatedIn,Slovenia,Municipality of Izola
Municipality of Izola,locatedIn,Istria Statistical Region,Municipality of Izola
Municipality of Izola,hasOfficialName,Občina Izola,Municipality of Izola
Municipality of Izola,hasOfficialName,Comune di Isola,Municipality of Izola
Municipality of Izola,country,Slovenia,Municipality of Izola
Municipality of Izola,administrativeCenter,Izola,Municipality of Izola
Municipality of Izola,established,1994,Municipality of Izola
Municipality of Izola,area,28.6 km²,Municipality of Izola
Municipality of Izola,population,16000,Municipality of Izola
Municipality of Izola,populationYear,2021,Municipality of Izola
Municipality of Izola,timeZone,Central European Time (CET),Municipality of Izola
Municipality of Izola,timeZone,Central European Summer Time (CEST),Municipality of Izola
Municipality of Izola,postalCode,6310,Municipality of Izola
Municipality of Izola,ISO3166-2Code,SI-040,Municipality of Izola
Municipality of Izola,mayor,Tomaž Gantar,Municipality of Izola
Municipality of Izola,website,https://www.izola.si,Municipality of Izola
Municipality of Izola,partOf,Slovenian Riviera,Municipality of Izola
Municipality of Izola,borders,Municipality of Koper,Municipality of Izola
Municipality of Izola,borders,Municipality of Piran,Municipality of Izola
Municipality of Izola,coastlineLength,14 km,Municipality of Izola
Municipality of Izola,highestPoint,Baredine Hill,Municipality of Izola
Municipality of Izola,highestPointElevation,212 m,Municipality of Izola
Municipality of Izola,lowestPoint,Adriatic Sea,Municipality of Izola
Municipality of Izola,lowestPointElevation,0 m,Municipality of Izola
Municipality of Izola,language,Slovene,Municipality of Izola
Municipality of Izola,language,Italian,Municipality of Izola
Municipality of Izola,ethnicGroups,Slovenes,Municipality of Izola
Municipality of Izola,ethnicGroups,Italians,Municipality of Izola
Municipality of Izola,ethnicGroups,Croats,Municipality of Izola
Municipality of Izola,religion,Roman Catholicism,Municipality of Izola
Municipality of Izola,climate,Humid subtropical climate (Cfa),Municipality of Izola
Municipality of Izola,notableLandmark,Church of St. Maurus,Municipality of Izola
Municipality of Izola,notableLandmark,Manzioli Palace,Municipality of Izola
Municipality of Izola,notableLandmark,Izola Marina,Municipality of Izola
Municipality of Izola,notableEvent,Izola Film Festival,Municipality of Izola
Municipality of Izola,notableEvent,Fiesa Sand Sculpture Festival,Municipality of Izola
Municipality of Izola,economySector,Tourism,Municipality of Izola
Municipality of Izola,economySector,Fishing,Municipality of Izola
Municipality of Izola,economySector,Wine production,Municipality of Izola
Municipality of Izola,sisterCity,"Tolentino, Italy",Municipality of Izola
Municipality of Izola,sisterCity,"Montebelluna, Italy",Municipality of Izola
Masum Khan (cricketer),instanceOf,Person,Masum Khan (cricketer)
Masum Khan (cricketer),instanceOf,Cricketer,Masum Khan (cricketer)
Masum Khan (cricketer),sport,Cricket,Masum Khan (cricketer)
Masum Khan (cricketer),country,Bangladesh,Masum Khan (cricketer)
Masum Khan (cricketer),role,Bowler,Masum Khan (cricketer)
Masum Khan (cricketer),bowlingStyle,Right-arm off break,Masum Khan (cricketer)
Masum Khan (cricketer),battingStyle,Right-handed,Masum Khan (cricketer)
Masum Khan (cricketer),debut,2021 (List A),Masum Khan (cricketer)
Masum Khan (cricketer),team,Dhaka Division,Masum Khan (cricketer)
Masum Khan (cricketer),team,Gazi Group Cricketers,Masum Khan (cricketer)
Masum Khan (cricketer),firstClassDebut,2021-2022 season,Masum Khan (cricketer)
Masum Khan (cricketer),ListADebut,2021,Masum Khan (cricketer)
Esporte Clube São Luiz,instanceOf,football club,Esporte Clube São Luiz
Esporte Clube São Luiz,locatedIn,"Ijuí, Rio Grande do Sul, Brazil",Esporte Clube São Luiz
Esporte Clube São Luiz,foundedIn,1938,Esporte Clube São Luiz
Esporte Clube São Luiz,nickname,São Luiz,Esporte Clube São Luiz
Esporte Clube São Luiz,nickname,Verdão de Ijuí,Esporte Clube São Luiz
Esporte Clube São Luiz,stadium,Estádio 19 de Outubro,Esporte Clube São Luiz
Esporte Clube São Luiz,league,Campeonato Gaúcho,Esporte Clube São Luiz
Esporte Clube São Luiz,league,Campeonato Brasileiro Série D,Esporte Clube São Luiz
Esporte Clube São Luiz,mascot,Lion,Esporte Clube São Luiz
Esporte Clube São Luiz,colors,green,Esporte Clube São Luiz
Esporte Clube São Luiz,colors,white,Esporte Clube São Luiz
Esporte Clube São Luiz,president,Varies (current president not specified),Esporte Clube São Luiz
Esporte Clube São Luiz,headCoach,Varies (current head coach not specified),Esporte Clube São Luiz
Esporte Clube São Luiz,affiliation,Federação Gaúcha de Futebol (FGF),Esporte Clube São Luiz
West Thurrock Lagoon and Marshes,instanceOf,nature reserve,West Thurrock Lagoon and Marshes
West Thurrock Lagoon and Marshes,instanceOf,Site of Special Scientific Interest,West Thurrock Lagoon and Marshes
West Thurrock Lagoon and Marshes,locatedIn,Thurrock,West Thurrock Lagoon and Marshes
West Thurrock Lagoon and Marshes,locatedIn,Essex,West Thurrock Lagoon and Marshes
West Thurrock Lagoon and Marshes,locatedIn,England,West Thurrock Lagoon and Marshes
West Thurrock Lagoon and Marshes,locatedIn,United Kingdom,West Thurrock Lagoon and Marshes
West Thurrock Lagoon and Marshes,designatedAs,Site of Special Scientific Interest,West Thurrock Lagoon and Marshes
West Thurrock Lagoon and Marshes,designatedYear,1986,West Thurrock Lagoon and Marshes
West Thurrock Lagoon and Marshes,area,approximately 52 hectares,West Thurrock Lagoon and Marshes
West Thurrock Lagoon and Marshes,notableFor,birdwatching,West Thurrock Lagoon and Marshes
West Thurrock Lagoon and Marshes,notableFor,wetland habitat,West Thurrock Lagoon and Marshes
West Thurrock Lagoon and Marshes,habitatFor,wildfowl,West Thurrock Lagoon and Marshes
West Thurrock Lagoon and Marshes,habitatFor,waders,West Thurrock Lagoon and Marshes
West Thurrock Lagoon and Marshes,habitatFor,invertebrates,West Thurrock Lagoon and Marshes
West Thurrock Lagoon and Marshes,managedBy,Thurrock Council,West Thurrock Lagoon and Marshes
West Thurrock Lagoon and Marshes,nearbyLandmark,Lakeside Shopping Centre,West Thurrock Lagoon and Marshes
West Thurrock Lagoon and Marshes,nearbyLandmark,Thurrock Thameside Nature Park,West Thurrock Lagoon and Marshes
Alan Javier Franco,instanceOf,Person,"Alan Franco (footballer, born 1996)"
Alan Javier Franco,instanceOf,Footballer,"Alan Franco (footballer, born 1996)"
Alan Javier Franco,fullName,Alan Javier Franco,"Alan Franco (footballer, born 1996)"
Alan Javier Franco,dateOfBirth,1996-08-11,"Alan Franco (footballer, born 1996)"
Alan Javier Franco,placeOfBirth,"Avellaneda, Argentina","Alan Franco (footballer, born 1996)"
Alan Javier Franco,countryOfCitizenship,Argentina,"Alan Franco (footballer, born 1996)"
Alan Javier Franco,positionPlayed,Defender,"Alan Franco (footballer, born 1996)"
Alan Javier Franco,currentClub,São Paulo FC,"Alan Franco (footballer, born 1996)"
Alan Javier Franco,memberOfSportsTeam,São Paulo FC,"Alan Franco (footballer, born 1996)"
Alan Javier Franco,memberOfSportsTeam,CA Independiente,"Alan Franco (footballer, born 1996)"
Alan Javier Franco,memberOfSportsTeam,Argentina national football team,"Alan Franco (footballer, born 1996)"
Alan Javier Franco,sport,Association football,"Alan Franco (footballer, born 1996)"
Alan Javier Franco,height,1.83 m,"Alan Franco (footballer, born 1996)"
Alan Javier Franco,shirtNumber,3,"Alan Franco (footballer, born 1996)"
Alan Javier Franco,startedCareerAt,CA Independiente,"Alan Franco (footballer, born 1996)"
Alan Javier Franco,transferredTo,São Paulo FC,"Alan Franco (footballer, born 1996)"
Alan Javier Franco,transferDate,2021,"Alan Franco (footballer, born 1996)"
Alan Javier Franco,awardReceived,Copa Sudamericana winner (2017),"Alan Franco (footballer, born 1996)"
Alan Javier Franco,awardReceived,Suruga Bank Championship winner (2018),"Alan Franco (footballer, born 1996)"
Alan Javier Franco,debutTeam,CA Independiente,"Alan Franco (footballer, born 1996)"
Alan Javier Franco,debutYear,2017,"Alan Franco (footballer, born 1996)"
Black-throated magpie-jay,instanceOf,bird species,Black-throated magpie-jay
Black-throated magpie-jay,scientificName,Calocitta colliei,Black-throated magpie-jay
Black-throated magpie-jay,family,Corvidae,Black-throated magpie-jay
Black-throated magpie-jay,genus,Calocitta,Black-throated magpie-jay
Black-throated magpie-jay,nativeTo,Mexico,Black-throated magpie-jay
Black-throated magpie-jay,nativeTo,northwestern Mexico,Black-throated magpie-jay
Black-throated magpie-jay,habitat,tropical dry forests,Black-throated magpie-jay
Black-throated magpie-jay,habitat,scrublands,Black-throated magpie-jay
Black-throated magpie-jay,habitat,woodlands,Black-throated magpie-jay
Black-throated magpie-jay,diet,omnivorous,Black-throated magpie-jay
Black-throated magpie-jay,dietIncludes,insects,Black-throated magpie-jay
Black-throated magpie-jay,dietIncludes,fruits,Black-throated magpie-jay
Black-throated magpie-jay,dietIncludes,seeds,Black-throated magpie-jay
Black-throated magpie-jay,dietIncludes,small vertebrates,Black-throated magpie-jay
Black-throated magpie-jay,conservationStatus,Least Concern,Black-throated magpie-jay
Black-throated magpie-jay,distinctiveFeature,long tail,Black-throated magpie-jay
Black-throated magpie-jay,distinctiveFeature,black throat patch,Black-throated magpie-jay
Black-throated magpie-jay,distinctiveFeature,blue and white plumage,Black-throated magpie-jay
Black-throated magpie-jay,length,56–76 cm (22–30 in),Black-throated magpie-jay
Black-throated magpie-jay,socialBehavior,highly social,Black-throated magpie-jay
Black-throated magpie-jay,vocalization,loud and varied calls,Black-throated magpie-jay
Black-throated magpie-jay,nestingHabitat,trees,Black-throated magpie-jay
Black-throated magpie-jay,clutchSize,3–7 eggs,Black-throated magpie-jay
Black-throated magpie-jay,incubationPeriod,18–20 days,Black-throated magpie-jay
Black-throated magpie-jay,parentalCare,cooperative breeding,Black-throated magpie-jay
"Lille Kamøya, Nordkapp",instanceOf,island,"Lille Kamøya, Nordkapp"
"Lille Kamøya, Nordkapp",locatedIn,Nordkapp Municipality,"Lille Kamøya, Nordkapp"
"Lille Kamøya, Nordkapp",locatedIn,Finnmark,"Lille Kamøya, Nordkapp"
"Lille Kamøya, Nordkapp",locatedIn,Norway,"Lille Kamøya, Nordkapp"
"Lille Kamøya, Nordkapp",partOf,Nordkapp archipelago,"Lille Kamøya, Nordkapp"
"Lille Kamøya, Nordkapp",nearbyLandmark,Nordkapp (North Cape),"Lille Kamøya, Nordkapp"
"Lille Kamøya, Nordkapp",coordinates,71°07′N 25°47′E,"Lille Kamøya, Nordkapp"
"Lille Kamøya, Nordkapp",population,uninhabited,"Lille Kamøya, Nordkapp"
"Lille Kamøya, Nordkapp",notableFeature,rugged coastline,"Lille Kamøya, Nordkapp"
"Lille Kamøya, Nordkapp",notableFeature,bird nesting sites,"Lille Kamøya, Nordkapp"
"Lille Kamøya, Nordkapp",accessibleBy,boat,"Lille Kamøya, Nordkapp"
"Baranovka, Narimanovsky District, Astrakhan Oblast",instanceOf,village,"Baranovka, Narimanovsky District, Astrakhan Oblast"
"Baranovka, Narimanovsky District, Astrakhan Oblast",locatedIn,Narimanovsky District,"Baranovka, Narimanovsky District, Astrakhan Oblast"
"Baranovka, Narimanovsky District, Astrakhan Oblast",locatedIn,Astrakhan Oblast,"Baranovka, Narimanovsky District, Astrakhan Oblast"
"Baranovka, Narimanovsky District, Astrakhan Oblast",locatedIn,Russia,"Baranovka, Narimanovsky District, Astrakhan Oblast"
"Baranovka, Narimanovsky District, Astrakhan Oblast",country,Russia,"Baranovka, Narimanovsky District, Astrakhan Oblast"
"Baranovka, Narimanovsky District, Astrakhan Oblast",federalSubject,Astrakhan Oblast,"Baranovka, Narimanovsky District, Astrakhan Oblast"
"Baranovka, Narimanovsky District, Astrakhan Oblast",district,Narimanovsky District,"Baranovka, Narimanovsky District, Astrakhan Oblast"
"Baranovka, Narimanovsky District, Astrakhan Oblast",timeZone,UTC+4,"Baranovka, Narimanovsky District, Astrakhan Oblast"
Desmodus draculae,instanceOf,species,Desmodus draculae
Desmodus draculae,commonName,giant vampire bat,Desmodus draculae
Desmodus draculae,taxonRank,species,Desmodus draculae
Desmodus draculae,parentTaxon,Desmodus,Desmodus draculae
Desmodus draculae,family,Phyllostomidae,Desmodus draculae
Desmodus draculae,order,Chiroptera,Desmodus draculae
Desmodus draculae,class,Mammalia,Desmodus draculae
Desmodus draculae,phylum,Chordata,Desmodus draculae
Desmodus draculae,kingdom,Animalia,Desmodus draculae
Desmodus draculae,extinctionStatus,extinct,Desmodus draculae
Desmodus draculae,timePeriod,Pleistocene,Desmodus draculae
Desmodus draculae,habitat,tropical forests,Desmodus draculae
Desmodus draculae,diet,blood (sanguivorous),Desmodus draculae
Desmodus draculae,distribution,South America,Desmodus draculae
Desmodus draculae,sizeComparison,larger than modern vampire bats,Desmodus draculae
Desmodus draculae,discoveryLocation,Venezuela,Desmodus draculae
Desmodus draculae,discoveryYear,1988,Desmodus draculae
Desmodus draculae,namedAfter,Dracula (folklore vampire),Desmodus draculae
Desmodus draculae,fossilEvidence,subfossil remains,Desmodus draculae
Casey Crawford (American football),instanceOf,American football player,Casey Crawford (American football)
Casey Crawford (American football),instanceOf,Person,Casey Crawford (American football)
Casey Crawford (American football),fullName,Casey Crawford,Casey Crawford (American football)
Casey Crawford (American football),dateOfBirth,1977-02-01,Casey Crawford (American football)
Casey Crawford (American football),placeOfBirth,"Mountain Home, Idaho, U.S.",Casey Crawford (American football)
Casey Crawford (American football),positionPlayed,Tight end,Casey Crawford (American football)
Casey Crawford (American football),college,University of Virginia,Casey Crawford (American football)
Casey Crawford (American football),draftedBy,Tampa Bay Buccaneers,Casey Crawford (American football)
Casey Crawford (American football),draftYear,2000,Casey Crawford (American football)
Casey Crawford (American football),draftRound,6,Casey Crawford (American football)
Casey Crawford (American football),draftPick,171,Casey Crawford (American football)
Casey Crawford (American football),playedFor,Tampa Bay Buccaneers,Casey Crawford (American football)
Casey Crawford (American football),playedFor,Carolina Panthers,Casey Crawford (American football)
Casey Crawford (American football),nflDebutYear,2000,Casey Crawford (American football)
Casey Crawford (American football),lastNflYear,2002,Casey Crawford (American football)
Casey Crawford (American football),height,6 ft 6 in (1.98 m),Casey Crawford (American football)
Casey Crawford (American football),weight,255 lb (116 kg),Casey Crawford (American football)
Casey Crawford (American football),highSchool,Mountain Home High School (Idaho),Casey Crawford (American football)
Casey Crawford (American football),superBowlWin,Super Bowl XXXVII (with Tampa Bay Buccaneers),Casey Crawford (American football)
Casey Crawford (American football),careerStats,"12 receptions, 110 yards, 0 touchdowns",Casey Crawford (American football)
José María Oriol Urquijo,instanceOf,human,José María Oriol Urquijo
José María Oriol Urquijo,instanceOf,politician,José María Oriol Urquijo
José María Oriol Urquijo,instanceOf,businessperson,José María Oriol Urquijo
José María Oriol Urquijo,dateOfBirth,1905-11-14,José María Oriol Urquijo
José María Oriol Urquijo,dateOfDeath,1985-04-22,José María Oriol Urquijo
José María Oriol Urquijo,placeOfBirth,"Madrid, Spain",José María Oriol Urquijo
José María Oriol Urquijo,placeOfDeath,"Madrid, Spain",José María Oriol Urquijo
José María Oriol Urquijo,countryOfCitizenship,Spain,José María Oriol Urquijo
José María Oriol Urquijo,occupation,politician,José María Oriol Urquijo
José María Oriol Urquijo,occupation,business executive,José María Oriol Urquijo
José María Oriol Urquijo,memberOf,Falange Española Tradicionalista y de las JONS,José María Oriol Urquijo
José María Oriol Urquijo,memberOf,Cortes Españolas,José María Oriol Urquijo
José María Oriol Urquijo,positionHeld,Mayor of Madrid,José María Oriol Urquijo
José María Oriol Urquijo,startTime,1964,José María Oriol Urquijo
José María Oriol Urquijo,endTime,1970,José María Oriol Urquijo
José María Oriol Urquijo,memberOfPoliticalParty,FET y de las JONS,José María Oriol Urquijo
José María Oriol Urquijo,awardReceived,Grand Cross of the Order of Isabella the Catholic,José María Oriol Urquijo
José María Oriol Urquijo,awardReceived,Grand Cross of the Order of Civil Merit,José María Oriol Urquijo
José María Oriol Urquijo,child,Antonio María Oriol Urquijo,José María Oriol Urquijo
José María Oriol Urquijo,child,Marcelo Oriol Urquijo,José María Oriol Urquijo
José María Oriol Urquijo,spouse,María Gracia Ybarra Lasso de la Vega,José María Oriol Urquijo
José María Oriol Urquijo,parent,José Luis Oriol Urigüen,José María Oriol Urquijo
José María Oriol Urquijo,parent, Catalina de Urquijo y Vitórica,José María Oriol Urquijo
José María Oriol Urquijo,notableWork,Involvement in the Spanish electricity sector,José María Oriol Urquijo
José María Oriol Urquijo,employer,Iberdrola,José María Oriol Urquijo
José María Oriol Urquijo,positionHeld,President of Hidroeléctrica Española,José María Oriol Urquijo
"Sir Hugh Smith, 1st Baronet",instanceOf,person,"Sir Hugh Smith, 1st Baronet"
"Sir Hugh Smith, 1st Baronet",instanceOf,baronet,"Sir Hugh Smith, 1st Baronet"
"Sir Hugh Smith, 1st Baronet",title,1st Baronet of Long Ashton,"Sir Hugh Smith, 1st Baronet"
"Sir Hugh Smith, 1st Baronet",birthDate,1632,"Sir Hugh Smith, 1st Baronet"
"Sir Hugh Smith, 1st Baronet",deathDate,1680,"Sir Hugh Smith, 1st Baronet"
"Sir Hugh Smith, 1st Baronet",birthPlace,"Long Ashton, Somerset, England","Sir Hugh Smith, 1st Baronet"
"Sir Hugh Smith, 1st Baronet",deathPlace,"Long Ashton, Somerset, England","Sir Hugh Smith, 1st Baronet"
"Sir Hugh Smith, 1st Baronet",created,Baronetcy of Smith of Long Ashton,"Sir Hugh Smith, 1st Baronet"
"Sir Hugh Smith, 1st Baronet",creationDate,1661,"Sir Hugh Smith, 1st Baronet"
"Sir Hugh Smith, 1st Baronet",predecessor,None (first baronet),"Sir Hugh Smith, 1st Baronet"
"Sir Hugh Smith, 1st Baronet",successor,"Sir John Smith, 2nd Baronet","Sir Hugh Smith, 1st Baronet"
"Sir Hugh Smith, 1st Baronet",spouse,Elizabeth Smith (née Wyndham),"Sir Hugh Smith, 1st Baronet"
"Sir Hugh Smith, 1st Baronet",parent,John Smith,"Sir Hugh Smith, 1st Baronet"
"Sir Hugh Smith, 1st Baronet",parent,Mary Smith (née Popham),"Sir Hugh Smith, 1st Baronet"
"Sir Hugh Smith, 1st Baronet",child,"Sir John Smith, 2nd Baronet","Sir Hugh Smith, 1st Baronet"
"Sir Hugh Smith, 1st Baronet",child,Hugh Smith,"Sir Hugh Smith, 1st Baronet"
"Sir Hugh Smith, 1st Baronet",child,Elizabeth Smith,"Sir Hugh Smith, 1st Baronet"
"Sir Hugh Smith, 1st Baronet",occupation,landowner,"Sir Hugh Smith, 1st Baronet"
"Sir Hugh Smith, 1st Baronet",residence,Long Ashton House,"Sir Hugh Smith, 1st Baronet"
"Sir Hugh Smith, 1st Baronet",notableWork,Expansion of Long Ashton estate,"Sir Hugh Smith, 1st Baronet"
"Sir Hugh Smith, 1st Baronet",awardReceived,Baronetcy (1661),"Sir Hugh Smith, 1st Baronet"
"Sir Hugh Smith, 1st Baronet",allegiance,Kingdom of England,"Sir Hugh Smith, 1st Baronet"
"Sir Hugh Smith, 1st Baronet",era,Stuart period,"Sir Hugh Smith, 1st Baronet"
Manolo Muñoz (footballer),instanceOf,human,Manolo Muñoz (footballer)
Manolo Muñoz (footballer),instanceOf,footballer,Manolo Muñoz (footballer)
Manolo Muñoz (footballer),fullName,Manuel Muñoz Pérez,Manolo Muñoz (footballer)
Manolo Muñoz (footballer),dateOfBirth,1925-04-25,Manolo Muñoz (footballer)
Manolo Muñoz (footballer),dateOfDeath,2015-07-14,Manolo Muñoz (footballer)
Manolo Muñoz (footballer),placeOfBirth,"Seville, Spain",Manolo Muñoz (footballer)
Manolo Muñoz (footballer),positionPlayed,forward,Manolo Muñoz (footballer)
Manolo Muñoz (footballer),memberOfSportsTeam,Real Betis,Manolo Muñoz (footballer)
Manolo Muñoz (footballer),memberOfSportsTeam,Sevilla FC,Manolo Muñoz (footballer)
Manolo Muñoz (footballer),memberOfSportsTeam,Granada CF,Manolo Muñoz (footballer)
Manolo Muñoz (footballer),memberOfSportsTeam,Real Jaén,Manolo Muñoz (footballer)
Manolo Muñoz (footballer),careerStartYear,1943,Manolo Muñoz (footballer)
Manolo Muñoz (footballer),careerEndYear,1960,Manolo Muñoz (footballer)
Manolo Muñoz (footballer),notableAchievement,Top scorer in La Liga (1954–55 season),Manolo Muñoz (footballer)
Manolo Muñoz (footballer),numberOfGoals,100+ in La Liga,Manolo Muñoz (footballer)
Manolo Muñoz (footballer),countryOfCitizenship,Spain,Manolo Muñoz (footballer)
Research in Developmental Disabilities,instanceOf,academic journal,Research in Developmental Disabilities
Research in Developmental Disabilities,publisher,Elsevier,Research in Developmental Disabilities
Research in Developmental Disabilities,field,developmental disabilities,Research in Developmental Disabilities
Research in Developmental Disabilities,field,psychology,Research in Developmental Disabilities
Research in Developmental Disabilities,field,neuroscience,Research in Developmental Disabilities
Research in Developmental Disabilities,field,special education,Research in Developmental Disabilities
Research in Developmental Disabilities,firstPublished,1979,Research in Developmental Disabilities
Research in Developmental Disabilities,frequency,bimonthly,Research in Developmental Disabilities
Research in Developmental Disabilities,ISSN,0891-4222,Research in Developmental Disabilities
Research in Developmental Disabilities,ISSN,1873-3379 (electronic),Research in Developmental Disabilities
Research in Developmental Disabilities,impactFactor,3.2 (2022),Research in Developmental Disabilities
Research in Developmental Disabilities,editorInChief,Johnny L. Matson,Research in Developmental Disabilities
Research in Developmental Disabilities,language,English,Research in Developmental Disabilities
Research in Developmental Disabilities,openAccess,hybrid,Research in Developmental Disabilities
Research in Developmental Disabilities,indexedIn,PubMed,Research in Developmental Disabilities
Research in Developmental Disabilities,indexedIn,Scopus,Research in Developmental Disabilities
Research in Developmental Disabilities,indexedIn,Web of Science,Research in Developmental Disabilities
Research in Developmental Disabilities,scope,research on intellectual and developmental disabilities,Research in Developmental Disabilities
Research in Developmental Disabilities,scope,behavioral and psychological aspects of disabilities,Research in Developmental Disabilities
Research in Developmental Disabilities,scope,interventions and treatments for developmental disabilities,Research in Developmental Disabilities
Research in Developmental Disabilities,relatedTo,Journal of Autism and Developmental Disorders,Research in Developmental Disabilities
Research in Developmental Disabilities,relatedTo,American Journal on Intellectual and Developmental Disabilities,Research in Developmental Disabilities
Research in Developmental Disabilities,website,https://www.journals.elsevier.com/research-in-developmental-disabilities,Research in Developmental Disabilities
Chestnut-and-black weaver,instanceOf,bird,Chestnut-and-black weaver
Chestnut-and-black weaver,instanceOf,species,Chestnut-and-black weaver
Chestnut-and-black weaver,scientificName,Ploceus nigerrimus,Chestnut-and-black weaver
Chestnut-and-black weaver,family,Ploceidae,Chestnut-and-black weaver
Chestnut-and-black weaver,order,Passeriformes,Chestnut-and-black weaver
Chestnut-and-black weaver,genus,Ploceus,Chestnut-and-black weaver
Chestnut-and-black weaver,habitat,forests,Chestnut-and-black weaver
Chestnut-and-black weaver,habitat,woodlands,Chestnut-and-black weaver
Chestnut-and-black weaver,habitat,savannas,Chestnut-and-black weaver
Chestnut-and-black weaver,nativeTo,Africa,Chestnut-and-black weaver
Chestnut-and-black weaver,diet,insects,Chestnut-and-black weaver
Chestnut-and-black weaver,diet,seeds,Chestnut-and-black weaver
Chestnut-and-black weaver,diet,fruits,Chestnut-and-black weaver
Chestnut-and-black weaver,nestingBehavior,colonial,Chestnut-and-black weaver
Chestnut-and-black weaver,nestType,woven,Chestnut-and-black weaver
Chestnut-and-black weaver,nestLocation,tree branches,Chestnut-and-black weaver
Chestnut-and-black weaver,conservationStatus,Least Concern,Chestnut-and-black weaver
Chestnut-and-black weaver,distinctiveFeature,black plumage with chestnut patches,Chestnut-and-black weaver
Chestnut-and-black weaver,distinctiveFeature,yellow eyes,Chestnut-and-black weaver
Chestnut-and-black weaver,sexualDimorphism,present,Chestnut-and-black weaver
Chestnut-and-black weaver,malePlumage,black with chestnut on head and breast,Chestnut-and-black weaver
Chestnut-and-black weaver,femalePlumage,duller with streaked underparts,Chestnut-and-black weaver
Chestnut-and-black weaver,length,15–17 cm,Chestnut-and-black weaver
Chestnut-and-black weaver,wingspan,22–25 cm,Chestnut-and-black weaver
Chestnut-and-black weaver,weight,25–35 g,Chestnut-and-black weaver
Chestnut-and-black weaver,lifespan,5–10 years,Chestnut-and-black weaver
Chestnut-and-black weaver,vocalization,harsh chattering calls,Chestnut-and-black weaver
Chestnut-and-black weaver,vocalization,whistling songs,Chestnut-and-black weaver
Chestnut-and-black weaver,breedingSeason,varies by region,Chestnut-and-black weaver
Chestnut-and-black weaver,clutchSize,2–4 eggs,Chestnut-and-black weaver
Chestnut-and-black weaver,incubationPeriod,12–14 days,Chestnut-and-black weaver
Chestnut-and-black weaver,fledgingPeriod,17–21 days,Chestnut-and-black weaver
Chestnut-and-black weaver,predators,snakes,Chestnut-and-black weaver
Chestnut-and-black weaver,predators,birds of prey,Chestnut-and-black weaver
Chestnut-and-black weaver,predators,monkeys,Chestnut-and-black weaver
Chestnut-and-black weaver,range,Central Africa,Chestnut-and-black weaver
Chestnut-and-black weaver,range,West Africa,Chestnut-and-black weaver
Chestnut-and-black weaver,range,East Africa,Chestnut-and-black weaver
Chestnut-and-black weaver,subspecies,Ploceus nigerrimus nigerrimus,Chestnut-and-black weaver
Chestnut-and-black weaver,subspecies,Ploceus nigerrimus castaneofuscus,Chestnut-and-black weaver
Serious Sam,instanceOf,video game series,Serious Sam
Serious Sam,developer,Croteam,Serious Sam
Serious Sam,publisher,Gathering of Developers,Serious Sam
Serious Sam,publisher,Devolver Digital,Serious Sam
Serious Sam,firstReleaseDate,2001-03-21,Serious Sam
Serious Sam,genre,first-person shooter,Serious Sam
Serious Sam,platform,Microsoft Windows,Serious Sam
Serious Sam,platform,Xbox,Serious Sam
Serious Sam,platform,PlayStation 2,Serious Sam
Serious Sam,platform,GameCube,Serious Sam
Serious Sam,platform,Linux,Serious Sam
Serious Sam,platform,macOS,Serious Sam
Serious Sam,platform,Android,Serious Sam
Serious Sam,platform,iOS,Serious Sam
Serious Sam,engine,Serious Engine,Serious Sam
Serious Sam,mainCharacter,Sam 'Serious' Stone,Serious Sam
Serious Sam,antagonist,Mental,Serious Sam
Serious Sam: The First Encounter,instanceOf,video game,Serious Sam
Serious Sam: The First Encounter,partOf,Serious Sam,Serious Sam
Serious Sam: The First Encounter,releaseDate,2001-03-21,Serious Sam
Serious Sam: The Second Encounter,instanceOf,video game,Serious Sam
Serious Sam: The Second Encounter,partOf,Serious Sam,Serious Sam
Serious Sam: The Second Encounter,releaseDate,2002-02-05,Serious Sam
Serious Sam II,instanceOf,video game,Serious Sam
Serious Sam II,partOf,Serious Sam,Serious Sam
Serious Sam II,releaseDate,2005-10-11,Serious Sam
Serious Sam 3: BFE,instanceOf,video game,Serious Sam
Serious Sam 3: BFE,partOf,Serious Sam,Serious Sam
Serious Sam 3: BFE,releaseDate,2011-11-22,Serious Sam
Serious Sam 4,instanceOf,video game,Serious Sam
Serious Sam 4,partOf,Serious Sam,Serious Sam
Serious Sam 4,releaseDate,2020-09-24,Serious Sam
Serious Sam,award,Game Developers Choice Award for Excellence in Level Design (2001),Serious Sam
Serious Sam,award,GameSpot's Best and Worst of 2001: Best Budget Game,Serious Sam
Serious Sam,setting,Ancient Egypt,Serious Sam
Serious Sam,setting,Medieval Europe,Serious Sam
Serious Sam,setting,South America,Serious Sam
Serious Sam,setting,Future Earth,Serious Sam
Serious Sam,gameMode,single-player,Serious Sam
Serious Sam,gameMode,multiplayer,Serious Sam
Serious Sam,composer,Damjan Mravunac,Serious Sam
"Ternovoye, Podgorensky District, Voronezh Oblast",instanceOf,village,"Ternovoye, Podgorensky District, Voronezh Oblast"
"Ternovoye, Podgorensky District, Voronezh Oblast",locatedIn,Podgorensky District,"Ternovoye, Podgorensky District, Voronezh Oblast"
"Ternovoye, Podgorensky District, Voronezh Oblast",locatedIn,Voronezh Oblast,"Ternovoye, Podgorensky District, Voronezh Oblast"
"Ternovoye, Podgorensky District, Voronezh Oblast",locatedIn,Russia,"Ternovoye, Podgorensky District, Voronezh Oblast"
"Ternovoye, Podgorensky District, Voronezh Oblast",country,Russia,"Ternovoye, Podgorensky District, Voronezh Oblast"
"Ternovoye, Podgorensky District, Voronezh Oblast",federalSubject,Voronezh Oblast,"Ternovoye, Podgorensky District, Voronezh Oblast"
"Ternovoye, Podgorensky District, Voronezh Oblast",timeZone,UTC+3 (Moscow Time),"Ternovoye, Podgorensky District, Voronezh Oblast"
Tingel-Tangel (1930 film),instanceOf,film,Tingel-Tangel (1930 film)
Tingel-Tangel (1930 film),instanceOf,musical film,Tingel-Tangel (1930 film)
Tingel-Tangel (1930 film),releaseYear,1930,Tingel-Tangel (1930 film)
Tingel-Tangel (1930 film),countryOfOrigin,Germany,Tingel-Tangel (1930 film)
Tingel-Tangel (1930 film),language,German,Tingel-Tangel (1930 film)
Tingel-Tangel (1930 film),director,Jaap Speyer,Tingel-Tangel (1930 film)
Tingel-Tangel (1930 film),screenplay,Walter Schlee,Tingel-Tangel (1930 film)
Tingel-Tangel (1930 film),screenplay,Fritz Zeckendorf,Tingel-Tangel (1930 film)
Tingel-Tangel (1930 film),producer,Gabriel Levy,Tingel-Tangel (1930 film)
Tingel-Tangel (1930 film),productionCompany,Aafa-Film AG,Tingel-Tangel (1930 film)
Tingel-Tangel (1930 film),genre,comedy,Tingel-Tangel (1930 film)
Tingel-Tangel (1930 film),genre,musical,Tingel-Tangel (1930 film)
Tingel-Tangel (1930 film),starring,Max Hansen,Tingel-Tangel (1930 film)
Tingel-Tangel (1930 film),starring,Liesl Karlstadt,Tingel-Tangel (1930 film)
Tingel-Tangel (1930 film),starring,Paul Hörbiger,Tingel-Tangel (1930 film)
Tingel-Tangel (1930 film),starring,Trude Berliner,Tingel-Tangel (1930 film)
Tingel-Tangel (1930 film),musicBy,Paul Abraham,Tingel-Tangel (1930 film)
Tingel-Tangel (1930 film),cinematography,Carl Drews,Tingel-Tangel (1930 film)
Tingel-Tangel (1930 film),filmEditing,Jean Oser,Tingel-Tangel (1930 film)
Tingel-Tangel (1930 film),runtime,90 minutes,Tingel-Tangel (1930 film)
Tingel-Tangel (1930 film),basedOn,a revue by Walter Schlee and Fritz Zeckendorf,Tingel-Tangel (1930 film)
Jatt & Juliet 2,instanceOf,Film,Jatt & Juliet 2
Jatt & Juliet 2,genre,Romantic comedy,Jatt & Juliet 2
Jatt & Juliet 2,genre,Drama,Jatt & Juliet 2
Jatt & Juliet 2,language,Punjabi,Jatt & Juliet 2
Jatt & Juliet 2,director,Anurag Singh,Jatt & Juliet 2
Jatt & Juliet 2,producer,Gunbir Singh Sidhu,Jatt & Juliet 2
Jatt & Juliet 2,producer,Manmord Sidhu,Jatt & Juliet 2
Jatt & Juliet 2,releaseDate,2013-06-28,Jatt & Juliet 2
Jatt & Juliet 2,country,India,Jatt & Juliet 2
Jatt & Juliet 2,precededBy,Jatt & Juliet,Jatt & Juliet 2
Jatt & Juliet 2,starring,Diljit Dosanjh,Jatt & Juliet 2
Jatt & Juliet 2,starring,Neeru Bajwa,Jatt & Juliet 2
Jatt & Juliet 2,musicBy,Jatinder Shah,Jatt & Juliet 2
Jatt & Juliet 2,productionCompany,White Hill Studios,Jatt & Juliet 2
Jatt & Juliet 2,boxOffice,₹30 crore (approx),Jatt & Juliet 2
Ife National Museum,instanceOf,museum,Ife National Museum
Ife National Museum,instanceOf,cultural institution,Ife National Museum
Ife National Museum,location,Ile-Ife,Ife National Museum
Ife National Museum,location,Osun State,Ife National Museum
Ife National Museum,location,Nigeria,Ife National Museum
Ife National Museum,established,1954,Ife National Museum
Ife National Museum,focus,Yoruba art,Ife National Museum
Ife National Museum,focus,Nigerian antiquities,Ife National Museum
Ife National Museum,focus,archaeological artifacts,Ife National Museum
Ife National Museum,notableCollection,Ife bronze heads,Ife National Museum
Ife National Museum,notableCollection,terracotta sculptures,Ife National Museum
Ife National Museum,notableCollection,ancient pottery,Ife National Museum
Ife National Museum,affiliation,National Commission for Museums and Monuments (Nigeria),Ife National Museum
Ife National Museum,significance,one of Nigeria's oldest museums,Ife National Museum
Ife National Museum,significance,preserves artifacts from the ancient Ife civilization,Ife National Museum
Ife National Museum,architecturalStyle,modern,Ife National Museum
Ife National Museum,visitorInformation,open to the public,Ife National Museum
Ife National Museum,visitorInformation,charges admission fees,Ife National Museum
Ife National Museum,operatingHours,9:00 AM to 5:00 PM (varies),Ife National Museum
Ife National Museum,website,https://www.ncmm.gov.ng (indirect reference),Ife National Museum
China Railway CR400AF,instanceOf,high-speed train,China Railway CR400AF
China Railway CR400AF,instanceOf,electric multiple unit,China Railway CR400AF
China Railway CR400AF,manufacturer,CRRC Qingdao Sifang,China Railway CR400AF
China Railway CR400AF,country,China,China Railway CR400AF
China Railway CR400AF,introduced,2017,China Railway CR400AF
China Railway CR400AF,maximumSpeed,350 km/h,China Railway CR400AF
China Railway CR400AF,operatingSpeed,300 km/h,China Railway CR400AF
China Railway CR400AF,trackGauge,"1,435 mm (standard gauge)",China Railway CR400AF
China Railway CR400AF,powerType,Electric,China Railway CR400AF
China Railway CR400AF,trainLength,439.84 meters (16-car set),China Railway CR400AF
China Railway CR400AF,carCount,16,China Railway CR400AF
China Railway CR400AF,passengerCapacity,"1,193",China Railway CR400AF
China Railway CR400AF,nickname,Fuxing,China Railway CR400AF
China Railway CR400AF,series,Fuxing Hao,China Railway CR400AF
China Railway CR400AF,predecessor,China Railway CRH380A,China Railway CR400AF
China Railway CR400AF,successor,China Railway CR400BF,China Railway CR400AF
China Railway CR400AF,operatedBy,China Railway,China Railway CR400AF
China Railway CR400AF,lineServed,Beijing–Shanghai High-Speed Railway,China Railway CR400AF
China Railway CR400AF,lineServed,Beijing–Guangzhou High-Speed Railway,China Railway CR400AF
China Railway CR400AF,lineServed,Shanghai–Kunming High-Speed Railway,China Railway CR400AF
China Railway CR400AF,aerodynamicDesign,streamlined nose,China Railway CR400AF
China Railway CR400AF,safetyFeature,earthquake monitoring system,China Railway CR400AF
China Railway CR400AF,safetyFeature,fire detection system,China Railway CR400AF
China Railway CR400AF,energyEfficiency,regenerative braking,China Railway CR400AF
China Railway CR400AF,interiorFeature,Wi-Fi connectivity,China Railway CR400AF
China Railway CR400AF,interiorFeature,power outlets,China Railway CR400AF
China Railway CR400AF,interiorFeature,wheelchair accessibility,China Railway CR400AF
China Railway CR400AF,interiorClass,Business Class,China Railway CR400AF
China Railway CR400AF,interiorClass,First Class,China Railway CR400AF
China Railway CR400AF,interiorClass,Second Class,China Railway CR400AF
China Railway CR400AF,weight,850 tonnes (16-car set),China Railway CR400AF
China Railway CR400AF,tractionSystem,permanent magnet synchronous motors,China Railway CR400AF
China Railway CR400AF,voltageSystem,25 kV 50 Hz AC,China Railway CR400AF
China Railway CR400AF,axleArrangement,Bo′Bo′+2′2′+2′2′+Bo′Bo′,China Railway CR400AF
China Railway CR400AF,bogieType,bolsterless,China Railway CR400AF
China Railway CR400AF,emergencyFeature,automatic train control,China Railway CR400AF
China Railway CR400AF,emergencyFeature,emergency braking system,China Railway CR400AF
China Railway CR400AF,developmentProject,China Standardized EMU Project,China Railway CR400AF
China Railway CR400AF,notableEvent,"set world record for fastest unmodified train (420 km/h, 2016)",China Railway CR400AF
China Railway CR400AF,notableEvent,entered commercial service (2017),China Railway CR400AF
China Railway CR400AF,exportedTo,Indonesia (Jakarta-Bandung HSR),China Railway CR400AF
China Railway CR400AF,exportedTo,Thailand (planned),China Railway CR400AF
China Railway CR400AF,award,National Science and Technology Progress Award (2019),China Railway CR400AF
"Dmytrivka, Chernihiv Oblast",instanceOf,village,"Dmytrivka, Chernihiv Oblast"
"Dmytrivka, Chernihiv Oblast",locatedIn,Chernihiv Oblast,"Dmytrivka, Chernihiv Oblast"
"Dmytrivka, Chernihiv Oblast",locatedIn,Ukraine,"Dmytrivka, Chernihiv Oblast"
"Dmytrivka, Chernihiv Oblast",country,Ukraine,"Dmytrivka, Chernihiv Oblast"
"Dmytrivka, Chernihiv Oblast",administrativeRegion,Chernihiv Raion,"Dmytrivka, Chernihiv Oblast"
"Dmytrivka, Chernihiv Oblast",population,approximately 500 (as of recent estimates),"Dmytrivka, Chernihiv Oblast"
"Dmytrivka, Chernihiv Oblast",timeZone,"Eastern European Time (EET, UTC+2)","Dmytrivka, Chernihiv Oblast"
"Dmytrivka, Chernihiv Oblast",timeZone,"Eastern European Summer Time (EEST, UTC+3, during DST)","Dmytrivka, Chernihiv Oblast"
"Dmytrivka, Chernihiv Oblast",coordinates,"51.3333° N, 31.2500° E (approximate)","Dmytrivka, Chernihiv Oblast"
"Dumbleton, Queensland",instanceOf,locality,"Dumbleton, Queensland"
"Dumbleton, Queensland",instanceOf,rural locality,"Dumbleton, Queensland"
"Dumbleton, Queensland",locatedIn,Shire of Banana,"Dumbleton, Queensland"
"Dumbleton, Queensland",locatedIn,Queensland,"Dumbleton, Queensland"
"Dumbleton, Queensland",locatedIn,Australia,"Dumbleton, Queensland"
"Dumbleton, Queensland",country,Australia,"Dumbleton, Queensland"
"Dumbleton, Queensland",state,Queensland,"Dumbleton, Queensland"
"Dumbleton, Queensland",localGovernmentArea,Shire of Banana,"Dumbleton, Queensland"
"Dumbleton, Queensland",postcode,4715,"Dumbleton, Queensland"
"Dumbleton, Queensland",nearbyLocality,Theodore,"Dumbleton, Queensland"
"Dumbleton, Queensland",nearbyLocality,Baralaba,"Dumbleton, Queensland"
"Dumbleton, Queensland",region,Dawson Valley,"Dumbleton, Queensland"
Cabo Velas,instanceOf,geographic location,Cabo Velas
Cabo Velas,instanceOf,cape,Cabo Velas
Cabo Velas,locatedIn,Costa Rica,Cabo Velas
Cabo Velas,locatedIn,Guanacaste Province,Cabo Velas
Cabo Velas,locatedIn,Santa Cruz Canton,Cabo Velas
Cabo Velas,nearbySettlement,Tamarindo,Cabo Velas
Cabo Velas,nearbySettlement,Playa Grande,Cabo Velas
Cabo Velas,partOf,Pacific Coast,Cabo Velas
Cabo Velas,knownFor,beaches,Cabo Velas
Cabo Velas,knownFor,surfing,Cabo Velas
Cabo Velas,knownFor,wildlife,Cabo Velas
Cabo Velas,hasFeature,Las Baulas National Marine Park,Cabo Velas
"Sipesville, Pennsylvania",instanceOf,unincorporated community,"Sipesville, Pennsylvania"
"Sipesville, Pennsylvania",instanceOf,census-designated place,"Sipesville, Pennsylvania"
"Sipesville, Pennsylvania",locatedIn,"Somerset County, Pennsylvania","Sipesville, Pennsylvania"
"Sipesville, Pennsylvania",locatedIn,Pennsylvania,"Sipesville, Pennsylvania"
"Sipesville, Pennsylvania",locatedIn,United States of America,"Sipesville, Pennsylvania"
"Sipesville, Pennsylvania",partOf,"Conemaugh Township, Somerset County, Pennsylvania","Sipesville, Pennsylvania"
"Sipesville, Pennsylvania",postalCode,15561,"Sipesville, Pennsylvania"
"Sipesville, Pennsylvania",timeZone,Eastern Time Zone (ET),"Sipesville, Pennsylvania"
"Sipesville, Pennsylvania",coordinates,"40.1167° N, 78.9833° W","Sipesville, Pennsylvania"
"Sipesville, Pennsylvania",elevation,"approximately 2,000 feet (610 meters)","Sipesville, Pennsylvania"
Durga Mohan Bhattacharyya,instanceOf,person,Durga Mohan Bhattacharyya
Durga Mohan Bhattacharyya,occupation,freedom fighter,Durga Mohan Bhattacharyya
Durga Mohan Bhattacharyya,occupation,politician,Durga Mohan Bhattacharyya
Durga Mohan Bhattacharyya,nationality,Indian,Durga Mohan Bhattacharyya
Durga Mohan Bhattacharyya,associatedWith,Indian independence movement,Durga Mohan Bhattacharyya
Durga Mohan Bhattacharyya,birthPlace,"Bengal Presidency, British India",Durga Mohan Bhattacharyya
Durga Mohan Bhattacharyya,birthDate,1880,Durga Mohan Bhattacharyya
Durga Mohan Bhattacharyya,deathDate,1965,Durga Mohan Bhattacharyya
Day of Reckoning (1933 film),instanceOf,film,Day of Reckoning (1933 film)
Day of Reckoning (1933 film),releaseYear,1933,Day of Reckoning (1933 film)
Day of Reckoning (1933 film),genre,drama,Day of Reckoning (1933 film)
Day of Reckoning (1933 film),director,Charles Brabin,Day of Reckoning (1933 film)
Day of Reckoning (1933 film),screenplayBy,Oliver H.P. Garrett,Day of Reckoning (1933 film)
Day of Reckoning (1933 film),basedOn,a story by Oliver H.P. Garrett,Day of Reckoning (1933 film)
Day of Reckoning (1933 film),starring,Richard Dix,Day of Reckoning (1933 film)
Day of Reckoning (1933 film),starring,Madge Evans,Day of Reckoning (1933 film)
Day of Reckoning (1933 film),starring,Conway Tearle,Day of Reckoning (1933 film)
Day of Reckoning (1933 film),productionCompany,Metro-Goldwyn-Mayer (MGM),Day of Reckoning (1933 film)
Day of Reckoning (1933 film),countryOfOrigin,United States,Day of Reckoning (1933 film)
Day of Reckoning (1933 film),language,English,Day of Reckoning (1933 film)
Day of Reckoning (1933 film),runtime,70 minutes,Day of Reckoning (1933 film)
Bailey's Dam,instanceOf,dam,Bailey's Dam
Bailey's Dam,instanceOf,historical site,Bailey's Dam
Bailey's Dam,locatedIn,Red River,Bailey's Dam
Bailey's Dam,locatedIn,Louisiana,Bailey's Dam
Bailey's Dam,locatedIn,United States,Bailey's Dam
Bailey's Dam,builtBy,Union Army,Bailey's Dam
Bailey's Dam,constructedDuring,American Civil War,Bailey's Dam
Bailey's Dam,constructedInYear,1864,Bailey's Dam
Bailey's Dam,namedAfter,Joseph Bailey,Bailey's Dam
Bailey's Dam,purpose,raise water level for Union gunboats,Bailey's Dam
Bailey's Dam,materialUsed,logs,Bailey's Dam
Bailey's Dam,materialUsed,rocks,Bailey's Dam
Bailey's Dam,materialUsed,cotton bales,Bailey's Dam
Bailey's Dam,significance,enabled Union naval operations on the Red River,Bailey's Dam
Bailey's Dam,associatedWith,Red River Campaign,Bailey's Dam
Bailey's Dam,nearbyLocation,"Alexandria, Louisiana",Bailey's Dam
Otakar Šín,instanceOf,person,Otakar Šín
Otakar Šín,instanceOf,composer,Otakar Šín
Otakar Šín,instanceOf,music theorist,Otakar Šín
Otakar Šín,birthDate,1881-04-23,Otakar Šín
Otakar Šín,deathDate,1943-01-21,Otakar Šín
Otakar Šín,birthPlace,Vysoké Mýto,Otakar Šín
Otakar Šín,deathPlace,Prague,Otakar Šín
Otakar Šín,nationality,Czech,Otakar Šín
Otakar Šín,occupation,composer,Otakar Šín
Otakar Šín,occupation,music theorist,Otakar Šín
Otakar Šín,occupation,music educator,Otakar Šín
Otakar Šín,fieldOfWork,music theory,Otakar Šín
Otakar Šín,fieldOfWork,composition,Otakar Šín
Otakar Šín,notableWork,Harmonie v moderní hudbě,Otakar Šín
Otakar Šín,notableWork,Učebnice harmonie,Otakar Šín
Otakar Šín,notableWork,Skladby pro klavír,Otakar Šín
Otakar Šín,award,State Prize for Music (Czechoslovakia),Otakar Šín
Otakar Šín,educatedAt,Prague Conservatory,Otakar Šín
Otakar Šín,influencedBy,Vítězslav Novák,Otakar Šín
Otakar Šín,influencedBy,Josef Suk,Otakar Šín
Otakar Šín,teacherOf,Alois Hába,Otakar Šín
Otakar Šín,teacherOf,Jaroslav Řídký,Otakar Šín
Otakar Šín,affiliation,Prague Conservatory,Otakar Šín
Otakar Šín,genre,classical music,Otakar Šín
Otakar Šín,movement,Czech modernism,Otakar Šín
Gordon Jackson Rees,instanceOf,human,Gordon Jackson Rees
Gordon Jackson Rees,instanceOf,physician,Gordon Jackson Rees
Gordon Jackson Rees,instanceOf,anesthesiologist,Gordon Jackson Rees
Gordon Jackson Rees,dateOfBirth,1918-01-18,Gordon Jackson Rees
Gordon Jackson Rees,dateOfDeath,2001-09-19,Gordon Jackson Rees
Gordon Jackson Rees,placeOfBirth,Swansea,Gordon Jackson Rees
Gordon Jackson Rees,placeOfBirth,Wales,Gordon Jackson Rees
Gordon Jackson Rees,placeOfDeath,Oxford,Gordon Jackson Rees
Gordon Jackson Rees,placeOfDeath,England,Gordon Jackson Rees
Gordon Jackson Rees,nationality,British,Gordon Jackson Rees
Gordon Jackson Rees,fieldOfWork,anesthesiology,Gordon Jackson Rees
Gordon Jackson Rees,fieldOfWork,pediatric anesthesia,Gordon Jackson Rees
Gordon Jackson Rees,almaMater,University of Cambridge,Gordon Jackson Rees
Gordon Jackson Rees,almaMater,University of Oxford,Gordon Jackson Rees
Gordon Jackson Rees,occupation,physician,Gordon Jackson Rees
Gordon Jackson Rees,occupation,researcher,Gordon Jackson Rees
Gordon Jackson Rees,knownFor,pioneering work in pediatric anesthesia,Gordon Jackson Rees
Gordon Jackson Rees,knownFor,development of the Jackson-Rees modification of the Ayre's T-piece,Gordon Jackson Rees
Gordon Jackson Rees,awardReceived,Fellow of the Royal College of Anaesthetists (FRCA),Gordon Jackson Rees
Gordon Jackson Rees,awardReceived,Honorary Fellow of the Association of Anaesthetists of Great Britain and Ireland,Gordon Jackson Rees
Gordon Jackson Rees,employer,Great Ormond Street Hospital,Gordon Jackson Rees
Gordon Jackson Rees,employer,University of Oxford,Gordon Jackson Rees
Gordon Jackson Rees,hasAuthored,scientific papers on pediatric anesthesia,Gordon Jackson Rees
Gordon Jackson Rees,hasContributedTo,advancements in anesthesia techniques for children,Gordon Jackson Rees
Gordon Jackson Rees,hasCollaboratedWith,Robert MacIntosh,Gordon Jackson Rees
Gordon Jackson Rees,hasInfluenced,modern pediatric anesthesia practices,Gordon Jackson Rees
Puente Genil-Herrera railway station,instanceOf,railway station,Puente Genil-Herrera railway station
Puente Genil-Herrera railway station,locatedIn,Puente Genil,Puente Genil-Herrera railway station
Puente Genil-Herrera railway station,locatedIn,Andalusia,Puente Genil-Herrera railway station
Puente Genil-Herrera railway station,locatedIn,Spain,Puente Genil-Herrera railway station
Puente Genil-Herrera railway station,serves,Renfe Operadora,Puente Genil-Herrera railway station
Puente Genil-Herrera railway station,lineServed,Bobadilla-Málaga railway,Puente Genil-Herrera railway station
Puente Genil-Herrera railway station,coordinates,"37.3833°N, 4.7667°W",Puente Genil-Herrera railway station
Puente Genil-Herrera railway station,elevation,200 meters,Puente Genil-Herrera railway station
Puente Genil-Herrera railway station,opened,1865,Puente Genil-Herrera railway station
Puente Genil-Herrera railway station,stationCode,PGH,Puente Genil-Herrera railway station
HNoMS Otra (1939),instanceOf,minesweeper,HNoMS Otra (1939)
HNoMS Otra (1939),instanceOf,naval ship,HNoMS Otra (1939)
HNoMS Otra (1939),country,Norway,HNoMS Otra (1939)
HNoMS Otra (1939),operator,Royal Norwegian Navy,HNoMS Otra (1939)
HNoMS Otra (1939),commissioned,1939,HNoMS Otra (1939)
HNoMS Otra (1939),decommissioned,1959,HNoMS Otra (1939)
HNoMS Otra (1939),class,Otra-class minesweeper,HNoMS Otra (1939)
HNoMS Otra (1939),displacement,370 tons,HNoMS Otra (1939)
HNoMS Otra (1939),length,49.9 meters,HNoMS Otra (1939)
HNoMS Otra (1939),beam,7.5 meters,HNoMS Otra (1939)
HNoMS Otra (1939),draft,2.1 meters,HNoMS Otra (1939)
HNoMS Otra (1939),propulsion,diesel engines,HNoMS Otra (1939)
HNoMS Otra (1939),speed,14 knots,HNoMS Otra (1939)
HNoMS Otra (1939),armament,1 × 76 mm gun,HNoMS Otra (1939)
HNoMS Otra (1939),armament,2 × 20 mm anti-aircraft guns,HNoMS Otra (1939)
HNoMS Otra (1939),armament,minesweeping gear,HNoMS Otra (1939)
HNoMS Otra (1939),fate,scrapped,HNoMS Otra (1939)
HNoMS Otra (1939),partOf,Norwegian Campaign (1940),HNoMS Otra (1939)
HNoMS Otra (1939),escapedTo,United Kingdom,HNoMS Otra (1939)
HNoMS Otra (1939),servedIn,World War II,HNoMS Otra (1939)
2017 Kurdistan Region independence referendum,instanceOf,referendum,2017 Kurdistan Region independence referendum
2017 Kurdistan Region independence referendum,location,Kurdistan Region,2017 Kurdistan Region independence referendum
2017 Kurdistan Region independence referendum,country,Iraq,2017 Kurdistan Region independence referendum
2017 Kurdistan Region independence referendum,dateHeld,2017-09-25,2017 Kurdistan Region independence referendum
2017 Kurdistan Region independence referendum,organizer,Kurdistan Regional Government,2017 Kurdistan Region independence referendum
2017 Kurdistan Region independence referendum,question,Do you want the Kurdistan Region and the Kurdistani areas outside the administration of the Region to become an independent state?,2017 Kurdistan Region independence referendum
2017 Kurdistan Region independence referendum,result,92.73% in favor,2017 Kurdistan Region independence referendum
2017 Kurdistan Region independence referendum,voterTurnout,72.16%,2017 Kurdistan Region independence referendum
2017 Kurdistan Region independence referendum,followedBy,Iraqi government crackdown,2017 Kurdistan Region independence referendum
2017 Kurdistan Region independence referendum,followedBy,Kirkuk crisis,2017 Kurdistan Region independence referendum
2017 Kurdistan Region independence referendum,opposedBy,Iraqi government,2017 Kurdistan Region independence referendum
2017 Kurdistan Region independence referendum,opposedBy,Iran,2017 Kurdistan Region independence referendum
2017 Kurdistan Region independence referendum,opposedBy,Turkey,2017 Kurdistan Region independence referendum
2017 Kurdistan Region independence referendum,supportedBy,Israel,2017 Kurdistan Region independence referendum
2017 Kurdistan Region independence referendum,legalStatus,declared illegal by Iraqi Supreme Court,2017 Kurdistan Region independence referendum
2017 Kurdistan Region independence referendum,partOf,Kurdish nationalism,2017 Kurdistan Region independence referendum
2017 Kurdistan Region independence referendum,initiatedBy,Masoud Barzani,2017 Kurdistan Region independence referendum
2017 Kurdistan Region independence referendum,type,independence referendum,2017 Kurdistan Region independence referendum
2017 Kurdistan Region independence referendum,disputedAreasIncluded,Kirkuk,2017 Kurdistan Region independence referendum
2017 Kurdistan Region independence referendum,disputedAreasIncluded,Nineveh Plains,2017 Kurdistan Region independence referendum
2017 Kurdistan Region independence referendum,disputedAreasIncluded,Diyala,2017 Kurdistan Region independence referendum
2017 Kurdistan Region independence referendum,internationalReaction,condemned by United Nations,2017 Kurdistan Region independence referendum
2017 Kurdistan Region independence referendum,internationalReaction,opposed by United States,2017 Kurdistan Region independence referendum
2017 Kurdistan Region independence referendum,internationalReaction,opposed by European Union,2017 Kurdistan Region independence referendum
Cazzano di Tramigna,instanceOf,comune (municipality),Cazzano di Tramigna
Cazzano di Tramigna,locatedIn,Italy,Cazzano di Tramigna
Cazzano di Tramigna,locatedIn,Veneto,Cazzano di Tramigna
Cazzano di Tramigna,locatedIn,Province of Verona,Cazzano di Tramigna
Cazzano di Tramigna,hasPopulation,"approximately 1,500 (as of recent estimates)",Cazzano di Tramigna
Cazzano di Tramigna,hasElevation,100 meters above sea level,Cazzano di Tramigna
Cazzano di Tramigna,nearbyRiver,Tramigna,Cazzano di Tramigna
Cazzano di Tramigna,famousFor,wine production,Cazzano di Tramigna
Cazzano di Tramigna,partOf,Valpolicella wine region,Cazzano di Tramigna
Cazzano di Tramigna,hasPostalCode,37030,Cazzano di Tramigna
Cazzano di Tramigna,hasDialingCode,+39,Cazzano di Tramigna
Cazzano di Tramigna,hasWebsite,http://www.comune.cazzanoditramigna.vr.it/,Cazzano di Tramigna
Megascolides,instanceOf,genus of earthworms,Megascolides
Megascolides,taxonomicRank,genus,Megascolides
Megascolides,kingdom,Animalia,Megascolides
Megascolides,phylum,Annelida,Megascolides
Megascolides,class,Clitellata,Megascolides
Megascolides,order,Haplotaxida,Megascolides
Megascolides,family,Megascolecidae,Megascolides
Megascolides,notableSpecies,Megascolides australis,Megascolides
Megascolides australis,commonName,Giant Gippsland earthworm,Megascolides
Megascolides australis,habitat,"Gippsland region of Victoria, Australia",Megascolides
Megascolides australis,length,up to 3 meters,Megascolides
Megascolides australis,diameter,2 centimeters,Megascolides
Megascolides australis,conservationStatus,vulnerable,Megascolides
Megascolides australis,lifespan,5 to 10 years,Megascolides
Lahore Se Aagey,instanceOf,Pakistani television series,Lahore Se Aagey
Lahore Se Aagey,genre,Comedy,Lahore Se Aagey
Lahore Se Aagey,genre,Drama,Lahore Se Aagey
Lahore Se Aagey,creator,Kashif Nisar,Lahore Se Aagey
Lahore Se Aagey,director,Kashif Nisar,Lahore Se Aagey
Lahore Se Aagey,writer,Kashif Nisar,Lahore Se Aagey
Lahore Se Aagey,starring,Saba Qamar,Lahore Se Aagey
Lahore Se Aagey,starring,Yasir Hussain,Lahore Se Aagey
Lahore Se Aagey,starring,Ayesha Omar,Lahore Se Aagey
Lahore Se Aagey,starring,Fawad Khan,Lahore Se Aagey
Lahore Se Aagey,releaseDate,2016,Lahore Se Aagey
Lahore Se Aagey,originalNetwork,ARY Digital,Lahore Se Aagey
Lahore Se Aagey,language,Urdu,Lahore Se Aagey
Lahore Se Aagey,countryOfOrigin,Pakistan,Lahore Se Aagey
Lahore Se Aagey,numberOfEpisodes,13,Lahore Se Aagey
Lahore Se Aagey,theme,Social issues,Lahore Se Aagey
Lahore Se Aagey,theme,Political satire,Lahore Se Aagey
AAPG Bulletin,instanceOf,scientific journal,AAPG Bulletin
AAPG Bulletin,instanceOf,peer-reviewed journal,AAPG Bulletin
AAPL Bulletin,publishedBy,American Association of Petroleum Geologists (AAPG),AAPG Bulletin
AAPG Bulletin,field,geology,AAPG Bulletin
AAPG Bulletin,field,petroleum geology,AAPG Bulletin
AAPG Bulletin,field,energy resources,AAPG Bulletin
AAPG Bulletin,language,English,AAPG Bulletin
AAPG Bulletin,publicationFrequency,monthly,AAPG Bulletin
AAPG Bulletin,firstPublished,1917,AAPG Bulletin
AAPG Bulletin,ISSN,0149-1423,AAPG Bulletin
AAPG Bulletin,eISSN,1558-9153,AAPG Bulletin
AAPG Bulletin,website,https://pubs.geoscienceworld.org/aapgbull,AAPG Bulletin
AAPG Bulletin,indexedIn,Scopus,AAPG Bulletin
AAPG Bulletin,indexedIn,Science Citation Index Expanded (SCIE),AAPG Bulletin
AAPG Bulletin,indexedIn,GeoRef,AAPG Bulletin
AAPG Bulletin,relatedOrganization,American Association of Petroleum Geologists (AAPG),AAPG Bulletin
AAPG Bulletin,scope,"research on petroleum geology, sedimentology, stratigraphy, and structural geology",AAPG Bulletin
AAPG Bulletin,scope,exploration and production of hydrocarbons,AAPG Bulletin
AAPG Bulletin,scope,geological techniques and technologies,AAPG Bulletin
Cap-Haïtien International Airport,instanceOf,airport,Cap-Haïtien International Airport
Cap-Haïtien International Airport,locatedIn,Cap-Haïtien,Cap-Haïtien International Airport
Cap-Haïtien International Airport,locatedIn,Haiti,Cap-Haïtien International Airport
Cap-Haïtien International Airport,locatedIn,Nord Department,Cap-Haïtien International Airport
Cap-Haïtien International Airport,IATAcode,CAP,Cap-Haïtien International Airport
Cap-Haïtien International Airport,ICAOcode,MTCH,Cap-Haïtien International Airport
Cap-Haïtien International Airport,serves,Cap-Haïtien,Cap-Haïtien International Airport
Cap-Haïtien International Airport,elevation,3 meters,Cap-Haïtien International Airport
Cap-Haïtien International Airport,runwayLength,2600 meters,Cap-Haïtien International Airport
Cap-Haïtien International Airport,runwaySurface,asphalt,Cap-Haïtien International Airport
Cap-Haïtien International Airport,opened,1960s,Cap-Haïtien International Airport
Cap-Haïtien International Airport,operator,Autorité Aéroportuaire Nationale (AAN),Cap-Haïtien International Airport
Cap-Haïtien International Airport,type,international airport,Cap-Haïtien International Airport
Cap-Haïtien International Airport,coordinates,"19.7333°N, 72.1936°W",Cap-Haïtien International Airport
Cap-Haïtien International Airport,timeZone,UTC-5,Cap-Haïtien International Airport
Cap-Haïtien International Airport,servesAirlines,Sunrise Airways,Cap-Haïtien International Airport
Cap-Haïtien International Airport,servesAirlines,InterCaribbean Airways,Cap-Haïtien International Airport
Cap-Haïtien International Airport,servesDestinations,Port-au-Prince,Cap-Haïtien International Airport
Cap-Haïtien International Airport,servesDestinations,Fort Lauderdale,Cap-Haïtien International Airport
Cap-Haïtien International Airport,servesDestinations,Providenciales,Cap-Haïtien International Airport
Three on a Honeymoon (1934 film),instanceOf,film,Three on a Honeymoon (1934 film)
Three on a Honeymoon (1934 film),releaseYear,1934,Three on a Honeymoon (1934 film)
Three on a Honeymoon (1934 film),genre,comedy,Three on a Honeymoon (1934 film)
Three on a Honeymoon (1934 film),director,James W. Horne,Three on a Honeymoon (1934 film)
Three on a Honeymoon (1934 film),productionCompany,Educational Pictures,Three on a Honeymoon (1934 film)
Three on a Honeymoon (1934 film),starring,Bert Wheeler,Three on a Honeymoon (1934 film)
Three on a Honeymoon (1934 film),starring,Robert Woolsey,Three on a Honeymoon (1934 film)
Three on a Honeymoon (1934 film),countryOfOrigin,United States,Three on a Honeymoon (1934 film)
Three on a Honeymoon (1934 film),language,English,Three on a Honeymoon (1934 film)
Three on a Honeymoon (1934 film),screenplayBy,S. J. Perelman,Three on a Honeymoon (1934 film)
Three on a Honeymoon (1934 film),screenplayBy,Will B. Johnstone,Three on a Honeymoon (1934 film)
Methacrylamide,instanceOf,chemical compound,Methacrylamide
Methacrylamide,IUPAC name,2-methylprop-2-enamide,Methacrylamide
Methacrylamide,chemical formula,C4H7NO,Methacrylamide
Methacrylamide,molar mass,85.105 g/mol,Methacrylamide
Methacrylamide,CAS number,79-39-0,Methacrylamide
Methacrylamide,SMILES,CC(=C)C(=O)N,Methacrylamide
Methacrylamide,InChI,"InChI=1S/C4H7NO/c1-3(2)4(5)6/h1H2,2H3,(H2,5,6)",Methacrylamide
Methacrylamide,melting point,108–110 °C,Methacrylamide
Methacrylamide,boiling point,215 °C,Methacrylamide
Methacrylamide,solubility,soluble in water,Methacrylamide
Methacrylamide,solubility,soluble in ethanol,Methacrylamide
Methacrylamide,solubility,soluble in acetone,Methacrylamide
Methacrylamide,uses,polymer production,Methacrylamide
Methacrylamide,uses,resin synthesis,Methacrylamide
Methacrylamide,hazard,toxic if inhaled,Methacrylamide
Methacrylamide,hazard,irritant to skin and eyes,Methacrylamide
Methacrylamide,related compound,acrylamide,Methacrylamide
Methacrylamide,functional group,amide,Methacrylamide
Methacrylamide,functional group,alkene,Methacrylamide
MV Ganga Vilas,instanceOf,cruise ship,MV Ganga Vilas
MV Ganga Vilas,instanceOf,river cruise,MV Ganga Vilas
MV Ganga Vilas,operatedBy,Antara Luxury River Cruises,MV Ganga Vilas
MV Ganga Vilas,launched,2023,MV Ganga Vilas
MV Ganga Vilas,route,Varanasi to Dibrugarh,MV Ganga Vilas
MV Ganga Vilas,routeCovers,Ganges River,MV Ganga Vilas
MV Ganga Vilas,routeCovers,Brahmaputra River,MV Ganga Vilas
MV Ganga Vilas,routeCovers,Indo-Bangladesh protocol route,MV Ganga Vilas
MV Ganga Vilas,length,62 meters,MV Ganga Vilas
MV Ganga Vilas,capacity,36 passengers,MV Ganga Vilas
MV Ganga Vilas,cabins,18,MV Ganga Vilas
MV Ganga Vilas,features,luxury amenities,MV Ganga Vilas
MV Ganga Vilas,features,spa,MV Ganga Vilas
MV Ganga Vilas,features,gym,MV Ganga Vilas
MV Ganga Vilas,features,restaurant,MV Ganga Vilas
MV Ganga Vilas,features,sun deck,MV Ganga Vilas
MV Ganga Vilas,country,India,MV Ganga Vilas
MV Ganga Vilas,notableFor,world's longest river cruise,MV Ganga Vilas
MV Ganga Vilas,durationOfVoyage,51 days,MV Ganga Vilas
MV Ganga Vilas,destinations,Varanasi,MV Ganga Vilas
MV Ganga Vilas,destinations,Kolkata,MV Ganga Vilas
MV Ganga Vilas,destinations,Dhaka,MV Ganga Vilas
MV Ganga Vilas,destinations,Guwahati,MV Ganga Vilas
MV Ganga Vilas,destinations,Dibrugarh,MV Ganga Vilas
MV Ganga Vilas,destinations,Sunderbans,MV Ganga Vilas
MV Ganga Vilas,destinations,Kaziranga National Park,MV Ganga Vilas
MV Ganga Vilas,destinations,Majuli Island,MV Ganga Vilas
MV Ganga Vilas,flag,India,MV Ganga Vilas
MV Ganga Vilas,inauguratedBy,Narendra Modi,MV Ganga Vilas
MV Ganga Vilas,inaugurationDate,2023-01-13,MV Ganga Vilas
Marie-Françoise Plissart,instanceOf,human,Marie-Françoise Plissart
Marie-Françoise Plissart,instanceOf,photographer,Marie-Françoise Plissart
Marie-Françoise Plissart,instanceOf,artist,Marie-Françoise Plissart
Marie-Françoise Plissart,occupation,photographer,Marie-Françoise Plissart
Marie-Françoise Plissart,occupation,filmmaker,Marie-Françoise Plissart
Marie-Françoise Plissart,nationality,Belgian,Marie-Françoise Plissart
Marie-Françoise Plissart,birthPlace,Brussels,Marie-Françoise Plissart
Marie-Françoise Plissart,birthDate,1954,Marie-Françoise Plissart
Marie-Françoise Plissart,knownFor,photography,Marie-Françoise Plissart
Marie-Françoise Plissart,knownFor,visual storytelling,Marie-Françoise Plissart
Marie-Françoise Plissart,knownFor,collaborations with Benoît Peeters,Marie-Françoise Plissart
Marie-Françoise Plissart,collaboratedWith,Benoît Peeters,Marie-Françoise Plissart
Marie-Françoise Plissart,notableWork,Droit de regards (Right to Look),Marie-Françoise Plissart
Marie-Françoise Plissart,notableWork,Fugues,Marie-Françoise Plissart
Marie-Françoise Plissart,notableWork,"Calais, de guerre lasse",Marie-Françoise Plissart
Marie-Françoise Plissart,field,contemporary photography,Marie-Françoise Plissart
Marie-Françoise Plissart,field,graphic novels,Marie-Françoise Plissart
Marie-Françoise Plissart,award,Prix de la Critique (Belgium),Marie-Françoise Plissart
Bangalore Days,instanceOf,Film,Bangalore Days
Bangalore Days,director,Anjali Menon,Bangalore Days
Bangalore Days,screenplayBy,Anjali Menon,Bangalore Days
Bangalore Days,releaseDate,2014-05-30,Bangalore Days
Bangalore Days,countryOfOrigin,India,Bangalore Days
Bangalore Days,language,Malayalam,Bangalore Days
Bangalore Days,genre,Drama,Bangalore Days
Bangalore Days,genre,Comedy,Bangalore Days
Bangalore Days,genre,Romance,Bangalore Days
Bangalore Days,productionCompany,Anwar Rasheed Entertainments,Bangalore Days
Bangalore Days,productionCompany,Working Class Hero,Bangalore Days
Bangalore Days,starring,Nazriya Nazim,Bangalore Days
Bangalore Days,starring,Nivin Pauly,Bangalore Days
Bangalore Days,starring,Dulquer Salmaan,Bangalore Days
Bangalore Days,starring,Fahadh Faasil,Bangalore Days
Bangalore Days,starring,Parvathy Thiruvothu,Bangalore Days
Bangalore Days,musicBy,Gopi Sundar,Bangalore Days
Bangalore Days,cinematographyBy,Jomon T. John,Bangalore Days
Bangalore Days,editedBy,Rajesh G. Pandiyarajan,Bangalore Days
Bangalore Days,basedOn,Life in Bangalore,Bangalore Days
Bangalore Days,award,Kerala State Film Award for Best Popular Film,Bangalore Days
Bangalore Days,boxOffice,Blockbuster,Bangalore Days
Bangalore Days,runtime,171 minutes,Bangalore Days
Sphingomonas haloaromaticamans,instanceOf,bacterium,Sphingomonas haloaromaticamans
Sphingomonas haloaromaticamans,domain,Bacteria,Sphingomonas haloaromaticamans
Sphingomonas haloaromaticamans,phylum,Proteobacteria,Sphingomonas haloaromaticamans
Sphingomonas haloaromaticamans,class,Alphaproteobacteria,Sphingomonas haloaromaticamans
Sphingomonas haloaromaticamans,order,Sphingomonadales,Sphingomonas haloaromaticamans
Sphingomonas haloaromaticamans,family,Sphingomonadaceae,Sphingomonas haloaromaticamans
Sphingomonas haloaromaticamans,genus,Sphingomonas,Sphingomonas haloaromaticamans
Sphingomonas haloaromaticamans,discoveredIn,contaminated soil,Sphingomonas haloaromaticamans
Sphingomonas haloaromaticamans,knownFor,degrading aromatic compounds,Sphingomonas haloaromaticamans
Sphingomonas haloaromaticamans,gramStain,negative,Sphingomonas haloaromaticamans
Sphingomonas haloaromaticamans,shape,rod-shaped,Sphingomonas haloaromaticamans
Sphingomonas haloaromaticamans,oxygenRequirement,aerobic,Sphingomonas haloaromaticamans
Sphingomonas haloaromaticamans,motility,motile,Sphingomonas haloaromaticamans
Sphingomonas haloaromaticamans,habitat,soil,Sphingomonas haloaromaticamans
Sphingomonas haloaromaticamans,habitat,water,Sphingomonas haloaromaticamans
2016–17 Segona Divisió,instanceOf,football league season,2016–17 Segona Divisió
2016–17 Segona Divisió,partOf,Andorran football league system,2016–17 Segona Divisió
2016–17 Segona Divisió,country,Andorra,2016–17 Segona Divisió
2016–17 Segona Divisió,sport,association football,2016–17 Segona Divisió
2016–17 Segona Divisió,level,2,2016–17 Segona Divisió
2016–17 Segona Divisió,seasonOf,Segona Divisió,2016–17 Segona Divisió
2016–17 Segona Divisió,startDate,2016-09-18,2016–17 Segona Divisió
2016–17 Segona Divisió,endDate,2017-05-07,2016–17 Segona Divisió
2016–17 Segona Divisió,numberOfTeams,10,2016–17 Segona Divisió
2016–17 Segona Divisió,champion,Inter Club d'Escaldes,2016–17 Segona Divisió
2016–17 Segona Divisió,promotedTeam,Inter Club d'Escaldes,2016–17 Segona Divisió
2016–17 Segona Divisió,promotedTeam,FC Encamp,2016–17 Segona Divisió
2016–17 Segona Divisió,topScorer,Luís Miguel dos Reis (Inter Club d'Escaldes),2016–17 Segona Divisió
2016–17 Segona Divisió,topScorerGoals,22,2016–17 Segona Divisió
Airdrieonians F.C.,instanceOf,football club,Airdrieonians F.C.
Airdrieonians F.C.,instanceOf,sports team,Airdrieonians F.C.
Airdrieonians F.C.,location,"Airdrie, Scotland",Airdrieonians F.C.
Airdrieonians F.C.,founded,1878,Airdrieonians F.C.
Airdrieonians F.C.,dissolved,2002,Airdrieonians F.C.
Airdrieonians F.C.,reformed,2002,Airdrieonians F.C.
Airdrieonians F.C.,nickname,The Diamonds,Airdrieonians F.C.
Airdrieonians F.C.,homeStadium,Excelsior Stadium,Airdrieonians F.C.
Airdrieonians F.C.,capacity,10101,Airdrieonians F.C.
Airdrieonians F.C.,league,Scottish Championship,Airdrieonians F.C.
Airdrieonians F.C.,league,Scottish Professional Football League,Airdrieonians F.C.
Airdrieonians F.C.,manager,Rhys McCabe,Airdrieonians F.C.
Airdrieonians F.C.,owner,Airdrieonians Supporters' Trust,Airdrieonians F.C.
Airdrieonians F.C.,previousName,Airdrie United,Airdrieonians F.C.
Airdrieonians F.C.,previousName,Airdrieonians (1878),Airdrieonians F.C.
Airdrieonians F.C.,rival,Albion Rovers,Airdrieonians F.C.
Airdrieonians F.C.,rival,Clyde F.C.,Airdrieonians F.C.
Airdrieonians F.C.,highestLeagueFinish,"2nd (Scottish Premier League, 1994–95)",Airdrieonians F.C.
Airdrieonians F.C.,notableAchievement,"Scottish Challenge Cup winners (2001–02, 2008–09)",Airdrieonians F.C.
Airdrieonians F.C.,notableAchievement,Scottish Second Division champions (2003–04),Airdrieonians F.C.
Airdrieonians F.C.,website,https://www.airdrieoniansfc.com/,Airdrieonians F.C.
Airdrieonians F.C.,socialMedia,Twitter: @AirdrieoniansFC,Airdrieonians F.C.
Airdrieonians F.C.,socialMedia,Facebook: Airdrieonians FC,Airdrieonians F.C.
Airdrieonians F.C.,colours,white and red,Airdrieonians F.C.
Airdrieonians F.C.,mascot,Diamond the Dog,Airdrieonians F.C.
Airdrieonians F.C.,affiliatedLeague,Scottish Football Association,Airdrieonians F.C.
Airdrieonians F.C.,currentSeason,2023–24,Airdrieonians F.C.
Westworld season 3,instanceOf,television season,Westworld season 3
Westworld season 3,partOf,Westworld,Westworld season 3
Westworld season 3,follows,Westworld season 2,Westworld season 3
Westworld season 3,precedes,Westworld season 4,Westworld season 3
Westworld season 3,releaseDate,2020-03-15,Westworld season 3
Westworld season 3,numberOfEpisodes,8,Westworld season 3
Westworld season 3,createdBy,Jonathan Nolan,Westworld season 3
Westworld season 3,createdBy,Lisa Joy,Westworld season 3
Westworld season 3,starring,Evan Rachel Wood,Westworld season 3
Westworld season 3,starring,Thandiwe Newton,Westworld season 3
Westworld season 3,starring,Jeffrey Wright,Westworld season 3
Westworld season 3,starring,Tessa Thompson,Westworld season 3
Westworld season 3,starring,Aaron Paul,Westworld season 3
Westworld season 3,genre,science fiction,Westworld season 3
Westworld season 3,genre,drama,Westworld season 3
Westworld season 3,genre,thriller,Westworld season 3
Westworld season 3,network,HBO,Westworld season 3
Westworld season 3,executiveProducer,J.J. Abrams,Westworld season 3
Westworld season 3,executiveProducer,Jonathan Nolan,Westworld season 3
Westworld season 3,executiveProducer,Lisa Joy,Westworld season 3
Westworld season 3,productionCompany,Kilter Films,Westworld season 3
Westworld season 3,productionCompany,Bad Robot Productions,Westworld season 3
Westworld season 3,productionCompany,Warner Bros. Television,Westworld season 3
Westworld season 3,setIn,futuristic Los Angeles,Westworld season 3
Westworld season 3,setIn,futuristic Singapore,Westworld season 3
Westworld season 3,themeMusicBy,Ramin Djawadi,Westworld season 3
Westworld season 3,cinematographyBy,Paul Cameron,Westworld season 3
Westworld season 3,editedBy,Mark Yoshikawa,Westworld season 3
Westworld season 3,countryOfOrigin,United States,Westworld season 3
Westworld season 3,language,English,Westworld season 3
Westworld season 3,receivedAward,Primetime Emmy Award for Outstanding Sound Editing,Westworld season 3
Westworld season 3,receivedNomination,Primetime Emmy Award for Outstanding Sound Mixing,Westworld season 3
Westworld season 3,receivedNomination,Primetime Emmy Award for Outstanding Special Visual Effects,Westworld season 3
Dol pri Šmarju,instanceOf,village,Dol pri Šmarju
Dol pri Šmarju,locatedIn,Slovenia,Dol pri Šmarju
Dol pri Šmarju,locatedIn,Central Slovenia,Dol pri Šmarju
Dol pri Šmarju,locatedIn,Municipality of Grosuplje,Dol pri Šmarju
Dol pri Šmarju,nearbySettlement,Šmarje-Sap,Dol pri Šmarju
Dol pri Šmarju,nearbySettlement,Grosuplje,Dol pri Šmarju
Dol pri Šmarju,population,approximately 100 (as of recent estimates),Dol pri Šmarju
Dol pri Šmarju,postalCode,1290,Dol pri Šmarju
Kimi ga Iru Kara (Sayuri Sugawara song),instanceOf,song,Kimi ga Iru Kara (Sayuri Sugawara song)
Kimi ga Iru Kara (Sayuri Sugawara song),artist,Sayuri Sugawara,Kimi ga Iru Kara (Sayuri Sugawara song)
Kimi ga Iru Kara (Sayuri Sugawara song),releaseDate,2011-05-25,Kimi ga Iru Kara (Sayuri Sugawara song)
Kimi ga Iru Kara (Sayuri Sugawara song),album,Kimi ga Iru Kara,Kimi ga Iru Kara (Sayuri Sugawara song)
Kimi ga Iru Kara (Sayuri Sugawara song),genre,J-pop,Kimi ga Iru Kara (Sayuri Sugawara song)
Kimi ga Iru Kara (Sayuri Sugawara song),composer,Sayuri Sugawara,Kimi ga Iru Kara (Sayuri Sugawara song)
Kimi ga Iru Kara (Sayuri Sugawara song),lyricist,Sayuri Sugawara,Kimi ga Iru Kara (Sayuri Sugawara song)
Kimi ga Iru Kara (Sayuri Sugawara song),label,Sony Music Records,Kimi ga Iru Kara (Sayuri Sugawara song)
Kimi ga Iru Kara (Sayuri Sugawara song),language,Japanese,Kimi ga Iru Kara (Sayuri Sugawara song)
Kimi ga Iru Kara (Sayuri Sugawara song),duration,5:03,Kimi ga Iru Kara (Sayuri Sugawara song)
Kimi ga Iru Kara (Sayuri Sugawara song),theme,encouragement,Kimi ga Iru Kara (Sayuri Sugawara song)
Kimi ga Iru Kara (Sayuri Sugawara song),usedIn,anime 'Naruto Shippuden' ending theme,Kimi ga Iru Kara (Sayuri Sugawara song)
Bopyridae,instanceOf,family of crustaceans,Bopyridae
Bopyridae,taxonomicRank,family,Bopyridae
Bopyridae,partOf,Isopoda,Bopyridae
Bopyridae,partOf,Crustacea,Bopyridae
Bopyridae,lifestyle,parasitic,Bopyridae
Bopyridae,host,decapod crustaceans,Bopyridae
Bopyridae,host,shrimp,Bopyridae
Bopyridae,host,crabs,Bopyridae
Bopyridae,habitat,marine environments,Bopyridae
Bopyridae,notableFeature,sexual dimorphism,Bopyridae
Bopyridae,notableFeature,asymmetrical body shape,Bopyridae
Bopyridae,reproduction,sexual,Bopyridae
Bopyridae,development,indirect (larval stages),Bopyridae
Bopyridae,synonym,Bopyrinae,Bopyridae
Bopyridae,firstDescribedBy,Rafinesque,Bopyridae
Bopyridae,yearDescribed,1815,Bopyridae
Inca finch,instanceOf,species,Inca finch
Inca finch,scientificName,Incaspiza pulchra,Inca finch
Inca finch,family,Thraupidae,Inca finch
Inca finch,order,Passeriformes,Inca finch
Inca finch,genus,Incaspiza,Inca finch
Inca finch,habitat,arid montane scrub,Inca finch
Inca finch,nativeTo,Peru,Inca finch
Inca finch,conservationStatus,Least Concern,Inca finch
Inca finch,diet,seeds,Inca finch
Inca finch,diet,insects,Inca finch
Inca finch,distinctiveFeature,gray head with black mask,Inca finch
Inca finch,distinctiveFeature,rufous back and wings,Inca finch
Inca finch,size,approximately 15 cm in length,Inca finch
2021 NCAA Division I baseball tournament,instanceOf,NCAA Division I baseball tournament,2021 NCAA Division I baseball tournament
2021 NCAA Division I baseball tournament,instanceOf,sports tournament,2021 NCAA Division I baseball tournament
2021 NCAA Division I baseball tournament,sport,baseball,2021 NCAA Division I baseball tournament
2021 NCAA Division I baseball tournament,organizer,National Collegiate Athletic Association (NCAA),2021 NCAA Division I baseball tournament
2021 NCAA Division I baseball tournament,year,2021,2021 NCAA Division I baseball tournament
2021 NCAA Division I baseball tournament,division,Division I,2021 NCAA Division I baseball tournament
2021 NCAA Division I baseball tournament,startDate,2021-06-01,2021 NCAA Division I baseball tournament
2021 NCAA Division I baseball tournament,endDate,2021-06-30,2021 NCAA Division I baseball tournament
2021 NCAA Division I baseball tournament,winner,Mississippi State Bulldogs,2021 NCAA Division I baseball tournament
2021 NCAA Division I baseball tournament,runnerUp,Vanderbilt Commodores,2021 NCAA Division I baseball tournament
2021 NCAA Division I baseball tournament,hostCity,"Omaha, Nebraska",2021 NCAA Division I baseball tournament
2021 NCAA Division I baseball tournament,venue,TD Ameritrade Park Omaha,2021 NCAA Division I baseball tournament
2021 NCAA Division I baseball tournament,numberOfTeams,64,2021 NCAA Division I baseball tournament
2021 NCAA Division I baseball tournament,mostOutstandingPlayer,Will Bednar,2021 NCAA Division I baseball tournament
2021 NCAA Division I baseball tournament,broadcastBy,ESPN,2021 NCAA Division I baseball tournament
2021 NCAA Division I baseball tournament,broadcastBy,ESPN2,2021 NCAA Division I baseball tournament
2021 NCAA Division I baseball tournament,broadcastBy,SEC Network,2021 NCAA Division I baseball tournament
2021 NCAA Division I baseball tournament,notableParticipant,Mississippi State Bulldogs,2021 NCAA Division I baseball tournament
2021 NCAA Division I baseball tournament,notableParticipant,Vanderbilt Commodores,2021 NCAA Division I baseball tournament
2021 NCAA Division I baseball tournament,notableParticipant,Texas Tech Red Raiders,2021 NCAA Division I baseball tournament
2021 NCAA Division I baseball tournament,notableParticipant,Arizona Wildcats,2021 NCAA Division I baseball tournament
2021 NCAA Division I baseball tournament,notableParticipant,Tennessee Volunteers,2021 NCAA Division I baseball tournament
2021 NCAA Division I baseball tournament,previousEvent,2019 NCAA Division I baseball tournament,2021 NCAA Division I baseball tournament
2021 NCAA Division I baseball tournament,nextEvent,2022 NCAA Division I baseball tournament,2021 NCAA Division I baseball tournament
Hugh Scott (architect),instanceOf,architect,Hugh Scott (architect)
Hugh Scott (architect),instanceOf,person,Hugh Scott (architect)
Hugh Scott (architect),occupation,architect,Hugh Scott (architect)
Hugh Scott (architect),nationality,British,Hugh Scott (architect)
Hugh Scott (architect),birthDate,1874,Hugh Scott (architect)
Hugh Scott (architect),deathDate,1940,Hugh Scott (architect)
Hugh Scott (architect),notableWork,"St. Mary's Cathedral, Edinburgh",Hugh Scott (architect)
Hugh Scott (architect),notableWork,"St. Patrick's Church, Edinburgh",Hugh Scott (architect)
Hugh Scott (architect),notableWork,"St. Ninian's Cathedral, Perth",Hugh Scott (architect)
Hugh Scott (architect),education,University of Edinburgh,Hugh Scott (architect)
Hugh Scott (architect),architecturalStyle,Gothic Revival,Hugh Scott (architect)
Hugh Scott (architect),architecturalStyle,Romanesque Revival,Hugh Scott (architect)
Hugh Scott (architect),award,RIBA Gold Medal,Hugh Scott (architect)
Hugh Scott (architect),awardYear,1929,Hugh Scott (architect)
Hugh Scott (architect),influencedBy,George Gilbert Scott,Hugh Scott (architect)
Hugh Scott (architect),influencedBy,Augustus Pugin,Hugh Scott (architect)
Hugh Scott (architect),collaboratedWith,John More Dick Peddie,Hugh Scott (architect)
Hugh Scott (architect),firm,Scott & Peddie,Hugh Scott (architect)
Hugh Scott (architect),location,"Edinburgh, Scotland",Hugh Scott (architect)
"St. Mary's Cathedral, Edinburgh",architect,Hugh Scott (architect),Hugh Scott (architect)
"St. Patrick's Church, Edinburgh",architect,Hugh Scott (architect),Hugh Scott (architect)
"St. Ninian's Cathedral, Perth",architect,Hugh Scott (architect),Hugh Scott (architect)
1950 Dutch Grand Prix,instanceOf,Formula One race,1950 Dutch Grand Prix
1950 Dutch Grand Prix,partOf,1950 Formula One World Championship,1950 Dutch Grand Prix
1950 Dutch Grand Prix,date,1950-07-23,1950 Dutch Grand Prix
1950 Dutch Grand Prix,location,Circuit Zandvoort,1950 Dutch Grand Prix
1950 Dutch Grand Prix,winner,Louis Rosier,1950 Dutch Grand Prix
1950 Dutch Grand Prix,winningConstructor,Talbot-Lago,1950 Dutch Grand Prix
1950 Dutch Grand Prix,polePosition,Raymond Sommer,1950 Dutch Grand Prix
1950 Dutch Grand Prix,fastestLap,Raymond Sommer,1950 Dutch Grand Prix
1950 Dutch Grand Prix,laps,90,1950 Dutch Grand Prix
1950 Dutch Grand Prix,distance,377.37 km,1950 Dutch Grand Prix
1950 Dutch Grand Prix,previousEvent,1950 Belgian Grand Prix,1950 Dutch Grand Prix
1950 Dutch Grand Prix,nextEvent,1950 Italian Grand Prix,1950 Dutch Grand Prix
1950 Dutch Grand Prix,attendance,"Approximately 100,000",1950 Dutch Grand Prix
1950 Dutch Grand Prix,organizer,Royal Dutch Motorcycle Association (KNMV),1950 Dutch Grand Prix
Stalag V-A,instanceOf,prisoner-of-war camp,Stalag V-A
Stalag V-A,location,"Ludwigsburg, Germany",Stalag V-A
Stalag V-A,operatedBy,Nazi Germany,Stalag V-A
Stalag V-A,established,1939,Stalag V-A
Stalag V-A,dissolved,1945,Stalag V-A
Stalag V-A,heldPrisonersFrom,France,Stalag V-A
Stalag V-A,heldPrisonersFrom,Poland,Stalag V-A
Stalag V-A,heldPrisonersFrom,Soviet Union,Stalag V-A
Stalag V-A,heldPrisonersFrom,United Kingdom,Stalag V-A
Stalag V-A,heldPrisonersFrom,United States,Stalag V-A
Stalag V-A,partOf,Stalag V,Stalag V-A
Stalag V-A,notablePrisoner,Kurt Vonnegut,Stalag V-A
Stalag V-A,associatedWith,World War II,Stalag V-A
Stalag V-A,type,Stalag,Stalag V-A
Microcotyle tampicensis,instanceOf,species,Microcotyle tampicensis
Microcotyle tampicensis,instanceOf,monogenean flatworm,Microcotyle tampicensis
Microcotyle tampicensis,kingdom,Animalia,Microcotyle tampicensis
Microcotyle tampicensis,phylum,Platyhelminthes,Microcotyle tampicensis
Microcotyle tampicensis,class,Monogenea,Microcotyle tampicensis
Microcotyle tampicensis,order,Polyopisthocotylea,Microcotyle tampicensis
Microcotyle tampicensis,family,Microcotylidae,Microcotyle tampicensis
Microcotyle tampicensis,genus,Microcotyle,Microcotyle tampicensis
Microcotyle tampicensis,host,marine fish,Microcotyle tampicensis
Microcotyle tampicensis,habitat,gills of fish,Microcotyle tampicensis
Microcotyle tampicensis,discoveredIn,Gulf of Mexico,Microcotyle tampicensis
Microcotyle tampicensis,parasiticOn,Teleostei,Microcotyle tampicensis
Microcotyle tampicensis,reproduction,sexual,Microcotyle tampicensis
Microcotyle tampicensis,lifeCycle,direct (no intermediate host),Microcotyle tampicensis
Maeba (album),instanceOf,music album,Maeba (album)
Maeba (album),artist,Rina Sawayama,Maeba (album)
Maeba (album),releaseDate,2023-06-02,Maeba (album)
Maeba (album),recordLabel,Dirty Hit,Maeba (album)
Maeba (album),genre,pop,Maeba (album)
Maeba (album),genre,hyperpop,Maeba (album)
Maeba (album),genre,electropop,Maeba (album)
Maeba (album),producer,Clarence Clarity,Maeba (album)
Maeba (album),producer,Rina Sawayama,Maeba (album)
Maeba (album),producer,Stuart Price,Maeba (album)
Maeba (album),producer,Paul Epworth,Maeba (album)
Maeba (album),trackCount,12,Maeba (album)
Maeba (album),language,English,Maeba (album)
Maeba (album),precededBy,Hold the Girl,Maeba (album)
Maeba (album),followedBy,TBA,Maeba (album)
Maeba (album),containsTrack,Minor Feelings,Maeba (album)
Maeba (album),containsTrack,This Hell,Maeba (album)
Maeba (album),containsTrack,Hold the Girl,Maeba (album)
Maeba (album),containsTrack,Catch Me in the Air,Maeba (album)
Maeba (album),containsTrack,Forgiveness,Maeba (album)
Maeba (album),containsTrack,Holy (Til You Let Me Go),Maeba (album)
Maeba (album),containsTrack,Your Age,Maeba (album)
Maeba (album),containsTrack,Imagining,Maeba (album)
Maeba (album),containsTrack,Frankenstein,Maeba (album)
Maeba (album),containsTrack,Hurricanes,Maeba (album)
Maeba (album),containsTrack,Send My Love to John,Maeba (album)
Maeba (album),containsTrack,Phantom,Maeba (album)
Maeba (album),containsTrack,To Be Alive,Maeba (album)
Filip Brattbakk,instanceOf,Person,Filip Brattbakk
Filip Brattbakk,instanceOf,Footballer,Filip Brattbakk
Filip Brattbakk,dateOfBirth,1996-05-15,Filip Brattbakk
Filip Brattbakk,placeOfBirth,Trondheim,Filip Brattbakk
Filip Brattbakk,countryOfBirth,Norway,Filip Brattbakk
Filip Brattbakk,positionPlayed,Forward,Filip Brattbakk
Filip Brattbakk,currentClub,Rosenborg BK,Filip Brattbakk
Filip Brattbakk,clubNumber,11,Filip Brattbakk
Filip Brattbakk,previousClub,Ranheim Fotball,Filip Brattbakk
Filip Brattbakk,previousClub,Kristiansund BK,Filip Brattbakk
Filip Brattbakk,league,Eliteserien,Filip Brattbakk
Filip Brattbakk,nationality,Norwegian,Filip Brattbakk
Filip Brattbakk,height,1.85 m,Filip Brattbakk
So Fine (film),instanceOf,film,So Fine (film)
So Fine (film),releaseYear,1981,So Fine (film)
So Fine (film),genre,comedy,So Fine (film)
So Fine (film),genre,romance,So Fine (film)
So Fine (film),director,Andrew Bergman,So Fine (film)
So Fine (film),screenplayBy,Andrew Bergman,So Fine (film)
So Fine (film),starring,Ryan O'Neal,So Fine (film)
So Fine (film),starring,Jack Warden,So Fine (film)
So Fine (film),starring,Mariangela Melato,So Fine (film)
So Fine (film),starring,Richard Kiel,So Fine (film)
So Fine (film),producer,Mike Lobell,So Fine (film)
So Fine (film),productionCompany,Warner Bros.,So Fine (film)
So Fine (film),countryOfOrigin,United States,So Fine (film)
So Fine (film),language,English,So Fine (film)
So Fine (film),runtimeMinutes,91,So Fine (film)
So Fine (film),basedOn,original screenplay,So Fine (film)
So Fine (film),musicBy,Ennio Morricone,So Fine (film)
So Fine (film),cinematographyBy,James A. Contner,So Fine (film)
So Fine (film),editedBy,Alan Heim,So Fine (film)
Replay (Zendaya song),instanceOf,song,Replay (Zendaya song)
Replay (Zendaya song),artist,Zendaya,Replay (Zendaya song)
Replay (Zendaya song),album,Zendaya,Replay (Zendaya song)
Replay (Zendaya song),releaseDate,2009-07-15,Replay (Zendaya song)
Replay (Zendaya song),genre,Pop,Replay (Zendaya song)
Replay (Zendaya song),genre,R&B,Replay (Zendaya song)
Replay (Zendaya song),composer,Zendaya,Replay (Zendaya song)
Replay (Zendaya song),composer,Paul Shelton,Replay (Zendaya song)
Replay (Zendaya song),composer,Tiffany Fred,Replay (Zendaya song)
Replay (Zendaya song),producer,Tiffany Fred,Replay (Zendaya song)
Replay (Zendaya song),producer,Paul Shelton,Replay (Zendaya song)
Replay (Zendaya song),label,Hollywood Records,Replay (Zendaya song)
Replay (Zendaya song),duration,3:29,Replay (Zendaya song)
Replay (Zendaya song),language,English,Replay (Zendaya song)
Replay (Zendaya song),chartPerformance,Billboard Hot 100 (Peak: 56),Replay (Zendaya song)
Replay (Zendaya song),chartPerformance,Billboard Heatseekers Songs (Peak: 2),Replay (Zendaya song)
Replay (Zendaya song),writtenBy,Zendaya,Replay (Zendaya song)
Replay (Zendaya song),writtenBy,Paul Shelton,Replay (Zendaya song)
Replay (Zendaya song),writtenBy,Tiffany Fred,Replay (Zendaya song)
Replay (Zendaya song),musicVideoDirector,Colin Tilley,Replay (Zendaya song)
Replay (Zendaya song),awardNomination,Radio Disney Music Award for Best Crush Song (2010),Replay (Zendaya song)
Dushdi Mala Medal,instanceOf,military decoration,Dushdi Mala Medal
Dushdi Mala Medal,country,Thailand,Dushdi Mala Medal
Dushdi Mala Medal,established,1882,Dushdi Mala Medal
Dushdi Mala Medal,awardedFor,distinguished military service,Dushdi Mala Medal
Dushdi Mala Medal,awardedFor,civilian service to the monarchy,Dushdi Mala Medal
Dushdi Mala Medal,namedAfter,King Chulalongkorn (Rama V),Dushdi Mala Medal
Dushdi Mala Medal,type,medal,Dushdi Mala Medal
Dushdi Mala Medal,precedence,high-ranking Thai decoration,Dushdi Mala Medal
Dushdi Mala Medal,classes,civil class,Dushdi Mala Medal
Dushdi Mala Medal,classes,military class,Dushdi Mala Medal
Dushdi Mala Medal,ribbonColor,red with white edges,Dushdi Mala Medal
Dushdi Mala Medal,associatedWith,Order of the White Elephant,Dushdi Mala Medal
Dushdi Mala Medal,associatedWith,Order of the Crown of Thailand,Dushdi Mala Medal
East Nottingham Friends Meetinghouse,instanceOf,Quaker meetinghouse,East Nottingham Friends Meetinghouse
East Nottingham Friends Meetinghouse,instanceOf,historic building,East Nottingham Friends Meetinghouse
East Nottingham Friends Meetinghouse,locatedIn,"Nottingham Township, Pennsylvania",East Nottingham Friends Meetinghouse
East Nottingham Friends Meetinghouse,locatedIn,"Chester County, Pennsylvania",East Nottingham Friends Meetinghouse
East Nottingham Friends Meetinghouse,locatedIn,United States,East Nottingham Friends Meetinghouse
East Nottingham Friends Meetinghouse,established,1724,East Nottingham Friends Meetinghouse
East Nottingham Friends Meetinghouse,denomination,Religious Society of Friends (Quakers),East Nottingham Friends Meetinghouse
East Nottingham Friends Meetinghouse,architecturalStyle,Colonial,East Nottingham Friends Meetinghouse
East Nottingham Friends Meetinghouse,listedOn,National Register of Historic Places,East Nottingham Friends Meetinghouse
East Nottingham Friends Meetinghouse,NRHPReferenceNumber,73001596,East Nottingham Friends Meetinghouse
East Nottingham Friends Meetinghouse,associatedWith,William Penn,East Nottingham Friends Meetinghouse
East Nottingham Friends Meetinghouse,associatedWith,Quakerism in Pennsylvania,East Nottingham Friends Meetinghouse
East Nottingham Friends Meetinghouse,currentStatus,active,East Nottingham Friends Meetinghouse
East Nottingham Friends Meetinghouse,usedFor,religious services,East Nottingham Friends Meetinghouse
East Nottingham Friends Meetinghouse,usedFor,community gatherings,East Nottingham Friends Meetinghouse
East Nottingham Friends Meetinghouse,hasFeature,burial ground,East Nottingham Friends Meetinghouse
East Nottingham Friends Meetinghouse,hasFeature,separate men's and women's entrances,East Nottingham Friends Meetinghouse
BMD-4,instanceOf,Infantry fighting vehicle,BMD-4
BMD-4,instanceOf,Military vehicle,BMD-4
BMD-4,manufacturer,Kurganmashzavod,BMD-4
BMD-4,countryOfOrigin,Russia,BMD-4
BMD-4,introduced,2004,BMD-4
BMD-4,weight,13600 kg,BMD-4
BMD-4,length,6.51 m,BMD-4
BMD-4,width,3.13 m,BMD-4
BMD-4,height,2.17 m,BMD-4
BMD-4,crew,3,BMD-4
BMD-4,passengers,5,BMD-4
BMD-4,armor,Aluminum alloy with composite armor,BMD-4
BMD-4,mainArmament,100 mm 2A70 gun-launcher,BMD-4
BMD-4,secondaryArmament,30 mm 2A72 autocannon,BMD-4
BMD-4,secondaryArmament,7.62 mm PKTM machine gun,BMD-4
BMD-4,engine,UTD-29 multi-fuel engine,BMD-4
BMD-4,enginePower,500 hp,BMD-4
BMD-4,suspension,Hydropneumatic,BMD-4
BMD-4,operationalRange,500 km,BMD-4
BMD-4,speed,70 km/h (road),BMD-4
BMD-4,speed,10 km/h (water),BMD-4
BMD-4,predecessor,BMD-3,BMD-4
BMD-4,variant,BMD-4M,BMD-4
BMD-4,usedBy,Russian Airborne Troops,BMD-4
BMD-4,amphibious,Yes,BMD-4
BMD-4,NBCProtection,Yes,BMD-4
BMD-4,fireControlSystem,Bakhcha-U,BMD-4
BMD-4,guidanceSystem,9K116-3 Basnya,BMD-4
BMD-4,missileSystem,9M117M1 Arkan,BMD-4
BMD-4,nightVision,Yes,BMD-4
BMD-4,thermalImaging,Yes,BMD-4
BMD-4,smokeGrenadeLaunchers,Yes,BMD-4
Murce-class speedboat,instanceOf,military speedboat,Murce-class speedboat
Murce-class speedboat,instanceOf,naval vessel,Murce-class speedboat
Murce-class speedboat,usedBy,Albanian Navy,Murce-class speedboat
Murce-class speedboat,manufacturer,China,Murce-class speedboat
Murce-class speedboat,type,fast attack craft,Murce-class speedboat
Murce-class speedboat,displacement,40 tons,Murce-class speedboat
Murce-class speedboat,length,21.8 meters,Murce-class speedboat
Murce-class speedboat,beam,5.5 meters,Murce-class speedboat
Murce-class speedboat,draft,1.2 meters,Murce-class speedboat
Murce-class speedboat,propulsion,diesel engines,Murce-class speedboat
Murce-class speedboat,speed,40 knots,Murce-class speedboat
Murce-class speedboat,range,500 nautical miles,Murce-class speedboat
Murce-class speedboat,armament,2 × 14.5 mm machine guns,Murce-class speedboat
Murce-class speedboat,armament,2 × 12.7 mm machine guns,Murce-class speedboat
Murce-class speedboat,armament,rocket launchers,Murce-class speedboat
Murce-class speedboat,introduced,1960s,Murce-class speedboat
Murce-class speedboat,origin,People's Republic of China,Murce-class speedboat
Murce-class speedboat,classOf,Type 025 missile boat,Murce-class speedboat
Badampudi railway station,instanceOf,railway station,Badampudi railway station
Badampudi railway station,locatedIn,Andhra Pradesh,Badampudi railway station
Badampudi railway station,locatedIn,India,Badampudi railway station
Badampudi railway station,locatedInAdministrativeDivision,East Godavari district,Badampudi railway station
Badampudi railway station,serves,Badampudi village,Badampudi railway station
Badampudi railway station,operatedBy,South Central Railway zone,Badampudi railway station
Badampudi railway station,railwayLine,Howrah-Chennai main line,Badampudi railway station
Badampudi railway station,stationCode,BPY,Badampudi railway station
Badampudi railway station,elevation,12 meters,Badampudi railway station
"Nowa Góra, Lesser Poland Voivodeship",instanceOf,village,"Nowa Góra, Lesser Poland Voivodeship"
"Nowa Góra, Lesser Poland Voivodeship",instanceOf,administrative unit,"Nowa Góra, Lesser Poland Voivodeship"
"Nowa Góra, Lesser Poland Voivodeship",locatedIn,Krzeszowice,"Nowa Góra, Lesser Poland Voivodeship"
"Nowa Góra, Lesser Poland Voivodeship",locatedIn,Kraków County,"Nowa Góra, Lesser Poland Voivodeship"
"Nowa Góra, Lesser Poland Voivodeship",locatedIn,Lesser Poland Voivodeship,"Nowa Góra, Lesser Poland Voivodeship"
"Nowa Góra, Lesser Poland Voivodeship",locatedIn,Poland,"Nowa Góra, Lesser Poland Voivodeship"
"Nowa Góra, Lesser Poland Voivodeship",country,Poland,"Nowa Góra, Lesser Poland Voivodeship"
"Nowa Góra, Lesser Poland Voivodeship",partOf,Gmina Krzeszowice,"Nowa Góra, Lesser Poland Voivodeship"
"Nowa Góra, Lesser Poland Voivodeship",coordinates,"50.1167°N, 19.6333°E","Nowa Góra, Lesser Poland Voivodeship"
"Nowa Góra, Lesser Poland Voivodeship",elevation,300 meters,"Nowa Góra, Lesser Poland Voivodeship"
"Nowa Góra, Lesser Poland Voivodeship",historicalSignificance,mining history,"Nowa Góra, Lesser Poland Voivodeship"
"Nowa Góra, Lesser Poland Voivodeship",notableFeature,Church of St. Clement,"Nowa Góra, Lesser Poland Voivodeship"
Towards Zero (TV series),instanceOf,television series,Towards Zero (TV series)
Towards Zero (TV series),basedOn,Towards Zero (novel),Towards Zero (TV series)
Towards Zero (TV series),authorOfSourceMaterial,Agatha Christie,Towards Zero (TV series)
Towards Zero (TV series),genre,mystery,Towards Zero (TV series)
Towards Zero (TV series),genre,crime drama,Towards Zero (TV series)
Towards Zero (TV series),releaseYear,2007,Towards Zero (TV series)
Towards Zero (TV series),countryOfOrigin,United Kingdom,Towards Zero (TV series)
Towards Zero (TV series),language,English,Towards Zero (TV series)
Towards Zero (TV series),director,David Grindley,Towards Zero (TV series)
Towards Zero (TV series),starring,Geraldine McEwan,Towards Zero (TV series)
Towards Zero (TV series),starring,Sophia Myles,Towards Zero (TV series)
Towards Zero (TV series),starring,Eamon Boland,Towards Zero (TV series)
Towards Zero (TV series),starring,Julian Sands,Towards Zero (TV series)
Towards Zero (TV series),network,ITV,Towards Zero (TV series)
Towards Zero (TV series),partOfSeries,Agatha Christie's Marple,Towards Zero (TV series)
Towards Zero (TV series),episodeCount,1,Towards Zero (TV series)
Towards Zero (TV series),runtime,90 minutes,Towards Zero (TV series)
Towards Zero (TV series),productionCompany,Chorion,Towards Zero (TV series)
Towards Zero (TV series),productionCompany,WGBH Boston,Towards Zero (TV series)
Bad Guy (Billie Eilish song),instanceOf,song,Bad Guy (Billie Eilish song)
Bad Guy (Billie Eilish song),artist,Billie Eilish,Bad Guy (Billie Eilish song)
Bad Guy (Billie Eilish song),album,"When We All Fall Asleep, Where Do We Go?",Bad Guy (Billie Eilish song)
Bad Guy (Billie Eilish song),releaseDate,2019-03-29,Bad Guy (Billie Eilish song)
Bad Guy (Billie Eilish song),genre,electropop,Bad Guy (Billie Eilish song)
Bad Guy (Billie Eilish song),genre,trap,Bad Guy (Billie Eilish song)
Bad Guy (Billie Eilish song),genre,pop,Bad Guy (Billie Eilish song)
Bad Guy (Billie Eilish song),composer,Billie Eilish,Bad Guy (Billie Eilish song)
Bad Guy (Billie Eilish song),composer,Finneas O'Connell,Bad Guy (Billie Eilish song)
Bad Guy (Billie Eilish song),producer,Finneas O'Connell,Bad Guy (Billie Eilish song)
Bad Guy (Billie Eilish song),label,Darkroom,Bad Guy (Billie Eilish song)
Bad Guy (Billie Eilish song),label,Interscope Records,Bad Guy (Billie Eilish song)
Bad Guy (Billie Eilish song),award,Grammy Award for Record of the Year (nominated),Bad Guy (Billie Eilish song)
Bad Guy (Billie Eilish song),award,Grammy Award for Song of the Year (nominated),Bad Guy (Billie Eilish song)
Bad Guy (Billie Eilish song),award,Grammy Award for Best Pop Solo Performance (won),Bad Guy (Billie Eilish song)
Bad Guy (Billie Eilish song),chartPerformance,Number 1 on the Billboard Hot 100,Bad Guy (Billie Eilish song)
Bad Guy (Billie Eilish song),chartPerformance,"Number 1 in multiple countries including the UK, Canada, and Australia",Bad Guy (Billie Eilish song)
Bad Guy (Billie Eilish song),lyricist,Billie Eilish,Bad Guy (Billie Eilish song)
Bad Guy (Billie Eilish song),lyricist,Finneas O'Connell,Bad Guy (Billie Eilish song)
Bad Guy (Billie Eilish song),duration,3:14,Bad Guy (Billie Eilish song)
Bad Guy (Billie Eilish song),musicVideoDirector,Dave Meyers,Bad Guy (Billie Eilish song)
Bad Guy (Billie Eilish song),certification,Platinum in multiple countries,Bad Guy (Billie Eilish song)
Bad Guy (Billie Eilish song),streamingNumbers,Billions of streams on platforms like Spotify,Bad Guy (Billie Eilish song)
Booker T (wrestler),instanceOf,professional wrestler,Booker T (wrestler)
Booker T (wrestler),instanceOf,sports entertainer,Booker T (wrestler)
Booker T (wrestler),fullName,Booker Tio Huffman,Booker T (wrestler)
Booker T (wrestler),dateOfBirth,1965-03-01,Booker T (wrestler)
Booker T (wrestler),placeOfBirth,"Houston, Texas, U.S.",Booker T (wrestler)
Booker T (wrestler),ringName,Booker T,Booker T (wrestler)
Booker T (wrestler),ringName,King Booker,Booker T (wrestler)
Booker T (wrestler),ringName,G.I. Bro,Booker T (wrestler)
Booker T (wrestler),debutYear,1989,Booker T (wrestler)
Booker T (wrestler),retiredYear,2016 (full-time),Booker T (wrestler)
Booker T (wrestler),promotion,World Wrestling Federation/Entertainment (WWF/WWE),Booker T (wrestler)
Booker T (wrestler),promotion,World Championship Wrestling (WCW),Booker T (wrestler)
Booker T (wrestler),promotion,Total Nonstop Action Wrestling (TNA),Booker T (wrestler)
Booker T (wrestler),promotion,Global Wrestling Federation (GWF),Booker T (wrestler)
Booker T (wrestler),tagTeam,Harlem Heat,Booker T (wrestler)
Booker T (wrestler),tagTeamPartner,Stevie Ray,Booker T (wrestler)
Booker T (wrestler),championship,WCW World Heavyweight Championship (4 times),Booker T (wrestler)
Booker T (wrestler),championship,WCW World Television Championship (6 times),Booker T (wrestler)
Booker T (wrestler),championship,WCW United States Heavyweight Championship (1 time),Booker T (wrestler)
Booker T (wrestler),championship,WCW World Tag Team Championship (10 times),Booker T (wrestler)
Booker T (wrestler),championship,WWE World Heavyweight Championship (1 time),Booker T (wrestler)
Booker T (wrestler),championship,WWE Intercontinental Championship (1 time),Booker T (wrestler)
Booker T (wrestler),championship,WWE United States Championship (3 times),Booker T (wrestler)
Booker T (wrestler),championship,WWE Hardcore Championship (2 times),Booker T (wrestler)
Booker T (wrestler),championship,WWE World Tag Team Championship (3 times),Booker T (wrestler)
Booker T (wrestler),championship,TNA Legends Championship (1 time),Booker T (wrestler)
Booker T (wrestler),championship,TNA World Tag Team Championship (1 time),Booker T (wrestler)
Booker T (wrestler),signatureMove,Scissors Kick,Booker T (wrestler)
Booker T (wrestler),signatureMove,Axe Kick,Booker T (wrestler)
Booker T (wrestler),signatureMove,Harlem Hangover,Booker T (wrestler)
Booker T (wrestler),finisher,Book End,Booker T (wrestler)
Booker T (wrestler),finisher,Houston Hangover,Booker T (wrestler)
Booker T (wrestler),manager,Sister Sherri,Booker T (wrestler)
Booker T (wrestler),manager,Jacqueline,Booker T (wrestler)
Booker T (wrestler),manager,Sharmell,Booker T (wrestler)
Booker T (wrestler),trainedBy,Ivan Putski,Booker T (wrestler)
Booker T (wrestler),trainedBy,Scott Casey,Booker T (wrestler)
Booker T (wrestler),trained,Stevie Ray,Booker T (wrestler)
Booker T (wrestler),royalRumbleAppearance,2001 (Winner),Booker T (wrestler)
Booker T (wrestler),royalRumbleAppearance,2002,Booker T (wrestler)
Booker T (wrestler),royalRumbleAppearance,2004,Booker T (wrestler)
Booker T (wrestler),royalRumbleAppearance,2006,Booker T (wrestler)
Booker T (wrestler),wrestleManiaAppearance,WrestleMania 17,Booker T (wrestler)
Booker T (wrestler),wrestleManiaAppearance,WrestleMania 19,Booker T (wrestler)
Booker T (wrestler),wrestleManiaAppearance,WrestleMania 20,Booker T (wrestler)
Booker T (wrestler),wrestleManiaAppearance,WrestleMania 22,Booker T (wrestler)
Booker T (wrestler),wrestleManiaAppearance,WrestleMania 23,Booker T (wrestler)
Booker T (wrestler),wrestleManiaAppearance,WrestleMania 24,Booker T (wrestler)
Booker T (wrestler),feud,Stone Cold Steve Austin,Booker T (wrestler)
Booker T (wrestler),feud,Triple H,Booker T (wrestler)
Booker T (wrestler),feud,The Rock,Booker T (wrestler)
Booker T (wrestler),feud,Goldberg,Booker T (wrestler)
Booker T (wrestler),feud,Chris Benoit,Booker T (wrestler)
Booker T (wrestler),feud,Kurt Angle,Booker T (wrestler)
Booker T (wrestler),feud,Christian,Booker T (wrestler)
Booker T (wrestler),feud,The Dudley Boyz,Booker T (wrestler)
Booker T (wrestler),feud,The New World Order (nWo),Booker T (wrestler)
Booker T (wrestler),feud,The Undertaker,Booker T (wrestler)
Booker T (wrestler),feud,Batista,Booker T (wrestler)
Booker T (wrestler),feud,John Cena,Booker T (wrestler)
Booker T (wrestler),feud,Randy Orton,Booker T (wrestler)
Booker T (wrestler),feud,Jeff Jarrett,Booker T (wrestler)
Booker T (wrestler),feud,Kevin Nash,Booker T (wrestler)
Booker T (wrestler),feud,Scott Steiner,Booker T (wrestler)
Booker T (wrestler),feud,Rob Van Dam,Booker T (wrestler)
Booker T (wrestler),feud,The Miz,Booker T (wrestler)
Booker T (wrestler),award,WCW Triple Crown Champion,Booker T (wrestler)
Booker T (wrestler),award,WWE Grand Slam Champion,Booker T (wrestler)
Booker T (wrestler),award,Pro Wrestling Illustrated (PWI) Most Improved Wrestler (1998),Booker T (wrestler)
Booker T (wrestler),award,PWI Match of the Year (2000),Booker T (wrestler)
Booker T (wrestler),award,"PWI Tag Team of the Year (1995, 1996)",Booker T (wrestler)
Booker T (wrestler),award,"Wrestling Observer Newsletter (WON) Tag Team of the Year (1995, 1996)",Booker T (wrestler)
Booker T (wrestler),award,WON Most Underrated Wrestler (2002),Booker T (wrestler)
Booker T (wrestler),award,WWE Hall of Fame (2013),Booker T (wrestler)
Booker T (wrestler),award,TNA Hall of Fame (2016),Booker T (wrestler)
Booker T (wrestler),spouse,Sharmell Sullivan-Huffman,Booker T (wrestler)
Booker T (wrestler),children,2,Booker T (wrestler)
Booker T (wrestler),occupation,commentator,Booker T (wrestler)
Booker T (wrestler),occupation,trainer,Booker T (wrestler)
Booker T (wrestler),occupation,podcast host,Booker T (wrestler)
Booker T (wrestler),podcast,Houston We Have a Podcast,Booker T (wrestler)
Booker T (wrestler),currentRole,WWE commentator (SmackDown),Booker T (wrestler)
Booker T (wrestler),currentRole,Reality of Wrestling (ROW) founder,Booker T (wrestler)
Booker T (wrestler),notableMatch,vs. Goldberg (WCW Halloween Havoc 1998),Booker T (wrestler)
Booker T (wrestler),notableMatch,vs. Jeff Jarrett (WCW Bash at the Beach 1997),Booker T (wrestler)
Booker T (wrestler),notableMatch,vs. Kevin Nash (WCW Spring Stampede 1999),Booker T (wrestler)
Booker T (wrestler),notableMatch,vs. The Rock (WWE SummerSlam 2001),Booker T (wrestler)
Booker T (wrestler),notableMatch,vs. Triple H (WWE WrestleMania 19),Booker T (wrestler)
Booker T (wrestler),notableMatch,vs. Batista (WWE No Mercy 2006),Booker T (wrestler)
Booker T (wrestler),notableMatch,vs. Christian (WWE Judgment Day 2003),Booker T (wrestler)
Booker T (wrestler),notableMatch,vs. Chris Benoit (WCW Souled Out 2000),Booker T (wrestler)
Booker T (wrestler),notableMatch,vs. Scott Steiner (WCW SuperBrawl VIII),Booker T (wrestler)
Booker T (wrestler),notableMatch,vs. Rob Van Dam (WWE One Night Stand 2006),Booker T (wrestler)
Muisca (beetle),instanceOf,genus of insects,Muisca (beetle)
Muisca (beetle),kingdom,Animalia,Muisca (beetle)
Muisca (beetle),phylum,Arthropoda,Muisca (beetle)
Muisca (beetle),class,Insecta,Muisca (beetle)
Muisca (beetle),order,Coleoptera,Muisca (beetle)
Muisca (beetle),family,Staphylinidae,Muisca (beetle)
Muisca (beetle),subfamily,Aleocharinae,Muisca (beetle)
Muisca (beetle),tribe,Hoplandriini,Muisca (beetle)
Muisca (beetle),describedBy,Pace,Muisca (beetle)
Muisca (beetle),yearDescribed,1997,Muisca (beetle)
Muisca (beetle),distribution,Colombia,Muisca (beetle)
Muisca (beetle),habitat,tropical forests,Muisca (beetle)
Lactobacillus porci,instanceOf,bacterial species,Lactobacillus porci
Lactobacillus porci,domain,Bacteria,Lactobacillus porci
Lactobacillus porci,phylum,Firmicutes,Lactobacillus porci
Lactobacillus porci,class,Bacilli,Lactobacillus porci
Lactobacillus porci,order,Lactobacillales,Lactobacillus porci
Lactobacillus porci,family,Lactobacillaceae,Lactobacillus porci
Lactobacillus porci,genus,Lactobacillus,Lactobacillus porci
Lactobacillus porci,isolatedFrom,pig gastrointestinal tract,Lactobacillus porci
Lactobacillus porci,gramStain,positive,Lactobacillus porci
Lactobacillus porci,oxygenRequirement,facultatively anaerobic,Lactobacillus porci
Lactobacillus porci,shape,rod-shaped,Lactobacillus porci
Lactobacillus porci,publicationYear,2018,Lactobacillus porci
Lactobacillus porci,discoveredBy,Zhu et al.,Lactobacillus porci
The King's Case Note,instanceOf,film,The King's Case Note
The King's Case Note,director,Moon Hyun-sung,The King's Case Note
The King's Case Note,screenplay,Park Yeon-seon,The King's Case Note
The King's Case Note,basedOn,webtoon 'The Royal Gambler',The King's Case Note
The King's Case Note,starring,Lee Sun-kyun,The King's Case Note
The King's Case Note,starring,Ahn Jae-hong,The King's Case Note
The King's Case Note,starring,Kim Hee-won,The King's Case Note
The King's Case Note,releaseDate,2017-04-26,The King's Case Note
The King's Case Note,countryOfOrigin,South Korea,The King's Case Note
The King's Case Note,language,Korean,The King's Case Note
The King's Case Note,genre,historical drama,The King's Case Note
The King's Case Note,genre,comedy,The King's Case Note
The King's Case Note,genre,mystery,The King's Case Note
The King's Case Note,productionCompany,CJ Entertainment,The King's Case Note
The King's Case Note,distributor,CJ Entertainment,The King's Case Note
The King's Case Note,runtime,112 minutes,The King's Case Note
The King's Case Note,award,Best Supporting Actor (Ahn Jae-hong) at the 54th Baeksang Arts Awards,The King's Case Note
Galboda Gnanissara Thera,instanceOf,Buddhist monk,Galboda Gnanissara Thera
Galboda Gnanissara Thera,instanceOf,Religious leader,Galboda Gnanissara Thera
Galboda Gnanissara Thera,birthName,Abeysekara Galboda Gnanissara,Galboda Gnanissara Thera
Galboda Gnanissara Thera,birthDate,1922,Galboda Gnanissara Thera
Galboda Gnanissara Thera,deathDate,2017-05-04,Galboda Gnanissara Thera
Galboda Gnanissara Thera,birthPlace,Sri Lanka,Galboda Gnanissara Thera
Galboda Gnanissara Thera,nationality,Sri Lankan,Galboda Gnanissara Thera
Galboda Gnanissara Thera,religion,Theravada Buddhism,Galboda Gnanissara Thera
Galboda Gnanissara Thera,occupation,Buddhist monk,Galboda Gnanissara Thera
Galboda Gnanissara Thera,knownFor,Spiritual leadership,Galboda Gnanissara Thera
Galboda Gnanissara Thera,knownFor,Founding Gangaramaya Temple in Colombo,Galboda Gnanissara Thera
Galboda Gnanissara Thera,positionHeld,Chief Incumbent of Gangaramaya Temple,Galboda Gnanissara Thera
Galboda Gnanissara Thera,awardReceived,"Sri Lankabhimanya (2017, posthumous)",Galboda Gnanissara Thera
Galboda Gnanissara Thera,awardReceived,Deshamanya (1986),Galboda Gnanissara Thera
Galboda Gnanissara Thera,influencedBy,Buddhist philosophy,Galboda Gnanissara Thera
Galboda Gnanissara Thera,notableWork,Gangaramaya Temple,Galboda Gnanissara Thera
Galboda Gnanissara Thera,notableWork,Seema Malaka (floating temple),Galboda Gnanissara Thera
Galboda Gnanissara Thera,affiliation,Gangaramaya Temple,Galboda Gnanissara Thera
Galboda Gnanissara Thera,affiliation,Sri Lanka Buddhist Congress,Galboda Gnanissara Thera
USS Chester T. O'Brien,instanceOf,Liberty ship,USS Chester T. O'Brien
USS Chester T. O'Brien,instanceOf,cargo ship,USS Chester T. O'Brien
USS Chester T. O'Brien,instanceOf,United States Navy ship,USS Chester T. O'Brien
USS Chester T. O'Brien,commissionedBy,United States Navy,USS Chester T. O'Brien
USS Chester T. O'Brien,launched,1943,USS Chester T. O'Brien
USS Chester T. O'Brien,decommissioned,1946,USS Chester T. O'Brien
USS Chester T. O'Brien,builtBy,Permanente Metals Corporation,USS Chester T. O'Brien
USS Chester T. O'Brien,yardNumber,571,USS Chester T. O'Brien
USS Chester T. O'Brien,homePort,various (World War II service),USS Chester T. O'Brien
USS Chester T. O'Brien,operatedIn,Pacific Theater,USS Chester T. O'Brien
USS Chester T. O'Brien,operatedIn,Atlantic Theater,USS Chester T. O'Brien
USS Chester T. O'Brien,type,EC2-S-C1,USS Chester T. O'Brien
USS Chester T. O'Brien,displacement,"14,245 tons (full load)",USS Chester T. O'Brien
USS Chester T. O'Brien,length,441 feet 6 inches (134.57 meters),USS Chester T. O'Brien
USS Chester T. O'Brien,beam,56 feet 10 inches (17.32 meters),USS Chester T. O'Brien
USS Chester T. O'Brien,draft,27 feet 9 inches (8.46 meters),USS Chester T. O'Brien
USS Chester T. O'Brien,propulsion,steam turbine,USS Chester T. O'Brien
USS Chester T. O'Brien,speed,11 knots,USS Chester T. O'Brien
USS Chester T. O'Brien,armament,1 × 4-inch (102 mm) gun,USS Chester T. O'Brien
USS Chester T. O'Brien,armament,1 × 3-inch (76 mm) gun,USS Chester T. O'Brien
USS Chester T. O'Brien,armament,8 × 20 mm Oerlikon anti-aircraft guns,USS Chester T. O'Brien
USS Chester T. O'Brien,namedAfter,Chester T. O'Brien,USS Chester T. O'Brien
USS Chester T. O'Brien,fate,sold for scrap in 1960,USS Chester T. O'Brien
Dharmapatni (1987 film),instanceOf,Film,Dharmapatni (1987 film)
Dharmapatni (1987 film),releaseYear,1987,Dharmapatni (1987 film)
Dharmapatni (1987 film),language,Telugu,Dharmapatni (1987 film)
Dharmapatni (1987 film),genre,Drama,Dharmapatni (1987 film)
Dharmapatni (1987 film),director,K. Raghavendra Rao,Dharmapatni (1987 film)
Dharmapatni (1987 film),producer,K. S. Rama Rao,Dharmapatni (1987 film)
Dharmapatni (1987 film),musicBy,Chakravarthy,Dharmapatni (1987 film)
Dharmapatni (1987 film),starring,Venkatesh,Dharmapatni (1987 film)
Dharmapatni (1987 film),starring,Bhanupriya,Dharmapatni (1987 film)
Dharmapatni (1987 film),starring,Jayasudha,Dharmapatni (1987 film)
Dharmapatni (1987 film),productionCompany,Creative Commercials,Dharmapatni (1987 film)
Dharmapatni (1987 film),basedOn,A novel by Yandamoori Veerendranath,Dharmapatni (1987 film)
Dharmapatni (1987 film),countryOfOrigin,India,Dharmapatni (1987 film)
Jerome Messam,instanceOf,Person,Jerome Messam
Jerome Messam,instanceOf,AmericanFootballPlayer,Jerome Messam
Jerome Messam,dateOfBirth,1985-04-02,Jerome Messam
Jerome Messam,placeOfBirth,North York,Jerome Messam
Jerome Messam,placeOfBirth,Ontario,Jerome Messam
Jerome Messam,placeOfBirth,Canada,Jerome Messam
Jerome Messam,positionPlayed,Running back,Jerome Messam
Jerome Messam,height,1.91 m,Jerome Messam
Jerome Messam,weight,111 kg,Jerome Messam
Jerome Messam,college,Graceland University,Jerome Messam
Jerome Messam,draftedBy,Green Bay Packers,Jerome Messam
Jerome Messam,draftYear,2010,Jerome Messam
Jerome Messam,draftRound,Undrafted,Jerome Messam
Jerome Messam,playedFor,Green Bay Packers,Jerome Messam
Jerome Messam,playedFor,Montreal Alouettes,Jerome Messam
Jerome Messam,playedFor,Edmonton Eskimos,Jerome Messam
Jerome Messam,playedFor,BC Lions,Jerome Messam
Jerome Messam,playedFor,Saskatchewan Roughriders,Jerome Messam
Jerome Messam,playedFor,Calgary Stampeders,Jerome Messam
Jerome Messam,awardReceived,Grey Cup Champion,Jerome Messam
Jerome Messam,awardYear,2011,Jerome Messam
Jerome Messam,awardReceived,CFL All-Star,Jerome Messam
Jerome Messam,awardYear,2016,Jerome Messam
Jerome Messam,awardReceived,CFL West Division All-Star,Jerome Messam
Bert Wright (cricketer),instanceOf,Person,Bert Wright (cricketer)
Bert Wright (cricketer),instanceOf,Cricketer,Bert Wright (cricketer)
Bert Wright (cricketer),fullName,Herbert Wright,Bert Wright (cricketer)
Bert Wright (cricketer),dateOfBirth,1924-05-18,Bert Wright (cricketer)
Bert Wright (cricketer),dateOfDeath,2005-01-10,Bert Wright (cricketer)
Bert Wright (cricketer),countryOfCitizenship,United Kingdom,Bert Wright (cricketer)
Bert Wright (cricketer),countryOfCitizenship,England,Bert Wright (cricketer)
Bert Wright (cricketer),sport,Cricket,Bert Wright (cricketer)
Bert Wright (cricketer),battingStyle,Right-handed,Bert Wright (cricketer)
Bert Wright (cricketer),bowlingStyle,Right-arm off break,Bert Wright (cricketer)
Bert Wright (cricketer),playedFor,Warwickshire County Cricket Club,Bert Wright (cricketer)
Bert Wright (cricketer),debutIn,First-class cricket,Bert Wright (cricketer)
Bert Wright (cricketer),debutYear,1946,Bert Wright (cricketer)
Bert Wright (cricketer),lastAppearanceIn,First-class cricket,Bert Wright (cricketer)
Bert Wright (cricketer),lastAppearanceYear,1959,Bert Wright (cricketer)
Bert Wright (cricketer),totalFirstClassMatches,150,Bert Wright (cricketer)
Bert Wright (cricketer),totalFirstClassRuns,4000,Bert Wright (cricketer)
Bert Wright (cricketer),totalFirstClassWickets,100,Bert Wright (cricketer)
Bert Wright (cricketer),highestFirstClassScore,120,Bert Wright (cricketer)
Bert Wright (cricketer),bestBowlingFigures,6/30,Bert Wright (cricketer)
Bert Wright (cricketer),occupation,Cricketer,Bert Wright (cricketer)
Bert Wright (cricketer),occupation,Coach,Bert Wright (cricketer)
"Seo Dong-won (footballer, born 1973)",instanceOf,person,"Seo Dong-won (footballer, born 1973)"
"Seo Dong-won (footballer, born 1973)",instanceOf,footballer,"Seo Dong-won (footballer, born 1973)"
"Seo Dong-won (footballer, born 1973)",birthDate,1973,"Seo Dong-won (footballer, born 1973)"
"Seo Dong-won (footballer, born 1973)",birthPlace,South Korea,"Seo Dong-won (footballer, born 1973)"
"Seo Dong-won (footballer, born 1973)",positionPlayed,midfielder,"Seo Dong-won (footballer, born 1973)"
"Seo Dong-won (footballer, born 1973)",playedFor,Pohang Steelers,"Seo Dong-won (footballer, born 1973)"
"Seo Dong-won (footballer, born 1973)",playedFor,Suwon Samsung Bluewings,"Seo Dong-won (footballer, born 1973)"
"Seo Dong-won (footballer, born 1973)",playedFor,Ulsan Hyundai,"Seo Dong-won (footballer, born 1973)"
"Seo Dong-won (footballer, born 1973)",playedFor,Jeonbuk Hyundai Motors,"Seo Dong-won (footballer, born 1973)"
"Seo Dong-won (footballer, born 1973)",nationalTeam,South Korea national football team,"Seo Dong-won (footballer, born 1973)"
"Seo Dong-won (footballer, born 1973)",careerStartYear,1995,"Seo Dong-won (footballer, born 1973)"
"Seo Dong-won (footballer, born 1973)",careerEndYear,2008,"Seo Dong-won (footballer, born 1973)"
Col du Berthiand,instanceOf,mountain pass,Col du Berthiand
Col du Berthiand,locatedIn,France,Col du Berthiand
Col du Berthiand,locatedIn,Auvergne-Rhône-Alpes,Col du Berthiand
Col du Berthiand,locatedIn,Ain department,Col du Berthiand
Col du Berthiand,elevation,780 meters,Col du Berthiand
Col du Berthiand,connects,Hauteville-Lompnes,Col du Berthiand
Col du Berthiand,connects,Briord,Col du Berthiand
Col du Berthiand,partOf,Jura Mountains,Col du Berthiand
Col du Berthiand,usedFor,cycling,Col du Berthiand
Col du Berthiand,usedFor,hiking,Col du Berthiand
Col du Berthiand,featuredIn,Tour de l'Ain,Col du Berthiand
1945 Giro di Lombardia,instanceOf,cycling race,1945 Giro di Lombardia
1945 Giro di Lombardia,instanceOf,sports event,1945 Giro di Lombardia
1945 Giro di Lombardia,partOf,Giro di Lombardia,1945 Giro di Lombardia
1945 Giro di Lombardia,editionOf,Giro di Lombardia,1945 Giro di Lombardia
1945 Giro di Lombardia,date,1945-10-21,1945 Giro di Lombardia
1945 Giro di Lombardia,location,Italy,1945 Giro di Lombardia
1945 Giro di Lombardia,startLocation,Milan,1945 Giro di Lombardia
1945 Giro di Lombardia,finishLocation,Milan,1945 Giro di Lombardia
1945 Giro di Lombardia,distance,222 km,1945 Giro di Lombardia
1945 Giro di Lombardia,winner,Fausto Coppi,1945 Giro di Lombardia
1945 Giro di Lombardia,winnerNationality,Italian,1945 Giro di Lombardia
1945 Giro di Lombardia,secondPlace,Mario Ricci,1945 Giro di Lombardia
1945 Giro di Lombardia,thirdPlace,Aldo Ronconi,1945 Giro di Lombardia
1945 Giro di Lombardia,organizer,La Gazzetta dello Sport,1945 Giro di Lombardia
1945 Giro di Lombardia,sponsor,La Gazzetta dello Sport,1945 Giro di Lombardia
1945 Giro di Lombardia,notableParticipant,Gino Bartali,1945 Giro di Lombardia
1945 Giro di Lombardia,notableParticipant,Fausto Coppi,1945 Giro di Lombardia
1945 Giro di Lombardia,routeIncluded,Madonna del Ghisallo,1945 Giro di Lombardia
1945 Giro di Lombardia,routeIncluded,Lake Como,1945 Giro di Lombardia
1945 Giro di Lombardia,type,one-day race,1945 Giro di Lombardia
1945 Giro di Lombardia,category,Monument,1945 Giro di Lombardia
1945 Giro di Lombardia,partOfSeries,UCI Road World Cup (historical),1945 Giro di Lombardia
1945 Giro di Lombardia,previousEdition,1943 Giro di Lombardia,1945 Giro di Lombardia
1945 Giro di Lombardia,nextEdition,1946 Giro di Lombardia,1945 Giro di Lombardia
1945 Giro di Lombardia,firstEdition,1905,1945 Giro di Lombardia
1945 Giro di Lombardia,numberOfEditionsAsOf1945,37,1945 Giro di Lombardia
Giubiasco–Locarno railway,instanceOf,railway line,Giubiasco–Locarno railway
Giubiasco–Locarno railway,locatedIn,Switzerland,Giubiasco–Locarno railway
Giubiasco–Locarno railway,locatedIn,Ticino,Giubiasco–Locarno railway
Giubiasco–Locarno railway,connects,Giubiasco,Giubiasco–Locarno railway
Giubiasco–Locarno railway,connects,Locarno,Giubiasco–Locarno railway
Giubiasco–Locarno railway,operatedBy,Swiss Federal Railways (SBB),Giubiasco–Locarno railway
Giubiasco–Locarno railway,opened,1874,Giubiasco–Locarno railway
Giubiasco–Locarno railway,length,21.1 km,Giubiasco–Locarno railway
Giubiasco–Locarno railway,trackGauge,"1,435 mm (standard gauge)",Giubiasco–Locarno railway
Giubiasco–Locarno railway,electrified,yes,Giubiasco–Locarno railway
Giubiasco–Locarno railway,electrificationSystem,15 kV 16.7 Hz AC,Giubiasco–Locarno railway
Giubiasco–Locarno railway,numberOfTracks,double track (partially),Giubiasco–Locarno railway
Giubiasco–Locarno railway,serves,Bellinzona,Giubiasco–Locarno railway
Giubiasco–Locarno railway,serves,Cadenazzo,Giubiasco–Locarno railway
Giubiasco–Locarno railway,serves,Tenero,Giubiasco–Locarno railway
Giubiasco–Locarno railway,partOf,Gotthard railway network,Giubiasco–Locarno railway
Giubiasco–Locarno railway,hasStation,Giubiasco railway station,Giubiasco–Locarno railway
Giubiasco–Locarno railway,hasStation,Bellinzona railway station,Giubiasco–Locarno railway
Giubiasco–Locarno railway,hasStation,Cadenazzo railway station,Giubiasco–Locarno railway
Giubiasco–Locarno railway,hasStation,Locarno railway station,Giubiasco–Locarno railway
Vulcan Centaur,instanceOf,launch vehicle,Vulcan Centaur
Vulcan Centaur,instanceOf,rocket,Vulcan Centaur
Vulcan Centaur,developedBy,United Launch Alliance,Vulcan Centaur
Vulcan Centaur,manufacturer,United Launch Alliance,Vulcan Centaur
Vulcan Centaur,successorTo,Atlas V,Vulcan Centaur
Vulcan Centaur,successorTo,Delta IV,Vulcan Centaur
Vulcan Centaur,firstFlight,2024-01-08,Vulcan Centaur
Vulcan Centaur,height,61.6 meters,Vulcan Centaur
Vulcan Centaur,diameter,5.4 meters,Vulcan Centaur
Vulcan Centaur,mass,"546,700 kg",Vulcan Centaur
Vulcan Centaur,stages,2,Vulcan Centaur
Vulcan Centaur,payloadToLEO,"27,200 kg",Vulcan Centaur
Vulcan Centaur,payloadToGTO,"14,400 kg",Vulcan Centaur
Vulcan Centaur,payloadToMoon,"6,300 kg",Vulcan Centaur
Vulcan Centaur,propellant,liquid methane (fuel),Vulcan Centaur
Vulcan Centaur,propellant,liquid oxygen (oxidizer),Vulcan Centaur
Vulcan Centaur,engineFirstStage,BE-4 (2x),Vulcan Centaur
Vulcan Centaur,engineSecondStage,RL10,Vulcan Centaur
Vulcan Centaur,boosterEngines,GEM 63XL (up to 6),Vulcan Centaur
Vulcan Centaur,maidenFlightPayload,Peregrine lunar lander,Vulcan Centaur
Vulcan Centaur,maidenFlightMission,Cert-1,Vulcan Centaur
Vulcan Centaur,launchSite,Cape Canaveral Space Force Station,Vulcan Centaur
Vulcan Centaur,launchSite,Vandenberg Space Force Base,Vulcan Centaur
Vulcan Centaur,status,active,Vulcan Centaur
Vulcan Centaur,countryOfOrigin,United States,Vulcan Centaur
Vulcan Centaur,usedFor,satellite launches,Vulcan Centaur
Vulcan Centaur,usedFor,lunar missions,Vulcan Centaur
Vulcan Centaur,usedFor,deep space missions,Vulcan Centaur
Vulcan Centaur,partOf,National Security Space Launch program,Vulcan Centaur
Vulcan Centaur,reusable,partially (first stage engines),Vulcan Centaur
Romain Glèlè Kakaï,instanceOf,Person,Romain Glèlè Kakaï
Romain Glèlè Kakaï,occupation,Film director,Romain Glèlè Kakaï
Romain Glèlè Kakaï,occupation,Screenwriter,Romain Glèlè Kakaï
Romain Glèlè Kakaï,nationality,Beninese,Romain Glèlè Kakaï
Romain Glèlè Kakaï,notableWork,The Lost Okoroshi,Romain Glèlè Kakaï
Romain Glèlè Kakaï,award,"Best Director (Africa International Film Festival, 2019)",Romain Glèlè Kakaï
Romain Glèlè Kakaï,birthPlace,"Porto-Novo, Benin",Romain Glèlè Kakaï
Romain Glèlè Kakaï,languageSpoken,French,Romain Glèlè Kakaï
Romain Glèlè Kakaï,languageSpoken,Fon,Romain Glèlè Kakaï
Romain Glèlè Kakaï,educatedAt,Gaston Berger University (Senegal),Romain Glèlè Kakaï
Salix pyrenaica,instanceOf,species,Salix pyrenaica
Salix pyrenaica,subclassOf,Salix,Salix pyrenaica
Salix pyrenaica,subclassOf,Salicaceae,Salix pyrenaica
Salix pyrenaica,commonName,Pyrenean Willow,Salix pyrenaica
Salix pyrenaica,nativeTo,Pyrenees,Salix pyrenaica
Salix pyrenaica,habitat,alpine regions,Salix pyrenaica
Salix pyrenaica,habitat,subalpine regions,Salix pyrenaica
Salix pyrenaica,growthForm,shrub,Salix pyrenaica
Salix pyrenaica,leafArrangement,alternate,Salix pyrenaica
Salix pyrenaica,leafShape,elliptic,Salix pyrenaica
Salix pyrenaica,leafMargin,entire,Salix pyrenaica
Salix pyrenaica,flowerType,catkin,Salix pyrenaica
Salix pyrenaica,flowerColor,yellowish,Salix pyrenaica
Salix pyrenaica,reproductiveSystem,dioecious,Salix pyrenaica
Salix pyrenaica,conservationStatus,Least Concern,Salix pyrenaica
Allegory of Happiness,instanceOf,painting,Allegory of Happiness
Allegory of Happiness,createdBy,Bronzino,Allegory of Happiness
Allegory of Happiness,dateCreated,circa 1564,Allegory of Happiness
Allegory of Happiness,genre,allegorical painting,Allegory of Happiness
Allegory of Happiness,location,"Palazzo Vecchio, Florence, Italy",Allegory of Happiness
Allegory of Happiness,medium,oil on wood,Allegory of Happiness
Allegory of Happiness,depicts,happiness,Allegory of Happiness
Allegory of Happiness,depicts,allegorical figures,Allegory of Happiness
Allegory of Happiness,partOf,decorative cycle in the Studiolo of Francesco I,Allegory of Happiness
Ramal de Braga,instanceOf,railway line,Ramal de Braga
Ramal de Braga,location,Portugal,Ramal de Braga
Ramal de Braga,connects,Nine,Ramal de Braga
Ramal de Braga,connects,Braga,Ramal de Braga
Ramal de Braga,partOf,Minho Line,Ramal de Braga
Ramal de Braga,length,15.7 km,Ramal de Braga
Ramal de Braga,opened,1875,Ramal de Braga
Ramal de Braga,operator,Comboios de Portugal (CP),Ramal de Braga
Ramal de Braga,trackGauge,"1,668 mm (Iberian gauge)",Ramal de Braga
Ramal de Braga,electrified,Yes,Ramal de Braga
Ramal de Braga,serves,urban and regional trains,Ramal de Braga
Cap Blanc rock shelter,instanceOf,archaeological site,Cap Blanc rock shelter
Cap Blanc rock shelter,instanceOf,cave,Cap Blanc rock shelter
Cap Blanc rock shelter,locatedIn,France,Cap Blanc rock shelter
Cap Blanc rock shelter,locatedIn,Dordogne,Cap Blanc rock shelter
Cap Blanc rock shelter,locatedNear,Les Eyzies-de-Tayac-Sireuil,Cap Blanc rock shelter
Cap Blanc rock shelter,discoveredIn,1909,Cap Blanc rock shelter
Cap Blanc rock shelter,contains,prehistoric carvings,Cap Blanc rock shelter
Cap Blanc rock shelter,contains,Magdalenian-era art,Cap Blanc rock shelter
Cap Blanc rock shelter,features,frise sculptée (sculpted frieze),Cap Blanc rock shelter
Cap Blanc rock shelter,depicts,horses,Cap Blanc rock shelter
Cap Blanc rock shelter,depicts,bison,Cap Blanc rock shelter
Cap Blanc rock shelter,depicts,other Ice Age animals,Cap Blanc rock shelter
Cap Blanc rock shelter,era,Upper Paleolithic,Cap Blanc rock shelter
Cap Blanc rock shelter,culturalPeriod,Magdalenian,Cap Blanc rock shelter
Cap Blanc rock shelter,significance,UNESCO World Heritage Site (as part of the Prehistoric Sites and Decorated Caves of the Vézère Valley),Cap Blanc rock shelter
Cap Blanc rock shelter,accessibility,open to the public,Cap Blanc rock shelter
Cap Blanc rock shelter,associatedWith,prehistoric human activity,Cap Blanc rock shelter
Cap Blanc rock shelter,excavatedBy,Denis Peyrony,Cap Blanc rock shelter
Cap Blanc rock shelter,excavatedBy,Louis Capitan,Cap Blanc rock shelter
Cap Blanc rock shelter,length,approximately 13 meters (frieze),Cap Blanc rock shelter
Cap Blanc rock shelter,depth,shallow (not a deep cave),Cap Blanc rock shelter
Cap Blanc rock shelter,materialUsed,limestone,Cap Blanc rock shelter
Cap Blanc rock shelter,techniqueUsed,bas-relief carving,Cap Blanc rock shelter
Cap Blanc rock shelter,preservationStatus,well-preserved,Cap Blanc rock shelter
Cap Blanc rock shelter,nearbySites,Lascaux Cave,Cap Blanc rock shelter
Cap Blanc rock shelter,nearbySites,Font-de-Gaume,Cap Blanc rock shelter
Cap Blanc rock shelter,nearbySites,Abri de Laugerie-Basse,Cap Blanc rock shelter
"Forest House, Chester",instanceOf,building,"Forest House, Chester"
"Forest House, Chester",instanceOf,historic house,"Forest House, Chester"
"Forest House, Chester",location,"Chester, Cheshire, England","Forest House, Chester"
"Forest House, Chester",architecturalStyle,Georgian,"Forest House, Chester"
"Forest House, Chester",yearConstructed,18th century,"Forest House, Chester"
"Forest House, Chester",currentUse,residential,"Forest House, Chester"
"Forest House, Chester",listedStatus,Grade II listed building,"Forest House, Chester"
"Forest House, Chester",coordinates,"53.1906°N, 2.8925°W","Forest House, Chester"
"Forest House, Chester",nearbyLandmark,Chester Cathedral,"Forest House, Chester"
"Forest House, Chester",nearbyLandmark,River Dee,"Forest House, Chester"
Flute Concerto No. 1 (Jolivet),instanceOf,concerto,Flute Concerto No. 1 (Jolivet)
Flute Concerto No. 1 (Jolivet),composer,André Jolivet,Flute Concerto No. 1 (Jolivet)
Flute Concerto No. 1 (Jolivet),genre,classical music,Flute Concerto No. 1 (Jolivet)
Flute Concerto No. 1 (Jolivet),instrumentation,flute,Flute Concerto No. 1 (Jolivet)
Flute Concerto No. 1 (Jolivet),instrumentation,orchestra,Flute Concerto No. 1 (Jolivet)
Flute Concerto No. 1 (Jolivet),yearComposed,1949,Flute Concerto No. 1 (Jolivet)
Flute Concerto No. 1 (Jolivet),premiereDate,1950,Flute Concerto No. 1 (Jolivet)
Flute Concerto No. 1 (Jolivet),dedicatedTo,Jean-Pierre Rampal,Flute Concerto No. 1 (Jolivet)
Flute Concerto No. 1 (Jolivet),movements,3,Flute Concerto No. 1 (Jolivet)
Flute Concerto No. 1 (Jolivet),style,modernism,Flute Concerto No. 1 (Jolivet)
Flute Concerto No. 1 (Jolivet),keySignature,none (atonal elements),Flute Concerto No. 1 (Jolivet)
Flute Concerto No. 1 (Jolivet),duration,approximately 20 minutes,Flute Concerto No. 1 (Jolivet)
Flute Concerto No. 1 (Jolivet),notableRecording,"Jean-Pierre Rampal (flute), Orchestre de Paris, conductor: André Jolivet",Flute Concerto No. 1 (Jolivet)
Easy (2017 film),instanceOf,film,Easy (2017 film)
Easy (2017 film),instanceOf,comedy-drama,Easy (2017 film)
Easy (2017 film),releaseYear,2017,Easy (2017 film)
Easy (2017 film),director,Andrea Magnani,Easy (2017 film)
Easy (2017 film),screenwriter,Andrea Magnani,Easy (2017 film)
Easy (2017 film),producer,Gianluca Arcopinto,Easy (2017 film)
Easy (2017 film),producer,Andrea Magnani,Easy (2017 film)
Easy (2017 film),starring,Nicoletta Braschi,Easy (2017 film)
Easy (2017 film),starring,Lino Musella,Easy (2017 film)
Easy (2017 film),starring,Vincenzo Nemolato,Easy (2017 film)
Easy (2017 film),countryOfOrigin,Italy,Easy (2017 film)
Easy (2017 film),language,Italian,Easy (2017 film)
Easy (2017 film),genre,comedy,Easy (2017 film)
Easy (2017 film),genre,drama,Easy (2017 film)
Easy (2017 film),runtime,90 minutes,Easy (2017 film)
Easy (2017 film),productionCompany,Fandango,Easy (2017 film)
Easy (2017 film),productionCompany,La Sarraz Pictures,Easy (2017 film)
Easy (2017 film),distributor,Teodora Film,Easy (2017 film)
Easy (2017 film),award,David di Donatello for Best New Director (Andrea Magnani),Easy (2017 film)
Easy (2017 film),awardNomination,David di Donatello for Best Actress (Nicoletta Braschi),Easy (2017 film)
Easy (2017 film),awardNomination,Nastro d'Argento for Best New Director (Andrea Magnani),Easy (2017 film)
Edward Raquello,instanceOf,human,Edward Raquello
Edward Raquello,instanceOf,actor,Edward Raquello
Edward Raquello,fullName,Edward Zraqullowicz,Edward Raquello
Edward Raquello,birthName,Edward Zraqullowicz,Edward Raquello
Edward Raquello,dateOfBirth,1900-05-14,Edward Raquello
Edward Raquello,placeOfBirth,"Warsaw, Poland",Edward Raquello
Edward Raquello,dateOfDeath,1976-08-02,Edward Raquello
Edward Raquello,placeOfDeath,"Los Angeles, California, U.S.",Edward Raquello
Edward Raquello,occupation,actor,Edward Raquello
Edward Raquello,occupation,dancer,Edward Raquello
Edward Raquello,nationality,Polish,Edward Raquello
Edward Raquello,nationality,American,Edward Raquello
Edward Raquello,notableWork,The Gay Divorcee,Edward Raquello
Edward Raquello,notableWork,Flying Down to Rio,Edward Raquello
Edward Raquello,notableWork,The Three Musketeers,Edward Raquello
Edward Raquello,spouse,Lilyan Tashman,Edward Raquello
Edward Raquello,spouse,Marion Claire,Edward Raquello
Edward Raquello,award,Star on the Hollywood Walk of Fame,Edward Raquello
Backstage (1927 film),instanceOf,film,Backstage (1927 film)
Backstage (1927 film),instanceOf,silent film,Backstage (1927 film)
Backstage (1927 film),releaseYear,1927,Backstage (1927 film)
Backstage (1927 film),genre,comedy,Backstage (1927 film)
Backstage (1927 film),genre,drama,Backstage (1927 film)
Backstage (1927 film),director,Jack Conway,Backstage (1927 film)
Backstage (1927 film),producer,Irving Thalberg,Backstage (1927 film)
Backstage (1927 film),productionCompany,Metro-Goldwyn-Mayer (MGM),Backstage (1927 film)
Backstage (1927 film),starring,Norma Shearer,Backstage (1927 film)
Backstage (1927 film),starring,Oscar Shaw,Backstage (1927 film)
Backstage (1927 film),starring,Ralph Forbes,Backstage (1927 film)
Backstage (1927 film),screenplayBy,Alice D.G. Miller,Backstage (1927 film)
Backstage (1927 film),cinematographyBy,John Arnold,Backstage (1927 film)
Backstage (1927 film),countryOfOrigin,United States,Backstage (1927 film)
Backstage (1927 film),language,English,Backstage (1927 film)
Backstage (1927 film),runtime,70 minutes,Backstage (1927 film)
Backstage (1927 film),basedOn,a story by Adela Rogers St. Johns,Backstage (1927 film)
Backstage (1927 film),distributedBy,Metro-Goldwyn-Mayer (MGM),Backstage (1927 film)
Backstage (1927 film),followedBy,The Latest from Paris (1928 film),Backstage (1927 film)
Backstage (1927 film),precededBy,The Demi-Bride (1927 film),Backstage (1927 film)
British Rail Class 505,instanceOf,electric multiple unit,British Rail Class 505
British Rail Class 505,instanceOf,railway vehicle,British Rail Class 505
British Rail Class 505,manufacturer,Metropolitan-Cammell,British Rail Class 505
British Rail Class 505,introduced,1931,British Rail Class 505
British Rail Class 505,withdrawn,1966,British Rail Class 505
British Rail Class 505,operatedBy,London Underground,British Rail Class 505
British Rail Class 505,operatedBy,British Rail,British Rail Class 505
British Rail Class 505,gauge,standard gauge,British Rail Class 505
British Rail Class 505,electrificationSystem,630 V DC third rail,British Rail Class 505
British Rail Class 505,numberBuilt,57,British Rail Class 505
British Rail Class 505,formation,3-car sets,British Rail Class 505
British Rail Class 505,maximumSpeed,60 mph,British Rail Class 505
British Rail Class 505,service,suburban passenger service,British Rail Class 505
British Rail Class 505,regionServed,London and North West England,British Rail Class 505
British Rail Class 505,notableLinesServed,Watford DC Line,British Rail Class 505
British Rail Class 505,notableLinesServed,Bakerloo Line,British Rail Class 505
British Rail Class 505,predecessor,London Underground Standard Stock,British Rail Class 505
British Rail Class 505,successor,British Rail Class 501,British Rail Class 505
British Rail Class 505,nickname,Met-Camm Stock,British Rail Class 505
British Rail Class 505,wheelArrangement,Bo-Bo (motor cars) + 2-2 (trailer cars),British Rail Class 505
2024 United States Senate election in Florida,instanceOf,United States Senate election,2024 United States Senate election in Florida
2024 United States Senate election in Florida,partOf,2024 United States elections,2024 United States Senate election in Florida
2024 United States Senate election in Florida,takesPlaceIn,Florida,2024 United States Senate election in Florida
2024 United States Senate election in Florida,date,2024-11-05,2024 United States Senate election in Florida
2024 United States Senate election in Florida,elects,United States Senator from Florida,2024 United States Senate election in Florida
2024 United States Senate election in Florida,class,Class 1,2024 United States Senate election in Florida
2024 United States Senate election in Florida,incumbent,Rick Scott,2024 United States Senate election in Florida
2024 United States Senate election in Florida,incumbentParty,Republican Party,2024 United States Senate election in Florida
2024 United States Senate election in Florida,candidate,Rick Scott,2024 United States Senate election in Florida
2024 United States Senate election in Florida,candidate,Debbie Mucarsel-Powell,2024 United States Senate election in Florida
2024 United States Senate election in Florida,candidateParty,Republican Party,2024 United States Senate election in Florida
2024 United States Senate election in Florida,candidateParty,Democratic Party,2024 United States Senate election in Florida
2024 United States Senate election in Florida,previousElection,2018 United States Senate election in Florida,2024 United States Senate election in Florida
2024 United States Senate election in Florida,nextElection,2030 United States Senate election in Florida,2024 United States Senate election in Florida
2024 United States Senate election in Florida,votingSystem,First-past-the-post,2024 United States Senate election in Florida
2024 United States Senate election in Florida,primaryDate,2024-08-20,2024 United States Senate election in Florida
2024 United States Senate election in Florida,registrationDeadline,2024-10-07,2024 United States Senate election in Florida
2024 United States Senate election in Florida,earlyVotingPeriod,2024-10-24 to 2024-11-03,2024 United States Senate election in Florida
2024 United States Senate election in Florida,type,Regular election,2024 United States Senate election in Florida
German submarine U-106 (1940),instanceOf,Type IXB submarine,German submarine U-106 (1940)
German submarine U-106 (1940),instanceOf,German military vessel,German submarine U-106 (1940)
German submarine U-106 (1940),partOf,Kriegsmarine,German submarine U-106 (1940)
German submarine U-106 (1940),commissioned,1940-09-24,German submarine U-106 (1940)
German submarine U-106 (1940),decommissioned,1944-07-02,German submarine U-106 (1940)
German submarine U-106 (1940),sunk,1944-07-02,German submarine U-106 (1940)
German submarine U-106 (1940),causeOfSinking,Depth charges from British aircraft,German submarine U-106 (1940)
German submarine U-106 (1940),locationOfSinking,Bay of Biscay,German submarine U-106 (1940)
German submarine U-106 (1940),commander,Jürgen Oesten,German submarine U-106 (1940)
German submarine U-106 (1940),commander,Hermann Rasch,German submarine U-106 (1940)
German submarine U-106 (1940),displacement,"1,051 tonnes (surfaced)",German submarine U-106 (1940)
German submarine U-106 (1940),displacement,"1,178 tonnes (submerged)",German submarine U-106 (1940)
German submarine U-106 (1940),length,76.5 meters,German submarine U-106 (1940)
German submarine U-106 (1940),beam,6.76 meters,German submarine U-106 (1940)
German submarine U-106 (1940),draft,4.7 meters,German submarine U-106 (1940)
German submarine U-106 (1940),propulsion,Diesel-electric,German submarine U-106 (1940)
German submarine U-106 (1940),speed,18.2 knots (surfaced),German submarine U-106 (1940)
German submarine U-106 (1940),speed,7.3 knots (submerged),German submarine U-106 (1940)
German submarine U-106 (1940),range,"12,000 nautical miles (surfaced at 10 knots)",German submarine U-106 (1940)
German submarine U-106 (1940),range,64 nautical miles (submerged at 4 knots),German submarine U-106 (1940)
German submarine U-106 (1940),testDepth,230 meters,German submarine U-106 (1940)
German submarine U-106 (1940),complement,48–56 crew members,German submarine U-106 (1940)
German submarine U-106 (1940),armament,"6 × 53.3 cm (21 in) torpedo tubes (4 bow, 2 stern)",German submarine U-106 (1940)
German submarine U-106 (1940),armament,22 × torpedoes,German submarine U-106 (1940)
German submarine U-106 (1940),armament,1 × 10.5 cm (4.1 in) SK C/32 deck gun,German submarine U-106 (1940)
German submarine U-106 (1940),armament,1 × 3.7 cm (1.5 in) SK C/30 AA gun,German submarine U-106 (1940)
German submarine U-106 (1940),armament,1 × 2 cm (0.79 in) C/30 AA gun,German submarine U-106 (1940)
German submarine U-106 (1940),patrols,10 war patrols,German submarine U-106 (1940)
German submarine U-106 (1940),shipsSunk,22 ships,German submarine U-106 (1940)
German submarine U-106 (1940),totalTonnageSunk,"138,581 GRT",German submarine U-106 (1940)
German submarine U-106 (1940),shipsDamaged,2 ships,German submarine U-106 (1940)
German submarine U-106 (1940),totalTonnageDamaged,"12,634 GRT",German submarine U-106 (1940)
German submarine U-106 (1940),notableAction,"Sinking of SS Oronsay (20,043 GRT)",German submarine U-106 (1940)
German submarine U-106 (1940),notableAction,"Sinking of SS Empire Thunder (9,209 GRT)",German submarine U-106 (1940)
German submarine U-106 (1940),builder,"AG Weser, Bremen",German submarine U-106 (1940)
German submarine U-106 (1940),yardNumber,969,German submarine U-106 (1940)
German submarine U-106 (1940),laidDown,1939-12-26,German submarine U-106 (1940)
German submarine U-106 (1940),launched,1940-07-17,German submarine U-106 (1940)
German submarine U-106 (1940),fate,Sunk by British aircraft on 1944-07-02,German submarine U-106 (1940)
German submarine U-106 (1940),casualties,"22 dead, 36 survivors",German submarine U-106 (1940)
Pungalina (spider),instanceOf,genus of spiders,Pungalina (spider)
Pungalina (spider),kingdom,Animalia,Pungalina (spider)
Pungalina (spider),phylum,Arthropoda,Pungalina (spider)
Pungalina (spider),class,Arachnida,Pungalina (spider)
Pungalina (spider),order,Araneae,Pungalina (spider)
Pungalina (spider),family,Salticidae,Pungalina (spider)
Pungalina (spider),subfamily,Salticinae,Pungalina (spider)
Pungalina (spider),describedBy,Żabka & Patoleta,Pungalina (spider)
Pungalina (spider),yearDescribed,2018,Pungalina (spider)
Pungalina (spider),nativeTo,Australia,Pungalina (spider)
Pungalina (spider),habitat,forests,Pungalina (spider)
Pungalina (spider),habitat,woodlands,Pungalina (spider)
Pungalina (spider),typeSpecies,Pungalina semiatra,Pungalina (spider)
Kagerup railway station,instanceOf,railway station,Kagerup railway station
Kagerup railway station,locatedIn,Gribskov Municipality,Kagerup railway station
Kagerup railway station,locatedIn,Denmark,Kagerup railway station
Kagerup railway station,servedBy,Lokaltog,Kagerup railway station
Kagerup railway station,servedBy,Gribskovbanen,Kagerup railway station
Kagerup railway station,opened,1896,Kagerup railway station
Kagerup railway station,coordinates,56.0086°N,Kagerup railway station
Kagerup railway station,coordinates,12.2514°E,Kagerup railway station
Kagerup railway station,elevation,45 meters,Kagerup railway station
Kagerup railway station,partOf,Hillerød-Hundested railway line,Kagerup railway station
Kagerup railway station,nearbyAttraction,Gribskov Forest,Kagerup railway station
Kagerup railway station,nearbySettlement,Kagerup,Kagerup railway station
Kagerup railway station,operatedBy,Lokaltog A/S,Kagerup railway station
Forrest N. Iandola,instanceOf,Person,Forrest N. Iandola
Forrest N. Iandola,occupation,Computer Scientist,Forrest N. Iandola
Forrest N. Iandola,occupation,Entrepreneur,Forrest N. Iandola
Forrest N. Iandola,knownFor,Deep Learning,Forrest N. Iandola
Forrest N. Iandola,knownFor,Efficient Neural Networks,Forrest N. Iandola
Forrest N. Iandola,coFounderOf,DeepScale,Forrest N. Iandola
Forrest N. Iandola,education,"University of California, Berkeley",Forrest N. Iandola
Forrest N. Iandola,degree,PhD in Electrical Engineering and Computer Sciences,Forrest N. Iandola
Forrest N. Iandola,doctoralAdvisor,Kurt Keutzer,Forrest N. Iandola
Forrest N. Iandola,worksFor,Tesla (via DeepScale acquisition),Forrest N. Iandola
Forrest N. Iandola,researchField,Artificial Intelligence,Forrest N. Iandola
Forrest N. Iandola,researchField,Machine Learning,Forrest N. Iandola
Forrest N. Iandola,researchField,Computer Vision,Forrest N. Iandola
Forrest N. Iandola,publication,SqueezeNet: AlexNet-level accuracy with 50x fewer parameters and <0.5MB model size,Forrest N. Iandola
1892 United States presidential election in New York,instanceOf,United States presidential election by state,1892 United States presidential election in New York
1892 United States presidential election in New York,partOf,1892 United States presidential election,1892 United States presidential election in New York
1892 United States presidential election in New York,location,New York,1892 United States presidential election in New York
1892 United States presidential election in New York,date,1892-11-08,1892 United States presidential election in New York
1892 United States presidential election in New York,winner,Grover Cleveland,1892 United States presidential election in New York
1892 United States presidential election in New York,candidate,Grover Cleveland,1892 United States presidential election in New York
1892 United States presidential election in New York,candidate,Benjamin Harrison,1892 United States presidential election in New York
1892 United States presidential election in New York,candidate,James B. Weaver,1892 United States presidential election in New York
1892 United States presidential election in New York,electoralVotes,36,1892 United States presidential election in New York
1892 United States presidential election in New York,popularVote,654868 (Cleveland),1892 United States presidential election in New York
1892 United States presidential election in New York,popularVote,527402 (Harrison),1892 United States presidential election in New York
1892 United States presidential election in New York,popularVote,60527 (Weaver),1892 United States presidential election in New York
1892 United States presidential election in New York,voterTurnout,78.2%,1892 United States presidential election in New York
1892 United States presidential election in New York,previousElection,1888 United States presidential election in New York,1892 United States presidential election in New York
1892 United States presidential election in New York,nextElection,1896 United States presidential election in New York,1892 United States presidential election in New York
1892 United States presidential election in New York,significance,"Cleveland won New York, contributing to his national victory",1892 United States presidential election in New York
Ignacy Tłoczyński,instanceOf,human,Ignacy Tłoczyński
Ignacy Tłoczyński,instanceOf,tennis player,Ignacy Tłoczyński
Ignacy Tłoczyński,dateOfBirth,1908-05-14,Ignacy Tłoczyński
Ignacy Tłoczyński,dateOfDeath,1995-01-25,Ignacy Tłoczyński
Ignacy Tłoczyński,countryOfCitizenship,Poland,Ignacy Tłoczyński
Ignacy Tłoczyński,sport,tennis,Ignacy Tłoczyński
Ignacy Tłoczyński,notableWork,Polish tennis champion,Ignacy Tłoczyński
Ignacy Tłoczyński,awardReceived,Polish Tennis Championship (multiple titles),Ignacy Tłoczyński
Ignacy Tłoczyński,participatedIn,Davis Cup (representing Poland),Ignacy Tłoczyński
Mikhail Pashnin,instanceOf,Person,Mikhail Pashnin
Mikhail Pashnin,instanceOf,Ice Hockey Player,Mikhail Pashnin
Mikhail Pashnin,fullName,Mikhail Igorevich Pashnin,Mikhail Pashnin
Mikhail Pashnin,dateOfBirth,1986-05-11,Mikhail Pashnin
Mikhail Pashnin,placeOfBirth,Moscow,Mikhail Pashnin
Mikhail Pashnin,countryOfBirth,Russia,Mikhail Pashnin
Mikhail Pashnin,positionPlayed,Defenseman,Mikhail Pashnin
Mikhail Pashnin,shoots,Left,Mikhail Pashnin
Mikhail Pashnin,height,1.83 m,Mikhail Pashnin
Mikhail Pashnin,weight,90 kg,Mikhail Pashnin
Mikhail Pashnin,careerStart,2003,Mikhail Pashnin
Mikhail Pashnin,draftedBy,CSKA Moscow,Mikhail Pashnin
Mikhail Pashnin,playedFor,CSKA Moscow,Mikhail Pashnin
Mikhail Pashnin,playedFor,HC Spartak Moscow,Mikhail Pashnin
Mikhail Pashnin,playedFor,Lokomotiv Yaroslavl,Mikhail Pashnin
Mikhail Pashnin,playedFor,HC Dynamo Moscow,Mikhail Pashnin
Mikhail Pashnin,playedFor,HC Sochi,Mikhail Pashnin
Mikhail Pashnin,playedFor,Kunlun Red Star,Mikhail Pashnin
Mikhail Pashnin,league,Kontinental Hockey League (KHL),Mikhail Pashnin
Mikhail Pashnin,nationalTeam,Russia,Mikhail Pashnin
Mikhail Pashnin,award,"Gagarin Cup (2015, 2017)",Mikhail Pashnin
Mikhail Pashnin,award,KHL Defenseman of the Month (2014),Mikhail Pashnin
Mikhail Pashnin,retired,2021,Mikhail Pashnin
Israel Abanikanda,instanceOf,Person,Israel Abanikanda
Israel Abanikanda,instanceOf,American Football Player,Israel Abanikanda
Israel Abanikanda,dateOfBirth,2002-10-05,Israel Abanikanda
Israel Abanikanda,placeOfBirth,"Brooklyn, New York, U.S.",Israel Abanikanda
Israel Abanikanda,positionPlayed,Running Back,Israel Abanikanda
Israel Abanikanda,college,University of Pittsburgh,Israel Abanikanda
Israel Abanikanda,sport,American Football,Israel Abanikanda
Israel Abanikanda,draftedBy,New York Jets,Israel Abanikanda
Israel Abanikanda,draftYear,2023,Israel Abanikanda
Israel Abanikanda,draftRound,5,Israel Abanikanda
Israel Abanikanda,draftPick,143,Israel Abanikanda
Israel Abanikanda,height,5 ft 10 in (1.78 m),Israel Abanikanda
Israel Abanikanda,weight,216 lb (98 kg),Israel Abanikanda
Israel Abanikanda,highSchool,Abraham Lincoln High School (Brooklyn),Israel Abanikanda
Israel Abanikanda,award,ACC Offensive Player of the Year (2022),Israel Abanikanda
Israel Abanikanda,award,First-team All-ACC (2022),Israel Abanikanda
Israel Abanikanda,rushingYardsInCollegeCareer,"2,306",Israel Abanikanda
Israel Abanikanda,rushingTouchdownsInCollegeCareer,23,Israel Abanikanda
Israel Abanikanda,singleGameRushingRecord,320 yards (vs. Virginia in 2022),Israel Abanikanda
Zhongyuan Bank,instanceOf,commercial bank,Zhongyuan Bank
Zhongyuan Bank,instanceOf,financial institution,Zhongyuan Bank
Zhongyuan Bank,headquarteredIn,Zhengzhou,Zhongyuan Bank
Zhongyuan Bank,headquarteredIn,Henan,Zhongyuan Bank
Zhongyuan Bank,headquarteredIn,China,Zhongyuan Bank
Zhongyuan Bank,foundedIn,2014,Zhongyuan Bank
Zhongyuan Bank,legalForm,joint-stock commercial bank,Zhongyuan Bank
Zhongyuan Bank,industry,banking,Zhongyuan Bank
Zhongyuan Bank,industry,financial services,Zhongyuan Bank
Zhongyuan Bank,parentOrganization,Henan Provincial Government,Zhongyuan Bank
Zhongyuan Bank,parentOrganization,local state-owned enterprises,Zhongyuan Bank
Zhongyuan Bank,offersService,retail banking,Zhongyuan Bank
Zhongyuan Bank,offersService,corporate banking,Zhongyuan Bank
Zhongyuan Bank,offersService,wealth management,Zhongyuan Bank
Zhongyuan Bank,offersService,loan services,Zhongyuan Bank
Zhongyuan Bank,offersService,deposit services,Zhongyuan Bank
Zhongyuan Bank,listedOn,Shanghai Stock Exchange,Zhongyuan Bank
Zhongyuan Bank,stockTicker,601375,Zhongyuan Bank
Zhongyuan Bank,CEO,Wang Xingang,Zhongyuan Bank
Zhongyuan Bank,chairman,Li Hongxin,Zhongyuan Bank
Zhongyuan Bank,numberOfEmployees,"over 10,000",Zhongyuan Bank
Zhongyuan Bank,operatesIn,Henan Province,Zhongyuan Bank
Zhongyuan Bank,operatesIn,China,Zhongyuan Bank
Zhongyuan Bank,subsidiaryOf,Henan Financial Holdings Group,Zhongyuan Bank
Zhongyuan Bank,website,www.zybank.com,Zhongyuan Bank
Zhongyuan Bank,type,regional bank,Zhongyuan Bank
Zhongyuan Bank,regulatoryAuthority,China Banking and Insurance Regulatory Commission (CBIRC),Zhongyuan Bank
Zhongyuan Bank,totalAssets,over 1 trillion RMB (as of recent reports),Zhongyuan Bank
Zhongyuan Bank,keyCompetitors,Industrial and Commercial Bank of China (ICBC),Zhongyuan Bank
Zhongyuan Bank,keyCompetitors,China Construction Bank (CCB),Zhongyuan Bank
Zhongyuan Bank,keyCompetitors,Bank of China (BOC),Zhongyuan Bank
Zhongyuan Bank,keyCompetitors,Agricultural Bank of China (ABC),Zhongyuan Bank
Zhongyuan Bank,keyCompetitors,other regional banks in China,Zhongyuan Bank
Cinema Management Group,instanceOf,company,Cinema Management Group
Cinema Management Group,industry,cinema exhibition,Cinema Management Group
Cinema Management Group,industry,entertainment,Cinema Management Group
Cinema Management Group,headquartersLocation,United States,Cinema Management Group
Cinema Management Group,foundedIn,2004,Cinema Management Group
Cinema Management Group,founder,Eduardo Acuna,Cinema Management Group
Cinema Management Group,services,cinema management,Cinema Management Group
Cinema Management Group,services,theater operations,Cinema Management Group
Cinema Management Group,services,film distribution,Cinema Management Group
Cinema Management Group,operatesIn,Latin America,Cinema Management Group
Cinema Management Group,operatesIn,United States,Cinema Management Group
Cinema Management Group,subsidiaryOf,Cinepolis,Cinema Management Group
Cinema Management Group,knownFor,managing movie theaters,Cinema Management Group
Cinema Management Group,website,https://www.cinemamanagementgroup.com,Cinema Management Group
Naranjito District,instanceOf,district,Naranjito District
Naranjito District,instanceOf,administrative division,Naranjito District
Naranjito District,locatedIn,Huaral Province,Naranjito District
Naranjito District,locatedIn,Lima Region,Naranjito District
Naranjito District,locatedIn,Peru,Naranjito District
Naranjito District,country,Peru,Naranjito District
Naranjito District,capital,Naranjito,Naranjito District
Naranjito District,established,1942,Naranjito District
Naranjito District,population,"approximately 1,500",Naranjito District
Naranjito District,area,125.5 km²,Naranjito District
Orléanais Historical and Archaeological Museum,instanceOf,museum,Orléanais Historical and Archaeological Museum
Orléanais Historical and Archaeological Museum,location,Orléans,Orléanais Historical and Archaeological Museum
Orléanais Historical and Archaeological Museum,location,France,Orléanais Historical and Archaeological Museum
Orléanais Historical and Archaeological Museum,country,France,Orléanais Historical and Archaeological Museum
Orléanais Historical and Archaeological Museum,region,Centre-Val de Loire,Orléanais Historical and Archaeological Museum
Orléanais Historical and Archaeological Museum,established,1823,Orléanais Historical and Archaeological Museum
Orléanais Historical and Archaeological Museum,type,historical museum,Orléanais Historical and Archaeological Museum
Orléanais Historical and Archaeological Museum,type,archaeological museum,Orléanais Historical and Archaeological Museum
Orléanais Historical and Archaeological Museum,collection,Gallo-Roman artifacts,Orléanais Historical and Archaeological Museum
Orléanais Historical and Archaeological Museum,collection,medieval artifacts,Orléanais Historical and Archaeological Museum
Orléanais Historical and Archaeological Museum,collection,Renaissance artifacts,Orléanais Historical and Archaeological Museum
Orléanais Historical and Archaeological Museum,collection,prehistoric artifacts,Orléanais Historical and Archaeological Museum
Orléanais Historical and Archaeological Museum,housedIn,Hôtel Cabu,Orléanais Historical and Archaeological Museum
Orléanais Historical and Archaeological Museum,architecturalStyle,Renaissance,Orléanais Historical and Archaeological Museum
Orléanais Historical and Archaeological Museum,namedAfter,Orléanais (historical region),Orléanais Historical and Archaeological Museum
Lemon (1969 film),instanceOf,film,Lemon (1969 film)
Lemon (1969 film),releaseYear,1969,Lemon (1969 film)
Lemon (1969 film),director,Hollis Frampton,Lemon (1969 film)
Lemon (1969 film),genre,experimental film,Lemon (1969 film)
Lemon (1969 film),genre,avant-garde,Lemon (1969 film)
Lemon (1969 film),runtime,7 minutes,Lemon (1969 film)
Lemon (1969 film),country,United States,Lemon (1969 film)
Lemon (1969 film),language,English,Lemon (1969 film)
Lemon (1969 film),cinematography,Hollis Frampton,Lemon (1969 film)
Lemon (1969 film),productionCompany,Hollis Frampton,Lemon (1969 film)
Lemon (1969 film),description,A short experimental film featuring a lemon under changing lighting conditions.,Lemon (1969 film)
Lemon (1969 film),notableFor,structural film movement,Lemon (1969 film)
Lemon (1969 film),influencedBy,minimalism,Lemon (1969 film)
Lemon (1969 film),influencedBy,abstract art,Lemon (1969 film)
Lemon (1969 film),partOfSeries,Works by Hollis Frampton,Lemon (1969 film)
Hollis Frampton,instanceOf,person,Lemon (1969 film)
Hollis Frampton,occupation,filmmaker,Lemon (1969 film)
Hollis Frampton,occupation,photographer,Lemon (1969 film)
Hollis Frampton,birthYear,1936,Lemon (1969 film)
Hollis Frampton,deathYear,1984,Lemon (1969 film)
Hollis Frampton,nationality,American,Lemon (1969 film)
Double Concerto (Lutosławski),instanceOf,musical composition,Double Concerto (Lutosławski)
Double Concerto (Lutosławski),composer,Witold Lutosławski,Double Concerto (Lutosławski)
Double Concerto (Lutosławski),genre,classical music,Double Concerto (Lutosławski)
Double Concerto (Lutosławski),genre,concerto,Double Concerto (Lutosławski)
Double Concerto (Lutosławski),yearComposed,1979,Double Concerto (Lutosławski)
Double Concerto (Lutosławski),premiereDate,1980-06-14,Double Concerto (Lutosławski)
Double Concerto (Lutosławski),premiereLocation,Zurich,Double Concerto (Lutosławski)
Double Concerto (Lutosławski),dedicatedTo,Paul Sacher,Double Concerto (Lutosławski)
Double Concerto (Lutosławski),instrumentation,oboe,Double Concerto (Lutosławski)
Double Concerto (Lutosławski),instrumentation,harp,Double Concerto (Lutosławski)
Double Concerto (Lutosławski),instrumentation,chamber orchestra,Double Concerto (Lutosławski)
Double Concerto (Lutosławski),duration,approximately 20 minutes,Double Concerto (Lutosławski)
Double Concerto (Lutosławski),movements,1 (continuous),Double Concerto (Lutosławski)
Double Concerto (Lutosławski),style,aleatoric counterpoint,Double Concerto (Lutosławski)
Double Concerto (Lutosławski),style,controlled improvisation,Double Concerto (Lutosławski)
Double Concerto (Lutosławski),notablePerformance,Zurich premiere by Heinz Holliger and Ursula Holliger,Double Concerto (Lutosławski)
Double Concerto (Lutosławski),publisher,Chester Music,Double Concerto (Lutosławski)
Double Concerto (Lutosławski),language,instrumental (no text),Double Concerto (Lutosławski)
Double Concerto (Lutosławski),influencedBy,Béla Bartók,Double Concerto (Lutosławski)
Double Concerto (Lutosławski),influencedBy,Igor Stravinsky,Double Concerto (Lutosławski)
Double Concerto (Lutosławski),partOf,Lutosławski's late-period works,Double Concerto (Lutosławski)
Double Concerto (Lutosławski),recordedBy,Heinz Holliger,Double Concerto (Lutosławski)
Double Concerto (Lutosławski),recordedBy,Ursula Holliger,Double Concerto (Lutosławski)
Double Concerto (Lutosławski),recordedBy,BBC Symphony Orchestra,Double Concerto (Lutosławski)
Double Concerto (Lutosławski),conductor,Edward Downes,Double Concerto (Lutosławski)
The Three Witches,instanceOf,fictional characters,The Three Witches
The Three Witches,instanceOf,supernatural beings,The Three Witches
The Three Witches,appearIn,Macbeth,The Three Witches
The Three Witches,createdBy,William Shakespeare,The Three Witches
The Three Witches,alsoKnownAs,Weird Sisters,The Three Witches
The Three Witches,alsoKnownAs,Three Witches of Macbeth,The Three Witches
The Three Witches,depictedIn,Shakespearean tragedy,The Three Witches
The Three Witches,roleInStory,prophecy givers,The Three Witches
The Three Witches,roleInStory,manipulators of fate,The Three Witches
The Three Witches,speakIn,trochaic tetrameter,The Three Witches
The Three Witches,associatedWith,witchcraft,The Three Witches
The Three Witches,associatedWith,superstition,The Three Witches
The Three Witches,firstAppearance,Macbeth (play),The Three Witches
The Three Witches,influenceOn,Macbeth's decisions,The Three Witches
The Three Witches,symbolize,destiny,The Three Witches
The Three Witches,symbolize,chaos,The Three Witches
The Three Witches,symbolize,moral ambiguity,The Three Witches
The Three Witches,inspire,later literary works,The Three Witches
The Three Witches,inspire,artistic depictions,The Three Witches
The Three Witches,inspire,cultural references,The Three Witches
The Three Witches,numberOfMembers,three,The Three Witches
The Three Witches,oftenDepictedWith,cauldrons,The Three Witches
The Three Witches,oftenDepictedWith,bubbling potions,The Three Witches
The Three Witches,oftenDepictedWith,toads,The Three Witches
The Three Witches,oftenDepictedWith,witches' familiars,The Three Witches
The Three Witches,famousLine,"""Double, double toil and trouble; Fire burn and cauldron bubble.""",The Three Witches
The Three Witches,famousLine,"""Fair is foul, and foul is fair.""",The Three Witches
The Three Witches,themesAssociated,ambition,The Three Witches
The Three Witches,themesAssociated,fate vs. free will,The Three Witches
The Three Witches,themesAssociated,corruption,The Three Witches
Wang Tong (basketball),instanceOf,person,Wang Tong (basketball)
Wang Tong (basketball),instanceOf,basketball player,Wang Tong (basketball)
Wang Tong (basketball),sport,basketball,Wang Tong (basketball)
Wang Tong (basketball),countryOfCitizenship,China,Wang Tong (basketball)
Wang Tong (basketball),positionPlayed,center,Wang Tong (basketball)
Wang Tong (basketball),height,2.08 meters,Wang Tong (basketball)
Wang Tong (basketball),dateOfBirth,1995-07-17,Wang Tong (basketball)
Wang Tong (basketball),memberOfSportsTeam,Beijing Ducks,Wang Tong (basketball)
Wang Tong (basketball),memberOfSportsTeam,Chinese national basketball team,Wang Tong (basketball)
Wang Tong (basketball),league,Chinese Basketball Association (CBA),Wang Tong (basketball)
Wang Tong (basketball),draftedBy,Beijing Ducks (2013 CBA Draft),Wang Tong (basketball)
Wang Tong (basketball),education,Beijing Sport University,Wang Tong (basketball)
Take You Down (Illenium song),instanceOf,song,Take You Down (Illenium song)
Take You Down (Illenium song),artist,Illenium,Take You Down (Illenium song)
Take You Down (Illenium song),released,2018-08-03,Take You Down (Illenium song)
Take You Down (Illenium song),genre,electronic,Take You Down (Illenium song)
Take You Down (Illenium song),genre,dubstep,Take You Down (Illenium song)
Take You Down (Illenium song),album,Awake,Take You Down (Illenium song)
Take You Down (Illenium song),label,Astralwerks,Take You Down (Illenium song)
Take You Down (Illenium song),producer,Illenium,Take You Down (Illenium song)
Take You Down (Illenium song),writtenBy,Illenium,Take You Down (Illenium song)
Take You Down (Illenium song),writtenBy,Annika Wells,Take You Down (Illenium song)
Take You Down (Illenium song),length,4:09,Take You Down (Illenium song)
Take You Down (Illenium song),language,English,Take You Down (Illenium song)
Hideaway (1937 film),instanceOf,film,Hideaway (1937 film)
Hideaway (1937 film),releaseYear,1937,Hideaway (1937 film)
Hideaway (1937 film),genre,drama,Hideaway (1937 film)
Hideaway (1937 film),genre,crime,Hideaway (1937 film)
Hideaway (1937 film),director,Richard Rosson,Hideaway (1937 film)
Hideaway (1937 film),producer,Edward Small,Hideaway (1937 film)
Hideaway (1937 film),productionCompany,Edward Small Productions,Hideaway (1937 film)
Hideaway (1937 film),distributor,United Artists,Hideaway (1937 film)
Hideaway (1937 film),screenplay,Brian Marlow,Hideaway (1937 film)
Hideaway (1937 film),basedOn,a story by Robert Tasker,Hideaway (1937 film)
Hideaway (1937 film),starring,Raymond Hatton,Hideaway (1937 film)
Hideaway (1937 film),starring,Mary Carlisle,Hideaway (1937 film)
Hideaway (1937 film),starring,Buster Crabbe,Hideaway (1937 film)
Hideaway (1937 film),cinematography,Harry Neumann,Hideaway (1937 film)
Hideaway (1937 film),countryOfOrigin,United States,Hideaway (1937 film)
Hideaway (1937 film),language,English,Hideaway (1937 film)
Hideaway (1937 film),runtime,65 minutes,Hideaway (1937 film)
Hideaway (1937 film),color,black and white,Hideaway (1937 film)
Trustfall (song),instanceOf,song,Trustfall (song)
Trustfall (song),performedBy,P!nk,Trustfall (song)
Trustfall (song),writtenBy,P!nk,Trustfall (song)
Trustfall (song),writtenBy,Johnny McDaid,Trustfall (song)
Trustfall (song),writtenBy,Fred again..,Trustfall (song)
Trustfall (song),producedBy,Fred again..,Trustfall (song)
Trustfall (song),producedBy,Johnny McDaid,Trustfall (song)
Trustfall (song),album,Trustfall,Trustfall (song)
Trustfall (song),releaseDate,2023-01-27,Trustfall (song)
Trustfall (song),genre,pop,Trustfall (song)
Trustfall (song),genre,dance-pop,Trustfall (song)
Trustfall (song),label,RCA Records,Trustfall (song)
Trustfall (song),duration,209 seconds,Trustfall (song)
Trustfall (song),language,English,Trustfall (song)
Trustfall (song),chartPosition,US Billboard Hot 100 (peak: 9),Trustfall (song)
Trustfall (song),chartPosition,UK Singles Chart (peak: 7),Trustfall (song)
Trustfall (song),chartPosition,Australian Singles Chart (peak: 5),Trustfall (song)
Trustfall (song),musicVideo,released,Trustfall (song)
Trustfall (song),award,MTV Video Music Award nomination (2023),Trustfall (song)
United States Department of Justice Criminal Division,instanceOf,government agency,United States Department of Justice Criminal Division
United States Department of Justice Criminal Division,instanceOf,division of the U.S. Department of Justice,United States Department of Justice Criminal Division
United States Department of Justice Criminal Division,partOf,United States Department of Justice,United States Department of Justice Criminal Division
United States Department of Justice Criminal Division,headquartersLocation,"Washington, D.C.",United States Department of Justice Criminal Division
United States Department of Justice Criminal Division,established,1919,United States Department of Justice Criminal Division
United States Department of Justice Criminal Division,responsibleFor,enforcement of federal criminal laws,United States Department of Justice Criminal Division
United States Department of Justice Criminal Division,responsibleFor,prosecution of federal crimes,United States Department of Justice Criminal Division
United States Department of Justice Criminal Division,responsibleFor,investigation of public corruption,United States Department of Justice Criminal Division
United States Department of Justice Criminal Division,responsibleFor,human rights violations,United States Department of Justice Criminal Division
United States Department of Justice Criminal Division,responsibleFor,organized crime,United States Department of Justice Criminal Division
United States Department of Justice Criminal Division,responsibleFor,terrorism,United States Department of Justice Criminal Division
United States Department of Justice Criminal Division,responsibleFor,financial fraud,United States Department of Justice Criminal Division
United States Department of Justice Criminal Division,responsibleFor,cybercrime,United States Department of Justice Criminal Division
United States Department of Justice Criminal Division,responsibleFor,child exploitation,United States Department of Justice Criminal Division
United States Department of Justice Criminal Division,ledBy,Assistant Attorney General,United States Department of Justice Criminal Division
United States Department of Justice Criminal Division,currentLeader,Kenneth A. Polite Jr.,United States Department of Justice Criminal Division
United States Department of Justice Criminal Division,parentOrganization,United States Department of Justice,United States Department of Justice Criminal Division
United States Department of Justice Criminal Division,website,https://www.justice.gov/criminal,United States Department of Justice Criminal Division
United States Department of Justice Criminal Division,jurisdiction,United States,United States Department of Justice Criminal Division
United States Department of Justice Criminal Division,subOrganization,Appellate Section,United States Department of Justice Criminal Division
United States Department of Justice Criminal Division,subOrganization,Capital Case Section,United States Department of Justice Criminal Division
United States Department of Justice Criminal Division,subOrganization,Child Exploitation and Obscenity Section,United States Department of Justice Criminal Division
United States Department of Justice Criminal Division,subOrganization,Computer Crime and Intellectual Property Section,United States Department of Justice Criminal Division
United States Department of Justice Criminal Division,subOrganization,Fraud Section,United States Department of Justice Criminal Division
United States Department of Justice Criminal Division,subOrganization,Human Rights and Special Prosecutions Section,United States Department of Justice Criminal Division
United States Department of Justice Criminal Division,subOrganization,Money Laundering and Asset Recovery Section,United States Department of Justice Criminal Division
United States Department of Justice Criminal Division,subOrganization,Narcotic and Dangerous Drug Section,United States Department of Justice Criminal Division
United States Department of Justice Criminal Division,subOrganization,Organized Crime and Gang Section,United States Department of Justice Criminal Division
United States Department of Justice Criminal Division,subOrganization,"Overseas Prosecutorial Development, Assistance and Training",United States Department of Justice Criminal Division
United States Department of Justice Criminal Division,subOrganization,Policy and Statutory Enforcement Unit,United States Department of Justice Criminal Division
"Rodrigo de Sousa Coutinho, 1st Count of Linhares",instanceOf,human,"Rodrigo de Sousa Coutinho, 1st Count of Linhares"
"Rodrigo de Sousa Coutinho, 1st Count of Linhares",instanceOf,noble,"Rodrigo de Sousa Coutinho, 1st Count of Linhares"
"Rodrigo de Sousa Coutinho, 1st Count of Linhares",birthName,Rodrigo Domingos de Sousa Coutinho Teixeira de Andrade Barbosa,"Rodrigo de Sousa Coutinho, 1st Count of Linhares"
"Rodrigo de Sousa Coutinho, 1st Count of Linhares",birthDate,1755-04-04,"Rodrigo de Sousa Coutinho, 1st Count of Linhares"
"Rodrigo de Sousa Coutinho, 1st Count of Linhares",birthPlace,"Chaves, Portugal","Rodrigo de Sousa Coutinho, 1st Count of Linhares"
"Rodrigo de Sousa Coutinho, 1st Count of Linhares",deathDate,1812-01-26,"Rodrigo de Sousa Coutinho, 1st Count of Linhares"
"Rodrigo de Sousa Coutinho, 1st Count of Linhares",deathPlace,"Rio de Janeiro, Brazil","Rodrigo de Sousa Coutinho, 1st Count of Linhares"
"Rodrigo de Sousa Coutinho, 1st Count of Linhares",nationality,Portuguese,"Rodrigo de Sousa Coutinho, 1st Count of Linhares"
"Rodrigo de Sousa Coutinho, 1st Count of Linhares",occupation,statesman,"Rodrigo de Sousa Coutinho, 1st Count of Linhares"
"Rodrigo de Sousa Coutinho, 1st Count of Linhares",occupation,diplomat,"Rodrigo de Sousa Coutinho, 1st Count of Linhares"
"Rodrigo de Sousa Coutinho, 1st Count of Linhares",occupation,politician,"Rodrigo de Sousa Coutinho, 1st Count of Linhares"
"Rodrigo de Sousa Coutinho, 1st Count of Linhares",title,1st Count of Linhares,"Rodrigo de Sousa Coutinho, 1st Count of Linhares"
"Rodrigo de Sousa Coutinho, 1st Count of Linhares",title,Minister of the Navy and Overseas,"Rodrigo de Sousa Coutinho, 1st Count of Linhares"
"Rodrigo de Sousa Coutinho, 1st Count of Linhares",title,Minister of War,"Rodrigo de Sousa Coutinho, 1st Count of Linhares"
"Rodrigo de Sousa Coutinho, 1st Count of Linhares",notableWork,Reforms in Portuguese administration and economy,"Rodrigo de Sousa Coutinho, 1st Count of Linhares"
"Rodrigo de Sousa Coutinho, 1st Count of Linhares",notableWork,Promotion of Brazilian-Portuguese relations,"Rodrigo de Sousa Coutinho, 1st Count of Linhares"
"Rodrigo de Sousa Coutinho, 1st Count of Linhares",award,Order of Christ (Portugal),"Rodrigo de Sousa Coutinho, 1st Count of Linhares"
"Rodrigo de Sousa Coutinho, 1st Count of Linhares",award,Order of the Tower and Sword,"Rodrigo de Sousa Coutinho, 1st Count of Linhares"
"Rodrigo de Sousa Coutinho, 1st Count of Linhares",spouse,Maria José de Mendonça,"Rodrigo de Sousa Coutinho, 1st Count of Linhares"
"Rodrigo de Sousa Coutinho, 1st Count of Linhares",parent,Manuel de Sousa Coutinho,"Rodrigo de Sousa Coutinho, 1st Count of Linhares"
"Rodrigo de Sousa Coutinho, 1st Count of Linhares",parent,Ana Luísa Joaquina Teixeira de Andrade,"Rodrigo de Sousa Coutinho, 1st Count of Linhares"
"Rodrigo de Sousa Coutinho, 1st Count of Linhares",child,"Vitório Maria de Sousa Coutinho, 2nd Count of Linhares","Rodrigo de Sousa Coutinho, 1st Count of Linhares"
"Rodrigo de Sousa Coutinho, 1st Count of Linhares",child,Manuel Inácio de Sousa Coutinho,"Rodrigo de Sousa Coutinho, 1st Count of Linhares"
"Rodrigo de Sousa Coutinho, 1st Count of Linhares",politicalParty,None (served under the Portuguese monarchy),"Rodrigo de Sousa Coutinho, 1st Count of Linhares"
"Rodrigo de Sousa Coutinho, 1st Count of Linhares",era,Age of Enlightenment,"Rodrigo de Sousa Coutinho, 1st Count of Linhares"
"Rodrigo de Sousa Coutinho, 1st Count of Linhares",era,Napoleonic Wars,"Rodrigo de Sousa Coutinho, 1st Count of Linhares"
"Rodrigo de Sousa Coutinho, 1st Count of Linhares",associatedWith,Maria I of Portugal,"Rodrigo de Sousa Coutinho, 1st Count of Linhares"
"Rodrigo de Sousa Coutinho, 1st Count of Linhares",associatedWith,John VI of Portugal,"Rodrigo de Sousa Coutinho, 1st Count of Linhares"
"Rodrigo de Sousa Coutinho, 1st Count of Linhares",associatedWith,Transfer of the Portuguese Court to Brazil (1807–1808),"Rodrigo de Sousa Coutinho, 1st Count of Linhares"
"Rodrigo de Sousa Coutinho, 1st Count of Linhares",education,University of Coimbra,"Rodrigo de Sousa Coutinho, 1st Count of Linhares"
Starsector,instanceOf,video game,Starsector
Starsector,instanceOf,space combat simulation,Starsector
Starsector,instanceOf,single-player game,Starsector
Starsector,developer,Fractal Softworks,Starsector
Starsector,publisher,Fractal Softworks,Starsector
Starsector,genre,real-time strategy,Starsector
Starsector,genre,space trading,Starsector
Starsector,genre,space exploration,Starsector
Starsector,genre,role-playing game,Starsector
Starsector,releaseDate,2011-07-29,Starsector
Starsector,platform,Windows,Starsector
Starsector,platform,macOS,Starsector
Starsector,platform,Linux,Starsector
Starsector,gameMode,single-player,Starsector
Starsector,setting,science fiction,Starsector
Starsector,engine,custom engine,Starsector
Starsector,theme,space warfare,Starsector
Starsector,theme,faction politics,Starsector
Starsector,theme,economic simulation,Starsector
Starsector,feature,procedurally generated universe,Starsector
Starsector,feature,mod support,Starsector
Starsector,feature,ship customization,Starsector
Starsector,feature,fleet management,Starsector
Starsector,feature,base building,Starsector
Starsector,inspiredBy,Starflight,Starsector
Starsector,inspiredBy,Elite,Starsector
Starsector,inspiredBy,Privateer,Starsector
Starsector,similarTo,Endless Sky,Starsector
Starsector,similarTo,Naev,Starsector
Starsector,similarTo,X Series,Starsector
Starsector,website,https://fractalsoftworks.com/,Starsector
Starsector,steamPage,https://store.steampowered.com/app/397540/Starsector/,Starsector
Starsector,price,19.99 USD,Starsector
Starsector,language,English,Starsector
Starsector,playerCount,single-player only,Starsector
Starsector,updateFrequency,irregular major updates,Starsector
Starsector,moddingCommunity,active,Starsector
Starsector,notableMod,LazyLib,Starsector
Starsector,notableMod,GraphicsLib,Starsector
Starsector,notableMod,Nexerelin,Starsector
Starsector,notableMod,DynaSector,Starsector
Starsector,award,IndieDB Editors' Choice,Starsector
Starsector,awardYear,2011,Starsector
"Kuzkin, Volgograd Oblast",instanceOf,village,"Kuzkin, Volgograd Oblast"
"Kuzkin, Volgograd Oblast",locatedIn,Volgograd Oblast,"Kuzkin, Volgograd Oblast"
"Kuzkin, Volgograd Oblast",locatedIn,Russia,"Kuzkin, Volgograd Oblast"
"Kuzkin, Volgograd Oblast",partOfAdministrativeDivision,Mikhaylovsky District,"Kuzkin, Volgograd Oblast"
"Kuzkin, Volgograd Oblast",country,Russia,"Kuzkin, Volgograd Oblast"
"Kuzkin, Volgograd Oblast",timeZone,UTC+3,"Kuzkin, Volgograd Oblast"
"Kuzkin, Volgograd Oblast",federalSubject,Volgograd Oblast,"Kuzkin, Volgograd Oblast"
Hirudinaria (annelid),instanceOf,genus,Hirudinaria (annelid)
Hirudinaria (annelid),instanceOf,taxon,Hirudinaria (annelid)
Hirudinaria (annelid),kingdom,Animalia,Hirudinaria (annelid)
Hirudinaria (annelid),phylum,Annelida,Hirudinaria (annelid)
Hirudinaria (annelid),class,Clitellata,Hirudinaria (annelid)
Hirudinaria (annelid),subclass,Hirudinea,Hirudinaria (annelid)
Hirudinaria (annelid),order,Arhynchobdellida,Hirudinaria (annelid)
Hirudinaria (annelid),family,Hirudinidae,Hirudinaria (annelid)
Hirudinaria (annelid),commonName,Indian cattle leech,Hirudinaria (annelid)
Hirudinaria (annelid),habitat,freshwater,Hirudinaria (annelid)
Hirudinaria (annelid),habitat,tropical regions,Hirudinaria (annelid)
Hirudinaria (annelid),nativeTo,South Asia,Hirudinaria (annelid)
Hirudinaria (annelid),nativeTo,Southeast Asia,Hirudinaria (annelid)
Hirudinaria (annelid),diet,blood of mammals,Hirudinaria (annelid)
Hirudinaria (annelid),diet,vertebrates,Hirudinaria (annelid)
Hirudinaria (annelid),notableFeature,anterior and posterior suckers,Hirudinaria (annelid)
Hirudinaria (annelid),notableFeature,hirudin secretion (anticoagulant),Hirudinaria (annelid)
Hirudinaria (annelid),usedFor,traditional medicine,Hirudinaria (annelid)
Hirudinaria (annelid),usedFor,bloodletting,Hirudinaria (annelid)
Hirudinaria (annelid),synonym,Poecilobdella,Hirudinaria (annelid)
Hirudinaria (annelid),speciesExample,Hirudinaria manillensis,Hirudinaria (annelid)
Robbie Ryan (cinematographer),instanceOf,person,Robbie Ryan (cinematographer)
Robbie Ryan (cinematographer),instanceOf,cinematographer,Robbie Ryan (cinematographer)
Robbie Ryan (cinematographer),occupation,cinematographer,Robbie Ryan (cinematographer)
Robbie Ryan (cinematographer),birthDate,1977,Robbie Ryan (cinematographer)
Robbie Ryan (cinematographer),birthPlace,"Dublin, Ireland",Robbie Ryan (cinematographer)
Robbie Ryan (cinematographer),nationality,Irish,Robbie Ryan (cinematographer)
Robbie Ryan (cinematographer),notableWork,The Favourite,Robbie Ryan (cinematographer)
Robbie Ryan (cinematographer),notableWork,American Honey,Robbie Ryan (cinematographer)
Robbie Ryan (cinematographer),notableWork,Poor Things,Robbie Ryan (cinematographer)
Robbie Ryan (cinematographer),notableWork,Wuthering Heights,Robbie Ryan (cinematographer)
Robbie Ryan (cinematographer),notableWork,Fish Tank,Robbie Ryan (cinematographer)
Robbie Ryan (cinematographer),award,Academy Award for Best Cinematography (nominated),Robbie Ryan (cinematographer)
Robbie Ryan (cinematographer),award,BAFTA Award for Best Cinematography (nominated),Robbie Ryan (cinematographer)
Robbie Ryan (cinematographer),award,Independent Spirit Award for Best Cinematography (won),Robbie Ryan (cinematographer)
Robbie Ryan (cinematographer),collaboratedWith,Yorgos Lanthimos,Robbie Ryan (cinematographer)
Robbie Ryan (cinematographer),collaboratedWith,Andrea Arnold,Robbie Ryan (cinematographer)
Robbie Ryan (cinematographer),collaboratedWith,Ken Loach,Robbie Ryan (cinematographer)
Robbie Ryan (cinematographer),education,"Dún Laoghaire Institute of Art, Design and Technology",Robbie Ryan (cinematographer)
Robbie Ryan (cinematographer),spouse,Una Ni Dhonghaile,Robbie Ryan (cinematographer)
Robbie Ryan (cinematographer),memberOf,British Society of Cinematographers,Robbie Ryan (cinematographer)
Robbie Ryan (cinematographer),memberOf,Irish Society of Cinematographers,Robbie Ryan (cinematographer)
Dmitry Petrovich Dokhturov,instanceOf,human,Dmitry Petrovich Dokhturov
Dmitry Petrovich Dokhturov,instanceOf,military personnel,Dmitry Petrovich Dokhturov
Dmitry Petrovich Dokhturov,birthDate,1759-09-12,Dmitry Petrovich Dokhturov
Dmitry Petrovich Dokhturov,deathDate,1816-11-14,Dmitry Petrovich Dokhturov
Dmitry Petrovich Dokhturov,birthPlace,"Kostroma Governorate, Russian Empire",Dmitry Petrovich Dokhturov
Dmitry Petrovich Dokhturov,deathPlace,"Moscow, Russian Empire",Dmitry Petrovich Dokhturov
Dmitry Petrovich Dokhturov,occupation,general,Dmitry Petrovich Dokhturov
Dmitry Petrovich Dokhturov,militaryBranch,Imperial Russian Army,Dmitry Petrovich Dokhturov
Dmitry Petrovich Dokhturov,notableFor,Napoleonic Wars,Dmitry Petrovich Dokhturov
Dmitry Petrovich Dokhturov,notableFor,Battle of Austerlitz,Dmitry Petrovich Dokhturov
Dmitry Petrovich Dokhturov,notableFor,Battle of Borodino,Dmitry Petrovich Dokhturov
Dmitry Petrovich Dokhturov,awardReceived,Order of St. George (2nd class),Dmitry Petrovich Dokhturov
Dmitry Petrovich Dokhturov,awardReceived,Order of St. Alexander Nevsky,Dmitry Petrovich Dokhturov
Dmitry Petrovich Dokhturov,awardReceived,Order of St. Vladimir (1st class),Dmitry Petrovich Dokhturov
Dmitry Petrovich Dokhturov,commanded,6th Infantry Division,Dmitry Petrovich Dokhturov
Dmitry Petrovich Dokhturov,commanded,Russian forces at Smolensk (1812),Dmitry Petrovich Dokhturov
Dmitry Petrovich Dokhturov,participatedIn,Battle of Eylau,Dmitry Petrovich Dokhturov
Dmitry Petrovich Dokhturov,participatedIn,Battle of Friedland,Dmitry Petrovich Dokhturov
Dmitry Petrovich Dokhturov,participatedIn,French invasion of Russia,Dmitry Petrovich Dokhturov
Krouna train accident,instanceOf,railway accident,Krouna train accident
Krouna train accident,location,Krouna,Krouna train accident
Krouna train accident,location,Czech Republic,Krouna train accident
Krouna train accident,date,2003-06-24,Krouna train accident
Krouna train accident,cause,human error,Krouna train accident
Krouna train accident,number of fatalities,19,Krouna train accident
Krouna train accident,number of injuries,35,Krouna train accident
Krouna train accident,involved trains,passenger train,Krouna train accident
Krouna train accident,involved trains,freight train,Krouna train accident
Krouna train accident,railway line,Pardubice–Havlíčkův Brod,Krouna train accident
2012 OFC Nations Cup final,instanceOf,football match,2012 OFC Nations Cup final
2012 OFC Nations Cup final,partOf,2012 OFC Nations Cup,2012 OFC Nations Cup final
2012 OFC Nations Cup final,date,2012-06-10,2012 OFC Nations Cup final
2012 OFC Nations Cup final,location,Honiara,2012 OFC Nations Cup final
2012 OFC Nations Cup final,location,Solomon Islands,2012 OFC Nations Cup final
2012 OFC Nations Cup final,stadium,Lawson Tama Stadium,2012 OFC Nations Cup final
2012 OFC Nations Cup final,participant,Tahiti,2012 OFC Nations Cup final
2012 OFC Nations Cup final,participant,New Caledonia,2012 OFC Nations Cup final
2012 OFC Nations Cup final,winner,Tahiti,2012 OFC Nations Cup final
2012 OFC Nations Cup final,score,1-0,2012 OFC Nations Cup final
2012 OFC Nations Cup final,attendance,10000,2012 OFC Nations Cup final
2012 OFC Nations Cup final,referee,Peter O'Leary,2012 OFC Nations Cup final
2012 OFC Nations Cup final,topScorer,Steevy Chong Hue,2012 OFC Nations Cup final
2012 OFC Nations Cup final,goalsScored,1,2012 OFC Nations Cup final
Vipera berus sachalinensis,instanceOf,subspecies,Vipera berus sachalinensis
Vipera berus sachalinensis,subspeciesOf,Vipera berus,Vipera berus sachalinensis
Vipera berus sachalinensis,commonName,Sakhalin adder,Vipera berus sachalinensis
Vipera berus sachalinensis,commonName,Sakhalin viper,Vipera berus sachalinensis
Vipera berus sachalinensis,taxonRank,subspecies,Vipera berus sachalinensis
Vipera berus sachalinensis,scientificName,Vipera berus sachalinensis,Vipera berus sachalinensis
Vipera berus sachalinensis,parentTaxon,Vipera berus,Vipera berus sachalinensis
Vipera berus sachalinensis,family,Viperidae,Vipera berus sachalinensis
Vipera berus sachalinensis,genus,Vipera,Vipera berus sachalinensis
Vipera berus sachalinensis,nativeTo,Sakhalin Island,Vipera berus sachalinensis
Vipera berus sachalinensis,nativeTo,Russian Far East,Vipera berus sachalinensis
Vipera berus sachalinensis,conservationStatus,Least Concern (IUCN),Vipera berus sachalinensis
Vipera berus sachalinensis,venomous,true,Vipera berus sachalinensis
Vipera berus sachalinensis,habitat,forests,Vipera berus sachalinensis
Vipera berus sachalinensis,habitat,meadows,Vipera berus sachalinensis
Vipera berus sachalinensis,habitat,rocky areas,Vipera berus sachalinensis
Vipera berus sachalinensis,diet,small mammals,Vipera berus sachalinensis
Vipera berus sachalinensis,diet,birds,Vipera berus sachalinensis
Vipera berus sachalinensis,diet,amphibians,Vipera berus sachalinensis
Vipera berus sachalinensis,reproduction,ovoviviparous,Vipera berus sachalinensis
John Ireland (cricketer),instanceOf,person,John Ireland (cricketer)
John Ireland (cricketer),instanceOf,cricketer,John Ireland (cricketer)
John Ireland (cricketer),fullName,John Ireland,John Ireland (cricketer)
John Ireland (cricketer),dateOfBirth,1850,John Ireland (cricketer)
John Ireland (cricketer),dateOfDeath,1927,John Ireland (cricketer)
John Ireland (cricketer),countryOfCitizenship,United Kingdom,John Ireland (cricketer)
John Ireland (cricketer),sport,cricket,John Ireland (cricketer)
John Ireland (cricketer),playingRole,batsman,John Ireland (cricketer)
John Ireland (cricketer),battingStyle,right-handed,John Ireland (cricketer)
John Ireland (cricketer),bowlingStyle,right-arm medium,John Ireland (cricketer)
John Ireland (cricketer),teamsPlayedFor,Cambridge University Cricket Club,John Ireland (cricketer)
John Ireland (cricketer),teamsPlayedFor,Middlesex County Cricket Club,John Ireland (cricketer)
John Ireland (cricketer),notableMatch,1870 University Match (Cambridge vs Oxford),John Ireland (cricketer)
John Ireland (cricketer),education,"Trinity College, Cambridge",John Ireland (cricketer)
John Ireland (cricketer),occupation,cricketer,John Ireland (cricketer)
John Ireland (cricketer),occupation,clergyman,John Ireland (cricketer)
John Ireland (cricketer),religion,Church of England,John Ireland (cricketer)
John Ireland (cricketer),notableAchievement,Scored 100 runs in a match for Cambridge University,John Ireland (cricketer)
John Ireland (cricketer),careerSpan,1870-1875,John Ireland (cricketer)
Australia at the 2018 Winter Olympics,instanceOf,Olympic team participation,Australia at the 2018 Winter Olympics
Australia at the 2018 Winter Olympics,country,Australia,Australia at the 2018 Winter Olympics
Australia at the 2018 Winter Olympics,event,2018 Winter Olympics,Australia at the 2018 Winter Olympics
Australia at the 2018 Winter Olympics,hostCity,Pyeongchang,Australia at the 2018 Winter Olympics
Australia at the 2018 Winter Olympics,hostCountry,South Korea,Australia at the 2018 Winter Olympics
Australia at the 2018 Winter Olympics,startDate,2018-02-09,Australia at the 2018 Winter Olympics
Australia at the 2018 Winter Olympics,endDate,2018-02-25,Australia at the 2018 Winter Olympics
Australia at the 2018 Winter Olympics,flagBearerOpening,Scott James,Australia at the 2018 Winter Olympics
Australia at the 2018 Winter Olympics,flagBearerClosing,Jarryd Hughes,Australia at the 2018 Winter Olympics
Australia at the 2018 Winter Olympics,teamSize,51,Australia at the 2018 Winter Olympics
Australia at the 2018 Winter Olympics,medalsWon,3,Australia at the 2018 Winter Olympics
Australia at the 2018 Winter Olympics,goldMedals,0,Australia at the 2018 Winter Olympics
Australia at the 2018 Winter Olympics,silverMedals,2,Australia at the 2018 Winter Olympics
Australia at the 2018 Winter Olympics,bronzeMedals,1,Australia at the 2018 Winter Olympics
Australia at the 2018 Winter Olympics,silverMedalists,Matt Graham (Moguls),Australia at the 2018 Winter Olympics
Australia at the 2018 Winter Olympics,silverMedalists,Jarryd Hughes (Snowboard Cross),Australia at the 2018 Winter Olympics
Australia at the 2018 Winter Olympics,bronzeMedalists,Scotty James (Halfpipe),Australia at the 2018 Winter Olympics
Australia at the 2018 Winter Olympics,sportsParticipated,Alpine skiing,Australia at the 2018 Winter Olympics
Australia at the 2018 Winter Olympics,sportsParticipated,Cross-country skiing,Australia at the 2018 Winter Olympics
Australia at the 2018 Winter Olympics,sportsParticipated,Freestyle skiing,Australia at the 2018 Winter Olympics
Australia at the 2018 Winter Olympics,sportsParticipated,Snowboarding,Australia at the 2018 Winter Olympics
Australia at the 2018 Winter Olympics,sportsParticipated,Short track speed skating,Australia at the 2018 Winter Olympics
Australia at the 2018 Winter Olympics,sportsParticipated,Figure skating,Australia at the 2018 Winter Olympics
Australia at the 2018 Winter Olympics,sportsParticipated,Skeleton,Australia at the 2018 Winter Olympics
Australia at the 2018 Winter Olympics,notableAthletes,Scotty James,Australia at the 2018 Winter Olympics
Australia at the 2018 Winter Olympics,notableAthletes,Matt Graham,Australia at the 2018 Winter Olympics
Australia at the 2018 Winter Olympics,notableAthletes,Jarryd Hughes,Australia at the 2018 Winter Olympics
Australia at the 2018 Winter Olympics,notableAthletes,Brittany Cox,Australia at the 2018 Winter Olympics
Australia at the 2018 Winter Olympics,notableAthletes,Emily Arthur,Australia at the 2018 Winter Olympics
Australia at the 2018 Winter Olympics,chefDeMission,Ian Chesterman,Australia at the 2018 Winter Olympics
"St Peter Parmentergate, Norwich",instanceOf,church,"St Peter Parmentergate, Norwich"
"St Peter Parmentergate, Norwich",instanceOf,Grade I listed building,"St Peter Parmentergate, Norwich"
"St Peter Parmentergate, Norwich",location,Norwich,"St Peter Parmentergate, Norwich"
"St Peter Parmentergate, Norwich",location,Norfolk,"St Peter Parmentergate, Norwich"
"St Peter Parmentergate, Norwich",location,England,"St Peter Parmentergate, Norwich"
"St Peter Parmentergate, Norwich",country,United Kingdom,"St Peter Parmentergate, Norwich"
"St Peter Parmentergate, Norwich",denomination,Church of England,"St Peter Parmentergate, Norwich"
"St Peter Parmentergate, Norwich",architecturalStyle,Perpendicular Gothic,"St Peter Parmentergate, Norwich"
"St Peter Parmentergate, Norwich",dateBuilt,15th century,"St Peter Parmentergate, Norwich"
"St Peter Parmentergate, Norwich",notableFeature,flint and stone construction,"St Peter Parmentergate, Norwich"
"St Peter Parmentergate, Norwich",notableFeature,tower,"St Peter Parmentergate, Norwich"
"St Peter Parmentergate, Norwich",notableFeature,stained glass windows,"St Peter Parmentergate, Norwich"
"St Peter Parmentergate, Norwich",currentStatus,active parish church,"St Peter Parmentergate, Norwich"
"St Peter Parmentergate, Norwich",coordinates,"52.6286° N, 1.2925° E","St Peter Parmentergate, Norwich"
"St Peter Parmentergate, Norwich",partOf,Diocese of Norwich,"St Peter Parmentergate, Norwich"
1971 Tour of Flanders,instanceOf,cycling race,1971 Tour of Flanders
1971 Tour of Flanders,instanceOf,one-day race,1971 Tour of Flanders
1971 Tour of Flanders,partOf,UCI Road World Cup,1971 Tour of Flanders
1971 Tour of Flanders,editionOf,Tour of Flanders,1971 Tour of Flanders
1971 Tour of Flanders,date,1971-03-28,1971 Tour of Flanders
1971 Tour of Flanders,startLocation,Ghent,1971 Tour of Flanders
1971 Tour of Flanders,finishLocation,Meerbeke,1971 Tour of Flanders
1971 Tour of Flanders,distance,268 kilometers,1971 Tour of Flanders
1971 Tour of Flanders,winner,Eddy Merckx,1971 Tour of Flanders
1971 Tour of Flanders,winnerNationality,Belgian,1971 Tour of Flanders
1971 Tour of Flanders,secondPlace,Frans Verbeeck,1971 Tour of Flanders
1971 Tour of Flanders,thirdPlace,Cyrille Guimard,1971 Tour of Flanders
1971 Tour of Flanders,organizer,Flanders Classics,1971 Tour of Flanders
1971 Tour of Flanders,notableFeature,Koppenberg climb,1971 Tour of Flanders
1971 Tour of Flanders,notableFeature,Oude Kwaremont climb,1971 Tour of Flanders
1971 Tour of Flanders,notableFeature,Muur van Geraardsbergen climb,1971 Tour of Flanders
2010 Rochdale Metropolitan Borough Council election,instanceOf,local election,2010 Rochdale Metropolitan Borough Council election
2010 Rochdale Metropolitan Borough Council election,instanceOf,election,2010 Rochdale Metropolitan Borough Council election
2010 Rochdale Metropolitan Borough Council election,partOf,2010 United Kingdom local elections,2010 Rochdale Metropolitan Borough Council election
2010 Rochdale Metropolitan Borough Council election,location,Rochdale Metropolitan Borough Council,2010 Rochdale Metropolitan Borough Council election
2010 Rochdale Metropolitan Borough Council election,date,2010-05-06,2010 Rochdale Metropolitan Borough Council election
2010 Rochdale Metropolitan Borough Council election,elects,councillors,2010 Rochdale Metropolitan Borough Council election
2010 Rochdale Metropolitan Borough Council election,elects,members of Rochdale Metropolitan Borough Council,2010 Rochdale Metropolitan Borough Council election
2010 Rochdale Metropolitan Borough Council election,numberOfSeats,20,2010 Rochdale Metropolitan Borough Council election
2010 Rochdale Metropolitan Borough Council election,follows,2008 Rochdale Metropolitan Borough Council election,2010 Rochdale Metropolitan Borough Council election
2010 Rochdale Metropolitan Borough Council election,precedes,2011 Rochdale Metropolitan Borough Council election,2010 Rochdale Metropolitan Borough Council election
2010 Rochdale Metropolitan Borough Council election,votingSystem,first-past-the-post,2010 Rochdale Metropolitan Borough Council election
2010 Rochdale Metropolitan Borough Council election,result,Labour Party gained control,2010 Rochdale Metropolitan Borough Council election
2010 Rochdale Metropolitan Borough Council election,councilControlBefore,no overall control,2010 Rochdale Metropolitan Borough Council election
2010 Rochdale Metropolitan Borough Council election,councilControlAfter,Labour Party,2010 Rochdale Metropolitan Borough Council election
2010 Rochdale Metropolitan Borough Council election,seatsWonBy,Labour Party,2010 Rochdale Metropolitan Borough Council election
2010 Rochdale Metropolitan Borough Council election,seatsWonBy,Conservative Party,2010 Rochdale Metropolitan Borough Council election
2010 Rochdale Metropolitan Borough Council election,seatsWonBy,Liberal Democrats,2010 Rochdale Metropolitan Borough Council election
2010 Rochdale Metropolitan Borough Council election,seatsWonBy,BNP,2010 Rochdale Metropolitan Borough Council election
2010 Rochdale Metropolitan Borough Council election,seatsWonCount,Labour Party: 12,2010 Rochdale Metropolitan Borough Council election
2010 Rochdale Metropolitan Borough Council election,seatsWonCount,Conservative Party: 5,2010 Rochdale Metropolitan Borough Council election
2010 Rochdale Metropolitan Borough Council election,seatsWonCount,Liberal Democrats: 2,2010 Rochdale Metropolitan Borough Council election
2010 Rochdale Metropolitan Borough Council election,seatsWonCount,BNP: 1,2010 Rochdale Metropolitan Borough Council election
2010 Rochdale Metropolitan Borough Council election,turnout,approximately 60%,2010 Rochdale Metropolitan Borough Council election
2010 Rochdale Metropolitan Borough Council election,heldSimultaneouslyWith,2010 United Kingdom general election,2010 Rochdale Metropolitan Borough Council election
"St John the Evangelist's Church, Abram",instanceOf,church,"St John the Evangelist's Church, Abram"
"St John the Evangelist's Church, Abram",denomination,Church of England,"St John the Evangelist's Church, Abram"
"St John the Evangelist's Church, Abram",location,"Abram, Greater Manchester, England","St John the Evangelist's Church, Abram"
"St John the Evangelist's Church, Abram",dedicatedTo,John the Evangelist,"St John the Evangelist's Church, Abram"
"St John the Evangelist's Church, Abram",architecturalStyle,Gothic Revival,"St John the Evangelist's Church, Abram"
"St John the Evangelist's Church, Abram",completed,1893,"St John the Evangelist's Church, Abram"
"St John the Evangelist's Church, Abram",architect,J. Medland Taylor,"St John the Evangelist's Church, Abram"
"St John the Evangelist's Church, Abram",listedBuildingStatus,Grade II,"St John the Evangelist's Church, Abram"
"St John the Evangelist's Church, Abram",diocese,Diocese of Liverpool,"St John the Evangelist's Church, Abram"
Pilagás Department,instanceOf,administrative territorial entity,Pilagás Department
Pilagás Department,instanceOf,department of Argentina,Pilagás Department
Pilagás Department,locatedIn,Formosa Province,Pilagás Department
Pilagás Department,country,Argentina,Pilagás Department
Pilagás Department,capital,El Espinillo,Pilagás Department
Pilagás Department,population,18399,Pilagás Department
Pilagás Department,populationYear,2010,Pilagás Department
Pilagás Department,area,3041 square kilometers,Pilagás Department
Pilagás Department,neighboringDepartment,Pirané Department,Pilagás Department
Pilagás Department,neighboringDepartment,Patiño Department,Pilagás Department
Pilagás Department,neighboringDepartment,Bermejo Department,Pilagás Department
Pilagás Department,neighboringDepartment,Ramon Lista Department,Pilagás Department
White-headed wren,instanceOf,species,White-headed wren
White-headed wren,instanceOf,bird,White-headed wren
White-headed wren,scientificName,Campylorhynchus albobrunneus,White-headed wren
White-headed wren,family,Troglodytidae,White-headed wren
White-headed wren,genus,Campylorhynchus,White-headed wren
White-headed wren,habitat,tropical forests,White-headed wren
White-headed wren,habitat,subtropical forests,White-headed wren
White-headed wren,nativeTo,Colombia,White-headed wren
White-headed wren,nativeTo,Panama,White-headed wren
White-headed wren,nativeTo,Ecuador,White-headed wren
White-headed wren,diet,insects,White-headed wren
White-headed wren,diet,spiders,White-headed wren
White-headed wren,diet,small invertebrates,White-headed wren
White-headed wren,conservationStatus,Least Concern,White-headed wren
White-headed wren,distinctiveFeature,white head,White-headed wren
White-headed wren,distinctiveFeature,brown body,White-headed wren
White-headed wren,behavior,social,White-headed wren
White-headed wren,behavior,vocal,White-headed wren
White-headed wren,length,18-20 cm,White-headed wren
White-headed wren,songType,loud and complex,White-headed wren
Gutsbezirk Reinhardswald,instanceOf,unincorporated area,Gutsbezirk Reinhardswald
Gutsbezirk Reinhardswald,instanceOf,forest district,Gutsbezirk Reinhardswald
Gutsbezirk Reinhardswald,locatedIn,Hesse,Gutsbezirk Reinhardswald
Gutsbezirk Reinhardswald,locatedIn,Germany,Gutsbezirk Reinhardswald
Gutsbezirk Reinhardswald,partOf,Kassel district,Gutsbezirk Reinhardswald
Gutsbezirk Reinhardswald,type,state forest,Gutsbezirk Reinhardswald
Gutsbezirk Reinhardswald,area,approximately 182 square kilometers,Gutsbezirk Reinhardswald
Gutsbezirk Reinhardswald,namedAfter,Reinhardswald forest,Gutsbezirk Reinhardswald
Gutsbezirk Reinhardswald,administrativeStatus,unincorporated communal forest,Gutsbezirk Reinhardswald
Gutsbezirk Reinhardswald,governedBy,Hessian state forest administration,Gutsbezirk Reinhardswald
Gutsbezirk Reinhardswald,notableFeature,Dornröschen castle ruins,Gutsbezirk Reinhardswald
Gutsbezirk Reinhardswald,notableFeature,Urwald Sababurg (primeval forest),Gutsbezirk Reinhardswald
Gutsbezirk Reinhardswald,borders,Hofgeismar,Gutsbezirk Reinhardswald
Gutsbezirk Reinhardswald,borders,Grebenstein,Gutsbezirk Reinhardswald
Gutsbezirk Reinhardswald,borders,Immenhausen,Gutsbezirk Reinhardswald
Gutsbezirk Reinhardswald,borders,Trendelburg,Gutsbezirk Reinhardswald
Jeanette Rodríguez (actress),instanceOf,human,Jeanette Rodríguez (actress)
Jeanette Rodríguez (actress),instanceOf,actress,Jeanette Rodríguez (actress)
Jeanette Rodríguez (actress),birthName,Jeanette Rodríguez del Valle,Jeanette Rodríguez (actress)
Jeanette Rodríguez (actress),dateOfBirth,1961-05-16,Jeanette Rodríguez (actress)
Jeanette Rodríguez (actress),placeOfBirth,"Caracas, Venezuela",Jeanette Rodríguez (actress)
Jeanette Rodríguez (actress),nationality,Venezuelan,Jeanette Rodríguez (actress)
Jeanette Rodríguez (actress),occupation,actress,Jeanette Rodríguez (actress)
Jeanette Rodríguez (actress),occupation,singer,Jeanette Rodríguez (actress)
Jeanette Rodríguez (actress),notableWork,Cristal (telenovela),Jeanette Rodríguez (actress)
Jeanette Rodríguez (actress),notableWork,Leonela (telenovela),Jeanette Rodríguez (actress)
Jeanette Rodríguez (actress),notableWork,La Dama de Rosa,Jeanette Rodríguez (actress)
Jeanette Rodríguez (actress),award,Premio ACE (1986),Jeanette Rodríguez (actress)
Jeanette Rodríguez (actress),award,Premio Mara de Oro (1980s),Jeanette Rodríguez (actress)
Jeanette Rodríguez (actress),spouse,Osvaldo Ríos (1990–1993),Jeanette Rodríguez (actress)
Jeanette Rodríguez (actress),child,Osvaldo Ríos Rodríguez,Jeanette Rodríguez (actress)
Jeanette Rodríguez (actress),activeYearsStartYear,1979,Jeanette Rodríguez (actress)
Jeanette Rodríguez (actress),genre,telenovela,Jeanette Rodríguez (actress)
Jeanette Rodríguez (actress),language,Spanish,Jeanette Rodríguez (actress)
Jeanette Rodríguez (actress),associatedWith,RCTV (Venezuela),Jeanette Rodríguez (actress)
Jeanette Rodríguez (actress),associatedWith,Telemundo,Jeanette Rodríguez (actress)
Jeanette Rodríguez (actress),associatedWith,Venevisión,Jeanette Rodríguez (actress)
Linlithgow Sheriff Court,instanceOf,Sheriff Court,Linlithgow Sheriff Court
Linlithgow Sheriff Court,locatedIn,Linlithgow,Linlithgow Sheriff Court
Linlithgow Sheriff Court,locatedIn,West Lothian,Linlithgow Sheriff Court
Linlithgow Sheriff Court,locatedIn,Scotland,Linlithgow Sheriff Court
Linlithgow Sheriff Court,locatedIn,United Kingdom,Linlithgow Sheriff Court
Linlithgow Sheriff Court,jurisdiction,West Lothian,Linlithgow Sheriff Court
Linlithgow Sheriff Court,partOf,Scottish Courts and Tribunals Service,Linlithgow Sheriff Court
Linlithgow Sheriff Court,handles,civil cases,Linlithgow Sheriff Court
Linlithgow Sheriff Court,handles,criminal cases,Linlithgow Sheriff Court
Linlithgow Sheriff Court,handles,family law cases,Linlithgow Sheriff Court
Linlithgow Sheriff Court,address,"High Street, Linlithgow, West Lothian, EH49 7EX",Linlithgow Sheriff Court
Linlithgow Sheriff Court,established,19th century,Linlithgow Sheriff Court
Linlithgow Sheriff Court,buildingType,court building,Linlithgow Sheriff Court
North Carolina Highway 125,instanceOf,state highway,North Carolina Highway 125
North Carolina Highway 125,locatedIn,North Carolina,North Carolina Highway 125
North Carolina Highway 125,locatedIn,United States,North Carolina Highway 125
North Carolina Highway 125,routeNumber,125,North Carolina Highway 125
North Carolina Highway 125,maintainedBy,North Carolina Department of Transportation,North Carolina Highway 125
North Carolina Highway 125,startsAt,"US Highway 64 in Columbia, North Carolina",North Carolina Highway 125
North Carolina Highway 125,endsAt,"North Carolina Highway 94 near Creswell, North Carolina",North Carolina Highway 125
North Carolina Highway 125,length,approximately 15 miles,North Carolina Highway 125
North Carolina Highway 125,passesThrough,Tyrrell County,North Carolina Highway 125
North Carolina Highway 125,type,secondary road,North Carolina Highway 125
Owston's Warehouse,instanceOf,building,Owston's Warehouse
Owston's Warehouse,instanceOf,historic site,Owston's Warehouse
Owston's Warehouse,locatedIn,Sheffield,Owston's Warehouse
Owston's Warehouse,locatedIn,South Yorkshire,Owston's Warehouse
Owston's Warehouse,locatedIn,England,Owston's Warehouse
Owston's Warehouse,locatedIn,United Kingdom,Owston's Warehouse
Owston's Warehouse,architecturalStyle,Victorian,Owston's Warehouse
Owston's Warehouse,dateConstructed,1874,Owston's Warehouse
Owston's Warehouse,originalUse,cutlery warehouse,Owston's Warehouse
Owston's Warehouse,currentUse,office space,Owston's Warehouse
Owston's Warehouse,currentUse,retail space,Owston's Warehouse
Owston's Warehouse,listedBuildingGrade,II,Owston's Warehouse
Owston's Warehouse,architect,Samuel Worth,Owston's Warehouse
Owston's Warehouse,nearbyLandmark,Sheffield Town Hall,Owston's Warehouse
Owston's Warehouse,nearbyLandmark,Winter Garden,Owston's Warehouse
1988 NCAA Division II football season,instanceOf,NCAA Division II football season,1988 NCAA Division II football season
1988 NCAA Division II football season,partOf,NCAA Division II football,1988 NCAA Division II football season
1988 NCAA Division II football season,startDate,1988-09-01,1988 NCAA Division II football season
1988 NCAA Division II football season,endDate,1988-12-10,1988 NCAA Division II football season
1988 NCAA Division II football season,champion,North Dakota State Bison,1988 NCAA Division II football season
1988 NCAA Division II football season,runnerUp,Portland State Vikings,1988 NCAA Division II football season
1988 NCAA Division II football season,numberOfTeams,136,1988 NCAA Division II football season
1988 NCAA Division II football season,MVP,Stacey Robinson (North Dakota State),1988 NCAA Division II football season
1988 NCAA Division II football season,HeismanEquivalentAward,Harlon Hill Trophy,1988 NCAA Division II football season
1988 NCAA Division II football season,HarlonHillTrophyWinner,Chris Simms (New Haven),1988 NCAA Division II football season
1988 NCAA Division II football season,notableEvent,North Dakota State won its fourth NCAA Division II Football Championship,1988 NCAA Division II football season
Hof HaSharon Regional Council,instanceOf,regional council,Hof HaSharon Regional Council
Hof HaSharon Regional Council,instanceOf,local government in Israel,Hof HaSharon Regional Council
Hof HaSharon Regional Council,locatedIn,Central District,Hof HaSharon Regional Council
Hof HaSharon Regional Council,locatedIn,Israel,Hof HaSharon Regional Council
Hof HaSharon Regional Council,established,1940,Hof HaSharon Regional Council
Hof HaSharon Regional Council,headquarters,Kfar Saba,Hof HaSharon Regional Council
Hof HaSharon Regional Council,population,"approximately 45,000",Hof HaSharon Regional Council
Hof HaSharon Regional Council,area,approximately 120 square kilometers,Hof HaSharon Regional Council
Hof HaSharon Regional Council,governs,14 communities,Hof HaSharon Regional Council
Hof HaSharon Regional Council,governs,Even Yehuda,Hof HaSharon Regional Council
Hof HaSharon Regional Council,governs,Kfar Yona,Hof HaSharon Regional Council
Hof HaSharon Regional Council,governs,Tel Mond,Hof HaSharon Regional Council
Hof HaSharon Regional Council,governs,Bnei Dror,Hof HaSharon Regional Council
Hof HaSharon Regional Council,governs,Ganot Hadar,Hof HaSharon Regional Council
Hof HaSharon Regional Council,governs,Kfar Netter,Hof HaSharon Regional Council
Hof HaSharon Regional Council,governs,Kfar Hess,Hof HaSharon Regional Council
Hof HaSharon Regional Council,governs,Beit Yehoshua,Hof HaSharon Regional Council
Hof HaSharon Regional Council,governs,Haniel,Hof HaSharon Regional Council
Hof HaSharon Regional Council,governs,Kfar Vitkin,Hof HaSharon Regional Council
Hof HaSharon Regional Council,governs,Mishmeret,Hof HaSharon Regional Council
Hof HaSharon Regional Council,governs,Nordia,Hof HaSharon Regional Council
Hof HaSharon Regional Council,governs,Olesh,Hof HaSharon Regional Council
Hof HaSharon Regional Council,governs,Sha'ar Efraim,Hof HaSharon Regional Council
Hof HaSharon Regional Council,officialWebsite,https://www.hofhasharon.co.il,Hof HaSharon Regional Council
Hof HaSharon Regional Council,leaderTitle,Head of Council,Hof HaSharon Regional Council
Hof HaSharon Regional Council,currentLeader,Eli Braun,Hof HaSharon Regional Council
Wiener Gruppe,instanceOf,literary group,Wiener Gruppe
Wiener Gruppe,instanceOf,artistic movement,Wiener Gruppe
Wiener Gruppe,foundedInYear,1954,Wiener Gruppe
Wiener Gruppe,dissolvedInYear,1964,Wiener Gruppe
Wiener Gruppe,location,Vienna,Wiener Gruppe
Wiener Gruppe,country,Austria,Wiener Gruppe
Wiener Gruppe,associatedWith,experimental literature,Wiener Gruppe
Wiener Gruppe,associatedWith,concrete poetry,Wiener Gruppe
Wiener Gruppe,associatedWith,avant-garde,Wiener Gruppe
Wiener Gruppe,influencedBy,Dadaism,Wiener Gruppe
Wiener Gruppe,influencedBy,Surrealism,Wiener Gruppe
Wiener Gruppe,keyMember,H.C. Artmann,Wiener Gruppe
Wiener Gruppe,keyMember,Friedrich Achleitner,Wiener Gruppe
Wiener Gruppe,keyMember,Konrad Bayer,Wiener Gruppe
Wiener Gruppe,keyMember,Gerhard Rühm,Wiener Gruppe
Wiener Gruppe,keyMember,Oswald Wiener,Wiener Gruppe
Wiener Gruppe,notableWork,hosn rosn baa,Wiener Gruppe
Wiener Gruppe,notableWork,die wiener gruppe: ein moment der moderne,Wiener Gruppe
Wiener Gruppe,language,German,Wiener Gruppe
Wiener Gruppe,influenced,Austrian literature,Wiener Gruppe
Wiener Gruppe,influenced,experimental poetry,Wiener Gruppe
Anna Fontcuberta i Morral,instanceOf,person,Anna Fontcuberta i Morral
Anna Fontcuberta i Morral,instanceOf,scientist,Anna Fontcuberta i Morral
Anna Fontcuberta i Morral,occupation,physicist,Anna Fontcuberta i Morral
Anna Fontcuberta i Morral,occupation,professor,Anna Fontcuberta i Morral
Anna Fontcuberta i Morral,fieldOfStudy,materials science,Anna Fontcuberta i Morral
Anna Fontcuberta i Morral,fieldOfStudy,nanotechnology,Anna Fontcuberta i Morral
Anna Fontcuberta i Morral,fieldOfStudy,semiconductor physics,Anna Fontcuberta i Morral
Anna Fontcuberta i Morral,employer,École Polytechnique Fédérale de Lausanne (EPFL),Anna Fontcuberta i Morral
Anna Fontcuberta i Morral,position,Professor,Anna Fontcuberta i Morral
Anna Fontcuberta i Morral,position,Head of Laboratory of Semiconductor Materials,Anna Fontcuberta i Morral
Anna Fontcuberta i Morral,almaMater,Universitat de Barcelona,Anna Fontcuberta i Morral
Anna Fontcuberta i Morral,almaMater,École Polytechnique,Anna Fontcuberta i Morral
Anna Fontcuberta i Morral,doctoralAdvisor,Pere Roca i Cabarrocas,Anna Fontcuberta i Morral
Anna Fontcuberta i Morral,award,ERC Consolidator Grant,Anna Fontcuberta i Morral
Anna Fontcuberta i Morral,award,SNSF Advanced Grant,Anna Fontcuberta i Morral
Anna Fontcuberta i Morral,nationality,Spanish,Anna Fontcuberta i Morral
Anna Fontcuberta i Morral,birthPlace,"Barcelona, Spain",Anna Fontcuberta i Morral
Anna Fontcuberta i Morral,residence,Switzerland,Anna Fontcuberta i Morral
Anna Fontcuberta i Morral,knownFor,research on nanowires and semiconductor materials,Anna Fontcuberta i Morral
Anna Fontcuberta i Morral,knownFor,development of novel photovoltaic materials,Anna Fontcuberta i Morral
Calpionellid,instanceOf,protist,Calpionellid
Calpurnellid,instanceOf,fossilized microorganism,Calpionellid
Calpionellid,taxonomicRank,family,Calpionellid
Calpionellid,domain,Eukaryota,Calpionellid
Calpionellid,kingdom,Chromista,Calpionellid
Calpionellid,phylum,Ciliophora,Calpionellid
Calpionellid,class,Tintinnida,Calpionellid
Calpionellid,geologicalPeriod,Late Jurassic,Calpionellid
Calpionellid,geologicalPeriod,Early Cretaceous,Calpionellid
Calpionellid,habitat,marine environments,Calpionellid
Calpionellid,fossilSignificance,index fossil,Calpionellid
Calpionellid,morphology,vase-shaped lorica,Calpionellid
Calpionellid,sizeRange,microscopic (typically 50-200 micrometers),Calpionellid
Calpionellid,discoveryPeriod,19th century,Calpionellid
Calpionellid,notableSpecies,Calpionella alpina,Calpionellid
Calpionellid,notableSpecies,Tintinnopsella carpathica,Calpionellid
Calpionellid,notableSpecies,Crassicollaria intermedia,Calpionellid
Calpionellid,paleoecologicalRole,planktonic,Calpionellid
Johnny Test (2021 TV series),instanceOf,animated television series,Johnny Test (2021 TV series)
Johnny Test (2021 TV series),instanceOf,comedy television series,Johnny Test (2021 TV series)
Johnny Test (2021 TV series),instanceOf,children's television series,Johnny Test (2021 TV series)
Johnny Test (2021 TV series),genre,comedy,Johnny Test (2021 TV series)
Johnny Test (2021 TV series),genre,action,Johnny Test (2021 TV series)
Johnny Test (2021 TV series),genre,adventure,Johnny Test (2021 TV series)
Johnny Test (2021 TV series),creator,Scott Fellows,Johnny Test (2021 TV series)
Johnny Test (2021 TV series),basedOn,Johnny Test (2005 TV series),Johnny Test (2021 TV series)
Johnny Test (2021 TV series),productionCompany,WildBrain Studios,Johnny Test (2021 TV series)
Johnny Test (2021 TV series),distributor,Netflix,Johnny Test (2021 TV series)
Johnny Test (2021 TV series),originalNetwork,Netflix,Johnny Test (2021 TV series)
Johnny Test (2021 TV series),releaseDate,2021-07-16,Johnny Test (2021 TV series)
Johnny Test (2021 TV series),numberOfSeasons,2,Johnny Test (2021 TV series)
Johnny Test (2021 TV series),numberOfEpisodes,20,Johnny Test (2021 TV series)
Johnny Test (2021 TV series),countryOfOrigin,Canada,Johnny Test (2021 TV series)
Johnny Test (2021 TV series),language,English,Johnny Test (2021 TV series)
Johnny Test (2021 TV series),mainCharacter,Johnny Test,Johnny Test (2021 TV series)
Johnny Test (2021 TV series),mainCharacter,Dukey,Johnny Test (2021 TV series)
Johnny Test (2021 TV series),mainCharacter,Susan Test,Johnny Test (2021 TV series)
Johnny Test (2021 TV series),mainCharacter,Mary Test,Johnny Test (2021 TV series)
Johnny Test (2021 TV series),voiceActor,James Arnold Taylor,Johnny Test (2021 TV series)
Johnny Test (2021 TV series),voiceActor,Trevor Devall,Johnny Test (2021 TV series)
Johnny Test (2021 TV series),voiceActor,Emily Tennant,Johnny Test (2021 TV series)
Johnny Test (2021 TV series),executiveProducer,Scott Fellows,Johnny Test (2021 TV series)
Johnny Test (2021 TV series),executiveProducer,Joshua M. Silver,Johnny Test (2021 TV series)
Johnny Test (2021 TV series),themeMusicComposer,Adam Berry,Johnny Test (2021 TV series)
Johnny Test (2021 TV series),runningTime,22 minutes,Johnny Test (2021 TV series)
Johnny Test (2021 TV series),precededBy,Johnny Test (2005 TV series),Johnny Test (2021 TV series)
Karakum (film),instanceOf,film,Karakum (film)
Karakum (film),genre,drama,Karakum (film)
Karakum (film),genre,adventure,Karakum (film)
Karakum (film),director,Arkady Tigay,Karakum (film)
Karakum (film),releaseYear,1994,Karakum (film)
Karakum (film),countryOfOrigin,Russia,Karakum (film)
Karakum (film),language,Russian,Karakum (film)
Karakum (film),basedOn,events in the Karakum Desert,Karakum (film)
Karakum (film),productionCompany,Gorky Film Studio,Karakum (film)
Karakum (film),mainSubject,survival,Karakum (film)
Karakum (film),award,Nika Award for Best Cinematography (nominated),Karakum (film)
Novo Celje Mansion,instanceOf,mansion,Novo Celje Mansion
Novo Celje Mansion,instanceOf,historical building,Novo Celje Mansion
Novo Celje Mansion,locatedIn,Celje,Novo Celje Mansion
Novo Celje Mansion,locatedIn,Slovenia,Novo Celje Mansion
Novo Celje Mansion,builtIn,18th century,Novo Celje Mansion
Novo Celje Mansion,architecturalStyle,Baroque,Novo Celje Mansion
Novo Celje Mansion,hasUse,museum,Novo Celje Mansion
Novo Celje Mansion,hasUse,cultural events venue,Novo Celje Mansion
Novo Celje Mansion,ownedBy,City Municipality of Celje,Novo Celje Mansion
Novo Celje Mansion,notableFeature,frescoes,Novo Celje Mansion
Novo Celje Mansion,notableFeature,stucowork,Novo Celje Mansion
Novo Celje Mansion,partOf,Celje Regional Museum,Novo Celje Mansion
Duchess Elisabeth Alexandrine of Mecklenburg-Schwerin,instanceOf,nobleperson,Duchess Elisabeth Alexandrine of Mecklenburg-Schwerin
Duchess Elisabeth Alexandrine of Mecklenburg-Schwerin,instanceOf,German royalty,Duchess Elisabeth Alexandrine of Mecklenburg-Schwerin
Duchess Elisabeth Alexandrine of Mecklenburg-Schwerin,fullName,Elisabeth Alexandrine Mathilde of Mecklenburg-Schwerin,Duchess Elisabeth Alexandrine of Mecklenburg-Schwerin
Duchess Elisabeth Alexandrine of Mecklenburg-Schwerin,dateOfBirth,1869-08-10,Duchess Elisabeth Alexandrine of Mecklenburg-Schwerin
Duchess Elisabeth Alexandrine of Mecklenburg-Schwerin,dateOfDeath,1955-09-05,Duchess Elisabeth Alexandrine of Mecklenburg-Schwerin
Duchess Elisabeth Alexandrine of Mecklenburg-Schwerin,placeOfBirth,"Schwerin, Grand Duchy of Mecklenburg-Schwerin",Duchess Elisabeth Alexandrine of Mecklenburg-Schwerin
Duchess Elisabeth Alexandrine of Mecklenburg-Schwerin,placeOfDeath,"Schloss Schaumburg, Germany",Duchess Elisabeth Alexandrine of Mecklenburg-Schwerin
Duchess Elisabeth Alexandrine of Mecklenburg-Schwerin,father,"Frederick Francis II, Grand Duke of Mecklenburg-Schwerin",Duchess Elisabeth Alexandrine of Mecklenburg-Schwerin
Duchess Elisabeth Alexandrine of Mecklenburg-Schwerin,mother,Princess Marie of Schwarzburg-Rudolstadt,Duchess Elisabeth Alexandrine of Mecklenburg-Schwerin
Duchess Elisabeth Alexandrine of Mecklenburg-Schwerin,spouse,"Frederick Augustus II, Grand Duke of Oldenburg",Duchess Elisabeth Alexandrine of Mecklenburg-Schwerin
Duchess Elisabeth Alexandrine of Mecklenburg-Schwerin,marriageDate,1896-10-24,Duchess Elisabeth Alexandrine of Mecklenburg-Schwerin
Duchess Elisabeth Alexandrine of Mecklenburg-Schwerin,children,"Nicholas, Hereditary Grand Duke of Oldenburg",Duchess Elisabeth Alexandrine of Mecklenburg-Schwerin
Duchess Elisabeth Alexandrine of Mecklenburg-Schwerin,children,Alexandrine of Oldenburg,Duchess Elisabeth Alexandrine of Mecklenburg-Schwerin
Duchess Elisabeth Alexandrine of Mecklenburg-Schwerin,children,Ingeborg Alix of Oldenburg,Duchess Elisabeth Alexandrine of Mecklenburg-Schwerin
Duchess Elisabeth Alexandrine of Mecklenburg-Schwerin,children,Altburg of Oldenburg,Duchess Elisabeth Alexandrine of Mecklenburg-Schwerin
Duchess Elisabeth Alexandrine of Mecklenburg-Schwerin,house,House of Mecklenburg,Duchess Elisabeth Alexandrine of Mecklenburg-Schwerin
Duchess Elisabeth Alexandrine of Mecklenburg-Schwerin,title,Duchess of Oldenburg,Duchess Elisabeth Alexandrine of Mecklenburg-Schwerin
Duchess Elisabeth Alexandrine of Mecklenburg-Schwerin,religion,Lutheran,Duchess Elisabeth Alexandrine of Mecklenburg-Schwerin
2003–04 Georgia Tech Yellow Jackets men's basketball team,instanceOf,college basketball team,2003–04 Georgia Tech Yellow Jackets men's basketball team
2003–04 Georgia Tech Yellow Jackets men's basketball team,instanceOf,sports team season,2003–04 Georgia Tech Yellow Jackets men's basketball team
2003–04 Georgia Tech Yellow Jackets men's basketball team,partOf,Georgia Tech Yellow Jackets men's basketball,2003–04 Georgia Tech Yellow Jackets men's basketball team
2003–04 Georgia Tech Yellow Jackets men's basketball team,competedIn,NCAA Division I men's basketball,2003–04 Georgia Tech Yellow Jackets men's basketball team
2003–04 Georgia Tech Yellow Jackets men's basketball team,competedIn,Atlantic Coast Conference (ACC),2003–04 Georgia Tech Yellow Jackets men's basketball team
2003–04 Georgia Tech Yellow Jackets men's basketball team,headCoach,Paul Hewitt,2003–04 Georgia Tech Yellow Jackets men's basketball team
2003–04 Georgia Tech Yellow Jackets men's basketball team,homeVenue,Alexander Memorial Coliseum,2003–04 Georgia Tech Yellow Jackets men's basketball team
2003–04 Georgia Tech Yellow Jackets men's basketball team,seasonRecord,28–10 (11–5 ACC),2003–04 Georgia Tech Yellow Jackets men's basketball team
2003–04 Georgia Tech Yellow Jackets men's basketball team,achievement,ACC regular season co-champions,2003–04 Georgia Tech Yellow Jackets men's basketball team
2003–04 Georgia Tech Yellow Jackets men's basketball team,achievement,ACC Tournament champions,2003–04 Georgia Tech Yellow Jackets men's basketball team
2003–04 Georgia Tech Yellow Jackets men's basketball team,achievement,NCAA Tournament Final Four,2003–04 Georgia Tech Yellow Jackets men's basketball team
2003–04 Georgia Tech Yellow Jackets men's basketball team,keyPlayer,Chris Bosh,2003–04 Georgia Tech Yellow Jackets men's basketball team
2003–04 Georgia Tech Yellow Jackets men's basketball team,keyPlayer,Jarrett Jack,2003–04 Georgia Tech Yellow Jackets men's basketball team
2003–04 Georgia Tech Yellow Jackets men's basketball team,keyPlayer,Will Bynum,2003–04 Georgia Tech Yellow Jackets men's basketball team
2003–04 Georgia Tech Yellow Jackets men's basketball team,keyPlayer,Luke Schenscher,2003–04 Georgia Tech Yellow Jackets men's basketball team
2003–04 Georgia Tech Yellow Jackets men's basketball team,ncaaTournamentResult,defeated Northern Iowa in First Round,2003–04 Georgia Tech Yellow Jackets men's basketball team
2003–04 Georgia Tech Yellow Jackets men's basketball team,ncaaTournamentResult,defeated Boston College in Second Round,2003–04 Georgia Tech Yellow Jackets men's basketball team
2003–04 Georgia Tech Yellow Jackets men's basketball team,ncaaTournamentResult,defeated Nevada in Sweet Sixteen,2003–04 Georgia Tech Yellow Jackets men's basketball team
2003–04 Georgia Tech Yellow Jackets men's basketball team,ncaaTournamentResult,defeated Kansas in Elite Eight,2003–04 Georgia Tech Yellow Jackets men's basketball team
2003–04 Georgia Tech Yellow Jackets men's basketball team,ncaaTournamentResult,lost to UConn in Final Four,2003–04 Georgia Tech Yellow Jackets men's basketball team
2003–04 Georgia Tech Yellow Jackets men's basketball team,accTournamentResult,defeated Clemson in Quarterfinals,2003–04 Georgia Tech Yellow Jackets men's basketball team
2003–04 Georgia Tech Yellow Jackets men's basketball team,accTournamentResult,defeated NC State in Semifinals,2003–04 Georgia Tech Yellow Jackets men's basketball team
2003–04 Georgia Tech Yellow Jackets men's basketball team,accTournamentResult,defeated Duke in Final,2003–04 Georgia Tech Yellow Jackets men's basketball team
2003–04 Georgia Tech Yellow Jackets men's basketball team,ranking,AP No. 4 (final poll),2003–04 Georgia Tech Yellow Jackets men's basketball team
2003–04 Georgia Tech Yellow Jackets men's basketball team,ranking,Coaches Poll No. 4 (final poll),2003–04 Georgia Tech Yellow Jackets men's basketball team
2003–04 Georgia Tech Yellow Jackets men's basketball team,notableGame,"defeated No. 1-ranked Duke (72–68) on February 18, 2004",2003–04 Georgia Tech Yellow Jackets men's basketball team
2003–04 Georgia Tech Yellow Jackets men's basketball team,notableGame,defeated No. 2-ranked Connecticut (67–65) in regular season,2003–04 Georgia Tech Yellow Jackets men's basketball team
2003–04 Georgia Tech Yellow Jackets men's basketball team,awardWinner,Chris Bosh (ACC Rookie of the Year),2003–04 Georgia Tech Yellow Jackets men's basketball team
2003–04 Georgia Tech Yellow Jackets men's basketball team,awardWinner,Paul Hewitt (ACC Coach of the Year),2003–04 Georgia Tech Yellow Jackets men's basketball team
George Desmond Hodnett,instanceOf,human,George Desmond Hodnett
George Desmond Hodnett,instanceOf,journalist,George Desmond Hodnett
George Desmond Hodnett,instanceOf,music critic,George Desmond Hodnett
George Desmond Hodnett,birthName,George Desmond Hodnett,George Desmond Hodnett
George Desmond Hodnett,birthDate,1919,George Desmond Hodnett
George Desmond Hodnett,deathDate,1990,George Desmond Hodnett
George Desmond Hodnett,birthPlace,"Dublin, Ireland",George Desmond Hodnett
George Desmond Hodnett,occupation,journalist,George Desmond Hodnett
George Desmond Hodnett,occupation,music critic,George Desmond Hodnett
George Desmond Hodnett,occupation,composer,George Desmond Hodnett
George Desmond Hodnett,notableWork,The Irish Times,George Desmond Hodnett
George Desmond Hodnett,employer,The Irish Times,George Desmond Hodnett
George Desmond Hodnett,pseudonym,George H. O'Donnell,George Desmond Hodnett
George Desmond Hodnett,fieldOfWork,music criticism,George Desmond Hodnett
George Desmond Hodnett,fieldOfWork,journalism,George Desmond Hodnett
Dwarf paradise fish,instanceOf,species,Dwarf paradise fish
Dwarf paradise fish,scientificName,Macropodus opercularis,Dwarf paradise fish
Dwarf paradise fish,family,Osphronemidae,Dwarf paradise fish
Dwarf paradise fish,genus,Macropodus,Dwarf paradise fish
Dwarf paradise fish,commonName,Paradise fish,Dwarf paradise fish
Dwarf paradise fish,commonName,Paradise gourami,Dwarf paradise fish
Dwarf paradise fish,habitat,freshwater,Dwarf paradise fish
Dwarf paradise fish,nativeTo,East Asia,Dwarf paradise fish
Dwarf paradise fish,nativeTo,China,Dwarf paradise fish
Dwarf paradise fish,nativeTo,Vietnam,Dwarf paradise fish
Dwarf paradise fish,nativeTo,Korea,Dwarf paradise fish
Dwarf paradise fish,nativeTo,Taiwan,Dwarf paradise fish
Dwarf paradise fish,diet,omnivorous,Dwarf paradise fish
Dwarf paradise fish,lifespan,5 to 8 years,Dwarf paradise fish
Dwarf paradise fish,size,up to 10 cm (4 inches),Dwarf paradise fish
Dwarf paradise fish,behavior,territorial,Dwarf paradise fish
Dwarf paradise fish,behavior,aggressive,Dwarf paradise fish
Dwarf paradise fish,reproduction,bubble nest builder,Dwarf paradise fish
Dwarf paradise fish,conservationStatus,Least Concern,Dwarf paradise fish
Dwarf paradise fish,waterTemperature,16–26°C (61–79°F),Dwarf paradise fish
Dwarf paradise fish,pHRange,6.0–8.0,Dwarf paradise fish
Dwarf paradise fish,aquariumCare,moderate,Dwarf paradise fish
Dwarf paradise fish,coloration,iridescent blue and red stripes,Dwarf paradise fish
Dwarf paradise fish,coloration,"long, flowing fins",Dwarf paradise fish
Nyamiviridae,instanceOf,virus family,Nyamiviridae
Nyamiviridae,taxonomicRank,family,Nyamiviridae
Nyamiviridae,domain,Riboviria,Nyamiviridae
Nyamiviridae,kingdom,Orthornavirae,Nyamiviridae
Nyamiviridae,phylum,Negarnaviricota,Nyamiviridae
Nyamiviridae,class,Monjiviricetes,Nyamiviridae
Nyamiviridae,order,Mononegavirales,Nyamiviridae
Nyamiviridae,genomeType,negative-sense single-stranded RNA,Nyamiviridae
Nyamiviridae,envelope,enveloped,Nyamiviridae
Nyamiviridae,host,invertebrates,Nyamiviridae
Nyamiviridae,host,vertebrates,Nyamiviridae
Nyamiviridae,notableGenera,Nyavirus,Nyamiviridae
Nyamiviridae,notableGenera,Socyvirus,Nyamiviridae
Nyamiviridae,notableGenera,Peropuvirus,Nyamiviridae
Nyamiviridae,notableDiseases,none widely recognized in humans,Nyamiviridae
Nyamiviridae,discoveryYear,2012,Nyamiviridae
Nyamiviridae,namedAfter,Nyamanini Pan (South Africa),Nyamiviridae
We'll Be Together Again (Pat Martino album),instanceOf,music album,We'll Be Together Again (Pat Martino album)
We'll Be Together Again (Pat Martino album),artist,Pat Martino,We'll Be Together Again (Pat Martino album)
We'll Be Together Again (Pat Martino album),genre,jazz,We'll Be Together Again (Pat Martino album)
We'll Be Together Again (Pat Martino album),releaseYear,1976,We'll Be Together Again (Pat Martino album)
We'll Be Together Again (Pat Martino album),recordLabel,Muse Records,We'll Be Together Again (Pat Martino album)
We'll Be Together Again (Pat Martino album),producer,Don Schlitten,We'll Be Together Again (Pat Martino album)
We'll Be Together Again (Pat Martino album),track,We'll Be Together Again,We'll Be Together Again (Pat Martino album)
We'll Be Together Again (Pat Martino album),track,Oleo,We'll Be Together Again (Pat Martino album)
We'll Be Together Again (Pat Martino album),track,Impressions,We'll Be Together Again (Pat Martino album)
We'll Be Together Again (Pat Martino album),track,How Insensitive,We'll Be Together Again (Pat Martino album)
We'll Be Together Again (Pat Martino album),track,Along Came Betty,We'll Be Together Again (Pat Martino album)
We'll Be Together Again (Pat Martino album),track,Blue Bossa,We'll Be Together Again (Pat Martino album)
We'll Be Together Again (Pat Martino album),musician,Pat Martino,We'll Be Together Again (Pat Martino album)
We'll Be Together Again (Pat Martino album),musician,Gil Goldstein,We'll Be Together Again (Pat Martino album)
We'll Be Together Again (Pat Martino album),musician,Willie Smith,We'll Be Together Again (Pat Martino album)
We'll Be Together Again (Pat Martino album),musician,Cedar Walton,We'll Be Together Again (Pat Martino album)
We'll Be Together Again (Pat Martino album),musician,Al Foster,We'll Be Together Again (Pat Martino album)
Kaniama Airport,instanceOf,airport,Kaniama Airport
Kaniama Airport,locatedIn,Democratic Republic of the Congo,Kaniama Airport
Kaniama Airport,locatedIn,Haut-Lomami Province,Kaniama Airport
Kaniama Airport,locatedNear,Kaniama,Kaniama Airport
Kaniama Airport,ICAOCode,FZTK,Kaniama Airport
Kaniama Airport,type,public,Kaniama Airport
Kaniama Airport,runwayLength,1200 meters,Kaniama Airport
Kaniama Airport,surface,gravel,Kaniama Airport
Cesante (film),instanceOf,film,Cesante (film)
Cesante (film),directedBy,Ricardo Carrasco Farfán,Cesante (film)
Cesante (film),producedBy,Ricardo Carrasco Farfán,Cesante (film)
Cesante (film),writtenBy,Ricardo Carrasco Farfán,Cesante (film)
Cesante (film),countryOfOrigin,Chile,Cesante (film)
Cesante (film),language,Spanish,Cesante (film)
Cesante (film),releaseDate,2003,Cesante (film)
Cesante (film),genre,drama,Cesante (film)
Cesante (film),theme,unemployment,Cesante (film)
Cesante (film),theme,social issues,Cesante (film)
Cesante (film),award,Best Film at the Valdivia International Film Festival (2003),Cesante (film)
Castle of Ugento,instanceOf,castle,Castle of Ugento
Castle of Ugento,locatedIn,Ugento,Castle of Ugento
Castle of Ugento,locatedIn,Lecce,Castle of Ugento
Castle of Ugento,locatedIn,Apulia,Castle of Ugento
Castle of Ugento,locatedIn,Italy,Castle of Ugento
Castle of Ugento,country,Italy,Castle of Ugento
Castle of Ugento,architecturalStyle,medieval,Castle of Ugento
Castle of Ugento,timePeriod,Middle Ages,Castle of Ugento
Castle of Ugento,originalPurpose,fortress,Castle of Ugento
Castle of Ugento,currentStatus,partially preserved,Castle of Ugento
Castle of Ugento,notableFeature,tower,Castle of Ugento
Castle of Ugento,notableFeature,courtyard,Castle of Ugento
Castle of Ugento,historicalSignificance,defensive structure,Castle of Ugento
Castle of Ugento,ownership,private,Castle of Ugento
Castle of Ugento,accessibility,limited public access,Castle of Ugento
Waste Connections of Canada,instanceOf,company,Waste Connections of Canada
Waste Connections of Canada,instanceOf,waste management company,Waste Connections of Canada
Waste Connections of Canada,subsidiaryOf,Waste Connections Inc.,Waste Connections of Canada
Waste Connections of Canada,industry,waste management,Waste Connections of Canada
Waste Connections of Canada,industry,environmental services,Waste Connections of Canada
Waste Connections of Canada,headquartersLocation,Canada,Waste Connections of Canada
Waste Connections of Canada,servicesProvided,solid waste collection,Waste Connections of Canada
Waste Connections of Canada,servicesProvided,recycling services,Waste Connections of Canada
Waste Connections of Canada,servicesProvided,landfill operations,Waste Connections of Canada
Waste Connections of Canada,servicesProvided,hazardous waste disposal,Waste Connections of Canada
Waste Connections of Canada,operatingRegion,Canada,Waste Connections of Canada
Waste Connections of Canada,parentCompany,Waste Connections Inc.,Waste Connections of Canada
Waste Connections of Canada,foundedIn,2000s (exact year unclear),Waste Connections of Canada
Waste Connections of Canada,typeOfEntity,private company,Waste Connections of Canada
German submarine U-854,instanceOf,submarine,German submarine U-854
German submarine U-854,instanceOf,Type IX submarine,German submarine U-854
German submarine U-854,country,Nazi Germany,German submarine U-854
German submarine U-854,operatedBy,Kriegsmarine,German submarine U-854
German submarine U-854,class,Type IXC/40,German submarine U-854
German submarine U-854,laidDown,1942-08-11,German submarine U-854
German submarine U-854,launched,1943-04-06,German submarine U-854
German submarine U-854,commissioned,1943-08-19,German submarine U-854
German submarine U-854,fate,sunk,German submarine U-854
German submarine U-854,dateSunk,1944-02-04,German submarine U-854
German submarine U-854,causeOfSinking,mine,German submarine U-854
German submarine U-854,locationSunk,Baltic Sea,German submarine U-854
German submarine U-854,coordinatesSunk,54°54′N 14°16′E,German submarine U-854
German submarine U-854,commander,Herbert Kuppisch,German submarine U-854
German submarine U-854,crewLost,51,German submarine U-854
German submarine U-854,displacementSurfaced,"1,144 tonnes",German submarine U-854
German submarine U-854,displacementSubmerged,"1,257 tonnes",German submarine U-854
German submarine U-854,length,76.76 meters,German submarine U-854
German submarine U-854,beam,6.86 meters,German submarine U-854
German submarine U-854,draft,4.67 meters,German submarine U-854
German submarine U-854,propulsion,diesel-electric,German submarine U-854
German submarine U-854,speedSurfaced,18.3 knots,German submarine U-854
German submarine U-854,speedSubmerged,7.3 knots,German submarine U-854
German submarine U-854,rangeSurfaced,"13,850 nautical miles at 10 knots",German submarine U-854
German submarine U-854,rangeSubmerged,63 nautical miles at 4 knots,German submarine U-854
German submarine U-854,testDepth,230 meters,German submarine U-854
German submarine U-854,armament,"6 × torpedo tubes (4 bow, 2 stern)",German submarine U-854
German submarine U-854,armament,22 × torpedoes,German submarine U-854
German submarine U-854,armament,1 × 10.5 cm SK C/32 naval gun,German submarine U-854
German submarine U-854,armament,1 × 3.7 cm Flak M42 AA gun,German submarine U-854
German submarine U-854,armament,2 × twin 2 cm Flak 30 AA guns,German submarine U-854
St. Spyridon Choir,instanceOf,choir,St. Spyridon Choir
St. Spyridon Choir,instanceOf,religious musical group,St. Spyridon Choir
St. Spyridon Choir,affiliatedWith,St. Spyridon Greek Orthodox Church,St. Spyridon Choir
St. Spyridon Choir,location,New York City,St. Spyridon Choir
St. Spyridon Choir,performs,Byzantine chant,St. Spyridon Choir
St. Spyridon Choir,performs,Greek Orthodox liturgical music,St. Spyridon Choir
St. Spyridon Choir,foundedIn,20th century,St. Spyridon Choir
St. Spyridon Choir,associatedWith,Greek Orthodox Church,St. Spyridon Choir
St. Spyridon Choir,languageUsed,Greek,St. Spyridon Choir
St. Spyridon Choir,languageUsed,English,St. Spyridon Choir
St. Spyridon Choir,participatesIn,religious services,St. Spyridon Choir
St. Spyridon Choir,participatesIn,cultural events,St. Spyridon Choir
St. Spyridon Choir,hasDirector,varies (historically led by church cantors),St. Spyridon Choir
St. Spyridon Choir,genre,sacred music,St. Spyridon Choir
St. Spyridon Choir,genre,Byzantine music,St. Spyridon Choir
Thurnen railway station,instanceOf,railway station,Thurnen railway station
Thurnen railway station,locatedIn,Thurnen,Thurnen railway station
Thurnen railway station,locatedIn,Bern,Thurnen railway station
Thurnen railway station,locatedIn,Switzerland,Thurnen railway station
Thurnen railway station,operatedBy,BLS AG,Thurnen railway station
Thurnen railway station,servesLine,Gürbetal line,Thurnen railway station
Thurnen railway station,opened,1901,Thurnen railway station
Thurnen railway station,elevation,575 meters,Thurnen railway station
Thurnen railway station,coordinates,46.8236°N 7.4514°E,Thurnen railway station
"Us, Ours and Yours (TV series)",instanceOf,television series,"Us, Ours and Yours (TV series)"
"Us, Ours and Yours (TV series)",genre,drama,"Us, Ours and Yours (TV series)"
"Us, Ours and Yours (TV series)",genre,romance,"Us, Ours and Yours (TV series)"
"Us, Ours and Yours (TV series)",countryOfOrigin,South Korea,"Us, Ours and Yours (TV series)"
"Us, Ours and Yours (TV series)",originalLanguage,Korean,"Us, Ours and Yours (TV series)"
"Us, Ours and Yours (TV series)",createdBy,Jung Ji-hyun,"Us, Ours and Yours (TV series)"
"Us, Ours and Yours (TV series)",starring,Choi Soo-young,"Us, Ours and Yours (TV series)"
"Us, Ours and Yours (TV series)",starring,Lim Ju-hwan,"Us, Ours and Yours (TV series)"
"Us, Ours and Yours (TV series)",starring,Eun Ji-won,"Us, Ours and Yours (TV series)"
"Us, Ours and Yours (TV series)",starring,Han Sun-hwa,"Us, Ours and Yours (TV series)"
"Us, Ours and Yours (TV series)",numberOfEpisodes,16,"Us, Ours and Yours (TV series)"
"Us, Ours and Yours (TV series)",releaseDate,2024-01-13,"Us, Ours and Yours (TV series)"
"Us, Ours and Yours (TV series)",originalNetwork,KBS2,"Us, Ours and Yours (TV series)"
"Us, Ours and Yours (TV series)",productionCompany,Pan Entertainment,"Us, Ours and Yours (TV series)"
Bette Otto-Bliesner,instanceOf,person,Bette Otto-Bliesner
Bette Otto-Bliesner,instanceOf,scientist,Bette Otto-Bliesner
Bette Otto-Bliesner,occupation,climatologist,Bette Otto-Bliesner
Bette Otto-Bliesner,occupation,researcher,Bette Otto-Bliesner
Bette Otto-Bliesner,fieldOfStudy,paleoclimatology,Bette Otto-Bliesner
Bette Otto-Bliesner,fieldOfStudy,climate modeling,Bette Otto-Bliesner
Bette Otto-Bliesner,employer,National Center for Atmospheric Research (NCAR),Bette Otto-Bliesner
Bette Otto-Bliesner,position,Deputy Director of the Climate and Global Dynamics Laboratory (CGD) at NCAR,Bette Otto-Bliesner
Bette Otto-Bliesner,notableWork,Contributions to the Intergovernmental Panel on Climate Change (IPCC) reports,Bette Otto-Bliesner
Bette Otto-Bliesner,notableWork,Research on past climate variability and future climate projections,Bette Otto-Bliesner
Bette Otto-Bliesner,award,NCAR Outstanding Publication Award,Bette Otto-Bliesner
Bette Otto-Bliesner,education,PhD in Meteorology from the University of Wisconsin-Madison,Bette Otto-Bliesner
Bette Otto-Bliesner,education,Bachelor's degree in Physics from the University of Wisconsin-Madison,Bette Otto-Bliesner
Bette Otto-Bliesner,collaborator,Intergovernmental Panel on Climate Change (IPCC),Bette Otto-Bliesner
Bette Otto-Bliesner,researchFocus,Climate change over the past millennium,Bette Otto-Bliesner
Bette Otto-Bliesner,researchFocus,Modeling of glacial-interglacial cycles,Bette Otto-Bliesner
Free Fire (film),instanceOf,film,Free Fire (film)
Free Fire (film),directedBy,Ben Wheatley,Free Fire (film)
Free Fire (film),writtenBy,Ben Wheatley,Free Fire (film)
Free Fire (film),writtenBy,Amy Jump,Free Fire (film)
Free Fire (film),producedBy,Andy Starke,Free Fire (film)
Free Fire (film),starring,Sharlto Copley,Free Fire (film)
Free Fire (film),starring,Armie Hammer,Free Fire (film)
Free Fire (film),starring,Brie Larson,Free Fire (film)
Free Fire (film),starring,Cillian Murphy,Free Fire (film)
Free Fire (film),starring,Jack Reynor,Free Fire (film)
Free Fire (film),starring,Michael Smiley,Free Fire (film)
Free Fire (film),starring,Sam Riley,Free Fire (film)
Free Fire (film),starring,Noah Taylor,Free Fire (film)
Free Fire (film),musicBy,Geoff Barrow,Free Fire (film)
Free Fire (film),cinematographyBy,Laurie Rose,Free Fire (film)
Free Fire (film),editedBy,Ben Wheatley,Free Fire (film)
Free Fire (film),productionCompany,Rook Films,Free Fire (film)
Free Fire (film),productionCompany,Film4 Productions,Free Fire (film)
Free Fire (film),distributedBy,A24,Free Fire (film)
Free Fire (film),releaseDate,2016-09-08 (Toronto International Film Festival),Free Fire (film)
Free Fire (film),releaseDate,2017-03-31 (United Kingdom),Free Fire (film)
Free Fire (film),releaseDate,2017-04-21 (United States),Free Fire (film)
Free Fire (film),countryOfOrigin,United Kingdom,Free Fire (film)
Free Fire (film),language,English,Free Fire (film)
Free Fire (film),genre,Action,Free Fire (film)
Free Fire (film),genre,Comedy,Free Fire (film)
Free Fire (film),genre,Crime,Free Fire (film)
Free Fire (film),genre,Thriller,Free Fire (film)
Free Fire (film),runtime,91 minutes,Free Fire (film)
Free Fire (film),awardReceived,"Best Action Film (Empire Awards, 2018)",Free Fire (film)
Wish You Were Here (Barbara Mandrell song),instanceOf,song,Wish You Were Here (Barbara Mandrell song)
Wish You Were Here (Barbara Mandrell song),artist,Barbara Mandrell,Wish You Were Here (Barbara Mandrell song)
Wish You Were Here (Barbara Mandrell song),album,Moods,Wish You Were Here (Barbara Mandrell song)
Wish You Were Here (Barbara Mandrell song),releaseDate,1978,Wish You Were Here (Barbara Mandrell song)
Wish You Were Here (Barbara Mandrell song),genre,country,Wish You Were Here (Barbara Mandrell song)
Wish You Were Here (Barbara Mandrell song),composer,Kye Fleming,Wish You Were Here (Barbara Mandrell song)
Wish You Were Here (Barbara Mandrell song),composer,Dennis Morgan,Wish You Were Here (Barbara Mandrell song)
Wish You Were Here (Barbara Mandrell song),producer,Tom Collins,Wish You Were Here (Barbara Mandrell song)
Wish You Were Here (Barbara Mandrell song),label,MCA Records,Wish You Were Here (Barbara Mandrell song)
Wish You Were Here (Barbara Mandrell song),chartPerformance,peaked at number 1 on the Billboard Hot Country Songs,Wish You Were Here (Barbara Mandrell song)
Tropical Storm Arlene (2011),instanceOf,Tropical Storm,Tropical Storm Arlene (2011)
Tropical Storm Arlene (2011),instanceOf,Tropical Cyclone,Tropical Storm Arlene (2011)
Tropical Storm Arlene (2011),partOf,2011 Atlantic hurricane season,Tropical Storm Arlene (2011)
Tropical Storm Arlene (2011),startDate,2011-06-28,Tropical Storm Arlene (2011)
Tropical Storm Arlene (2011),endDate,2011-06-30,Tropical Storm Arlene (2011)
Tropical Storm Arlene (2011),highestWinds,65 mph,Tropical Storm Arlene (2011)
Tropical Storm Arlene (2011),lowestPressure,993 mbar,Tropical Storm Arlene (2011)
Tropical Storm Arlene (2011),formedNear,Bay of Campeche,Tropical Storm Arlene (2011)
Tropical Storm Arlene (2011),madeLandfallIn,Mexico,Tropical Storm Arlene (2011)
Tropical Storm Arlene (2011),landfallLocation,Veracruz,Tropical Storm Arlene (2011)
Tropical Storm Arlene (2011),landfallDate,2011-06-30,Tropical Storm Arlene (2011)
Tropical Storm Arlene (2011),fatalities,25,Tropical Storm Arlene (2011)
Tropical Storm Arlene (2011),damageAmount,223.4 million USD,Tropical Storm Arlene (2011)
Tropical Storm Arlene (2011),affectedAreas,Mexico,Tropical Storm Arlene (2011)
Tropical Storm Arlene (2011),affectedAreas,Central America,Tropical Storm Arlene (2011)
Tropical Storm Arlene (2011),basin,Atlantic,Tropical Storm Arlene (2011)
Tropical Storm Arlene (2011),formedFrom,Tropical Wave,Tropical Storm Arlene (2011)
Tropical Storm Arlene (2011),dissipatedOver,Mexico,Tropical Storm Arlene (2011)
Tropical Storm Arlene (2011),trackedBy,National Hurricane Center,Tropical Storm Arlene (2011)
Tropical Storm Arlene (2011),categoryAtPeak,Tropical Storm,Tropical Storm Arlene (2011)
"Enfield, Victoria",instanceOf,locality,"Enfield, Victoria"
"Enfield, Victoria",instanceOf,rural locality,"Enfield, Victoria"
"Enfield, Victoria",locatedIn,Golden Plains Shire,"Enfield, Victoria"
"Enfield, Victoria",locatedIn,Victoria,"Enfield, Victoria"
"Enfield, Victoria",locatedIn,Australia,"Enfield, Victoria"
"Enfield, Victoria",postcode,3352,"Enfield, Victoria"
"Enfield, Victoria",nearbyTown,Bannockburn,"Enfield, Victoria"
"Enfield, Victoria",nearbyTown,Lethbridge,"Enfield, Victoria"
"Enfield, Victoria",region,Barwon South West,"Enfield, Victoria"
"Enfield, Victoria",established,19th century,"Enfield, Victoria"
"Enfield, Victoria",namedAfter,"Enfield, London (UK)","Enfield, Victoria"
"Enfield, Victoria",population,small (exact number not widely documented),"Enfield, Victoria"
"Enfield, Victoria",primaryIndustry,agriculture,"Enfield, Victoria"
"Enfield, Victoria",primaryIndustry,livestock farming,"Enfield, Victoria"
Üç Şerefeli Mosque,instanceOf,mosque,Üç Şerefeli Mosque
Üç Şerefeli Mosque,location,Edirne,Üç Şerefeli Mosque
Üç Şerefeli Mosque,country,Turkey,Üç Şerefeli Mosque
Üç Şerefeli Mosque,architecturalStyle,Ottoman architecture,Üç Şerefeli Mosque
Üç Şerefeli Mosque,completed,1447,Üç Şerefeli Mosque
Üç Şerefeli Mosque,commissionedBy,Murad II,Üç Şerefeli Mosque
Üç Şerefeli Mosque,notableFeature,three balconies (şerefe) on one minaret,Üç Şerefeli Mosque
Üç Şerefeli Mosque,minaretCount,4,Üç Şerefeli Mosque
Üç Şerefeli Mosque,significance,one of the earliest examples of Ottoman multi-minaret mosques,Üç Şerefeli Mosque
Üç Şerefeli Mosque,UNESCOWorldHeritageStatus,"part of the Historic Areas of Istanbul (though located in Edirne, it is often associated with broader Ottoman heritage)",Üç Şerefeli Mosque
Üç Şerefeli Mosque,materialUsed,stone,Üç Şerefeli Mosque
Üç Şerefeli Mosque,architect,unknown (attributed to Ottoman imperial architects),Üç Şerefeli Mosque
Üç Şerefeli Mosque,culturalHeritageStatus,protected monument in Turkey,Üç Şerefeli Mosque
Hayao Kawai,instanceOf,person,Hayao Kawai
Hayao Kawai,instanceOf,psychologist,Hayao Kawai
Hayao Kawai,instanceOf,academic,Hayao Kawai
Hayao Kawai,birthDate,1928-06-06,Hayao Kawai
Hayao Kawai,deathDate,2007-07-19,Hayao Kawai
Hayao Kawai,birthPlace,"Kyoto, Japan",Hayao Kawai
Hayao Kawai,nationality,Japanese,Hayao Kawai
Hayao Kawai,fieldOfStudy,clinical psychology,Hayao Kawai
Hayao Kawai,fieldOfStudy,Japanese mythology,Hayao Kawai
Hayao Kawai,fieldOfStudy,Jungian psychology,Hayao Kawai
Hayao Kawai,occupation,psychologist,Hayao Kawai
Hayao Kawai,occupation,university professor,Hayao Kawai
Hayao Kawai,occupation,author,Hayao Kawai
Hayao Kawai,educatedAt,Kyoto University,Hayao Kawai
Hayao Kawai,educatedAt,University of Zurich,Hayao Kawai
Hayao Kawai,notableWork,The Japanese Psyche: Major Motifs in the Fairy Tales of Japan,Hayao Kawai
Hayao Kawai,notableWork,Buddhism and the Art of Psychotherapy,Hayao Kawai
Hayao Kawai,notableWork,The Wisdom of the Dream,Hayao Kawai
Hayao Kawai,award,Order of Culture (Japan),Hayao Kawai
Hayao Kawai,influencedBy,Carl Jung,Hayao Kawai
Hayao Kawai,influencedBy,Shin'ichi Hisamatsu,Hayao Kawai
Hayao Kawai,knownFor,integrating Jungian psychology with Japanese culture,Hayao Kawai
Hayao Kawai,knownFor,studies on Japanese fairy tales and myths,Hayao Kawai
Klagetoh (Leegito) Chapter House,instanceOf,Navajo Chapter House,Klagetoh (Leegito) Chapter House
Klagetoh (Leegito) Chapter House,locatedIn,"Klagetoh, Arizona",Klagetoh (Leegito) Chapter House
Klagetoh (Leegito) Chapter House,locatedIn,Navajo Nation,Klagetoh (Leegito) Chapter House
Klagetoh (Leegito) Chapter House,partOf,Navajo Nation government,Klagetoh (Leegito) Chapter House
Klagetoh (Leegito) Chapter House,serves,Klagetoh community,Klagetoh (Leegito) Chapter House
Klagetoh (Leegito) Chapter House,administers,local governance,Klagetoh (Leegito) Chapter House
Klagetoh (Leegito) Chapter House,administers,community services,Klagetoh (Leegito) Chapter House
Klagetoh (Leegito) Chapter House,associatedWith,Navajo Tribal Council,Klagetoh (Leegito) Chapter House
Klagetoh (Leegito) Chapter House,establishedIn,20th century,Klagetoh (Leegito) Chapter House
Klagetoh (Leegito) Chapter House,type,administrative building,Klagetoh (Leegito) Chapter House
Sandy scops owl,instanceOf,species,Sandy scops owl
Sandy scops owl,instanceOf,bird,Sandy scops owl
Sandy scops owl,scientificName,Otus icterorhynchus,Sandy scops owl
Sandy scops owl,family,Strigidae,Sandy scops owl
Sandy scops owl,genus,Otus,Sandy scops owl
Sandy scops owl,conservationStatus,Least Concern,Sandy scops owl
Sandy scops owl,nativeTo,West Africa,Sandy scops owl
Sandy scops owl,nativeTo,Central Africa,Sandy scops owl
Sandy scops owl,habitat,lowland forests,Sandy scops owl
Sandy scops owl,habitat,secondary forests,Sandy scops owl
Sandy scops owl,diet,insects,Sandy scops owl
Sandy scops owl,diet,small vertebrates,Sandy scops owl
Sandy scops owl,nocturnal,true,Sandy scops owl
Sandy scops owl,size,small,Sandy scops owl
Sandy scops owl,length,18-20 cm,Sandy scops owl
Sandy scops owl,wingspan,45-50 cm,Sandy scops owl
Sandy scops owl,distinctiveFeature,yellow eyes,Sandy scops owl
Sandy scops owl,distinctiveFeature,pale sandy-brown plumage,Sandy scops owl
Sandy scops owl,vocalization,whistling calls,Sandy scops owl
Sandy scops owl,activityPeriod,nocturnal,Sandy scops owl
School-Live! (film),instanceOf,animated film,School-Live! (film)
School-Live! (film),instanceOf,horror film,School-Live! (film)
School-Live! (film),basedOn,School-Live! manga,School-Live! (film)
School-Live! (film),directedBy,Masaomi Andō,School-Live! (film)
School-Live! (film),producedBy,Lerche,School-Live! (film)
School-Live! (film),writtenBy,Norimitsu Kaihō,School-Live! (film)
School-Live! (film),musicBy,Masaaki Iizuka,School-Live! (film)
School-Live! (film),releaseDate,2024-01-26,School-Live! (film)
School-Live! (film),countryOfOrigin,Japan,School-Live! (film)
School-Live! (film),language,Japanese,School-Live! (film)
School-Live! (film),genre,horror,School-Live! (film)
School-Live! (film),genre,psychological thriller,School-Live! (film)
School-Live! (film),genre,drama,School-Live! (film)
School-Live! (film),distributedBy,Shochiku,School-Live! (film)
School-Live! (film),runtime,90 minutes,School-Live! (film)
Owen Wright (guitarist),instanceOf,person,Owen Wright (guitarist)
Owen Wright (guitarist),instanceOf,musician,Owen Wright (guitarist)
Owen Wright (guitarist),instanceOf,guitarist,Owen Wright (guitarist)
Owen Wright (guitarist),occupation,guitarist,Owen Wright (guitarist)
Owen Wright (guitarist),occupation,songwriter,Owen Wright (guitarist)
Owen Wright (guitarist),associatedBand,The Wrights,Owen Wright (guitarist)
Owen Wright (guitarist),associatedBand,The Church,Owen Wright (guitarist)
Owen Wright (guitarist),birthName,Owen Wright,Owen Wright (guitarist)
Owen Wright (guitarist),birthDate,1968-01-20,Owen Wright (guitarist)
Owen Wright (guitarist),birthPlace,"Sydney, Australia",Owen Wright (guitarist)
Owen Wright (guitarist),nationality,Australian,Owen Wright (guitarist)
Owen Wright (guitarist),instrument,guitar,Owen Wright (guitarist)
Owen Wright (guitarist),instrument,vocals,Owen Wright (guitarist)
Owen Wright (guitarist),genre,rock,Owen Wright (guitarist)
Owen Wright (guitarist),genre,alternative rock,Owen Wright (guitarist)
Owen Wright (guitarist),memberOf,The Church,Owen Wright (guitarist)
The Church,instanceOf,band,Owen Wright (guitarist)
The Church,formedIn,1980,Owen Wright (guitarist)
The Church,origin,"Sydney, Australia",Owen Wright (guitarist)
The Church,genre,rock,Owen Wright (guitarist)
The Church,genre,psychedelic rock,Owen Wright (guitarist)
The Church,genre,alternative rock,Owen Wright (guitarist)
The Wrights,instanceOf,band,Owen Wright (guitarist)
The Wrights,formedIn,2002,Owen Wright (guitarist)
The Wrights,disbandedIn,2008,Owen Wright (guitarist)
The Wrights,origin,Australia,Owen Wright (guitarist)
The Wrights,genre,rock,Owen Wright (guitarist)
The Wrights,genre,alternative rock,Owen Wright (guitarist)
The Wrights,member,Owen Wright (guitarist),Owen Wright (guitarist)
The Wrights,member,Tim Kevin,Owen Wright (guitarist)
Owen Wright (guitarist),notableWork,Under the Milky Way,Owen Wright (guitarist)
Under the Milky Way,instanceOf,song,Owen Wright (guitarist)
Under the Milky Way,artist,The Church,Owen Wright (guitarist)
Under the Milky Way,releasedIn,1988,Owen Wright (guitarist)
Owen Wright (guitarist),collaboratedWith,Steve Kilbey,Owen Wright (guitarist)
Steve Kilbey,instanceOf,musician,Owen Wright (guitarist)
Steve Kilbey,occupation,singer,Owen Wright (guitarist)
Steve Kilbey,occupation,bassist,Owen Wright (guitarist)
Steve Kilbey,memberOf,The Church,Owen Wright (guitarist)
Costa Verde (Peru),instanceOf,coastal region,Costa Verde (Peru)
Costa Verde (Peru),instanceOf,tourist attraction,Costa Verde (Peru)
Costa Verde (Peru),locatedIn,Lima,Costa Verde (Peru)
Costa Verde (Peru),locatedIn,Peru,Costa Verde (Peru)
Costa Verde (Peru),partOf,Pacific Ocean coastline,Costa Verde (Peru)
Costa Verde (Peru),knownFor,scenic cliffs,Costa Verde (Peru)
Costa Verde (Peru),knownFor,ocean views,Costa Verde (Peru)
Costa Verde (Peru),knownFor,highway (Costa Verde Expressway),Costa Verde (Peru)
Costa Verde (Peru),knownFor,beaches,Costa Verde (Peru)
Costa Verde (Peru),hasFeature,cliffs,Costa Verde (Peru)
Costa Verde (Peru),hasFeature,tunnels,Costa Verde (Peru)
Costa Verde (Peru),hasFeature,viewpoints,Costa Verde (Peru)
Costa Verde (Peru),connects,Miraflores,Costa Verde (Peru)
Costa Verde (Peru),connects,Barranco,Costa Verde (Peru)
Costa Verde (Peru),connects,Chorrillos,Costa Verde (Peru)
Costa Verde (Peru),highwayName,Costa Verde Expressway,Costa Verde (Peru)
Costa Verde (Peru),length,approximately 20 kilometers,Costa Verde (Peru)
Costa Verde (Peru),popularActivity,paragliding,Costa Verde (Peru)
Costa Verde (Peru),popularActivity,surfing,Costa Verde (Peru)
Costa Verde (Peru),popularActivity,cycling,Costa Verde (Peru)
Costa Verde (Peru),popularActivity,sightseeing,Costa Verde (Peru)
Costa Verde (Peru),nearbyLandmark,Larcomar shopping center,Costa Verde (Peru)
Costa Verde (Peru),nearbyLandmark,Huaca Pucllana,Costa Verde (Peru)
Costa Verde (Peru),nearbyLandmark,Parque del Amor,Costa Verde (Peru)
Costa Verde (Peru),administrativeDivision,Lima Province,Costa Verde (Peru)
Costa Verde (Peru),administrativeDivision,Lima Region,Costa Verde (Peru)
Gracie Mansion Gallery,instanceOf,art gallery,Gracie Mansion Gallery
Gracie Mansion Gallery,instanceOf,cultural institution,Gracie Mansion Gallery
Gracie Mansion Gallery,location,New York City,Gracie Mansion Gallery
Gracie Mansion Gallery,location,Manhattan,Gracie Mansion Gallery
Gracie Mansion Gallery,locatedIn,Gracie Mansion,Gracie Mansion Gallery
Gracie Mansion Gallery,established,1980s,Gracie Mansion Gallery
Gracie Mansion Gallery,foundedBy,artists and curators,Gracie Mansion Gallery
Gracie Mansion Gallery,focus,contemporary art,Gracie Mansion Gallery
Gracie Mansion Gallery,focus,emerging artists,Gracie Mansion Gallery
Gracie Mansion Gallery,associatedWith,East Village art scene,Gracie Mansion Gallery
Gracie Mansion Gallery,operatedBy,independent curators,Gracie Mansion Gallery
Gracie Mansion Gallery,notableFor,alternative exhibition space,Gracie Mansion Gallery
Gracie Mansion Gallery,closed,1990s,Gracie Mansion Gallery
Kolpino railway station,instanceOf,railway station,Kolpino railway station
Kolpino railway station,locatedIn,Kolpino,Kolpino railway station
Kolpino railway station,locatedIn,Saint Petersburg,Kolpino railway station
Kolpino railway station,locatedIn,Russia,Kolpino railway station
Kolpino railway station,servedBy,October Railway,Kolpino railway station
Kolpino railway station,lineServed,Saint Petersburg–Moscow Railway,Kolpino railway station
Kolpino railway station,opened,1847,Kolpino railway station
Kolpino railway station,type,commuter rail station,Kolpino railway station
Kolpino railway station,connectsTo,Saint Petersburg,Kolpino railway station
Kolpino railway station,connectsTo,Moscow,Kolpino railway station
Kolpino railway station,timeZone,Moscow Time (UTC+3),Kolpino railway station
Kolpino railway station,operatedBy,Russian Railways,Kolpino railway station
Tibetan serin,instanceOf,bird,Tibetan serin
Tibetan serin,instanceOf,species,Tibetan serin
Tibetan serin,scientificName,Serinus thibetanus,Tibetan serin
Tibetan serin,family,Fringillidae,Tibetan serin
Tibetan serin,genus,Serinus,Tibetan serin
Tibetan serin,order,Passeriformes,Tibetan serin
Tibetan serin,habitat,montane forests,Tibetan serin
Tibetan serin,habitat,shrublands,Tibetan serin
Tibetan serin,nativeTo,Bhutan,Tibetan serin
Tibetan serin,nativeTo,China,Tibetan serin
Tibetan serin,nativeTo,India,Tibetan serin
Tibetan serin,nativeTo,Nepal,Tibetan serin
Tibetan serin,diet,seeds,Tibetan serin
Tibetan serin,diet,insects,Tibetan serin
Tibetan serin,conservationStatus,Least Concern,Tibetan serin
Tibetan serin,averageLength,12 cm,Tibetan serin
Tibetan serin,plumageColor,yellow,Tibetan serin
Tibetan serin,plumageColor,green,Tibetan serin
Tibetan serin,plumageColor,brown,Tibetan serin
Tibetan serin,distinctiveFeature,yellow rump,Tibetan serin
Tibetan serin,distinctiveFeature,streaked breast,Tibetan serin
Tibetan serin,behavior,gregarious,Tibetan serin
Tibetan serin,behavior,forages in flocks,Tibetan serin
Tibetan serin,vocalization,musical song,Tibetan serin
Tibetan serin,vocalization,high-pitched calls,Tibetan serin
Tibetan serin,breedingSeason,April to July,Tibetan serin
Tibetan serin,nestLocation,trees,Tibetan serin
Tibetan serin,nestLocation,bushes,Tibetan serin
Tibetan serin,clutchSize,3 to 5 eggs,Tibetan serin
Tibetan serin,incubationPeriod,12 to 14 days,Tibetan serin
Tibetan serin,fledgingPeriod,14 to 16 days,Tibetan serin
Tibetan serin,lifespan,up to 5 years,Tibetan serin
Tibetan serin,predators,birds of prey,Tibetan serin
Tibetan serin,predators,snakes,Tibetan serin
Tibetan serin,predators,mammals,Tibetan serin
Tibetan serin,synonym,Tibetan siskin,Tibetan serin
Tibetan serin,discoveredBy,Allan Octavian Hume,Tibetan serin
Tibetan serin,yearDescribed,1872,Tibetan serin
Swimming at the 2013 World Aquatics Championships – Men's 50 metre backstroke,instanceOf,swimming event,Swimming at the 2013 World Aquatics Championships – Men's 50 metre backstroke
Swimming at the 2013 World Aquatics Championships – Men's 50 metre backstroke,partOf,2013 World Aquatics Championships,Swimming at the 2013 World Aquatics Championships – Men's 50 metre backstroke
Swimming at the 2013 World Aquatics Championships – Men's 50 metre backstroke,sport,swimming,Swimming at the 2013 World Aquatics Championships – Men's 50 metre backstroke
Swimming at the 2013 World Aquatics Championships – Men's 50 metre backstroke,eventType,50 metre backstroke,Swimming at the 2013 World Aquatics Championships – Men's 50 metre backstroke
Swimming at the 2013 World Aquatics Championships – Men's 50 metre backstroke,genderCategory,men's,Swimming at the 2013 World Aquatics Championships – Men's 50 metre backstroke
Swimming at the 2013 World Aquatics Championships – Men's 50 metre backstroke,location,"Palau Sant Jordi, Barcelona, Spain",Swimming at the 2013 World Aquatics Championships – Men's 50 metre backstroke
Swimming at the 2013 World Aquatics Championships – Men's 50 metre backstroke,date,2013-08-03,Swimming at the 2013 World Aquatics Championships – Men's 50 metre backstroke
Swimming at the 2013 World Aquatics Championships – Men's 50 metre backstroke,winner,Camille Lacourt,Swimming at the 2013 World Aquatics Championships – Men's 50 metre backstroke
Swimming at the 2013 World Aquatics Championships – Men's 50 metre backstroke,winnerNationality,France,Swimming at the 2013 World Aquatics Championships – Men's 50 metre backstroke
Swimming at the 2013 World Aquatics Championships – Men's 50 metre backstroke,secondPlace,Jeremy Stravius,Swimming at the 2013 World Aquatics Championships – Men's 50 metre backstroke
Swimming at the 2013 World Aquatics Championships – Men's 50 metre backstroke,secondPlaceNationality,France,Swimming at the 2013 World Aquatics Championships – Men's 50 metre backstroke
Swimming at the 2013 World Aquatics Championships – Men's 50 metre backstroke,thirdPlace,Matt Grevers,Swimming at the 2013 World Aquatics Championships – Men's 50 metre backstroke
Swimming at the 2013 World Aquatics Championships – Men's 50 metre backstroke,thirdPlaceNationality,United States,Swimming at the 2013 World Aquatics Championships – Men's 50 metre backstroke
Swimming at the 2013 World Aquatics Championships – Men's 50 metre backstroke,winningTime,24.42 seconds,Swimming at the 2013 World Aquatics Championships – Men's 50 metre backstroke
Swimming at the 2013 World Aquatics Championships – Men's 50 metre backstroke,participatingCountries,multiple,Swimming at the 2013 World Aquatics Championships – Men's 50 metre backstroke
Homocitrulline,instanceOf,amino acid derivative,Homocitrulline
Homocitrulline,instanceOf,non-proteinogenic amino acid,Homocitrulline
Homocitrulline,chemicalFormula,C7H15N3O3,Homocitrulline
Homocitrulline,IUPACName,2-amino-6-(carbamoylamino)hexanoic acid,Homocitrulline
Homocitrulline,derivedFrom,lysine,Homocitrulline
Homocitrulline,formationProcess,carbamylation,Homocitrulline
Homocitrulline,associatedWith,uremia,Homocitrulline
Homocitrulline,associatedWith,chronic kidney disease,Homocitrulline
Homocitrulline,biomarkerFor,protein carbamylation,Homocitrulline
Homocitrulline,differenceFrom,citrulline,Homocitrulline
Homocitrulline,molecularWeight,189.21 g/mol,Homocitrulline
Homocitrulline,roleIn,post-translational modification,Homocitrulline
1997–98 Országos Bajnokság I (men's water polo),instanceOf,water polo league season,1997–98 Országos Bajnokság I (men's water polo)
1997–98 Országos Bajnokság I (men's water polo),sport,water polo,1997–98 Országos Bajnokság I (men's water polo)
1997–98 Országos Bajnokság I (men's water polo),country,Hungary,1997–98 Országos Bajnokság I (men's water polo)
1997–98 Országos Bajnokság I (men's water polo),league,Országos Bajnokság I,1997–98 Országos Bajnokság I (men's water polo)
1997–98 Országos Bajnokság I (men's water polo),gender,men's,1997–98 Országos Bajnokság I (men's water polo)
1997–98 Országos Bajnokság I (men's water polo),season,1997–98,1997–98 Országos Bajnokság I (men's water polo)
1997–98 Országos Bajnokság I (men's water polo),champion,BVSC (Budapesti Vasutas Sport Club),1997–98 Országos Bajnokság I (men's water polo)
1997–98 Országos Bajnokság I (men's water polo),runner-up,Ferencvárosi TC,1997–98 Országos Bajnokság I (men's water polo)
1997–98 Országos Bajnokság I (men's water polo),thirdPlace,Újpesti TE,1997–98 Országos Bajnokság I (men's water polo)
1997–98 Országos Bajnokság I (men's water polo),numberOfTeams,12,1997–98 Országos Bajnokság I (men's water polo)
1997–98 Országos Bajnokság I (men's water polo),competitionFormat,round-robin followed by playoffs,1997–98 Országos Bajnokság I (men's water polo)
Tulane Green Wave women's basketball,instanceOf,college women's basketball team,Tulane Green Wave women's basketball
Tulane Green Wave women's basketball,instanceOf,sports team,Tulane Green Wave women's basketball
Tulane Green Wave women's basketball,partOf,Tulane University,Tulane Green Wave women's basketball
Tulane Green Wave women's basketball,sport,basketball,Tulane Green Wave women's basketball
Tulane Green Wave women's basketball,gender,women's,Tulane Green Wave women's basketball
Tulane Green Wave women's basketball,league,American Athletic Conference,Tulane Green Wave women's basketball
Tulane Green Wave women's basketball,league,NCAA Division I,Tulane Green Wave women's basketball
Tulane Green Wave women's basketball,homeVenue,Devlin Fieldhouse,Tulane Green Wave women's basketball
Tulane Green Wave women's basketball,headCoach,Lauretta Freeman,Tulane Green Wave women's basketball
Tulane Green Wave women's basketball,founded,1975,Tulane Green Wave women's basketball
Tulane Green Wave women's basketball,mascot,Riptide the Pelican,Tulane Green Wave women's basketball
Tulane Green Wave women's basketball,colors,green,Tulane Green Wave women's basketball
Tulane Green Wave women's basketball,colors,blue,Tulane Green Wave women's basketball
Tulane Green Wave women's basketball,colors,white,Tulane Green Wave women's basketball
Tulane Green Wave women's basketball,conferenceTitles,10,Tulane Green Wave women's basketball
Tulane Green Wave women's basketball,ncaaTournamentAppearances,12,Tulane Green Wave women's basketball
Tulane Green Wave women's basketball,finalFourAppearances,1,Tulane Green Wave women's basketball
Tulane Green Wave women's basketball,associatedWith,Tulane Green Wave,Tulane Green Wave women's basketball
Tulane Green Wave women's basketball,location,"New Orleans, Louisiana",Tulane Green Wave women's basketball
Tulane Green Wave women's basketball,nickname,Green Wave,Tulane Green Wave women's basketball
Boomerang (2015 film),instanceOf,film,Boomerang (2015 film)
Boomerang (2015 film),instanceOf,comedy film,Boomerang (2015 film)
Boomerang (2015 film),releaseYear,2015,Boomerang (2015 film)
Boomerang (2015 film),director,François Favrat,Boomerang (2015 film)
Boomerang (2015 film),screenplayBy,Noémie Saglio,Boomerang (2015 film)
Boomerang (2015 film),screenplayBy,Frédéric Beigbeder,Boomerang (2015 film)
Boomerang (2015 film),screenplayBy,François Favrat,Boomerang (2015 film)
Boomerang (2015 film),basedOn,a concept by Noémie Saglio and Laurent Turner,Boomerang (2015 film)
Boomerang (2015 film),starring,Laurent Lafitte,Boomerang (2015 film)
Boomerang (2015 film),starring,Mélanie Laurent,Boomerang (2015 film)
Boomerang (2015 film),starring,Audrey Dana,Boomerang (2015 film)
Boomerang (2015 film),starring,Nicolas Bedos,Boomerang (2015 film)
Boomerang (2015 film),starring,Mélanie Doutey,Boomerang (2015 film)
Boomerang (2015 film),countryOfOrigin,France,Boomerang (2015 film)
Boomerang (2015 film),language,French,Boomerang (2015 film)
Boomerang (2015 film),productionCompany,Quad Productions,Boomerang (2015 film)
Boomerang (2015 film),distributedBy,Wild Bunch,Boomerang (2015 film)
Boomerang (2015 film),runtime,100 minutes,Boomerang (2015 film)
Boomerang (2015 film),genre,comedy,Boomerang (2015 film)
Boomerang (2015 film),genre,drama,Boomerang (2015 film)
Boomerang (2015 film),filmingLocation,"Paris, France",Boomerang (2015 film)
Wyoming Game and Fish Department,instanceOf,state wildlife agency,Wyoming Game and Fish Department
Wyoming Game and Fish Department,instanceOf,government agency,Wyoming Game and Fish Department
Wyoming Game and Fish Department,jurisdiction,Wyoming,Wyoming Game and Fish Department
Wyoming Game and Fish Department,responsibility,wildlife management,Wyoming Game and Fish Department
Wyoming Game and Fish Department,responsibility,fisheries management,Wyoming Game and Fish Department
Wyoming Game and Fish Department,responsibility,hunting regulation,Wyoming Game and Fish Department
Wyoming Game and Fish Department,responsibility,fishing regulation,Wyoming Game and Fish Department
Wyoming Game and Fish Department,responsibility,habitat conservation,Wyoming Game and Fish Department
Wyoming Game and Fish Department,responsibility,wildlife law enforcement,Wyoming Game and Fish Department
Wyoming Game and Fish Department,headquarters,"Cheyenne, Wyoming",Wyoming Game and Fish Department
Wyoming Game and Fish Department,established,1947,Wyoming Game and Fish Department
Wyoming Game and Fish Department,fundingSource,hunting and fishing license fees,Wyoming Game and Fish Department
Wyoming Game and Fish Department,fundingSource,federal excise taxes on hunting and fishing equipment,Wyoming Game and Fish Department
Wyoming Game and Fish Department,fundingSource,state appropriations,Wyoming Game and Fish Department
Wyoming Game and Fish Department,website,https://wgfd.wyo.gov/,Wyoming Game and Fish Department
Wyoming Game and Fish Department,oversees,Wyoming State Parks,Wyoming Game and Fish Department
Wyoming Game and Fish Department,oversees,wildlife areas,Wyoming Game and Fish Department
Wyoming Game and Fish Department,oversees,fisheries,Wyoming Game and Fish Department
Wyoming Game and Fish Department,manages,big game species,Wyoming Game and Fish Department
Wyoming Game and Fish Department,manages,game birds,Wyoming Game and Fish Department
Wyoming Game and Fish Department,manages,freshwater fish,Wyoming Game and Fish Department
Wyoming Game and Fish Department,conducts,wildlife research,Wyoming Game and Fish Department
Wyoming Game and Fish Department,conducts,habitat restoration projects,Wyoming Game and Fish Department
Wyoming Game and Fish Department,conducts,public education programs,Wyoming Game and Fish Department
Wyoming Game and Fish Department,partOf,Wyoming state government,Wyoming Game and Fish Department
Wyoming Game and Fish Department,collaboratesWith,U.S. Fish and Wildlife Service,Wyoming Game and Fish Department
Wyoming Game and Fish Department,collaboratesWith,Bureau of Land Management,Wyoming Game and Fish Department
Wyoming Game and Fish Department,collaboratesWith,National Park Service,Wyoming Game and Fish Department
Wyoming Game and Fish Department,collaboratesWith,U.S. Forest Service,Wyoming Game and Fish Department
Wyoming Game and Fish Department,issues,hunting licenses,Wyoming Game and Fish Department
Wyoming Game and Fish Department,issues,fishing licenses,Wyoming Game and Fish Department
Wyoming Game and Fish Department,issues,wildlife conservation stamps,Wyoming Game and Fish Department
Wyoming Game and Fish Department,enforces,Wyoming wildlife laws,Wyoming Game and Fish Department
Wyoming Game and Fish Department,enforces,federal wildlife laws,Wyoming Game and Fish Department
Wyoming Game and Fish Department,employs,game wardens,Wyoming Game and Fish Department
Wyoming Game and Fish Department,employs,biologists,Wyoming Game and Fish Department
Wyoming Game and Fish Department,employs,conservation officers,Wyoming Game and Fish Department
Wyoming Game and Fish Department,operates,wildlife management areas,Wyoming Game and Fish Department
Wyoming Game and Fish Department,operates,fish hatcheries,Wyoming Game and Fish Department
Wyoming Game and Fish Department,operates,visitor centers,Wyoming Game and Fish Department
Llansantffraid railway station,instanceOf,railway station,Llansantffraid railway station
Llansantffraid railway station,locatedIn,Llansantffraid-ym-Mechain,Llansantffraid railway station
Llansantffraid railway station,locatedIn,Powys,Llansantffraid railway station
Llansantffraid railway station,locatedIn,Wales,Llansantffraid railway station
Llansantffraid railway station,locatedIn,United Kingdom,Llansantffraid railway station
Llansantffraid railway station,servedBy,Cambrian Railways,Llansantffraid railway station
Llansantffraid railway station,opened,1863,Llansantffraid railway station
Llansantffraid railway station,closed,1965,Llansantffraid railway station
Llansantffraid railway station,lineServed,Cambrian Line,Llansantffraid railway station
Llansantffraid railway station,historicalRegion,Montgomeryshire,Llansantffraid railway station
Llansantffraid railway station,coordinates,52.7936°N,Llansantffraid railway station
Llansantffraid railway station,coordinates,3.1356°W,Llansantffraid railway station
Peter Laurence (diplomat),instanceOf,human,Peter Laurence (diplomat)
Peter Laurence (diplomat),instanceOf,diplomat,Peter Laurence (diplomat)
Peter Laurence (diplomat),occupation,diplomat,Peter Laurence (diplomat)
Peter Laurence (diplomat),nationality,British,Peter Laurence (diplomat)
Peter Laurence (diplomat),servedAs,British High Commissioner to Brunei,Peter Laurence (diplomat)
Peter Laurence (diplomat),servedAs,British Ambassador to Vietnam,Peter Laurence (diplomat)
Peter Laurence (diplomat),servedAs,British Ambassador to Laos,Peter Laurence (diplomat)
Peter Laurence (diplomat),termPeriod,1994–1997 (as Ambassador to Laos),Peter Laurence (diplomat)
Peter Laurence (diplomat),termPeriod,1997–2000 (as Ambassador to Vietnam),Peter Laurence (diplomat)
Peter Laurence (diplomat),termPeriod,2001–2004 (as High Commissioner to Brunei),Peter Laurence (diplomat)
Peter Laurence (diplomat),educatedAt,University of Oxford,Peter Laurence (diplomat)
Peter Laurence (diplomat),memberOf,Foreign and Commonwealth Office (FCO),Peter Laurence (diplomat)
Never Never (TV series),instanceOf,TV series,Never Never (TV series)
Never Never (TV series),genre,Drama,Never Never (TV series)
Never Never (TV series),genre,Thriller,Never Never (TV series)
Never Never (TV series),creator,Harlan Coben,Never Never (TV series)
Never Never (TV series),basedOn,Never Go Back (novel),Never Never (TV series)
Never Never (TV series),basedOn,Harlan Coben's novel of the same name,Never Never (TV series)
Never Never (TV series),starring,Richard Armitage,Never Never (TV series)
Never Never (TV series),starring,Cush Jumbo,Never Never (TV series)
Never Never (TV series),releaseDate,2023,Never Never (TV series)
Never Never (TV series),countryOfOrigin,United Kingdom,Never Never (TV series)
Never Never (TV series),language,English,Never Never (TV series)
Never Never (TV series),productionCompany,Red Production Company,Never Never (TV series)
Never Never (TV series),distributor,BritBox,Never Never (TV series)
Never Never (TV series),numberOfEpisodes,4,Never Never (TV series)
Never Never (TV series),numberOfSeasons,1,Never Never (TV series)
Church of St. Elizabeth of Hungary in Łódź,instanceOf,church,Church of St. Elizabeth of Hungary in Łódź
Church of St. Elizabeth of Hungary in Łódź,instanceOf,Catholic church,Church of St. Elizabeth of Hungary in Łódź
Church of St. Elizabeth of Hungary in Łódź,locatedIn,Łódź,Church of St. Elizabeth of Hungary in Łódź
Church of St. Elizabeth of Hungary in Łódź,locatedIn,Poland,Church of St. Elizabeth of Hungary in Łódź
Church of St. Elizabeth of Hungary in Łódź,dedicatedTo,Saint Elizabeth of Hungary,Church of St. Elizabeth of Hungary in Łódź
Church of St. Elizabeth of Hungary in Łódź,denomination,Roman Catholic,Church of St. Elizabeth of Hungary in Łódź
Church of St. Elizabeth of Hungary in Łódź,architecturalStyle,Neo-Gothic,Church of St. Elizabeth of Hungary in Łódź
Church of St. Elizabeth of Hungary in Łódź,constructionStartYear,1883,Church of St. Elizabeth of Hungary in Łódź
Church of St. Elizabeth of Hungary in Łódź,constructionCompletionYear,1897,Church of St. Elizabeth of Hungary in Łódź
Church of St. Elizabeth of Hungary in Łódź,architect,Władysław Marconi,Church of St. Elizabeth of Hungary in Łódź
Church of St. Elizabeth of Hungary in Łódź,status,parish church,Church of St. Elizabeth of Hungary in Łódź
Church of St. Elizabeth of Hungary in Łódź,address,"ul. Jaracza 62, 90-251 Łódź, Poland",Church of St. Elizabeth of Hungary in Łódź
Church of St. Elizabeth of Hungary in Łódź,notableFeature,twin spires,Church of St. Elizabeth of Hungary in Łódź
Church of St. Elizabeth of Hungary in Łódź,notableFeature,stained glass windows,Church of St. Elizabeth of Hungary in Łódź
Church of St. Elizabeth of Hungary in Łódź,historicalSignificance,one of the largest churches in Łódź,Church of St. Elizabeth of Hungary in Łódź
Church of St. Elizabeth of Hungary in Łódź,capacity,"approximately 5,000 people",Church of St. Elizabeth of Hungary in Łódź
Ten Ren Tea,instanceOf,company,Ten Ren Tea
Ten Ren Tea,instanceOf,tea retailer,Ten Ren Tea
Ten Ren Tea,foundedIn,1953,Ten Ren Tea
Ten Ren Tea,foundedIn,Taiwan,Ten Ren Tea
Ten Ren Tea,headquarters,Taipei,Ten Ren Tea
Ten Ren Tea,industry,food and beverage,Ten Ren Tea
Ten Ren Tea,industry,retail,Ten Ren Tea
Ten Ren Tea,product,tea,Ten Ren Tea
Ten Ren Tea,product,tea accessories,Ten Ren Tea
Ten Ren Tea,product,bubble tea,Ten Ren Tea
Ten Ren Tea,product,tea-based beverages,Ten Ren Tea
Ten Ren Tea,product,tea leaves,Ten Ren Tea
Ten Ren Tea,product,tea bags,Ten Ren Tea
Ten Ren Tea,product,tea sets,Ten Ren Tea
Ten Ren Tea,operatesIn,Taiwan,Ten Ren Tea
Ten Ren Tea,operatesIn,United States,Ten Ren Tea
Ten Ren Tea,operatesIn,Canada,Ten Ren Tea
Ten Ren Tea,operatesIn,China,Ten Ren Tea
Ten Ren Tea,operatesIn,Japan,Ten Ren Tea
Ten Ren Tea,operatesIn,Malaysia,Ten Ren Tea
Ten Ren Tea,operatesIn,Singapore,Ten Ren Tea
Ten Ren Tea,operatesIn,Australia,Ten Ren Tea
Ten Ren Tea,operatesIn,United Kingdom,Ten Ren Tea
Ten Ren Tea,founder,Tsai Wan-Tsai,Ten Ren Tea
Ten Ren Tea,type,private company,Ten Ren Tea
Ten Ren Tea,website,https://www.tenren.com,Ten Ren Tea
Ten Ren Tea,knownFor,bubble tea,Ten Ren Tea
Ten Ren Tea,knownFor,traditional tea culture,Ten Ren Tea
Ten Ren Tea,parentOrganization,Ten Ren Group,Ten Ren Tea
Ten Ren Tea,subsidiary,Ten Ren Tea USA,Ten Ren Tea
Ten Ren Tea,subsidiary,Ten Ren Tea Canada,Ten Ren Tea
Ten Ren Tea,awardReceived,Taiwan Excellence Award,Ten Ren Tea
Ten Ren Tea,awardReceived,International Tea Competition awards,Ten Ren Tea
Ten Ren Tea,slogan,The Art of Tea,Ten Ren Tea
Ten Ren Tea,slogan,Brewing Happiness,Ten Ren Tea
National Route 306 (Costa Rica),instanceOf,highway,National Route 306 (Costa Rica)
National Route 306 (Costa Rica),instanceOf,national road,National Route 306 (Costa Rica)
National Route 306 (Costa Rica),locatedIn,Costa Rica,National Route 306 (Costa Rica)
National Route 306 (Costa Rica),connects,San José,National Route 306 (Costa Rica)
National Route 306 (Costa Rica),connects,Cartago,National Route 306 (Costa Rica)
National Route 306 (Costa Rica),connects,Paraíso,National Route 306 (Costa Rica)
National Route 306 (Costa Rica),administratedBy,Consejo Nacional de Vialidad (CONAVI),National Route 306 (Costa Rica)
National Route 306 (Costa Rica),length,approximately 20 kilometers,National Route 306 (Costa Rica)
National Route 306 (Costa Rica),routeNumber,306,National Route 306 (Costa Rica)
National Route 306 (Costa Rica),type,secondary road,National Route 306 (Costa Rica)
National Route 306 (Costa Rica),passesThrough,Orosi Valley,National Route 306 (Costa Rica)
"Friary Church of St Francis and St Anthony, Crawley",instanceOf,church,"Friary Church of St Francis and St Anthony, Crawley"
"Friary Church of St Francis and St Anthony, Crawley",instanceOf,Catholic church,"Friary Church of St Francis and St Anthony, Crawley"
"Friary Church of St Francis and St Anthony, Crawley",dedicatedTo,Saint Francis of Assisi,"Friary Church of St Francis and St Anthony, Crawley"
"Friary Church of St Francis and St Anthony, Crawley",dedicatedTo,Saint Anthony of Padua,"Friary Church of St Francis and St Anthony, Crawley"
"Friary Church of St Francis and St Anthony, Crawley",location,"Crawley, West Sussex, England","Friary Church of St Francis and St Anthony, Crawley"
"Friary Church of St Francis and St Anthony, Crawley",denomination,Roman Catholic,"Friary Church of St Francis and St Anthony, Crawley"
"Friary Church of St Francis and St Anthony, Crawley",affiliation,Diocese of Arundel and Brighton,"Friary Church of St Francis and St Anthony, Crawley"
"Friary Church of St Francis and St Anthony, Crawley",architecturalStyle,Modern,"Friary Church of St Francis and St Anthony, Crawley"
"Friary Church of St Francis and St Anthony, Crawley",completed,1960s,"Friary Church of St Francis and St Anthony, Crawley"
"Friary Church of St Francis and St Anthony, Crawley",servedBy,Franciscan Order,"Friary Church of St Francis and St Anthony, Crawley"
"Friary Church of St Francis and St Anthony, Crawley",notableFeature,friary,"Friary Church of St Francis and St Anthony, Crawley"
"Friary Church of St Francis and St Anthony, Crawley",parish,"St Francis of Assisi Parish, Crawley","Friary Church of St Francis and St Anthony, Crawley"
Études (journal),instanceOf,academic journal,Études (journal)
Études (journal),field,humanities,Études (journal)
Études (journal),field,social sciences,Études (journal)
Études (journal),language,French,Études (journal)
Études (journal),publisher,Éditions de l'École des hautes études en sciences sociales (EHESS),Études (journal)
Études (journal),foundingYear,1856,Études (journal)
Études (journal),country,France,Études (journal)
Études (journal),associatedWith,Jesuits,Études (journal)
Études (journal),focus,religion,Études (journal)
Études (journal),focus,philosophy,Études (journal)
Études (journal),focus,culture,Études (journal)
Études (journal),focus,politics,Études (journal)
Études (journal),focus,society,Études (journal)
Études (journal),ISSN,0014-1941,Études (journal)
Études (journal),website,https://etudes.revues.org/,Études (journal)
Études (journal),frequency,monthly,Études (journal)
Études (journal),openAccess,partial,Études (journal)
Historical Dictionary Project of the Hebrew Language,instanceOf,lexicographic project,Historical Dictionary Project of the Hebrew Language
Historical Dictionary Project of the Hebrew Language,instanceOf,linguistic research initiative,Historical Dictionary Project of the Hebrew Language
Historical Dictionary Project of the Hebrew Language,location,Israel,Historical Dictionary Project of the Hebrew Language
Historical Dictionary Project of the Hebrew Language,affiliatedWith,Academy of the Hebrew Language,Historical Dictionary Project of the Hebrew Language
Historical Dictionary Project of the Hebrew Language,foundedIn,1959,Historical Dictionary Project of the Hebrew Language
Historical Dictionary Project of the Hebrew Language,purpose,document the historical development of the Hebrew language,Historical Dictionary Project of the Hebrew Language
Historical Dictionary Project of the Hebrew Language,scope,covers Hebrew from ancient times to the modern era,Historical Dictionary Project of the Hebrew Language
Historical Dictionary Project of the Hebrew Language,methodology,corpus-based lexicography,Historical Dictionary Project of the Hebrew Language
Historical Dictionary Project of the Hebrew Language,includesTextsFrom,Biblical Hebrew,Historical Dictionary Project of the Hebrew Language
Historical Dictionary Project of the Hebrew Language,includesTextsFrom,Mishnaic Hebrew,Historical Dictionary Project of the Hebrew Language
Historical Dictionary Project of the Hebrew Language,includesTextsFrom,Medieval Hebrew,Historical Dictionary Project of the Hebrew Language
Historical Dictionary Project of the Hebrew Language,includesTextsFrom,Modern Hebrew,Historical Dictionary Project of the Hebrew Language
Historical Dictionary Project of the Hebrew Language,digitalAvailability,partial online access,Historical Dictionary Project of the Hebrew Language
Historical Dictionary Project of the Hebrew Language,fundedBy,Israeli government,Historical Dictionary Project of the Hebrew Language
Historical Dictionary Project of the Hebrew Language,fundedBy,private donors,Historical Dictionary Project of the Hebrew Language
Historical Dictionary Project of the Hebrew Language,publicationStatus,ongoing,Historical Dictionary Project of the Hebrew Language
Historical Dictionary Project of the Hebrew Language,notableContributors,Zeev Ben-Hayyim,Historical Dictionary Project of the Hebrew Language
Historical Dictionary Project of the Hebrew Language,notableContributors,Moshe Goshen-Gottstein,Historical Dictionary Project of the Hebrew Language
Historical Dictionary Project of the Hebrew Language,relatedTo,Ben-Yehuda Dictionary,Historical Dictionary Project of the Hebrew Language
Historical Dictionary Project of the Hebrew Language,relatedTo,Even-Shoshan Dictionary,Historical Dictionary Project of the Hebrew Language
Sales (band),instanceOf,musical group,Sales (band)
Sales (band),origin,"Orlando, Florida, U.S.",Sales (band)
Sales (band),genre,indie rock,Sales (band)
Sales (band),genre,indie pop,Sales (band)
Sales (band),genre,lo-fi,Sales (band)
Sales (band),formed,2012,Sales (band)
Sales (band),disbanded,2020,Sales (band)
Sales (band),member,Lauren Morgan,Sales (band)
Sales (band),member,Jordan Shih,Sales (band)
Sales (band),label,Cannonball Records,Sales (band)
Sales (band),label,Bayonet Records,Sales (band)
Sales (band),associatedAct,The Drums,Sales (band)
Sales (band),associatedAct,Crumb,Sales (band)
Sales (band),album,SALES (2014),Sales (band)
Sales (band),album,Forever & Ever (2016),Sales (band)
Sales (band),single,Renee,Sales (band)
Sales (band),single,Vow,Sales (band)
Sales (band),single,Chinese New Year,Sales (band)
Sales (band),single,Ivy,Sales (band)
Sales (band),single,Talk a Lot,Sales (band)
Sales (band),single,Off and On,Sales (band)
Sales (band),single,tough,Sales (band)
Sales (band),single,in my head,Sales (band)
Sales (band),website,salesband.bandcamp.com,Sales (band)
Sales (band),influencedBy,The Beatles,Sales (band)
Sales (band),influencedBy,The Velvet Underground,Sales (band)
Sales (band),influencedBy,Beach House,Sales (band)
Sales (band),notableWork,Renee (song),Sales (band)
Sales (band),notableWork,Chinese New Year (song),Sales (band)
"Rodrigo Alonso (footballer, born 1982)",instanceOf,Person,"Rodrigo Alonso (footballer, born 1982)"
"Rodrigo Alonso (footballer, born 1982)",instanceOf,Footballer,"Rodrigo Alonso (footballer, born 1982)"
"Rodrigo Alonso (footballer, born 1982)",dateOfBirth,1982,"Rodrigo Alonso (footballer, born 1982)"
"Rodrigo Alonso (footballer, born 1982)",placeOfBirth,Argentina,"Rodrigo Alonso (footballer, born 1982)"
"Rodrigo Alonso (footballer, born 1982)",positionPlayed,Defender,"Rodrigo Alonso (footballer, born 1982)"
"Rodrigo Alonso (footballer, born 1982)",playedFor,Club Atlético Talleres,"Rodrigo Alonso (footballer, born 1982)"
"Rodrigo Alonso (footballer, born 1982)",playedFor,Club Atlético Belgrano,"Rodrigo Alonso (footballer, born 1982)"
"Rodrigo Alonso (footballer, born 1982)",playedFor,Club Atlético Aldosivi,"Rodrigo Alonso (footballer, born 1982)"
"Rodrigo Alonso (footballer, born 1982)",playedFor,Club Atlético San Martín (San Juan),"Rodrigo Alonso (footballer, born 1982)"
"Rodrigo Alonso (footballer, born 1982)",playedFor,Club Atlético Tucumán,"Rodrigo Alonso (footballer, born 1982)"
Shōmaru Station,instanceOf,railway station,Shōmaru Station
Shōmaru Station,locatedIn,"Chichibu, Saitama",Shōmaru Station
Shōmaru Station,operatedBy,Chichibu Railway,Shōmaru Station
Shōmaru Station,lineServed,Chichibu Main Line,Shōmaru Station
Shōmaru Station,opened,1914,Shōmaru Station
Shōmaru Station,stationCode,CR24,Shōmaru Station
Shōmaru Station,nearbyAttraction,Shōmaru Pass,Shōmaru Station
Shōmaru Station,nearbyAttraction,Chichibu Muse Park,Shōmaru Station
Shōmaru Station,elevation,approximately 200 meters,Shōmaru Station
Ascanio della Corgna,instanceOf,human,Ascanio della Corgna
Ascanio della Corgna,instanceOf,nobleman,Ascanio della Corgna
Ascanio della Corgna,birthDate,1514,Ascanio della Corgna
Ascanio della Corgna,deathDate,1571,Ascanio della Corgna
Ascanio della Corgna,birthPlace,Perugia,Ascanio della Corgna
Ascanio della Corgna,deathPlace,Castiglione del Lago,Ascanio della Corgna
Ascanio della Corgna,title,Marquis of Castiglione del Lago,Ascanio della Corgna
Ascanio della Corgna,occupation,condottiero,Ascanio della Corgna
Ascanio della Corgna,occupation,military leader,Ascanio della Corgna
Ascanio della Corgna,family,Della Corgna,Ascanio della Corgna
Ascanio della Corgna,notableWork,Palazzo della Corgna (Castiglione del Lago),Ascanio della Corgna
Ascanio della Corgna,relatedTo,Pope Julius III,Ascanio della Corgna
Ascanio della Corgna,militaryConflict,Battle of Lepanto (1571),Ascanio della Corgna
Ascanio della Corgna,role,commander in the Papal States' forces,Ascanio della Corgna
Giovanni Maria da Varano,instanceOf,human,Giovanni Maria da Varano
Giovanni Maria da Varano,instanceOf,nobleman,Giovanni Maria da Varano
Giovanni Maria da Varano,birthDate,1481,Giovanni Maria da Varano
Giovanni Maria da Varano,deathDate,1527,Giovanni Maria da Varano
Giovanni Maria da Varano,birthPlace,Camerino,Giovanni Maria da Varano
Giovanni Maria da Varano,deathPlace,Camerino,Giovanni Maria da Varano
Giovanni Maria da Varano,title,Duke of Camerino,Giovanni Maria da Varano
Giovanni Maria da Varano,successorOf,Giulio Cesare da Varano,Giovanni Maria da Varano
Giovanni Maria da Varano,predecessorOf,Ercole da Varano,Giovanni Maria da Varano
Giovanni Maria da Varano,spouse,Caterina Cybo,Giovanni Maria da Varano
Giovanni Maria da Varano,parent,Giulio Cesare da Varano,Giovanni Maria da Varano
Giovanni Maria da Varano,parent,Giovanna Malatesta,Giovanni Maria da Varano
Giovanni Maria da Varano,child,Ercole da Varano,Giovanni Maria da Varano
Giovanni Maria da Varano,child,Giulia da Varano,Giovanni Maria da Varano
Giovanni Maria da Varano,house,Da Varano,Giovanni Maria da Varano
Giovanni Maria da Varano,notableFor,ruling the Duchy of Camerino,Giovanni Maria da Varano
Giovanni Maria da Varano,conflictWith,Cesare Borgia,Giovanni Maria da Varano
American College of Greece,instanceOf,university,American College of Greece
American College of Greece,instanceOf,private educational institution,American College of Greece
American College of Greece,locatedIn,Athens,American College of Greece
American College of Greece,locatedIn,Greece,American College of Greece
American College of Greece,foundedIn,1875,American College of Greece
American College of Greece,hasCampus,Aghia Paraskevi,American College of Greece
American College of Greece,hasCampus,Athens,American College of Greece
American College of Greece,offersProgram,undergraduate degrees,American College of Greece
American College of Greece,offersProgram,graduate degrees,American College of Greece
American College of Greece,offersProgram,professional education,American College of Greece
American College of Greece,accreditation,New England Commission of Higher Education (NECHE),American College of Greece
American College of Greece,accreditation,"Open University, UK",American College of Greece
American College of Greece,affiliatedWith,Deree College,American College of Greece
American College of Greece,affiliatedWith,Alba Graduate Business School,American College of Greece
American College of Greece,affiliatedWith,Pierce College,American College of Greece
American College of Greece,languageOfInstruction,English,American College of Greece
American College of Greece,motto,"Truth, Virtue, Service",American College of Greece
American College of Greece,type,non-profit,American College of Greece
American College of Greece,hasStudentOrganization,student clubs,American College of Greece
American College of Greece,hasStudentOrganization,athletic teams,American College of Greece
American College of Greece,mascot,Panther,American College of Greece
American College of Greece,website,www.acg.edu,American College of Greece
American College of Greece,notableAlumni,Giannis Antetokounmpo,American College of Greece
American College of Greece,notableAlumni,Nia Vardalos,American College of Greece
American College of Greece,partOf,American educational system in Greece,American College of Greece
Claude Théodore Decaen,instanceOf,human,Claude Théodore Decaen
Claude Théodore Decaen,instanceOf,military personnel,Claude Théodore Decaen
Claude Théodore Decaen,dateOfBirth,1811-07-17,Claude Théodore Decaen
Claude Théodore Decaen,dateOfDeath,1870-08-17,Claude Théodore Decaen
Claude Théodore Decaen,placeOfBirth,Paris,Claude Théodore Decaen
Claude Théodore Decaen,placeOfDeath,Paris,Claude Théodore Decaen
Claude Théodore Decaen,countryOfCitizenship,France,Claude Théodore Decaen
Claude Théodore Decaen,militaryRank,General,Claude Théodore Decaen
Claude Théodore Decaen,militaryBranch,French Army,Claude Théodore Decaen
Claude Théodore Decaen,notableWork,Participation in the Crimean War,Claude Théodore Decaen
Claude Théodore Decaen,notableWork,Command during the Franco-Prussian War,Claude Théodore Decaen
Claude Théodore Decaen,awardReceived,Grand Officer of the Legion of Honour,Claude Théodore Decaen
Claude Théodore Decaen,parent,Charles Matthieu Isidore Decaen,Claude Théodore Decaen
Claude Théodore Decaen,occupation,soldier,Claude Théodore Decaen
Mionnay station,instanceOf,railway station,Mionnay station
Mionnay station,locatedIn,Mionnay,Mionnay station
Mionnay station,locatedIn,Ain department,Mionnay station
Mionnay station,locatedIn,Auvergne-Rhône-Alpes region,Mionnay station
Mionnay station,locatedIn,France,Mionnay station
Mionnay station,servedBy,TER Auvergne-Rhône-Alpes,Mionnay station
Mionnay station,lineServedBy,Lyon–Bourg-en-Bresse railway,Mionnay station
Mionnay station,opened,1866,Mionnay station
Mionnay station,operatedBy,SNCF,Mionnay station
Mionnay station,hasStationCode,XMIY,Mionnay station
Sandaker senter tram stop,instanceOf,tram stop,Sandaker senter tram stop
Sandaker senter tram stop,instanceOf,public transport infrastructure,Sandaker senter tram stop
Sandaker senter tram stop,locatedIn,Oslo,Sandaker senter tram stop
Sandaker senter tram stop,locatedIn,Norway,Sandaker senter tram stop
Sandaker senter tram stop,servedBy,Oslo Tramway,Sandaker senter tram stop
Sandaker senter tram stop,servedByLine,Line 17,Sandaker senter tram stop
Sandaker senter tram stop,servedByLine,Line 18,Sandaker senter tram stop
Sandaker senter tram stop,nearbyLocation,Sandaker Senter (shopping center),Sandaker senter tram stop
Sandaker senter tram stop,opened,1999,Sandaker senter tram stop
Sandaker senter tram stop,coordinates,"59.9453°N, 10.7708°E",Sandaker senter tram stop
"Mill Creek East, Washington",instanceOf,census-designated place,"Mill Creek East, Washington"
"Mill Creek East, Washington",instanceOf,unincorporated community,"Mill Creek East, Washington"
"Mill Creek East, Washington",locatedIn,"Snohomish County, Washington","Mill Creek East, Washington"
"Mill Creek East, Washington",locatedIn,"Washington, United States","Mill Creek East, Washington"
"Mill Creek East, Washington",partOf,Seattle metropolitan area,"Mill Creek East, Washington"
"Mill Creek East, Washington",nearestCity,"Mill Creek, Washington","Mill Creek East, Washington"
"Mill Creek East, Washington",population,"24,049 (2020 census)","Mill Creek East, Washington"
"Mill Creek East, Washington",elevation,120 meters,"Mill Creek East, Washington"
"Mill Creek East, Washington",timeZone,Pacific Time Zone (UTC-8),"Mill Creek East, Washington"
"Mill Creek East, Washington",postalCode,98012,"Mill Creek East, Washington"
"Mill Creek East, Washington",area,11.5 square kilometers,"Mill Creek East, Washington"
"Mill Creek East, Washington",established,20th century (as a residential area),"Mill Creek East, Washington"
Wendy Mogel,instanceOf,Person,Wendy Mogel
Wendy Mogel,instanceOf,Author,Wendy Mogel
Wendy Mogel,instanceOf,Psychologist,Wendy Mogel
Wendy Mogel,occupation,Clinical Psychologist,Wendy Mogel
Wendy Mogel,occupation,Public Speaker,Wendy Mogel
Wendy Mogel,nationality,American,Wendy Mogel
Wendy Mogel,notableWork,The Blessing of a Skinned Knee,Wendy Mogel
Wendy Mogel,notableWork,The Blessing of a B Minus,Wendy Mogel
Wendel Mogel,notableWork,Voice Lessons for Parents,Wendy Mogel
Wendy Mogel,fieldOfStudy,Parenting,Wendy Mogel
Wendy Mogel,fieldOfStudy,Child Development,Wendy Mogel
Wendy Mogel,educatedAt,Princeton University,Wendy Mogel
Wendy Mogel,educatedAt,"University of California, Los Angeles",Wendy Mogel
Wendy Mogel,degree,Ph.D. in Clinical Psychology,Wendy Mogel
Wendy Mogel,genre,Non-fiction,Wendy Mogel
Wendy Mogel,award,Books for a Better Life Award,Wendy Mogel
Mucuri Airport,instanceOf,airport,Mucuri Airport
Mucuri Airport,locatedIn,Mucuri,Mucuri Airport
Mucuri Airport,locatedIn,Bahia,Mucuri Airport
Mucuri Airport,locatedIn,Brazil,Mucuri Airport
Mucuri Airport,IATAcode,MVS,Mucuri Airport
Mucuri Airport,ICAOcode,SNMU,Mucuri Airport
Mucuri Airport,elevation,6 meters,Mucuri Airport
Mucuri Airport,runwayLength,1200 meters,Mucuri Airport
Mucuri Airport,runwaySurface,asphalt,Mucuri Airport
Mucuri Airport,serves,Mucuri,Mucuri Airport
Mucuri Airport,serves,Teixeira de Freitas,Mucuri Airport
Mucuri Airport,operatedBy,Municipality of Mucuri,Mucuri Airport
Òran Mór,instanceOf,building,Òran Mór
Òran Mór,instanceOf,event venue,Òran Mór
Òran Mór,instanceOf,restaurant,Òran Mór
Òran Mór,instanceOf,bar,Òran Mór
Òran Mór,instanceOf,nightclub,Òran Mór
Òran Mór,location,Glasgow,Òran Mór
Òran Mór,location,Scotland,Òran Mór
Òran Mór,location,United Kingdom,Òran Mór
Òran Mór,architecturalStyle,Victorian,Òran Mór
Òran Mór,originalUse,church,Òran Mór
Òran Mór,formerName,Kelvinside Hillhead Parish Church,Òran Mór
Òran Mór,openedAsVenue,2004,Òran Mór
Òran Mór,owner,Colin Beattie,Òran Mór
Òran Mór,notableFeature,"A Play, A Pie and A Pint theatre program",Òran Mór
Òran Mór,capacity,600,Òran Mór
Òran Mór,website,https://www.oran-mor.co.uk,Òran Mór
American Society of Magazine Editors,instanceOf,professional organization,American Society of Magazine Editors
American Society of Magazine Editors,instanceOf,nonprofit organization,American Society of Magazine Editors
American Society of Magazine Editors,abbreviation,ASME,American Society of Magazine Editors
American Society of Magazine Editors,foundedIn,1963,American Society of Magazine Editors
American Society of Magazine Editors,headquartersLocation,New York City,American Society of Magazine Editors
American Society of Magazine Editors,country,United States,American Society of Magazine Editors
American Society of Magazine Editors,purpose,promote editorial excellence in magazines,American Society of Magazine Editors
American Society of Magazine Editors,purpose,advocate for editorial independence,American Society of Magazine Editors
American Society of Magazine Editors,purpose,support professional development for magazine editors,American Society of Magazine Editors
American Society of Magazine Editors,awards,National Magazine Awards,American Society of Magazine Editors
American Society of Magazine Editors,awards,Ellie Awards,American Society of Magazine Editors
American Society of Magazine Editors,governedBy,board of directors,American Society of Magazine Editors
American Society of Magazine Editors,membershipType,professional membership,American Society of Magazine Editors
American Society of Magazine Editors,website,www.magazine.org,American Society of Magazine Editors
American Society of Magazine Editors,affiliatedWith,MPA – The Association of Magazine Media,American Society of Magazine Editors
American Society of Magazine Editors,notableMember,David Granger,American Society of Magazine Editors
American Society of Magazine Editors,notableMember,Gloria Steinem,American Society of Magazine Editors
American Society of Magazine Editors,industry,publishing,American Society of Magazine Editors
American Society of Magazine Editors,industry,media,American Society of Magazine Editors
To the Wonder,instanceOf,film,To the Wonder
To the Wonder,directedBy,Terrence Malick,To the Wonder
To the Wonder,writtenBy,Terrence Malick,To the Wonder
To the Wonder,releasedIn,2012,To the Wonder
To the Wonder,genre,drama,To the Wonder
To the Wonder,genre,romance,To the Wonder
To the Wonder,starring,Ben Affleck,To the Wonder
To the Wonder,starring,Olga Kurylenko,To the Wonder
To the Wonder,starring,Rachel McAdams,To the Wonder
To the Wonder,starring,Javier Bardem,To the Wonder
To the Wonder,producedBy,Nicolas Gonda,To the Wonder
To the Wonder,producedBy,Sarah Green,To the Wonder
To the Wonder,cinematographyBy,Emmanuel Lubezki,To the Wonder
To the Wonder,editedBy,A.J. Edwards,To the Wonder
To the Wonder,editedBy,Keith Fraase,To the Wonder
To the Wonder,musicBy,Hanan Townshend,To the Wonder
To the Wonder,productionCompany,FilmNation Entertainment,To the Wonder
To the Wonder,distributedBy,Magnolia Pictures,To the Wonder
To the Wonder,countryOfOrigin,United States,To the Wonder
To the Wonder,language,English,To the Wonder
To the Wonder,language,French,To the Wonder
To the Wonder,language,Spanish,To the Wonder
To the Wonder,filmingLocation,"Bartlesville, Oklahoma, USA",To the Wonder
To the Wonder,filmingLocation,"Paris, France",To the Wonder
To the Wonder,runtime,112 minutes,To the Wonder
To the Wonder,awardReceived,Nominated for Best Cinematography at the Camerimage Festival (2012),To the Wonder
Juncus inflexus,instanceOf,species,Juncus inflexus
Juncus inflexus,commonName,Hard Rush,Juncus inflexus
Juncus inflexus,commonName,Blue Rush,Juncus inflexus
Juncus inflexus,kingdom,Plantae,Juncus inflexus
Juncus inflexus,clade,Angiosperms,Juncus inflexus
Juncus inflexus,clade,Monocots,Juncus inflexus
Juncus inflexus,order,Poales,Juncus inflexus
Juncus inflexus,family,Juncaceae,Juncus inflexus
Juncus inflexus,genus,Juncus,Juncus inflexus
Juncus inflexus,nativeTo,Europe,Juncus inflexus
Juncus inflexus,nativeTo,Asia,Juncus inflexus
Juncus inflexus,nativeTo,North Africa,Juncus inflexus
Juncus inflexus,introducedTo,North America,Juncus inflexus
Juncus inflexus,introducedTo,Australia,Juncus inflexus
Juncus inflexus,habitat,Wetlands,Juncus inflexus
Juncus inflexus,habitat,Marshes,Juncus inflexus
Juncus inflexus,habitat,Damp meadows,Juncus inflexus
Juncus inflexus,habitat,Riverbanks,Juncus inflexus
Juncus inflexus,growthForm,Perennial herb,Juncus inflexus
Juncus inflexus,stemColor,Glaucous (blue-green),Juncus inflexus
Juncus inflexus,stemHeight,30–100 cm,Juncus inflexus
Juncus inflexus,leafType,Reduced to basal sheaths,Juncus inflexus
Juncus inflexus,inflorescence,Cymose panicle,Juncus inflexus
Juncus inflexus,flowerColor,Brown,Juncus inflexus
Juncus inflexus,floweringPeriod,June to August,Juncus inflexus
Juncus inflexus,fruitType,Capsule,Juncus inflexus
Juncus inflexus,seedDispersal,Water,Juncus inflexus
Juncus inflexus,seedDispersal,Wind,Juncus inflexus
Juncus inflexus,tolerance,Waterlogging,Juncus inflexus
Juncus inflexus,tolerance,Poor soils,Juncus inflexus
Juncus inflexus,ecologicalRole,Stabilizes wetland soils,Juncus inflexus
Juncus inflexus,ecologicalRole,Provides habitat for invertebrates,Juncus inflexus
Juncus inflexus,conservationStatus,Least Concern (IUCN),Juncus inflexus
SM UB-74,instanceOf,German Type UB III submarine,SM UB-74
SM UB-74,partOf,Imperial German Navy,SM UB-74
SM UB-74,commissioned,1917,SM UB-74
SM UB-74,decommissioned,1918,SM UB-74
SM UB-74,sank,1918-05-26,SM UB-74
SM UB-74,causeOfSinking,torpedoed by HMS L2,SM UB-74
SM UB-74,locationOfSinking,English Channel,SM UB-74
SM UB-74,displacement,516 tonnes (surfaced),SM UB-74
SM UB-74,displacement,647 tonnes (submerged),SM UB-74
SM UB-74,length,55.3 meters,SM UB-74
SM UB-74,beam,5.8 meters,SM UB-74
SM UB-74,draft,3.7 meters,SM UB-74
SM UB-74,propulsion,2 × diesel engines (600 hp total),SM UB-74
SM UB-74,propulsion,2 × electric motors (788 hp total),SM UB-74
SM UB-74,speed,13.6 knots (surfaced),SM UB-74
SM UB-74,speed,8 knots (submerged),SM UB-74
SM UB-74,range,"8,680 nautical miles (surfaced at 6 knots)",SM UB-74
SM UB-74,range,55 nautical miles (submerged at 4 knots),SM UB-74
SM UB-74,testDepth,50 meters,SM UB-74
SM UB-74,complement,34 officers and men,SM UB-74
SM UB-74,armament,"5 × 50 cm torpedo tubes (4 bow, 1 stern)",SM UB-74
SM UB-74,armament,10 × torpedoes,SM UB-74
SM UB-74,armament,1 × 8.8 cm deck gun,SM UB-74
SM UB-74,commander,Oberleutnant zur See Wilhelm Marschall,SM UB-74
SM UB-74,sankShips,"3 ships (total 3,902 GRT)",SM UB-74
SM UB-74,sankShips,1 warship (HMS *Ghurka*),SM UB-74
SM UB-74,operationalArea,North Sea,SM UB-74
SM UB-74,operationalArea,English Channel,SM UB-74
SM UB-74,builtBy,"Blohm & Voss, Hamburg",SM UB-74
SM UB-74,laidDown,1916,SM UB-74
SM UB-74,launched,1917-02-17,SM UB-74
SM UB-74,fate,Sunk by HMS L2 on 26 May 1918,SM UB-74
Vida Movahed,instanceOf,Human,Vida Movahed
Vida Movahed,instanceOf,Activist,Vida Movahed
Vida Movahed,countryOfCitizenship,Iran,Vida Movahed
Vida Movahed,gender,Female,Vida Movahed
Vida Movahed,knownFor,Protest against compulsory hijab,Vida Movahed
Vida Movahed,dateOfBirth,Unknown (estimated 1980s),Vida Movahed
Vida Movahed,occupation,Protester,Vida Movahed
Vida Movahed,notableEvent,December 2017 protest in Tehran,Vida Movahed
Vida Movahed,notableEvent,Arrest following protest,Vida Movahed
Vida Movahed,influencedBy,Women's rights movement in Iran,Vida Movahed
Vida Movahed,symbolOf,Resistance against compulsory hijab laws,Vida Movahed
Bueng Kan province,instanceOf,province of Thailand,Bueng Kan province
Bueng Kan province,instanceOf,administrative division,Bueng Kan province
Bueng Kan province,country,Thailand,Bueng Kan province
Bueng Kan province,region,Northeastern Thailand,Bueng Kan province
Bueng Kan province,capital,Bueng Kan,Bueng Kan province
Bueng Kan province,established,2011,Bueng Kan province
Bueng Kan province,area,"4,305 km²",Bueng Kan province
Bueng Kan province,population,"420,000 (2021 est.)",Bueng Kan province
Bueng Kan province,neighboring provinces,Nong Khai province,Bueng Kan province
Bueng Kan province,neighboring provinces,Sakon Nakhon province,Bueng Kan province
Bueng Kan province,neighboring provinces,Nakhon Phanom province,Bueng Kan province
Bueng Kan province,neighboring country,Laos,Bueng Kan province
Bueng Kan province,bordering river,Mekong River,Bueng Kan province
Bueng Kan province,ISO 3166-2 code,TH-38,Bueng Kan province
Bueng Kan province,time zone,UTC+7,Bueng Kan province
Bueng Kan province,official language,Thai,Bueng Kan province
Bueng Kan province,major religion,Theravada Buddhism,Bueng Kan province
Bueng Kan province,major ethnic groups,Isan people,Bueng Kan province
Bueng Kan province,major economic activities,agriculture,Bueng Kan province
Bueng Kan province,major economic activities,fishing,Bueng Kan province
Bueng Kan province,major crops,rice,Bueng Kan province
Bueng Kan province,major crops,cassava,Bueng Kan province
Bueng Kan province,major crops,sugarcane,Bueng Kan province
Bueng Kan province,districts,8,Bueng Kan province
Bueng Kan province,postal code prefix,38xxx,Bueng Kan province
Bueng Kan province,vehicle registration prefix,38,Bueng Kan province
USS Lorain (PF-93),instanceOf,United States Navy ship,USS Lorain (PF-93)
USS Lorain (PF-93),instanceOf,Tacoma-class frigate,USS Lorain (PF-93)
USS Lorain (PF-93),commissioned,1944,USS Lorain (PF-93)
USS Lorain (PF-93),decommissioned,1946,USS Lorain (PF-93)
USS Lorain (PF-93),builder,American Ship Building Company,USS Lorain (PF-93)
USS Lorain (PF-93),laidDown,1943-07-10,USS Lorain (PF-93)
USS Lorain (PF-93),launched,1943-10-30,USS Lorain (PF-93)
USS Lorain (PF-93),fate,Sold for scrap in 1947,USS Lorain (PF-93)
USS Lorain (PF-93),homeport,"New Orleans, Louisiana",USS Lorain (PF-93)
USS Lorain (PF-93),operatedIn,Atlantic Ocean,USS Lorain (PF-93)
USS Lorain (PF-93),operatedIn,Caribbean Sea,USS Lorain (PF-93)
USS Lorain (PF-93),type,Patrol frigate,USS Lorain (PF-93)
USS Lorain (PF-93),displacement,"1,430 tons (standard)",USS Lorain (PF-93)
USS Lorain (PF-93),displacement,"2,415 tons (full load)",USS Lorain (PF-93)
USS Lorain (PF-93),length,303 feet 11 inches (92.63 meters),USS Lorain (PF-93)
USS Lorain (PF-93),beam,37 feet 6 inches (11.43 meters),USS Lorain (PF-93)
USS Lorain (PF-93),draft,13 feet 8 inches (4.17 meters),USS Lorain (PF-93)
USS Lorain (PF-93),propulsion,"Two boilers, vertical triple-expansion steam engine",USS Lorain (PF-93)
USS Lorain (PF-93),speed,20 knots (37 km/h),USS Lorain (PF-93)
USS Lorain (PF-93),complement,190 officers and enlisted,USS Lorain (PF-93)
USS Lorain (PF-93),armament,3 × 3-inch (76 mm)/50 caliber guns,USS Lorain (PF-93)
USS Lorain (PF-93),armament,4 × 40 mm Bofors guns (2×2),USS Lorain (PF-93)
USS Lorain (PF-93),armament,9 × 20 mm Oerlikon cannons,USS Lorain (PF-93)
USS Lorain (PF-93),armament,1 × Hedgehog anti-submarine mortar,USS Lorain (PF-93)
USS Lorain (PF-93),armament,8 × depth charge projectors,USS Lorain (PF-93)
USS Lorain (PF-93),armament,2 × depth charge tracks,USS Lorain (PF-93)
USS Lorain (PF-93),service,World War II,USS Lorain (PF-93)
USS Lorain (PF-93),awarded,American Campaign Medal,USS Lorain (PF-93)
USS Lorain (PF-93),awarded,World War II Victory Medal,USS Lorain (PF-93)
Jorge Verstrynge,instanceOf,human,Jorge Verstrynge
Jorge Verstrynge,instanceOf,politician,Jorge Verstrynge
Jorge Verstrynge,instanceOf,political scientist,Jorge Verstrynge
Jorge Verstrynge,birthDate,1945-09-08,Jorge Verstrynge
Jorge Verstrynge,birthPlace,"Tangier, Morocco",Jorge Verstrynge
Jorge Verstrynge,nationality,Spanish,Jorge Verstrynge
Jorge Verstrynge,nationality,French,Jorge Verstrynge
Jorge Verstrynge,occupation,politician,Jorge Verstrynge
Jorge Verstrynge,occupation,political scientist,Jorge Verstrynge
Jorge Verstrynge,occupation,university professor,Jorge Verstrynge
Jorge Verstrynge,politicalParty,People's Alliance (AP) (formerly),Jorge Verstrynge
Jorge Verstrynge,politicalParty,Spanish Socialist Workers' Party (PSOE) (later),Jorge Verstrynge
Jorge Verstrynge,politicalParty,Podemos (advisor),Jorge Verstrynge
Jorge Verstrynge,positionHeld,Secretary-General of the People's Alliance (AP) (1979–1986),Jorge Verstrynge
Jorge Verstrynge,positionHeld,Member of the Congress of Deputies (Spain) (1982–1989),Jorge Verstrynge
Jorge Verstrynge,educatedAt,Complutense University of Madrid,Jorge Verstrynge
Jorge Verstrynge,fieldOfStudy,Political Science,Jorge Verstrynge
Jorge Verstrynge,notableWork,La guerra periférica y el islam revolucionario (1994),Jorge Verstrynge
Jorge Verstrynge,notableWork,Memorias de un maldito (1999),Jorge Verstrynge
Jorge Verstrynge,awardReceived,Blanquerna Award (2015),Jorge Verstrynge
Jorge Verstrynge,influencedBy,Carl Schmitt,Jorge Verstrynge
Jorge Verstrynge,influencedBy,Ernesto Laclau,Jorge Verstrynge
Jorge Verstrynge,influencedBy,Chantal Mouffe,Jorge Verstrynge
Jorge Verstrynge,knownFor,Political shift from far-right to left-wing populism,Jorge Verstrynge
Jorge Verstrynge,knownFor,Theory of peripheral warfare,Jorge Verstrynge
Jorge Verstrynge,spouse,María José Fernández (divorced),Jorge Verstrynge
Jorge Verstrynge,child,Jorge Verstrynge Fernández,Jorge Verstrynge
Park Ji-hyun (curler),instanceOf,human,Park Ji-hyun (curler)
Park Ji-hyun (curler),instanceOf,curler,Park Ji-hyun (curler)
Park Ji-hyun (curler),occupation,athlete,Park Ji-hyun (curler)
Park Ji-hyun (curler),sport,curling,Park Ji-hyun (curler)
Park Ji-hyun (curler),country of citizenship,South Korea,Park Ji-hyun (curler)
Park Ji-hyun (curler),member of sports team,South Korean national curling team,Park Ji-hyun (curler)
Park Ji-hyun (curler),participated in,2018 Winter Olympics,Park Ji-hyun (curler)
Park Ji-hyun (curler),participated in,2022 Winter Olympics,Park Ji-hyun (curler)
Park Ji-hyun (curler),position played,lead,Park Ji-hyun (curler)
Park Ji-hyun (curler),birthDate,1994-07-07,Park Ji-hyun (curler)
Park Ji-hyun (curler),birthPlace,"Seoul, South Korea",Park Ji-hyun (curler)
Park Ji-hyun (curler),gender,female,Park Ji-hyun (curler)
Park Ji-hyun (curler),award received,Olympic silver medal (2018),Park Ji-hyun (curler)
Park Ji-hyun (curler),award received,Olympic gold medal (2022),Park Ji-hyun (curler)
Park Ji-hyun (curler),team captain,Kim Eun-jung (curling),Park Ji-hyun (curler)
Park Ji-hyun (curler),teammate,Kim Kyeong-ae,Park Ji-hyun (curler)
Park Ji-hyun (curler),teammate,Kim Cho-hi,Park Ji-hyun (curler)
Park Ji-hyun (curler),teammate,Kim Seon-yeong,Park Ji-hyun (curler)
Ministry of Justice (Niger),instanceOf,government ministry,Ministry of Justice (Niger)
Ministry of Justice (Niger),instanceOf,national ministry,Ministry of Justice (Niger)
Ministry of Justice (Niger),country,Niger,Ministry of Justice (Niger)
Ministry of Justice (Niger),jurisdiction,Niger,Ministry of Justice (Niger)
Ministry of Justice (Niger),responsibility,administration of justice,Ministry of Justice (Niger)
Ministry of Justice (Niger),responsibility,legal affairs,Ministry of Justice (Niger)
Ministry of Justice (Niger),responsibility,human rights protection,Ministry of Justice (Niger)
Ministry of Justice (Niger),responsibility,prison administration,Ministry of Justice (Niger)
Ministry of Justice (Niger),responsibility,legislative drafting,Ministry of Justice (Niger)
Ministry of Justice (Niger),head,Minister of Justice,Ministry of Justice (Niger)
Ministry of Justice (Niger),partOf,Government of Niger,Ministry of Justice (Niger)
Ministry of Justice (Niger),location,Niamey,Ministry of Justice (Niger)
Ministry of Justice (Niger),officialLanguage,French,Ministry of Justice (Niger)
Johannes Loccenius,instanceOf,human,Johannes Loccenius
Johannes Loccenius,instanceOf,historian,Johannes Loccenius
Johannes Loccenius,instanceOf,jurist,Johannes Loccenius
Johannes Loccenius,birthName,Johannes Loccenius,Johannes Loccenius
Johannes Loccenius,birthDate,1598,Johannes Loccenius
Johannes Loccenius,birthPlace,Hamburg,Johannes Loccenius
Johannes Loccenius,deathDate,1677,Johannes Loccenius
Johannes Loccenius,deathPlace,Uppsala,Johannes Loccenius
Johannes Loccenius,occupation,historian,Johannes Loccenius
Johannes Loccenius,occupation,jurist,Johannes Loccenius
Johannes Loccenius,occupation,professor,Johannes Loccenius
Johannes Loccenius,nationality,German,Johannes Loccenius
Johannes Loccenius,nationality,Swedish,Johannes Loccenius
Johannes Loccenius,fieldOfWork,history,Johannes Loccenius
Johannes Loccenius,fieldOfWork,law,Johannes Loccenius
Johannes Loccenius,almaMater,University of Rostock,Johannes Loccenius
Johannes Loccenius,employer,Uppsala University,Johannes Loccenius
Johannes Loccenius,notableWork,Antiquitatum Sveo-Gothicarum libri tres,Johannes Loccenius
Johannes Loccenius,notableWork,Rerum Suecicarum Historia,Johannes Loccenius
Johannes Loccenius,languageSpoken,Latin,Johannes Loccenius
Johannes Loccenius,languageSpoken,German,Johannes Loccenius
Johannes Loccenius,languageSpoken,Swedish,Johannes Loccenius
Johannes Loccenius,influencedBy,Philipp Melanchthon,Johannes Loccenius
Johannes Loccenius,influencedBy,Johannes Magnus,Johannes Loccenius
Johannes Loccenius,awardReceived,Swedish nobility (posthumous),Johannes Loccenius
Johannes Loccenius,studentOf,David Chyträus,Johannes Loccenius
Johannes Loccenius,student,Olof Verelius,Johannes Loccenius
Johannes Loccenius,student,Johannes Schefferus,Johannes Loccenius
Johannes Loccenius,positionHeld,Professor of History at Uppsala University,Johannes Loccenius
Johannes Loccenius,positionHeld,Professor of Law at Uppsala University,Johannes Loccenius
Zapolyariye,instanceOf,geographical region,Zapolyariye
Zapolyariye,instanceOf,administrative division,Zapolyariye
Zapolyariye,locatedIn,Russia,Zapolyariye
Zapolyariye,locatedIn,Nenets Autonomous Okrug,Zapolyariye
Zapolyariye,partOf,Arkhangelsk Oblast,Zapolyariye
Zapolyariye,capital,Naryan-Mar,Zapolyariye
Zapolyariye,population,"approximately 42,000",Zapolyariye
Zapolyariye,area,"176,700 square kilometers",Zapolyariye
Zapolyariye,climate,Arctic,Zapolyariye
Zapolyariye,timeZone,"Moscow Time (MSK, UTC+3)",Zapolyariye
Zapolyariye,officialLanguage,Russian,Zapolyariye
Zapolyariye,majorIndustries,oil and gas extraction,Zapolyariye
Zapolyariye,majorIndustries,fishing,Zapolyariye
Zapolyariye,majorIndustries,reindeer herding,Zapolyariye
Zapolyariye,ethnicGroups,Nenets,Zapolyariye
Zapolyariye,ethnicGroups,Russians,Zapolyariye
Zapolyariye,ethnicGroups,Komi,Zapolyariye
Rodriguésia (journal),instanceOf,scientific journal,Rodriguésia (journal)
Rodriguésia (journal),field,botany,Rodriguésia (journal)
Rodriguésia (journal),field,taxonomy,Rodriguésia (journal)
Rodriguésia (journal),field,biodiversity,Rodriguésia (journal)
Rodriguésia (journal),publisher,Instituto de Pesquisas Jardim Botânico do Rio de Janeiro,Rodriguésia (journal)
Rodriguésia (journal),language,Portuguese,Rodriguésia (journal)
Rodriguésia (journal),language,English,Rodriguésia (journal)
Rodriguésia (journal),founded,1935,Rodriguésia (journal)
Rodriguésia (journal),frequency,quarterly,Rodriguésia (journal)
Rodriguésia (journal),openAccess,yes,Rodriguésia (journal)
Rodriguésia (journal),ISSN,0370-6583 (print),Rodriguésia (journal)
Rodriguésia (journal),ISSN,2175-7860 (online),Rodriguésia (journal)
Rodriguésia (journal),indexedIn,Scopus,Rodriguésia (journal)
Rodriguésia (journal),indexedIn,Web of Science,Rodriguésia (journal)
Rodriguésia (journal),indexedIn,Latindex,Rodriguésia (journal)
Rodriguésia (journal),indexedIn,DOAJ,Rodriguésia (journal)
Rodriguésia (journal),website,https://rodriguesia.jbrj.gov.br/,Rodriguésia (journal)
Rodriguésia (journal),country,Brazil,Rodriguésia (journal)
Rodriguésia (journal),namedAfter,João Barbosa Rodrigues,Rodriguésia (journal)
Rodriguésia (journal),subjectArea,plant systematics,Rodriguésia (journal)
Rodriguésia (journal),subjectArea,floristics,Rodriguésia (journal)
Rodriguésia (journal),subjectArea,conservation biology,Rodriguésia (journal)
Rodriguésia (journal),peerReviewed,yes,Rodriguésia (journal)
2012 Stockport Metropolitan Borough Council election,instanceOf,local election,2012 Stockport Metropolitan Borough Council election
2012 Stockport Metropolitan Borough Council election,instanceOf,political event,2012 Stockport Metropolitan Borough Council election
2012 Stockport Metropolitan Borough Council election,location,Stockport Metropolitan Borough Council,2012 Stockport Metropolitan Borough Council election
2012 Stockport Metropolitan Borough Council election,location,Greater Manchester,2012 Stockport Metropolitan Borough Council election
2012 Stockport Metropolitan Borough Council election,location,England,2012 Stockport Metropolitan Borough Council election
2012 Stockport Metropolitan Borough Council election,date,2012-05-03,2012 Stockport Metropolitan Borough Council election
2012 Stockport Metropolitan Borough Council election,partOf,2012 United Kingdom local elections,2012 Stockport Metropolitan Borough Council election
2012 Stockport Metropolitan Borough Council election,elects,councillors,2012 Stockport Metropolitan Borough Council election
2012 Stockport Metropolitan Borough Council election,numberOfSeats,21,2012 Stockport Metropolitan Borough Council election
2012 Stockport Metropolitan Borough Council election,previousEvent,2011 Stockport Metropolitan Borough Council election,2012 Stockport Metropolitan Borough Council election
2012 Stockport Metropolitan Borough Council election,nextEvent,2014 Stockport Metropolitan Borough Council election,2012 Stockport Metropolitan Borough Council election
2012 Stockport Metropolitan Borough Council election,result,Liberal Democrats retained control,2012 Stockport Metropolitan Borough Council election
2012 Stockport Metropolitan Borough Council election,voterTurnout,33.6%,2012 Stockport Metropolitan Borough Council election
2012 Stockport Metropolitan Borough Council election,councilControlBefore,Liberal Democrats,2012 Stockport Metropolitan Borough Council election
2012 Stockport Metropolitan Borough Council election,councilControlAfter,Liberal Democrats,2012 Stockport Metropolitan Borough Council election
2012 Stockport Metropolitan Borough Council election,seatsWonByParty,Liberal Democrats: 28,2012 Stockport Metropolitan Borough Council election
2012 Stockport Metropolitan Borough Council election,seatsWonByParty,Labour: 21,2012 Stockport Metropolitan Borough Council election
2012 Stockport Metropolitan Borough Council Council election,seatsWonByParty,Conservative: 10,2012 Stockport Metropolitan Borough Council election
2012 Stockport Metropolitan Borough Council election,seatsWonByParty,People Matter: 1,2012 Stockport Metropolitan Borough Council election
2012 Stockport Metropolitan Borough Council election,seatsWonByParty,Independent: 1,2012 Stockport Metropolitan Borough Council election
North Central Hardwood Forests,instanceOf,temperate broadleaf and mixed forests,North Central Hardwood Forests
North Central Hardwood Forests,instanceOf,ecoregion,North Central Hardwood Forests
North Central Hardwood Forests,locatedIn,United States,North Central Hardwood Forests
North Central Hardwood Forests,locatedIn,Minnesota,North Central Hardwood Forests
North Central Hardwood Forests,locatedIn,Wisconsin,North Central Hardwood Forests
North Central Hardwood Forests,locatedIn,Michigan,North Central Hardwood Forests
North Central Hardwood Forests,partOf,Eastern Temperate Forests,North Central Hardwood Forests
North Central Hardwood Forests,characterizedBy,hardwood trees,North Central Hardwood Forests
North Central Hardwood Forests,characterizedBy,coniferous trees,North Central Hardwood Forests
North Central Hardwood Forests,dominantSpecies,sugar maple,North Central Hardwood Forests
North Central Hardwood Forests,dominantSpecies,American basswood,North Central Hardwood Forests
North Central Hardwood Forests,dominantSpecies,red oak,North Central Hardwood Forests
North Central Hardwood Forests,dominantSpecies,white pine,North Central Hardwood Forests
North Central Hardwood Forests,climateType,humid continental,North Central Hardwood Forests
North Central Hardwood Forests,soilType,loamy soils,North Central Hardwood Forests
North Central Hardwood Forests,soilType,glacial till,North Central Hardwood Forests
North Central Hardwood Forests,threatenedBy,deforestation,North Central Hardwood Forests
North Central Hardwood Forests,threatenedBy,urbanization,North Central Hardwood Forests
North Central Hardwood Forests,threatenedBy,invasive species,North Central Hardwood Forests
North Central Hardwood Forests,conservationStatus,vulnerable,North Central Hardwood Forests
North Central Hardwood Forests,notableFeature,Great Lakes influence,North Central Hardwood Forests
North Central Hardwood Forests,biodiversityLevel,high,North Central Hardwood Forests
2010–11 Kent State Golden Flashes men's basketball team,instanceOf,college basketball team,2010–11 Kent State Golden Flashes men's basketball team
2010–11 Kent State Golden Flashes men's basketball team,sport,basketball,2010–11 Kent State Golden Flashes men's basketball team
2010–11 Kent State Golden Flashes men's basketball team,gender,men's,2010–11 Kent State Golden Flashes men's basketball team
2010–11 Kent State Golden Flashes men's basketball team,university,Kent State University,2010–11 Kent State Golden Flashes men's basketball team
2010–11 Kent State Golden Flashes men's basketball team,conference,Mid-American Conference (MAC),2010–11 Kent State Golden Flashes men's basketball team
2010–11 Kent State Golden Flashes men's basketball team,season,2010–11,2010–11 Kent State Golden Flashes men's basketball team
2010–11 Kent State Golden Flashes men's basketball team,headCoach,Geno Ford,2010–11 Kent State Golden Flashes men's basketball team
2010–11 Kent State Golden Flashes men's basketball team,record,25–12 (12–4 MAC),2010–11 Kent State Golden Flashes men's basketball team
2010–11 Kent State Golden Flashes men's basketball team,conferenceTournamentResult,MAC Tournament Champions,2010–11 Kent State Golden Flashes men's basketball team
2010–11 Kent State Golden Flashes men's basketball team,ncaaTournamentResult,First Round (Lost to UCLA),2010–11 Kent State Golden Flashes men's basketball team
2010–11 Kent State Golden Flashes men's basketball team,homeArena,Memorial Athletic and Convocation Center (MAC Center),2010–11 Kent State Golden Flashes men's basketball team
2010–11 Kent State Golden Flashes men's basketball team,notablePlayer,Justin Greene,2010–11 Kent State Golden Flashes men's basketball team
2010–11 Kent State Golden Flashes men's basketball team,notablePlayer,Carlton Guyton,2010–11 Kent State Golden Flashes men's basketball team
2010–11 Kent State Golden Flashes men's basketball team,notablePlayer,Rodney Webb,2010–11 Kent State Golden Flashes men's basketball team
2010–11 Kent State Golden Flashes men's basketball team,awards,Justin Greene – MAC Player of the Year,2010–11 Kent State Golden Flashes men's basketball team
2010–11 Kent State Golden Flashes men's basketball team,awards,Geno Ford – MAC Coach of the Year,2010–11 Kent State Golden Flashes men's basketball team
Gaspar de Bono,instanceOf,human,Gaspar de Bono
Gaspar de Bono,instanceOf,Catholic saint,Gaspar de Bono
Gaspar de Bono,dateOfBirth,1530,Gaspar de Bono
Gaspar de Bono,placeOfBirth,Valencia,Gaspar de Bono
Gaspar de Bono,dateOfDeath,1604,Gaspar de Bono
Gaspar de Bono,placeOfDeath,Valencia,Gaspar de Bono
Gaspar de Bono,occupation,Catholic priest,Gaspar de Bono
Gaspar de Bono,occupation,religious leader,Gaspar de Bono
Gaspar de Bono,religion,Catholicism,Gaspar de Bono
Gaspar de Bono,canonizedBy,Pope Pius VI,Gaspar de Bono
Gaspar de Bono,canonizationDate,1806,Gaspar de Bono
Gaspar de Bono,feastDay,July 14,Gaspar de Bono
Gaspar de Bono,associatedWith,Order of Minims,Gaspar de Bono
Gaspar de Bono,nationality,Spanish,Gaspar de Bono
Gaspar de Bono,notableWork,Spiritual writings,Gaspar de Bono
Gaspar de Bono,knownFor,Humility and piety,Gaspar de Bono
Gaspar de Bono,beatifiedBy,Pope Clement XIV,Gaspar de Bono
Gaspar de Bono,beatificationDate,1783,Gaspar de Bono
Chengdu J-20,instanceOf,fighter aircraft,Chengdu J-20
Chengdu J-20,instanceOf,stealth aircraft,Chengdu J-20
Chengdu J-20,manufacturer,Chengdu Aerospace Corporation,Chengdu J-20
Chengdu J-20,countryOfOrigin,China,Chengdu J-20
Chengdu J-20,role,air superiority fighter,Chengdu J-20
Chengdu J-20,role,multirole fighter,Chengdu J-20
Chengdu J-20,introduced,2017,Chengdu J-20
Chengdu J-20,status,in service,Chengdu J-20
Chengdu J-20,primaryUser,People's Liberation Army Air Force,Chengdu J-20
Chengdu J-20,crew,1,Chengdu J-20
Chengdu J-20,length,20.3 meters,Chengdu J-20
Chengdu J-20,wingspan,12.88 meters,Chengdu J-20
Chengdu J-20,height,4.45 meters,Chengdu J-20
Chengdu J-20,emptyWeight,17000 kilograms,Chengdu J-20
Chengdu J-20,maxTakeoffWeight,37000 kilograms,Chengdu J-20
Chengdu J-20,engineType,turbofan,Chengdu J-20
Chengdu J-20,engineModel,WS-10C,Chengdu J-20
Chengdu J-20,engineModel,AL-31FM2,Chengdu J-20
Chengdu J-20,maxSpeed,Mach 2.5+,Chengdu J-20
Chengdu J-20,combatRange,1200 kilometers,Chengdu J-20
Chengdu J-20,ferryRange,5500 kilometers,Chengdu J-20
Chengdu J-20,serviceCeiling,20000 meters,Chengdu J-20
Chengdu J-20,gLimits,+9/-3,Chengdu J-20
Chengdu J-20,armament,20mm cannon,Chengdu J-20
Chengdu J-20,armament,PL-10 short-range air-to-air missiles,Chengdu J-20
Chengdu J-20,armament,PL-15 beyond-visual-range air-to-air missiles,Chengdu J-20
Chengdu J-20,armament,air-to-surface missiles,Chengdu J-20
Chengdu J-20,avionics,AESA radar,Chengdu J-20
Chengdu J-20,avionics,infrared search and track (IRST) system,Chengdu J-20
Chengdu J-20,avionics,electro-optical targeting system,Chengdu J-20
Chengdu J-20,firstFlight,2011-01-11,Chengdu J-20
Chengdu J-20,designer,Yang Wei,Chengdu J-20
Chengdu J-20,predecessor,Chengdu J-10,Chengdu J-20
Chengdu J-20,similarAircraft,Lockheed Martin F-22 Raptor,Chengdu J-20
Chengdu J-20,similarAircraft,Sukhoi Su-57,Chengdu J-20
Chengdu J-20,similarAircraft,Chengdu J-31,Chengdu J-20
Chengdu J-20,nickname,Mighty Dragon,Chengdu J-20
Chengdu J-20,developmentStarted,1990s,Chengdu J-20
Chengdu J-20,numberBuilt,over 50 (as of 2023),Chengdu J-20
Line S4 (Milan suburban railway service),instanceOf,railway line,Line S4 (Milan suburban railway service)
Line S4 (Milan suburban railway service),instanceOf,suburban rail service,Line S4 (Milan suburban railway service)
Line S4 (Milan suburban railway service),operatedBy,Trenord,Line S4 (Milan suburban railway service)
Line S4 (Milan suburban railway service),partOf,Milan suburban railway network,Line S4 (Milan suburban railway service)
Line S4 (Milan suburban railway service),connects,Milan,Line S4 (Milan suburban railway service)
Line S4 (Milan suburban railway service),connects,Camnago-Lentate,Line S4 (Milan suburban railway service)
Line S4 (Milan suburban railway service),connects,Seveso,Line S4 (Milan suburban railway service)
Line S4 (Milan suburban railway service),connects,Meda,Line S4 (Milan suburban railway service)
Line S4 (Milan suburban railway service),connects,Mariano Comense,Line S4 (Milan suburban railway service)
Line S4 (Milan suburban railway service),connects,Cabiate,Line S4 (Milan suburban railway service)
Line S4 (Milan suburban railway service),connects,Seregno,Line S4 (Milan suburban railway service)
Line S4 (Milan suburban railway service),connects,Desio,Line S4 (Milan suburban railway service)
Line S4 (Milan suburban railway service),connects,Lissone-Muggiò,Line S4 (Milan suburban railway service)
Line S4 (Milan suburban railway service),connects,Monza,Line S4 (Milan suburban railway service)
Line S4 (Milan suburban railway service),connects,Sesto San Giovanni,Line S4 (Milan suburban railway service)
Line S4 (Milan suburban railway service),connects,Milan Greco Pirelli,Line S4 (Milan suburban railway service)
Line S4 (Milan suburban railway service),connects,Milan Porta Garibaldi,Line S4 (Milan suburban railway service)
Line S4 (Milan suburban railway service),connects,Milan Cadorna,Line S4 (Milan suburban railway service)
Line S4 (Milan suburban railway service),terminus,Camnago-Lentate,Line S4 (Milan suburban railway service)
Line S4 (Milan suburban railway service),terminus,Milan Cadorna,Line S4 (Milan suburban railway service)
Line S4 (Milan suburban railway service),routeLength,34 km,Line S4 (Milan suburban railway service)
Line S4 (Milan suburban railway service),numberOfStations,19,Line S4 (Milan suburban railway service)
Line S4 (Milan suburban railway service),opened,2004,Line S4 (Milan suburban railway service)
Line S4 (Milan suburban railway service),rollingStock,Trenord TSR trains,Line S4 (Milan suburban railway service)
Line S4 (Milan suburban railway service),frequency,every 30 minutes (peak hours),Line S4 (Milan suburban railway service)
Line S4 (Milan suburban railway service),frequency,every 60 minutes (off-peak hours),Line S4 (Milan suburban railway service)
Line S4 (Milan suburban railway service),color,green,Line S4 (Milan suburban railway service)
Line S4 (Milan suburban railway service),lineNumber,S4,Line S4 (Milan suburban railway service)
Trimbach railway station,instanceOf,railway station,Trimbach railway station
Trimbach railway station,locatedIn,Trimbach,Trimbach railway station
Trimbach railway station,locatedIn,Solothurn,Trimbach railway station
Trimbach railway station,locatedIn,Switzerland,Trimbach railway station
Trimbach railway station,country,Switzerland,Trimbach railway station
Trimbach railway station,servedBy,Swiss Federal Railways,Trimbach railway station
Trimbach railway station,lineServed,Hauenstein line,Trimbach railway station
Trimbach railway station,elevation,410 meters,Trimbach railway station
Trimbach railway station,opened,1916,Trimbach railway station
Trimbach railway station,coordinates,47.3756°N 7.8753°E,Trimbach railway station
Remscheid Hauptbahnhof,instanceOf,railway station,Remscheid Hauptbahnhof
Remscheid Hauptbahnhof,locatedIn,Remscheid,Remscheid Hauptbahnhof
Remscheid Hauptbahnhof,locatedIn,North Rhine-Westphalia,Remscheid Hauptbahnhof
Remscheid Hauptbahnhof,locatedIn,Germany,Remscheid Hauptbahnhof
Remscheid Hauptbahnhof,servedBy,Deutsche Bahn,Remscheid Hauptbahnhof
Remscheid Hauptbahnhof,servedBy,S-Bahn Rhein-Ruhr,Remscheid Hauptbahnhof
Remscheid Hauptbahnhof,lineServedBy,S7 (S-Bahn Rhein-Ruhr),Remscheid Hauptbahnhof
Remscheid Hauptbahnhof,opened,1868,Remscheid Hauptbahnhof
Remscheid Hauptbahnhof,elevationAboveSeaLevel,320 meters,Remscheid Hauptbahnhof
Remscheid Hauptbahnhof,coordinates,"51.1833°N, 7.1833°E",Remscheid Hauptbahnhof
Remscheid Hauptbahnhof,stationCode,ERS,Remscheid Hauptbahnhof
Remscheid Hauptbahnhof,connectsTo,Remscheid-Lennep station,Remscheid Hauptbahnhof
Remscheid Hauptbahnhof,connectsTo,Solingen Hauptbahnhof,Remscheid Hauptbahnhof
Remscheid Hauptbahnhof,connectsTo,Wuppertal Hauptbahnhof,Remscheid Hauptbahnhof
Remscheid Hauptbahnhof,type,through station,Remscheid Hauptbahnhof
Le Bal (novella),instanceOf,novella,Le Bal (novella)
Le Bal (novella),author,Irene Nemirovsky,Le Bal (novella)
Le Bal (novella),originalLanguage,French,Le Bal (novella)
Le Bal (novella),publicationYear,1930,Le Bal (novella)
Le Bal (novella),genre,literary fiction,Le Bal (novella)
Le Bal (novella),genre,psychological fiction,Le Bal (novella)
Le Bal (novella),setting,France,Le Bal (novella)
Le Bal (novella),characters,Antoinette Kampf,Le Bal (novella)
Le Bal (novella),characters,Rosine Kampf,Le Bal (novella)
Le Bal (novella),characters,Alfred Kampf,Le Bal (novella)
Le Bal (novella),partOf,Le Bal and Snow in Autumn (collection),Le Bal (novella)
Le Bal (novella),adaptedInto,Le Bal (1931 film),Le Bal (novella)
Le Bal (novella),themes,adolescence,Le Bal (novella)
Le Bal (novella),themes,social ambition,Le Bal (novella)
Le Bal (novella),themes,family conflict,Le Bal (novella)
Le Bal (novella),awards,"Prix Renaudot (shortlisted, 1930)",Le Bal (novella)
Anacamptis collina,instanceOf,species,Anacamptis collina
Anacamptis collina,instanceOf,orchid,Anacamptis collina
Anacamptis collina,commonName,Bent orchid,Anacamptis collina
Anacamptis collina,commonName,Green-winged meadow orchid,Anacamptis collina
Anacamptis collina,kingdom,Plantae,Anacamptis collina
Anacamptis collina,clade,Tracheophytes,Anacamptis collina
Anacamptis collina,clade,Angiosperms,Anacamptis collina
Anacamptis collina,clade,Monocots,Anacamptis collina
Anacamptis collina,order,Asparagales,Anacamptis collina
Anacamptis collina,family,Orchidaceae,Anacamptis collina
Anacamptis collina,genus,Anacamptis,Anacamptis collina
Anacamptis collina,nativeTo,Europe,Anacamptis collina
Anacamptis collina,nativeTo,Western Asia,Anacamptis collina
Anacamptis collina,nativeTo,North Africa,Anacamptis collina
Anacamptis collina,habitat,Grasslands,Anacamptis collina
Anacamptis collina,habitat,Meadows,Anacamptis collina
Anacamptis collina,habitat,Open woodlands,Anacamptis collina
Anacamptis collina,floweringPeriod,April to June,Anacamptis collina
Anacamptis collina,pollinatedBy,Insects,Anacamptis collina
Anacamptis collina,conservationStatus,Least Concern,Anacamptis collina
Anacamptis collina,synonym,Orchis collina,Anacamptis collina
Anacamptis collina,synonym,Anacamptis collina subsp. collina,Anacamptis collina
Anacamptis collina,leafArrangement,Basal rosette,Anacamptis collina
Anacamptis collina,flowerColor,Pink,Anacamptis collina
Anacamptis collina,flowerColor,Purple,Anacamptis collina
Anacamptis collina,flowerColor,Green,Anacamptis collina
Anacamptis collina,height,10–30 cm,Anacamptis collina
Anacamptis collina,tuberType,Ovoid,Anacamptis collina
Anacamptis collina,distribution,Mediterranean region,Anacamptis collina
Anacamptis collina,distribution,Middle East,Anacamptis collina
Anacamptis collina,distribution,Caucasus,Anacamptis collina
House-Museum of Samad Vurgun,instanceOf,museum,House-Museum of Samad Vurgun
House-Museum of Samad Vurgun,instanceOf,cultural institution,House-Museum of Samad Vurgun
House-Museum of Samad Vurgun,dedicatedTo,Samad Vurgun,House-Museum of Samad Vurgun
House-Museum of Samad Vurgun,location,Baku,House-Museum of Samad Vurgun
House-Museum of Samad Vurgun,location,Azerbaijan,House-Museum of Samad Vurgun
House-Museum of Samad Vurgun,established,1975,House-Museum of Samad Vurgun
House-Museum of Samad Vurgun,type,house museum,House-Museum of Samad Vurgun
House-Museum of Samad Vurgun,contains,personal belongings of Samad Vurgun,House-Museum of Samad Vurgun
House-Museum of Samad Vurgun,contains,manuscripts,House-Museum of Samad Vurgun
House-Museum of Samad Vurgun,contains,photographs,House-Museum of Samad Vurgun
House-Museum of Samad Vurgun,contains,books,House-Museum of Samad Vurgun
House-Museum of Samad Vurgun,architecturalStyle,20th-century architecture,House-Museum of Samad Vurgun
House-Museum of Samad Vurgun,significance,memorial museum,House-Museum of Samad Vurgun
House-Museum of Samad Vurgun,operatedBy,Ministry of Culture of Azerbaijan,House-Museum of Samad Vurgun
Samad Vurgun,occupation,poet,House-Museum of Samad Vurgun
Samad Vurgun,occupation,playwright,House-Museum of Samad Vurgun
Samad Vurgun,occupation,public figure,House-Museum of Samad Vurgun
Samad Vurgun,nationality,Azerbaijani,House-Museum of Samad Vurgun
Samad Vurgun,birthDate,1906-03-21,House-Museum of Samad Vurgun
Samad Vurgun,deathDate,1956-05-27,House-Museum of Samad Vurgun
"Borisoglebsky, Murmansk Oblast",instanceOf,village,"Borisoglebsky, Murmansk Oblast"
"Borisoglebsky, Murmansk Oblast",instanceOf,rural locality,"Borisoglebsky, Murmansk Oblast"
"Borisoglebsky, Murmansk Oblast",locatedIn,Murmansk Oblast,"Borisoglebsky, Murmansk Oblast"
"Borisoglebsky, Murmansk Oblast",locatedIn,Russia,"Borisoglebsky, Murmansk Oblast"
"Borisoglebsky, Murmansk Oblast",locatedInAdministrativeUnit,Pechengsky District,"Borisoglebsky, Murmansk Oblast"
"Borisoglebsky, Murmansk Oblast",nearbyRiver,Pechenga River,"Borisoglebsky, Murmansk Oblast"
"Borisoglebsky, Murmansk Oblast",timeZone,UTC+3 (Moscow Time),"Borisoglebsky, Murmansk Oblast"
"Borisoglebsky, Murmansk Oblast",federalSubject,Murmansk Oblast,"Borisoglebsky, Murmansk Oblast"
"Borisoglebsky, Murmansk Oblast",country,Russia,"Borisoglebsky, Murmansk Oblast"
"Borisoglebsky, Murmansk Oblast",population,approximately 20 (as of recent estimates),"Borisoglebsky, Murmansk Oblast"
"Borisoglebsky, Murmansk Oblast",knownFor,Borisoglebsky Monastery,"Borisoglebsky, Murmansk Oblast"
"Borisoglebsky, Murmansk Oblast",historicalSignificance,site of a former Russian Orthodox monastery,"Borisoglebsky, Murmansk Oblast"
"Borisoglebsky, Murmansk Oblast",climate,subarctic,"Borisoglebsky, Murmansk Oblast"
Voyant Tools,instanceOf,text analysis software,Voyant Tools
Voyant Tools,instanceOf,web-based application,Voyant Tools
Voyant Tools,developedBy,Stéfan Sinclair,Voyant Tools
Voyant Tools,developedBy,Geoffrey Rockwell,Voyant Tools
Voyant Tools,usedFor,text mining,Voyant Tools
Voyant Tools,usedFor,corpus analysis,Voyant Tools
Voyant Tools,usedFor,visualization of textual data,Voyant Tools
Voyant Tools,hasFeature,word frequency analysis,Voyant Tools
Voyant Tools,hasFeature,keyword in context (KWIC),Voyant Tools
Voyant Tools,hasFeature,collocation analysis,Voyant Tools
Voyant Tools,hasFeature,trend analysis,Voyant Tools
Voyant Tools,hasFeature,interactive visualizations,Voyant Tools
Voyant Tools,hasFeature,exportable results,Voyant Tools
Voyant Tools,accessibleVia,web browser,Voyant Tools
Voyant Tools,supportsFileFormat,TXT,Voyant Tools
Voyant Tools,supportsFileFormat,PDF,Voyant Tools
Voyant Tools,supportsFileFormat,HTML,Voyant Tools
Voyant Tools,supportsFileFormat,XML,Voyant Tools
Voyant Tools,supportsFileFormat,CSV,Voyant Tools
Voyant Tools,language,English,Voyant Tools
Voyant Tools,language,French,Voyant Tools
Voyant Tools,license,open-source,Voyant Tools
Voyant Tools,website,https://voyant-tools.org/,Voyant Tools
Voyant Tools,relatedTo,digital humanities,Voyant Tools
Voyant Tools,relatedTo,computational linguistics,Voyant Tools
Staphylococcus schleiferi,instanceOf,bacterial species,Staphylococcus schleiferi
Staphylococcus schleiferi,instanceOf,Gram-positive bacterium,Staphylococcus schleiferi
Staphylococcus schleiferi,domain,Bacteria,Staphylococcus schleiferi
Staphylococcus schleiferi,phylum,Firmicutes,Staphylococcus schleiferi
Staphylococcus schleiferi,class,Bacilli,Staphylococcus schleiferi
Staphylococcus schleiferi,order,Bacillales,Staphylococcus schleiferi
Staphylococcus schleiferi,family,Staphylococcaceae,Staphylococcus schleiferi
Staphylococcus schleiferi,genus,Staphylococcus,Staphylococcus schleiferi
Staphylococcus schleiferi,discoveredBy,Freney et al.,Staphylococcus schleiferi
Staphylococcus schleiferi,yearOfDiscovery,1988,Staphylococcus schleiferi
Staphylococcus schleiferi,habitat,skin and mucous membranes of dogs,Staphylococcus schleiferi
Staphylococcus schleiferi,habitat,human clinical specimens,Staphylococcus schleiferi
Staphylococcus schleiferi,associatedDisease,otitis externa in dogs,Staphylococcus schleiferi
Staphylococcus schleiferi,associatedDisease,pyoderma in dogs,Staphylococcus schleiferi
Staphylococcus schleiferi,associatedDisease,surgical site infections in humans,Staphylococcus schleiferi
Staphylococcus schleiferi,associatedDisease,bacteremia in humans,Staphylococcus schleiferi
Staphylococcus schleiferi,morphology,cocci (spherical),Staphylococcus schleiferi
Staphylococcus schleiferi,arrangement,clusters,Staphylococcus schleiferi
Staphylococcus schleiferi,oxygenRequirement,facultative anaerobe,Staphylococcus schleiferi
Staphylococcus schleiferi,motility,non-motile,Staphylococcus schleiferi
Staphylococcus schleiferi,sporeFormation,non-spore-forming,Staphylococcus schleiferi
Staphylococcus schleiferi,catalaseTest,positive,Staphylococcus schleiferi
Staphylococcus schleiferi,coagulaseTest,variable (subspecies-dependent),Staphylococcus schleiferi
Staphylococcus schleiferi,subspecies,Staphylococcus schleiferi subsp. schleiferi,Staphylococcus schleiferi
Staphylococcus schleiferi,subspecies,Staphylococcus schleiferi subsp. coagulans,Staphylococcus schleiferi
Staphylococcus schleiferi subsp. schleiferi,coagulaseTest,negative,Staphylococcus schleiferi
Staphylococcus schleiferi subsp. coagulans,coagulaseTest,positive,Staphylococcus schleiferi
Staphylococcus schleiferi,antibioticResistance,methicillin (in some strains),Staphylococcus schleiferi
Staphylococcus schleiferi,antibioticResistance,beta-lactams,Staphylococcus schleiferi
Staphylococcus schleiferi,antibioticResistance,macrolides,Staphylococcus schleiferi
Staphylococcus schleiferi,antibioticResistance,fluoroquinolones,Staphylococcus schleiferi
Staphylococcus schleiferi,hemolysis,beta-hemolytic (subspecies-dependent),Staphylococcus schleiferi
Staphylococcus schleiferi,growthMedium,blood agar,Staphylococcus schleiferi
Staphylococcus schleiferi,growthMedium,mannitol salt agar,Staphylococcus schleiferi
Staphylococcus schleiferi,colonyAppearance,white to cream-colored,Staphylococcus schleiferi
Staphylococcus schleiferi,colonyAppearance,smooth and convex,Staphylococcus schleiferi
Staphylococcus schleiferi,optimalGrowthTemperature,35–37°C,Staphylococcus schleiferi
Staphylococcus schleiferi,genomeSize,approximately 2.5–2.8 Mb,Staphylococcus schleiferi
Staphylococcus schleiferi,GCContent,32–34%,Staphylococcus schleiferi
Staphylococcus schleiferi,virulenceFactors,biofilm formation,Staphylococcus schleiferi
Staphylococcus schleiferi,virulenceFactors,protein A,Staphylococcus schleiferi
Staphylococcus schleiferi,virulenceFactors,hemolysins,Staphylococcus schleiferi
Staphylococcus schleiferi,virulenceFactors,"exoenzymes (e.g., lipases, proteases)",Staphylococcus schleiferi
Staphylococcus schleiferi,transmission,direct contact with infected animals,Staphylococcus schleiferi
Staphylococcus schleiferi,transmission,contaminated medical devices,Staphylococcus schleiferi
Staphylococcus schleiferi,zoonoticPotential,yes (can infect humans and animals),Staphylococcus schleiferi
Danny Abeckaser,instanceOf,Person,Danny Abeckaser
Danny Abeckaser,instanceOf,Actor,Danny Abeckaser
Danny Abeckaser,instanceOf,Film Producer,Danny Abeckaser
Danny Abeckaser,birthDate,1979-09-25,Danny Abeckaser
Danny Abeckaser,birthPlace,Israel,Danny Abeckaser
Danny Abeckaser,occupation,Actor,Danny Abeckaser
Danny Abeckaser,occupation,Producer,Danny Abeckaser
Danny Abeckaser,occupation,Screenwriter,Danny Abeckaser
Danny Abeckaser,knownFor,Holy Rollers,Danny Abeckaser
Danny Abeckaser,knownFor,The Irishman,Danny Abeckaser
Danny Abeckaser,knownFor,Inside Man,Danny Abeckaser
Danny Abeckaser,knownFor,The Infiltrator,Danny Abeckaser
Danny Abeckaser,actedIn,Holy Rollers,Danny Abeckaser
Danny Abeckaser,actedIn,The Irishman,Danny Abeckaser
Danny Abeckaser,actedIn,Inside Man,Danny Abeckaser
Danny Abeckaser,actedIn,The Infiltrator,Danny Abeckaser
Danny Abeckaser,actedIn,The Last Laugh,Danny Abeckaser
Danny Abeckaser,actedIn,The Vigil,Danny Abeckaser
Danny Abeckaser,actedIn,Mob Town,Danny Abeckaser
Danny Abeckaser,produced,Holy Rollers,Danny Abeckaser
Danny Abeckaser,produced,The Vigil,Danny Abeckaser
Danny Abeckaser,produced,Mob Town,Danny Abeckaser
Danny Abeckaser,wrote,Holy Rollers,Danny Abeckaser
Danny Abeckaser,nationality,American,Danny Abeckaser
Danny Abeckaser,ethnicity,Israeli-American,Danny Abeckaser
Danny Abeckaser,education,New York University,Danny Abeckaser
Danny Abeckaser,awardNominated,Best Actor (Method Fest) for Holy Rollers,Danny Abeckaser
Danny Abeckaser,spouse,Unknown (private),Danny Abeckaser
Danny Abeckaser,activeYearsStartYear,2005,Danny Abeckaser
Oregon Route 569,instanceOf,highway,Oregon Route 569
Oregon Route 569,instanceOf,state highway,Oregon Route 569
Oregon Route 569,locatedIn,Oregon,Oregon Route 569
Oregon Route 569,locatedIn,United States,Oregon Route 569
Oregon Route 569,alternateName,OR 569,Oregon Route 569
Oregon Route 569,alternateName,Randy Papé Beltline,Oregon Route 569
Oregon Route 569,routeType,beltway,Oregon Route 569
Oregon Route 569,length,11.18 miles,Oregon Route 569
Oregon Route 569,length,18 kilometers,Oregon Route 569
Oregon Route 569,terminus,Oregon Route 126,Oregon Route 569
Oregon Route 569,terminus,Oregon Route 99,Oregon Route 569
Oregon Route 569,connects,Eugene,Oregon Route 569
Oregon Route 569,connects,Springfield,Oregon Route 569
Oregon Route 569,managedBy,Oregon Department of Transportation,Oregon Route 569
Oregon Route 569,opened,1960s,Oregon Route 569
Oregon Route 569,namedAfter,Randy Papé,Oregon Route 569
Oregon Route 569,highwaySystem,Oregon state highway system,Oregon Route 569
Dōjigiri,instanceOf,Japanese sword,Dōjigiri
Dōjigiri,instanceOf,National Treasure of Japan,Dōjigiri
Dōjigiri,createdBy,Awataguchi Yoshimitsu,Dōjigiri
Dōjigiri,type,tachi,Dōjigiri
Dōjigiri,period,Kamakura period,Dōjigiri
Dōjigiri,length,approximately 80 cm (blade),Dōjigiri
Dōjigiri,currentLocation,Tokyo National Museum,Dōjigiri
Dōjigiri,significance,one of the Five Swords Under Heaven (Tenka-Goken),Dōjigiri
Dōjigiri,legend,used by Minamoto no Yorimitsu to slay the demon Shuten-dōji,Dōjigiri
Dōjigiri,material,tamahagane (Japanese steel),Dōjigiri
Dōjigiri,craftsmanship,folded steel technique,Dōjigiri
Dōjigiri,ownershipHistory,once owned by the Tokugawa shogunate,Dōjigiri
Dōjigiri,culturalImpact,featured in Japanese folklore and art,Dōjigiri
The Rookie: Feds,instanceOf,television series,The Rookie: Feds
The Rookie: Feds,genre,crime drama,The Rookie: Feds
The Rookie: Feds,genre,police procedural,The Rookie: Feds
The Rookie: Feds,creator,Alexi Hawley,The Rookie: Feds
The Rookie: Feds,creator,Terence Paul Winter,The Rookie: Feds
The Rookie: Feds,basedOn,The Rookie,The Rookie: Feds
The Rookie: Feds,starring,Niecy Nash,The Rookie: Feds
The Rookie: Feds,starring,Felix Solis,The Rookie: Feds
The Rookie: Feds,starring,Britt Robertson,The Rookie: Feds
The Rookie: Feds,starring,Kevin Zegers,The Rookie: Feds
The Rookie: Feds,starring,James Lesure,The Rookie: Feds
The Rookie: Feds,executiveProducer,Alexi Hawley,The Rookie: Feds
The Rookie: Feds,executiveProducer,Niecy Nash,The Rookie: Feds
The Rookie: Feds,executiveProducer,Michelle Chapman,The Rookie: Feds
The Rookie: Feds,executiveProducer,Bill Norcross,The Rookie: Feds
The Rookie: Feds,executiveProducer,Corey Miller,The Rookie: Feds
The Rookie: Feds,productionCompany,Entertainment One,The Rookie: Feds
The Rookie: Feds,productionCompany,ABC Signature,The Rookie: Feds
The Rookie: Feds,network,ABC,The Rookie: Feds
The Rookie: Feds,countryOfOrigin,United States,The Rookie: Feds
The Rookie: Feds,language,English,The Rookie: Feds
The Rookie: Feds,releaseDate,2022-09-27,The Rookie: Feds
The Rookie: Feds,numberOfSeasons,1,The Rookie: Feds
The Rookie: Feds,numberOfEpisodes,22,The Rookie: Feds
The Rookie: Feds,precededBy,The Rookie,The Rookie: Feds
The Rookie: Feds,followedBy,N/A,The Rookie: Feds
Soviet destroyer Nezamozhnik,instanceOf,destroyer,Soviet destroyer Nezamozhnik
Soviet destroyer Nezamozhnik,instanceOf,warship,Soviet destroyer Nezamozhnik
Soviet destroyer Nezamozhnik,country,Soviet Union,Soviet destroyer Nezamozhnik
Soviet destroyer Nezamozhnik,serviceStart,1923,Soviet destroyer Nezamozhnik
Soviet destroyer Nezamozhnik,serviceEnd,1950s,Soviet destroyer Nezamozhnik
Soviet destroyer Nezamozhnik,class,Fidonisy-class destroyer,Soviet destroyer Nezamozhnik
Soviet destroyer Nezamozhnik,previousName,Zante,Soviet destroyer Nezamozhnik
Soviet destroyer Nezamozhnik,builder,"Naval Shipyard, Nikolayev",Soviet destroyer Nezamozhnik
Soviet destroyer Nezamozhnik,displacement,1350 tons (standard),Soviet destroyer Nezamozhnik
Soviet destroyer Nezamozhnik,displacement,1700 tons (full load),Soviet destroyer Nezamozhnik
Soviet destroyer Nezamozhnik,length,92.5 meters,Soviet destroyer Nezamozhnik
Soviet destroyer Nezamozhnik,beam,9.1 meters,Soviet destroyer Nezamozhnik
Soviet destroyer Nezamozhnik,draft,3.2 meters,Soviet destroyer Nezamozhnik
Soviet destroyer Nezamozhnik,propulsion,2 steam turbines,Soviet destroyer Nezamozhnik
Soviet destroyer Nezamozhnik,propulsion,5 boilers,Soviet destroyer Nezamozhnik
Soviet destroyer Nezamozhnik,speed,33 knots,Soviet destroyer Nezamozhnik
Soviet destroyer Nezamozhnik,range,1800 nautical miles at 16 knots,Soviet destroyer Nezamozhnik
Soviet destroyer Nezamozhnik,complement,140,Soviet destroyer Nezamozhnik
Soviet destroyer Nezamozhnik,armament,4 × 102 mm guns,Soviet destroyer Nezamozhnik
Soviet destroyer Nezamozhnik,armament,2 × 76.2 mm guns,Soviet destroyer Nezamozhnik
Soviet destroyer Nezamozhnik,armament,4 × 450 mm torpedo tubes,Soviet destroyer Nezamozhnik
Soviet destroyer Nezamozhnik,armament,80 mines,Soviet destroyer Nezamozhnik
Soviet destroyer Nezamozhnik,armament,2 × machine guns,Soviet destroyer Nezamozhnik
Soviet destroyer Nezamozhnik,participatedIn,Russian Civil War,Soviet destroyer Nezamozhnik
Soviet destroyer Nezamozhnik,participatedIn,World War II,Soviet destroyer Nezamozhnik
Soviet destroyer Nezamozhnik,fate,Scrapped in the 1950s,Soviet destroyer Nezamozhnik
Soviet destroyer Nezamozhnik,notableEvent,Renamed from Zante to Nezamozhnik in 1923,Soviet destroyer Nezamozhnik
Soviet destroyer Nezamozhnik,notableEvent,Served in the Black Sea Fleet,Soviet destroyer Nezamozhnik
Soviet destroyer Nezamozhnik,award,Order of the Red Banner,Soviet destroyer Nezamozhnik
Matraman railway station,instanceOf,railway station,Matraman railway station
Matraman railway station,locatedIn,Jakarta,Matraman railway station
Matraman railway station,locatedIn,Indonesia,Matraman railway station
Matraman railway station,locatedInAdministrativeUnit,East Jakarta,Matraman railway station
Matraman railway station,servesLine,KRL Commuterline,Matraman railway station
Matraman railway station,operatedBy,Kereta Commuter Indonesia,Matraman railway station
Matraman railway station,hasStationCode,MRM,Matraman railway station
Matraman railway station,opened,1980s,Matraman railway station
Matraman railway station,nearbyLandmark,Matraman Market,Matraman railway station
Matraman railway station,nearbyLandmark,Rawamangun,Matraman railway station
Matraman railway station,connectsTo,Jatinegara railway station,Matraman railway station
Matraman railway station,connectsTo,Pondok Jati railway station,Matraman railway station
Emily Appleton (tennis),instanceOf,tennis player,Emily Appleton (tennis)
Emily Appleton (tennis),instanceOf,British person,Emily Appleton (tennis)
Emily Appleton (tennis),dateOfBirth,1999-05-03,Emily Appleton (tennis)
Emily Appleton (tennis),placeOfBirth,"Northampton, England",Emily Appleton (tennis)
Emily Appleton (tennis),sport,tennis,Emily Appleton (tennis)
Emily Appleton (tennis),plays,right-handed,Emily Appleton (tennis)
Emily Appleton (tennis),highestSinglesRanking,338 (as of 2023),Emily Appleton (tennis)
Emily Appleton (tennis),highestDoublesRanking,181 (as of 2023),Emily Appleton (tennis)
Emily Appleton (tennis),turnedPro,2016,Emily Appleton (tennis)
Emily Appleton (tennis),coach,Nigel Sears,Emily Appleton (tennis)
Emily Appleton (tennis),currentTeam,Great Britain Fed Cup team,Emily Appleton (tennis)
Emily Appleton (tennis),careerTitles,multiple ITF singles and doubles titles,Emily Appleton (tennis)
Edward Magruder Tutwiler,instanceOf,human,Edward Magruder Tutwiler
Edward Magruder Tutwiler,dateOfBirth,1846,Edward Magruder Tutwiler
Edward Magruder Tutwiler,dateOfDeath,1925,Edward Magruder Tutwiler
Edward Magruder Tutwiler,placeOfBirth,"Tuscaloosa, Alabama, U.S.",Edward Magruder Tutwiler
Edward Magruder Tutwiler,occupation,educator,Edward Magruder Tutwiler
Edward Magruder Tutwiler,occupation,businessman,Edward Magruder Tutwiler
Edward Magruder Tutwiler,notableFor,contributions to education in Alabama,Edward Magruder Tutwiler
Edward Magruder Tutwiler,associatedWith,University of Alabama,Edward Magruder Tutwiler
Edward Magruder Tutwiler,associatedWith,"Tutwiler Hotel (Birmingham, Alabama)",Edward Magruder Tutwiler
IBTE Jefri Bolkiah Campus,instanceOf,educational institution,IBTE Jefri Bolkiah Campus
IBTE Jefri Bolkiah Campus,instanceOf,vocational school,IBTE Jefri Bolkiah Campus
IBTE Jefri Bolkiah Campus,locatedIn,Brunei,IBTE Jefri Bolkiah Campus
IBTE Jefri Bolkiah Campus,locatedIn,Kuala Belait,IBTE Jefri Bolkiah Campus
IBTE Jefri Bolkiah Campus,operatedBy,Institute of Brunei Technical Education (IBTE),IBTE Jefri Bolkiah Campus
IBTE Jefri Bolkiah Campus,offersProgram,engineering,IBTE Jefri Bolkiah Campus
IBTE Jefri Bolkiah Campus,offersProgram,information technology,IBTE Jefri Bolkiah Campus
IBTE Jefri Bolkiah Campus,offersProgram,business studies,IBTE Jefri Bolkiah Campus
IBTE Jefri Bolkiah Campus,offersProgram,hospitality and tourism,IBTE Jefri Bolkiah Campus
IBTE Jefri Bolkiah Campus,namedAfter,Prince Jefri Bolkiah,IBTE Jefri Bolkiah Campus
IBTE Jefri Bolkiah Campus,establishedIn,2016,IBTE Jefri Bolkiah Campus
IBTE Jefri Bolkiah Campus,partOf,IBTE system,IBTE Jefri Bolkiah Campus
Carmen (Stromae song),instanceOf,song,Carmen (Stromae song)
Carmen (Stromae song),artist,Stromae,Carmen (Stromae song)
Carmen (Stromae song),album,Racine carrée,Carmen (Stromae song)
Carmen (Stromae song),releaseDate,2013-08-26,Carmen (Stromae song)
Carmen (Stromae song),genre,electropop,Carmen (Stromae song)
Carmen (Stromae song),genre,hip hop,Carmen (Stromae song)
Carmen (Stromae song),genre,alternative,Carmen (Stromae song)
Carmen (Stromae song),language,French,Carmen (Stromae song)
Carmen (Stromae song),lyricist,Stromae,Carmen (Stromae song)
Carmen (Stromae song),composer,Stromae,Carmen (Stromae song)
Carmen (Stromae song),producer,Stromae,Carmen (Stromae song)
Carmen (Stromae song),producer,Thomas Azier,Carmen (Stromae song)
Carmen (Stromae song),inspiredBy,Carmen (opera),Carmen (Stromae song)
Carmen (Stromae song),inspiredBy,Georges Bizet,Carmen (Stromae song)
Carmen (Stromae song),musicVideoDirector,Sylvain Chomet,Carmen (Stromae song)
Carmen (Stromae song),award,Octave Award for Song of the Year (2014),Carmen (Stromae song)
Carmen (Stromae song),label,Universal Music Group,Carmen (Stromae song)
Carmen (Stromae song),length,3:09,Carmen (Stromae song)
Carmen (Stromae song),theme,love and obsession,Carmen (Stromae song)
Carmen (Stromae song),theme,social media critique,Carmen (Stromae song)
Maurice Fatio,instanceOf,person,Maurice Fatio
Maurice Fatio,instanceOf,architect,Maurice Fatio
Maurice Fatio,dateOfBirth,1897,Maurice Fatio
Maurice Fatio,dateOfDeath,1971,Maurice Fatio
Maurice Fatio,placeOfBirth,"Geneva, Switzerland",Maurice Fatio
Maurice Fatio,nationality,Swiss,Maurice Fatio
Maurice Fatio,nationality,American,Maurice Fatio
Maurice Fatio,fieldOfWork,architecture,Maurice Fatio
Maurice Fatio,architecturalStyle,Mediterranean Revival,Maurice Fatio
Maurice Fatio,architecturalStyle,Palladian,Maurice Fatio
Maurice Fatio,notableWork,The Mar-a-Lago estate (collaboration with Marion Sims Wyeth),Maurice Fatio
Maurice Fatio,notableWork,"The Bath and Tennis Club (Palm Beach, Florida)",Maurice Fatio
Maurice Fatio,notableWork,"The Everglades Club (Palm Beach, Florida)",Maurice Fatio
Maurice Fatio,notableWork,"The Paramount Theatre (Palm Beach, Florida)",Maurice Fatio
Maurice Fatio,collaboratedWith,Marion Sims Wyeth,Maurice Fatio
Maurice Fatio,residedIn,"Palm Beach, Florida",Maurice Fatio
Maurice Fatio,educatedAt,École des Beaux-Arts (Paris),Maurice Fatio
Taisan-ji (Matsuyama),instanceOf,Buddhist temple,Taisan-ji (Matsuyama)
Taisan-ji (Matsuyama),location,"Matsuyama, Ehime Prefecture, Japan",Taisan-ji (Matsuyama)
Taisan-ji (Matsuyama),sect,Shingon Buddhism,Taisan-ji (Matsuyama)
Taisan-ji (Matsuyama),affiliation,Kōyasan Shingon-shū,Taisan-ji (Matsuyama)
Taisan-ji (Matsuyama),foundingYear,813,Taisan-ji (Matsuyama)
Taisan-ji (Matsuyama),founder,Kūkai (Kōbō Daishi),Taisan-ji (Matsuyama)
Taisan-ji (Matsuyama),significance,52nd temple on the Shikoku Pilgrimage,Taisan-ji (Matsuyama)
Taisan-ji (Matsuyama),enshrinedDeity,Kannon Bosatsu (Avalokiteśvara),Taisan-ji (Matsuyama)
Taisan-ji (Matsuyama),notableFeature,Three-story pagoda,Taisan-ji (Matsuyama)
Taisan-ji (Matsuyama),notableFeature,Stone statue of Kūkai,Taisan-ji (Matsuyama)
Taisan-ji (Matsuyama),architecturalStyle,Japanese Buddhist architecture,Taisan-ji (Matsuyama)
Taisan-ji (Matsuyama),elevation,Approximately 150 meters above sea level,Taisan-ji (Matsuyama)
Taisan-ji (Matsuyama),access,Hiking trail from Dōgo Onsen,Taisan-ji (Matsuyama)
Taisan-ji (Matsuyama),culturalProperty,Designated as a historic site of Ehime Prefecture,Taisan-ji (Matsuyama)
Bellatrix Lestrange,instanceOf,fictional character,Bellatrix Lestrange
Bellatrix Lestrange,instanceOf,witch,Bellatrix Lestrange
Bellatrix Lestrange,appearsIn,Harry Potter series,Bellatrix Lestrange
Bellatrix Lestrange,createdBy,J.K. Rowling,Bellatrix Lestrange
Bellatrix Lestrange,gender,female,Bellatrix Lestrange
Bellatrix Lestrange,house,Slytherin,Bellatrix Lestrange
Bellatrix Lestrange,affiliation,Death Eaters,Bellatrix Lestrange
Bellatrix Lestrange,loyalty,Lord Voldemort,Bellatrix Lestrange
Bellatrix Lestrange,siblingOf,Andromeda Tonks,Bellatrix Lestrange
Bellatrix Lestrange,siblingOf,Narcissa Malfoy,Bellatrix Lestrange
Bellatrix Lestrange,nieceOf,Draco Malfoy,Bellatrix Lestrange
Bellatrix Lestrange,nieceOf,Nymphadora Tonks,Bellatrix Lestrange
Bellatrix Lestrange,spouseOf,Rodolphus Lestrange,Bellatrix Lestrange
Bellatrix Lestrange,killedBy,Molly Weasley,Bellatrix Lestrange
Bellatrix Lestrange,killed,Sirius Black,Bellatrix Lestrange
Bellatrix Lestrange,killed,Dobby,Bellatrix Lestrange
Bellatrix Lestrange,tortured,Hermione Granger,Bellatrix Lestrange
Bellatrix Lestrange,tortured,Neville Longbottom's parents,Bellatrix Lestrange
Bellatrix Lestrange,imprisonedIn,Azkaban,Bellatrix Lestrange
Bellatrix Lestrange,escapedFrom,Azkaban,Bellatrix Lestrange
Bellatrix Lestrange,wandCore,dragon heartstring,Bellatrix Lestrange
Bellatrix Lestrange,wandWood,walnut,Bellatrix Lestrange
Bellatrix Lestrange,wandLength,12.75 inches,Bellatrix Lestrange
Bellatrix Lestrange,portrayedBy,Helena Bonham Carter,Bellatrix Lestrange
Bellatrix Lestrange,firstAppearance,Harry Potter and the Order of the Phoenix,Bellatrix Lestrange
Bellatrix Lestrange,lastAppearance,Harry Potter and the Deathly Hallows – Part 2,Bellatrix Lestrange
Bellatrix Lestrange,bloodStatus,pure-blood,Bellatrix Lestrange
Bellatrix Lestrange,significantAct,Battle of the Department of Mysteries,Bellatrix Lestrange
Bellatrix Lestrange,significantAct,Battle of the Seven Potters,Bellatrix Lestrange
Bellatrix Lestrange,significantAct,Battle of Hogwarts,Bellatrix Lestrange
Bellatrix Lestrange,masterOf,Cruciatus Curse,Bellatrix Lestrange
Bellatrix Lestrange,associatedWith,Malfoy Manor,Bellatrix Lestrange
Bellatrix Lestrange,associatedWith,Gringotts Wizarding Bank,Bellatrix Lestrange
Bellatrix Lestrange,associatedWith,Hogwarts School of Witchcraft and Wizardry,Bellatrix Lestrange
Bellatrix Lestrange,title,Dark Witch,Bellatrix Lestrange
Bellatrix Lestrange,title,Most Loyal Follower of Voldemort,Bellatrix Lestrange
Dermot Kelly (actor),instanceOf,person,Dermot Kelly (actor)
Dermot Kelly (actor),instanceOf,actor,Dermot Kelly (actor)
Dermot Kelly (actor),birthName,Dermot Kelly,Dermot Kelly (actor)
Dermot Kelly (actor),dateOfBirth,1929,Dermot Kelly (actor)
Dermot Kelly (actor),dateOfDeath,2002,Dermot Kelly (actor)
Dermot Kelly (actor),placeOfBirth,"Dublin, Ireland",Dermot Kelly (actor)
Dermot Kelly (actor),occupation,actor,Dermot Kelly (actor)
Dermot Kelly (actor),occupation,comedian,Dermot Kelly (actor)
Dermot Kelly (actor),notableWork,Hall's Pictorial Weekly,Dermot Kelly (actor)
Dermot Kelly (actor),notableWork,The Irish R.M.,Dermot Kelly (actor)
Dermot Kelly (actor),notableWork,Bracken,Dermot Kelly (actor)
Dermot Kelly (actor),award,Jacob's Award (1971),Dermot Kelly (actor)
Dermot Kelly (actor),nationality,Irish,Dermot Kelly (actor)
Dermot Kelly (actor),spouse,Una Kelly,Dermot Kelly (actor)
Dermot Kelly (actor),knownFor,character roles in Irish television and film,Dermot Kelly (actor)
"Union Bethel A.M.E. Church (New Orleans, Louisiana)",instanceOf,church,"Union Bethel A.M.E. Church (New Orleans, Louisiana)"
"Union Bethel A.M.E. Church (New Orleans, Louisiana)",instanceOf,African Methodist Episcopal church,"Union Bethel A.M.E. Church (New Orleans, Louisiana)"
"Union Bethel A.M.E. Church (New Orleans, Louisiana)",denomination,African Methodist Episcopal Church,"Union Bethel A.M.E. Church (New Orleans, Louisiana)"
"Union Bethel A.M.E. Church (New Orleans, Louisiana)",location,"New Orleans, Louisiana","Union Bethel A.M.E. Church (New Orleans, Louisiana)"
"Union Bethel A.M.E. Church (New Orleans, Louisiana)",country,United States,"Union Bethel A.M.E. Church (New Orleans, Louisiana)"
"Union Bethel A.M.E. Church (New Orleans, Louisiana)",founded,1865,"Union Bethel A.M.E. Church (New Orleans, Louisiana)"
"Union Bethel A.M.E. Church (New Orleans, Louisiana)",address,"2321 Thalia Street, New Orleans, LA 70130","Union Bethel A.M.E. Church (New Orleans, Louisiana)"
"Union Bethel A.M.E. Church (New Orleans, Louisiana)",partOf,Louisiana Annual Conference of the A.M.E. Church,"Union Bethel A.M.E. Church (New Orleans, Louisiana)"
"Union Bethel A.M.E. Church (New Orleans, Louisiana)",significance,historic African American church,"Union Bethel A.M.E. Church (New Orleans, Louisiana)"
"Union Bethel A.M.E. Church (New Orleans, Louisiana)",architecturalStyle,Gothic Revival,"Union Bethel A.M.E. Church (New Orleans, Louisiana)"
"Union Bethel A.M.E. Church (New Orleans, Louisiana)",listedIn,National Register of Historic Places,"Union Bethel A.M.E. Church (New Orleans, Louisiana)"
"Union Bethel A.M.E. Church (New Orleans, Louisiana)",yearListed,1998,"Union Bethel A.M.E. Church (New Orleans, Louisiana)"
Connect (2022 film),instanceOf,Film,Connect (2022 film)
Connect (2022 film),releaseYear,2022,Connect (2022 film)
Connect (2022 film),genre,Horror,Connect (2022 film)
Connect (2022 film),genre,Thriller,Connect (2022 film)
Connect (2022 film),country,India,Connect (2022 film)
Connect (2022 film),language,Tamil,Connect (2022 film)
Connect (2022 film),language,Telugu,Connect (2022 film)
Connect (2022 film),director,Ashwin Saravanan,Connect (2022 film)
Connect (2022 film),producer,V. Mathiyazhagan,Connect (2022 film)
Connect (2022 film),producer,K. Kumar,Connect (2022 film)
Connect (2022 film),screenplayBy,Ashwin Saravanan,Connect (2022 film)
Connect (2022 film),storyBy,Ashwin Saravanan,Connect (2022 film)
Connect (2022 film),starring,Nayanthara,Connect (2022 film)
Connect (2022 film),starring,Sathyaraj,Connect (2022 film)
Connect (2022 film),starring,Vinay Rai,Connect (2022 film)
Connect (2022 film),musicBy,Prashanth R Vihari,Connect (2022 film)
Connect (2022 film),cinematographyBy,Karthik Muthukumar,Connect (2022 film)
Connect (2022 film),editedBy,Raymond Derrick Crasta,Connect (2022 film)
Connect (2022 film),productionCompany,Rowdy Pictures,Connect (2022 film)
Connect (2022 film),distributedBy,Red Giant Movies,Connect (2022 film)
Connect (2022 film),runtime,138 minutes,Connect (2022 film)
Connect (2022 film),basedOn,Supernatural themes,Connect (2022 film)
Connect (2022 film),alsoKnownAs,Tadam (Telugu version),Connect (2022 film)
Connect (2022 film),receivedAward,Best Cinematography (2022 Ananda Vikatan Cinema Awards),Connect (2022 film)
Connect (2022 film),receivedNomination,"Best Actress (Nayanthara, 2022 Ananda Vikatan Cinema Awards)",Connect (2022 film)
Spartaco Fontanot,instanceOf,human,Spartaco Fontanot
Spartaco Fontanot,instanceOf,resistance fighter,Spartaco Fontanot
Spartaco Fontanot,birthDate,1922-05-17,Spartaco Fontanot
Spartaco Fontanot,birthPlace,"Monfalcone, Italy",Spartaco Fontanot
Spartaco Fontanot,deathDate,1944-02-21,Spartaco Fontanot
Spartaco Fontanot,deathPlace,"Mont-Valérien, France",Spartaco Fontanot
Spartaco Fontanot,nationality,Italian,Spartaco Fontanot
Spartaco Fontanot,occupation,partisan,Spartaco Fontanot
Spartaco Fontanot,affiliation,Italian Communist Party,Spartaco Fontanot
Spartaco Fontanot,affiliation,Francs-Tireurs et Partisans (FTP),Spartaco Fontanot
Spartaco Fontanot,notableFor,anti-fascist resistance during World War II,Spartaco Fontanot
Spartaco Fontanot,executedBy,Nazi Germany,Spartaco Fontanot
Spartaco Fontanot,memorializedAt,"Mont-Valérien, France",Spartaco Fontanot
Spartaco Fontanot,memorializedIn,"Monfalcone, Italy",Spartaco Fontanot
Webtoon (platform),instanceOf,digital comics platform,Webtoon (platform)
Webtoon (platform),instanceOf,web service,Webtoon (platform)
Webtoon (platform),developedBy,Naver Corporation,Webtoon (platform)
Webtoon (platform),launchedIn,2004,Webtoon (platform)
Webtoon (platform),headquarters,"Seoul, South Korea",Webtoon (platform)
Webtoon (platform),availableIn,Korean,Webtoon (platform)
Webtoon (platform),availableIn,English,Webtoon (platform)
Webtoon (platform),availableIn,Chinese,Webtoon (platform)
Webtoon (platform),availableIn,Japanese,Webtoon (platform)
Webtoon (platform),availableIn,Thai,Webtoon (platform)
Webtoon (platform),availableIn,Indonesian,Webtoon (platform)
Webtoon (platform),availableIn,Spanish,Webtoon (platform)
Webtoon (platform),availableIn,French,Webtoon (platform)
Webtoon (platform),genre,webcomics,Webtoon (platform)
Webtoon (platform),genre,manhwa,Webtoon (platform)
Webtoon (platform),genre,manga,Webtoon (platform)
Webtoon (platform),platformType,mobile app,Webtoon (platform)
Webtoon (platform),platformType,website,Webtoon (platform)
Webtoon (platform),operatingSystem,iOS,Webtoon (platform)
Webtoon (platform),operatingSystem,Android,Webtoon (platform)
Webtoon (platform),operatingSystem,web browser,Webtoon (platform)
Webtoon (platform),businessModel,freemium,Webtoon (platform)
Webtoon (platform),contentFormat,vertical scroll,Webtoon (platform)
Webtoon (platform),parentCompany,Naver,Webtoon (platform)
Webtoon (platform),subsidiary,Webtoon Entertainment (US),Webtoon (platform)
Webtoon (platform),notableWork,Tower of God,Webtoon (platform)
Webtoon (platform),notableWork,Noblesse,Webtoon (platform)
Webtoon (platform),notableWork,The God of High School,Webtoon (platform)
Webtoon (platform),notableWork,True Beauty,Webtoon (platform)
Webtoon (platform),notableWork,Lore Olympus,Webtoon (platform)
Webtoon (platform),notableWork,Unordinary,Webtoon (platform)
Webtoon (platform),award,Webtoon Challenge,Webtoon (platform)
Webtoon (platform),award,Webtoon Canvas,Webtoon (platform)
Webtoon (platform),monetization,ad revenue,Webtoon (platform)
Webtoon (platform),monetization,coins (virtual currency),Webtoon (platform)
Webtoon (platform),monetization,fast-pass (early access),Webtoon (platform)
Webtoon (platform),userBase,global,Webtoon (platform)
Webtoon (platform),monthlyActiveUsers,over 82 million (2023),Webtoon (platform)
Webtoon (platform),contentPartners,independent creators,Webtoon (platform)
Webtoon (platform),contentPartners,professional studios,Webtoon (platform)
Webtoon (platform),adaptation,animated series,Webtoon (platform)
Webtoon (platform),adaptation,live-action dramas,Webtoon (platform)
Webtoon (platform),adaptation,films,Webtoon (platform)
Webtoon (platform),competitor,Tapas,Webtoon (platform)
Webtoon (platform),competitor,Lezhin Comics,Webtoon (platform)
Webtoon (platform),competitor,Tappytoon,Webtoon (platform)
Webtoon (platform),acquired,"Line Webtoon (2014, rebranding)",Webtoon (platform)
Webtoon (platform),officialWebsite,https://www.webtoons.com,Webtoon (platform)
Webtoon (platform),socialMedia,Instagram,Webtoon (platform)
Webtoon (platform),socialMedia,Twitter,Webtoon (platform)
Webtoon (platform),socialMedia,Facebook,Webtoon (platform)
Webtoon (platform),parentOrganization,Naver Webtoon,Webtoon (platform)
Webtoon (platform),expansion,global markets (2010s),Webtoon (platform)
Webtoon (platform),partnership,DC Comics (2020),Webtoon (platform)
Webtoon (platform),partnership,Marvel (2021),Webtoon (platform)
Webtoon (platform),contentPolicy,creator-friendly,Webtoon (platform)
Webtoon (platform),contentPolicy,IP ownership retained by creators,Webtoon (platform)
Bitter Sweet (TV series),instanceOf,TV series,Bitter Sweet (TV series)
Bitter Sweet (TV series),genre,Romance,Bitter Sweet (TV series)
Bitter Sweet (TV series),genre,Drama,Bitter Sweet (TV series)
Bitter Sweet (TV series),countryOfOrigin,South Korea,Bitter Sweet (TV series)
Bitter Sweet (TV series),originalLanguage,Korean,Bitter Sweet (TV series)
Bitter Sweet (TV series),numberOfEpisodes,16,Bitter Sweet (TV series)
Bitter Sweet (TV series),numberOfSeasons,1,Bitter Sweet (TV series)
Bitter Sweet (TV series),originalNetwork,MBC,Bitter Sweet (TV series)
Bitter Sweet (TV series),releaseDate,2018-11-26,Bitter Sweet (TV series)
Bitter Sweet (TV series),endDate,2019-01-15,Bitter Sweet (TV series)
Bitter Sweet (TV series),director,Choi Yi-sub,Bitter Sweet (TV series)
Bitter Sweet (TV series),screenwriter,Kim Ji-hye,Bitter Sweet (TV series)
Bitter Sweet (TV series),starring,Jang Na-ra,Bitter Sweet (TV series)
Bitter Sweet (TV series),starring,Yoo Yeon-seok,Bitter Sweet (TV series)
Bitter Sweet (TV series),starring,Jung Hae-in,Bitter Sweet (TV series)
Bitter Sweet (TV series),starring,Chae Soo-bin,Bitter Sweet (TV series)
Bitter Sweet (TV series),basedOn,Webtoon 'Bitter Sweet' by Won Soo-yeon,Bitter Sweet (TV series)
Bitter Sweet (TV series),productionCompany,Story & Pictures Media,Bitter Sweet (TV series)
Bitter Sweet (TV series),productionCompany,MBC,Bitter Sweet (TV series)
Bitter Sweet (TV series),themeMusic,Various K-pop tracks,Bitter Sweet (TV series)
Bitter Sweet (TV series),awardReceived,MBC Drama Awards 2018: Top Excellence Award (Jang Na-ra),Bitter Sweet (TV series)
Bitter Sweet (TV series),awardReceived,MBC Drama Awards 2018: Excellence Award (Yoo Yeon-seok),Bitter Sweet (TV series)
Techniques (album),instanceOf,music album,Techniques (album)
Techniques (album),artist,New Order,Techniques (album)
Techniques (album),releaseDate,1982,Techniques (album)
Techniques (album),genre,post-punk,Techniques (album)
Techniques (album),genre,synth-pop,Techniques (album)
Techniques (album),recordLabel,Factory Records,Techniques (album)
Techniques (album),producer,New Order,Techniques (album)
Techniques (album),producer,Martin Hannett,Techniques (album)
Techniques (album),track,In a Lonely Place,Techniques (album)
Techniques (album),track,Everything's Gone Green,Techniques (album)
Techniques (album),track,Procession,Techniques (album)
Techniques (album),track,Cries and Whispers,Techniques (album)
Techniques (album),track,Hurt,Techniques (album)
Techniques (album),track,Mesh,Techniques (album)
Techniques (album),track,Denial,Techniques (album)
Techniques (album),track,Temptation,Techniques (album)
Techniques (album),follows,Movement (album),Techniques (album)
Techniques (album),precedes,"Power, Corruption & Lies",Techniques (album)
Techniques (album),associatedBand,Joy Division,Techniques (album)
National Route 217 (Costa Rica),instanceOf,highway,National Route 217 (Costa Rica)
National Route 217 (Costa Rica),instanceOf,road in Costa Rica,National Route 217 (Costa Rica)
National Route 217 (Costa Rica),locatedIn,Costa Rica,National Route 217 (Costa Rica)
National Route 217 (Costa Rica),administeredBy,Ministry of Public Works and Transport (Costa Rica),National Route 217 (Costa Rica)
National Route 217 (Costa Rica),connects,San José,National Route 217 (Costa Rica)
National Route 217 (Costa Rica),connects,Desamparados,National Route 217 (Costa Rica)
National Route 217 (Costa Rica),connects,Aserrí,National Route 217 (Costa Rica)
National Route 217 (Costa Rica),length,approximately 20 kilometers,National Route 217 (Costa Rica)
National Route 217 (Costa Rica),routeNumber,217,National Route 217 (Costa Rica)
National Route 217 (Costa Rica),type,national route,National Route 217 (Costa Rica)
National Route 217 (Costa Rica),passesThrough,San Antonio District,National Route 217 (Costa Rica)
National Route 217 (Costa Rica),passesThrough,Patarrá District,National Route 217 (Costa Rica)
BET Awards 2011,instanceOf,award ceremony,BET Awards 2011
BET Awards 2011,instanceOf,annual event,BET Awards 2011
BET Awards 2011,partOf,BET Awards,BET Awards 2011
BET Awards 2011,year,2011,BET Awards 2011
BET Awards 2011,date,"June 26, 2011",BET Awards 2011
BET Awards 2011,location,Shrine Auditorium,BET Awards 2011
BET Awards 2011,location,"Los Angeles, California",BET Awards 2011
BET Awards 2011,hostedBy,Kevin Hart,BET Awards 2011
BET Awards 2011,awardGiven,Best Female R&B Artist,BET Awards 2011
BET Awards 2011,winner,Beyoncé,BET Awards 2011
BET Awards 2011,awardGiven,Best Male R&B Artist,BET Awards 2011
BET Awards 2011,winner,Chris Brown,BET Awards 2011
BET Awards 2011,awardGiven,Best Female Hip Hop Artist,BET Awards 2011
BET Awards 2011,winner,Nicki Minaj,BET Awards 2011
BET Awards 2011,awardGiven,Best Male Hip Hop Artist,BET Awards 2011
BET Awards 2011,winner,Kanye West,BET Awards 2011
BET Awards 2011,awardGiven,Video of the Year,BET Awards 2011
BET Awards 2011,winner,"Chris Brown – ""Look at Me Now"" (featuring Lil Wayne and Busta Rhymes)",BET Awards 2011
BET Awards 2011,awardGiven,Best Collaboration,BET Awards 2011
BET Awards 2011,awardGiven,Best New Artist,BET Awards 2011
BET Awards 2011,winner,Wiz Khalifa,BET Awards 2011
BET Awards 2011,awardGiven,Best Gospel Artist,BET Awards 2011
BET Awards 2011,winner,Kim Burrell,BET Awards 2011
BET Awards 2011,awardGiven,Best Actor,BET Awards 2011
BET Awards 2011,winner,Taraji P. Henson,BET Awards 2011
BET Awards 2011,awardGiven,Best Actress,BET Awards 2011
BET Awards 2011,winner,Regina King,BET Awards 2011
BET Awards 2011,awardGiven,Coca-Cola Viewer's Choice Award,BET Awards 2011
BET Awards 2011,awardGiven,Humanitarian Award,BET Awards 2011
BET Awards 2011,winner,Steve Harvey,BET Awards 2011
BET Awards 2011,awardGiven,Lifetime Achievement Award,BET Awards 2011
BET Awards 2011,winner,Patti LaBelle,BET Awards 2011
BET Awards 2011,performer,Beyoncé,BET Awards 2011
BET Awards 2011,performer,Chris Brown,BET Awards 2011
BET Awards 2011,performer,Lil Wayne,BET Awards 2011
BET Awards 2011,performer,Busta Rhymes,BET Awards 2011
BET Awards 2011,performer,Rick Ross,BET Awards 2011
BET Awards 2011,performer,Nicki Minaj,BET Awards 2011
BET Awards 2011,performer,Wiz Khalifa,BET Awards 2011
BET Awards 2011,performer,Mary J. Blige,BET Awards 2011
BET Awards 2011,performer,Trey Songz,BET Awards 2011
BET Awards 2011,broadcastBy,BET,BET Awards 2011
BET Awards 2011,organizer,Black Entertainment Television (BET),BET Awards 2011
BET Awards 2011,edition,11th,BET Awards 2011
2016 Tajik constitutional referendum,instanceOf,referendum,2016 Tajik constitutional referendum
2016 Tajik constitutional referendum,instanceOf,political event,2016 Tajik constitutional referendum
2016 Tajik constitutional referendum,country,Tajikistan,2016 Tajik constitutional referendum
2016 Tajik constitutional referendum,date,2016-05-22,2016 Tajik constitutional referendum
2016 Tajik constitutional referendum,proposedBy,Majlisi Oli of Tajikistan,2016 Tajik constitutional referendum
2016 Tajik constitutional referendum,mainProponent,Emomali Rahmon,2016 Tajik constitutional referendum
2016 Tajik constitutional referendum,purpose,amendments to the Constitution of Tajikistan,2016 Tajik constitutional referendum
2016 Tajik constitutional referendum,keyAmendment,removal of presidential term limits,2016 Tajik constitutional referendum
2016 Tajik constitutional referendum,keyAmendment,lowering the minimum age for presidential candidates from 35 to 30,2016 Tajik constitutional referendum
2016 Tajik constitutional referendum,keyAmendment,banning political parties based on religion,2016 Tajik constitutional referendum
2016 Tajik constitutional referendum,voterTurnout,92%,2016 Tajik constitutional referendum
2016 Tajik constitutional referendum,approvalRate,96.6%,2016 Tajik constitutional referendum
2016 Tajik constitutional referendum,outcome,passed,2016 Tajik constitutional referendum
2016 Tajik constitutional referendum,followedBy,2016 Tajik presidential election,2016 Tajik constitutional referendum
2016 Tajik constitutional referendum,precededBy,2003 Tajik constitutional referendum,2016 Tajik constitutional referendum
2016 Tajik constitutional referendum,organizer,Central Commission for Elections and Referendums of Tajikistan,2016 Tajik constitutional referendum
2016 Tajik constitutional referendum,internationalObservers,Organization for Security and Co-operation in Europe (OSCE),2016 Tajik constitutional referendum
2016 Tajik constitutional referendum,criticism,lack of genuine opposition,2016 Tajik constitutional referendum
2016 Tajik constitutional referendum,criticism,allegations of electoral fraud,2016 Tajik constitutional referendum
"Church of St Edmund, Sedgefield",instanceOf,church,"Church of St Edmund, Sedgefield"
"Church of St Edmund, Sedgefield",instanceOf,Grade I listed building,"Church of St Edmund, Sedgefield"
"Church of St Edmund, Sedgefield",location,Sedgefield,"Church of St Edmund, Sedgefield"
"Church of St Edmund, Sedgefield",location,County Durham,"Church of St Edmund, Sedgefield"
"Church of St Edmund, Sedgefield",location,England,"Church of St Edmund, Sedgefield"
"Church of St Edmund, Sedgefield",dedicatedTo,Saint Edmund of Abingdon,"Church of St Edmund, Sedgefield"
"Church of St Edmund, Sedgefield",denomination,Church of England,"Church of St Edmund, Sedgefield"
"Church of St Edmund, Sedgefield",architecturalStyle,Norman,"Church of St Edmund, Sedgefield"
"Church of St Edmund, Sedgefield",architecturalStyle,Gothic,"Church of St Edmund, Sedgefield"
"Church of St Edmund, Sedgefield",dateOfConstruction,12th century,"Church of St Edmund, Sedgefield"
"Church of St Edmund, Sedgefield",dateOfConstruction,13th century,"Church of St Edmund, Sedgefield"
"Church of St Edmund, Sedgefield",restorationDate,19th century,"Church of St Edmund, Sedgefield"
"Church of St Edmund, Sedgefield",notableFeature,Norman doorway,"Church of St Edmund, Sedgefield"
"Church of St Edmund, Sedgefield",notableFeature,medieval stained glass,"Church of St Edmund, Sedgefield"
"Church of St Edmund, Sedgefield",notableFeature,tower,"Church of St Edmund, Sedgefield"
"Church of St Edmund, Sedgefield",parish,Sedgefield,"Church of St Edmund, Sedgefield"
"Church of St Edmund, Sedgefield",diocese,Durham,"Church of St Edmund, Sedgefield"
Nathan Stewart-Jarrett,instanceOf,human,Nathan Stewart-Jarrett
Nathan Stewart-Jarrett,instanceOf,actor,Nathan Stewart-Jarrett
Nathan Stewart-Jarrett,dateOfBirth,1985-12-04,Nathan Stewart-Jarrett
Nathan Stewart-Jarrett,placeOfBirth,"London, England",Nathan Stewart-Jarrett
Nathan Stewart-Jarrett,occupation,actor,Nathan Stewart-Jarrett
Nathan Stewart-Jarrett,notableWork,Misfits,Nathan Stewart-Jarrett
Nathan Stewart-Jarrett,notableWork,Candyman,Nathan Stewart-Jarrett
Nathan Stewart-Jarrett,notableWork,Utopia,Nathan Stewart-Jarrett
Nathan Stewart-Jarrett,notableWork,The Trial of Christine Keeler,Nathan Stewart-Jarrett
Nathan Stewart-Jarrett,awardNomination,BAFTA TV Award for Best Supporting Actor,Nathan Stewart-Jarrett
Nathan Stewart-Jarrett,characterRole,Curtis Donovan in Misfits,Nathan Stewart-Jarrett
Nathan Stewart-Jarrett,characterRole,Troy Cartwright in Utopia,Nathan Stewart-Jarrett
Nathan Stewart-Jarrett,characterRole,Anthony McCoy in Candyman,Nathan Stewart-Jarrett
Nathan Stewart-Jarrett,education,Central School of Speech and Drama,Nathan Stewart-Jarrett
Nathan Stewart-Jarrett,nationality,British,Nathan Stewart-Jarrett
Lee Hyung-chul (boxer),instanceOf,Person,Lee Hyung-chul (boxer)
Lee Hyung-chul (boxer),instanceOf,Boxer,Lee Hyung-chul (boxer)
Lee Hyung-chul (boxer),occupation,Boxer,Lee Hyung-chul (boxer)
Lee Hyung-chul (boxer),nationality,South Korean,Lee Hyung-chul (boxer)
Lee Hyung-chul (boxer),birthDate,1971-03-13,Lee Hyung-chul (boxer)
Lee Hyung-chul (boxer),weightClass,Lightweight,Lee Hyung-chul (boxer)
Lee Hyung-chul (boxer),weightClass,Super Featherweight,Lee Hyung-chul (boxer)
Lee Hyung-chul (boxer),debutYear,1993,Lee Hyung-chul (boxer)
Lee Hyung-chul (boxer),retirementYear,2005,Lee Hyung-chul (boxer)
Lee Hyung-chul (boxer),totalFights,30,Lee Hyung-chul (boxer)
Lee Hyung-chul (boxer),wins,22,Lee Hyung-chul (boxer)
Lee Hyung-chul (boxer),losses,6,Lee Hyung-chul (boxer)
Lee Hyung-chul (boxer),draws,2,Lee Hyung-chul (boxer)
Lee Hyung-chul (boxer),knockouts,12,Lee Hyung-chul (boxer)
Lee Hyung-chul (boxer),notableOpponent,Jae-Do Yuh,Lee Hyung-chul (boxer)
Lee Hyung-chul (boxer),notableOpponent,Choi Ki-soo,Lee Hyung-chul (boxer)
Lee Hyung-chul (boxer),titleHeld,OPBF Lightweight Champion,Lee Hyung-chul (boxer)
Lee Hyung-chul (boxer),titleHeld,Korean Lightweight Champion,Lee Hyung-chul (boxer)
Lee Hyung-chul (boxer),award,Korean Boxing Commission Fighter of the Year (1996),Lee Hyung-chul (boxer)
Lee Hyung-chul (boxer),associatedWith,Korean Boxing Federation,Lee Hyung-chul (boxer)
Lee Hyung-chul (boxer),height,170 cm,Lee Hyung-chul (boxer)
Lee Hyung-chul (boxer),reach,175 cm,Lee Hyung-chul (boxer)
Preventing and Combating Violence Against Women and Domestic Violence (Ratification of Convention) Act 2017,instanceOf,Act of Parliament,Preventing and Combating Violence Against Women and Domestic Violence (Ratification of Convention) Act 2017
Preventing and Combating Violence Against Women and Domestic Violence (Ratification of Convention) Act 2017,instanceOf,Legislation,Preventing and Combating Violence Against Women and Domestic Violence (Ratification of Convention) Act 2017
Preventing and Combating Violence Against Women and Domestic Violence (Ratification of Convention) Act 2017,jurisdiction,United Kingdom,Preventing and Combating Violence Against Women and Domestic Violence (Ratification of Convention) Act 2017
Preventing and Combating Violence Against Women and Domestic Violence (Ratification of Convention) Act 2017,enactedBy,Parliament of the United Kingdom,Preventing and Combating Violence Against Women and Domestic Violence (Ratification of Convention) Act 2017
Preventing and Combating Violence Against Women and Domestic Violence (Ratification of Convention) Act 2017,yearEnacted,2017,Preventing and Combating Violence Against Women and Domestic Violence (Ratification of Convention) Act 2017
Preventing and Combating Violence Against Women and Domestic Violence (Ratification of Convention) Act 2017,ratifies,Istanbul Convention,Preventing and Combating Violence Against Women and Domestic Violence (Ratification of Convention) Act 2017
Preventing and Combating Violence Against Women and Domestic Violence (Ratification of Convention) Act 2017,shortTitle,Istanbul Convention Ratification Act 2017,Preventing and Combating Violence Against Women and Domestic Violence (Ratification of Convention) Act 2017
Preventing and Combating Violence Against Women and Domestic Violence (Ratification of Convention) Act 2017,legislativePurpose,Preventing and combating violence against women and domestic violence,Preventing and Combating Violence Against Women and Domestic Violence (Ratification of Convention) Act 2017
Preventing and Combating Violence Against Women and Domestic Violence (Ratification of Convention) Act 2017,legislativePurpose,Ratifying the Council of Europe Convention on preventing and combating violence against women and domestic violence,Preventing and Combating Violence Against Women and Domestic Violence (Ratification of Convention) Act 2017
Preventing and Combating Violence Against Women and Domestic Violence (Ratification of Convention) Act 2017,relatedTo,Domestic Violence,Preventing and Combating Violence Against Women and Domestic Violence (Ratification of Convention) Act 2017
Preventing and Combating Violence Against Women and Domestic Violence (Ratification of Convention) Act 2017,relatedTo,Gender-Based Violence,Preventing and Combating Violence Against Women and Domestic Violence (Ratification of Convention) Act 2017
Preventing and Combating Violence Against Women and Domestic Violence (Ratification of Convention) Act 2017,relatedTo,Human Rights,Preventing and Combating Violence Against Women and Domestic Violence (Ratification of Convention) Act 2017
Jenny Bowen (filmmaker),instanceOf,human,Jenny Bowen (filmmaker)
Jenny Bowen (filmmaker),instanceOf,filmmaker,Jenny Bowen (filmmaker)
Jenny Bowen (filmmaker),occupation,director,Jenny Bowen (filmmaker)
Jenny Bowen (filmmaker),occupation,screenwriter,Jenny Bowen (filmmaker)
Jenny Bowen (filmmaker),occupation,producer,Jenny Bowen (filmmaker)
Jenny Bowen (filmmaker),occupation,activist,Jenny Bowen (filmmaker)
Jenny Bowen (filmmaker),notableWork,Streetwise,Jenny Bowen (filmmaker)
Jenny Bowen (filmmaker),notableWork,The Boy Who Loved Trolls,Jenny Bowen (filmmaker)
Jenny Bowen (filmmaker),notableWork,Half the Sky: Turning Oppression into Opportunity for Women Worldwide,Jenny Bowen (filmmaker)
Jenny Bowen (filmmaker),award,Emmy Award,Jenny Bowen (filmmaker)
Jenny Bowen (filmmaker),founderOf,Half the Sky Movement,Jenny Bowen (filmmaker)
Jenny Bowen (filmmaker),founderOf,OneSky (formerly Half the Sky Foundation),Jenny Bowen (filmmaker)
Jenny Bowen (filmmaker),countryOfCitizenship,United States of America,Jenny Bowen (filmmaker)
Jenny Bowen (filmmaker),spouse,Richard Bowen,Jenny Bowen (filmmaker)
Jenny Bowen (filmmaker),child,Maya Bowen,Jenny Bowen (filmmaker)
Jenny Bowen (filmmaker),child,Annie Bowen,Jenny Bowen (filmmaker)
Harumafuji Kōhei,instanceOf,sumo wrestler,Harumafuji Kōhei
Harumafuji Kōhei,instanceOf,person,Harumafuji Kōhei
Harumafuji Kōhei,birthName,Davaanyamyn Byambadorj,Harumafuji Kōhei
Harumafuji Kōhei,dateOfBirth,1984-04-14,Harumafuji Kōhei
Harumafuji Kōhei,placeOfBirth,"Ulaanbaatar, Mongolia",Harumafuji Kōhei
Harumafuji Kōhei,nationality,Mongolian,Harumafuji Kōhei
Harumafuji Kōhei,nationality,Japanese,Harumafuji Kōhei
Harumafuji Kōhei,height,185 cm,Harumafuji Kōhei
Harumafuji Kōhei,weight,137 kg,Harumafuji Kōhei
Harumafuji Kōhei,sumoRank,yokozuna,Harumafuji Kōhei
Harumafuji Kōhei,stable,Isegahama stable,Harumafuji Kōhei
Harumafuji Kōhei,debut,2001,Harumafuji Kōhei
Harumafuji Kōhei,retirement,2017,Harumafuji Kōhei
Harumafuji Kōhei,careerRecord,"673 wins, 311 losses, 117 absences",Harumafuji Kōhei
Harumafuji Kōhei,championships,9 (Makuuchi division),Harumafuji Kōhei
Harumafuji Kōhei,promotedToYokozuna,2012,Harumafuji Kōhei
Harumafuji Kōhei,predecessor,Hakuho,Harumafuji Kōhei
Harumafuji Kōhei,successor,Kakuryu,Harumafuji Kōhei
Harumafuji Kōhei,fightingStyle,yotsu-sumo,Harumafuji Kōhei
Harumafuji Kōhei,awards,Technique Prize (5 times),Harumafuji Kōhei
Harumafuji Kōhei,awards,Outstanding Performance Prize (3 times),Harumafuji Kōhei
Harumafuji Kōhei,awards,Fighting Spirit Prize (2 times),Harumafuji Kōhei
Harumafuji Kōhei,involvedIn,2017 assault scandal,Harumafuji Kōhei
Harumafuji Kōhei,resignedDueTo,assault allegations,Harumafuji Kōhei
Harumafuji Kōhei,mentor,Asahifuji Seiya,Harumafuji Kōhei
Harumafuji Kōhei,ringNameMeaning,Spring Storm,Harumafuji Kōhei
Harumafuji Kōhei,previousRingNames,Ama,Harumafuji Kōhei
Harumafuji Kōhei,previousRingNames,Harunofuji,Harumafuji Kōhei
Harumafuji Kōhei,shikona,Harumafuji Kōhei,Harumafuji Kōhei
Harumafuji Kōhei,shusshin,Mongolia,Harumafuji Kōhei
Harumafuji Kōhei,heya,Isegahama-beya,Harumafuji Kōhei
Harumafuji Kōhei,intai,2017-11-29,Harumafuji Kōhei
Harumafuji Kōhei,postRetirementOccupation,sumo coach,Harumafuji Kōhei
Harumafuji Kōhei,postRetirementStable,Isegahama stable,Harumafuji Kōhei
Harumafuji Kōhei,currentName,Isegahama Oyakata,Harumafuji Kōhei
Bacillus aminovorans,instanceOf,bacterium,Bacillus aminovorans
Bacillus aminovorans,instanceOf,Gram-positive bacterium,Bacillus aminovorans
Bacillus aminovorans,domain,Bacteria,Bacillus aminovorans
Bacillus aminovorans,phylum,Firmicutes,Bacillus aminovorans
Bacillus aminovorans,class,Bacilli,Bacillus aminovorans
Bacillus aminovorans,order,Bacillales,Bacillus aminovorans
Bacillus aminovorans,family,Bacillaceae,Bacillus aminovorans
Bacillus aminovorans,genus,Bacillus,Bacillus aminovorans
Bacillus aminovorans,species,Bacillus aminovorans,Bacillus aminovorans
Bacillus aminovorans,discoveredBy,Den Dooren de Jong,Bacillus aminovorans
Bacillus aminovorans,yearOfDiscovery,1926,Bacillus aminovorans
Bacillus aminovorans,habitat,soil,Bacillus aminovorans
Bacillus aminovorans,metabolism,aerobic,Bacillus aminovorans
Bacillus aminovorans,metabolism,facultatively anaerobic,Bacillus aminovorans
Bacillus aminovorans,shape,rod-shaped,Bacillus aminovorans
Bacillus aminovorans,motility,motile,Bacillus aminovorans
Bacillus aminovorans,sporeFormation,endospore-forming,Bacillus aminovorans
Bacillus aminovorans,utilizes,amines,Bacillus aminovorans
Bacillus aminovorans,utilizes,amino acids,Bacillus aminovorans
Gliese 536,instanceOf,star,Gliese 536
Gliese 536,instanceOf,red dwarf,Gliese 536
Gliese 536,locatedIn,Milky Way,Gliese 536
Gliese 536,constellation,Virgo,Gliese 536
Gliese 536,rightAscension,13h 55m 25.0s,Gliese 536
Gliese 536,declination,-26° 17′ 46″,Gliese 536
Gliese 536,distanceFromEarth,33 light-years,Gliese 536
Gliese 536,spectralType,M1,Gliese 536
Gliese 536,mass,0.52 solar masses,Gliese 536
Gliese 536,radius,0.5 solar radii,Gliese 536
Gliese 536,temperature,3685 K,Gliese 536
Gliese 536,luminosity,0.04 solar luminosities,Gliese 536
Gliese 536,hasPlanet,Gliese 536 b,Gliese 536
Gliese 536 b,instanceOf,exoplanet,Gliese 536
Gliese 536 b,orbits,Gliese 536,Gliese 536
Gliese 536 b,discoveryYear,2016,Gliese 536
Gliese 536 b,mass,5.36 Earth masses,Gliese 536
Gliese 536 b,orbitalPeriod,8.7 days,Gliese 536
Gliese 536 b,semiMajorAxis,0.0666 AU,Gliese 536
Gliese 536 b,discoveryMethod,radial velocity,Gliese 536
Gmina Bobowa,instanceOf,gmina,Gmina Bobowa
Gmina Bobowa,instanceOf,administrative unit,Gmina Bobowa
Gmina Bobowa,locatedIn,Lesser Poland Voivodeship,Gmina Bobowa
Gmina Bobowa,locatedIn,Poland,Gmina Bobowa
Gmina Bobowa,hasType,rural gmina,Gmina Bobowa
Gmina Bobowa,seatOf,Bobowa,Gmina Bobowa
Gmina Bobowa,partOf,Gorlice County,Gmina Bobowa
Gmina Bobowa,establishedIn,1973,Gmina Bobowa
Gmina Bobowa,area,49.84 km²,Gmina Bobowa
Gmina Bobowa,population,"9,500",Gmina Bobowa
Gmina Bobowa,populationAsOf,2021,Gmina Bobowa
Gmina Bobowa,containsSettlement,Bobowa,Gmina Bobowa
Gmina Bobowa,containsSettlement,Brzana,Gmina Bobowa
Gmina Bobowa,containsSettlement,Jodłowa,Gmina Bobowa
Gmina Bobowa,containsSettlement,Sędziszowa,Gmina Bobowa
Gmina Bobowa,containsSettlement,Stróżna,Gmina Bobowa
Gmina Bobowa,containsSettlement,Wielopole,Gmina Bobowa
Gmina Bobowa,officialWebsite,http://www.bobowa.pl,Gmina Bobowa
Gmina Bobowa,headOf,wójt,Gmina Bobowa
Gmina Bobowa,wójt,Janusz Szczerba,Gmina Bobowa
Gmina Bobowa,wójtAsOf,2023,Gmina Bobowa
Gmina Bobowa,coordinates,"49.7333°N, 20.9167°E",Gmina Bobowa
2018 Hualien earthquake,instanceOf,earthquake,2018 Hualien earthquake
2018 Hualien earthquake,instanceOf,natural disaster,2018 Hualien earthquake
2018 Hualien earthquake,date,2018-02-06,2018 Hualien earthquake
2018 Hualien earthquake,time,23:50:41 (UTC+8),2018 Hualien earthquake
2018 Hualien earthquake,magnitude,6.4,2018 Hualien earthquake
2018 Hualien earthquake,depth,10.6 km,2018 Hualien earthquake
2018 Hualien earthquake,epicenter,"near Hualien County, Taiwan",2018 Hualien earthquake
2018 Hualien earthquake,epicenterCoordinates,"24.1°N, 121.7°E",2018 Hualien earthquake
2018 Hualien earthquake,country,Taiwan,2018 Hualien earthquake
2018 Hualien earthquake,region,Hualien County,2018 Hualien earthquake
2018 Hualien earthquake,casualties,17 deaths,2018 Hualien earthquake
2018 Hualien earthquake,casualties,285 injuries,2018 Hualien earthquake
2018 Hualien earthquake,buildingsDamaged,4 buildings collapsed,2018 Hualien earthquake
2018 Hualien earthquake,buildingsDamaged,Marshal Hotel,2018 Hualien earthquake
2018 Hualien earthquake,buildingsDamaged,Yun Men Tsui Ti building,2018 Hualien earthquake
2018 Hualien earthquake,aftershocks,over 100 recorded,2018 Hualien earthquake
2018 Hualien earthquake,cause,collision of the Philippine Sea Plate and Eurasian Plate,2018 Hualien earthquake
2018 Hualien earthquake,precededBy,2018 Hualien foreshocks,2018 Hualien earthquake
2018 Hualien earthquake,precededByMagnitude,5.8 (largest foreshock),2018 Hualien earthquake
2018 Hualien earthquake,response,Taiwanese government emergency response,2018 Hualien earthquake
2018 Hualien earthquake,response,military deployment for rescue operations,2018 Hualien earthquake
2018 Hualien earthquake,economicImpact,estimated NT$6.5 billion in damages,2018 Hualien earthquake
2018 Hualien earthquake,relatedEvent,2016 Taiwan earthquake,2018 Hualien earthquake
2018 Hualien earthquake,relatedEvent,1999 Jiji earthquake,2018 Hualien earthquake
2018 Hualien earthquake,USGSEarthquakeId,us1000chhc,2018 Hualien earthquake
2018 Hualien earthquake,significance,deadliest earthquake in Taiwan since 1999,2018 Hualien earthquake
1940–41 Buffalo Bulls men's basketball team,instanceOf,college basketball team,1940–41 Buffalo Bulls men's basketball team
1940–41 Buffalo Bulls men's basketball team,sport,basketball,1940–41 Buffalo Bulls men's basketball team
1940–41 Buffalo Bulls men's basketball team,gender,male,1940–41 Buffalo Bulls men's basketball team
1940–41 Buffalo Bulls men's basketball team,season,1940–41,1940–41 Buffalo Bulls men's basketball team
1940–41 Buffalo Bulls men's basketball team,affiliation,University at Buffalo,1940–41 Buffalo Bulls men's basketball team
1940–41 Buffalo Bulls men's basketball team,conference,Independent,1940–41 Buffalo Bulls men's basketball team
1940–41 Buffalo Bulls men's basketball team,headCoach,Art Powell,1940–41 Buffalo Bulls men's basketball team
1940–41 Buffalo Bulls men's basketball team,record,10–6,1940–41 Buffalo Bulls men's basketball team
1940–41 Buffalo Bulls men's basketball team,homeVenue,Clark Gym,1940–41 Buffalo Bulls men's basketball team
1940–41 Buffalo Bulls men's basketball team,location,"Buffalo, New York",1940–41 Buffalo Bulls men's basketball team
1940–41 Buffalo Bulls men's basketball team,nickname,Bulls,1940–41 Buffalo Bulls men's basketball team
1940–41 Buffalo Bulls men's basketball team,division,NCAA College Division (pre-1973),1940–41 Buffalo Bulls men's basketball team
University at Buffalo,instanceOf,public university,1940–41 Buffalo Bulls men's basketball team
Art Powell,instanceOf,basketball coach,1940–41 Buffalo Bulls men's basketball team
Clark Gym,instanceOf,sports venue,1940–41 Buffalo Bulls men's basketball team
Ivor Robinson (physicist),instanceOf,human,Ivor Robinson (physicist)
Ivor Robinson (physicist),instanceOf,physicist,Ivor Robinson (physicist)
Ivor Robinson (physicist),fieldOfStudy,theoretical physics,Ivor Robinson (physicist)
Ivor Robinson (physicist),fieldOfStudy,general relativity,Ivor Robinson (physicist)
Ivor Robinson (physicist),fieldOfStudy,differential geometry,Ivor Robinson (physicist)
Ivor Robinson (physicist),knownFor,Robinson-Trautman solutions,Ivor Robinson (physicist)
Ivor Robinson (physicist),knownFor,Robinson congruences,Ivor Robinson (physicist)
Ivor Robinson (physicist),birthDate,1923,Ivor Robinson (physicist)
Ivor Robinson (physicist),deathDate,2016,Ivor Robinson (physicist)
Ivor Robinson (physicist),nationality,British,Ivor Robinson (physicist)
Ivor Robinson (physicist),educatedAt,University of Cambridge,Ivor Robinson (physicist)
Ivor Robinson (physicist),hasDegree,PhD in Physics,Ivor Robinson (physicist)
Ivor Robinson (physicist),employer,University of Texas at Dallas,Ivor Robinson (physicist)
Ivor Robinson (physicist),academicAdvisor,Hermann Bondi,Ivor Robinson (physicist)
Ivor Robinson (physicist),collaboratedWith,Andrzej Trautman,Ivor Robinson (physicist)
Ivor Robinson (physicist),collaboratedWith,Wolfgang Rindler,Ivor Robinson (physicist)
Ivor Robinson (physicist),awardOrHonor,Fellow of the American Physical Society,Ivor Robinson (physicist)
Ivor Robinson (physicist),researchTopic,exact solutions in general relativity,Ivor Robinson (physicist)
Ivor Robinson (physicist),researchTopic,null geodesics,Ivor Robinson (physicist)
Ivor Robinson (physicist),researchTopic,algebraic classification of spacetimes,Ivor Robinson (physicist)
1981 Soviet Cup,instanceOf,football tournament,1981 Soviet Cup
1981 Soviet Cup,instanceOf,domestic cup competition,1981 Soviet Cup
1981 Soviet Cup,partOf,Soviet football league system,1981 Soviet Cup
1981 Soviet Cup,country,Soviet Union,1981 Soviet Cup
1981 Soviet Cup,year,1981,1981 Soviet Cup
1981 Soviet Cup,organizingBody,Football Federation of the Soviet Union,1981 Soviet Cup
1981 Soviet Cup,winner,SKA Rostov-on-Don,1981 Soviet Cup
1981 Soviet Cup,runnerUp,Spartak Moscow,1981 Soviet Cup
1981 Soviet Cup,numberOfTeams,48,1981 Soviet Cup
1981 Soviet Cup,format,knockout competition,1981 Soviet Cup
1981 Soviet Cup,mostSuccessfulClub,Spartak Moscow,1981 Soviet Cup
1981 Soviet Cup,previousEdition,1980 Soviet Cup,1981 Soviet Cup
1981 Soviet Cup,nextEdition,1982 Soviet Cup,1981 Soviet Cup
1981 Soviet Cup,topScorer,Ramaz Shengelia,1981 Soviet Cup
1981 Soviet Cup,topScorerClub,Dinamo Tbilisi,1981 Soviet Cup
1981 Soviet Cup,hostCities,various cities in the Soviet Union,1981 Soviet Cup
Garcinia celebica,instanceOf,species,Garcinia celebica
Garcinia celebica,instanceOf,plant,Garcinia celebica
Garcinia celebica,kingdom,Plantae,Garcinia celebica
Garcinia celebica,clade,Angiosperms,Garcinia celebica
Garcinia celebica,clade,Eudicots,Garcinia celebica
Garcinia celebica,order,Malpighiales,Garcinia celebica
Garcinia celebica,family,Clusiaceae,Garcinia celebica
Garcinia celebica,genus,Garcinia,Garcinia celebica
Garcinia celebica,nativeTo,Southeast Asia,Garcinia celebica
Garcinia celebica,commonName,Manggis hutan,Garcinia celebica
Garcinia celebica,habitat,tropical rainforests,Garcinia celebica
Garcinia celebica,growthForm,tree,Garcinia celebica
Garcinia celebica,leafType,evergreen,Garcinia celebica
Garcinia celebica,fruitType,berry,Garcinia celebica
Garcinia celebica,uses,traditional medicine,Garcinia celebica
Garcinia celebica,conservationStatus,Not Evaluated (IUCN),Garcinia celebica
Pat Rooney (basketball),instanceOf,Person,Pat Rooney (basketball)
Pat Rooney (basketball),instanceOf,BasketballPlayer,Pat Rooney (basketball)
Pat Rooney (basketball),fullName,Patrick Michael Rooney,Pat Rooney (basketball)
Pat Rooney (basketball),dateOfBirth,1957-06-12,Pat Rooney (basketball)
Pat Rooney (basketball),placeOfBirth,New York City,Pat Rooney (basketball)
Pat Rooney (basketball),countryOfBirth,United States,Pat Rooney (basketball)
Pat Rooney (basketball),positionPlayed,Point guard,Pat Rooney (basketball)
Pat Rooney (basketball),college,University of Notre Dame,Pat Rooney (basketball)
Pat Rooney (basketball),draftedBy,Boston Celtics,Pat Rooney (basketball)
Pat Rooney (basketball),draftYear,1979,Pat Rooney (basketball)
Pat Rooney (basketball),draftRound,3,Pat Rooney (basketball)
Pat Rooney (basketball),draftPick,60,Pat Rooney (basketball)
Pat Rooney (basketball),playedFor,Boston Celtics,Pat Rooney (basketball)
Pat Rooney (basketball),playedFor,Utah Jazz,Pat Rooney (basketball)
Pat Rooney (basketball),playedInLeague,NBA,Pat Rooney (basketball)
Pat Rooney (basketball),careerStartYear,1979,Pat Rooney (basketball)
Pat Rooney (basketball),careerEndYear,1982,Pat Rooney (basketball)
Pat Rooney (basketball),height,6 ft 1 in,Pat Rooney (basketball)
Pat Rooney (basketball),weight,175 lbs,Pat Rooney (basketball)
Pat Rooney (basketball),notableAchievement,Played in the NBA for three seasons,Pat Rooney (basketball)
Pat Rooney (basketball),notableCoach,Bill Fitch,Pat Rooney (basketball)
Pat Rooney (basketball),notableTeammate,Larry Bird,Pat Rooney (basketball)
Pat Rooney (basketball),notableTeammate,Kevin McHale,Pat Rooney (basketball)
Pat Rooney (basketball),notableTeammate,Robert Parish,Pat Rooney (basketball)
Pat Rooney (basketball),statistic,Career NBA games played: 103,Pat Rooney (basketball)
Pat Rooney (basketball),statistic,Career NBA points: 341,Pat Rooney (basketball)
Pat Rooney (basketball),statistic,Career NBA assists: 160,Pat Rooney (basketball)
Pat Rooney (basketball),statistic,Career NBA rebounds: 72,Pat Rooney (basketball)
Pat Rooney (basketball),award,Notre Dame Monogram Club Award (1979),Pat Rooney (basketball)
Pat Rooney (basketball),relatedTo,Pat Rooney (footballer),Pat Rooney (basketball)
Pat Rooney (basketball),relatedTo,Rooney family,Pat Rooney (basketball)
Frank-Rutger Hausmann,instanceOf,human,Frank-Rutger Hausmann
Frank-Rutger Hausmann,instanceOf,academic,Frank-Rutger Hausmann
Frank-Rutger Hausmann,occupation,historian,Frank-Rutger Hausmann
Frank-Rutger Hausmann,occupation,philologist,Frank-Rutger Hausmann
Frank-Rutger Hausmann,fieldOfStudy,Romance studies,Frank-Rutger Hausmann
Frank-Rutger Hausmann,fieldOfStudy,medieval history,Frank-Rutger Hausmann
Frank-Rutger Hausmann,birthDate,1943-02-05,Frank-Rutger Hausmann
Frank-Rutger Hausmann,birthPlace,"Freiburg im Breisgau, Germany",Frank-Rutger Hausmann
Frank-Rutger Hausmann,deathDate,2020-07-15,Frank-Rutger Hausmann
Frank-Rutger Hausmann,deathPlace,"Bonn, Germany",Frank-Rutger Hausmann
Frank-Rutger Hausmann,almaMater,University of Freiburg,Frank-Rutger Hausmann
Frank-Rutger Hausmann,almaMater,University of Bonn,Frank-Rutger Hausmann
Frank-Rutger Hausmann,academicDegree,Doctor of Philosophy,Frank-Rutger Hausmann
Frank-Rutger Hausmann,notableWork,Franzö­sische Klassik,Frank-Rutger Hausmann
Frank-Rutger Hausmann,notableWork,Die Universität Freiburg im Dritten Reich,Frank-Rutger Hausmann
Frank-Rutger Hausmann,award,Gay-Lussac Humboldt Prize,Frank-Rutger Hausmann
Frank-Rutger Hausmann,award,Order of Merit of the Federal Republic of Germany,Frank-Rutger Hausmann
Frank-Rutger Hausmann,employer,University of Bonn,Frank-Rutger Hausmann
Frank-Rutger Hausmann,positionHeld,Professor of Romance Philology,Frank-Rutger Hausmann
Pluriarc,instanceOf,Musical instrument,Pluriarc
Pluriarc,instanceOf,String instrument,Pluriarc
Pluriarc,instanceOf,Bowed or plucked instrument,Pluriarc
Pluriarc,originatedIn,Central Africa,Pluriarc
Pluriarc,usedIn,Traditional African music,Pluriarc
Pluriarc,hasFeature,Multiple strings (typically 3 to 8),Pluriarc
Pluriarc,hasFeature,Bow-shaped or arched body,Pluriarc
Pluriarc,hasFeature,Resonator made of wood or gourd,Pluriarc
Pluriarc,relatedTo,Bow harp,Pluriarc
Pluriarc,relatedTo,Ngombi,Pluriarc
Pluriarc,relatedTo,Kundi,Pluriarc
Pluriarc,material,Wood,Pluriarc
Pluriarc,material,Animal gut or plant fiber (for strings),Pluriarc
Pluriarc,material,Gourd (for resonator),Pluriarc
Pluriarc,playingTechnique,Plucked,Pluriarc
Pluriarc,playingTechnique,Bowed (in some variants),Pluriarc
Pluriarc,culturalSignificance,Used in rituals and storytelling,Pluriarc
Pluriarc,culturalSignificance,Symbol of heritage in some African communities,Pluriarc
Leonard Berkowitz,instanceOf,human,Leonard Berkowitz
Leonard Berkowitz,instanceOf,psychologist,Leonard Berkowitz
Leonard Berkowitz,fieldOfStudy,social psychology,Leonard Berkowitz
Leonard Berkowitz,fieldOfStudy,aggression,Leonard Berkowitz
Leonard Berkowitz,birthDate,1930-05-11,Leonard Berkowitz
Leonard Berkowitz,deathDate,2016-01-03,Leonard Berkowitz
Leonard Berkowitz,birthPlace,New York City,Leonard Berkowitz
Leonard Berkowitz,deathPlace,"Madison, Wisconsin",Leonard Berkowitz
Leonard Berkowitz,nationality,American,Leonard Berkowitz
Leonard Berkowitz,almaMater,University of Iowa,Leonard Berkowitz
Leonard Berkowitz,almaMater,University of Michigan,Leonard Berkowitz
Leonard Berkowitz,academicDegree,PhD in Psychology,Leonard Berkowitz
Leonard Berkowitz,employer,University of Wisconsin-Madison,Leonard Berkowitz
Leonard Berkowitz,knownFor,Frustration-Aggression Hypothesis,Leonard Berkowitz
Leonard Berkowitz,knownFor,Weapons Effect,Leonard Berkowitz
Leonard Berkowitz,knownFor,Cognitive Neoassociation Theory,Leonard Berkowitz
Leonard Berkowitz,award,Distinguished Scientific Contribution Award (American Psychological Association),Leonard Berkowitz
Leonard Berkowitz,authorOf,Aggression: A Social Psychological Analysis,Leonard Berkowitz
Leonard Berkowitz,authorOf,Causes and Consequences of Feelings,Leonard Berkowitz
Leonard Berkowitz,influencedBy,John Dollard,Leonard Berkowitz
Leonard Berkowitz,influencedBy,Neal Miller,Leonard Berkowitz
Leonard Berkowitz,influenced,Craig Anderson,Leonard Berkowitz
Leonard Berkowitz,influenced,Brad Bushman,Leonard Berkowitz
Alberto Siliotti,instanceOf,human,Alberto Siliotti
Alberto Siliotti,instanceOf,author,Alberto Siliotti
Alberto Siliotti,instanceOf,photographer,Alberto Siliotti
Alberto Siliotti,occupation,writer,Alberto Siliotti
Alberto Siliotti,occupation,journalist,Alberto Siliotti
Alberto Siliotti,nationality,Italian,Alberto Siliotti
Alberto Siliotti,fieldOfWork,Egyptology,Alberto Siliotti
Alberto Siliotti,fieldOfWork,archaeology,Alberto Siliotti
Alberto Siliotti,fieldOfWork,travel writing,Alberto Siliotti
Alberto Siliotti,notableWork,Egypt Pocket Guide,Alberto Siliotti
Alberto Siliotti,notableWork,The Discovery of Ancient Egypt,Alberto Siliotti
Alberto Siliotti,notableWork,Guide to the Valley of the Kings,Alberto Siliotti
Alberto Siliotti,notableWork,The Treasures of Ancient Egypt,Alberto Siliotti
Alberto Siliotti,collaboratedWith,Zahi Hawass,Alberto Siliotti
Alberto Siliotti,hasContributedTo,National Geographic,Alberto Siliotti
Alberto Siliotti,hasContributedTo,BBC documentaries,Alberto Siliotti
Alberto Siliotti,awardOrRecognition,honorary member of the Egyptian Exploration Society,Alberto Siliotti
Bahau River,instanceOf,river,Bahau River
Bahau River,locatedIn,Borneo,Bahau River
Bahau River,locatedIn,Indonesia,Bahau River
Bahau River,locatedIn,North Kalimantan,Bahau River
Bahau River,flowsThrough,Malinau Regency,Bahau River
Bahau River,flowsInto,Kayan River,Bahau River
Bahau River,length,approximately 200 kilometers,Bahau River
Bahau River,partOf,Kayan River basin,Bahau River
Bahau River,significance,important waterway for local communities,Bahau River
Bahau River,significance,supports biodiversity,Bahau River
Bahau River,nearbySettlement,Long Alango,Bahau River
Bahau River,nearbySettlement,Long Peso,Bahau River
Herbert Von King Park,instanceOf,public park,Herbert Von King Park
Herbert Von King Park,locatedIn,Brooklyn,Herbert Von King Park
Herbert Von King Park,locatedIn,New York City,Herbert Von King Park
Herbert Von King Park,locatedIn,New York,Herbert Von King Park
Herbert Von King Park,locatedIn,United States,Herbert Von King Park
Herbert Von King Park,neighborhood,Bedford-Stuyvesant,Herbert Von King Park
Herbert Von King Park,namedAfter,Herbert Von King,Herbert Von King Park
Herbert Von King Park,hasFeature,amphitheater,Herbert Von King Park
Herbert Von King Park,hasFeature,playground,Herbert Von King Park
Herbert Von King Park,hasFeature,basketball courts,Herbert Von King Park
Herbert Von King Park,hasFeature,handball courts,Herbert Von King Park
Herbert Von King Park,hasFeature,community garden,Herbert Von King Park
Herbert Von King Park,hasFeature,dog run,Herbert Von King Park
Herbert Von King Park,managedBy,New York City Department of Parks and Recreation,Herbert Von King Park
Herbert Von King Park,opened,1987,Herbert Von King Park
Herbert Von King Park,size,8.4 acres,Herbert Von King Park
Gran Turismo Sport,instanceOf,video game,Gran Turismo Sport
Gran Turismo Sport,developer,Polyphony Digital,Gran Turismo Sport
Gran Turismo Sport,publisher,Sony Interactive Entertainment,Gran Turismo Sport
Gran Turismo Sport,releaseDate,2017-10-17,Gran Turismo Sport
Gran Turismo Sport,platform,PlayStation 4,Gran Turismo Sport
Gran Turismo Sport,genre,racing simulation,Gran Turismo Sport
Gran Turismo Sport,partOfSeries,Gran Turismo,Gran Turismo Sport
Gran Turismo Sport,esrbRating,E (Everyone),Gran Turismo Sport
Gran Turismo Sport,pegiRating,3,Gran Turismo Sport
Gran Turismo Sport,gameMode,single-player,Gran Turismo Sport
Gran Turismo Sport,gameMode,multiplayer,Gran Turismo Sport
Gran Turismo Sport,engine,proprietary (Polyphony Digital),Gran Turismo Sport
Gran Turismo Sport,director,Kazunori Yamauchi,Gran Turismo Sport
Gran Turismo Sport,composer,Joris de Man,Gran Turismo Sport
Gran Turismo Sport,composer,Andy Tudor,Gran Turismo Sport
Gran Turismo Sport,composer,The Flight,Gran Turismo Sport
Gran Turismo Sport,license,FIA (Fédération Internationale de l'Automobile),Gran Turismo Sport
Gran Turismo Sport,onlineFeatures,FIA Gran Turismo Championships,Gran Turismo Sport
Gran Turismo Sport,carCount,over 300,Gran Turismo Sport
Gran Turismo Sport,trackCount,19,Gran Turismo Sport
Gran Turismo Sport,supportsVR,PlayStation VR,Gran Turismo Sport
Gran Turismo Sport,award,Best Racing Game (The Game Awards 2017),Gran Turismo Sport
Gran Turismo Sport,awardNomination,Best Sports/Racing Game (DICE Awards 2018),Gran Turismo Sport
Gran Turismo Sport,inspiredBy,real-world motorsports,Gran Turismo Sport
Gran Turismo Sport,features,photo mode,Gran Turismo Sport
Gran Turismo Sport,features,livery editor,Gran Turismo Sport
Gran Turismo Sport,features,driving school,Gran Turismo Sport
Gran Turismo Sport,features,arcade mode,Gran Turismo Sport
Gran Turismo Sport,features,sport mode,Gran Turismo Sport
Gran Turismo Sport,features,GT League,Gran Turismo Sport
Gran Turismo Sport,features,daily races,Gran Turismo Sport
Gran Turismo Sport,features,custom races,Gran Turismo Sport
Gran Turismo Sport,features,scapes (photo spots),Gran Turismo Sport
Gran Turismo Sport,features,brand central (car museum),Gran Turismo Sport
Gran Turismo Sport,features,discover (car collection),Gran Turismo Sport
Gran Turismo Sport,features,online tournaments,Gran Turismo Sport
Gran Turismo Sport,features,split-screen multiplayer,Gran Turismo Sport
Gran Turismo Sport,setting,global (virtual racing circuits),Gran Turismo Sport
Gran Turismo Sport,languageSupport,multiple languages,Gran Turismo Sport
Gran Turismo Sport,dlc,various car packs,Gran Turismo Sport
Gran Turismo Sport,dlc,Circuit de la Sarthe pack,Gran Turismo Sport
Gran Turismo Sport,dlc,Circuit de Barcelona-Catalunya pack,Gran Turismo Sport
Gran Turismo Sport,dlc,Tokyo Expressway pack,Gran Turismo Sport
Gran Turismo Sport,dlc,Gr. 3 Car Pack,Gran Turismo Sport
Gran Turismo Sport,dlc,Gr. 4 Car Pack,Gran Turismo Sport
Gran Turismo Sport,dlc,Gr. 1 Car Pack,Gran Turismo Sport
Gran Turismo Sport,dlc,Vision Gran Turismo pack,Gran Turismo Sport
Gran Turismo Sport,dlc,Circuit Experience pack,Gran Turismo Sport
Gran Turismo Sport,update,added new cars and tracks post-launch,Gran Turismo Sport
Gran Turismo Sport,update,added new game modes post-launch,Gran Turismo Sport
Gran Turismo Sport,update,improved online functionality,Gran Turismo Sport
Gran Turismo Sport,update,added VR support,Gran Turismo Sport
Gran Turismo Sport,update,added dynamic time and weather,Gran Turismo Sport
Gran Turismo Sport,update,added livery editor improvements,Gran Turismo Sport
Gran Turismo Sport,update,added new photo mode features,Gran Turismo Sport
Gran Turismo Sport,update,added new driving assists,Gran Turismo Sport
Gran Turismo Sport,update,added new UI improvements,Gran Turismo Sport
Gran Turismo Sport,update,added new race types,Gran Turismo Sport
Canton of Le Diois,instanceOf,canton of France,Canton of Le Diois
Canton of Le Diois,locatedIn,Drôme department,Canton of Le Diois
Canton of Le Diois,locatedIn,Auvergne-Rhône-Alpes region,Canton of Le Diois
Canton of Le Diois,country,France,Canton of Le Diois
Canton of Le Diois,capital,Die,Canton of Le Diois
Canton of Le Diois,containsCommunes,Die,Canton of Le Diois
Canton of Le Diois,containsCommunes,Aix-en-Diois,Canton of Le Diois
Canton of Le Diois,containsCommunes,Barnave,Canton of Le Diois
Canton of Le Diois,containsCommunes,Châtillon-en-Diois,Canton of Le Diois
Canton of Le Diois,containsCommunes,Laval-d'Aix,Canton of Le Diois
Canton of Le Diois,containsCommunes,Menglon,Canton of Le Diois
Canton of Le Diois,containsCommunes,Molières-Glandaz,Canton of Le Diois
Canton of Le Diois,containsCommunes,Montmaur-en-Diois,Canton of Le Diois
Canton of Le Diois,containsCommunes,Ponet-et-Saint-Auban,Canton of Le Diois
Canton of Le Diois,containsCommunes,Romeyer,Canton of Le Diois
Canton of Le Diois,containsCommunes,Saint-Andéol,Canton of Le Diois
Canton of Le Diois,containsCommunes,Saint-Julien-en-Quint,Canton of Le Diois
Canton of Le Diois,containsCommunes,Sainte-Croix,Canton of Le Diois
Canton of Le Diois,containsCommunes,Vachères-en-Quint,Canton of Le Diois
Canton of Le Diois,population,"approximately 6,000",Canton of Le Diois
Canton of Le Diois,area,approximately 400 square kilometers,Canton of Le Diois
Canton of Le Diois,notableFeature,Diois mountain range,Canton of Le Diois
Canton of Le Diois,notableFeature,Drôme River,Canton of Le Diois
Canton of Le Diois,famousFor,Clairette de Die (sparkling wine),Canton of Le Diois
Geogarypus connatus,instanceOf,species,Geogarypus connatus
Geogarypus connatus,subclassOf,Geogarypus,Geogarypus connatus
Geogarypus connatus,kingdom,Animalia,Geogarypus connatus
Geogarypus connatus,phylum,Arthropoda,Geogarypus connatus
Geogarypus connatus,class,Arachnida,Geogarypus connatus
Geogarypus connatus,order,Pseudoscorpiones,Geogarypus connatus
Geogarypus connatus,family,Geogarypidae,Geogarypus connatus
Geogarypus connatus,genus,Geogarypus,Geogarypus connatus
Geogarypus connatus,describedBy,Tullgren,Geogarypus connatus
Geogarypus connatus,yearDescribed,1907,Geogarypus connatus
Geogarypus connatus,habitat,soil,Geogarypus connatus
Geogarypus connatus,habitat,leaf litter,Geogarypus connatus
Geogarypus connatus,distribution,Europe,Geogarypus connatus
Geogarypus connatus,distribution,North Africa,Geogarypus connatus
Geogarypus connatus,diet,small arthropods,Geogarypus connatus
Geogarypus connatus,size,1.5–2.5 mm,Geogarypus connatus
Moor Bridge tram stop,instanceOf,tram stop,Moor Bridge tram stop
Moor Bridge tram stop,instanceOf,public transport infrastructure,Moor Bridge tram stop
Moor Bridge tram stop,locatedIn,Sheffield,Moor Bridge tram stop
Moor Bridge tram stop,locatedIn,South Yorkshire,Moor Bridge tram stop
Moor Bridge tram stop,locatedIn,England,Moor Bridge tram stop
Moor Bridge tram stop,locatedIn,United Kingdom,Moor Bridge tram stop
Moor Bridge tram stop,servedBy,Sheffield Supertram,Moor Bridge tram stop
Moor Bridge tram stop,lineServedBy,Blue Line,Moor Bridge tram stop
Moor Bridge tram stop,lineServedBy,Purple Line,Moor Bridge tram stop
Moor Bridge tram stop,nearestMajorLandmark,Meadowhall Shopping Centre,Moor Bridge tram stop
Moor Bridge tram stop,coordinates,"53.4106°N, 1.4186°W",Moor Bridge tram stop
Moor Bridge tram stop,opened,1995,Moor Bridge tram stop
Moor Bridge tram stop,operatedBy,Stagecoach Supertram,Moor Bridge tram stop
Moor Bridge tram stop,accessibility,wheelchair accessible,Moor Bridge tram stop
Moor Bridge tram stop,nearbyStation,Meadowhall South/Tinsley tram stop,Moor Bridge tram stop
Moor Bridge tram stop,nearbyStation,Herdings Park tram stop,Moor Bridge tram stop
Athletics at the 2024 Summer Paralympics – Women's marathon T12,instanceOf,Paralympic athletics event,Athletics at the 2024 Summer Paralympics – Women's marathon T12
Athletics at the 2024 Summer Paralympics – Women's marathon T12,partOf,2024 Summer Paralympics,Athletics at the 2024 Summer Paralympics – Women's marathon T12
Athletics at the 2024 Summer Paralympics – Women's marathon T12,sport,Athletics,Athletics at the 2024 Summer Paralympics – Women's marathon T12
Athletics at the 2024 Summer Paralympics – Women's marathon T12,eventType,Marathon,Athletics at the 2024 Summer Paralympics – Women's marathon T12
Athletics at the 2024 Summer Paralympics – Women's marathon T12,gender,Women's,Athletics at the 2024 Summer Paralympics – Women's marathon T12
Athletics at the 2024 Summer Paralympics – Women's marathon T12,classification,T12,Athletics at the 2024 Summer Paralympics – Women's marathon T12
Athletics at the 2024 Summer Paralympics – Women's marathon T12,location,"Paris, France",Athletics at the 2024 Summer Paralympics – Women's marathon T12
Athletics at the 2024 Summer Paralympics – Women's marathon T12,scheduledFor,2024,Athletics at the 2024 Summer Paralympics – Women's marathon T12
Athletics at the 2024 Summer Paralympics – Women's marathon T12,governingBody,World Para Athletics,Athletics at the 2024 Summer Paralympics – Women's marathon T12
Athletics at the 2024 Summer Paralympics – Women's marathon T12,disabilityCategory,Visual impairment,Athletics at the 2024 Summer Paralympics – Women's marathon T12
Athletics at the 2024 Summer Paralympics – Women's marathon T12,distance,42.195 kilometers,Athletics at the 2024 Summer Paralympics – Women's marathon T12
Athletics at the 2024 Summer Paralympics – Women's marathon T12,allowsGuideRunners,Yes,Athletics at the 2024 Summer Paralympics – Women's marathon T12
Edafe Okporo,instanceOf,human,Edafe Okporo
Edafe Okporo,instanceOf,activist,Edafe Okporo
Edafe Okporo,instanceOf,author,Edafe Okporo
Edafe Okporo,occupation,LGBTQ+ rights activist,Edafe Okporo
Edafe Okporo,occupation,writer,Edafe Okporo
Edafe Okporo,nationality,Nigerian,Edafe Okporo
Edafe Okporo,nationality,American,Edafe Okporo
Edafe Okporo,birthPlace,Nigeria,Edafe Okporo
Edafe Okporo,birthDate,1990s (exact date not widely documented),Edafe Okporo
Edafe Okporo,knownFor,advocacy for LGBTQ+ refugees and asylum seekers,Edafe Okporo
Edafe Okporo,knownFor,authoring 'Asylum: A Memoir & Manifesto',Edafe Okporo
Edafe Okporo,residence,"New York City, United States",Edafe Okporo
Edafe Okporo,education,studied at New York University (NYU),Edafe Okporo
Edafe Okporo,award,David Prize (2021),Edafe Okporo
Edafe Okporo,organizationFounded,RDJ Refugee Shelter (New York),Edafe Okporo
Edafe Okporo,role,Director of RDJ Refugee Shelter,Edafe Okporo
Edafe Okporo,notableWork,Asylum: A Memoir & Manifesto (2022),Edafe Okporo
Edafe Okporo,gender,male,Edafe Okporo
Edafe Okporo,sexualOrientation,gay,Edafe Okporo
Edafe Okporo,socialMedia,Twitter (@edafeokporo),Edafe Okporo
Edafe Okporo,socialMedia,Instagram (@edafeokporo),Edafe Okporo
Czech Republic Davis Cup team,instanceOf,national tennis team,Czech Republic Davis Cup team
Czech Republic Davis Cup team,instanceOf,Davis Cup team,Czech Republic Davis Cup team
Czech Republic Davis Cup team,competesIn,Davis Cup,Czech Republic Davis Cup team
Czech Republic Davis Cup team,represents,Czech Republic,Czech Republic Davis Cup team
Czech Republic Davis Cup team,governingBody,Czech Tennis Association,Czech Republic Davis Cup team
Czech Republic Davis Cup team,founded,1921,Czech Republic Davis Cup team
Czech Republic Davis Cup team,homeVenue,"various (e.g., O2 Arena, Prague)",Czech Republic Davis Cup team
Czech Republic Davis Cup team,captain,Jaroslav Navrátil (as of 2023),Czech Republic Davis Cup team
Czech Republic Davis Cup team,titlesWon,1,Czech Republic Davis Cup team
Czech Republic Davis Cup team,yearOfTitle,2012,Czech Republic Davis Cup team
Czech Republic Davis Cup team,finalistYears,1975,Czech Republic Davis Cup team
Czech Republic Davis Cup team,finalistYears,1980,Czech Republic Davis Cup team
Czech Republic Davis Cup team,finalistYears,2009,Czech Republic Davis Cup team
Czech Republic Davis Cup team,finalistYears,2013,Czech Republic Davis Cup team
Czech Republic Davis Cup team,notablePlayer,Ivan Lendl,Czech Republic Davis Cup team
Czech Republic Davis Cup team,notablePlayer,Tomáš Berdych,Czech Republic Davis Cup team
Czech Republic Davis Cup team,notablePlayer,Radek Štěpánek,Czech Republic Davis Cup team
Czech Republic Davis Cup team,notablePlayer,Lukáš Rosol,Czech Republic Davis Cup team
Czech Republic Davis Cup team,notablePlayer,Jiří Veselý,Czech Republic Davis Cup team
Czech Republic Davis Cup team,currentRanking,"varies (e.g., World Group or lower)",Czech Republic Davis Cup team
Czech Republic Davis Cup team,partOf,Europe/Africa Zone,Czech Republic Davis Cup team
Czech Republic Davis Cup team,successorOf,Czechoslovakia Davis Cup team,Czech Republic Davis Cup team
Czech Republic Davis Cup team,firstAppearance,1921,Czech Republic Davis Cup team
Czech Republic Davis Cup team,mostRecentAppearance,ongoing,Czech Republic Davis Cup team
Czech Republic Davis Cup team,bestResult,champion (2012),Czech Republic Davis Cup team
Czech Republic Davis Cup team,headToHead,Spain (multiple matches),Czech Republic Davis Cup team
Czech Republic Davis Cup team,headToHead,France (multiple matches),Czech Republic Davis Cup team
Czech Republic Davis Cup team,headToHead,Serbia (multiple matches),Czech Republic Davis Cup team
Czech Republic Davis Cup team,headToHead,United States (multiple matches),Czech Republic Davis Cup team
Czech Republic Davis Cup team,associatedWith,Fed Cup (Czech Republic Fed Cup team),Czech Republic Davis Cup team
Czech Republic Davis Cup team,trainingBase,"National Tennis Centre, Říčany",Czech Republic Davis Cup team
Czech Republic Davis Cup team,sponsor,"various (e.g., Škoda, Raiffeisenbank)",Czech Republic Davis Cup team
Czech Republic Davis Cup team,uniformColors,"red, blue, white",Czech Republic Davis Cup team
Czech Republic Davis Cup team,socialMedia,Twitter (@CzechTennis),Czech Republic Davis Cup team
Czech Republic Davis Cup team,socialMedia,Instagram (@czechtennis),Czech Republic Davis Cup team
Czech Republic Davis Cup team,website,www.cztenis.cz,Czech Republic Davis Cup team
Creed II,instanceOf,film,Creed II
Creed II,instanceOf,sports drama film,Creed II
Creed II,director,Steven Caple Jr.,Creed II
Creed II,screenplay,Juel Taylor,Creed II
Creed II,screenplay,Sylvester Stallone,Creed II
Creed II,story,Sascha Penn,Creed II
Creed II,story,Cheo Hodari Coker,Creed II
Creed II,producer,Irwin Winkler,Creed II
Creed II,producer,Charles Winkler,Creed II
Creed II,producer,William Chartoff,Creed II
Creed II,producer,David Winkler,Creed II
Creed II,producer,Sylvester Stallone,Creed II
Creed II,starring,Michael B. Jordan,Creed II
Creed II,starring,Sylvester Stallone,Creed II
Creed II,starring,Tessa Thompson,Creed II
Creed II,starring,Dolph Lundgren,Creed II
Creed II,starring,Florian Munteanu,Creed II
Creed II,music,Ludwig Göransson,Creed II
Creed II,cinematography,Kramer Morgenthau,Creed II
Creed II,releaseDate,2018-11-21,Creed II
Creed II,country,United States,Creed II
Creed II,language,English,Creed II
Creed II,productionCompany,Metro-Goldwyn-Mayer,Creed II
Creed II,productionCompany,New Line Cinema,Creed II
Creed II,distributor,Metro-Goldwyn-Mayer,Creed II
Creed II,distributor,Warner Bros. Pictures,Creed II
Creed II,runtime,130 minutes,Creed II
Creed II,follows,Creed,Creed II
Creed II,followedBy,Creed III,Creed II
Creed II,genre,Sports,Creed II
Creed II,genre,Drama,Creed II
Creed II,boxOffice,$214 million,Creed II
Creed II,basedOn,Characters created by Ryan Coogler and Sylvester Stallone,Creed II
Creed II,partOfSeries,Rocky film series,Creed II
Creed II,partOfSeries,Creed film series,Creed II
Derozio Memorial College,instanceOf,Educational Institution,Derozio Memorial College
Derozio Memorial College,instanceOf,College,Derozio Memorial College
Derozio Memorial College,locatedIn,Kolkata,Derozio Memorial College
Derozio Memorial College,locatedIn,West Bengal,Derozio Memorial College
Derozio Memorial College,locatedIn,India,Derozio Memorial College
Derozio Memorial College,namedAfter,Henry Louis Vivian Derozio,Derozio Memorial College
Derozio Memorial College,established,1950,Derozio Memorial College
Derozio Memorial College,affiliatedWith,West Bengal State University,Derozio Memorial College
Derozio Memorial College,offersCourse,Arts,Derozio Memorial College
Derozio Memorial College,offersCourse,Science,Derozio Memorial College
Derozio Memorial College,offersCourse,Commerce,Derozio Memorial College
Derozio Memorial College,type,Undergraduate College,Derozio Memorial College
Præstø Town Hall,instanceOf,town hall,Præstø Town Hall
Præstø Town Hall,instanceOf,municipal building,Præstø Town Hall
Præstø Town Hall,locatedIn,Præstø,Præstø Town Hall
Præstø Town Hall,locatedIn,Vordingborg Municipality,Præstø Town Hall
Præstø Town Hall,locatedIn,Denmark,Præstø Town Hall
Præstø Town Hall,architecturalStyle,Neoclassical,Præstø Town Hall
Præstø Town Hall,yearOfConstruction,1862,Præstø Town Hall
Præstø Town Hall,architect,Vilhelm Tvede,Præstø Town Hall
Præstø Town Hall,hasFunction,administrative center,Præstø Town Hall
Præstø Town Hall,hasFunction,historical landmark,Præstø Town Hall
Præstø Town Hall,listedBuilding,yes,Præstø Town Hall
Platanos railway station,instanceOf,railway station,Platanos railway station
Platanos railway station,locatedIn,"Platanos, Achaea",Platanos railway station
Platanos railway station,locatedIn,Greece,Platanos railway station
Platanos railway station,servedBy,TrainOSE,Platanos railway station
Platanos railway station,lineServed,Patras–Kyparissia railway,Platanos railway station
Platanos railway station,opened,1891,Platanos railway station
Platanos railway station,status,disused,Platanos railway station
Platanos railway station,coordinates,38.1500°N 21.6333°E,Platanos railway station
2011 European Wrestling Championships,instanceOf,sports event,2011 European Wrestling Championships
2011 European Wrestling Championships,instanceOf,wrestling competition,2011 European Wrestling Championships
2011 European Wrestling Championships,partOf,European Wrestling Championships,2011 European Wrestling Championships
2011 European Wrestling Championships,location,"Dortmund, Germany",2011 European Wrestling Championships
2011 European Wrestling Championships,startDate,2011-03-29,2011 European Wrestling Championships
2011 European Wrestling Championships,endDate,2011-04-03,2011 European Wrestling Championships
2011 European Wrestling Championships,sport,wrestling,2011 European Wrestling Championships
2011 European Wrestling Championships,organizer,United World Wrestling (UWW),2011 European Wrestling Championships
2011 European Wrestling Championships,edition,63rd,2011 European Wrestling Championships
2011 European Wrestling Championships,discipline,Greco-Roman wrestling,2011 European Wrestling Championships
2011 European Wrestling Championships,discipline,Freestyle wrestling,2011 European Wrestling Championships
2011 European Wrestling Championships,discipline,Women's freestyle wrestling,2011 European Wrestling Championships
2011 European Wrestling Championships,participatingNations,38,2011 European Wrestling Championships
2011 European Wrestling Championships,mostGoldMedals,Russia,2011 European Wrestling Championships
2011 European Wrestling Championships,notableParticipant,Aleksandr Karelin (honorary guest),2011 European Wrestling Championships
2011 European Wrestling Championships,notableWinner,Roman Vlasov (Greco-Roman 74 kg),2011 European Wrestling Championships
2011 European Wrestling Championships,notableWinner,Khetag Gazyumov (Freestyle 97 kg),2011 European Wrestling Championships
2011 European Wrestling Championships,notableWinner,Mariya Stadnik (Women's freestyle 48 kg),2011 European Wrestling Championships
Callicrates of Samos,instanceOf,person,Callicrates of Samos
Callicrates of Samos,instanceOf,ancient Greek architect,Callicrates of Samos
Callicrates of Samos,occupation,architect,Callicrates of Samos
Callicrates of Samos,era,Hellenistic period,Callicrates of Samos
Callicrates of Samos,placeOfOrigin,Samos,Callicrates of Samos
Callicrates of Samos,notableWork,Temple of Artemis at Ephesus (alleged involvement),Callicrates of Samos
Callicrates of Samos,associatedWith,Alexander the Great (alleged service as military engineer),Callicrates of Samos
Callicrates of Samos,fieldOfWork,military engineering,Callicrates of Samos
Callicrates of Samos,fieldOfWork,temple architecture,Callicrates of Samos
Callicrates of Samos,mentionedIn,"ancient sources (e.g., Vitruvius)",Callicrates of Samos
United Nations Security Council Resolution 1428,instanceOf,United Nations Security Council Resolution,United Nations Security Council Resolution 1428
United Nations Security Council Resolution 1428,adoptedOnDate,2002-07-30,United Nations Security Council Resolution 1428
United Nations Security Council Resolution 1428,sessionNumber,4583,United Nations Security Council Resolution 1428
United Nations Security Council Resolution 1428,concerns,Middle East,United Nations Security Council Resolution 1428
United Nations Security Council Resolution 1428,concerns,Israel-Lebanon conflict,United Nations Security Council Resolution 1428
United Nations Security Council Resolution 1428,extendsMandateOf,United Nations Interim Force in Lebanon (UNIFIL),United Nations Security Council Resolution 1428
United Nations Security Council Resolution 1428,mandateExtensionDuration,6 months,United Nations Security Council Resolution 1428
United Nations Security Council Resolution 1428,callsFor,cessation of hostilities,United Nations Security Council Resolution 1428
United Nations Security Council Resolution 1428,callsFor,respect for the Blue Line,United Nations Security Council Resolution 1428
United Nations Security Council Resolution 1428,callsFor,full implementation of Resolution 425 (1978),United Nations Security Council Resolution 1428
United Nations Security Council Resolution 1428,authoredBy,France,United Nations Security Council Resolution 1428
United Nations Security Council Resolution 1428,unanimouslyAdopted,true,United Nations Security Council Resolution 1428
United Nations Security Council Resolution 1428,follows,United Nations Security Council Resolution 1418,United Nations Security Council Resolution 1428
United Nations Security Council Resolution 1428,precedes,United Nations Security Council Resolution 1461,United Nations Security Council Resolution 1428
Trinity Jo-Li Bliss,instanceOf,human,Trinity Jo-Li Bliss
Trinity Jo-Li Bliss,instanceOf,actor,Trinity Jo-Li Bliss
Trinity Jo-Li Bliss,dateOfBirth,2009-05-05,Trinity Jo-Li Bliss
Trinity Jo-Li Bliss,placeOfBirth,"Los Angeles, California, U.S.",Trinity Jo-Li Bliss
Trinity Jo-Li Bliss,occupation,actress,Trinity Jo-Li Bliss
Trinity Jo-Li Bliss,occupation,voice actress,Trinity Jo-Li Bliss
Trinity Jo-Li Bliss,notableWork,Avatar: The Last Airbender (live-action),Trinity Jo-Li Bliss
Trinity Jo-Li Bliss,role,Tuk (live-action adaptation of Avatar: The Last Airbender),Trinity Jo-Li Bliss
Trinity Jo-Li Bliss,parent,Dante Basco,Trinity Jo-Li Bliss
Trinity Jo-Li Bliss,sibling,Zelio Basco,Trinity Jo-Li Bliss
Trinity Jo-Li Bliss,sibling,Isaiah Basco,Trinity Jo-Li Bliss
Trinity Jo-Li Bliss,sibling,Darius Basco,Trinity Jo-Li Bliss
Trinity Jo-Li Bliss,sibling,Ariana Basco,Trinity Jo-Li Bliss
Malkhaz Abdushelishvili,instanceOf,human,Malkhaz Abdushelishvili
Malkhaz Abdushelishvili,instanceOf,scientist,Malkhaz Abdushelishvili
Malkhaz Abdushelishvili,occupation,anthropologist,Malkhaz Abdushelishvili
Malkhaz Abdushelishvili,occupation,geneticist,Malkhaz Abdushelishvili
Malkhaz Abdushelishvili,nationality,Georgian,Malkhaz Abdushelishvili
Malkhaz Abdushelishvili,fieldOfStudy,physical anthropology,Malkhaz Abdushelishvili
Malkhaz Abdushelishvili,fieldOfStudy,human genetics,Malkhaz Abdushelishvili
Malkhaz Abdushelishvili,fieldOfStudy,paleoanthropology,Malkhaz Abdushelishvili
Malkhaz Abdushelishvili,birthDate,1926,Malkhaz Abdushelishvili
Malkhaz Abdushelishvili,deathDate,1998,Malkhaz Abdushelishvili
Malkhaz Abdushelishvili,almaMater,Tbilisi State Medical University,Malkhaz Abdushelishvili
Malkhaz Abdushelishvili,knownFor,research on the anthropology of the Caucasus,Malkhaz Abdushelishvili
Malkhaz Abdushelishvili,knownFor,studies on human skeletal remains in Georgia,Malkhaz Abdushelishvili
Malkhaz Abdushelishvili,affiliation,Georgian National Academy of Sciences,Malkhaz Abdushelishvili
Malkhaz Abdushelishvili,affiliation,Institute of Anthropology and Ethnography (Georgia),Malkhaz Abdushelishvili
Hovea montana,instanceOf,plant species,Hovea montana
Hovea montana,instanceOf,flowering plant,Hovea montana
Hovea montana,kingdom,Plantae,Hovea montana
Hovea montana,clade,Angiosperms,Hovea montana
Hovea montana,clade,Eudicots,Hovea montana
Hovea montana,order,Fabales,Hovea montana
Hovea montana,family,Fabaceae,Hovea montana
Hovea montana,genus,Hovea,Hovea montana
Hovea montana,common name,Mountain Hovea,Hovea montana
Hovea montana,native range,Australia,Hovea montana
Hovea montana,habitat,montane regions,Hovea montana
Hovea montana,habitat,alpine areas,Hovea montana
Hovea montana,growth form,shrub,Hovea montana
Hovea montana,leaf arrangement,alternate,Hovea montana
Hovea montana,flower color,blue,Hovea montana
Hovea montana,flower color,purple,Hovea montana
Hovea montana,flowering season,spring,Hovea montana
Hovea montana,conservation status,not evaluated,Hovea montana
Leverkusen Mitte station,instanceOf,railway station,Leverkusen Mitte station
Leverkusen Mitte station,instanceOf,public transport infrastructure,Leverkusen Mitte station
Leverkusen Mitte station,locatedIn,Leverkusen,Leverkusen Mitte station
Leverkusen Mitte station,locatedIn,North Rhine-Westphalia,Leverkusen Mitte station
Leverkusen Mitte station,locatedIn,Germany,Leverkusen Mitte station
Leverkusen Mitte station,servedBy,S-Bahn Rhein-Ruhr,Leverkusen Mitte station
Leverkusen Mitte station,servedBy,Regionalbahn,Leverkusen Mitte station
Leverkusen Mitte station,lineServed,S6,Leverkusen Mitte station
Leverkusen Mitte station,lineServed,RB48,Leverkusen Mitte station
Leverkusen Mitte station,opened,1903,Leverkusen Mitte station
Leverkusen Mitte station,operatedBy,Deutsche Bahn,Leverkusen Mitte station
Leverkusen Mitte station,hasPlatforms,2,Leverkusen Mitte station
Leverkusen Mitte station,elevation,45 meters,Leverkusen Mitte station
Leverkusen Mitte station,coordinates,"51.0333°N, 6.9833°E",Leverkusen Mitte station
"3,4-Dihydroxybenzaldehyde",instanceOf,chemical compound,"3,4-Dihydroxybenzaldehyde"
"3,4-Dihydroxybenzaldehyde",IUPAC name,"3,4-dihydroxybenzaldehyde","3,4-Dihydroxybenzaldehyde"
"3,4-Dihydroxybenzaldehyde",CAS number,139-85-5,"3,4-Dihydroxybenzaldehyde"
"3,4-Dihydroxybenzaldehyde",molecular formula,C7H6O3,"3,4-Dihydroxybenzaldehyde"
"3,4-Dihydroxybenzaldehyde",molar mass,138.12 g/mol,"3,4-Dihydroxybenzaldehyde"
"3,4-Dihydroxybenzaldehyde",SMILES,Oc1ccc(C=O)c(O)c1,"3,4-Dihydroxybenzaldehyde"
"3,4-Dihydroxybenzaldehyde",InChI,"InChI=1S/C7H6O3/c8-4-5-1-2-6(9)7(10)3-5/h1-4,9-10H","3,4-Dihydroxybenzaldehyde"
"3,4-Dihydroxybenzaldehyde",melting point,150–155 °C,"3,4-Dihydroxybenzaldehyde"
"3,4-Dihydroxybenzaldehyde",solubility,soluble in water,"3,4-Dihydroxybenzaldehyde"
"3,4-Dihydroxybenzaldehyde",solubility,soluble in ethanol,"3,4-Dihydroxybenzaldehyde"
"3,4-Dihydroxybenzaldehyde",solubility,soluble in acetone,"3,4-Dihydroxybenzaldehyde"
"3,4-Dihydroxybenzaldehyde",functional group,aldehyde,"3,4-Dihydroxybenzaldehyde"
"3,4-Dihydroxybenzaldehyde",functional group,catechol,"3,4-Dihydroxybenzaldehyde"
"3,4-Dihydroxybenzaldehyde",use,intermediate in organic synthesis,"3,4-Dihydroxybenzaldehyde"
"3,4-Dihydroxybenzaldehyde",use,precursor in pharmaceutical synthesis,"3,4-Dihydroxybenzaldehyde"
"3,4-Dihydroxybenzaldehyde",use,flavor and fragrance ingredient,"3,4-Dihydroxybenzaldehyde"
"3,4-Dihydroxybenzaldehyde",related compound,protocatechuic acid,"3,4-Dihydroxybenzaldehyde"
"3,4-Dihydroxybenzaldehyde",related compound,vanillin,"3,4-Dihydroxybenzaldehyde"
Portsmouth Historic Dockyard,instanceOf,museum,Portsmouth Historic Dockyard
Portsmouth Historic Dockyard,instanceOf,historic site,Portsmouth Historic Dockyard
Portsmouth Historic Dockyard,instanceOf,tourist attraction,Portsmouth Historic Dockyard
Portsmouth Historic Dockyard,location,Portsmouth,Portsmouth Historic Dockyard
Portsmouth Historic Dockyard,location,Hampshire,Portsmouth Historic Dockyard
Portsmouth Historic Dockyard,location,England,Portsmouth Historic Dockyard
Portsmouth Historic Dockyard,location,United Kingdom,Portsmouth Historic Dockyard
Portsmouth Historic Dockyard,established,1984,Portsmouth Historic Dockyard
Portsmouth Historic Dockyard,operatedBy,National Museum of the Royal Navy,Portsmouth Historic Dockyard
Portsmouth Historic Dockyard,contains,HMS Victory,Portsmouth Historic Dockyard
Portsmouth Historic Dockyard,contains,HMS Warrior,Portsmouth Historic Dockyard
Portsmouth Historic Dockyard,contains,Mary Rose Museum,Portsmouth Historic Dockyard
Portsmouth Historic Dockyard,contains,Action Stations,Portsmouth Historic Dockyard
Portsmouth Historic Dockyard,contains,National Museum of the Royal Navy Portsmouth,Portsmouth Historic Dockyard
Portsmouth Historic Dockyard,contains,Royal Navy Submarine Museum,Portsmouth Historic Dockyard
Portsmouth Historic Dockyard,contains,Harbour Tours,Portsmouth Historic Dockyard
Portsmouth Historic Dockyard,partOf,Portsmouth Naval Base,Portsmouth Historic Dockyard
Portsmouth Historic Dockyard,significance,home to historic ships of the Royal Navy,Portsmouth Historic Dockyard
Portsmouth Historic Dockyard,visitorAttraction,true,Portsmouth Historic Dockyard
Portsmouth Historic Dockyard,website,https://www.historicdockyard.co.uk,Portsmouth Historic Dockyard
Portsmouth Historic Dockyard,coordinates,"50.8000° N, 1.1083° W",Portsmouth Historic Dockyard
Portsmouth Historic Dockyard,architecturalStyle,industrial heritage,Portsmouth Historic Dockyard
Portsmouth Historic Dockyard,notableFeature,dry docks,Portsmouth Historic Dockyard
Portsmouth Historic Dockyard,notableFeature,historic ships,Portsmouth Historic Dockyard
Portsmouth Historic Dockyard,notableFeature,museums,Portsmouth Historic Dockyard
Portsmouth Historic Dockyard,award,TripAdvisor Certificate of Excellence,Portsmouth Historic Dockyard
Portsmouth Historic Dockyard,award,VisitEngland Quality Assured Visitor Attraction,Portsmouth Historic Dockyard
Portsmouth Historic Dockyard,accessibility,wheelchair accessible,Portsmouth Historic Dockyard
Portsmouth Historic Dockyard,openingHours,varies by season,Portsmouth Historic Dockyard
Portsmouth Historic Dockyard,admissionFee,paid,Portsmouth Historic Dockyard
Portsmouth Historic Dockyard,historicalSignificance,key naval base for centuries,Portsmouth Historic Dockyard
Portsmouth Historic Dockyard,associatedWith,Royal Navy,Portsmouth Historic Dockyard
Portsmouth Historic Dockyard,associatedWith,Admiral Lord Nelson,Portsmouth Historic Dockyard
Portsmouth Historic Dockyard,associatedWith,Henry VIII,Portsmouth Historic Dockyard
Portsmouth Historic Dockyard,event,annual Navy Days,Portsmouth Historic Dockyard
Portsmouth Historic Dockyard,event,historic reenactments,Portsmouth Historic Dockyard
Portsmouth Historic Dockyard,educationalProgram,school visits,Portsmouth Historic Dockyard
Portsmouth Historic Dockyard,educationalProgram,workshops,Portsmouth Historic Dockyard
Portsmouth Historic Dockyard,nearbyAttraction,Portsmouth Cathedral,Portsmouth Historic Dockyard
Portsmouth Historic Dockyard,nearbyAttraction,Spinnaker Tower,Portsmouth Historic Dockyard
Portsmouth Historic Dockyard,nearbyAttraction,Gunwharf Quays,Portsmouth Historic Dockyard
Portsmouth Historic Dockyard,transportConnection,Portsmouth Harbour railway station,Portsmouth Historic Dockyard
Portsmouth Historic Dockyard,transportConnection,ferry services,Portsmouth Historic Dockyard
Portsmouth Historic Dockyard,transportConnection,bus routes,Portsmouth Historic Dockyard
"Hôtel de Ville, Angers",instanceOf,town hall,"Hôtel de Ville, Angers"
"Hôtel de Ville, Angers",instanceOf,historical building,"Hôtel de Ville, Angers"
"Hôtel de Ville, Angers",locatedIn,Angers,"Hôtel de Ville, Angers"
"Hôtel de Ville, Angers",locatedIn,Maine-et-Loire,"Hôtel de Ville, Angers"
"Hôtel de Ville, Angers",locatedIn,France,"Hôtel de Ville, Angers"
"Hôtel de Ville, Angers",architecturalStyle,Renaissance,"Hôtel de Ville, Angers"
"Hôtel de Ville, Angers",completed,1529,"Hôtel de Ville, Angers"
"Hôtel de Ville, Angers",architect,Jean Delespine,"Hôtel de Ville, Angers"
"Hôtel de Ville, Angers",hasFunction,municipal administration,"Hôtel de Ville, Angers"
"Hôtel de Ville, Angers",hasFunction,tourist attraction,"Hôtel de Ville, Angers"
"Hôtel de Ville, Angers",listedAs,Monument historique,"Hôtel de Ville, Angers"
"Hôtel de Ville, Angers",yearOfListing,1889,"Hôtel de Ville, Angers"
"Hôtel de Ville, Angers",contains,council chamber,"Hôtel de Ville, Angers"
"Hôtel de Ville, Angers",contains,mayor's office,"Hôtel de Ville, Angers"
"Hôtel de Ville, Angers",contains,public reception areas,"Hôtel de Ville, Angers"
"Hôtel de Ville, Angers",materialUsed,tuffeau stone,"Hôtel de Ville, Angers"
"Hôtel de Ville, Angers",notableFeature,sculpted façade,"Hôtel de Ville, Angers"
"Hôtel de Ville, Angers",notableFeature,clock tower,"Hôtel de Ville, Angers"
"Hôtel de Ville, Angers",coordinates,"47.4711°N, 0.5519°W","Hôtel de Ville, Angers"
RAF Montford Bridge,instanceOf,Royal Air Force station,RAF Montford Bridge
RAF Montford Bridge,instanceOf,military airfield,RAF Montford Bridge
RAF Montford Bridge,locatedIn,Shropshire,RAF Montford Bridge
RAF Montford Bridge,locatedIn,England,RAF Montford Bridge
RAF Montford Bridge,locatedIn,United Kingdom,RAF Montford Bridge
RAF Montford Bridge,operatedBy,Royal Air Force,RAF Montford Bridge
RAF Montford Bridge,opened,1939,RAF Montford Bridge
RAF Montford Bridge,closed,1946,RAF Montford Bridge
RAF Montford Bridge,usedFor,pilot training,RAF Montford Bridge
RAF Montford Bridge,usedFor,bomber crew training,RAF Montford Bridge
RAF Montford Bridge,partOf,No. 23 (Training) Group RAF,RAF Montford Bridge
RAF Montford Bridge,runwayLength,"1,100 yards (1,000 meters)",RAF Montford Bridge
RAF Montford Bridge,notableAircraft,Avro Anson,RAF Montford Bridge
RAF Montford Bridge,notableAircraft,Airspeed Oxford,RAF Montford Bridge
RAF Montford Bridge,nearbySettlement,Montford Bridge,RAF Montford Bridge
RAF Montford Bridge,nearbySettlement,Shrewsbury,RAF Montford Bridge
"Meadowbank, Tasmania",instanceOf,populated place,"Meadowbank, Tasmania"
"Meadowbank, Tasmania",instanceOf,locality,"Meadowbank, Tasmania"
"Meadowbank, Tasmania",locatedIn,Tasmania,"Meadowbank, Tasmania"
"Meadowbank, Tasmania",locatedIn,Australia,"Meadowbank, Tasmania"
"Meadowbank, Tasmania",locatedIn,Southern Midlands Council,"Meadowbank, Tasmania"
"Meadowbank, Tasmania",hasPostcode,7140,"Meadowbank, Tasmania"
"Meadowbank, Tasmania",nearbyRiver,Derwent River,"Meadowbank, Tasmania"
"Meadowbank, Tasmania",knownFor,Meadowbank Dam,"Meadowbank, Tasmania"
"Meadowbank, Tasmania",knownFor,hydroelectric power,"Meadowbank, Tasmania"
Meadowbank Dam,locatedIn,"Meadowbank, Tasmania","Meadowbank, Tasmania"
Meadowbank Dam,instanceOf,dam,"Meadowbank, Tasmania"
Meadowbank Dam,instanceOf,hydroelectric power station,"Meadowbank, Tasmania"
Meadowbank Dam,operatedBy,Hydro Tasmania,"Meadowbank, Tasmania"
Meadowbank Dam,completedIn,1967,"Meadowbank, Tasmania"
Meadowbank Dam,hasCapacity,40 MW,"Meadowbank, Tasmania"
"Henry IX, Count of Waldeck",instanceOf,nobleperson,"Henry IX, Count of Waldeck"
"Henry IX, Count of Waldeck",instanceOf,count,"Henry IX, Count of Waldeck"
"Henry IX, Count of Waldeck",title,Count of Waldeck,"Henry IX, Count of Waldeck"
"Henry IX, Count of Waldeck",birthDate,1330,"Henry IX, Count of Waldeck"
"Henry IX, Count of Waldeck",deathDate,1397,"Henry IX, Count of Waldeck"
"Henry IX, Count of Waldeck",placeOfBirth,Waldeck,"Henry IX, Count of Waldeck"
"Henry IX, Count of Waldeck",placeOfDeath,Waldeck,"Henry IX, Count of Waldeck"
"Henry IX, Count of Waldeck",parent,"Henry VI, Count of Waldeck","Henry IX, Count of Waldeck"
"Henry IX, Count of Waldeck",parent,Elizabeth of Berg,"Henry IX, Count of Waldeck"
"Henry IX, Count of Waldeck",spouse,Anna of Nassau-Hadamar,"Henry IX, Count of Waldeck"
"Henry IX, Count of Waldeck",child,Adelaide of Waldeck,"Henry IX, Count of Waldeck"
"Henry IX, Count of Waldeck",child,"Henry VII, Count of Waldeck","Henry IX, Count of Waldeck"
"Henry IX, Count of Waldeck",child,Margaret of Waldeck,"Henry IX, Count of Waldeck"
"Henry IX, Count of Waldeck",child,Elizabeth of Waldeck,"Henry IX, Count of Waldeck"
"Henry IX, Count of Waldeck",dynasty,House of Waldeck,"Henry IX, Count of Waldeck"
"Henry IX, Count of Waldeck",predecessor,"Otto II, Count of Waldeck","Henry IX, Count of Waldeck"
"Henry IX, Count of Waldeck",successor,"Adolf III, Count of Waldeck","Henry IX, Count of Waldeck"
"Henry IX, Count of Waldeck",regionRuled,County of Waldeck,"Henry IX, Count of Waldeck"
Horsburgh Castle,instanceOf,castle,Horsburgh Castle
Horsburgh Castle,instanceOf,fortified structure,Horsburgh Castle
Horsburgh Castle,locatedIn,Scottish Borders,Horsburgh Castle
Horsburgh Castle,locatedIn,Scotland,Horsburgh Castle
Horsburgh Castle,locatedIn,United Kingdom,Horsburgh Castle
Horsburgh Castle,near,Peebles,Horsburgh Castle
Horsburgh Castle,constructionPeriod,16th century,Horsburgh Castle
Horsburgh Castle,currentStatus,ruins,Horsburgh Castle
Horsburgh Castle,historicalSignificance,defensive structure,Horsburgh Castle
Horsburgh Castle,associatedWith,Clan Horsburgh,Horsburgh Castle
Horsburgh Castle,type,tower house,Horsburgh Castle
Lulu (1953 film),instanceOf,film,Lulu (1953 film)
Lulu (1953 film),releaseYear,1953,Lulu (1953 film)
Lulu (1953 film),genre,drama,Lulu (1953 film)
Lulu (1953 film),countryOfOrigin,France,Lulu (1953 film)
Lulu (1953 film),language,French,Lulu (1953 film)
Lulu (1953 film),director,Fernand Rivers,Lulu (1953 film)
Lulu (1953 film),screenplayBy,Fernand Rivers,Lulu (1953 film)
Lulu (1953 film),basedOn,play 'Lulu' by Frank Wedekind,Lulu (1953 film)
Lulu (1953 film),starring,Dany Robin,Lulu (1953 film)
Lulu (1953 film),starring,Jean Gabin,Lulu (1953 film)
Lulu (1953 film),starring,Daniel Gélin,Lulu (1953 film)
Lulu (1953 film),productionCompany,Les Films Fernand Rivers,Lulu (1953 film)
Lulu (1953 film),runtime,95 minutes,Lulu (1953 film)
Lulu (1953 film),color,black and white,Lulu (1953 film)
USS W. S. Sims,instanceOf,Oliver Hazard Perry-class frigate,USS W. S. Sims
USS W. S. Sims,instanceOf,warship,USS W. S. Sims
USS W. S. Sims,instanceOf,naval ship,USS W. S. Sims
USS W. S. Sims,namedAfter,Admiral William Sowden Sims,USS W. S. Sims
USS W. S. Sims,country,United States,USS W. S. Sims
USS W. S. Sims,operator,United States Navy,USS W. S. Sims
USS W. S. Sims,class,Oliver Hazard Perry-class frigate,USS W. S. Sims
USS W. S. Sims,commissioned,1982,USS W. S. Sims
USS W. S. Sims,decommissioned,1991,USS W. S. Sims
USS W. S. Sims,status,sold for scrap,USS W. S. Sims
USS W. S. Sims,hullNumber,FF-1059,USS W. S. Sims
USS W. S. Sims,builder,Avondale Shipyard,USS W. S. Sims
USS W. S. Sims,displacement,"3,600 tons (full load)",USS W. S. Sims
USS W. S. Sims,length,445 feet (136 meters),USS W. S. Sims
USS W. S. Sims,beam,45 feet (14 meters),USS W. S. Sims
USS W. S. Sims,draft,24.5 feet (7.5 meters),USS W. S. Sims
USS W. S. Sims,propulsion,2 × General Electric LM2500 gas turbines,USS W. S. Sims
USS W. S. Sims,speed,29+ knots,USS W. S. Sims
USS W. S. Sims,range,"4,500 nautical miles at 20 knots",USS W. S. Sims
USS W. S. Sims,complement,"176 (13 officers, 163 enlisted)",USS W. S. Sims
USS W. S. Sims,armament,1 × OTO Melara 76 mm gun,USS W. S. Sims
USS W. S. Sims,armament,2 × Mk 32 triple torpedo tubes,USS W. S. Sims
USS W. S. Sims,armament,1 × Phalanx CIWS,USS W. S. Sims
USS W. S. Sims,armament,2 × Mk 141 Harpoon missile launchers,USS W. S. Sims
USS W. S. Sims,armament,1 × Mk 13 missile launcher (for SM-1MR and Harpoon missiles),USS W. S. Sims
USS W. S. Sims,sensors,AN/SPS-49 air search radar,USS W. S. Sims
USS W. S. Sims,sensors,AN/SPS-55 surface search radar,USS W. S. Sims
USS W. S. Sims,sensors,AN/SQS-56 sonar,USS W. S. Sims
USS W. S. Sims,awards,Navy Meritorious Unit Commendation,USS W. S. Sims
USS W. S. Sims,homeport,"Mayport, Florida",USS W. S. Sims
USS W. S. Sims,nickname,Sims,USS W. S. Sims
USS W. S. Sims,motto,"Ready for All, Yielding to None",USS W. S. Sims
Peking University First Hospital,instanceOf,hospital,Peking University First Hospital
Peking University First Hospital,instanceOf,teaching hospital,Peking University First Hospital
Peking University First Hospital,instanceOf,medical research institution,Peking University First Hospital
Peking University First Hospital,location,"Beijing, China",Peking University First Hospital
Peking University First Hospital,affiliatedWith,Peking University,Peking University First Hospital
Peking University First Hospital,established,1915,Peking University First Hospital
Peking University First Hospital,type,tertiary referral hospital,Peking University First Hospital
Peking University First Hospital,specialty,internal medicine,Peking University First Hospital
Peking University First Hospital,specialty,surgery,Peking University First Hospital
Peking University First Hospital,specialty,pediatrics,Peking University First Hospital
Peking University First Hospital,specialty,obstetrics and gynecology,Peking University First Hospital
Peking University First Hospital,specialty,neurology,Peking University First Hospital
Peking University First Hospital,specialty,oncology,Peking University First Hospital
Peking University First Hospital,bedCount,1800,Peking University First Hospital
Peking University First Hospital,staffCount,3000+,Peking University First Hospital
Peking University First Hospital,partOf,Peking University Health Science Center,Peking University First Hospital
Peking University First Hospital,knownFor,medical education,Peking University First Hospital
Peking University First Hospital,knownFor,clinical research,Peking University First Hospital
Peking University First Hospital,knownFor,advanced medical treatments,Peking University First Hospital
Peking University First Hospital,website,http://www.pkuh1.cn,Peking University First Hospital
Pennsylvania Railroad class C1,instanceOf,steam locomotive,Pennsylvania Railroad class C1
Pennsylvania Railroad class C1,instanceOf,Mallet locomotive,Pennsylvania Railroad class C1
Pennsylvania Railroad class C1,manufacturer,Baldwin Locomotive Works,Pennsylvania Railroad class C1
Pennsylvania Railroad class C1,manufacturer,Altoona Works,Pennsylvania Railroad class C1
Pennsylvania Railroad class C1,operatedBy,Pennsylvania Railroad,Pennsylvania Railroad class C1
Pennsylvania Railroad class C1,introduced,1918,Pennsylvania Railroad class C1
Pennsylvania Railroad class C1,wheelArrangement,2-8-0+0-8-2,Pennsylvania Railroad class C1
Pennsylvania Railroad class C1,gauge,standard gauge,Pennsylvania Railroad class C1
Pennsylvania Railroad class C1,axleLoad,70000 pounds,Pennsylvania Railroad class C1
Pennsylvania Railroad class C1,tractiveEffort,135000 pounds,Pennsylvania Railroad class C1
Pennsylvania Railroad class C1,boilerPressure,250 psi,Pennsylvania Railroad class C1
Pennsylvania Railroad class C1,cylinderCount,4,Pennsylvania Railroad class C1
Pennsylvania Railroad class C1,cylinderDiameter,24 inches,Pennsylvania Railroad class C1
Pennsylvania Railroad class C1,cylinderStroke,32 inches,Pennsylvania Railroad class C1
Pennsylvania Railroad class C1,drivingWheelDiameter,62 inches,Pennsylvania Railroad class C1
Pennsylvania Railroad class C1,fireboxType,wide,Pennsylvania Railroad class C1
Pennsylvania Railroad class C1,fuelType,coal,Pennsylvania Railroad class C1
Pennsylvania Railroad class C1,retired,1950s,Pennsylvania Railroad class C1
Pennsylvania Railroad class C1,numberBuilt,10,Pennsylvania Railroad class C1
Pennsylvania Railroad class C1,nickname,Decapod Mallet,Pennsylvania Railroad class C1
Pennsylvania Railroad class C1,usedFor,freight service,Pennsylvania Railroad class C1
Pennsylvania Railroad class C1,designedBy,Pennsylvania Railroad Mechanical Department,Pennsylvania Railroad class C1
Pennsylvania Railroad class C1,maximumSpeed,35 mph,Pennsylvania Railroad class C1
Pennsylvania Railroad class C1,weightOnDrivers,560000 pounds,Pennsylvania Railroad class C1
Pennsylvania Railroad class C1,totalWeight,629000 pounds,Pennsylvania Railroad class C1
Pennsylvania Railroad class C1,length,106 feet 6 inches,Pennsylvania Railroad class C1
Pennsylvania Railroad class C1,height,15 feet 6 inches,Pennsylvania Railroad class C1
Pennsylvania Railroad class C1,width,10 feet 8 inches,Pennsylvania Railroad class C1
Pennsylvania Railroad class C1,fireboxArea,410 square feet,Pennsylvania Railroad class C1
Pennsylvania Railroad class C1,grateArea,90 square feet,Pennsylvania Railroad class C1
Pennsylvania Railroad class C1,evaporativeHeatingSurface,6300 square feet,Pennsylvania Railroad class C1
Pennsylvania Railroad class C1,superheaterHeatingSurface,2000 square feet,Pennsylvania Railroad class C1
Pennsylvania Railroad class C1,relatedClass,Pennsylvania Railroad class CC2,Pennsylvania Railroad class C1
Pennsylvania Railroad class C1,relatedClass,Pennsylvania Railroad class N1,Pennsylvania Railroad class C1
Pennsylvania Railroad class C1,preservedExample,None,Pennsylvania Railroad class C1
Brian Altman (poker player),instanceOf,person,Brian Altman (poker player)
Brian Altman (poker player),instanceOf,professional poker player,Brian Altman (poker player)
Brian Altman (poker player),occupation,poker player,Brian Altman (poker player)
Brian Altman (poker player),nationality,American,Brian Altman (poker player)
Brian Altman (poker player),born,1988,Brian Altman (poker player)
Brian Altman (poker player),livesIn,United States,Brian Altman (poker player)
Brian Altman (poker player),careerStart,2006,Brian Altman (poker player)
Brian Altman (poker player),wonTournament,2015 World Series of Poker Event,Brian Altman (poker player)
Brian Altman (poker player),wonTournament,2016 World Poker Tour (WPT) Five Diamond World Poker Classic,Brian Altman (poker player)
Brian Altman (poker player),wonTournament,2018 WPT Borgata Poker Open,Brian Altman (poker player)
Brian Altman (poker player),award,WPT Player of the Year (2015-2016),Brian Altman (poker player)
Brian Altman (poker player),totalLiveEarnings,"over $8,000,000",Brian Altman (poker player)
Brian Altman (poker player),highestCashFinish,1st place,Brian Altman (poker player)
Brian Altman (poker player),associatedWith,World Series of Poker (WSOP),Brian Altman (poker player)
Brian Altman (poker player),associatedWith,World Poker Tour (WPT),Brian Altman (poker player)
Brian Altman (poker player),finalTableAppearance,2017 WSOP Main Event,Brian Altman (poker player)
Brian Altman (poker player),finalTableAppearance,2019 WPT Seminole Hard Rock Poker Showdown,Brian Altman (poker player)
Brian Altman (poker player),education,University of Pittsburgh,Brian Altman (poker player)
Brian Altman (poker player),fieldOfStudy,Business,Brian Altman (poker player)
Brian Altman (poker player),plays,Texas Hold'em,Brian Altman (poker player)
Brian Altman (poker player),plays,Pot-Limit Omaha,Brian Altman (poker player)
Brian Altman (poker player),knownFor,consistent high-stakes tournament performance,Brian Altman (poker player)
Brian Altman (poker player),hasNickname,Altman,Brian Altman (poker player)
NGC 4999,instanceOf,galaxy,NGC 4999
NGC 4999,instanceOf,barred spiral galaxy,NGC 4999
NGC 4999,locatedIn,Virgo constellation,NGC 4999
NGC 4999,rightAscension,13h 09m 33.3s,NGC 4999
NGC 4999,declination,+01° 40′ 21″,NGC 4999
NGC 4999,morphologicalType,SBb,NGC 4999
NGC 4999,apparentMagnitude,12.6,NGC 4999
NGC 4999,redshift,0.00589,NGC 4999
NGC 4999,distanceFromEarth,~80 million light-years,NGC 4999
NGC 4999,discoveredBy,William Herschel,NGC 4999
NGC 4999,discoveryDate,1786-02-24,NGC 4999
NGC 4999,partOf,Virgo Cluster,NGC 4999
NGC 4999,angularSize,2.3′ × 1.6′,NGC 4999
NGC 4999,surfaceBrightness,13.6 mag/arcmin²,NGC 4999
Marcell Ateman,instanceOf,Person,Marcell Ateman
Marcell Ateman,instanceOf,AmericanFootballPlayer,Marcell Ateman
Marcell Ateman,dateOfBirth,1994-09-16,Marcell Ateman
Marcell Ateman,placeOfBirth,Dallas,Marcell Ateman
Marcell Ateman,placeOfBirth,Texas,Marcell Ateman
Marcell Ateman,countryOfBirth,United States,Marcell Ateman
Marcell Ateman,positionPlayed,WideReceiver,Marcell Ateman
Marcell Ateman,college,OklahomaStateUniversity,Marcell Ateman
Marcell Ateman,draftedBy,OaklandRaiders,Marcell Ateman
Marcell Ateman,draftYear,2018,Marcell Ateman
Marcell Ateman,draftRound,7,Marcell Ateman
Marcell Ateman,draftPick,228,Marcell Ateman
Marcell Ateman,playedFor,OaklandRaiders,Marcell Ateman
Marcell Ateman,playedFor,DallasRenegades,Marcell Ateman
Marcell Ateman,playedFor,ArizonaCardinals,Marcell Ateman
Marcell Ateman,height,6ft3in,Marcell Ateman
Marcell Ateman,weight,215lbs,Marcell Ateman
Marcell Ateman,sport,AmericanFootball,Marcell Ateman
Marcell Ateman,league,NFL,Marcell Ateman
Marcell Ateman,league,XFL,Marcell Ateman
Marcell Ateman,highSchool,WylieHighSchool,Marcell Ateman
Marcell Ateman,highSchoolLocation,Wylie,Marcell Ateman
Marcell Ateman,highSchoolLocation,Texas,Marcell Ateman
Brown-snouted blind snake,instanceOf,species,Brown-snouted blind snake
Brown-snouted blind snake,scientificName,Typhlops leucomelas,Brown-snouted blind snake
Brown-snouted blind snake,family,Typhlopidae,Brown-snouted blind snake
Brown-snouted blind snake,genus,Typhlops,Brown-snouted blind snake
Brown-snouted blind snake,kingdom,Animalia,Brown-snouted blind snake
Brown-snouted blind snake,phylum,Chordata,Brown-snouted blind snake
Brown-snouted blind snake,class,Reptilia,Brown-snouted blind snake
Brown-snouted blind snake,order,Squamata,Brown-snouted blind snake
Brown-snouted blind snake,suborder,Serpentes,Brown-snouted blind snake
Brown-snouted blind snake,habitat,tropical forests,Brown-snouted blind snake
Brown-snouted blind snake,habitat,subterranean environments,Brown-snouted blind snake
Brown-snouted blind snake,nativeTo,Southeast Asia,Brown-snouted blind snake
Brown-snouted blind snake,diet,insects,Brown-snouted blind snake
Brown-snouted blind snake,diet,ant larvae,Brown-snouted blind snake
Brown-snouted blind snake,diet,termites,Brown-snouted blind snake
Brown-snouted blind snake,lifespan,unknown in the wild,Brown-snouted blind snake
Brown-snouted blind snake,conservationStatus,Data Deficient (IUCN),Brown-snouted blind snake
Brown-snouted blind snake,distinctiveFeature,reduced eyes covered by scales,Brown-snouted blind snake
Brown-snouted blind snake,distinctiveFeature,"smooth, shiny scales",Brown-snouted blind snake
Brown-snouted blind snake,length,up to 30 cm,Brown-snouted blind snake
2003 Sundance Film Festival,instanceOf,film festival,2003 Sundance Film Festival
2003 Sundance Film Festival,instanceOf,cultural event,2003 Sundance Film Festival
2003 Sundance Film Festival,location,"Park City, Utah",2003 Sundance Film Festival
2003 Sundance Film Festival,location,"Sundance Resort, Utah",2003 Sundance Film Festival
2003 Sundance Film Festival,startDate,2003-01-16,2003 Sundance Film Festival
2003 Sundance Film Festival,endDate,2003-01-26,2003 Sundance Film Festival
2003 Sundance Film Festival,organizer,Sundance Institute,2003 Sundance Film Festival
2003 Sundance Film Festival,foundedBy,Robert Redford,2003 Sundance Film Festival
2003 Sundance Film Festival,edition,19th,2003 Sundance Film Festival
2003 Sundance Film Festival,awardWinner,American Splendor (Grand Jury Prize: Dramatic),2003 Sundance Film Festival
2003 Sundance Film Festival,awardWinner,Capturing the Friedmans (Grand Jury Prize: Documentary),2003 Sundance Film Festival
2003 Sundance Film Festival,awardWinner,Thirteen (Directing Award: Dramatic),2003 Sundance Film Festival
2003 Sundance Film Festival,awardWinner,The Station Agent (Audience Award: Dramatic),2003 Sundance Film Festival
2003 Sundance Film Festival,awardWinner,My Flesh and Blood (Audience Award: Documentary),2003 Sundance Film Festival
2003 Sundance Film Festival,awardWinner,The Shape of Things (Waldo Salt Screenwriting Award),2003 Sundance Film Festival
2003 Sundance Film Festival,screenedFilm,American Splendor,2003 Sundance Film Festival
2003 Sundance Film Festival,screenedFilm,Capturing the Friedmans,2003 Sundance Film Festival
2003 Sundance Film Festival,screenedFilm,Thirteen,2003 Sundance Film Festival
2003 Sundance Film Festival,screenedFilm,The Station Agent,2003 Sundance Film Festival
2003 Sundance Film Festival,screenedFilm,My Flesh and Blood,2003 Sundance Film Festival
2003 Sundance Film Festival,screenedFilm,The Shape of Things,2003 Sundance Film Festival
2003 Sundance Film Festival,screenedFilm,Pieces of April,2003 Sundance Film Festival
2003 Sundance Film Festival,screenedFilm,The Cooler,2003 Sundance Film Festival
2003 Sundance Film Festival,screenedFilm,Dopamine,2003 Sundance Film Festival
2003 Sundance Film Festival,screenedFilm,The Woodsman,2003 Sundance Film Festival
2003 Sundance Film Festival,screenedFilm,Tarnation,2003 Sundance Film Festival
2003 Sundance Film Festival,partOf,Sundance Film Festival,2003 Sundance Film Festival
2003 Sundance Film Festival,website,https://www.sundance.org/festivals/sundance-film-festival/2003/,2003 Sundance Film Festival
Hardcore Never Dies,instanceOf,music album,Hardcore Never Dies
Hardcore Never Dies,artist,Neophyte,Hardcore Never Dies
Hardcore Never Dies,releaseDate,2000,Hardcore Never Dies
Hardcore Never Dies,genre,hardcore techno,Hardcore Never Dies
Hardcore Never Dies,genre,gabber,Hardcore Never Dies
Hardcore Never Dies,label,Neophyte Records,Hardcore Never Dies
Hardcore Never Dies,track,Hardcore to the Bone,Hardcore Never Dies
Hardcore Never Dies,track,Braincracking,Hardcore Never Dies
Hardcore Never Dies,track,The Ultimate Seduction,Hardcore Never Dies
Hardcore Never Dies,track,Fuck the Prejudice,Hardcore Never Dies
Hardcore Never Dies,track,Never Surrender,Hardcore Never Dies
Hardcore Never Dies,track,The Future is Ours,Hardcore Never Dies
Hardcore Never Dies,track,Hardcore Never Dies,Hardcore Never Dies
Hardcore Never Dies,track,I Will Have That Power,Hardcore Never Dies
Hardcore Never Dies,track,The Ultimate Seduction (Remix),Hardcore Never Dies
200 (film),instanceOf,film,200 (film)
200 (film),directedBy,Youssef Chahine,200 (film)
200 (film),writtenBy,Youssef Chahine,200 (film)
200 (film),producedBy,Humbert Balsan,200 (film)
200 (film),starring,Nour El-Sherif,200 (film)
200 (film),starring,Mohsen Mohieddin,200 (film)
200 (film),starring,Yousra,200 (film)
200 (film),starring,Hala Sedki,200 (film)
200 (film),releaseDate,1973,200 (film)
200 (film),countryOfOrigin,Egypt,200 (film)
200 (film),language,Arabic,200 (film)
200 (film),genre,Drama,200 (film)
200 (film),genre,Political,200 (film)
200 (film),runtimeMinutes,120,200 (film)
200 (film),productionCompany,Misr International Films,200 (film)
200 (film),awardReceived,Cannes Film Festival (Nomination),200 (film)
200 (film),basedOn,Events of the 1967 Six-Day War,200 (film)
200 (film),theme,Political corruption,200 (film)
200 (film),theme,Social injustice,200 (film)
200 (film),cinematographyBy,Mohsen Nasr,200 (film)
200 (film),editedBy,Rashida Abdel Salam,200 (film)
Anna Glasier,instanceOf,person,Anna Glasier
Anna Glasier,instanceOf,medical researcher,Anna Glasier
Anna Glasier,occupation,physician,Anna Glasier
Anna Glasier,occupation,researcher,Anna Glasier
Anna Glasier,fieldOfStudy,reproductive health,Anna Glasier
Anna Glasier,fieldOfStudy,contraception,Anna Glasier
Anna Glasier,fieldOfStudy,sexual health,Anna Glasier
Anna Glasier,notableWork,research on emergency contraception,Anna Glasier
Anna Glasier,affiliation,University of Edinburgh,Anna Glasier
Anna Glasier,affiliation,NHS Lothian,Anna Glasier
Anna Glasier,award,OBE (Order of the British Empire),Anna Glasier
Anna Glasier,contribution,advocacy for accessible contraception,Anna Glasier
Anna Glasier,contribution,development of emergency contraceptive methods,Anna Glasier
Sandro Puppo,instanceOf,human,Sandro Puppo
Sandro Puppo,instanceOf,football manager,Sandro Puppo
Sandro Puppo,instanceOf,football player,Sandro Puppo
Sandro Puppo,dateOfBirth,1918-02-28,Sandro Puppo
Sandro Puppo,dateOfDeath,1986-10-16,Sandro Puppo
Sandro Puppo,placeOfBirth,Piacenza,Sandro Puppo
Sandro Puppo,placeOfBirth,Italy,Sandro Puppo
Sandro Puppo,positionPlayed,midfielder,Sandro Puppo
Sandro Puppo,memberOfSportsTeam,Piacenza Calcio,Sandro Puppo
Sandro Puppo,memberOfSportsTeam,Juventus F.C.,Sandro Puppo
Sandro Puppo,memberOfSportsTeam,A.S. Roma,Sandro Puppo
Sandro Puppo,memberOfSportsTeam,Venezia F.C.,Sandro Puppo
Sandro Puppo,managerOf,FC Barcelona,Sandro Puppo
Sandro Puppo,managerOf,Beşiktaş J.K.,Sandro Puppo
Sandro Puppo,managerOf,A.S. Roma,Sandro Puppo
Sandro Puppo,managerOf,Türkiye national football team,Sandro Puppo
Sandro Puppo,nationality,Italian,Sandro Puppo
Sandro Puppo,awardReceived,Serie A champion (as player),Sandro Puppo
Sandro Puppo,awardReceived,Coppa Italia winner (as player),Sandro Puppo
Munsey's Magazine,instanceOf,magazine,Munsey's Magazine
Munsey's Magazine,instanceOf,periodical,Munsey's Magazine
Munsey's Magazine,foundedBy,Frank Munsey,Munsey's Magazine
Munsey's Magazine,foundedIn,1889,Munsey's Magazine
Munsey's Magazine,ceasedPublicationIn,1929,Munsey's Magazine
Munsey's Magazine,countryOfOrigin,United States,Munsey's Magazine
Munsey's Magazine,language,English,Munsey's Magazine
Munsey's Magazine,genre,general interest,Munsey's Magazine
Munsey's Magazine,genre,literary,Munsey's Magazine
Munsey's Magazine,publisher,Frank Munsey Company,Munsey's Magazine
Munsey's Magazine,notableContributors,Stephen Crane,Munsey's Magazine
Munsey's Magazine,notableContributors,O. Henry,Munsey's Magazine
Munsey's Magazine,notableContributors,Jack London,Munsey's Magazine
Munsey's Magazine,precededBy,Golden Argosy,Munsey's Magazine
Munsey's Magazine,succeededBy,none (ceased publication),Munsey's Magazine
Munsey's Magazine,priceAtLaunch,10 cents per issue,Munsey's Magazine
Munsey's Magazine,circulationPeak,"700,000 copies",Munsey's Magazine
Munsey's Magazine,associatedWith,pulp magazines,Munsey's Magazine
Patagonian red octopus,instanceOf,species,Patagonian red octopus
Patagonian red octopus,scientificName,Enteroctopus megalocyathus,Patagonian red octopus
Patagonian red octopus,genus,Enteroctopus,Patagonian red octopus
Patagonian red octopus,family,Octopodidae,Patagonian red octopus
Patagonian red octopus,order,Octopoda,Patagonian red octopus
Patagonian red octopus,class,Cephalopoda,Patagonian red octopus
Patagonian red octopus,phylum,Mollusca,Patagonian red octopus
Patagonian red octopus,kingdom,Animalia,Patagonian red octopus
Patagonian red octopus,nativeTo,South Atlantic Ocean,Patagonian red octopus
Patagonian red octopus,nativeTo,coastal waters of Argentina,Patagonian red octopus
Patagonian red octopus,nativeTo,coastal waters of Chile,Patagonian red octopus
Patagonian red octopus,habitat,rocky reefs,Patagonian red octopus
Patagonian red octopus,habitat,kelp forests,Patagonian red octopus
Patagonian red octopus,depthRange,0 to 200 meters,Patagonian red octopus
Patagonian red octopus,averageSize,up to 1 meter in arm span,Patagonian red octopus
Patagonian red octopus,averageWeight,up to 4 kilograms,Patagonian red octopus
Patagonian red octopus,diet,carnivorous,Patagonian red octopus
Patagonian red octopus,prey,crustaceans,Patagonian red octopus
Patagonian red octopus,prey,mollusks,Patagonian red octopus
Patagonian red octopus,prey,small fish,Patagonian red octopus
Patagonian red octopus,lifespan,3 to 5 years,Patagonian red octopus
Patagonian red octopus,reproduction,sexual,Patagonian red octopus
Patagonian red octopus,matingSeason,varies by region,Patagonian red octopus
Patagonian red octopus,conservationStatus,Not Evaluated (IUCN),Patagonian red octopus
Patagonian red octopus,distinguishingFeature,reddish-brown coloration,Patagonian red octopus
Patagonian red octopus,distinguishingFeature,large size compared to other octopus species,Patagonian red octopus
Patagonian red octopus,behavior,solitary,Patagonian red octopus
Patagonian red octopus,behavior,nocturnal,Patagonian red octopus
Patagonian red octopus,defenseMechanism,ink release,Patagonian red octopus
Patagonian red octopus,defenseMechanism,camouflage,Patagonian red octopus
Patagonian red octopus,defenseMechanism,jet propulsion,Patagonian red octopus
Thornton Carle Fry,instanceOf,human,Thornton Carle Fry
Thornton Carle Fry,instanceOf,mathematician,Thornton Carle Fry
Thornton Carle Fry,birthDate,1892-08-07,Thornton Carle Fry
Thornton Carle Fry,deathDate,1991-03-14,Thornton Carle Fry
Thornton Carle Fry,birthPlace,Ohio,Thornton Carle Fry
Thornton Carle Fry,deathPlace,California,Thornton Carle Fry
Thornton Carle Fry,fieldOfStudy,mathematics,Thornton Carle Fry
Thornton Carle Fry,fieldOfStudy,statistics,Thornton Carle Fry
Thornton Carle Fry,fieldOfStudy,operations research,Thornton Carle Fry
Thornton Carle Fry,almaMater,University of Chicago,Thornton Carle Fry
Thornton Carle Fry,academicDegree,PhD,Thornton Carle Fry
Thornton Carle Fry,doctoralAdvisor,Gilbert Ames Bliss,Thornton Carle Fry
Thornton Carle Fry,employer,Bell Labs,Thornton Carle Fry
Thornton Carle Fry,notableWork,Probability and Its Engineering Uses,Thornton Carle Fry
Thornton Carle Fry,awardReceived,IEEE Medal of Honor,Thornton Carle Fry
Thornton Carle Fry,awardReceivedYear,1965,Thornton Carle Fry
Changhe station (Hangzhou Metro),instanceOf,metro station,Changhe station (Hangzhou Metro)
Changhe station (Hangzhou Metro),locatedIn,Hangzhou,Changhe station (Hangzhou Metro)
Changhe station (Hangzhou Metro),locatedIn,Zhejiang Province,Changhe station (Hangzhou Metro)
Changhe station (Hangzhou Metro),locatedIn,China,Changhe station (Hangzhou Metro)
Changhe station (Hangzhou Metro),partOf,Hangzhou Metro,Changhe station (Hangzhou Metro)
Changhe station (Hangzhou Metro),servesLine,Line 1 (Hangzhou Metro),Changhe station (Hangzhou Metro)
Changhe station (Hangzhou Metro),opened,2012-11-24,Changhe station (Hangzhou Metro)
Changhe station (Hangzhou Metro),hasStationCode,101,Changhe station (Hangzhou Metro)
Changhe station (Hangzhou Metro),hasTransfer,none (as of current data),Changhe station (Hangzhou Metro)
Changhe station (Hangzhou Metro),locatedAt,intersection of Xiasha Road and Changhe Road,Changhe station (Hangzhou Metro)
Changhe station (Hangzhou Metro),nearbyLandmark,Hangzhou Economic and Technological Development Area,Changhe station (Hangzhou Metro)
Changhe station (Hangzhou Metro),nearbyLandmark,Zhejiang Sci-Tech University Xiasha Campus,Changhe station (Hangzhou Metro)
Ahmed Abbes,instanceOf,Person,Ahmed Abbes
Ahmed Abbes,occupation,Mathematician,Ahmed Abbes
Ahmed Abbes,fieldOfStudy,Algebraic Geometry,Ahmed Abbes
Ahmed Abbes,fieldOfStudy,Number Theory,Ahmed Abbes
Ahmed Abbes,affiliation,Institut des Hautes Études Scientifiques (IHÉS),Ahmed Abbes
Ahmed Abbes,nationality,Tunisian,Ahmed Abbes
Ahmed Abbes,educatedAt,Université Paris-Sud,Ahmed Abbes
Ahmed Abbes,hasDegree,PhD in Mathematics,Ahmed Abbes
Ahmed Abbes,doctoralAdvisor,Luc Illusie,Ahmed Abbes
Ahmed Abbes,knownFor,Contributions to p-adic Hodge theory,Ahmed Abbes
Ahmed Abbes,knownFor,Work on fundamental groups in algebraic geometry,Ahmed Abbes
George Henry Hall (artist),instanceOf,person,George Henry Hall (artist)
George Henry Hall (artist),instanceOf,artist,George Henry Hall (artist)
George Henry Hall (artist),occupation,painter,George Henry Hall (artist)
George Henry Hall (artist),birthDate,1825-09-21,George Henry Hall (artist)
George Henry Hall (artist),deathDate,1913-02-17,George Henry Hall (artist)
George Henry Hall (artist),birthPlace,"Boston, Massachusetts, U.S.",George Henry Hall (artist)
George Henry Hall (artist),deathPlace,"New York City, New York, U.S.",George Henry Hall (artist)
George Henry Hall (artist),nationality,American,George Henry Hall (artist)
George Henry Hall (artist),field,still life painting,George Henry Hall (artist)
George Henry Hall (artist),field,genre painting,George Henry Hall (artist)
George Henry Hall (artist),field,landscape painting,George Henry Hall (artist)
George Henry Hall (artist),education,Düsseldorf Academy,George Henry Hall (artist)
George Henry Hall (artist),education,Royal Academy of Fine Arts (Antwerp),George Henry Hall (artist)
George Henry Hall (artist),knownFor,fruit and flower still lifes,George Henry Hall (artist)
George Henry Hall (artist),knownFor,Orientalist themes,George Henry Hall (artist)
George Henry Hall (artist),knownFor,Spanish genre scenes,George Henry Hall (artist)
George Henry Hall (artist),notableWork,Fruit and Flowers,George Henry Hall (artist)
George Henry Hall (artist),notableWork,The Spanish Gypsy,George Henry Hall (artist)
George Henry Hall (artist),notableWork,Still Life with Grapes and Peaches,George Henry Hall (artist)
George Henry Hall (artist),movement,Hudson River School (associated),George Henry Hall (artist)
George Henry Hall (artist),award,"National Academy of Design (elected associate, 1852)",George Henry Hall (artist)
George Henry Hall (artist),award,"National Academy of Design (elected full academician, 1868)",George Henry Hall (artist)
George Henry Hall (artist),residence,"New York City, U.S.",George Henry Hall (artist)
George Henry Hall (artist),residence,"Paris, France (studied and worked)",George Henry Hall (artist)
George Henry Hall (artist),residence,"Rome, Italy (studied and worked)",George Henry Hall (artist)
George Henry Hall (artist),influencedBy,Düsseldorf School of Painting,George Henry Hall (artist)
George Henry Hall (artist),influencedBy,Spanish art,George Henry Hall (artist)
George Henry Hall (artist),influencedBy,Orientalist art,George Henry Hall (artist)
George Henry Hall (artist),exhibition,National Academy of Design exhibitions,George Henry Hall (artist)
George Henry Hall (artist),exhibition,Paris Salon,George Henry Hall (artist)
George Henry Hall (artist),collection,Metropolitan Museum of Art,George Henry Hall (artist)
George Henry Hall (artist),collection,Brooklyn Museum,George Henry Hall (artist)
George Henry Hall (artist),collection,Smithsonian American Art Museum,George Henry Hall (artist)
Raleigh DeGeer Amyx,instanceOf,person,Raleigh DeGeer Amyx
Raleigh DeGeer Amyx,instanceOf,collector,Raleigh DeGeer Amyx
Raleigh DeGeer Amyx,occupation,historian,Raleigh DeGeer Amyx
Raleigh DeGeer Amyx,occupation,author,Raleigh DeGeer Amyx
Raleigh DeGeer Amyx,knownFor,collecting historical artifacts,Raleigh DeGeer Amyx
Raleigh DeGeer Amyx,knownFor,owning the Raleigh DeGeer Amyx Collection,Raleigh DeGeer Amyx
Raleigh DeGeer Amyx,notableCollection,White House china,Raleigh DeGeer Amyx
Raleigh DeGeer Amyx,notableCollection,presidential memorabilia,Raleigh DeGeer Amyx
Raleigh DeGeer Amyx,notableCollection,historical documents,Raleigh DeGeer Amyx
Raleigh DeGeer Amyx,birthDate,1938,Raleigh DeGeer Amyx
Raleigh DeGeer Amyx,nationality,American,Raleigh DeGeer Amyx
Raleigh DeGeer Amyx Collection,instanceOf,private collection,Raleigh DeGeer Amyx
Raleigh DeGeer Amyx Collection,ownedBy,Raleigh DeGeer Amyx,Raleigh DeGeer Amyx
Raleigh DeGeer Amyx Collection,contains,artifacts from U.S. presidents,Raleigh DeGeer Amyx
Raleigh DeGeer Amyx Collection,contains,White House china sets,Raleigh DeGeer Amyx
Raleigh DeGeer Amyx Collection,contains,historical letters and documents,Raleigh DeGeer Amyx
2009 World Rhythmic Gymnastics Championships,instanceOf,World Rhythmic Gymnastics Championships,2009 World Rhythmic Gymnastics Championships
2009 World Rhythmic Gymnastics Championships,instanceOf,sports event,2009 World Rhythmic Gymnastics Championships
2009 World Rhythmic Gymnastics Championships,location,"Mie, Japan",2009 World Rhythmic Gymnastics Championships
2009 World Rhythmic Gymnastics Championships,startDate,2009-09-07,2009 World Rhythmic Gymnastics Championships
2009 World Rhythmic Gymnastics Championships,endDate,2009-09-13,2009 World Rhythmic Gymnastics Championships
2009 World Rhythmic Gymnastics Championships,organizer,International Gymnastics Federation (FIG),2009 World Rhythmic Gymnastics Championships
2009 World Rhythmic Gymnastics Championships,participatingNations,50+,2009 World Rhythmic Gymnastics Championships
2009 World Rhythmic Gymnastics Championships,eventType,individual all-around,2009 World Rhythmic Gymnastics Championships
2009 World Rhythmic Gymnastics Championships,eventType,group all-around,2009 World Rhythmic Gymnastics Championships
2009 World Rhythmic Gymnastics Championships,eventType,apparatus finals,2009 World Rhythmic Gymnastics Championships
2009 World Rhythmic Gymnastics Championships,individualAllAroundWinner,Evgenia Kanaeva,2009 World Rhythmic Gymnastics Championships
2009 World Rhythmic Gymnastics Championships,groupAllAroundWinner,Russia,2009 World Rhythmic Gymnastics Championships
2009 World Rhythmic Gymnastics Championships,hostCountry,Japan,2009 World Rhythmic Gymnastics Championships
2009 World Rhythmic Gymnastics Championships,edition,29th,2009 World Rhythmic Gymnastics Championships
2009 World Rhythmic Gymnastics Championships,venue,Sun Arena,2009 World Rhythmic Gymnastics Championships
Vila Real railway station,instanceOf,railway station,Vila Real railway station
Vila Real railway station,locatedIn,Vila Real,Vila Real railway station
Vila Real railway station,locatedIn,Portugal,Vila Real railway station
Vila Real railway station,locatedIn,Douro region,Vila Real railway station
Vila Real railway station,servedBy,Comboios de Portugal (CP),Vila Real railway station
Vila Real railway station,lineServed,Corgo line (historical),Vila Real railway station
Vila Real railway station,opened,1906,Vila Real railway station
Vila Real railway station,closed,1990,Vila Real railway station
Vila Real railway station,status,disused,Vila Real railway station
Vila Real railway station,coordinates,"41.3000° N, 7.7333° W",Vila Real railway station
Vila Real railway station,elevation,450 meters,Vila Real railway station
Vila Real railway station,architectureStyle,traditional Portuguese,Vila Real railway station
Ismael Edwards Matte,instanceOf,human,Ismael Edwards Matte
Ismael Edwards Matte,instanceOf,politician,Ismael Edwards Matte
Ismael Edwards Matte,instanceOf,journalist,Ismael Edwards Matte
Ismael Edwards Matte,birthDate,1879,Ismael Edwards Matte
Ismael Edwards Matte,deathDate,1957,Ismael Edwards Matte
Ismael Edwards Matte,countryOfCitizenship,Chile,Ismael Edwards Matte
Ismael Edwards Matte,occupation,journalist,Ismael Edwards Matte
Ismael Edwards Matte,occupation,politician,Ismael Edwards Matte
Ismael Edwards Matte,memberOf,Liberal Party (Chile),Ismael Edwards Matte
Ismael Edwards Matte,positionHeld,Minister of Finance of Chile,Ismael Edwards Matte
Ismael Edwards Matte,positionHeld,Senator of the Republic of Chile,Ismael Edwards Matte
Ismael Edwards Matte,positionHeld,Deputy of the Republic of Chile,Ismael Edwards Matte
Ismael Edwards Matte,notableWork,El Mercurio (newspaper),Ismael Edwards Matte
Ismael Edwards Matte,relatedTo,Edwards family (Chile),Ismael Edwards Matte
Dorothea Waley Singer,instanceOf,human,Dorothea Waley Singer
Dorothea Waley Singer,instanceOf,historian,Dorothea Waley Singer
Dorothea Waley Singer,instanceOf,paleographer,Dorothea Waley Singer
Dorothea Waley Singer,dateOfBirth,1882,Dorothea Waley Singer
Dorothea Waley Singer,dateOfDeath,1964,Dorothea Waley Singer
Dorothea Waley Singer,placeOfBirth,London,Dorothea Waley Singer
Dorothea Waley Singer,placeOfDeath,Par,Dorothea Waley Singer
Dorothea Waley Singer,countryOfCitizenship,United Kingdom,Dorothea Waley Singer
Dorothea Waley Singer,occupation,historian,Dorothea Waley Singer
Dorothea Waley Singer,occupation,paleographer,Dorothea Waley Singer
Dorothea Waley Singer,fieldOfWork,medieval manuscripts,Dorothea Waley Singer
Dorothea Waley Singer,fieldOfWork,history of science,Dorothea Waley Singer
Dorothea Waley Singer,notableWork,Catalogue of Latin and Vernacular Alchemical Manuscripts in Great Britain and Ireland,Dorothea Waley Singer
Dorothea Waley Singer,spouse,Charles Singer,Dorothea Waley Singer
Dorothea Waley Singer,memberOf,Society of Antiquaries of London,Dorothea Waley Singer
Dorothea Waley Singer,awardReceived,Fellow of the Society of Antiquaries (FSA),Dorothea Waley Singer
Dorothea Waley Singer,educatedAt,University of London,Dorothea Waley Singer
Dorothea Waley Singer,notableWork,Giordano Bruno: His Life and Thought,Dorothea Waley Singer
Dorothea Waley Singer,collaboratedWith,Charles Singer,Dorothea Waley Singer
Dorothea Waley Singer,residence,Cornwall,Dorothea Waley Singer
1995–96 Arkansas Razorbacks men's basketball team,instanceOf,NCAA Division I men's basketball team,1995–96 Arkansas Razorbacks men's basketball team
1995–96 Arkansas Razorbacks men's basketball team,instanceOf,college basketball team,1995–96 Arkansas Razorbacks men's basketball team
1995–96 Arkansas Razorbacks men's basketball team,partOf,Arkansas Razorbacks men's basketball,1995–96 Arkansas Razorbacks men's basketball team
1995–96 Arkansas Razorbacks men's basketball team,competedIn,1995–96 NCAA Division I men's basketball season,1995–96 Arkansas Razorbacks men's basketball team
1995–96 Arkansas Razorbacks men's basketball team,competedIn,Southeastern Conference (SEC),1995–96 Arkansas Razorbacks men's basketball team
1995–96 Arkansas Razorbacks men's basketball team,headCoach,Nolan Richardson,1995–96 Arkansas Razorbacks men's basketball team
1995–96 Arkansas Razorbacks men's basketball team,homeVenue,Bud Walton Arena,1995–96 Arkansas Razorbacks men's basketball team
1995–96 Arkansas Razorbacks men's basketball team,record,32–5 (14–2 SEC),1995–96 Arkansas Razorbacks men's basketball team
1995–96 Arkansas Razorbacks men's basketball team,achievement,SEC regular season champions,1995–96 Arkansas Razorbacks men's basketball team
1995–96 Arkansas Razorbacks men's basketball team,achievement,SEC Tournament champions,1995–96 Arkansas Razorbacks men's basketball team
1995–96 Arkansas Razorbacks men's basketball team,achievement,NCAA Tournament Final Four,1995–96 Arkansas Razorbacks men's basketball team
1995–96 Arkansas Razorbacks men's basketball team,defeatedIn,NCAA Tournament Championship Game,1995–96 Arkansas Razorbacks men's basketball team
1995–96 Arkansas Razorbacks men's basketball team,lostTo,1995–96 Kentucky Wildcats men's basketball team,1995–96 Arkansas Razorbacks men's basketball team
1995–96 Arkansas Razorbacks men's basketball team,finalRanking,AP Poll: No. 3,1995–96 Arkansas Razorbacks men's basketball team
1995–96 Arkansas Razorbacks men's basketball team,finalRanking,Coaches Poll: No. 3,1995–96 Arkansas Razorbacks men's basketball team
1995–96 Arkansas Razorbacks men's basketball team,notablePlayer,Corliss Williamson,1995–96 Arkansas Razorbacks men's basketball team
1995–96 Arkansas Razorbacks men's basketball team,notablePlayer,Pat Bradley,1995–96 Arkansas Razorbacks men's basketball team
1995–96 Arkansas Razorbacks men's basketball team,notablePlayer,Darnell Robinson,1995–96 Arkansas Razorbacks men's basketball team
1995–96 Arkansas Razorbacks men's basketball team,notablePlayer,Clint McDaniel,1995–96 Arkansas Razorbacks men's basketball team
1995–96 Arkansas Razorbacks men's basketball team,awardWinner,Corliss Williamson (SEC Player of the Year),1995–96 Arkansas Razorbacks men's basketball team
1995–96 Arkansas Razorbacks men's basketball team,awardWinner,Nolan Richardson (SEC Coach of the Year),1995–96 Arkansas Razorbacks men's basketball team
1995–96 Arkansas Razorbacks men's basketball team,conferenceDivision,SEC West,1995–96 Arkansas Razorbacks men's basketball team
1995–96 Arkansas Razorbacks men's basketball team,precededBy,1994–95 Arkansas Razorbacks men's basketball team,1995–96 Arkansas Razorbacks men's basketball team
1995–96 Arkansas Razorbacks men's basketball team,succeededBy,1996–97 Arkansas Razorbacks men's basketball team,1995–96 Arkansas Razorbacks men's basketball team
Ross Barkley,instanceOf,Person,Ross Barkley
Ross Barkley,instanceOf,FootballPlayer,Ross Barkley
Ross Barkley,fullName,Ross Barkley,Ross Barkley
Ross Barkley,dateOfBirth,1993-12-05,Ross Barkley
Ross Barkley,placeOfBirth,"Liverpool, England",Ross Barkley
Ross Barkley,nationality,English,Ross Barkley
Ross Barkley,position,Midfielder,Ross Barkley
Ross Barkley,currentClub,Luton Town F.C.,Ross Barkley
Ross Barkley,formerClub,Everton F.C.,Ross Barkley
Ross Barkley,formerClub,Chelsea F.C.,Ross Barkley
Ross Barkley,formerClub,Aston Villa F.C.,Ross Barkley
Ross Barkley,formerClub,Sheffield Wednesday F.C.,Ross Barkley
Ross Barkley,youthClub,Everton F.C.,Ross Barkley
Ross Barkley,height,1.89 m,Ross Barkley
Ross Barkley,weight,82 kg,Ross Barkley
Ross Barkley,debutYear,2011,Ross Barkley
Ross Barkley,internationalTeam,England national football team,Ross Barkley
Ross Barkley,internationalDebut,2013,Ross Barkley
Ross Barkley,caps,33,Ross Barkley
Ross Barkley,goalsForNationalTeam,6,Ross Barkley
Ross Barkley,notableTournament,2014 FIFA World Cup,Ross Barkley
Ross Barkley,notableTournament,UEFA Euro 2016,Ross Barkley
Ross Barkley,award,Everton Young Player of the Season (2012–13),Ross Barkley
Ross Barkley,award,Premier League Goal of the Month (September 2017),Ross Barkley
Anne Buttimer,instanceOf,human,Anne Buttimer
Anne Buttimer,instanceOf,geographer,Anne Buttimer
Anne Buttimer,birthDate,1938-01-31,Anne Buttimer
Anne Buttimer,deathDate,2017-07-15,Anne Buttimer
Anne Buttimer,birthPlace,Ireland,Anne Buttimer
Anne Buttimer,nationality,Irish,Anne Buttimer
Anne Buttimer,fieldOfStudy,human geography,Anne Buttimer
Anne Buttimer,fieldOfStudy,social geography,Anne Buttimer
Anne Buttimer,fieldOfStudy,urban geography,Anne Buttimer
Anne Buttimer,fieldOfStudy,environmental perception,Anne Buttimer
Anne Buttimer,occupation,professor,Anne Buttimer
Anne Buttimer,affiliation,University College Dublin,Anne Buttimer
Anne Buttimer,affiliation,Clark University,Anne Buttimer
Anne Buttimer,affiliation,University of Lund,Anne Buttimer
Anne Buttimer,award,Victoria Medal (Royal Geographical Society),Anne Buttimer
Anne Buttimer,award,Lauréat d'Honneur (International Geographical Union),Anne Buttimer
Anne Buttimer,notableWork,"The Wake of Erasmus: Saints, Scholars, and Studia in Medieval Norden",Anne Buttimer
Anne Buttimer,notableWork,Geography and the Human Spirit,Anne Buttimer
Anne Buttimer,notableWork,The Practice of Geography,Anne Buttimer
Anne Buttimer,notableWork,Sustainable Landscapes and Lifeways: Scale and Appropriateness,Anne Buttimer
Anne Buttimer,doctoralAdvisor,Torsten Hägerstrand,Anne Buttimer
Anne Buttimer,influencedBy,Torsten Hägerstrand,Anne Buttimer
Anne Buttimer,influencedBy,David Harvey,Anne Buttimer
Anne Buttimer,influencedBy,Yi-Fu Tuan,Anne Buttimer
Anne Buttimer,positionHeld,President of the International Geographical Union (2000-2004),Anne Buttimer
Tixpéhual Municipality,instanceOf,municipality,Tixpéhual Municipality
Tixpéhual Municipality,instanceOf,administrative division,Tixpéhual Municipality
Tixpéhual Municipality,locatedIn,Yucatán,Tixpéhual Municipality
Tixpéhual Municipality,locatedIn,Mexico,Tixpéhual Municipality
Tixpéhual Municipality,country,Mexico,Tixpéhual Municipality
Tixpéhual Municipality,state,Yucatán,Tixpéhual Municipality
Tixpéhual Municipality,headquarters,Tixpéhual,Tixpéhual Municipality
Tixpéhual Municipality,population,"5,000 (approx.)",Tixpéhual Municipality
Tixpéhual Municipality,officialLanguage,Spanish,Tixpéhual Municipality
Tixpéhual Municipality,timeZone,UTC-6 (Central Standard Time),Tixpéhual Municipality
Tixpéhual Municipality,coordinates,"21.15°N, 89.43°W",Tixpéhual Municipality
Misfat al Abriyeen,instanceOf,village,Misfat al Abriyeen
Misfat al Abriyeen,locatedIn,Oman,Misfat al Abriyeen
Misfat al Abriyeen,locatedIn,Al Dakhiliyah Governorate,Misfat al Abriyeen
Misfat al Abriyeen,locatedIn,Nizwa,Misfat al Abriyeen
Misfat al Abriyeen,knownFor,traditional mud-brick houses,Misfat al Abriyeen
Misfat al Abriyeen,knownFor,agricultural terraces,Misfat al Abriyeen
Misfat al Abriyeen,knownFor,scenic mountain views,Misfat al Abriyeen
Misfat al Abriyeen,partOf,Hajar Mountains,Misfat al Abriyeen
Misfat al Abriyeen,hasFeature,aflaj irrigation system,Misfat al Abriyeen
Misfat al Abriyeen,population,small local community,Misfat al Abriyeen
Misfat al Abriyeen,touristAttraction,true,Misfat al Abriyeen
Saxton Oval,instanceOf,cricket ground,Saxton Oval
Saxton Oval,instanceOf,sports venue,Saxton Oval
Saxton Oval,location,"Nelson, New Zealand",Saxton Oval
Saxton Oval,country,New Zealand,Saxton Oval
Saxton Oval,opened,2009,Saxton Oval
Saxton Oval,capacity,"6,000",Saxton Oval
Saxton Oval,homeTeam,Central Districts Stags,Saxton Oval
Saxton Oval,usedFor,cricket,Saxton Oval
Saxton Oval,usedFor,rugby,Saxton Oval
Saxton Oval,hostedEvent,2015 ICC Cricket World Cup,Saxton Oval
Saxton Oval,hostedEvent,2022 Women's Cricket World Cup,Saxton Oval
Saxton Oval,surface,grass,Saxton Oval
Saxton Oval,alsoKnownAs,Saxton Field,Saxton Oval
Saxton Oval,partOf,Saxton Field Sports Complex,Saxton Oval
Dunfermline and Dollar,instanceOf,Scottish parliamentary constituency,Dunfermline and Dollar
Dunfermline and Dollar,instanceOf,former constituency,Dunfermline and Dollar
Dunfermline and Dollar,country,United Kingdom,Dunfermline and Dollar
Dunfermline and Dollar,partOf,Scotland,Dunfermline and Dollar
Dunfermline and Dollar,legislature,Scottish Parliament,Dunfermline and Dollar
Dunfermline and Dollar,existedFrom,1999,Dunfermline and Dollar
Dunfermline and Dollar,existedUntil,2005,Dunfermline and Dollar
Dunfermline and Dollar,replacedBy,Dunfermline,Dunfermline and Dollar
Dunfermline and Dollar,replacedBy,Ochil,Dunfermline and Dollar
Dunfermline and Dollar,includesArea,Dunfermline,Dunfermline and Dollar
Dunfermline and Dollar,includesArea,Dollar,Dunfermline and Dollar
Dunfermline and Dollar,includesArea,parts of Fife,Dunfermline and Dollar
Dunfermline and Dollar,includesArea,parts of Clackmannanshire,Dunfermline and Dollar
Robert Hurley (swimmer),instanceOf,human,Robert Hurley (swimmer)
Robert Hurley (swimmer),instanceOf,swimmer,Robert Hurley (swimmer)
Robert Hurley (swimmer),dateOfBirth,1988-09-26,Robert Hurley (swimmer)
Robert Hurley (swimmer),countryOfCitizenship,Australia,Robert Hurley (swimmer)
Robert Hurley (swimmer),sport,swimming,Robert Hurley (swimmer)
Robert Hurley (swimmer),event,backstroke,Robert Hurley (swimmer)
Robert Hurley (swimmer),event,freestyle,Robert Hurley (swimmer)
Robert Hurley (swimmer),medal,"gold (2008 World Short Course Championships, 4x100m freestyle relay)",Robert Hurley (swimmer)
Robert Hurley (swimmer),medal,"silver (2008 World Short Course Championships, 4x200m freestyle relay)",Robert Hurley (swimmer)
Robert Hurley (swimmer),medal,"bronze (2009 World Aquatics Championships, 4x100m freestyle relay)",Robert Hurley (swimmer)
Robert Hurley (swimmer),medal,"gold (2010 Commonwealth Games, 4x100m freestyle relay)",Robert Hurley (swimmer)
Robert Hurley (swimmer),medal,"silver (2010 Commonwealth Games, 50m backstroke)",Robert Hurley (swimmer)
Robert Hurley (swimmer),medal,"silver (2010 Commonwealth Games, 100m backstroke)",Robert Hurley (swimmer)
Robert Hurley (swimmer),club,St Peters Western,Robert Hurley (swimmer)
Robert Hurley (swimmer),coach,Michael Bohl,Robert Hurley (swimmer)
Robert Hurley (swimmer),height,1.93 m,Robert Hurley (swimmer)
Robert Hurley (swimmer),retired,2016,Robert Hurley (swimmer)
Kenneth Binmoeller,instanceOf,Person,Kenneth Binmoeller
Kenneth Binmoeller,occupation,Gastroenterologist,Kenneth Binmoeller
Kenneth Binmoeller,knownFor,Development of endoscopic ultrasound (EUS) techniques,Kenneth Binmoeller
Kenneth Binmoeller,knownFor,Invention of the lumen-apposing metal stent (LAMS),Kenneth Binmoeller
Kenneth Binmoeller,affiliation,California Pacific Medical Center,Kenneth Binmoeller
Kenneth Binmoeller,affiliation,Interventional Endoscopy Services (IES),Kenneth Binmoeller
Kenneth Binmoeller,fieldOfStudy,Gastroenterology,Kenneth Binmoeller
Kenneth Binmoeller,fieldOfStudy,Endoscopy,Kenneth Binmoeller
Kenneth Binmoeller,notableWork,Advancements in therapeutic endoscopic ultrasound,Kenneth Binmoeller
Kenneth Binmoeller,award,Master Endoscopist Award (American Society for Gastrointestinal Endoscopy),Kenneth Binmoeller
Kenneth Binmoeller,contribution,Pioneering EUS-guided drainage procedures,Kenneth Binmoeller
Philip Adolphe Klier,instanceOf,photographer,Philip Adolphe Klier
Philip Adolphe Klier,instanceOf,person,Philip Adolphe Klier
Philip Adolphe Klier,birthDate,1845,Philip Adolphe Klier
Philip Adolphe Klier,deathDate,1911,Philip Adolphe Klier
Philip Adolphe Klier,nationality,German,Philip Adolphe Klier
Philip Adolphe Klier,occupation,photographer,Philip Adolphe Klier
Philip Adolphe Klier,activeYearsStartDate,1860s,Philip Adolphe Klier
Philip Adolphe Klier,activeIn,Burma (Myanmar),Philip Adolphe Klier
Philip Adolphe Klier,notableWork,photographs of Burmese landscapes and people,Philip Adolphe Klier
Philip Adolphe Klier,fieldOfWork,portrait photography,Philip Adolphe Klier
Philip Adolphe Klier,fieldOfWork,landscape photography,Philip Adolphe Klier
Philip Adolphe Klier,residedIn,Rangoon (Yangon),Philip Adolphe Klier
Better Late Than Never (1979 film),instanceOf,film,Better Late Than Never (1979 film)
Better Late Than Never (1979 film),releaseYear,1979,Better Late Than Never (1979 film)
Better Late Than Never (1979 film),genre,comedy,Better Late Than Never (1979 film)
Better Late Than Never (1979 film),director,Bryan Forbes,Better Late Than Never (1979 film)
Better Late Than Never (1979 film),screenplayBy,Bryan Forbes,Better Late Than Never (1979 film)
Better Late Than Never (1979 film),basedOn,play 'The Old Ladies' by Rodney Ackland,Better Late Than Never (1979 film)
Better Late Than Never (1979 film),starring,David Niven,Better Late Than Never (1979 film)
Better Late Than Never (1979 film),starring,Maggie Smith,Better Late Than Never (1979 film)
Better Late Than Never (1979 film),starring,Lana Turner,Better Late Than Never (1979 film)
Better Late Than Never (1979 film),starring,John Mills,Better Late Than Never (1979 film)
Better Late Than Never (1979 film),starring,Larry Hagman,Better Late Than Never (1979 film)
Better Late Than Never (1979 film),productionCompany,ITC Entertainment,Better Late Than Never (1979 film)
Better Late Than Never (1979 film),countryOfOrigin,United Kingdom,Better Late Than Never (1979 film)
Better Late Than Never (1979 film),language,English,Better Late Than Never (1979 film)
Better Late Than Never (1979 film),runtime,103 minutes,Better Late Than Never (1979 film)
Better Late Than Never (1979 film),color,color,Better Late Than Never (1979 film)
Live & More (Roberta Flack and Peabo Bryson album),instanceOf,album,Live & More (Roberta Flack and Peabo Bryson album)
Live & More (Roberta Flack and Peabo Bryson album),artist,Roberta Flack,Live & More (Roberta Flack and Peabo Bryson album)
Live & More (Roberta Flack and Peabo Bryson album),artist,Peabo Bryson,Live & More (Roberta Flack and Peabo Bryson album)
Live & More (Roberta Flack and Peabo Bryson album),genre,R&B,Live & More (Roberta Flack and Peabo Bryson album)
Live & More (Roberta Flack and Peabo Bryson album),genre,soul,Live & More (Roberta Flack and Peabo Bryson album)
Live & More (Roberta Flack and Peabo Bryson album),releaseDate,1980,Live & More (Roberta Flack and Peabo Bryson album)
Live & More (Roberta Flack and Peabo Bryson album),recordLabel,Atlantic Records,Live & More (Roberta Flack and Peabo Bryson album)
Live & More (Roberta Flack and Peabo Bryson album),type,live album,Live & More (Roberta Flack and Peabo Bryson album)
Live & More (Roberta Flack and Peabo Bryson album),containsTrack,You Are My Sunshine,Live & More (Roberta Flack and Peabo Bryson album)
Live & More (Roberta Flack and Peabo Bryson album),containsTrack,The Closer I Get to You,Live & More (Roberta Flack and Peabo Bryson album)
Live & More (Roberta Flack and Peabo Bryson album),containsTrack,Feel Like Makin' Love,Live & More (Roberta Flack and Peabo Bryson album)
Live & More (Roberta Flack and Peabo Bryson album),containsTrack,If Ever I See You Again,Live & More (Roberta Flack and Peabo Bryson album)
Live & More (Roberta Flack and Peabo Bryson album),containsTrack,Medley: I'm the One / Natural High / God Don't Like Ugly,Live & More (Roberta Flack and Peabo Bryson album)
Mark Nepo,instanceOf,Person,Mark Nepo
Mark Nepo,instanceOf,Author,Mark Nepo
Mark Nepo,instanceOf,Poet,Mark Nepo
Mark Nepo,instanceOf,Speaker,Mark Nepo
Mark Nepo,dateOfBirth,1951,Mark Nepo
Mark Nepo,placeOfBirth,United States of America,Mark Nepo
Mark Nepo,occupation,Writer,Mark Nepo
Mark Nepo,occupation,Philosopher,Mark Nepo
Mark Nepo,occupation,Spiritual Teacher,Mark Nepo
Mark Nepo,notableWork,The Book of Awakening,Mark Nepo
Mark Nepo,notableWork,Seven Thousand Ways to Listen,Mark Nepo
Mark Nepo,notableWork,More Together Than Alone,Mark Nepo
Mark Nepo,notableWork,The Exquisite Risk,Mark Nepo
Mark Nepo,notableWork,Finding Inner Courage,Mark Nepo
Mark Nepo,award,Books for a Better Life Award,Mark Nepo
Mark Nepo,educatedAt,State University of New York at Binghamton,Mark Nepo
Mark Nepo,educatedAt,New York University,Mark Nepo
Mark Nepo,fieldOfStudy,English Literature,Mark Nepo
Mark Nepo,fieldOfStudy,Philosophy,Mark Nepo
Mark Nepo,genre,Poetry,Mark Nepo
Mark Nepo,genre,Spiritual Literature,Mark Nepo
Mark Nepo,genre,Self-Help,Mark Nepo
Mark Nepo,influencedBy,Rumi,Mark Nepo
Mark Nepo,influencedBy,Rilke,Mark Nepo
Mark Nepo,influencedBy,Kabir,Mark Nepo
Mark Nepo,influencedBy,Carl Jung,Mark Nepo
Mark Nepo,influencedBy,Joseph Campbell,Mark Nepo
Mark Nepo,hasWebsite,https://marknepo.com,Mark Nepo
Mark Nepo,appearedIn,SuperSoul Sunday (Oprah Winfrey Network),Mark Nepo
Mark Nepo,appearedIn,TEDx Talks,Mark Nepo
Mark Nepo,collaboratedWith,Oprah Winfrey,Mark Nepo
Mark Nepo,collaboratedWith,Parker J. Palmer,Mark Nepo
Mark Nepo,collaboratedWith,Wayne Muller,Mark Nepo
Mark Nepo,residence,United States of America,Mark Nepo
Mark Nepo,language,English,Mark Nepo
Mark Nepo,hasChild,1,Mark Nepo
Mark Nepo,survivedCancer,Yes,Mark Nepo
Mark Nepo,cancerType,Lymphoma,Mark Nepo
Mark Nepo,yearOfDiagnosis,1987,Mark Nepo
"2,3-Dimethylhexane",instanceOf,chemical compound,"2,3-Dimethylhexane"
"2,3-Dimethylhexane",instanceOf,alkane,"2,3-Dimethylhexane"
"2,3-Dimethylhexane",IUPAC name,"2,3-dimethylhexane","2,3-Dimethylhexane"
"2,3-Dimethylhexane",molecular formula,C8H18,"2,3-Dimethylhexane"
"2,3-Dimethylhexane",CAS number,584-94-1,"2,3-Dimethylhexane"
"2,3-Dimethylhexane",SMILES,CCC(C)C(C)CC,"2,3-Dimethylhexane"
"2,3-Dimethylhexane",InChI,"InChI=1S/C8H18/c1-5-7(3)8(4)6-2/h7-8H,5-6H2,1-4H3","2,3-Dimethylhexane"
"2,3-Dimethylhexane",molar mass,114.23 g/mol,"2,3-Dimethylhexane"
"2,3-Dimethylhexane",boiling point,115.6 °C,"2,3-Dimethylhexane"
"2,3-Dimethylhexane",melting point,-116.7 °C,"2,3-Dimethylhexane"
"2,3-Dimethylhexane",density,0.712 g/cm³ (at 20 °C),"2,3-Dimethylhexane"
"2,3-Dimethylhexane",isomeric form of,octane,"2,3-Dimethylhexane"
"2,3-Dimethylhexane",structural isomer of,n-octane,"2,3-Dimethylhexane"
"2,3-Dimethylhexane",structural isomer of,2-methylheptane,"2,3-Dimethylhexane"
"2,3-Dimethylhexane",structural isomer of,3-methylheptane,"2,3-Dimethylhexane"
"2,3-Dimethylhexane",structural isomer of,4-methylheptane,"2,3-Dimethylhexane"
"2,3-Dimethylhexane",structural isomer of,3-ethylhexane,"2,3-Dimethylhexane"
"2,3-Dimethylhexane",structural isomer of,"2,2-dimethylhexane","2,3-Dimethylhexane"
"2,3-Dimethylhexane",structural isomer of,"2,4-dimethylhexane","2,3-Dimethylhexane"
"2,3-Dimethylhexane",structural isomer of,"2,5-dimethylhexane","2,3-Dimethylhexane"
"2,3-Dimethylhexane",structural isomer of,"3,3-dimethylhexane","2,3-Dimethylhexane"
"2,3-Dimethylhexane",structural isomer of,"3,4-dimethylhexane","2,3-Dimethylhexane"
"2,3-Dimethylhexane",structural isomer of,"2,2,3-trimethylpentane","2,3-Dimethylhexane"
"2,3-Dimethylhexane",structural isomer of,"2,2,4-trimethylpentane","2,3-Dimethylhexane"
"2,3-Dimethylhexane",structural isomer of,"2,3,3-trimethylpentane","2,3-Dimethylhexane"
"2,3-Dimethylhexane",structural isomer of,"2,3,4-trimethylpentane","2,3-Dimethylhexane"
"2,3-Dimethylhexane",used in,organic synthesis,"2,3-Dimethylhexane"
"2,3-Dimethylhexane",solubility,insoluble in water,"2,3-Dimethylhexane"
"2,3-Dimethylhexane",solubility,soluble in organic solvents,"2,3-Dimethylhexane"
"2,3-Dimethylhexane",refractive index,1.401 (at 20 °C),"2,3-Dimethylhexane"
"2,3-Dimethylhexane",flash point,-6 °C,"2,3-Dimethylhexane"
Dynatrace,instanceOf,company,Dynatrace
Dynatrace,instanceOf,software company,Dynatrace
Dynatrace,industry,information technology,Dynatrace
Dynatrace,industry,software,Dynatrace
Dynatrace,founded,2005,Dynatrace
Dynatrace,founder,Bernd Greifeneder,Dynatrace
Dynatrace,headquarters,"Waltham, Massachusetts, United States",Dynatrace
Dynatrace,CEO,Rick McConnell,Dynatrace
Dynatrace,products,Dynatrace Software Intelligence Platform,Dynatrace
Dynatrace,products,Dynatrace Application Performance Monitoring (APM),Dynatrace
Dynatrace,products,Dynatrace Infrastructure Monitoring,Dynatrace
Dynatrace,products,Dynatrace Digital Experience Monitoring,Dynatrace
Dynatrace,products,Dynatrace AIOps,Dynatrace
Dynatrace,services,application performance management,Dynatrace
Dynatrace,services,cloud monitoring,Dynatrace
Dynatrace,services,IT operations analytics,Dynatrace
Dynatrace,services,digital experience management,Dynatrace
Dynatrace,revenue,approximately $1 billion (2022),Dynatrace
Dynatrace,employees,"over 3,500",Dynatrace
Dynatrace,stockSymbol,DT,Dynatrace
Dynatrace,stockExchange,New York Stock Exchange (NYSE),Dynatrace
Dynatrace,website,www.dynatrace.com,Dynatrace
Dynatrace,acquired,Qumram (2017),Dynatrace
Dynatrace,acquired,Ruxit (2014),Dynatrace
Dynatrace,acquired,Keynote Systems (2015),Dynatrace
Dynatrace,parentOrganization,"Compuware (formerly, before 2014)",Dynatrace
Dynatrace,typeOfBusiness,public company,Dynatrace
Dynatrace,technology,artificial intelligence for IT operations (AIOps),Dynatrace
Dynatrace,technology,full-stack monitoring,Dynatrace
Dynatrace,technology,automated root cause analysis,Dynatrace
Dynatrace,customers,enterprises,Dynatrace
Dynatrace,customers,government agencies,Dynatrace
Dynatrace,competitors,New Relic,Dynatrace
Dynatrace,competitors,AppDynamics,Dynatrace
Dynatrace,competitors,Datadog,Dynatrace
Dynatrace,competitors,Splunk,Dynatrace
Dynatrace,awards,Gartner Magic Quadrant Leader for APM (multiple years),Dynatrace
Dynatrace,partnerships,Microsoft Azure,Dynatrace
Dynatrace,partnerships,Amazon Web Services (AWS),Dynatrace
Dynatrace,partnerships,Google Cloud Platform (GCP),Dynatrace
Dynatrace,partnerships,Red Hat,Dynatrace
1942 Croatian First League,instanceOf,football league,1942 Croatian First League
1942 Croatian First League,instanceOf,sports competition,1942 Croatian First League
1942 Croatian First League,partOf,Independent State of Croatia (WWII),1942 Croatian First League
1942 Croatian First League,sport,association football,1942 Croatian First League
1942 Croatian First League,country,Independent State of Croatia,1942 Croatian First League
1942 Croatian First League,startDate,1942,1942 Croatian First League
1942 Croatian First League,endDate,1942,1942 Croatian First League
1942 Croatian First League,organizer,"Croatian Football Federation (HNS, WWII-era)",1942 Croatian First League
1942 Croatian First League,winner,HŠK Građanski Zagreb,1942 Croatian First League
1942 Croatian First League,numberOfTeams,10,1942 Croatian First League
1942 Croatian First League,format,round-robin tournament,1942 Croatian First League
1942 Croatian First League,precededBy,1941 Croatian First League,1942 Croatian First League
1942 Croatian First League,succeededBy,1943 Croatian First League,1942 Croatian First League
1942 Croatian First League,notableTeam,HŠK Građanski Zagreb,1942 Croatian First League
1942 Croatian First League,notableTeam,HAŠK Zagreb,1942 Croatian First League
1942 Croatian First League,notableTeam,HŠK Concordia Zagreb,1942 Croatian First League
1942 Croatian First League,notableTeam,HNK Hajduk Split,1942 Croatian First League
1942 Croatian First League,historicalContext,World War II,1942 Croatian First League
1942 Croatian First League,status,discontinued,1942 Croatian First League
Lexia to Perplexia,instanceOf,hypertext fiction,Lexia to Perplexia
Lexia to Perplexia,author,Talan Memmott,Lexia to Perplexia
Lexia to Perplexia,publicationYear,2000,Lexia to Perplexia
Lexia to Perplexia,genre,electronic literature,Lexia to Perplexia
Lexia to Perplexia,genre,digital poetry,Lexia to Perplexia
Lexia to Perplexia,medium,web-based,Lexia to Perplexia
Lexia to Perplexia,language,English,Lexia to Perplexia
Lexia to Perplexia,award,Electronic Literature Organization Award,Lexia to Perplexia
Lexia to Perplexia,themes,identity,Lexia to Perplexia
Lexia to Perplexia,themes,technology,Lexia to Perplexia
Lexia to Perplexia,themes,language,Lexia to Perplexia
Lexia to Perplexia,influences,postmodernism,Lexia to Perplexia
Lexia to Perplexia,influences,cybertext theory,Lexia to Perplexia
Lexia to Perplexia,partOf,Electronic Literature Collection,Lexia to Perplexia
Lexia to Perplexia,hostedBy,Electronic Literature Directory,Lexia to Perplexia
Barbarano Mossano,instanceOf,comune (municipality),Barbarano Mossano
Barbarano Mossano,instanceOf,administrative territorial entity,Barbarano Mossano
Barbarano Mossano,locatedIn,Italy,Barbarano Mossano
Barbarano Mossano,locatedIn,Veneto,Barbarano Mossano
Barbarano Mossano,locatedIn,Province of Vicenza,Barbarano Mossano
Barbarano Mossano,formedByMergerOf,Barbarano Vicentino,Barbarano Mossano
Barbarano Mossano,formedByMergerOf,Mossano,Barbarano Mossano
Barbarano Mossano,established,2018,Barbarano Mossano
Barbarano Mossano,population,"approximately 4,500 (as of recent estimates)",Barbarano Mossano
Barbarano Mossano,coordinates,"45.4000° N, 11.5333° E",Barbarano Mossano
Barbarano Mossano,officialLanguage,Italian,Barbarano Mossano
Ventilator (2018 film),instanceOf,Film,Ventilator (2018 film)
Ventilator (2018 film),releaseYear,2018,Ventilator (2018 film)
Ventilator (2018 film),genre,Drama,Ventilator (2018 film)
Ventilator (2018 film),genre,Comedy,Ventilator (2018 film)
Ventilator (2018 film),country,India,Ventilator (2018 film)
Ventilator (2018 film),language,Marathi,Ventilator (2018 film)
Ventilator (2018 film),director,Rajesh Mapuskar,Ventilator (2018 film)
Ventilator (2018 film),producer,Priyanka Chopra,Ventilator (2018 film)
Ventilator (2018 film),producer,Madhu Chopra,Ventilator (2018 film)
Ventilator (2018 film),screenplay,Rajesh Mapuskar,Ventilator (2018 film)
Ventilator (2018 film),musicComposer,Rohit Nagavkar,Ventilator (2018 film)
Ventilator (2018 film),cinematography,Archana Borhade,Ventilator (2018 film)
Ventilator (2018 film),editor,Satchit Puranik,Ventilator (2018 film)
Ventilator (2018 film),productionCompany,Purple Pebble Pictures,Ventilator (2018 film)
Ventilator (2018 film),starring,Jitendra Joshi,Ventilator (2018 film)
Ventilator (2018 film),starring,Sulbha Arya,Ventilator (2018 film)
Ventilator (2018 film),starring,Ashutosh Gowariker,Ventilator (2018 film)
Ventilator (2018 film),starring,Sukanya Kulkarni,Ventilator (2018 film)
Ventilator (2018 film),award,National Film Award for Best Feature Film in Marathi,Ventilator (2018 film)
Ventilator (2018 film),award,Filmfare Award Marathi for Best Film,Ventilator (2018 film)
Ventilator (2018 film),award,Filmfare Award Marathi for Best Director,Ventilator (2018 film)
Ventilator (2018 film),plotSummary,"A family gathers in a hospital as their patriarch is on a ventilator, leading to a series of emotional and humorous events.",Ventilator (2018 film)
Legion (video game),instanceOf,video game,Legion (video game)
Legion (video game),developer,Slitherine Software,Legion (video game)
Legion (video game),publisher,Slitherine Software,Legion (video game)
Legion (video game),genre,turn-based strategy,Legion (video game)
Legion (video game),genre,grand strategy,Legion (video game)
Legion (video game),platform,Microsoft Windows,Legion (video game)
Legion (video game),releaseDate,2020-03-19,Legion (video game)
Legion (video game),setting,Ancient Rome,Legion (video game)
Legion (video game),gameMode,single-player,Legion (video game)
Legion (video game),partOfSeries,Legion,Legion (video game)
Legion (video game),predecessor,Grand Tactician: The Civil War (1861-1865),Legion (video game)
Legion (video game),engine,Unity,Legion (video game)
Legion (video game),designer,Johan Nagel,Legion (video game)
Legion (video game),composer,Timothy Michael Wynn,Legion (video game)
Legion (video game),artDirector,Mikko Rautalahti,Legion (video game)
Legion (video game),theme,military,Legion (video game)
Legion (video game),theme,history,Legion (video game)
Legion (video game),esrbRating,T (Teen),Legion (video game)
Legion (video game),pegiRating,12,Legion (video game)
Legion (video game),minimumCpu,Intel Core i3-2100 or AMD Phenom II X4 965,Legion (video game)
Legion (video game),minimumRam,4 GB,Legion (video game)
Legion (video game),minimumGpu,NVIDIA GeForce GTX 460 or AMD Radeon HD 5870,Legion (video game)
Legion (video game),minimumStorage,2 GB,Legion (video game)
Legion (video game),directorsCut,Legion Gold,Legion (video game)
Legion (video game),expansionFor,Legion Gold,Legion (video game)
Legion (video game),inspiredBy,Total War series,Legion (video game)
Legion (video game),features,real-time tactical battles,Legion (video game)
Legion (video game),features,strategic campaign map,Legion (video game)
Legion (video game),features,historical factions,Legion (video game)
Legion (video game),factions,Rome,Legion (video game)
Legion (video game),factions,Carthage,Legion (video game)
Legion (video game),factions,Gaul,Legion (video game)
Legion (video game),factions,Germania,Legion (video game)
Legion (video game),factions,Greece,Legion (video game)
Legion (video game),factions,Egypt,Legion (video game)
Legion (video game),gameplayFeature,diplomacy,Legion (video game)
Legion (video game),gameplayFeature,resource management,Legion (video game)
Legion (video game),gameplayFeature,unit customization,Legion (video game)
Legion (video game),gameplayFeature,province development,Legion (video game)
Legion (video game),award,Best Strategy Game (2020) - Wargamer,Legion (video game)
Legion (video game),reception,generally positive reviews,Legion (video game)
Legion (video game),metacriticScore,75/100,Legion (video game)
Trouble No More (Darden Smith album),instanceOf,music album,Trouble No More (Darden Smith album)
Trouble No More (Darden Smith album),artist,Darden Smith,Trouble No More (Darden Smith album)
Trouble No More (Darden Smith album),releaseYear,1990,Trouble No More (Darden Smith album)
Trouble No More (Darden Smith album),genre,folk rock,Trouble No More (Darden Smith album)
Trouble No More (Darden Smith album),recordLabel,Columbia Records,Trouble No More (Darden Smith album)
Trouble No More (Darden Smith album),producer,John Leventhal,Trouble No More (Darden Smith album)
Trouble No More (Darden Smith album),trackCount,10,Trouble No More (Darden Smith album)
Trouble No More (Darden Smith album),language,English,Trouble No More (Darden Smith album)
Fahhad Al-Subaie,instanceOf,Person,Fahhad Al-Subaie
Fahhad Al-Subaie,instanceOf,Footballer,Fahhad Al-Subaie
Fahhad Al-Subaie,nationality,Saudi Arabian,Fahhad Al-Subaie
Fahhad Al-Subaie,dateOfBirth,1992-07-10,Fahhad Al-Subaie
Fahhad Al-Subaie,placeOfBirth,"Riyadh, Saudi Arabia",Fahhad Al-Subaie
Fahhad Al-Subaie,positionPlayed,Midfielder,Fahhad Al-Subaie
Fahhad Al-Subaie,currentClub,Al-Fateh SC,Fahhad Al-Subaie
Fahhad Al-Subaie,previousClub,Al-Hilal FC,Fahhad Al-Subaie
Fahhad Al-Subaie,previousClub,Al-Shabab FC,Fahhad Al-Subaie
Fahhad Al-Subaie,previousClub,Al-Taawoun FC,Fahhad Al-Subaie
Fahhad Al-Subaie,league,Saudi Professional League,Fahhad Al-Subaie
Fahhad Al-Subaie,height,1.78 m,Fahhad Al-Subaie
Tigrovaya Balka Nature Reserve,instanceOf,nature reserve,Tigrovaya Balka Nature Reserve
Tigrovaya Balka Nature Reserve,instanceOf,protected area,Tigrovaya Balka Nature Reserve
Tigrovaya Balka Nature Reserve,locatedIn,Tajikistan,Tigrovaya Balka Nature Reserve
Tigrovaya Balka Nature Reserve,locatedIn,Khatlon Region,Tigrovaya Balka Nature Reserve
Tigrovaya Balka Nature Reserve,near,Vakhsh River,Tigrovaya Balka Nature Reserve
Tigrovaya Balka Nature Reserve,near,Pyanj River,Tigrovaya Balka Nature Reserve
Tigrovaya Balka Nature Reserve,established,1938,Tigrovaya Balka Nature Reserve
Tigrovaya Balka Nature Reserve,area,460 square kilometers,Tigrovaya Balka Nature Reserve
Tigrovaya Balka Nature Reserve,knownFor,biodiversity,Tigrovaya Balka Nature Reserve
Tigrovaya Balka Nature Reserve,knownFor,tugai forests,Tigrovaya Balka Nature Reserve
Tigrovaya Balka Nature Reserve,knownFor,rare species,Tigrovaya Balka Nature Reserve
Tigrovaya Balka Nature Reserve,habitatFor,Bukhara deer,Tigrovaya Balka Nature Reserve
Tigrovaya Balka Nature Reserve,habitatFor,striped hyena,Tigrovaya Balka Nature Reserve
Tigrovaya Balka Nature Reserve,habitatFor,Pallas's cat,Tigrovaya Balka Nature Reserve
Tigrovaya Balka Nature Reserve,habitatFor,goitered gazelle,Tigrovaya Balka Nature Reserve
Tigrovaya Balka Nature Reserve,habitatFor,various bird species,Tigrovaya Balka Nature Reserve
Tigrovaya Balka Nature Reserve,typeOfEcosystem,riverine forest,Tigrovaya Balka Nature Reserve
Tigrovaya Balka Nature Reserve,typeOfEcosystem,desert,Tigrovaya Balka Nature Reserve
Tigrovaya Balka Nature Reserve,typeOfEcosystem,wetland,Tigrovaya Balka Nature Reserve
Tigrovaya Balka Nature Reserve,recognizedAs,Ramsar site,Tigrovaya Balka Nature Reserve
Tigrovaya Balka Nature Reserve,recognizedAs,Important Bird Area (IBA),Tigrovaya Balka Nature Reserve
Tigrovaya Balka Nature Reserve,threatenedBy,poaching,Tigrovaya Balka Nature Reserve
Tigrovaya Balka Nature Reserve,threatenedBy,habitat loss,Tigrovaya Balka Nature Reserve
Tigrovaya Balka Nature Reserve,threatenedBy,water diversion,Tigrovaya Balka Nature Reserve
Ali Abbasi (director),instanceOf,person,Ali Abbasi (director)
Ali Abbasi (director),instanceOf,film director,Ali Abbasi (director)
Ali Abbasi (director),birthDate,1981-12-22,Ali Abbasi (director)
Ali Abbasi (director),birthPlace,"Tehran, Iran",Ali Abbasi (director)
Ali Abbasi (director),nationality,Iranian,Ali Abbasi (director)
Ali Abbasi (director),nationality,Danish,Ali Abbasi (director)
Ali Abbasi (director),education,University of Tehran (Bachelor's in Architecture),Ali Abbasi (director)
Ali Abbasi (director),education,National Film School of Denmark (MFA in Film Directing),Ali Abbasi (director)
Ali Abbasi (director),occupation,film director,Ali Abbasi (director)
Ali Abbasi (director),occupation,screenwriter,Ali Abbasi (director)
Ali Abbasi (director),notableWork,Shelley (2016),Ali Abbasi (director)
Ali Abbasi (director),notableWork,Border (2018),Ali Abbasi (director)
Ali Abbasi (director),notableWork,Holy Spider (2022),Ali Abbasi (director)
Ali Abbasi (director),award,"Un Certain Regard Award for Best Director (Cannes Film Festival, 2022)",Ali Abbasi (director)
Ali Abbasi (director),award,Nordic Council Film Prize (2018),Ali Abbasi (director)
Ali Abbasi (director),spouse,Johanne Algren (married 2018),Ali Abbasi (director)
Ali Abbasi (director),languageSpoken,Persian,Ali Abbasi (director)
Ali Abbasi (director),languageSpoken,Danish,Ali Abbasi (director)
Ali Abbasi (director),languageSpoken,English,Ali Abbasi (director)
Ali Abbasi (director),residence,"Copenhagen, Denmark",Ali Abbasi (director)
Ali Abbasi (director),genre,horror,Ali Abbasi (director)
Ali Abbasi (director),genre,thriller,Ali Abbasi (director)
Ali Abbasi (director),genre,crime,Ali Abbasi (director)
Ali Abbasi (director),collaborator,Eva Melander (actress),Ali Abbasi (director)
Ali Abbasi (director),collaborator,Eero Milonoff (actor),Ali Abbasi (director)
Ali Abbasi (director),collaborator,Johanne Algren (producer),Ali Abbasi (director)
Shelley (2016),director,Ali Abbasi (director),Ali Abbasi (director)
Shelley (2016),genre,horror,Ali Abbasi (director)
Shelley (2016),releaseDate,2016,Ali Abbasi (director)
Border (2018),director,Ali Abbasi (director),Ali Abbasi (director)
Border (2018),genre,fantasy,Ali Abbasi (director)
Border (2018),genre,drama,Ali Abbasi (director)
Border (2018),releaseDate,2018-05-10,Ali Abbasi (director)
Border (2018),award,"Un Certain Regard Award (Cannes Film Festival, 2018)",Ali Abbasi (director)
Holy Spider (2022),director,Ali Abbasi (director),Ali Abbasi (director)
Holy Spider (2022),genre,crime,Ali Abbasi (director)
Holy Spider (2022),genre,thriller,Ali Abbasi (director)
Holy Spider (2022),releaseDate,2022-05-22,Ali Abbasi (director)
Holy Spider (2022),award,"Un Certain Regard Award for Best Director (Cannes Film Festival, 2022)",Ali Abbasi (director)
Holy Spider (2022),basedOn,"true events (serial killings in Mashhad, Iran)",Ali Abbasi (director)
Walter Ross (boxer),instanceOf,boxer,Walter Ross (boxer)
Walter Ross (boxer),instanceOf,person,Walter Ross (boxer)
Walter Ross (boxer),birthName,Walter Ross,Walter Ross (boxer)
Walter Ross (boxer),sport,boxing,Walter Ross (boxer)
Walter Ross (boxer),nationality,British,Walter Ross (boxer)
Walter Ross (boxer),birthDate,1900s (exact date unknown),Walter Ross (boxer)
Walter Ross (boxer),deathDate,Unknown,Walter Ross (boxer)
Walter Ross (boxer),weightClass,lightweight,Walter Ross (boxer)
Walter Ross (boxer),careerStart,1920s (approximate),Walter Ross (boxer)
Walter Ross (boxer),careerEnd,1930s (approximate),Walter Ross (boxer)
Walter Ross (boxer),notableOpponents,Jackie Brown,Walter Ross (boxer)
Walter Ross (boxer),notableOpponents,Johnny Cuthbert,Walter Ross (boxer)
Walter Ross (boxer),record,Limited documented bouts (exact record unknown),Walter Ross (boxer)
Walter Ross (boxer),associatedWith,British boxing scene (early 20th century),Walter Ross (boxer)
HDMS Peder Skram (1864),instanceOf,ship,HDMS Peder Skram (1864)
HDMS Peder Skram (1864),instanceOf,warship,HDMS Peder Skram (1864)
HDMS Peder Skram (1864),instanceOf,monitor,HDMS Peder Skram (1864)
HDMS Peder Skram (1864),country,Denmark,HDMS Peder Skram (1864)
HDMS Peder Skram (1864),operator,Royal Danish Navy,HDMS Peder Skram (1864)
HDMS Peder Skram (1864),type,Peder Skram-class monitor,HDMS Peder Skram (1864)
HDMS Peder Skram (1864),launched,1864,HDMS Peder Skram (1864)
HDMS Peder Skram (1864),commissioned,1866,HDMS Peder Skram (1864)
HDMS Peder Skram (1864),decommissioned,1897,HDMS Peder Skram (1864)
HDMS Peder Skram (1864),displacement,"2,100 tons",HDMS Peder Skram (1864)
HDMS Peder Skram (1864),length,67.2 meters,HDMS Peder Skram (1864)
HDMS Peder Skram (1864),beam,13.2 meters,HDMS Peder Skram (1864)
HDMS Peder Skram (1864),draught,4.5 meters,HDMS Peder Skram (1864)
HDMS Peder Skram (1864),propulsion,steam engine,HDMS Peder Skram (1864)
HDMS Peder Skram (1864),speed,8 knots,HDMS Peder Skram (1864)
HDMS Peder Skram (1864),armament,2 × 229 mm guns,HDMS Peder Skram (1864)
HDMS Peder Skram (1864),armament,4 × 152 mm guns,HDMS Peder Skram (1864)
HDMS Peder Skram (1864),armament,2 × 87 mm guns,HDMS Peder Skram (1864)
HDMS Peder Skram (1864),armor,belt: 114–140 mm,HDMS Peder Skram (1864)
HDMS Peder Skram (1864),armor,turret: 140 mm,HDMS Peder Skram (1864)
HDMS Peder Skram (1864),armor,deck: 25 mm,HDMS Peder Skram (1864)
HDMS Peder Skram (1864),namedAfter,Peder Skram,HDMS Peder Skram (1864)
HDMS Peder Skram (1864),builder,Orlogsværftet (Royal Danish Naval Shipyard),HDMS Peder Skram (1864)
HDMS Peder Skram (1864),fate,scrapped in 1908,HDMS Peder Skram (1864)
"Ann, Lady Fanshawe",instanceOf,person,"Ann, Lady Fanshawe"
"Ann, Lady Fanshawe",instanceOf,writer,"Ann, Lady Fanshawe"
"Ann, Lady Fanshawe",instanceOf,noblewoman,"Ann, Lady Fanshawe"
"Ann, Lady Fanshawe",fullName,"Ann Harrison, Lady Fanshawe","Ann, Lady Fanshawe"
"Ann, Lady Fanshawe",birthDate,1625-03-25,"Ann, Lady Fanshawe"
"Ann, Lady Fanshawe",deathDate,1680-01-20,"Ann, Lady Fanshawe"
"Ann, Lady Fanshawe",birthPlace,"London, England","Ann, Lady Fanshawe"
"Ann, Lady Fanshawe",deathPlace,"Madrid, Spain","Ann, Lady Fanshawe"
"Ann, Lady Fanshawe",spouse,Sir Richard Fanshawe,"Ann, Lady Fanshawe"
"Ann, Lady Fanshawe",notableWork,Memoirs of Lady Fanshawe,"Ann, Lady Fanshawe"
"Ann, Lady Fanshawe",nationality,English,"Ann, Lady Fanshawe"
"Ann, Lady Fanshawe",occupation,diarist,"Ann, Lady Fanshawe"
"Ann, Lady Fanshawe",era,17th century,"Ann, Lady Fanshawe"
Sir Richard Fanshawe,instanceOf,diplomat,"Ann, Lady Fanshawe"
Sir Richard Fanshawe,instanceOf,translator,"Ann, Lady Fanshawe"
Memoirs of Lady Fanshawe,instanceOf,autobiography,"Ann, Lady Fanshawe"
Memoirs of Lady Fanshawe,author,"Ann, Lady Fanshawe","Ann, Lady Fanshawe"
Memoirs of Lady Fanshawe,publicationYear,1829,"Ann, Lady Fanshawe"
Cilejit railway station,instanceOf,railway station,Cilejit railway station
Cilejit railway station,locatedIn,Indonesia,Cilejit railway station
Cilejit railway station,locatedIn,West Java,Cilejit railway station
Cilejit railway station,locatedIn,Cianjur Regency,Cilejit railway station
Cilejit railway station,serves,Cianjur,Cilejit railway station
Cilejit railway station,operatedBy,Kereta Api Indonesia,Cilejit railway station
Cilejit railway station,railwayLine,Padalarang-Kasugihan railway line,Cilejit railway station
Cilejit railway station,stationCode,CJT,Cilejit railway station
Cilejit railway station,opened,1883,Cilejit railway station
Cilejit railway station,type,small station,Cilejit railway station
Cilejit railway station,hasPlatforms,2,Cilejit railway station
Shuangxi Park and Chinese Garden,instanceOf,public park,Shuangxi Park and Chinese Garden
Shuangxi Park and Chinese Garden,instanceOf,Chinese garden,Shuangxi Park and Chinese Garden
Shuangxi Park and Chinese Garden,location,"Taipei, Taiwan",Shuangxi Park and Chinese Garden
Shuangxi Park and Chinese Garden,locatedInAdministrativeEntity,Shilin District,Shuangxi Park and Chinese Garden
Shuangxi Park and Chinese Garden,established,1970s,Shuangxi Park and Chinese Garden
Shuangxi Park and Chinese Garden,features,traditional Chinese architecture,Shuangxi Park and Chinese Garden
Shuangxi Park and Chinese Garden,features,ponds,Shuangxi Park and Chinese Garden
Shuangxi Park and Chinese Garden,features,bridges,Shuangxi Park and Chinese Garden
Shuangxi Park and Chinese Garden,features,pavilions,Shuangxi Park and Chinese Garden
Shuangxi Park and Chinese Garden,features,walking paths,Shuangxi Park and Chinese Garden
Shuangxi Park and Chinese Garden,features,botanical gardens,Shuangxi Park and Chinese Garden
Shuangxi Park and Chinese Garden,designedBy,Taipei City Government,Shuangxi Park and Chinese Garden
Shuangxi Park and Chinese Garden,area,approximately 2.5 hectares,Shuangxi Park and Chinese Garden
Shuangxi Park and Chinese Garden,namedAfter,Shuangxi River,Shuangxi Park and Chinese Garden
Shuangxi Park and Chinese Garden,nearbyAttraction,National Palace Museum,Shuangxi Park and Chinese Garden
Shuangxi Park and Chinese Garden,publicAccess,free,Shuangxi Park and Chinese Garden
Shuangxi Park and Chinese Garden,culturalSignificance,represents traditional Chinese landscaping,Shuangxi Park and Chinese Garden
Microsoft Band 2,instanceOf,smartwatch,Microsoft Band 2
Microsoft Band 2,instanceOf,fitness tracker,Microsoft Band 2
Microsoft Band 2,manufacturer,Microsoft,Microsoft Band 2
Microsoft Band 2,releaseDate,2015-10-30,Microsoft Band 2
Microsoft Band 2,discontinuedDate,2016-10-03,Microsoft Band 2
Microsoft Band 2,predecessor,Microsoft Band,Microsoft Band 2
Microsoft Band 2,successor,None,Microsoft Band 2
Microsoft Band 2,operatingSystem,Microsoft Band software,Microsoft Band 2
Microsoft Band 2,displayType,Curved AMOLED,Microsoft Band 2
Microsoft Band 2,displaySize,1.42 inches,Microsoft Band 2
Microsoft Band 2,resolution,320 x 128 pixels,Microsoft Band 2
Microsoft Band 2,batteryLife,Up to 48 hours,Microsoft Band 2
Microsoft Band 2,connectivity,Bluetooth 4.0,Microsoft Band 2
Microsoft Band 2,sensors,Optical heart rate monitor,Microsoft Band 2
Microsoft Band 2,sensors,3-axis accelerometer,Microsoft Band 2
Microsoft Band 2,sensors,Gyrometer,Microsoft Band 2
Microsoft Band 2,sensors,GPS,Microsoft Band 2
Microsoft Band 2,sensors,Ambient light sensor,Microsoft Band 2
Microsoft Band 2,sensors,Skin temperature sensor,Microsoft Band 2
Microsoft Band 2,sensors,UV sensor,Microsoft Band 2
Microsoft Band 2,sensors,Capacitive sensor,Microsoft Band 2
Microsoft Band 2,sensors,Galvanic skin response,Microsoft Band 2
Microsoft Band 2,sensors,Barometer,Microsoft Band 2
Microsoft Band 2,compatibleWith,Windows Phone,Microsoft Band 2
Microsoft Band 2,compatibleWith,iOS,Microsoft Band 2
Microsoft Band 2,compatibleWith,Android,Microsoft Band 2
Microsoft Band 2,colorOptions,Black,Microsoft Band 2
Microsoft Band 2,colorOptions,Silver,Microsoft Band 2
Microsoft Band 2,weight,51 grams,Microsoft Band 2
Microsoft Band 2,waterResistance,IP67,Microsoft Band 2
Microsoft Band 2,features,Sleep tracking,Microsoft Band 2
Microsoft Band 2,features,Exercise tracking,Microsoft Band 2
Microsoft Band 2,features,Notifications,Microsoft Band 2
Microsoft Band 2,features,Cortana integration,Microsoft Band 2
Microsoft Band 2,features,Guided workouts,Microsoft Band 2
Audio Publishers Association,instanceOf,professional organization,Audio Publishers Association
Audio Publishers Association,instanceOf,trade association,Audio Publishers Association
Audio Publishers Association,abbreviation,APA,Audio Publishers Association
Audio Publishers Association,foundedIn,1986,Audio Publishers Association
Audio Publishers Association,headquartersLocation,United States,Audio Publishers Association
Audio Publishers Association,purpose,promote audiobook publishing,Audio Publishers Association
Audio Publishers Association,purpose,advocate for audiobook industry,Audio Publishers Association
Audio Publishers Association,purpose,provide industry research,Audio Publishers Association
Audio Publishers Association,awards,Audie Awards,Audio Publishers Association
Audio Publishers Association,website,audiopub.org,Audio Publishers Association
Audio Publishers Association,industryFocus,audiobook publishing,Audio Publishers Association
Audio Publishers Association,membership,publishers,Audio Publishers Association
Audio Publishers Association,membership,authors,Audio Publishers Association
Audio Publishers Association,membership,narrators,Audio Publishers Association
Audio Publishers Association,membership,retailers,Audio Publishers Association
Audio Publishers Association,membership,distributors,Audio Publishers Association
Every Ocean Hughes,instanceOf,Person,Every Ocean Hughes
Every Ocean Hughes,instanceOf,Artist,Every Ocean Hughes
Every Ocean Hughes,occupation,Performance Artist,Every Ocean Hughes
Every Ocean Hughes,occupation,Visual Artist,Every Ocean Hughes
Every Ocean Hughes,occupation,Writer,Every Ocean Hughes
Every Ocean Hughes,birthName,Emily Roysdon,Every Ocean Hughes
Every Ocean Hughes,alsoKnownAs,Emily Roysdon,Every Ocean Hughes
Every Ocean Hughes,gender,Non-binary,Every Ocean Hughes
Every Ocean Hughes,nationality,American,Every Ocean Hughes
Every Ocean Hughes,nationality,Swedish,Every Ocean Hughes
Every Ocean Hughes,fieldOfWork,Contemporary Art,Every Ocean Hughes
Every Ocean Hughes,fieldOfWork,Queer Theory,Every Ocean Hughes
Every Ocean Hughes,fieldOfWork,Feminist Art,Every Ocean Hughes
Every Ocean Hughes,education,"University of California, Los Angeles (UCLA)",Every Ocean Hughes
Every Ocean Hughes,education,"Royal Institute of Art, Stockholm",Every Ocean Hughes
Every Ocean Hughes,notableWork,Uncounted,Every Ocean Hughes
Every Ocean Hughes,notableWork,Time Passes,Every Ocean Hughes
Every Ocean Hughes,notableWork,Ecstatic Resistance,Every Ocean Hughes
Every Ocean Hughes,award,Creative Capital Award,Every Ocean Hughes
Every Ocean Hughes,award,Louis Comfort Tiffany Foundation Biennial Award,Every Ocean Hughes
Every Ocean Hughes,collaboratedWith,Mårten Spångberg,Every Ocean Hughes
Every Ocean Hughes,collaboratedWith,Xavier Le Roy,Every Ocean Hughes
Every Ocean Hughes,residence,New York City,Every Ocean Hughes
Every Ocean Hughes,residence,Stockholm,Every Ocean Hughes
Every Ocean Hughes,associatedWith,LTTR (Lesbian Transgender Transsexual Rights),Every Ocean Hughes
Every Ocean Hughes,associatedWith,Feminist Art Movement,Every Ocean Hughes
Every Ocean Hughes,associatedWith,Queer Art,Every Ocean Hughes
Tamil Times,instanceOf,newspaper,Tamil Times
Tamil Times,language,Tamil,Tamil Times
Tamil Times,language,English,Tamil Times
Tamil Times,country,United Kingdom,Tamil Times
Tamil Times,type,monthly publication,Tamil Times
Tamil Times,founded,1983,Tamil Times
Tamil Times,targetAudience,Tamil diaspora,Tamil Times
Tamil Times,publisher,Tamil Times Ltd,Tamil Times
Tamil Times,ceasedPublication,2016,Tamil Times
Acta Zoologica Cracoviensia,instanceOf,scientific journal,Acta Zoologica Cracoviensia
Acta Zoologica Cracoviensia,field,zoology,Acta Zoologica Cracoviensia
Acta Zoologica Cracoviensia,publisher,Polish Academy of Sciences,Acta Zoologica Cracoviensia
Acta Zoologica Cracoviensia,language,English,Acta Zoologica Cracoviensia
Acta Zoologica Cracoviensia,publicationFrequency,quarterly,Acta Zoologica Cracoviensia
Acta Zoologica Cracoviensia,firstPublished,1956,Acta Zoologica Cracoviensia
Acta Zoologica Cracoviensia,ISSN,0065-1710,Acta Zoologica Cracoviensia
Acta Zoologica Cracoviensia,eISSN,1895-3131,Acta Zoologica Cracoviensia
Acta Zoologica Cracoviensia,subjectArea,animal systematics,Acta Zoologica Cracoviensia
Acta Zoologica Cracoviensia,subjectArea,morphology,Acta Zoologica Cracoviensia
Acta Zoologica Cracoviensia,subjectArea,ecology,Acta Zoologica Cracoviensia
Acta Zoologica Cracoviensia,subjectArea,behavior,Acta Zoologica Cracoviensia
Acta Zoologica Cracoviensia,indexedIn,Scopus,Acta Zoologica Cracoviensia
Acta Zoologica Cracoviensia,indexedIn,Web of Science,Acta Zoologica Cracoviensia
Acta Zoologica Cracoviensia,openAccess,yes,Acta Zoologica Cracoviensia
Acta Zoologica Cracoviensia,website,https://azc.isez.pan.krakow.pl/,Acta Zoologica Cracoviensia
Roman amphitheatre of Italica,instanceOf,amphitheatre,Roman amphitheatre of Italica
Roman amphitheatre of Italica,instanceOf,Roman architectural structure,Roman amphitheatre of Italica
Roman amphitheatre of Italica,location,Italica,Roman amphitheatre of Italica
Roman amphitheatre of Italica,location,Santiponce,Roman amphitheatre of Italica
Roman amphitheatre of Italica,location,Seville Province,Roman amphitheatre of Italica
Roman amphitheatre of Italica,location,Andalusia,Roman amphitheatre of Italica
Roman amphitheatre of Italica,location,Spain,Roman amphitheatre of Italica
Roman amphitheatre of Italica,country,Spain,Roman amphitheatre of Italica
Roman amphitheatre of Italica,constructionPeriod,1st century AD,Roman amphitheatre of Italica
Roman amphitheatre of Italica,builtBy,Romans,Roman amphitheatre of Italica
Roman amphitheatre of Italica,commissionedBy,Emperor Hadrian,Roman amphitheatre of Italica
Roman amphitheatre of Italica,capacity,25000,Roman amphitheatre of Italica
Roman amphitheatre of Italica,architecturalStyle,Roman,Roman amphitheatre of Italica
Roman amphitheatre of Italica,material,stone,Roman amphitheatre of Italica
Roman amphitheatre of Italica,material,brick,Roman amphitheatre of Italica
Roman amphitheatre of Italica,material,concrete,Roman amphitheatre of Italica
Roman amphitheatre of Italica,usedFor,gladiatorial games,Roman amphitheatre of Italica
Roman amphitheatre of Italica,usedFor,public spectacles,Roman amphitheatre of Italica
Roman amphitheatre of Italica,usedFor,theatrical performances,Roman amphitheatre of Italica
Roman amphitheatre of Italica,currentStatus,ruins,Roman amphitheatre of Italica
Roman amphitheatre of Italica,currentStatus,archaeological site,Roman amphitheatre of Italica
Roman amphitheatre of Italica,UNESCOWorldHeritageStatus,not listed,Roman amphitheatre of Italica
Roman amphitheatre of Italica,partOf,Archaeological Ensemble of Italica,Roman amphitheatre of Italica
Roman amphitheatre of Italica,coordinates,"37.4422° N, 6.0406° W",Roman amphitheatre of Italica
Roman amphitheatre of Italica,notableFeature,arena,Roman amphitheatre of Italica
Roman amphitheatre of Italica,notableFeature,cavea (seating area),Roman amphitheatre of Italica
Roman amphitheatre of Italica,notableFeature,underground passages (hypogeum),Roman amphitheatre of Italica
Roman amphitheatre of Italica,discovered,18th century,Roman amphitheatre of Italica
Roman amphitheatre of Italica,excavated,19th century,Roman amphitheatre of Italica
Roman amphitheatre of Italica,excavated,20th century,Roman amphitheatre of Italica
Roman amphitheatre of Italica,significance,one of the largest Roman amphitheatres in Hispania,Roman amphitheatre of Italica
Roman amphitheatre of Italica,significance,birthplace of Roman emperors Trajan and Hadrian,Roman amphitheatre of Italica
Roman amphitheatre of Italica,nearbyAttraction,Roman Theatre of Italica,Roman amphitheatre of Italica
Roman amphitheatre of Italica,nearbyAttraction,Traianeum,Roman amphitheatre of Italica
Roman amphitheatre of Italica,nearbyAttraction,Roman baths of Italica,Roman amphitheatre of Italica
Roman amphitheatre of Italica,accessibility,open to public,Roman amphitheatre of Italica
Roman amphitheatre of Italica,management,Junta de Andalucía,Roman amphitheatre of Italica
Shattered (Casey book),instanceOf,book,Shattered (Casey book)
Shattered (Casey book),author,Kathy Casey,Shattered (Casey book)
Shattered (Casey book),genre,cozy mystery,Shattered (Casey book)
Shattered (Casey book),series,A Fix Like This Mystery,Shattered (Casey book)
Shattered (Casey book),publisher,Berkley Prime Crime,Shattered (Casey book)
Shattered (Casey book),publicationDate,2012,Shattered (Casey book)
Shattered (Casey book),ISBN,978-0425246703,Shattered (Casey book)
Shattered (Casey book),mainCharacter,Molly Doogan,Shattered (Casey book)
Shattered (Casey book),setting,"Seattle, Washington",Shattered (Casey book)
Shattered (Casey book),precededBy,Dying to Design (Casey book),Shattered (Casey book)
Shattered (Casey book),followedBy,Framed and Dangerous (Casey book),Shattered (Casey book)
Never Worn White,instanceOf,song,Never Worn White
Never Worn White,performer,Katy Perry,Never Worn White
Never Worn White,releaseDate,2020-03-05,Never Worn White
Never Worn White,genre,pop,Never Worn White
Never Worn White,album,Smile,Never Worn White
Never Worn White,lyricist,Katy Perry,Never Worn White
Never Worn White,composer,Katy Perry,Never Worn White
Never Worn White,composer,Johan Carlsson,Never Worn White
Never Worn White,composer,Jacob Kasher Hindlin,Never Worn White
Never Worn White,producer,Johan Carlsson,Never Worn White
Never Worn White,musicVideoDirector,Philippa Price,Never Worn White
Never Worn White,language,English,Never Worn White
Never Worn White,recordLabel,Capitol Records,Never Worn White
Arnold Juklerød,instanceOf,Person,Arnold Juklerød
Arnold Juklerød,instanceOf,Activist,Arnold Juklerød
Arnold Juklerød,dateOfBirth,1925-05-13,Arnold Juklerød
Arnold Juklerød,dateOfDeath,1996-05-20,Arnold Juklerød
Arnold Juklerød,placeOfBirth,"Oslo, Norway",Arnold Juklerød
Arnold Juklerød,nationality,Norwegian,Arnold Juklerød
Arnold Juklerød,occupation,Whistleblower,Arnold Juklerød
Arnold Juklerød,occupation,Psychiatric patient advocate,Arnold Juklerød
Arnold Juklerød,knownFor,Exposing abuses in Norwegian psychiatric institutions,Arnold Juklerød
Arnold Juklerød,knownFor,Legal battles against forced psychiatric treatment,Arnold Juklerød
Arnold Juklerød,spouse,Ingrid Juklerød,Arnold Juklerød
Arnold Juklerød,child,Erik Juklerød,Arnold Juklerød
Arnold Juklerød,child,Liv Juklerød,Arnold Juklerød
Arnold Juklerød,involvedIn,Gaustad Hospital scandal,Arnold Juklerød
Arnold Juklerød,involvedIn,Norwegian psychiatric reform movement,Arnold Juklerød
Arnold Juklerød,awardReceived,Fritt Ord Honorary Award (posthumously),Arnold Juklerød
Arnold Juklerød,documentedIn,Book: 'Arnold Juklerød – En mann mot systemet',Arnold Juklerød
Arnold Juklerød,documentedIn,Documentary: 'Juklerød-saken',Arnold Juklerød
Arnold Juklerød,legalCase,Juklerød v. Norway (European Court of Human Rights),Arnold Juklerød
Arnold Juklerød,influenced,Norwegian mental health law reforms,Arnold Juklerød
Arnold Juklerød,associatedWith,Human rights activism,Arnold Juklerød
Arnold Juklerød,associatedWith,Anti-psychiatry movement,Arnold Juklerød
Arnold Juklerød,causeOfDeath,Cancer,Arnold Juklerød
Arnold Juklerød,burialPlace,"Oslo, Norway",Arnold Juklerød
Knight Moves (video game),instanceOf,video game,Knight Moves (video game)
Knight Moves (video game),developer,Microïds,Knight Moves (video game)
Knight Moves (video game),publisher,Microïds,Knight Moves (video game)
Knight Moves (video game),releaseDate,1992,Knight Moves (video game)
Knight Moves (video game),genre,puzzle,Knight Moves (video game)
Knight Moves (video game),platform,Amiga,Knight Moves (video game)
Knight Moves (video game),platform,Atari ST,Knight Moves (video game)
Knight Moves (video game),platform,DOS,Knight Moves (video game)
Knight Moves (video game),mode,single-player,Knight Moves (video game)
Knight Moves (video game),inspiredBy,chess,Knight Moves (video game)
Knight Moves (video game),gameplayFeature,knight movement mechanics,Knight Moves (video game)
Knight Moves (video game),setting,abstract,Knight Moves (video game)
Knight Moves (video game),artStyle,2D,Knight Moves (video game)
Knight Moves (video game),designer,Jean-Michel Masson,Knight Moves (video game)
Knight Moves (video game),composer,Pierre Estève,Knight Moves (video game)
Knight Moves (video game),series,standalone,Knight Moves (video game)
Knight Moves (video game),theme,strategy,Knight Moves (video game)
Knight Moves (video game),theme,logic,Knight Moves (video game)
Lycosoura Artemis,instanceOf,ancient Greek sculpture,Lycosoura Artemis
Lycosoura Artemis,instanceOf,cult statue,Lycosoura Artemis
Lycosoura Artemis,locatedIn,Temple of Despoina at Lycosoura,Lycosoura Artemis
Lycosoura Artemis,createdBy,Damophon,Lycosoura Artemis
Lycosoura Artemis,dateCreated,2nd century BCE,Lycosoura Artemis
Lycosoura Artemis,depicts,Artemis,Lycosoura Artemis
Lycosoura Artemis,material,marble,Lycosoura Artemis
Lycosoura Artemis,partOf,Lycosoura archaeological site,Lycosoura Artemis
Lycosoura Artemis,currentLocation,National Archaeological Museum of Athens,Lycosoura Artemis
Lycosoura Artemis,associatedWith,Despoina,Lycosoura Artemis
Lycosoura Artemis,associatedWith,Demeter,Lycosoura Artemis
Lycosoura Artemis,style,Hellenistic,Lycosoura Artemis
Leucadendron salicifolium,instanceOf,plant species,Leucadendron salicifolium
Leucadendron salicifolium,instanceOf,shrub,Leucadendron salicifolium
Leucadendron salicifolium,commonName,Common Stream conebush,Leucadendron salicifolium
Leucadendron salicifolium,family,Proteaceae,Leucadendron salicifolium
Leucadendron salicifolium,genus,Leucadendron,Leucadendron salicifolium
Leucadendron salicifolium,nativeTo,South Africa,Leucadendron salicifolium
Leucadendron salicifolium,habitat,fynbos,Leucadendron salicifolium
Leucadendron salicifolium,habitat,stream banks,Leucadendron salicifolium
Leucadendron salicifolium,leafShape,lanceolate,Leucadendron salicifolium
Leucadendron salicifolium,leafArrangement,alternate,Leucadendron salicifolium
Leucadendron salicifolium,flowerColor,yellow,Leucadendron salicifolium
Leucadendron salicifolium,floweringSeason,spring,Leucadendron salicifolium
Leucadendron salicifolium,conservationStatus,Least Concern,Leucadendron salicifolium
Leucadendron salicifolium,growthForm,erect shrub,Leucadendron salicifolium
Leucadendron salicifolium,height,up to 2 meters,Leucadendron salicifolium
"Mount Holly (Foote, Mississippi)",instanceOf,unincorporated community,"Mount Holly (Foote, Mississippi)"
"Mount Holly (Foote, Mississippi)",instanceOf,populated place,"Mount Holly (Foote, Mississippi)"
"Mount Holly (Foote, Mississippi)",locatedIn,Yazoo County,"Mount Holly (Foote, Mississippi)"
"Mount Holly (Foote, Mississippi)",locatedIn,Mississippi,"Mount Holly (Foote, Mississippi)"
"Mount Holly (Foote, Mississippi)",locatedIn,United States of America,"Mount Holly (Foote, Mississippi)"
"Mount Holly (Foote, Mississippi)",namedAfter,Mount Holly Plantation,"Mount Holly (Foote, Mississippi)"
"Mount Holly (Foote, Mississippi)",namedAfter,"Henry S. Foote (indirectly, via the plantation)","Mount Holly (Foote, Mississippi)"
"Mount Holly (Foote, Mississippi)",nearbyFeature,Yazoo River,"Mount Holly (Foote, Mississippi)"
"Mount Holly (Foote, Mississippi)",historicalSignificance,Civil War-era site,"Mount Holly (Foote, Mississippi)"
"Mount Holly (Foote, Mississippi)",typeOfSettlement,rural community,"Mount Holly (Foote, Mississippi)"
Cyprus Volleyball Division 1,instanceOf,volleyball league,Cyprus Volleyball Division 1
Cyprus Volleyball Division 1,instanceOf,sports league,Cyprus Volleyball Division 1
Cyprus Volleyball Division 1,country,Cyprus,Cyprus Volleyball Division 1
Cyprus Volleyball Division 1,sport,volleyball,Cyprus Volleyball Division 1
Cyprus Volleyball Division 1,governingBody,Cyprus Volleyball Federation,Cyprus Volleyball Division 1
Cyprus Volleyball Division 1,level,top tier,Cyprus Volleyball Division 1
Cyprus Volleyball Division 1,founded,1976,Cyprus Volleyball Division 1
Cyprus Volleyball Division 1,numberOfTeams,8,Cyprus Volleyball Division 1
Cyprus Volleyball Division 1,mostChampionships,Anorthosis Famagusta,Cyprus Volleyball Division 1
Cyprus Volleyball Division 1,mostChampionships,Pafiakos,Cyprus Volleyball Division 1
Cyprus Volleyball Division 1,mostChampionships,Nea Salamina,Cyprus Volleyball Division 1
Cyprus Volleyball Division 1,format,round-robin,Cyprus Volleyball Division 1
Cyprus Volleyball Division 1,format,playoffs,Cyprus Volleyball Division 1
Cyprus Volleyball Division 1,seasonDuration,October to April,Cyprus Volleyball Division 1
Cyprus Volleyball Division 1,qualificationFor,CEV Champions League,Cyprus Volleyball Division 1
Cyprus Volleyball Division 1,qualificationFor,CEV Cup,Cyprus Volleyball Division 1
Cyprus Volleyball Division 1,relatedCompetition,Cyprus Volleyball Division 2,Cyprus Volleyball Division 1
Cyprus Volleyball Division 1,relatedCompetition,Cyprus Volleyball Cup,Cyprus Volleyball Division 1
2023 Slough Borough Council election,instanceOf,local election,2023 Slough Borough Council election
2023 Slough Borough Council election,instanceOf,election,2023 Slough Borough Council election
2023 Slough Borough Council election,location,Slough,2023 Slough Borough Council election
2023 Slough Borough Council election,location,United Kingdom,2023 Slough Borough Council election
2023 Slough Borough Council election,date,2023-05-04,2023 Slough Borough Council election
2023 Slough Borough Council election,elects,Slough Borough Council councillors,2023 Slough Borough Council election
2023 Slough Borough Council election,partOf,2023 United Kingdom local elections,2023 Slough Borough Council election
2023 Slough Borough Council election,votingSystem,First-past-the-post,2023 Slough Borough Council election
2023 Slough Borough Council election,totalSeats,42,2023 Slough Borough Council election
2023 Slough Borough Council election,previousElection,2019 Slough Borough Council election,2023 Slough Borough Council election
2023 Slough Borough Council election,nextElection,2024 Slough Borough Council election,2023 Slough Borough Council election
2023 Slough Borough Council election,result,Labour Party retained control,2023 Slough Borough Council election
2023 Slough Borough Council election,councilCompositionAfter,Labour: 33 seats,2023 Slough Borough Council election
2023 Slough Borough Council election,councilCompositionAfter,Conservative: 7 seats,2023 Slough Borough Council election
2023 Slough Borough Council election,councilCompositionAfter,Independent: 2 seats,2023 Slough Borough Council election
2023 Slough Borough Council election,notableFeature,First election after boundary changes,2023 Slough Borough Council election
2023 Slough Borough Council election,turnout,Approximately 30%,2023 Slough Borough Council election
Deerfield Dam,instanceOf,dam,Deerfield Dam
Deerfield Dam,instanceOf,reservoir,Deerfield Dam
Deerfield Dam,locatedIn,South Dakota,Deerfield Dam
Deerfield Dam,locatedIn,United States,Deerfield Dam
Deerfield Dam,locatedIn,Pennington County,Deerfield Dam
Deerfield Dam,watercourse,Castle Creek,Deerfield Dam
Deerfield Dam,completed,1945,Deerfield Dam
Deerfield Dam,primaryPurpose,flood control,Deerfield Dam
Deerfield Dam,primaryPurpose,water supply,Deerfield Dam
Deerfield Dam,primaryPurpose,recreation,Deerfield Dam
Deerfield Dam,operator,U.S. Bureau of Reclamation,Deerfield Dam
Deerfield Dam,height,118 feet,Deerfield Dam
Deerfield Dam,length,"1,100 feet",Deerfield Dam
Deerfield Dam,reservoirName,Deerfield Lake,Deerfield Dam
Deerfield Dam,reservoirCapacity,"15,500 acre-feet",Deerfield Dam
Deerfield Dam,nearestCity,Hill City,Deerfield Dam
Deerfield Dam,nearestCityDistance,approximately 15 miles,Deerfield Dam
Deerfield Lake,instanceOf,lake,Deerfield Dam
Deerfield Lake,createdBy,Deerfield Dam,Deerfield Dam
Deerfield Lake,surfaceArea,450 acres,Deerfield Dam
Deerfield Lake,maxDepth,110 feet,Deerfield Dam
Deerfield Lake,activities,fishing,Deerfield Dam
Deerfield Lake,activities,boating,Deerfield Dam
Deerfield Lake,activities,camping,Deerfield Dam
Deerfield Lake,activities,hiking,Deerfield Dam
Deerfield Lake,fishSpecies,rainbow trout,Deerfield Dam
Deerfield Lake,fishSpecies,brook trout,Deerfield Dam
Deerfield Lake,fishSpecies,brown trout,Deerfield Dam
Deerfield Dam,partOf,Pick-Sloan Missouri Basin Program,Deerfield Dam
Nigel Foster (kayaker),instanceOf,person,Nigel Foster (kayaker)
Nigel Foster (kayaker),instanceOf,kayaker,Nigel Foster (kayaker)
Nigel Foster (kayaker),occupation,sea kayaker,Nigel Foster (kayaker)
Nigel Foster (kayaker),occupation,author,Nigel Foster (kayaker)
Nigel Foster (kayaker),occupation,instructor,Nigel Foster (kayaker)
Nigel Foster (kayaker),nationality,British,Nigel Foster (kayaker)
Nigel Foster (kayaker),birthDate,1952,Nigel Foster (kayaker)
Nigel Foster (kayaker),knownFor,sea kayaking expeditions,Nigel Foster (kayaker)
Nigel Foster (kayaker),knownFor,kayak design,Nigel Foster (kayaker)
Nigel Foster (kayaker),knownFor,kayaking instruction,Nigel Foster (kayaker)
Nigel Foster (kayaker),authored,Sea Kayaking,Nigel Foster (kayaker)
Nigel Foster (kayaker),authored,Nigel Foster's Sea Kayaking,Nigel Foster (kayaker)
Nigel Foster (kayaker),authored,The Complete Sea Kayaker's Handbook,Nigel Foster (kayaker)
Nigel Foster (kayaker),designed,Foster Legend kayak,Nigel Foster (kayaker)
Nigel Foster (kayaker),designed,Foster Mythic kayak,Nigel Foster (kayaker)
Nigel Foster (kayaker),designed,Foster Quest kayak,Nigel Foster (kayaker)
Nigel Foster (kayaker),founded,Foster Kayaks,Nigel Foster (kayaker)
Nigel Foster (kayaker),awarded,British Canoe Union's Award of Merit,Nigel Foster (kayaker)
Nigel Foster (kayaker),awarded,Paddler Magazine's Lifetime Achievement Award,Nigel Foster (kayaker)
Nigel Foster (kayaker),participatedIn,Greenland kayaking expeditions,Nigel Foster (kayaker)
Nigel Foster (kayaker),participatedIn,Alaska kayaking expeditions,Nigel Foster (kayaker)
Nigel Foster (kayaker),influenced,modern sea kayaking techniques,Nigel Foster (kayaker)
Nigel Foster (kayaker),trained,kayakers worldwide,Nigel Foster (kayaker)
Nigel Foster (kayaker),website,nigelfosterkayaks.com,Nigel Foster (kayaker)
Nigel Foster (kayaker),residedIn,United States,Nigel Foster (kayaker)
Nigel Foster (kayaker),residedIn,United Kingdom,Nigel Foster (kayaker)
Martin Hume Johnson,instanceOf,human,Martin Hume Johnson
Martin Hume Johnson,instanceOf,scientist,Martin Hume Johnson
Martin Hume Johnson,fieldOfStudy,reproductive biology,Martin Hume Johnson
Martin Hume Johnson,fieldOfStudy,developmental biology,Martin Hume Johnson
Martin Hume Johnson,occupation,professor,Martin Hume Johnson
Martin Hume Johnson,affiliation,University of Cambridge,Martin Hume Johnson
Martin Hume Johnson,notableWork,Essential Reproduction,Martin Hume Johnson
Martin Hume Johnson,awardReceived,Fellow of the Royal Society,Martin Hume Johnson
Martin Hume Johnson,birthDate,1944,Martin Hume Johnson
Martin Hume Johnson,nationality,British,Martin Hume Johnson
Nagao Station (Kagawa),instanceOf,railway station,Nagao Station (Kagawa)
Nagao Station (Kagawa),locatedIn,Kagawa Prefecture,Nagao Station (Kagawa)
Nagao Station (Kagawa),locatedIn,Japan,Nagao Station (Kagawa)
Nagao Station (Kagawa),operatedBy,Takamatsu-Kotohira Electric Railroad,Nagao Station (Kagawa)
Nagao Station (Kagawa),lineServed,Kotoden Nagao Line,Nagao Station (Kagawa)
Nagao Station (Kagawa),opened,1926-12-21,Nagao Station (Kagawa)
Nagao Station (Kagawa),address,"Nagao, Sanuki, Kagawa Prefecture 769-2303",Nagao Station (Kagawa)
Nagao Station (Kagawa),coordinates,34.2586°N,Nagao Station (Kagawa)
Nagao Station (Kagawa),coordinates,134.1569°E,Nagao Station (Kagawa)
Nagao Station (Kagawa),stationCode,N17,Nagao Station (Kagawa)
Nagao Station (Kagawa),nearbyLandmark,Kotohira-gu,Nagao Station (Kagawa)
Nagao Station (Kagawa),nearbyLandmark,Zentsū-ji,Nagao Station (Kagawa)
Nagao Station (Kagawa),type,ground-level station,Nagao Station (Kagawa)
Nagao Station (Kagawa),platforms,2,Nagao Station (Kagawa)
Nagao Station (Kagawa),tracks,2,Nagao Station (Kagawa)
Henriette Hansen (handballer),instanceOf,human,Henriette Hansen (handballer)
Henriette Hansen (handballer),instanceOf,handball player,Henriette Hansen (handballer)
Henriette Hansen (handballer),occupation,handballer,Henriette Hansen (handballer)
Henriette Hansen (handballer),nationality,Danish,Henriette Hansen (handballer)
Henriette Hansen (handballer),dateOfBirth,1982-03-12,Henriette Hansen (handballer)
Henriette Hansen (handballer),positionPlayed,goalkeeper,Henriette Hansen (handballer)
Henriette Hansen (handballer),memberOfSportsTeam,Viborg HK,Henriette Hansen (handballer)
Henriette Hansen (handballer),memberOfSportsTeam,Denmark women's national handball team,Henriette Hansen (handballer)
Henriette Hansen (handballer),awardReceived,Danish Handball Player of the Year (2006),Henriette Hansen (handballer)
Henriette Hansen (handballer),participatedIn,2010 European Women's Handball Championship,Henriette Hansen (handballer)
Henriette Hansen (handballer),participatedIn,2011 World Women's Handball Championship,Henriette Hansen (handballer)
Henriette Hansen (handballer),height,1.78 m,Henriette Hansen (handballer)
Henriette Hansen (handballer),sport,handball,Henriette Hansen (handballer)
Alex Allan (footballer),instanceOf,person,Alex Allan (footballer)
Alex Allan (footballer),instanceOf,footballer,Alex Allan (footballer)
Alex Allan (footballer),fullName,Alexander James Allan,Alex Allan (footballer)
Alex Allan (footballer),dateOfBirth,1992-01-14,Alex Allan (footballer)
Alex Allan (footballer),placeOfBirth,"Glasgow, Scotland",Alex Allan (footballer)
Alex Allan (footballer),position,prop,Alex Allan (footballer)
Alex Allan (footballer),sport,rugby union,Alex Allan (footballer)
Alex Allan (footballer),countryOfCitizenship,United Kingdom,Alex Allan (footballer)
Alex Allan (footballer),countryOfCitizenship,Scotland,Alex Allan (footballer)
Alex Allan (footballer),memberOfSportsTeam,Glasgow Warriors,Alex Allan (footballer)
Alex Allan (footballer),memberOfSportsTeam,London Scottish,Alex Allan (footballer)
Alex Allan (footballer),memberOfSportsTeam,Edinburgh Rugby,Alex Allan (footballer)
Alex Allan (footballer),memberOfSportsTeam,Scotland national rugby union team,Alex Allan (footballer)
Alex Allan (footballer),height,1.83 m,Alex Allan (footballer)
Alex Allan (footballer),weight,110 kg,Alex Allan (footballer)
Alex Allan (footballer),educatedAt,University of Edinburgh,Alex Allan (footballer)
Alex Allan (footballer),notableWork,2015 Rugby World Cup,Alex Allan (footballer)
Alex Allan (footballer),award,Pro14 Dream Team (2018-19),Alex Allan (footballer)
Raoul Hyman,instanceOf,human,Raoul Hyman
Raoul Hyman,instanceOf,racing driver,Raoul Hyman
Raoul Hyman,nationality,South African,Raoul Hyman
Raoul Hyman,birthDate,1996-05-12,Raoul Hyman
Raoul Hyman,birthPlace,"Cape Town, South Africa",Raoul Hyman
Raoul Hyman,sport,auto racing,Raoul Hyman
Raoul Hyman,competedIn,FIA Formula 3 European Championship,Raoul Hyman
Raoul Hyman,competedIn,GP3 Series,Raoul Hyman
Raoul Hyman,competedIn,BRDC British Formula 3 Championship,Raoul Hyman
Raoul Hyman,team,Hitech GP,Raoul Hyman
Raoul Hyman,team,Carlin,Raoul Hyman
Raoul Hyman,team,SMP Racing,Raoul Hyman
E. Talbot Donaldson,instanceOf,human,E. Talbot Donaldson
E. Talbot Donaldson,instanceOf,scholar,E. Talbot Donaldson
E. Talbot Donaldson,fullName,Everett Talbot Donaldson,E. Talbot Donaldson
E. Talbot Donaldson,birthDate,1910-10-13,E. Talbot Donaldson
E. Talbot Donaldson,deathDate,1987-04-13,E. Talbot Donaldson
E. Talbot Donaldson,birthPlace,"Portland, Maine, U.S.",E. Talbot Donaldson
E. Talbot Donaldson,deathPlace,"New Haven, Connecticut, U.S.",E. Talbot Donaldson
E. Talbot Donaldson,occupation,medievalist,E. Talbot Donaldson
E. Talbot Donaldson,occupation,professor,E. Talbot Donaldson
E. Talbot Donaldson,occupation,translator,E. Talbot Donaldson
E. Talbot Donaldson,fieldOfStudy,Middle English literature,E. Talbot Donaldson
E. Talbot Donaldson,fieldOfStudy,Chaucer studies,E. Talbot Donaldson
E. Talbot Donaldson,almaMater,Yale University,E. Talbot Donaldson
E. Talbot Donaldson,almaMater,Harvard University,E. Talbot Donaldson
E. Talbot Donaldson,degree,Bachelor of Arts,E. Talbot Donaldson
E. Talbot Donaldson,degree,Doctor of Philosophy,E. Talbot Donaldson
E. Talbot Donaldson,doctoralAdvisor,John Livingston Lowes,E. Talbot Donaldson
E. Talbot Donaldson,notableWork,Chaucer's Poetry: An Anthology for the Modern Reader,E. Talbot Donaldson
E. Talbot Donaldson,notableWork,The Swan at the Well: Shakespeare Reading Chaucer,E. Talbot Donaldson
E. Talbot Donaldson,award,Haskins Medal (1960),E. Talbot Donaldson
E. Talbot Donaldson,award,Guggenheim Fellowship,E. Talbot Donaldson
E. Talbot Donaldson,employer,Yale University,E. Talbot Donaldson
E. Talbot Donaldson,employer,Indiana University,E. Talbot Donaldson
E. Talbot Donaldson,employer,University of Wisconsin-Madison,E. Talbot Donaldson
E. Talbot Donaldson,positionHeld,Sterling Professor of English (Yale University),E. Talbot Donaldson
E. Talbot Donaldson,positionHeld,Professor of English (Indiana University),E. Talbot Donaldson
E. Talbot Donaldson,positionHeld,Professor of English (University of Wisconsin-Madison),E. Talbot Donaldson
E. Talbot Donaldson,influencedBy,Geoffrey Chaucer,E. Talbot Donaldson
E. Talbot Donaldson,influencedBy,John Livingston Lowes,E. Talbot Donaldson
E. Talbot Donaldson,influenced,Derek Pearsall,E. Talbot Donaldson
E. Talbot Donaldson,influenced,Jill Mann,E. Talbot Donaldson
E. Talbot Donaldson,memberOf,Medieval Academy of America,E. Talbot Donaldson
E. Talbot Donaldson,memberOf,Modern Language Association,E. Talbot Donaldson
E. Talbot Donaldson,spouse,Margaret Donaldson,E. Talbot Donaldson
E. Talbot Donaldson,child,John Donaldson,E. Talbot Donaldson
E. Talbot Donaldson,child,Peter Donaldson,E. Talbot Donaldson
2011–12 Harvard Crimson men's basketball team,instanceOf,college basketball team,2011–12 Harvard Crimson men's basketball team
2011–12 Harvard Crimson men's basketball team,instanceOf,sports team season,2011–12 Harvard Crimson men's basketball team
2011–12 Harvard Crimson men's basketball team,partOf,Harvard Crimson men's basketball,2011–12 Harvard Crimson men's basketball team
2011–12 Harvard Crimson men's basketball team,competedIn,NCAA Division I men's basketball,2011–12 Harvard Crimson men's basketball team
2011–12 Harvard Crimson men's basketball team,competedIn,Ivy League,2011–12 Harvard Crimson men's basketball team
2011–12 Harvard Crimson men's basketball team,headCoach,Tommy Amaker,2011–12 Harvard Crimson men's basketball team
2011–12 Harvard Crimson men's basketball team,seasonRecord,26–5 (12–2 Ivy League),2011–12 Harvard Crimson men's basketball team
2011–12 Harvard Crimson men's basketball team,wonTitle,Ivy League regular season championship,2011–12 Harvard Crimson men's basketball team
2011–12 Harvard Crimson men's basketball team,participatedIn,2012 NCAA Division I men's basketball tournament,2011–12 Harvard Crimson men's basketball team
2011–12 Harvard Crimson men's basketball team,NCAAResult,Lost in Round of 64 (to Vanderbilt),2011–12 Harvard Crimson men's basketball team
2011–12 Harvard Crimson men's basketball team,notablePlayer,Keith Wright,2011–12 Harvard Crimson men's basketball team
2011–12 Harvard Crimson men's basketball team,notablePlayer,Oliver McNally,2011–12 Harvard Crimson men's basketball team
2011–12 Harvard Crimson men's basketball team,notablePlayer,Wesley Saunders,2011–12 Harvard Crimson men's basketball team
2011–12 Harvard Crimson men's basketball team,homeVenue,Lavietes Pavilion,2011–12 Harvard Crimson men's basketball team
2011–12 Harvard Crimson men's basketball team,seasonStartDate,2011-11-11,2011–12 Harvard Crimson men's basketball team
2011–12 Harvard Crimson men's basketball team,seasonEndDate,2012-03-15,2011–12 Harvard Crimson men's basketball team
2011–12 Harvard Crimson men's basketball team,rankedInAPPoll,25th (final ranking),2011–12 Harvard Crimson men's basketball team
Broch of Culswick,instanceOf,broch,Broch of Culswick
Broch of Culswick,instanceOf,Iron Age drystone structure,Broch of Culswick
Broch of Culswick,locatedIn,Shetland,Broch of Culswick
Broch of Culswick,locatedIn,Scotland,Broch of Culswick
Broch of Culswick,locatedIn,United Kingdom,Broch of Culswick
Broch of Culswick,near,Vementry,Broch of Culswick
Broch of Culswick,constructionPeriod,Iron Age,Broch of Culswick
Broch of Culswick,architecturalStyle,dry stone,Broch of Culswick
Broch of Culswick,height,approximately 3 meters (remaining),Broch of Culswick
Broch of Culswick,condition,ruined,Broch of Culswick
Broch of Culswick,accessibility,public access,Broch of Culswick
Broch of Culswick,protectedStatus,Scheduled Monument,Broch of Culswick
Glières-Val-de-Borne,instanceOf,commune,Glières-Val-de-Borne
Glières-Val-de-Borne,instanceOf,administrative division,Glières-Val-de-Borne
Glières-Val-de-Borne,locatedIn,Haute-Savoie,Glières-Val-de-Borne
Glières-Val-de-Borne,locatedIn,Auvergne-Rhône-Alpes,Glières-Val-de-Borne
Glières-Val-de-Borne,locatedIn,France,Glières-Val-de-Borne
Glières-Val-de-Borne,established,2019,Glières-Val-de-Borne
Glières-Val-de-Borne,formedFrom,Le Petit-Bornand-les-Glières,Glières-Val-de-Borne
Glières-Val-de-Borne,formedFrom,Entremont,Glières-Val-de-Borne
Glières-Val-de-Borne,hasPopulation,approximately 1800,Glières-Val-de-Borne
Glières-Val-de-Borne,knownFor,Glières Plateau,Glières-Val-de-Borne
Glières-Val-de-Borne,knownFor,World War II resistance site,Glières-Val-de-Borne
Glières-Val-de-Borne,hasMayor,Vincent Lecaque (as of 2023),Glières-Val-de-Borne
Glières-Val-de-Borne,postalCode,74130,Glières-Val-de-Borne
Glières-Val-de-Borne,contains,Glières Plateau Memorial,Glières-Val-de-Borne
Lesser amberjack,instanceOf,species of fish,Lesser amberjack
Lesser amberjack,scientificName,Seriola fasciata,Lesser amberjack
Lesser amberjack,family,Carangidae,Lesser amberjack
Lesser amberjack,genus,Seriola,Lesser amberjack
Lesser amberjack,kingdom,Animalia,Lesser amberjack
Lesser amberjack,phylum,Chordata,Lesser amberjack
Lesser amberjack,class,Actinopterygii,Lesser amberjack
Lesser amberjack,order,Carangiformes,Lesser amberjack
Lesser amberjack,habitat,marine environments,Lesser amberjack
Lesser amberjack,habitat,tropical and subtropical waters,Lesser amberjack
Lesser amberjack,distribution,western Atlantic Ocean,Lesser amberjack
Lesser amberjack,distribution,Gulf of Mexico,Lesser amberjack
Lesser amberjack,distribution,Caribbean Sea,Lesser amberjack
Lesser amberjack,diet,small fish,Lesser amberjack
Lesser amberjack,diet,squid,Lesser amberjack
Lesser amberjack,diet,crustaceans,Lesser amberjack
Lesser amberjack,averageLength,up to 50 cm,Lesser amberjack
Lesser amberjack,conservationStatus,Least Concern,Lesser amberjack
Lesser amberjack,predators,larger fish,Lesser amberjack
Lesser amberjack,predators,sharks,Lesser amberjack
Tony Ford (rugby league),instanceOf,Person,Tony Ford (rugby league)
Tony Ford (rugby league),instanceOf,RugbyLeaguePlayer,Tony Ford (rugby league)
Tony Ford (rugby league),fullName,Anthony Ford,Tony Ford (rugby league)
Tony Ford (rugby league),dateOfBirth,1962-03-12,Tony Ford (rugby league)
Tony Ford (rugby league),placeOfBirth,"Wigan, England",Tony Ford (rugby league)
Tony Ford (rugby league),position,Prop,Tony Ford (rugby league)
Tony Ford (rugby league),playedFor,Wigan Warriors,Tony Ford (rugby league)
Tony Ford (rugby league),playedFor,Widnes Vikings,Tony Ford (rugby league)
Tony Ford (rugby league),playedFor,Oldham RLFC,Tony Ford (rugby league)
Tony Ford (rugby league),playedFor,Leigh Centurions,Tony Ford (rugby league)
Tony Ford (rugby league),careerStartYear,1980,Tony Ford (rugby league)
Tony Ford (rugby league),careerEndYear,1996,Tony Ford (rugby league)
Tony Ford (rugby league),appearances,400+,Tony Ford (rugby league)
Tony Ford (rugby league),triesScored,50+,Tony Ford (rugby league)
Tony Ford (rugby league),awards,Lancashire Cup Winner,Tony Ford (rugby league)
Tony Ford (rugby league),awards,Regal Trophy Winner,Tony Ford (rugby league)
Tony Ford (rugby league),awards,Championship Winner,Tony Ford (rugby league)
Tony Ford (rugby league),notableMatch,1987 Challenge Cup Final,Tony Ford (rugby league)
Tony Ford (rugby league),notableMatch,1990 World Club Challenge,Tony Ford (rugby league)
Tony Ford (rugby league),coachingRole,Assistant Coach,Tony Ford (rugby league)
Tony Ford (rugby league),coachedTeam,Wigan Warriors (youth teams),Tony Ford (rugby league)
Tony Ford (rugby league),height,6 ft 1 in,Tony Ford (rugby league)
Tony Ford (rugby league),weight,16 st 7 lb,Tony Ford (rugby league)
Tony Ford (rugby league),nationality,British,Tony Ford (rugby league)
Tony Ford (rugby league),countryRepresented,England,Tony Ford (rugby league)
Tony Ford (rugby league),internationalAppearances,5,Tony Ford (rugby league)
Tony Ford (rugby league),internationalTries,1,Tony Ford (rugby league)
Tony Ford (rugby league),retirementYear,1996,Tony Ford (rugby league)
Tony Ford (rugby league),postRetirementRole,Pundit,Tony Ford (rugby league)
Tony Ford (rugby league),postRetirementRole,Commentator,Tony Ford (rugby league)
Tony Ford (rugby league),associatedWith,Rugby Football League,Tony Ford (rugby league)
Tony Ford (rugby league),associatedWith,Super League,Tony Ford (rugby league)
Tony Ford (rugby league),nickname,Tone,Tony Ford (rugby league)
Alicia Rodríguez (Spanish actress),instanceOf,human,Alicia Rodríguez (Spanish actress)
Alicia Rodríguez (Spanish actress),instanceOf,actress,Alicia Rodríguez (Spanish actress)
Alicia Rodríguez (Spanish actress),birthName,Alicia Rodríguez López,Alicia Rodríguez (Spanish actress)
Alicia Rodríguez (Spanish actress),dateOfBirth,1930-05-21,Alicia Rodríguez (Spanish actress)
Alicia Rodríguez (Spanish actress),placeOfBirth,"Tetuán, Spanish Protectorate of Morocco (now Morocco)",Alicia Rodríguez (Spanish actress)
Alicia Rodríguez (Spanish actress),dateOfDeath,2019-09-20,Alicia Rodríguez (Spanish actress)
Alicia Rodríguez (Spanish actress),placeOfDeath,"Madrid, Spain",Alicia Rodríguez (Spanish actress)
Alicia Rodríguez (Spanish actress),nationality,Spanish,Alicia Rodríguez (Spanish actress)
Alicia Rodríguez (Spanish actress),occupation,actress,Alicia Rodríguez (Spanish actress)
Alicia Rodríguez (Spanish actress),occupation,voice actress,Alicia Rodríguez (Spanish actress)
Alicia Rodríguez (Spanish actress),notableWork,La casa de papel (dubbing),Alicia Rodríguez (Spanish actress)
Alicia Rodríguez (Spanish actress),notableWork,El internado (dubbing),Alicia Rodríguez (Spanish actress)
Alicia Rodríguez (Spanish actress),notableWork,Aquí no hay quien viva (TV series),Alicia Rodríguez (Spanish actress)
Alicia Rodríguez (Spanish actress),award,Medalla de Oro al Mérito en el Trabajo (Gold Medal for Merit at Work),Alicia Rodríguez (Spanish actress)
Alicia Rodríguez (Spanish actress),spouse,José Luis López Vázquez (divorced),Alicia Rodríguez (Spanish actress)
Alicia Rodríguez (Spanish actress),child,José Luis López Rodríguez,Alicia Rodríguez (Spanish actress)
Alicia Rodríguez (Spanish actress),activeYearsStartYear,1950,Alicia Rodríguez (Spanish actress)
Alicia Rodríguez (Spanish actress),activeYearsEndYear,2019,Alicia Rodríguez (Spanish actress)
Alicia Rodríguez (Spanish actress),language,Spanish,Alicia Rodríguez (Spanish actress)
Alicia Rodríguez (Spanish actress),genre,comedy,Alicia Rodríguez (Spanish actress)
Alicia Rodríguez (Spanish actress),genre,drama,Alicia Rodríguez (Spanish actress)
USS LST-952,instanceOf,Landing Ship Tank,USS LST-952
USS LST-952,instanceOf,Naval ship,USS LST-952
USS LST-952,commissioned,1944,USS LST-952
USS LST-952,decommissioned,1946,USS LST-952
USS LST-952,builder,Dravo Corporation,USS LST-952
USS LST-952,laidDown,1944-03-20,USS LST-952
USS LST-952,launched,1944-05-13,USS LST-952
USS LST-952,fate,Sold for scrap,USS LST-952
USS LST-952,displacement,"1,625 tons (light)",USS LST-952
USS LST-952,displacement,"4,080 tons (full load)",USS LST-952
USS LST-952,length,328 feet,USS LST-952
USS LST-952,beam,50 feet,USS LST-952
USS LST-952,draft,14 feet (forward),USS LST-952
USS LST-952,propulsion,Two General Motors 12-567A diesel engines,USS LST-952
USS LST-952,speed,11.6 knots,USS LST-952
USS LST-952,complement,119 officers and enlisted,USS LST-952
USS LST-952,armament,1 × 3-inch/50 caliber gun,USS LST-952
USS LST-952,armament,8 × 40 mm anti-aircraft guns,USS LST-952
USS LST-952,armament,12 × 20 mm anti-aircraft guns,USS LST-952
USS LST-952,service,World War II,USS LST-952
USS LST-952,theater,Pacific Theater,USS LST-952
USS LST-952,award,1 battle star for World War II service,USS LST-952
USS LST-952,transferredTo,Philippine Navy (1948),USS LST-952
USS LST-952,renamed,RPS Albay (LT-39),USS LST-952
USS LST-952,scrapped,1975,USS LST-952
1996 EA Generali Open,instanceOf,tennis tournament,1996 EA Generali Open
1996 EA Generali Open,sport,tennis,1996 EA Generali Open
1996 EA Generali Open,location,"Kitzbühel, Austria",1996 EA Generali Open
1996 EA Generali Open,surface,clay,1996 EA Generali Open
1996 EA Generali Open,edition,26th,1996 EA Generali Open
1996 EA Generali Open,tournamentCategory,ATP World Series,1996 EA Generali Open
1996 EA Generali Open,startDate,1996-07-22,1996 EA Generali Open
1996 EA Generali Open,endDate,1996-07-28,1996 EA Generali Open
1996 EA Generali Open,singlesChampion,Alberto Berasategui,1996 EA Generali Open
1996 EA Generali Open,doublesChampions,Libor Pimek,1996 EA Generali Open
1996 EA Generali Open,doublesChampions,Byron Talbot,1996 EA Generali Open
1996 EA Generali Open,organizer,ATP Tour,1996 EA Generali Open
1996 EA Generali Open,sponsor,EA Generali,1996 EA Generali Open
Kapelludden Lighthouse,instanceOf,lighthouse,Kapelludden Lighthouse
Kapelludden Lighthouse,locatedIn,Öland,Kapelludden Lighthouse
Kapelludden Lighthouse,locatedIn,Sweden,Kapelludden Lighthouse
Kapelludden Lighthouse,locatedInAdministrativeEntity,Borgholm Municipality,Kapelludden Lighthouse
Kapelludden Lighthouse,locatedInCountry,Sweden,Kapelludden Lighthouse
Kapelludden Lighthouse,constructionYear,1872,Kapelludden Lighthouse
Kapelludden Lighthouse,height,31 meters,Kapelludden Lighthouse
Kapelludden Lighthouse,status,active,Kapelludden Lighthouse
Kapelludden Lighthouse,architecturalStyle,functionalist,Kapelludden Lighthouse
Kapelludden Lighthouse,operatedBy,Swedish Maritime Administration,Kapelludden Lighthouse
Kapelludden Lighthouse,lightCharacteristic,Fl W 5s,Kapelludden Lighthouse
Kapelludden Lighthouse,range,16 nautical miles,Kapelludden Lighthouse
Kapelludden Lighthouse,automatedYear,1970,Kapelludden Lighthouse
Kapelludden Lighthouse,replaced,earlier lighthouse from 1845,Kapelludden Lighthouse
Kapelludden Lighthouse,nearbyLandmark,Kapelludden Nature Reserve,Kapelludden Lighthouse
Kapelludden Lighthouse,geographicCoordinates,56°40′N 16°38′E,Kapelludden Lighthouse
Gouda triptych of the Life of Mary,instanceOf,triptych,Gouda triptych of the Life of Mary
Gouda triptych of the Life of Mary,instanceOf,altarpiece,Gouda triptych of the Life of Mary
Gouda triptych of the Life of Mary,createdBy,Master of the Virgo inter Virgines,Gouda triptych of the Life of Mary
Gouda triptych of the Life of Mary,dateCreated,circa 1480-1490,Gouda triptych of the Life of Mary
Gouda triptych of the Life of Mary,locationCreated,"Gouda, Netherlands",Gouda triptych of the Life of Mary
Gouda triptych of the Life of Mary,currentLocation,"Rijksmuseum, Amsterdam",Gouda triptych of the Life of Mary
Gouda triptych of the Life of Mary,material,oil on panel,Gouda triptych of the Life of Mary
Gouda triptych of the Life of Mary,dimensions,center panel: 105.5 x 68.5 cm,Gouda triptych of the Life of Mary
Gouda triptych of the Life of Mary,dimensions,wings: 105.5 x 30 cm each,Gouda triptych of the Life of Mary
Gouda triptych of the Life of Mary,depicts,Life of the Virgin Mary,Gouda triptych of the Life of Mary
Gouda triptych of the Life of Mary,style,Northern Renaissance,Gouda triptych of the Life of Mary
Gouda triptych of the Life of Mary,partOf,Netherlandish art,Gouda triptych of the Life of Mary
Gouda triptych of the Life of Mary,significance,example of late medieval devotional art,Gouda triptych of the Life of Mary
Gouda triptych of the Life of Mary,theme,religious narrative,Gouda triptych of the Life of Mary
Richard Worsley (cricketer),instanceOf,Person,Richard Worsley (cricketer)
Richard Worsley (cricketer),instanceOf,Cricketer,Richard Worsley (cricketer)
Richard Worsley (cricketer),fullName,Richard Edward Worsley,Richard Worsley (cricketer)
Richard Worsley (cricketer),dateOfBirth,1931-05-29,Richard Worsley (cricketer)
Richard Worsley (cricketer),dateOfDeath,2013-02-23,Richard Worsley (cricketer)
Richard Worsley (cricketer),countryOfCitizenship,United Kingdom,Richard Worsley (cricketer)
Richard Worsley (cricketer),sport,Cricket,Richard Worsley (cricketer)
Richard Worsley (cricketer),playingRole,Batsman,Richard Worsley (cricketer)
Richard Worsley (cricketer),battingStyle,Right-handed,Richard Worsley (cricketer)
Richard Worsley (cricketer),bowlingStyle,Right-arm off break,Richard Worsley (cricketer)
Richard Worsley (cricketer),teamsPlayedFor,Hampshire County Cricket Club,Richard Worsley (cricketer)
Richard Worsley (cricketer),teamsPlayedFor,Oxford University Cricket Club,Richard Worsley (cricketer)
Richard Worsley (cricketer),educatedAt,Eton College,Richard Worsley (cricketer)
Richard Worsley (cricketer),educatedAt,University of Oxford,Richard Worsley (cricketer)
Richard Worsley (cricketer),firstClassDebut,1951,Richard Worsley (cricketer)
Richard Worsley (cricketer),lastFirstClassMatch,1966,Richard Worsley (cricketer)
Richard Worsley (cricketer),matchesPlayed,187,Richard Worsley (cricketer)
Richard Worsley (cricketer),runsScored,6633,Richard Worsley (cricketer)
Richard Worsley (cricketer),battingAverage,24.38,Richard Worsley (cricketer)
Richard Worsley (cricketer),centuries,5,Richard Worsley (cricketer)
Richard Worsley (cricketer),highestScore,151,Richard Worsley (cricketer)
Richard Worsley (cricketer),wicketsTaken,10,Richard Worsley (cricketer)
Richard Worsley (cricketer),militaryRank,Captain,Richard Worsley (cricketer)
Richard Worsley (cricketer),militaryBranch,British Army,Richard Worsley (cricketer)
Richard Worsley (cricketer),militaryUnit,Royal Hampshire Regiment,Richard Worsley (cricketer)
Richard Worsley (cricketer),awardReceived,Military Cross,Richard Worsley (cricketer)
Richard Worsley (cricketer),occupation,Army Officer,Richard Worsley (cricketer)
Richard Worsley (cricketer),occupation,Cricketer,Richard Worsley (cricketer)
Krzysztof Piątek,instanceOf,Person,Krzysztof Piątek
Krzysztof Piątek,instanceOf,FootballPlayer,Krzysztof Piątek
Krzysztof Piątek,fullName,Krzysztof Piątek,Krzysztof Piątek
Krzysztof Piątek,dateOfBirth,1995-07-01,Krzysztof Piątek
Krzysztof Piątek,placeOfBirth,Dzierżoniów,Krzysztof Piątek
Krzysztof Piątek,countryOfBirth,Poland,Krzysztof Piątek
Krzysztof Piątek,nationality,Polish,Krzysztof Piątek
Krzysztof Piątek,height,1.83 m,Krzysztof Piątek
Krzysztof Piątek,position,Striker,Krzysztof Piątek
Krzysztof Piątek,currentClub,Istanbul Başakşehir F.K.,Krzysztof Piątek
Krzysztof Piątek,shirtNumber,19,Krzysztof Piątek
Krzysztof Piątek,formerClub,DWG KNH,Krzysztof Piątek
Krzysztof Piątek,formerClub,Zagłębie Lubin,Krzysztof Piątek
Krzysztof Piątek,formerClub,Cracovia,Krzysztof Piątek
Krzysztof Piątek,formerClub,Genoa CFC,Krzysztof Piątek
Krzysztof Piątek,formerClub,AC Milan,Krzysztof Piątek
Krzysztof Piątek,formerClub,Hertha BSC,Krzysztof Piątek
Krzysztof Piątek,formerClub,Fiorentina,Krzysztof Piątek
Krzysztof Piątek,youthClub,DWG KNH,Krzysztof Piątek
Krzysztof Piątek,youthClub,Dziewiątka Dzierżoniów,Krzysztof Piątek
Krzysztof Piątek,debutYear,2012,Krzysztof Piątek
Krzysztof Piątek,internationalTeam,Poland national football team,Krzysztof Piątek
Krzysztof Piątek,internationalDebut,2018,Krzysztof Piątek
Krzysztof Piątek,caps,14,Krzysztof Piątek
Krzysztof Piątek,goalsForNationalTeam,4,Krzysztof Piątek
Krzysztof Piątek,award,Ekstraklasa Best Young Player (2017),Krzysztof Piątek
Krzysztof Piątek,award,Serie A Player of the Month (October 2018),Krzysztof Piątek
Krzysztof Piątek,transfer,Genoa to AC Milan (2019),Krzysztof Piątek
Krzysztof Piątek,transferFee,€35 million,Krzysztof Piątek
Krzysztof Piątek,socialMedia,Instagram,Krzysztof Piątek
Krzysztof Piątek,socialMediaHandle,@krzysztofpiatek9,Krzysztof Piątek
F.C. De Kampioenen (comic),instanceOf,comic series,F.C. De Kampioenen (comic)
F.C. De Kampioenen (comic),instanceOf,Belgian comic,F.C. De Kampioenen (comic)
F.C. De Kampioenen (comic),creator,Hec Leemans,F.C. De Kampioenen (comic)
F.C. De Kampioenen (comic),basedOn,F.C. De Kampioenen (TV series),F.C. De Kampioenen (comic)
F.C. De Kampioenen (comic),language,Dutch,F.C. De Kampioenen (comic)
F.C. De Kampioenen (comic),countryOfOrigin,Belgium,F.C. De Kampioenen (comic)
F.C. De Kampioenen (comic),publicationDate,1997,F.C. De Kampioenen (comic)
F.C. De Kampioenen (comic),publisher,Standaard Uitgeverij,F.C. De Kampioenen (comic)
F.C. De Kampioenen (comic),genre,comedy,F.C. De Kampioenen (comic)
F.C. De Kampioenen (comic),genre,sports,F.C. De Kampioenen (comic)
F.C. De Kampioenen (comic),mainCharacter,Balthazar Boma,F.C. De Kampioenen (comic)
F.C. De Kampioenen (comic),mainCharacter,Dimitri De Tremmerie,F.C. De Kampioenen (comic)
F.C. De Kampioenen (comic),mainCharacter,Pascale De Backer,F.C. De Kampioenen (comic)
F.C. De Kampioenen (comic),mainCharacter,Fernand Costermans,F.C. De Kampioenen (comic)
F.C. De Kampioenen (comic),mainCharacter,Marc Vertongen,F.C. De Kampioenen (comic)
F.C. De Kampioenen (comic),mainCharacter,Pol De Tremmerie,F.C. De Kampioenen (comic)
F.C. De Kampioenen (comic),mainCharacter,Xavier Waterslaeghers,F.C. De Kampioenen (comic)
F.C. De Kampioenen (comic),mainCharacter,Doortje Van Hoeck,F.C. De Kampioenen (comic)
F.C. De Kampioenen (comic),numberOfIssues,over 100,F.C. De Kampioenen (comic)
Bembidion carolinense,instanceOf,species,Bembidion carolinense
Bembidion carolinense,instanceOf,insect,Bembidion carolinense
Bembidion carolinense,kingdom,Animalia,Bembidion carolinense
Bembidion carolinense,phylum,Arthropoda,Bembidion carolinense
Bembidion carolinense,class,Insecta,Bembidion carolinense
Bembidion carolinense,order,Coleoptera,Bembidion carolinense
Bembidion carolinense,family,Carabidae,Bembidion carolinense
Bembidion carolinense,genus,Bembidion,Bembidion carolinense
Bembidion carolinense,commonName,ground beetle,Bembidion carolinense
Bembidion carolinense,habitat,riparian zones,Bembidion carolinense
Bembidion carolinense,habitat,wetlands,Bembidion carolinense
Bembidion carolinense,distribution,North America,Bembidion carolinense
Bembidion carolinense,distribution,eastern United States,Bembidion carolinense
Bembidion carolinense,diet,predatory,Bembidion carolinense
Bembidion carolinense,size,small,Bembidion carolinense
Bembidion carolinense,sizeRange,3-5 mm,Bembidion carolinense
Bembidion carolinense,coloration,dark metallic,Bembidion carolinense
Bembidion carolinense,activityPeriod,nocturnal,Bembidion carolinense
Bembidion carolinense,lifespan,1-2 years,Bembidion carolinense
Bembidion carolinense,reproduction,sexual,Bembidion carolinense
Bembidion carolinense,conservationStatus,not evaluated,Bembidion carolinense
Jim Cox (baseball),instanceOf,human,Jim Cox (baseball)
Jim Cox (baseball),instanceOf,baseball player,Jim Cox (baseball)
Jim Cox (baseball),fullName,James Allen Cox,Jim Cox (baseball)
Jim Cox (baseball),dateOfBirth,1951-08-28,Jim Cox (baseball)
Jim Cox (baseball),placeOfBirth,"Los Angeles, California, U.S.",Jim Cox (baseball)
Jim Cox (baseball),dateOfDeath,2023-01-11,Jim Cox (baseball)
Jim Cox (baseball),positionPlayed,second baseman,Jim Cox (baseball)
Jim Cox (baseball),bats,right,Jim Cox (baseball)
Jim Cox (baseball),throws,right,Jim Cox (baseball)
Jim Cox (baseball),debutTeam,Montreal Expos,Jim Cox (baseball)
Jim Cox (baseball),debutDate,1973-09-05,Jim Cox (baseball)
Jim Cox (baseball),finalGameDate,1975-09-28,Jim Cox (baseball)
Jim Cox (baseball),teamsPlayedFor,Montreal Expos,Jim Cox (baseball)
Jim Cox (baseball),careerBattingAverage,0.229,Jim Cox (baseball)
Jim Cox (baseball),careerHomeRuns,5,Jim Cox (baseball)
Jim Cox (baseball),careerRunsBattedIn,40,Jim Cox (baseball)
Jim Cox (baseball),careerGamesPlayed,140,Jim Cox (baseball)
Jim Cox (baseball),education,University of Southern California,Jim Cox (baseball)
Jim Cox (baseball),draftYear,1972,Jim Cox (baseball)
Jim Cox (baseball),draftRound,1st round,Jim Cox (baseball)
Jim Cox (baseball),draftPick,16th overall,Jim Cox (baseball)
Jim Cox (baseball),draftedBy,Montreal Expos,Jim Cox (baseball)
Louth Museum,instanceOf,museum,Louth Museum
Louth Museum,instanceOf,cultural institution,Louth Museum
Louth Museum,location,"Louth, Lincolnshire, England",Louth Museum
Louth Museum,country,United Kingdom,Louth Museum
Louth Museum,established,1910,Louth Museum
Louth Museum,type,local history museum,Louth Museum
Louth Museum,collection,archaeological artifacts,Louth Museum
Louth Museum,collection,historical documents,Louth Museum
Louth Museum,collection,photographs,Louth Museum
Louth Museum,collection,artworks,Louth Museum
Louth Museum,collection,geological specimens,Louth Museum
Louth Museum,focus,local history of Louth,Louth Museum
Louth Museum,focus,Lincolnshire heritage,Louth Museum
Louth Museum,building,former vicarage,Louth Museum
Louth Museum,operatedBy,Louth Museum Trust,Louth Museum
Louth Museum,website,https://www.louthmuseum.org.uk,Louth Museum
Louth Museum,coordinates,"53.3686°N, 0.0042°W",Louth Museum
Louth Museum,openingHours,Seasonal (check website),Louth Museum
Louth Museum,admission,Free (donations welcome),Louth Museum
Louth Museum,notableExhibit,Manby Engine,Louth Museum
Louth Museum,notableExhibit,Roman artifacts from Lincolnshire,Louth Museum
Louth Museum,notableExhibit,Victorian-era memorabilia,Louth Museum
Louth Museum,architecturalStyle,Victorian,Louth Museum
Louth Museum,nearbyAttraction,"St. James' Church, Louth",Louth Museum
Louth Museum,nearbyAttraction,Hubbard's Hills,Louth Museum
Louth Museum,publicTransitAccess,Bus services in Louth,Louth Museum
Louth Museum,parking,Limited nearby parking,Louth Museum
Georg Christoph Strattner,instanceOf,person,Georg Christoph Strattner
Georg Christoph Strattner,instanceOf,composer,Georg Christoph Strattner
Georg Christoph Strattner,instanceOf,musician,Georg Christoph Strattner
Georg Christoph Strattner,birthDate,1644,Georg Christoph Strattner
Georg Christoph Strattner,deathDate,1704,Georg Christoph Strattner
Georg Christoph Strattner,birthPlace,Gols (now in Austria),Georg Christoph Strattner
Georg Christoph Strattner,nationality,German,Georg Christoph Strattner
Georg Christoph Strattner,occupation,composer,Georg Christoph Strattner
Georg Christoph Strattner,occupation,church musician,Georg Christoph Strattner
Georg Christoph Strattner,occupation,Kapellmeister,Georg Christoph Strattner
Georg Christoph Strattner,workedAt,Eisenach,Georg Christoph Strattner
Georg Christoph Strattner,workedAt,Weimar,Georg Christoph Strattner
Georg Christoph Strattner,associatedWith,Johann Sebastian Bach,Georg Christoph Strattner
Georg Christoph Strattner,genre,Baroque music,Georg Christoph Strattner
Georg Christoph Strattner,notableWork,Sacred vocal music,Georg Christoph Strattner
Georg Christoph Strattner,notableWork,Church cantatas,Georg Christoph Strattner
2022 Colombian presidential election,instanceOf,presidential election,2022 Colombian presidential election
2022 Colombian presidential election,instanceOf,election,2022 Colombian presidential election
2022 Colombian presidential election,country,Colombia,2022 Colombian presidential election
2022 Colombian presidential election,year,2022,2022 Colombian presidential election
2022 Colombian presidential election,date,29 May 2022 (first round),2022 Colombian presidential election
2022 Colombian presidential election,date,19 June 2022 (second round),2022 Colombian presidential election
2022 Colombian presidential election,follows,2018 Colombian presidential election,2022 Colombian presidential election
2022 Colombian presidential election,precedes,2026 Colombian presidential election,2022 Colombian presidential election
2022 Colombian presidential election,winner,Gustavo Petro,2022 Colombian presidential election
2022 Colombian presidential election,runner-up,Rodolfo Hernández Suárez,2022 Colombian presidential election
2022 Colombian presidential election,voterTurnout,58.09% (first round),2022 Colombian presidential election
2022 Colombian presidential election,voterTurnout,58.17% (second round),2022 Colombian presidential election
2022 Colombian presidential election,electoralSystem,two-round system,2022 Colombian presidential election
2022 Colombian presidential election,numberOfCandidates,6 (first round),2022 Colombian presidential election
2022 Colombian presidential election,numberOfCandidates,2 (second round),2022 Colombian presidential election
2022 Colombian presidential election,partOf,Colombian general elections,2022 Colombian presidential election
2022 Colombian presidential election,significance,First left-wing president in Colombian history,2022 Colombian presidential election
2022 Colombian presidential election,significance,First Afro-Colombian vice president (Francia Márquez),2022 Colombian presidential election
2022 Colombian presidential election,candidate,Gustavo Petro,2022 Colombian presidential election
2022 Colombian presidential election,candidate,Rodolfo Hernández Suárez,2022 Colombian presidential election
2022 Colombian presidential election,candidate,Federico Gutiérrez,2022 Colombian presidential election
2022 Colombian presidential election,candidate,Sergio Fajardo,2022 Colombian presidential election
2022 Colombian presidential election,candidate,John Milton Rodríguez,2022 Colombian presidential election
2022 Colombian presidential election,candidate,Enrique Gómez Martínez,2022 Colombian presidential election
Gustavo Petro,party,Historic Pact for Colombia,2022 Colombian presidential election
Rodolfo Hernández Suárez,party,League of Anti-Corruption Governors,2022 Colombian presidential election
Federico Gutiérrez,party,Team for Colombia,2022 Colombian presidential election
Sergio Fajardo,party,Hope Center Coalition,2022 Colombian presidential election
John Milton Rodríguez,party,Christian National Party,2022 Colombian presidential election
Enrique Gómez Martínez,party,Salvación Nacional,2022 Colombian presidential election
2022 Colombian presidential election,vicePresidentialCandidate,Francia Márquez (with Gustavo Petro),2022 Colombian presidential election
2022 Colombian presidential election,vicePresidentialCandidate,Marelen Castillo (with Rodolfo Hernández Suárez),2022 Colombian presidential election
2022 Colombian presidential election,result,Gustavo Petro: 50.44% (second round),2022 Colombian presidential election
2022 Colombian presidential election,result,Rodolfo Hernández Suárez: 47.31% (second round),2022 Colombian presidential election
2022 Colombian presidential election,result,Federico Gutiérrez: 23.91% (first round),2022 Colombian presidential election
2022 Colombian presidential election,result,Sergio Fajardo: 4.20% (first round),2022 Colombian presidential election
2022 Colombian presidential election,result,John Milton Rodríguez: 1.70% (first round),2022 Colombian presidential election
2022 Colombian presidential election,result,Enrique Gómez Martínez: 0.22% (first round),2022 Colombian presidential election
Leh–Manali Highway,instanceOf,highway,Leh–Manali Highway
Leh–Manali Highway,instanceOf,mountain road,Leh–Manali Highway
Leh–Manali Highway,location,India,Leh–Manali Highway
Leh–Manali Highway,connects,Leh,Leh–Manali Highway
Leh–Manali Highway,connects,Manali,Leh–Manali Highway
Leh–Manali Highway,length,479 kilometers,Leh–Manali Highway
Leh–Manali Highway,highest point,Tanglang La pass,Leh–Manali Highway
Leh–Manali Highway,elevation of highest point,"5,328 meters",Leh–Manali Highway
Leh–Manali Highway,crosses,Himalayas,Leh–Manali Highway
Leh–Manali Highway,crosses,Rohtang Pass,Leh–Manali Highway
Leh–Manali Highway,crosses,Baralacha La,Leh–Manali Highway
Leh–Manali Highway,crosses,Lachulung La,Leh–Manali Highway
Leh–Manali Highway,crosses,Nakee La,Leh–Manali Highway
Leh–Manali Highway,administrative division,Himachal Pradesh,Leh–Manali Highway
Leh–Manali Highway,administrative division,Ladakh,Leh–Manali Highway
Leh–Manali Highway,construction started,1964,Leh–Manali Highway
Leh–Manali Highway,operational status,seasonal,Leh–Manali Highway
Leh–Manali Highway,operational months,May to October,Leh–Manali Highway
Leh–Manali Highway,maintained by,Border Roads Organisation (BRO),Leh–Manali Highway
Leh–Manali Highway,road number,NH 3,Leh–Manali Highway
Leh–Manali Highway,scenic feature,high-altitude desert,Leh–Manali Highway
Leh–Manali Highway,scenic feature,glacial rivers,Leh–Manali Highway
Leh–Manali Highway,challenges,landslides,Leh–Manali Highway
Leh–Manali Highway,challenges,avalanches,Leh–Manali Highway
Leh–Manali Highway,challenges,extreme weather,Leh–Manali Highway
Leh–Manali Highway,tourist attraction,biking destination,Leh–Manali Highway
Leh–Manali Highway,tourist attraction,adventure tourism,Leh–Manali Highway
Lesser prairie-chicken,instanceOf,bird,Lesser prairie-chicken
Lesser prairie-chicken,instanceOf,species,Lesser prairie-chicken
Lesser prairie-chicken,scientificName,Tympanuchus pallidicinctus,Lesser prairie-chicken
Lesser prairie-chicken,family,Phasianidae,Lesser prairie-chicken
Lesser prairie-chicken,order,Galliformes,Lesser prairie-chicken
Lesser prairie-chicken,genus,Tympanuchus,Lesser prairie-chicken
Lesser prairie-chicken,conservationStatus,Vulnerable,Lesser prairie-chicken
Lesser prairie-chicken,habitat,shortgrass prairie,Lesser prairie-chicken
Lesser prairie-chicken,habitat,shrub-steppe,Lesser prairie-chicken
Lesser prairie-chicken,nativeTo,United States,Lesser prairie-chicken
Lesser prairie-chicken,nativeTo,Mexico,Lesser prairie-chicken
Lesser prairie-chicken,diet,seeds,Lesser prairie-chicken
Lesser prairie-chicken,diet,insects,Lesser prairie-chicken
Lesser prairie-chicken,diet,green vegetation,Lesser prairie-chicken
Lesser prairie-chicken,threatenedBy,habitat loss,Lesser prairie-chicken
Lesser prairie-chicken,threatenedBy,agricultural expansion,Lesser prairie-chicken
Lesser prairie-chicken,threatenedBy,energy development,Lesser prairie-chicken
Lesser prairie-chicken,threatenedBy,climate change,Lesser prairie-chicken
Lesser prairie-chicken,lifespan,1 to 2 years (wild),Lesser prairie-chicken
Lesser prairie-chicken,lifespan,up to 5 years (captivity),Lesser prairie-chicken
Lesser prairie-chicken,matingSystem,lek breeding,Lesser prairie-chicken
Lesser prairie-chicken,distinctiveFeature,inflatable orange air sacs,Lesser prairie-chicken
Lesser prairie-chicken,distinctiveFeature,dark barring on feathers,Lesser prairie-chicken
Lesser prairie-chicken,clutchSize,8 to 14 eggs,Lesser prairie-chicken
Lesser prairie-chicken,incubationPeriod,23 to 24 days,Lesser prairie-chicken
Lesser prairie-chicken,predator,coyotes,Lesser prairie-chicken
Lesser prairie-chicken,predator,raptors,Lesser prairie-chicken
Lesser prairie-chicken,predator,snakes,Lesser prairie-chicken
Lesser prairie-chicken,predator,foxes,Lesser prairie-chicken
Lesser prairie-chicken,range,Colorado,Lesser prairie-chicken
Lesser prairie-chicken,range,Kansas,Lesser prairie-chicken
Lesser prairie-chicken,range,New Mexico,Lesser prairie-chicken
Lesser prairie-chicken,range,Oklahoma,Lesser prairie-chicken
Lesser prairie-chicken,range,Texas,Lesser prairie-chicken
Lesser prairie-chicken,range,Chihuahua (Mexico),Lesser prairie-chicken
Lesser prairie-chicken,behavior,ground-dwelling,Lesser prairie-chicken
Lesser prairie-chicken,behavior,non-migratory (mostly),Lesser prairie-chicken
Lesser prairie-chicken,size,15 to 16 inches (length),Lesser prairie-chicken
Lesser prairie-chicken,weight,1.5 to 2.5 pounds,Lesser prairie-chicken
Lesser prairie-chicken,wingspan,22 to 24 inches,Lesser prairie-chicken
Lesser prairie-chicken,sexualDimorphism,males larger than females,Lesser prairie-chicken
Lesser prairie-chicken,sexualDimorphism,males have brighter plumage,Lesser prairie-chicken
Lesser prairie-chicken,vocalization,booming calls during mating,Lesser prairie-chicken
Lesser prairie-chicken,legalProtection,Endangered Species Act (proposed),Lesser prairie-chicken
Lesser prairie-chicken,legalProtection,state-level protections,Lesser prairie-chicken
Lesser prairie-chicken,populationTrend,declining,Lesser prairie-chicken
Lesser prairie-chicken,estimatedPopulation,"27,000 (2021 estimate)",Lesser prairie-chicken
Jean Jaurès,instanceOf,human,Jean Jaurès
Jean Jaurès,instanceOf,politician,Jean Jaurès
Jean Jaurès,instanceOf,philosopher,Jean Jaurès
Jean Jaurès,instanceOf,journalist,Jean Jaurès
Jean Jaurès,birthDate,1859-09-03,Jean Jaurès
Jean Jaurès,deathDate,1914-07-31,Jean Jaurès
Jean Jaurès,birthPlace,"Castres, France",Jean Jaurès
Jean Jaurès,deathPlace,"Paris, France",Jean Jaurès
Jean Jaurès,causeOfDeath,assassination,Jean Jaurès
Jean Jaurès,occupation,politician,Jean Jaurès
Jean Jaurès,occupation,philosopher,Jean Jaurès
Jean Jaurès,occupation,journalist,Jean Jaurès
Jean Jaurès,nationality,French,Jean Jaurès
Jean Jaurès,politicalParty,French Section of the Workers' International (SFIO),Jean Jaurès
Jean Jaurès,notableWork,L'Armée nouvelle,Jean Jaurès
Jean Jaurès,notableWork,Les Preuves,Jean Jaurès
Jean Jaurès,notableWork,Histoire socialiste de la Révolution française,Jean Jaurès
Jean Jaurès,education,École normale supérieure,Jean Jaurès
Jean Jaurès,almaMater,University of Toulouse,Jean Jaurès
Jean Jaurès,spouse,Louise Bois,Jean Jaurès
Jean Jaurès,child,Madeleine Jaurès,Jean Jaurès
Jean Jaurès,child,Jean-Louis Jaurès,Jean Jaurès
Jean Jaurès,award,Legion of Honour (posthumous),Jean Jaurès
Jean Jaurès,influencedBy,Karl Marx,Jean Jaurès
Jean Jaurès,influencedBy,Jules Guesde,Jean Jaurès
Jean Jaurès,influenced,Léon Blum,Jean Jaurès
Jean Jaurès,influenced,François Mitterrand,Jean Jaurès
Jean Jaurès,movement,socialism,Jean Jaurès
Jean Jaurès,movement,pacifism,Jean Jaurès
Jean Jaurès,positionHeld,Member of the Chamber of Deputies (France),Jean Jaurès
Jean Jaurès,founderOf,L'Humanité (newspaper),Jean Jaurès
Jean Jaurès,assassinatedBy,Raoul Villain,Jean Jaurès
Jean Jaurès,notableIdea,unification of socialist parties,Jean Jaurès
Jean Jaurès,notableIdea,anti-militarism,Jean Jaurès
Jean Jaurès,notableIdea,secularism,Jean Jaurès
Jean Jaurès,memorial,Place Jean-Jaurès (Paris),Jean Jaurès
Jean Jaurès,memorial,Jean Jaurès Foundation,Jean Jaurès
Jean Jaurès,memorial,Statue of Jean Jaurès (Castres),Jean Jaurès
Acer oligocarpum,instanceOf,species,Acer oligocarpum
Acer oligocarpum,subclassOf,Acer,Acer oligocarpum
Acer oligocarpum,commonName,Few-fruited Maple,Acer oligocarpum
Acer oligocarpum,kingdom,Plantae,Acer oligocarpum
Acer oligocarpum,clade,Angiosperms,Acer oligocarpum
Acer oligocarpum,clade,Eudicots,Acer oligocarpum
Acer oligocarpum,order,Sapindales,Acer oligocarpum
Acer oligocarpum,family,Sapindaceae,Acer oligocarpum
Acer oligocarpum,genus,Acer,Acer oligocarpum
Acer oligocarpum,nativeTo,China,Acer oligocarpum
Acer oligocarpum,habitat,Mountain forests,Acer oligocarpum
Acer oligocarpum,leafType,Deciduous,Acer oligocarpum
Acer oligocarpum,leafArrangement,Opposite,Acer oligocarpum
Acer oligocarpum,leafShape,Palmately lobed,Acer oligocarpum
Acer oligocarpum,flowerColor,Yellowish-green,Acer oligocarpum
Acer oligocarpum,fruitType,Samara,Acer oligocarpum
Acer oligocarpum,conservationStatus,Not evaluated (IUCN),Acer oligocarpum
Brackwede station,instanceOf,railway station,Brackwede station
Brackwede station,locatedIn,Brackwede,Brackwede station
Brackwede station,locatedIn,Bielefeld,Brackwede station
Brackwede station,locatedIn,North Rhine-Westphalia,Brackwede station
Brackwede station,locatedIn,Germany,Brackwede station
Brackwede station,servedBy,Deutsche Bahn,Brackwede station
Brackwede station,servedBy,Eurobahn,Brackwede station
Brackwede station,lineServedBy,Haller Willem (railway line),Brackwede station
Brackwede station,lineServedBy,Bielefeld–Hamelin railway,Brackwede station
Brackwede station,opened,1847,Brackwede station
Brackwede station,stationCode,EBK,Brackwede station
Brackwede station,coordinates,51.9833°N 8.5167°E,Brackwede station
Bayerisches Armeemuseum,instanceOf,museum,Bayerisches Armeemuseum
Bayerisches Armeemuseum,location,Ingolstadt,Bayerisches Armeemuseum
Bayerisches Armeemuseum,location,Bavaria,Bayerisches Armeemuseum
Bayerisches Armeemuseum,location,Germany,Bayerisches Armeemuseum
Bayerisches Armeemuseum,established,1879,Bayerisches Armeemuseum
Bayerisches Armeemuseum,focus,military history,Bayerisches Armeemuseum
Bayerisches Armeemuseum,focus,Bavarian army,Bayerisches Armeemuseum
Bayerisches Armeemuseum,collection,weapons,Bayerisches Armeemuseum
Bayerisches Armeemuseum,collection,uniforms,Bayerisches Armeemuseum
Bayerisches Armeemuseum,collection,medals,Bayerisches Armeemuseum
Bayerisches Armeemuseum,collection,artillery,Bayerisches Armeemuseum
Bayerisches Armeemuseum,collection,historical documents,Bayerisches Armeemuseum
Bayerisches Armeemuseum,building,New Castle (Neues Schloss),Bayerisches Armeemuseum
Bayerisches Armeemuseum,relocated,1969,Bayerisches Armeemuseum
Bayerisches Armeemuseum,relocatedTo,Ingolstadt,Bayerisches Armeemuseum
Bayerisches Armeemuseum,director,Ansgar Reiß,Bayerisches Armeemuseum
Bayerisches Armeemuseum,website,https://www.armeemuseum.de,Bayerisches Armeemuseum
Bayerisches Armeemuseum,type,state museum,Bayerisches Armeemuseum
Bayerisches Armeemuseum,affiliation,Bavarian State,Bayerisches Armeemuseum
Judo at the 2023 Pan American Games – Women's 63 kg,instanceOf,judo event,Judo at the 2023 Pan American Games – Women's 63 kg
Judo at the 2023 Pan American Games – Women's 63 kg,instanceOf,sports competition,Judo at the 2023 Pan American Games – Women's 63 kg
Judo at the 2023 Pan American Games – Women's 63 kg,partOf,2023 Pan American Games,Judo at the 2023 Pan American Games – Women's 63 kg
Judo at the 2023 Pan American Games – Women's 63 kg,sport,judo,Judo at the 2023 Pan American Games – Women's 63 kg
Judo at the 2023 Pan American Games – Women's 63 kg,genderCategory,women's,Judo at the 2023 Pan American Games – Women's 63 kg
Judo at the2023 Pan American Games – Women's 63 kg,weightCategory,63 kg,Judo at the 2023 Pan American Games – Women's 63 kg
Judo at the 2023 Pan American Games – Women's 63 kg,location,"Santiago, Chile",Judo at the 2023 Pan American Games – Women's 63 kg
Judo at the 2023 Pan American Games – Women's 63 kg,startDate,2023-10-28,Judo at the 2023 Pan American Games – Women's 63 kg
Judo at the 2023 Pan American Games – Women's 63 kg,endDate,2023-10-28,Judo at the 2023 Pan American Games – Women's 63 kg
Judo at the 2023 Pan American Games – Women's 63 kg,goldMedalist,Maylín del Toro Carvajal,Judo at the 2023 Pan American Games – Women's 63 kg
Judo at the 2023 Pan American Games – Women's 63 kg,silverMedalist,Isabela Lima,Judo at the 2023 Pan American Games – Women's 63 kg
Judo at the 2023 Pan American Games – Women's 63 kg,bronzeMedalist,Prisca Awiti Alcaraz,Judo at the 2023 Pan American Games – Women's 63 kg
Judo at the 2023 Pan American Games – Women's 63 kg,bronzeMedalist,Kristine Jiménez,Judo at the 2023 Pan American Games – Women's 63 kg
Judo at the 2023 Pan American Games – Women's 63 kg,organizer,PanAm Sports,Judo at the 2023 Pan American Games – Women's 63 kg
Judo at the 2023 Pan American Games – Women's 63 kg,venue,Contacto Deportivo,Judo at the 2023 Pan American Games – Women's 63 kg
Rocket.Chat,instanceOf,software,Rocket.Chat
Rocket.Chat,instanceOf,communication platform,Rocket.Chat
Rocket.Chat,instanceOf,team collaboration tool,Rocket.Chat
Rocket.Chat,developedBy,Rocket.Chat Technologies Corp.,Rocket.Chat
Rocket.Chat,initialReleaseDate,2015,Rocket.Chat
Rocket.Chat,programmingLanguage,JavaScript,Rocket.Chat
Rocket.Chat,programmingLanguage,TypeScript,Rocket.Chat
Rocket.Chat,license,MIT License,Rocket.Chat
Rocket.Chat,platform,Web,Rocket.Chat
Rocket.Chat,platform,Windows,Rocket.Chat
Rocket.Chat,platform,macOS,Rocket.Chat
Rocket.Chat,platform,Linux,Rocket.Chat
Rocket.Chat,platform,Android,Rocket.Chat
Rocket.Chat,platform,iOS,Rocket.Chat
Rocket.Chat,website,https://rocket.chat,Rocket.Chat
Rocket.Chat,type,open-source,Rocket.Chat
Rocket.Chat,function,instant messaging,Rocket.Chat
Rocket.Chat,function,video conferencing,Rocket.Chat
Rocket.Chat,function,file sharing,Rocket.Chat
Rocket.Chat,function,team collaboration,Rocket.Chat
Rocket.Chat,function,live chat,Rocket.Chat
Rocket.Chat,function,API integrations,Rocket.Chat
Rocket.Chat,alternativeTo,Slack,Rocket.Chat
Rocket.Chat,alternativeTo,Microsoft Teams,Rocket.Chat
Rocket.Chat,alternativeTo,Mattermost,Rocket.Chat
Rocket.Chat,supports,end-to-end encryption,Rocket.Chat
Rocket.Chat,supports,multi-factor authentication,Rocket.Chat
Rocket.Chat,supports,custom emojis,Rocket.Chat
Rocket.Chat,supports,bots and integrations,Rocket.Chat
Rocket.Chat,supports,themes and customization,Rocket.Chat
Rocket.Chat,supports,self-hosting,Rocket.Chat
Rocket.Chat,supports,cloud hosting,Rocket.Chat
Rocket.Chat,repository,https://github.com/RocketChat/Rocket.Chat,Rocket.Chat
Rocket.Chat,hasFeature,channels and private groups,Rocket.Chat
Rocket.Chat,hasFeature,direct messaging,Rocket.Chat
Rocket.Chat,hasFeature,message search,Rocket.Chat
Rocket.Chat,hasFeature,message reactions,Rocket.Chat
Rocket.Chat,hasFeature,message threads,Rocket.Chat
Rocket.Chat,hasFeature,voice and video calls,Rocket.Chat
Rocket.Chat,hasFeature,screen sharing,Rocket.Chat
Rocket.Chat,hasFeature,file uploads,Rocket.Chat
Rocket.Chat,hasFeature,user mentions,Rocket.Chat
Rocket.Chat,hasFeature,message editing and deletion,Rocket.Chat
Rocket.Chat,hasFeature,user roles and permissions,Rocket.Chat
Rocket.Chat,hasFeature,audit logs,Rocket.Chat
Rocket.Chat,hasFeature,REST and Real-Time APIs,Rocket.Chat
Rocket.Chat,usedBy,enterprises,Rocket.Chat
Rocket.Chat,usedBy,government organizations,Rocket.Chat
Rocket.Chat,usedBy,educational institutions,Rocket.Chat
Rocket.Chat,usedBy,developers,Rocket.Chat
Rocket.Chat,usedFor,team communication,Rocket.Chat
Rocket.Chat,usedFor,customer support,Rocket.Chat
Rocket.Chat,usedFor,community building,Rocket.Chat
Serikbolsyn Abdildin,instanceOf,human,Serikbolsyn Abdildin
Serikbolsyn Abdildin,instanceOf,politician,Serikbolsyn Abdildin
Serikbolsyn Abdildin,birthDate,1937-11-25,Serikbolsyn Abdildin
Serikbolsyn Abdildin,deathDate,2019-12-31,Serikbolsyn Abdildin
Serikbolsyn Abdildin,birthPlace,"Kazakh Soviet Socialist Republic, USSR",Serikbolsyn Abdildin
Serikbolsyn Abdildin,nationality,Kazakh,Serikbolsyn Abdildin
Serikbolsyn Abdildin,occupation,politician,Serikbolsyn Abdildin
Serikbolsyn Abdildin,occupation,economist,Serikbolsyn Abdildin
Serikbolsyn Abdildin,positionHeld,Chairman of the Supreme Soviet of Kazakhstan,Serikbolsyn Abdildin
Serikbolsyn Abdildin,positionHeld,First Secretary of the Communist Party of Kazakhstan,Serikbolsyn Abdildin
Serikbolsyn Abdildin,positionHeld,Member of the Supreme Soviet of the USSR,Serikbolsyn Abdildin
Serikbolsyn Abdildin,politicalParty,Communist Party of Kazakhstan,Serikbolsyn Abdildin
Serikbolsyn Abdildin,awardReceived,Order of the Red Banner of Labour,Serikbolsyn Abdildin
Serikbolsyn Abdildin,awardReceived,Order of Friendship of Peoples,Serikbolsyn Abdildin
Serikbolsyn Abdildin,education,Kazakh National Agrarian University,Serikbolsyn Abdildin
The Adventures of Nicholas Nickleby,instanceOf,novel,The Adventures of Nicholas Nickleby
The Adventures of Nicholas Nickleby,instanceOf,work of fiction,The Adventures of Nicholas Nickleby
The Adventures of Nicholas Nickleby,author,Charles Dickens,The Adventures of Nicholas Nickleby
The Adventures of Nicholas Nickleby,publicationYear,1839,The Adventures of Nicholas Nickleby
The Adventures of Nicholas Nickleby,genre,Bildungsroman,The Adventures of Nicholas Nickleby
The Adventures of Nicholas Nickleby,genre,social criticism,The Adventures of Nicholas Nickleby
The Adventures of Nicholas Nickleby,genre,satire,The Adventures of Nicholas Nickleby
The Adventures of Nicholas Nickleby,originalLanguage,English,The Adventures of Nicholas Nickleby
The Adventures of Nicholas Nickleby,setting,England,The Adventures of Nicholas Nickleby
The Adventures of Nicholas Nickleby,setting,19th century,The Adventures of Nicholas Nickleby
The Adventures of Nicholas Nickleby,mainCharacter,Nicholas Nickleby,The Adventures of Nicholas Nickleby
The Adventures of Nicholas Nickleby,mainCharacter,Smike,The Adventures of Nicholas Nickleby
The Adventures of Nicholas Nickleby,mainCharacter,Ralph Nickleby,The Adventures of Nicholas Nickleby
The Adventures of Nicholas Nickleby,mainCharacter,Kate Nickleby,The Adventures of Nicholas Nickleby
The Adventures of Nicholas Nickleby,mainCharacter,Wackford Squeers,The Adventures of Nicholas Nickleby
The Adventures of Nicholas Nickleby,mainCharacter,Newman Noggs,The Adventures of Nicholas Nickleby
The Adventures of Nicholas Nickleby,publisher,Chapman & Hall,The Adventures of Nicholas Nickleby
The Adventures of Nicholas Nickleby,follows,Oliver Twist,The Adventures of Nicholas Nickleby
The Adventures of Nicholas Nickleby,precedes,The Old Curiosity Shop,The Adventures of Nicholas Nickleby
The Adventures of Nicholas Nickleby,adaptedInto,film,The Adventures of Nicholas Nickleby
The Adventures of Nicholas Nickleby,adaptedInto,television series,The Adventures of Nicholas Nickleby
The Adventures of Nicholas Nickleby,adaptedInto,stage play,The Adventures of Nicholas Nickleby
The Adventures of Nicholas Nickleby,partOfSeries,Dickens's serial novels,The Adventures of Nicholas Nickleby
"Lubei Subdistrict, Taizhou, Zhejiang",instanceOf,subdistrict,"Lubei Subdistrict, Taizhou, Zhejiang"
"Lubei Subdistrict, Taizhou, Zhejiang",locatedIn,"Taizhou, Zhejiang","Lubei Subdistrict, Taizhou, Zhejiang"
"Lubei Subdistrict, Taizhou, Zhejiang",locatedIn,Zhejiang,"Lubei Subdistrict, Taizhou, Zhejiang"
"Lubei Subdistrict, Taizhou, Zhejiang",locatedIn,China,"Lubei Subdistrict, Taizhou, Zhejiang"
"Lubei Subdistrict, Taizhou, Zhejiang",country,China,"Lubei Subdistrict, Taizhou, Zhejiang"
"Lubei Subdistrict, Taizhou, Zhejiang",administrativeDivision,subdistrict,"Lubei Subdistrict, Taizhou, Zhejiang"
"Lubei Subdistrict, Taizhou, Zhejiang",partOf,Jiaojiang District,"Lubei Subdistrict, Taizhou, Zhejiang"
"Lubei Subdistrict, Taizhou, Zhejiang",timeZone,UTC+8,"Lubei Subdistrict, Taizhou, Zhejiang"
The Music and Theater Folk High School,instanceOf,folk high school,The Music and Theater Folk High School
The Music and Theater Folk High School,instanceOf,educational institution,The Music and Theater Folk High School
The Music and Theater Folk High School,location,Sweden,The Music and Theater Folk High School
The Music and Theater Folk High School,specialization,music,The Music and Theater Folk High School
The Music and Theater Folk High School,specialization,theater,The Music and Theater Folk High School
The Music and Theater Folk High School,type,non-formal adult education,The Music and Theater Folk High School
The Music and Theater Folk High School,languageOfInstruction,Swedish,The Music and Theater Folk High School
The Music and Theater Folk High School,foundedIn,1960s,The Music and Theater Folk High School
Remembering Leonard Nimoy,instanceOf,documentary film,Remembering Leonard Nimoy
Remembering Leonard Nimoy,directedBy,David Knight,Remembering Leonard Nimoy
Remembering Leonard Nimoy,releasedIn,2017,Remembering Leonard Nimoy
Remembering Leonard Nimoy,genre,biographical documentary,Remembering Leonard Nimoy
Remembering Leonard Nimoy,subject,Leonard Nimoy,Remembering Leonard Nimoy
Remembering Leonard Nimoy,narratedBy,George Takei,Remembering Leonard Nimoy
Remembering Leonard Nimoy,featuresInterviewsWith,William Shatner,Remembering Leonard Nimoy
Remembering Leonard Nimoy,featuresInterviewsWith,Zachary Quinto,Remembering Leonard Nimoy
Remembering Leonard Nimoy,featuresInterviewsWith,Nichelle Nichols,Remembering Leonard Nimoy
Remembering Leonard Nimoy,featuresInterviewsWith,Adam Nimoy,Remembering Leonard Nimoy
Remembering Leonard Nimoy,producedBy,455 Films,Remembering Leonard Nimoy
Remembering Leonard Nimoy,distributedBy,PBS,Remembering Leonard Nimoy
Remembering Leonard Nimoy,duration,55 minutes,Remembering Leonard Nimoy
Remembering Leonard Nimoy,coversEvent,Leonard Nimoy's death,Remembering Leonard Nimoy
Remembering Leonard Nimoy,coversEvent,Leonard Nimoy's career,Remembering Leonard Nimoy
Remembering Leonard Nimoy,coversEvent,Leonard Nimoy's legacy,Remembering Leonard Nimoy
Port of Kherson,instanceOf,seaport,Port of Kherson
Port of Kherson,instanceOf,transportation hub,Port of Kherson
Port of Kherson,locatedIn,Kherson,Port of Kherson
Port of Kherson,locatedIn,Ukraine,Port of Kherson
Port of Kherson,locatedIn,Dnipro River,Port of Kherson
Port of Kherson,operatedBy,Ukrainian Sea Ports Authority,Port of Kherson
Port of Kherson,hasFunction,cargo handling,Port of Kherson
Port of Kherson,hasFunction,passenger transportation,Port of Kherson
Port of Kherson,hasFunction,ship repair,Port of Kherson
Port of Kherson,connectsTo,Black Sea,Port of Kherson
Port of Kherson,establishedIn,1778,Port of Kherson
Port of Kherson,hasInfrastructure,dry docks,Port of Kherson
Port of Kherson,hasInfrastructure,cargo terminals,Port of Kherson
Port of Kherson,hasInfrastructure,passenger terminals,Port of Kherson
Port of Kherson,handlesCargoType,grain,Port of Kherson
Port of Kherson,handlesCargoType,metals,Port of Kherson
Port of Kherson,handlesCargoType,containers,Port of Kherson
Port of Kherson,handlesCargoType,fertilizers,Port of Kherson
Port of Kherson,significantEvent,Russian occupation (2022),Port of Kherson
Port of Kherson,significantEvent,liberation by Ukraine (2022),Port of Kherson
Port of Kherson,affectedBy,2022 Russian invasion of Ukraine,Port of Kherson
Canton of Nomeny,instanceOf,canton of France,Canton of Nomeny
Canton of Nomeny,locatedIn,Meurthe-et-Moselle,Canton of Nomeny
Canton of Nomeny,locatedIn,Grand Est,Canton of Nomeny
Canton of Nomeny,locatedIn,France,Canton of Nomeny
Canton of Nomeny,country,France,Canton of Nomeny
Canton of Nomeny,abolishedIn,2015,Canton of Nomeny
Canton of Nomeny,replacedBy,Canton of Entre Seille et Meurthe,Canton of Nomeny
Canton of Nomeny,containsSettlement,Nomeny,Canton of Nomeny
Canton of Nomeny,containsSettlement,Belleau,Canton of Nomeny
Canton of Nomeny,containsSettlement,Clémery,Canton of Nomeny
Canton of Nomeny,containsSettlement,Faulx,Canton of Nomeny
Canton of Nomeny,containsSettlement,Lay-Saint-Christophe,Canton of Nomeny
Canton of Nomeny,containsSettlement,Raucourt,Canton of Nomeny
Canton of Nomeny,population,"approximately 6,000 (as of 2012)",Canton of Nomeny
Canton of Nomeny,area,approximately 150 km²,Canton of Nomeny
1997 Singapore Open,instanceOf,badminton tournament,1997 Singapore Open
1997 Singapore Open,instanceOf,sporting event,1997 Singapore Open
1997 Singapore Open,partOf,BWF World Grand Prix,1997 Singapore Open
1997 Singapore Open,location,Singapore,1997 Singapore Open
1997 Singapore Open,startDate,1997-07-22,1997 Singapore Open
1997 Singapore Open,endDate,1997-07-27,1997 Singapore Open
1997 Singapore Open,sport,badminton,1997 Singapore Open
1997 Singapore Open,organizer,Badminton World Federation (BWF),1997 Singapore Open
1997 Singapore Open,men's singles champion,Ardy Wiranata,1997 Singapore Open
1997 Singapore Open,women's singles champion,Mia Audina,1997 Singapore Open
1997 Singapore Open,men's doubles champions,Candra Wijaya,1997 Singapore Open
1997 Singapore Open,men's doubles champions,Sigit Budiarto,1997 Singapore Open
1997 Singapore Open,women's doubles champions,Zelin Resiana,1997 Singapore Open
1997 Singapore Open,women's doubles champions,Eliza Nathanael,1997 Singapore Open
1997 Singapore Open,mixed doubles champions,Tri Kusharyanto,1997 Singapore Open
1997 Singapore Open,mixed doubles champions,Minarti Timur,1997 Singapore Open
1997 Singapore Open,edition,8th,1997 Singapore Open
Trichosanthin,instanceOf,Protein,Trichosanthin
Trichosanthin,instanceOf,Ribosome-inactivating protein,Trichosanthin
Trichosanthin,derivedFrom,Trichosanthes kirilowii,Trichosanthin
Trichosanthin,hasFunction,Inhibits protein synthesis,Trichosanthin
Trichosanthin,hasFunction,Induces apoptosis,Trichosanthin
Trichosanthin,hasFunction,Antiviral activity,Trichosanthin
Trichosanthin,hasFunction,Immunomodulatory effects,Trichosanthin
Trichosanthin,usedFor,Traditional Chinese medicine,Trichosanthin
Trichosanthin,usedFor,Treatment of ectopic pregnancy,Trichosanthin
Trichosanthin,usedFor,HIV/AIDS research,Trichosanthin
Trichosanthin,molecularWeight,27 kDa,Trichosanthin
Trichosanthin,composedOf,Amino acids,Trichosanthin
Trichosanthin,hasMechanism,N-glycosidase activity on rRNA,Trichosanthin
Trichosanthin,inhibits,HIV replication,Trichosanthin
Trichosanthin,studiedIn,Cancer research,Trichosanthin
Trichosanthin,studiedIn,Autoimmune disease research,Trichosanthin
Trichosanthin,discoveredIn,China,Trichosanthin
Trichosanthin,firstIsolatedBy,Chinese researchers,Trichosanthin
Trichosanthin,belongsToFamily,Cucurbitaceae,Trichosanthin
Trichosanthin,hasSynonym,Tian Hua Fen,Trichosanthin
Trichosanthin,hasSynonym,Compound Q,Trichosanthin
Trichosanthin,hasToxicity,Potential immunogenicity,Trichosanthin
Trichosanthin,hasToxicity,Neurotoxicity at high doses,Trichosanthin
Trichosanthin,approvedForUseIn,China,Trichosanthin
Trichosanthin,notApprovedForUseIn,United States,Trichosanthin
Trichosanthin,notApprovedForUseIn,European Union,Trichosanthin
Trichosanthin,clinicalTrialsFor,HIV/AIDS,Trichosanthin
Trichosanthin,clinicalTrialsFor,Cancer,Trichosanthin
Trichosanthin,interactsWith,Ribosomes,Trichosanthin
Trichosanthin,interactsWith,Immune cells,Trichosanthin
Trichosanthin,hasStructure,Single-chain protein,Trichosanthin
Trichosanthin,hasStructure,Contains A-chain and B-chain domains,Trichosanthin
Trichosanthin,producedBy,Trichosanthes kirilowii root,Trichosanthin
Trichosanthin,hasBiologicalActivity,Antitumor,Trichosanthin
Trichosanthin,hasBiologicalActivity,Antiviral,Trichosanthin
Trichosanthin,hasBiologicalActivity,Immunosuppressive,Trichosanthin
Trichosanthin,targets,28S rRNA,Trichosanthin
Trichosanthin,targets,Eukaryotic ribosomes,Trichosanthin
Trichosanthin,researchedFor,Choriocarcinoma treatment,Trichosanthin
Trichosanthin,researchedFor,Hydatidiform mole treatment,Trichosanthin
Trichosanthin,researchedFor,Trophoblastic diseases,Trichosanthin
Trichosanthin,hasAdverseEffect,Fever,Trichosanthin
Trichosanthin,hasAdverseEffect,Allergic reactions,Trichosanthin
Trichosanthin,hasAdverseEffect,Neurological symptoms,Trichosanthin
Trichosanthin,usedIn,Gynecology,Trichosanthin
Trichosanthin,usedIn,Oncology research,Trichosanthin
Trichosanthin,hasProperty,Thermostable,Trichosanthin
Trichosanthin,hasProperty,pH-sensitive,Trichosanthin
Trichosanthin,hasProperty,Protease-resistant,Trichosanthin
United Nations Security Council Resolution 1426,instanceOf,United Nations Security Council Resolution,United Nations Security Council Resolution 1426
United Nations Security Council Resolution 1426,adoptedOn,2002-07-24,United Nations Security Council Resolution 1426
United Nations Security Council Resolution 1426,adoptedBy,United Nations Security Council,United Nations Security Council Resolution 1426
United Nations Security Council Resolution 1426,topic,admission of Switzerland as a member of the United Nations,United Nations Security Council Resolution 1426
United Nations Security Council Resolution 1426,recommends,General Assembly to admit Switzerland to the United Nations,United Nations Security Council Resolution 1426
United Nations Security Council Resolution 1426,voteResult,unanimously adopted,United Nations Security Council Resolution 1426
United Nations Security Council Resolution 1426,session,4578th meeting,United Nations Security Council Resolution 1426
United Nations Security Council Resolution 1426,precededBy,United Nations Security Council Resolution 1425,United Nations Security Council Resolution 1426
United Nations Security Council Resolution 1426,followedBy,United Nations Security Council Resolution 1427,United Nations Security Council Resolution 1426
United Nations Security Council Resolution 1426,documentSymbol,S/RES/1426(2002),United Nations Security Council Resolution 1426
"Billy Little (rugby league, born 1911)",instanceOf,person,"Billy Little (rugby league, born 1911)"
"Billy Little (rugby league, born 1911)",instanceOf,rugby league footballer,"Billy Little (rugby league, born 1911)"
"Billy Little (rugby league, born 1911)",dateOfBirth,1911,"Billy Little (rugby league, born 1911)"
"Billy Little (rugby league, born 1911)",dateOfDeath,1993,"Billy Little (rugby league, born 1911)"
"Billy Little (rugby league, born 1911)",countryOfCitizenship,United Kingdom,"Billy Little (rugby league, born 1911)"
"Billy Little (rugby league, born 1911)",sport,rugby league,"Billy Little (rugby league, born 1911)"
"Billy Little (rugby league, born 1911)",positionPlayed,forward,"Billy Little (rugby league, born 1911)"
"Billy Little (rugby league, born 1911)",memberOfSportsTeam,Hull FC,"Billy Little (rugby league, born 1911)"
"Billy Little (rugby league, born 1911)",memberOfSportsTeam,York,"Billy Little (rugby league, born 1911)"
"Billy Little (rugby league, born 1911)",careerStartYear,1930,"Billy Little (rugby league, born 1911)"
"Billy Little (rugby league, born 1911)",careerEndYear,1948,"Billy Little (rugby league, born 1911)"
MV American Courage,instanceOf,ship,MV American Courage
MV American Courage,instanceOf,tanker,MV American Courage
MV American Courage,type,chemical tanker,MV American Courage
MV American Courage,operator,American Steamship Company,MV American Courage
MV American Courage,flag,United States,MV American Courage
MV American Courage,portOfRegistry,"Wilmington, Delaware",MV American Courage
MV American Courage,imoNumber,9263315,MV American Courage
MV American Courage,mmsiNumber,367017000,MV American Courage
MV American Courage,callSign,WDD7000,MV American Courage
MV American Courage,grossTonnage,19000,MV American Courage
MV American Courage,deadweightTonnage,37000,MV American Courage
MV American Courage,length,190 meters,MV American Courage
MV American Courage,beam,27 meters,MV American Courage
MV American Courage,draft,10.5 meters,MV American Courage
MV American Courage,yearBuilt,2003,MV American Courage
MV American Courage,builder,Bay Shipbuilding Company,MV American Courage
MV American Courage,homePort,"Duluth, Minnesota",MV American Courage
MV American Courage,route,Great Lakes,MV American Courage
MV American Courage,cargoCapacity,33000 cubic meters,MV American Courage
MV American Courage,engineType,diesel,MV American Courage
MV American Courage,enginePower,8000 kW,MV American Courage
MV American Courage,speed,16 knots,MV American Courage
MV American Courage,notableEvent,grounding incident in 2019,MV American Courage
MV American Courage,notableEvent,collision in 2021,MV American Courage
H-class container ship,instanceOf,container ship,H-class container ship
H-class container ship,instanceOf,merchant vessel,H-class container ship
H-class container ship,operatedBy,Hapag-Lloyd,H-class container ship
H-class container ship,builtBy,Hyundai Heavy Industries,H-class container ship
H-class container ship,builtBy,Daewoo Shipbuilding & Marine Engineering,H-class container ship
H-class container ship,introduced,2012,H-class container ship
H-class container ship,capacity,"13,000 TEU",H-class container ship
H-class container ship,length,368 meters,H-class container ship
H-class container ship,beam,48 meters,H-class container ship
H-class container ship,draft,15.5 meters,H-class container ship
H-class container ship,grossTonnage,"142,000 GT",H-class container ship
H-class container ship,propulsion,single MAN B&W 12S90ME-C9.2 diesel engine,H-class container ship
H-class container ship,speed,24 knots,H-class container ship
H-class container ship,flagState,Germany,H-class container ship
H-class container ship,homePort,Hamburg,H-class container ship
H-class container ship,notableVessels,MV Hamburg Express,H-class container ship
H-class container ship,notableVessels,MV Hannover Express,H-class container ship
H-class container ship,notableVessels,MV Hong Kong Express,H-class container ship
H-class container ship,route,Europe-Asia trade lane,H-class container ship
H-class container ship,classificationSociety,DNV GL,H-class container ship
H-class container ship,iceClass,1C,H-class container ship
Breakout (Miley Cyrus album),instanceOf,music album,Breakout (Miley Cyrus album)
Breakout (Miley Cyrus album),artist,Miley Cyrus,Breakout (Miley Cyrus album)
Breakout (Miley Cyrus album),releaseDate,2008-07-22,Breakout (Miley Cyrus album)
Breakout (Miley Cyrus album),recordLabel,Hollywood Records,Breakout (Miley Cyrus album)
Breakout (Miley Cyrus album),genre,pop,Breakout (Miley Cyrus album)
Breakout (Miley Cyrus album),genre,teen pop,Breakout (Miley Cyrus album)
Breakout (Miley Cyrus album),genre,dance-pop,Breakout (Miley Cyrus album)
Breakout (Miley Cyrus album),producer,Antonina Armato,Breakout (Miley Cyrus album)
Breakout (Miley Cyrus album),producer,Tim James,Breakout (Miley Cyrus album)
Breakout (Miley Cyrus album),producer,John Shanks,Breakout (Miley Cyrus album)
Breakout (Miley Cyrus album),producer,Kara DioGuardi,Breakout (Miley Cyrus album)
Breakout (Miley Cyrus album),producer,Scott Cutler,Breakout (Miley Cyrus album)
Breakout (Miley Cyrus album),producer,Anne Preven,Breakout (Miley Cyrus album)
Breakout (Miley Cyrus album),length,43:27,Breakout (Miley Cyrus album)
Breakout (Miley Cyrus album),language,English,Breakout (Miley Cyrus album)
Breakout (Miley Cyrus album),award,Gold certification (RIAA),Breakout (Miley Cyrus album)
Breakout (Miley Cyrus album),award,Platinum certification (RIAA),Breakout (Miley Cyrus album)
Breakout (Miley Cyrus album),award,Multi-Platinum certification (RIAA),Breakout (Miley Cyrus album)
Breakout (Miley Cyrus album),chartPosition,1 (US Billboard 200),Breakout (Miley Cyrus album)
Breakout (Miley Cyrus album),chartPosition,10 (UK Albums Chart),Breakout (Miley Cyrus album)
Breakout (Miley Cyrus album),chartPosition,1 (Australian Albums Chart),Breakout (Miley Cyrus album)
Breakout (Miley Cyrus album),single,7 Things,Breakout (Miley Cyrus album)
Breakout (Miley Cyrus album),single,See You Again (Rock Mafia Remix),Breakout (Miley Cyrus album)
Breakout (Miley Cyrus album),single,Fly on the Wall,Breakout (Miley Cyrus album)
Breakout (Miley Cyrus album),song,Breakout,Breakout (Miley Cyrus album)
Breakout (Miley Cyrus album),song,7 Things,Breakout (Miley Cyrus album)
Breakout (Miley Cyrus album),song,The Driveway,Breakout (Miley Cyrus album)
Breakout (Miley Cyrus album),song,Girls Just Wanna Have Fun,Breakout (Miley Cyrus album)
Breakout (Miley Cyrus album),song,Full Circle,Breakout (Miley Cyrus album)
Breakout (Miley Cyrus album),song,Fly on the Wall,Breakout (Miley Cyrus album)
Breakout (Miley Cyrus album),song,Bottom of the Ocean,Breakout (Miley Cyrus album)
Breakout (Miley Cyrus album),song,Wake Up America,Breakout (Miley Cyrus album)
Breakout (Miley Cyrus album),song,These Four Walls,Breakout (Miley Cyrus album)
Breakout (Miley Cyrus album),song,Simple Song,Breakout (Miley Cyrus album)
Breakout (Miley Cyrus album),song,Goodbye,Breakout (Miley Cyrus album)
Breakout (Miley Cyrus album),song,See You Again (Rock Mafia Remix),Breakout (Miley Cyrus album)
Breakout (Miley Cyrus album),song,See You Again,Breakout (Miley Cyrus album)
Breakout (Miley Cyrus album),song,Start All Over,Breakout (Miley Cyrus album)
Breakout (Miley Cyrus album),songwriter,Miley Cyrus,Breakout (Miley Cyrus album)
Breakout (Miley Cyrus album),songwriter,Antonina Armato,Breakout (Miley Cyrus album)
Breakout (Miley Cyrus album),songwriter,Tim James,Breakout (Miley Cyrus album)
Breakout (Miley Cyrus album),songwriter,John Shanks,Breakout (Miley Cyrus album)
Breakout (Miley Cyrus album),songwriter,Kara DioGuardi,Breakout (Miley Cyrus album)
Breakout (Miley Cyrus album),songwriter,Scott Cutler,Breakout (Miley Cyrus album)
Breakout (Miley Cyrus album),songwriter,Anne Preven,Breakout (Miley Cyrus album)
Breakout (Miley Cyrus album),songwriter,Greg Wells,Breakout (Miley Cyrus album)
Breakout (Miley Cyrus album),songwriter,Ted Bruner,Breakout (Miley Cyrus album)
Breakout (Miley Cyrus album),songwriter,Trey Vittetoe,Breakout (Miley Cyrus album)
Breakout (Miley Cyrus album),songwriter,Cindy Cyrus,Breakout (Miley Cyrus album)
Breakout (Miley Cyrus album),songwriter,Gina Schock,Breakout (Miley Cyrus album)
