subject,predicate,object,subject_name
subject,predicate,object,Little Brosna River
Little Brosna River,instanceOf,River,Little Brosna River
Little Brosna River,location,Ireland,Little Brosna River
Little Brosna River,parentOrganization,Brosna River,Little Brosna River
Little Brosna River,country,Ireland,Little Brosna River
Little Brosna River,affiliation,River Basin,Little Brosna River
subject,predicate,object,Bueng Kan province
Bueng Kan province,instanceOf,Province of Thailand,Bueng Kan province
Bueng Kan province,name,Bueng Kan province,Bueng Kan province
Bueng Kan province,alternateName,Bueng Kan,Bueng Kan province
Bueng Kan province,location,Thailand,Bueng Kan province
Bueng Kan province,founder,unknown,Bueng Kan province
Bueng Kan province,location,Isan,Bueng Kan province
SM UB-74,instanceOf,U-boat,SM UB-74
SM UB-74,name,SM UB-74,SM UB-74
SM UB-74,alternateName,UB-74,SM UB-74
SM UB-74,builder,Kaiserliche Werft Danzig,SM UB-74
SM UB-74,keelLaid,1915,SM UB-74
SM UB-74,launchDate,1916,SM UB-74
SM UB-74,commissioningDate,1916,SM UB-74
SM UB-74,decommissioningDate,1917,SM UB-74
SM UB-74,nationality,German,SM UB-74
SM UB-74,location,Baltic Sea,SM UB-74
SM UB-74,location,North Sea,SM UB-74
SM UB-74,organizer,German Imperial Navy,SM UB-74
SM UB-74,worksFor,German Imperial Navy,SM UB-74
SM UB-74,genre,Military vessel,SM UB-74
subject,predicate,object,Katie Kitamura
Katie Kitamura,instanceOf,Person,Katie Kitamura
Katie Kitamura,name,Katie Kitamura,Katie Kitamura
Katie Kitamura,givenName,Katie,Katie Kitamura
Katie Kitamura,familyName,Kitamura,Katie Kitamura
Katie Kitamura,nationality,American,Katie Kitamura
Katie Kitamura,jobTitle,novelist,Katie Kitamura
Katie Kitamura,worksFor,None,Katie Kitamura
Katie Kitamura,genre,literary fiction,Katie Kitamura
Katie Kitamura,author,The Incident,Katie Kitamura
Katie Kitamura,author,The Forever Girl,Katie Kitamura
Katie Kitamura,creator,The Incident,Katie Kitamura
Katie Kitamura,creator,The Forever Girl,Katie Kitamura
Katie Kitamura,location,United States,Katie Kitamura
Vida Movahed,instanceOf,Person,Vida Movahed
Vida Movahed,name,Vida Movahed,Vida Movahed
Vida Movahed,givenName,Vida,Vida Movahed
Vida Movahed,familyName,Movahed,Vida Movahed
Vida Movahed,alternateName,Vida Movahed Astaneh,Vida Movahed
Vida Movahed,nationality,Iranian,Vida Movahed
Vida Movahed,gender,Female,Vida Movahed
Vida Movahed,birthDate,1985-09-03,Vida Movahed
Vida Movahed,jobTitle,Dancer,Vida Movahed
Vida Movahed,worksFor,Iranian National Dance Company,Vida Movahed
Vida Movahed,creator,Dance,Vida Movahed
Vida Movahed,genre,Dance,Vida Movahed
Vida Movahed,memberOf,Iranian National Dance Company,Vida Movahed
Vida Movahed,founder,Sahar Productions,Vida Movahed
Vida Movahed,affiliation,Sahar Productions,Vida Movahed
Vida Movahed,location,Iran,Vida Movahed
Whitmell P. Martin,instanceOf,Person,Whitmell P. Martin
Whitmell P. Martin,name,Whitmell P. Martin,Whitmell P. Martin
Whitmell P. Martin,givenName,Whitmell,Whitmell P. Martin
Whitmell P. Martin,familyName,Martin,Whitmell P. Martin
Whitmell P. Martin,birthDate,1867-04-22,Whitmell P. Martin
Whitmell P. Martin,deathDate,1941-04-16,Whitmell P. Martin
Whitmell P. Martin,gender,Male,Whitmell P. Martin
Whitmell P. Martin,jobTitle,Politician,Whitmell P. Martin
Whitmell P. Martin,memberOf,Democratic Party,Whitmell P. Martin
Whitmell P. Martin,affiliation,Democratic Party,Whitmell P. Martin
Whitmell P. Martin,nationality,American,Whitmell P. Martin
Whitmell P. Martin,worksFor,U.S. House of Representatives,Whitmell P. Martin
subject,predicate,object,Survivor: Kaôh Rōng
Survivor: Kaôh Rōng,instanceOf,Reality TV series,Survivor: Kaôh Rōng
Survivor: Kaôh Rōng,name,Survivor: Kaôh Rōng,Survivor: Kaôh Rōng
Survivor: Kaôh Rōng,alternateName,Kaôh Rōng,Survivor: Kaôh Rōng
Survivor: Kaôh Rōng,genre,Reality TV series,Survivor: Kaôh Rōng
Survivor: Kaôh Rōng,location,Cambodia,Survivor: Kaôh Rōng
Survivor: Kaôh Rōng,location,Kaôh Rōng Island,Survivor: Kaôh Rōng
Survivor: Kaôh Rōng,startDate,2015-03-15,Survivor: Kaôh Rōng
Survivor: Kaôh Rōng,endDate,2015-06-21,Survivor: Kaôh Rōng
Survivor: Kaôh Rōng,organizer,Mark Burnett,Survivor: Kaôh Rōng
Survivor: Kaôh Rōng,creator,Jeff Probst,Survivor: Kaôh Rōng
Survivor: Kaôh Rōng,worksFor,CBS,Survivor: Kaôh Rōng
Survivor: Kaôh Rōng,parentOrganization,CBS,Survivor: Kaôh Rōng
subject,predicate,object,Jorge Verstrynge
Jorge Verstrynge,instanceOf,Person,Jorge Verstrynge
Jorge Verstrynge,name,Jorge Verstrynge,Jorge Verstrynge
Jorge Verstrynge,givenName,Jorge,Jorge Verstrynge
Jorge Verstrynge,familyName,Verstrynge,Jorge Verstrynge
Jorge Verstrynge,nationality,Spanish,Jorge Verstrynge
Jorge Verstrynge,jobTitle,Politician,Jorge Verstrynge
Jorge Verstrynge,memberOf,Vox,Jorge Verstrynge
Jorge Verstrynge,worksFor,Vox,Jorge Verstrynge
Jorge Verstrynge,affiliation,Vox,Jorge Verstrynge
Jorge Verstrynge,location,Spain,Jorge Verstrynge
subject,predicate,object,"Fokino, Bryansk Oblast"
subject,predicate,object,Bhoomidevi Pushpiniyayi
Bhoomidevi Pushpiniyayi,instanceOf,Person,Bhoomidevi Pushpiniyayi
Bhoomidevi Pushpiniyayi,name,Bhoomidevi Pushpiniyayi,Bhoomidevi Pushpiniyayi
Bhoomidevi Pushpiniyayi,givenName,Bhoomidevi,Bhoomidevi Pushpiniyayi
Bhoomidevi Pushpiniyayi,familyName,Pushpiniyayi,Bhoomidevi Pushpiniyayi
Bhoomidevi Pushpiniyayi,nationality,Indian,Bhoomidevi Pushpiniyayi
Bhoomidevi Pushpiniyayi,worksFor,ICICI Bank,Bhoomidevi Pushpiniyayi
subject,predicate,object,Tixpéhual Municipality
Tixpéhual Municipality,instanceOf,Municipality,Tixpéhual Municipality
Tixpéhual Municipality,affiliation,Mérida Municipality,Tixpéhual Municipality
Tixpéhual Municipality,startDate,1917-01-01,Tixpéhual Municipality
Tixpéhual Municipality,parentOrganization,Yucatán State,Tixpéhual Municipality
subject,predicate,object,Horten Church
Horten Church,instanceOf,Church,Horten Church
Horten Church,location,Norway,Horten Church
Horten Church,location,Vestfold og Telemark,Horten Church
Horten Church,affiliation,Church of Norway,Horten Church
Horten Church,memberOf,Vestfold og Telemark,Horten Church
Horten Church,dateCreated,1842,Horten Church
Horten Church,architect,Henrik Nissen,Horten Church
Horten Church,genre,Neo-Secessionism,Horten Church
Horten Church,worksFor,Church of Norway,Horten Church
subject,predicate,object,James Mendeika
James Mendeika,instanceOf,Person,James Mendeika
James Mendeika,givenName,James,James Mendeika
James Mendeika,familyName,Mendeika,James Mendeika
James Mendeika,jobTitle,Curator,James Mendeika
James Mendeika,worksFor,Tate,James Mendeika
James Mendeika,affiliation,Tate Modern,James Mendeika
James Mendeika,nationality,British,James Mendeika
James Mendeika,startDate,2014,James Mendeika
James Mendeika,memberOf,Tate Modern,James Mendeika
James Mendeika,location,London,James Mendeika
James Mendeika,genre,Modern Art,James Mendeika
James Mendeika,creator,...,James Mendeika
subject,predicate,object,Ministry of Justice (Niger)
subject,predicate,object,Brand USA
Brand USA,instanceOf,tourism campaign,Brand USA
Brand USA,name,Brand USA,Brand USA
Brand USA,alternateName,USA Tourism,Brand USA
Brand USA,organizer,United States Travel Association,Brand USA
Brand USA,worksFor,United States Travel Association,Brand USA
Brand USA,startDate,2012,Brand USA
Brand USA,location,United States,Brand USA
Brand USA,genre,tourism,Brand USA
Brand USA,founder,James R. F. Hastings,Brand USA
Brand USA,parentOrganization,United States Travel Association,Brand USA
Brand USA,affiliation,U.S. Department of Commerce,Brand USA
Brand USA,dateCreated,2012,Brand USA
subject,predicate,object,Horses Amphora
Horses Amphora,instanceOf,Amphora,Horses Amphora
Horses Amphora,name,Horses Amphora,Horses Amphora
Horses Amphora,creator,Unknown,Horses Amphora
Horses Amphora,dateCreated,-450,Horses Amphora
Horses Amphora,genre,Ancient Greek pottery,Horses Amphora
Horses Amphora,location,The British Museum,Horses Amphora
subject,predicate,object,Schizonycha ruficollis
Schizonycha ruficollis,instanceOf,Beetle,Schizonycha ruficollis
Schizonycha ruficollis,instanceOf,Insect,Schizonycha ruficollis
Schizonycha ruficollis,genus,Schizonycha,Schizonycha ruficollis
Schizonycha ruficollis,species,ruficollis,Schizonycha ruficollis
Schizonycha ruficollis,family,Elateridae,Schizonycha ruficollis
Schizonycha ruficollis,familyName,Elateridae,Schizonycha ruficollis
Schizonycha ruficollis,instanceOf,Elateridae,Schizonycha ruficollis
Counter-Terrorism and Border Security Act 2019,instanceOf,Act of Parliament,Counter-Terrorism and Border Security Act 2019
Counter-Terrorism and Border Security Act 2019,name,Counter-Terrorism and Border Security Act 2019,Counter-Terrorism and Border Security Act 2019
Counter-Terrorism and Border Security Act 2019,datePublished,2019,Counter-Terrorism and Border Security Act 2019
Counter-Terrorism and Border Security Act 2019,genre,Legislation,Counter-Terrorism and Border Security Act 2019
Counter-Terrorism and Border Security Act 2019,organizer,Parliament of the United Kingdom,Counter-Terrorism and Border Security Act 2019
Counter-Terrorism and Border Security Act 2019,worksFor,Home Office,Counter-Terrorism and Border Security Act 2019
Counter-Terrorism and Border Security Act 2019,location,United Kingdom,Counter-Terrorism and Border Security Act 2019
Counter-Terrorism and Border Security Act 2019,parentOrganization,Parliament of the United Kingdom,Counter-Terrorism and Border Security Act 2019
Counter-Terrorism and Border Security Act 2019,affiliation,Home Office,Counter-Terrorism and Border Security Act 2019
subject,predicate,object,Johannes Loccenius
Johannes Loccnius,instanceOf,Person,Johannes Loccenius
Johannes Loccnius,name,Johannes Loccnius,Johannes Loccenius
Johannes Loccnius,givenName,Johannes,Johannes Loccenius
Johannes Loccnius,familyName,Loccnius,Johannes Loccenius
Johannes Loccnius,birthDate,1641-01-01,Johannes Loccenius
Johannes Loccnius,deathDate,1703-07-29,Johannes Loccenius
Johannes Loccnius,nationality,Swedish,Johannes Loccenius
Johannes Loccnius,jobTitle,Professor,Johannes Loccenius
Johannes Loccnius,memberOf,Royal Swedish Academy of Sciences,Johannes Loccenius
Johannes Loccnius,affiliation,Uppsala University,Johannes Loccenius
Johannes Loccnius,worksFor,Uppsala University,Johannes Loccenius
Johannes Loccnius,location,Sweden,Johannes Loccenius
Johannes Loccnius,location,Uppsala,Johannes Loccenius
Update: No additional information was provided,thus,I am sticking with 13 triples,Johannes Loccenius
subject,predicate,object,2019 AQ3
2019 AQ3,instanceOf,asteroid,2019 AQ3
2019 AQ3,name,2019 AQ3,2019 AQ3
subject,predicate,object,"Milbank Arms, Barningham"
subject,predicate,object,WeTransfer
WeTransfer,instanceOf,File sharing service,WeTransfer
WeTransfer,name,WeTransfer,WeTransfer
WeTransfer,alternateName,WeTransfer,WeTransfer
WeTransfer,founder,Nils Rønge,WeTransfer
WeTransfer,founder,Davey van der Linde,WeTransfer
WeTransfer,founder,Sebastiaan van der Meer,WeTransfer
WeTransfer,founder,Martijn Rigters,WeTransfer
WeTransfer,location,Netherlands,WeTransfer
WeTransfer,location,Amsterdam,WeTransfer
WeTransfer,startDate,2009,WeTransfer
WeTransfer,worksFor,WeTransfer,WeTransfer
subject,predicate,object,Draupner wave
Draupner wave,instanceOf,wave,Draupner wave
Draupner wave,name,Draupner wave,Draupner wave
Draupner wave,alternateName,Draupner Wave,Draupner wave
Draupner wave,datePublished,1995,Draupner wave
Draupner wave,location,Draupner oil platform,Draupner wave
Draupner wave,genre,freak wave,Draupner wave
Draupner wave,creator,not applicable,Draupner wave
Draupner wave,organizer,not applicable,Draupner wave
Draupner wave,author,not applicable,Draupner wave
like creator,organizer,author,Draupner wave
subject,predicate,object,2012 World Junior Ice Hockey Championships
2012 World Junior Ice Hockey Championships,instanceOf,Ice Hockey Tournament,2012 World Junior Ice Hockey Championships
2012 World Junior Ice Hockey Championships,name,2012 World Junior Ice Hockey Championships,2012 World Junior Ice Hockey Championships
2012 World Junior Ice Hockey Championships,startDate,2012-01-04,2012 World Junior Ice Hockey Championships
2012 World Junior Ice Hockey Championships,endDate,2012-01-15,2012 World Junior Ice Hockey Championships
2012 World Junior Ice Hockey Championships,location,Canada,2012 World Junior Ice Hockey Championships
2012 World Junior Ice Hockey Championships,organizer,International Ice Hockey Federation,2012 World Junior Ice Hockey Championships
2012 World Junior Ice Hockey Championships,genre,Sports Tournament,2012 World Junior Ice Hockey Championships
2012 World Junior Ice Hockey Championships,alternateName,2012 IIHF U20 World Championship,2012 World Junior Ice Hockey Championships
2012 World Junior Ice Hockey Championships,founder,International Ice Hockey Federation,2012 World Junior Ice Hockey Championships
2012 World Junior Ice Hockey Championships,worksFor,International Ice Hockey Federation,2012 World Junior Ice Hockey Championships
subject,predicate,object,2016 FIFA U-17 Women's World Cup
2016 FIFA U-17 Women's World Cup,instanceOf,FIFA U-17 Women's World Cup,2016 FIFA U-17 Women's World Cup
2016 FIFA U-17 Women's World Cup,name,2016 FIFA U-17 Women's World Cup,2016 FIFA U-17 Women's World Cup
2016 FIFA U-17 Women's World Cup,startDate,2016-10-08,2016 FIFA U-17 Women's World Cup
2016 FIFA U-17 Women's World Cup,endDate,2016-10-21,2016 FIFA U-17 Women's World Cup
2016 FIFA U-17 Women's World Cup,location,Jordan,2016 FIFA U-17 Women's World Cup
2016 FIFA U-17 Women's World Cup,organizer,FIFA,2016 FIFA U-17 Women's World Cup
2016 FIFA U-17 Women's World Cup,genre,Women's association football,2016 FIFA U-17 Women's World Cup
subject,predicate,object,Jim Spencer (curler)
subject,predicate,object,Cartagena Cathedral
Cartagena Cathedral,instanceOf,Cathedral,Cartagena Cathedral
Cartagena Cathedral,name,Cartagena Cathedral,Cartagena Cathedral
Cartagena Cathedral,alternateName,Catedral de Cartagena,Cartagena Cathedral
Cartagena Cathedral,startDate,1572,Cartagena Cathedral
Cartagena Cathedral,architect,Rodrigo de Triana,Cartagena Cathedral
Cartagena Cathedral,genre,Gothic architecture,Cartagena Cathedral
Cartagena Cathedral,affiliation,Roman Catholic Church,Cartagena Cathedral
Cartagena Cathedral,memberOf,Catholic Diocese of Cartagena,Cartagena Cathedral
Cartagena Cathedral,datePublished,1586,Cartagena Cathedral
Cartagena Cathedral,creator,Rodrigo de Triana,Cartagena Cathedral
Cartagena Cathedral,worksFor,Roman Catholic Church,Cartagena Cathedral
Cartagena Cathedral,location,Colombia,Cartagena Cathedral
Cartagena Cathedral,location,South America,Cartagena Cathedral
Cartagena Cathedral,instanceOf,Religious building,Cartagena Cathedral
Cartagena Cathedral,instanceOf,Colonial architecture,Cartagena Cathedral
Cartagena Cathedral,architect,Spanish architect,Cartagena Cathedral
Cartagena Cathedral,architectureStyle,Baroque,Cartagena Cathedral
Cartagena Cathedral,hasFeature,Dome,Cartagena Cathedral
Cartagena Cathedral,hasFeature,Tower,Cartagena Cathedral
Cartagena Cathedral,location,Caribbean coast,Cartagena Cathedral
Cartagena Cathedral,organizer,Bishop of Cartagena,Cartagena Cathedral
Cartagena Cathedral,affiliation,Catholic Church,Cartagena Cathedral
subject,predicate,object,Nuraghe Genna Maria
Nuraghe Genna Maria,instanceOf,Nuraghe,Nuraghe Genna Maria
Nuraghe Genna Maria,location,Sardinia,Nuraghe Genna Maria
Nuraghe Genna Maria,location,Italy,Nuraghe Genna Maria
Nuraghe Genna Maria,dateCreated,Bronze Age,Nuraghe Genna Maria
Nuraghe Genna Maria,genre,Archaeological site,Nuraghe Genna Maria
subject,predicate,object,Durga Shanker Mishra
Durga Shanker Mishra,instanceOf,Person,Durga Shanker Mishra
Durga Shanker Mishra,name,Durga Shanker Mishra,Durga Shanker Mishra
Durga Shanker Mishra,givenName,Durga Shanker,Durga Shanker Mishra
Durga Shanker Mishra,familyName,Mishra,Durga Shanker Mishra
Durga Shanker Mishra,jobTitle,Indian Administrative Service,Durga Shanker Mishra
Durga Shanker Mishra,worksFor,Ministry of Home Affairs,Durga Shanker Mishra
Durga Shanker Mishra,affiliation,Government of India,Durga Shanker Mishra
subject,predicate,object,Großkrotzenburg
Großkrotzenburg,instanceOf,municipality,Großkrotzenburg
Großkrotzenburg,location,Germany,Großkrotzenburg
Großkrotzenburg,location,Hesse,Großkrotzenburg
Großkrotzenburg,location,Main-Kinzig-Kreis,Großkrotzenburg
Großkrotzenburg,affiliation,Darmstadt,Großkrotzenburg
Großkrotzenburg,affiliation,Regierungsbezirk Darmstadt,Großkrotzenburg
Großkrotzenburg,name,Großkrotzenburg,Großkrotzenburg
Zapolyariye,instanceOf,Kinochain,Zapolyariye
Zapolyariye,name,Zapolyariye,Zapolyariye
Zapolyariye,alternateName,Заполярий,Zapolyariye
Zapolyariye,location,Russia,Zapolyariye
Zapolyariye,genre,Drama,Zapolyariye
Zapolyariye,organizer,Mosfilm,Zapolyariye
Zapolyariye,creator,Mosfilm,Zapolyariye
Zapolyariye,worksFor,Mosfilm,Zapolyariye
Zapolyariye,datePublished,2013,Zapolyariye
Zapolyariye,startDate,2013,Zapolyariye
Zapolyariye,affiliation,Mosfilm Corporation,Zapolyariye
Zapolyariye,parentOrganization,Mosfilm Corporation,Zapolyariye
subject,predicate,object,Ohio State Route 292
Ohio State Route 292,instanceOf,State Route,Ohio State Route 292
Ohio State Route 292,location,Ohio,Ohio State Route 292
Ohio State Route 292,alternateName,SR 292,Ohio State Route 292
Ohio State Route 292,alternateName,OH 292,Ohio State Route 292
Ohio State Route 292,startDate,1931-01-01,Ohio State Route 292
Ohio State Route 292,endDate,unknown,Ohio State Route 292
Ohio State Route 292,location,Columbiana County,Ohio State Route 292
Ohio State Route 292,location,Leet Township,Ohio State Route 292
Ohio State Route 292,location,Rogers,Ohio State Route 292
subject,predicate,object,The Squeaker (1963 film)
The Squeaker (1963 film),instanceOf,film,The Squeaker (1963 film)
The Squeaker (1963 film),name,The Squeaker (1963 film),The Squeaker (1963 film)
The Squeaker (1963 film),alternateName,The Squeaker,The Squeaker (1963 film)
The Squeaker (1963 film),genre,crime film,The Squeaker (1963 film)
The Squeaker (1963 film),genre,thriller,The Squeaker (1963 film)
The Squeaker (1963 film),creator,Gerhard Schmidt,The Squeaker (1963 film)
The Squeaker (1963 film),organizer,Wolfgang Liebeneiner,The Squeaker (1963 film)
The Squeaker (1963 film),worksFor,Wolfgang Liebeneiner,The Squeaker (1963 film)
The Squeaker (1963 film),affiliation,German film,The Squeaker (1963 film)
The Squeaker (1963 film),location,Germany,The Squeaker (1963 film)
The Squeaker (1963 film),datePublished,1963,The Squeaker (1963 film)
The Squeaker (1963 film),startDate,1963,The Squeaker (1963 film)
The Squeaker (1963 film),instanceOf,movie,The Squeaker (1963 film)
The Squeaker (1963 film),author,Gerhard Schmidt,The Squeaker (1963 film)
The Squeaker (1963 film),nationality,German,The Squeaker (1963 film)
Saxton Oval,instanceOf,Oval,Saxton Oval
Saxton Oval,location,New Zealand,Saxton Oval
Saxton Oval,genre,Sports,Saxton Oval
Saxton Oval,worksFor,Nelson Cricket Association,Saxton Oval
Misfat al Abriyeen,instanceOf,town,Misfat al Abriyeen
Misfat al Abriyeen,location,Oman,Misfat al Abriyeen
Misfat al Abriyeen,location,Al Batinah Region,Misfat al Abriyeen
Misfat al Abriyeen,name,Misfat al Abriyeen,Misfat al Abriyeen
Misfat al Abriyeen,alternateName,?,Misfat al Abriyeen
2010–11 Kent State Golden Flashes men's basketball team,instanceOf,sports team,2010–11 Kent State Golden Flashes men's basketball team
2010–11 Kent State Golden Flashes men's basketball team,name,2010–11 Kent State Golden Flashes men's basketball team,2010–11 Kent State Golden Flashes men's basketball team
2010–11 Kent State Golden Flashes men's basketball team,gender,men's,2010–11 Kent State Golden Flashes men's basketball team
2010–11 Kent State Golden Flashes men's basketball team,affiliation,Kent State University,2010–11 Kent State Golden Flashes men's basketball team
2010–11 Kent State Golden Flashes men's basketball team,location,Ohio,2010–11 Kent State Golden Flashes men's basketball team
2010–11 Kent State Golden Flashes men's basketball team,startDate,2010,2010–11 Kent State Golden Flashes men's basketball team
2010–11 Kent State Golden Flashes men's basketball team,endDate,2011,2010–11 Kent State Golden Flashes men's basketball team
2010–11 Kent State Golden Flashes men's basketball team,worksFor,Mid-American Conference,2010–11 Kent State Golden Flashes men's basketball team
subject,predicate,object,2012 Stockport Metropolitan Borough Council election
2012 Stockport Metropolitan Borough Council election,instanceOf,election,2012 Stockport Metropolitan Borough Council election
2012 Stockport Metropolitan Borough Council election,name,2012 Stockport Metropolitan Borough Council election,2012 Stockport Metropolitan Borough Council election
2012 Stockport Metropolitan Borough Council election,location,Stockport,2012 Stockport Metropolitan Borough Council election
2012 Stockport Metropolitan Borough Council election,datePublished,2012,2012 Stockport Metropolitan Borough Council election
2012 Stockport Metropolitan Borough Council election,organizer,Stockport Metropolitan Borough Council,2012 Stockport Metropolitan Borough Council election
2012 Stockport Metropolitan Borough Council election,genre,Local election,2012 Stockport Metropolitan Borough Council election
subject,predicate,object,Dunfermline and Dollar
Dunfermline and Dollar,instanceOf,Parliamentary constituency,Dunfermline and Dollar
Dunfermline and Dollar,location,Scotland,Dunfermline and Dollar
Dunfermline and Dollar,location,United Kingdom,Dunfermline and Dollar
Dunfermline and Dollar,memberOf,UK Parliament,Dunfermline and Dollar
Dunfermline and Dollar,affiliation,Scottish Labour Party,Dunfermline and Dollar
Dunfermline and Dollar,parentOrganization,UK Parliament,Dunfermline and Dollar
Dunfermline and Dollar,location,Fife,Dunfermline and Dollar
Dunfermline and Dollar,location,Clackmannanshire,Dunfermline and Dollar
Dunfermline and Dollar,startDate,2005,Dunfermline and Dollar
subject,predicate,object,North Central Hardwood Forests
North Central Hardwood Forests,instanceOf,Forest,North Central Hardwood Forests
North Central Hardwood Forests,location,United States,North Central Hardwood Forests
North Central Hardwood Forests,genre,Hardwood Forest,North Central Hardwood Forests
North Central Hardwood Forests,location,Midwest,North Central Hardwood Forests
North Central Hardwood Forests,location,Northeast,North Central Hardwood Forests
North Central Hardwood Forests,affiliation,US Forest Service,North Central Hardwood Forests
subject,predicate,object,Gaspar de Bono
Gaspar de Bono,instanceOf,Person,Gaspar de Bono
Gaspar de Bono,name,Gaspar de Bono,Gaspar de Bono
Gaspar de Bono,givenName,Gaspar,Gaspar de Bono
Gaspar de Bono,familyName,de Bono,Gaspar de Bono
Gaspar de Bono,birthDate,1590-01-01,Gaspar de Bono
Gaspar de Bono,deathDate,1650-01-01,Gaspar de Bono
Gaspar de Bono,gender,Male,Gaspar de Bono
Gaspar de Bono,jobTitle,Physician,Gaspar de Bono
Gaspar de Bono,worksFor,Hospital,Gaspar de Bono
Gaspar de Bono,affiliation,Order of Saint John of God,Gaspar de Bono
Gaspar de Bono,nationality,Italian,Gaspar de Bono
Gaspar de Bono,location,Italy,Gaspar de Bono
Gaspar de Bono,location,Turin,Gaspar de Bono
Gaspar de Bono,creator,Opera,Gaspar de Bono
Gaspar de Bono,genre,Medical literature,Gaspar de Bono
Gaspar de Bono,alternateName,Gaspare,Gaspar de Bono
Gaspar de Bono,founder,no,Gaspar de Bono
Gaspar de Bono,memberOf,Order of Saint John of God,Gaspar de Bono
Gaspar de Bono,parentOrganization,Order of Saint John of God,Gaspar de Bono
Gaspar de Bono,startDate,no,Gaspar de Bono
Gaspar de Bono,endDate,no,Gaspar de Bono
Gaspar de Bono,dateCreated,no,Gaspar de Bono
Gaspar de Bono,datePublished,no,Gaspar de Bono
Gaspar de Bono,organizer,no,Gaspar de Bono
Gaspar de Bono,author,Opera,Gaspar de Bono
Alicia Rodríguez,instanceOf,Actress,Alicia Rodríguez (Spanish actress)
Alicia Rodríguez,name,Alicia Rodríguez,Alicia Rodríguez (Spanish actress)
Alicia Rodríguez,givenName,Alicia,Alicia Rodríguez (Spanish actress)
Alicia Rodríguez,familyName,Rodríguez,Alicia Rodríguez (Spanish actress)
Alicia Rodríguez,nationality,Spanish,Alicia Rodríguez (Spanish actress)
Alicia Rodríguez,gender,Female,Alicia Rodríguez (Spanish actress)
Alicia Rodríguez,jobTitle,Actress,Alicia Rodríguez (Spanish actress)
Alicia Rodríguez,worksFor,various film and television productions,Alicia Rodríguez (Spanish actress)
Alicia Rodríguez,alternateName,Alicia Rodríguez Hernández,Alicia Rodríguez (Spanish actress)
Alicia Rodríguez,affiliation,various Spanish film and television companies,Alicia Rodríguez (Spanish actress)
Alicia Rodríguez,worksFor,Televisión Española,Alicia Rodríguez (Spanish actress)
Alicia Rodríguez,worksFor,Antena 3,Alicia Rodríguez (Spanish actress)
Alicia Rodríguez,genre,Drama,Alicia Rodríguez (Spanish actress)
Alicia Rodríguez,genre,Comedy,Alicia Rodríguez (Spanish actress)
Chengdu J-20,instanceOf,Fighter Jet,Chengdu J-20
Chengdu J-20,name,Chengdu J-20,Chengdu J-20
Chengdu J-20,alternateName,J-20,Chengdu J-20
Chengdu J-20,alternateName,Chengdu J-20,Chengdu J-20
Chengdu J-20,manufacturer,Chengdu Aircraft Industry Group,Chengdu J-20
Chengdu J-20,creator,Chengdu Aircraft Industry Group,Chengdu J-20
Chengdu J-20,worksFor,People's Liberation Army Air Force,Chengdu J-20
Chengdu J-20,affiliation,People's Liberation Army Air Force,Chengdu J-20
Chengdu J-20,genre,Military Aviation,Chengdu J-20
Chengdu J-20,location,China,Chengdu J-20
Chengdu J-20,startDate,2011,Chengdu J-20
Chengdu J-20,datePublished,2014,Chengdu J-20
subject,predicate,object,Lesser amberjack
Lesser amberjack,instanceOf,Fish,Lesser amberjack
Lesser amberjack,name,Lesser amberjack,Lesser amberjack
Lesser amberjack,alternateName,Serole,Lesser amberjack
Lesser amberjack,alternateName,Amberjack,Lesser amberjack
Lesser amberjack,genus,Seriola,Lesser amberjack
Lesser amberjack,family,Carangidae,Lesser amberjack
Lesser amberjack,location,Tropical waters,Lesser amberjack
Lesser amberjack,location,Atlantic Ocean,Lesser amberjack
Lesser amberjack,location,Mediterranean Sea,Lesser amberjack
Lesser amberjack,genre,Food fish,Lesser amberjack
Lesser amberjack,instanceOf,Seriola,Lesser amberjack
Lesser amberjack,affiliation,Carangidae,Lesser amberjack
Lesser amberjack,worksFor,Ocean,Lesser amberjack
Lesser amberjack,nationality,Marine,Lesser amberjack
Deool Band,instanceOf,Band,Deool Band
Deool Band,name,Deool Band,Deool Band
Deool Band,genre,Music,Deool Band
Deool Band,genre,Indian,Deool Band
Deool Band,affiliation,Marathi,Deool Band
Deool Band,location,India,Deool Band
Deool Band,organizer,Tanaji Ghadge,Deool Band
Deool Band,worksFor,Zee Marathi,Deool Band
Deool Band,startDate,2009,Deool Band
subject,predicate,object,Études (journal)
subject,predicate,object,Rådmandsgade
Rådmandsgade,instanceOf,street,Rådmandsgade
Rådmandsgade,location,Copenhagen,Rådmandsgade
Rådmandsgade,name,Rådmandsgade,Rådmandsgade
Rådmandsgade,location,Denmark,Rådmandsgade
Rådmandsgade,location,Europe,Rådmandsgade
Historical Dictionary Project of the Hebrew Language,instanceOf,dictionary project,Historical Dictionary Project of the Hebrew Language
Historical Dictionary Project of the Hebrew Language,name,Historical Dictionary Project of the Hebrew Language,Historical Dictionary Project of the Hebrew Language
Historical Dictionary Project of the Hebrew Language,alternateName,HDPHL,Historical Dictionary Project of the Hebrew Language
Historical Dictionary Project of the Hebrew Language,location,Israel,Historical Dictionary Project of the Hebrew Language
Historical Dictionary Project of the Hebrew Language,affiliation,Academy of the Hebrew Language,Historical Dictionary Project of the Hebrew Language
Historical Dictionary Project of the Hebrew Language,startDate,2000,Historical Dictionary Project of the Hebrew Language
Historical Dictionary Project of the Hebrew Language,organizer,Academy of the Hebrew Language,Historical Dictionary Project of the Hebrew Language
Historical Dictionary Project of the Hebrew Language,genre,dictionary,Historical Dictionary Project of the Hebrew Language
Historical Dictionary Project of the Hebrew Language,worksFor,Academy of the Hebrew Language,Historical Dictionary Project of the Hebrew Language
Historical Dictionary Project of the Hebrew Language,dateCreated,2000,Historical Dictionary Project of the Hebrew Language
Historical Dictionary Project of the Hebrew Language,parentOrganization,Academy of the Hebrew Language,Historical Dictionary Project of the Hebrew Language
Aleš Dryml Sr.,instanceOf,Person,Aleš Dryml Sr.
Aleš Dryml Sr.,givenName,Aleš,Aleš Dryml Sr.
Aleš Dryml Sr.,familyName,Dryml,Aleš Dryml Sr.
Aleš Dryml Sr.,alternateName,Aleš Dryml Sr,Aleš Dryml Sr.
Aleš Dryml Sr.,nationality,Czech,Aleš Dryml Sr.
Aleš Dryml Sr.,jobTitle,Ski jumper,Aleš Dryml Sr.
Aleš Dryml Sr.,birthDate,1973-09-20,Aleš Dryml Sr.
Aleš Dryml Sr.,worksFor,Ski jumping,Aleš Dryml Sr.
Aleš Dryml Sr.,genre,Ski jumping,Aleš Dryml Sr.
subject,predicate,object,HSC Winnipeg Children's Hospital
HSC Winnipeg Children's Hospital,instanceOf,Hospital,HSC Winnipeg Children's Hospital
HSC Winnipeg Children's Hospital,name,HSC Winnipeg Children's Hospital,HSC Winnipeg Children's Hospital
HSC Winnipeg Children's Hospital,location,Winnipeg,HSC Winnipeg Children's Hospital
HSC Winnipeg Children's Hospital,affiliation,University of Manitoba,HSC Winnipeg Children's Hospital
HSC Winnipeg Children's Hospital,parentOrganization,Health Sciences Centre Winnipeg,HSC Winnipeg Children's Hospital
HSC Winnipeg Children's Hospital,genre,Pediatrics,HSC Winnipeg Children's Hospital
HSC Winnipeg Children's Hospital,location,Manitoba,HSC Winnipeg Children's Hospital
HSC Winnipeg Children's Hospital,worksFor,Health Sciences Centre Winnipeg,HSC Winnipeg Children's Hospital
HSC Winnipeg Children's Hospital,instanceOf,Medical Facility,HSC Winnipeg Children's Hospital
HSC Winnipeg Children's Hospital,hasPart,Pediatric Ward,HSC Winnipeg Children's Hospital
HSC Winnipeg Children's Hospital,startDate,1993,HSC Winnipeg Children's Hospital
Black-capped foliage-gleaner,instanceOf,Species,Black-capped foliage-gleaner
Black-capped foliage-gleaner,name,Black-capped foliage-gleaner,Black-capped foliage-gleaner
Black-capped foliage-gleaner,alternateName,Philomyias uropygialis,Black-capped foliage-gleaner
Black-capped foliage-gleaner,genus,Philomyias,Black-capped foliage-gleaner
Black-capped foliage-gleaner,family,Acanthopseustidae,Black-capped foliage-gleaner
Black-capped foliage-gleaner,location,South America,Black-capped foliage-gleaner
Black-capped foliage-gleaner,location,Argentina,Black-capped foliage-gleaner
Black-capped foliage-gleaner,location,Bolivia,Black-capped foliage-gleaner
Black-capped foliage-gleaner,location,Brazil,Black-capped foliage-gleaner
Black-capped foliage-gleaner,location,Paraguay,Black-capped foliage-gleaner
Black-capped foliage-gleaner,location,Uruguay,Black-capped foliage-gleaner
Black-capped foliage-gleaner,genre,Bird,Black-capped foliage-gleaner
Black-capped foliage-gleaner,instanceOf,Bird,Black-capped foliage-gleaner
Black-capped foliage-gleaner,affiliation,Acanthopseustidae,Black-capped foliage-gleaner
Songpyong-guyok,instanceOf,district,Songpyong-guyok
Songpyong-guyok,location,Pyongyang,Songpyong-guyok
Songpyong-guyok,name,Songpyong-guyok,Songpyong-guyok
Note that I was able to find only 3 facts about Songpyong-guyok. If you'd like me to try to find more,I can certainly try,but it seems that Songpyong-guyok is a relatively obscure subject.,Songpyong-guyok
subject,predicate,object,Arp 273
Arp 273,instanceOf,galaxy,Arp 273
Arp 273,name,Arp 273,Arp 273
Arp 273,alternateName,UGC 2369,Arp 273
Arp 273,location,constellation of Aries,Arp 273
Arp 273,genre,spiral galaxy,Arp 273
Arp 273,parentOrganization,Arp,Arp 273
Arp 273,startDate,unknown,Arp 273
Arp 273,datePublished,unknown,Arp 273
Arp 273,affiliation,NGC 1097,Arp 273
Arp 273,worksFor,galaxy atlas,Arp 273
subject,predicate,object,Chief Justice of Hungary
Chief Justice of Hungary,instanceOf,position,Chief Justice of Hungary
Chief Justice of Hungary,name,Chief Justice of Hungary,Chief Justice of Hungary
Chief Justice of Hungary,alternateName,Chief Justice of Hungary,Chief Justice of Hungary
Chief Justice of Hungary,jobTitle,Chief Justice,Chief Justice of Hungary
Chief Justice of Hungary,memberOf,Supreme Court of Hungary,Chief Justice of Hungary
Chief Justice of Hungary,worksFor,Supreme Court of Hungary,Chief Justice of Hungary
Chief Justice of Hungary,location,Hungary,Chief Justice of Hungary
Chief Justice of Hungary,nationality,Hungarian,Chief Justice of Hungary
Chief Justice of Hungary,parentOrganization,National Judiciary of Hungary,Chief Justice of Hungary
Chief Justice of Hungary,affiliation,National Judiciary of Hungary,Chief Justice of Hungary
subject,predicate,object,2–8a Rutland Gate
2–8a Rutland Gate,instanceOf,Building,2–8a Rutland Gate
2–8a Rutland Gate,location,London,2–8a Rutland Gate
2–8a Rutland Gate,address,"2–8a Rutland Gate, London",2–8a Rutland Gate
subject,predicate,object,Haris Hajradinović
Haris Hajradinović,instanceOf,Person,Haris Hajradinović
Haris Hajradinović,name,Haris Hajradinović,Haris Hajradinović
Haris Hajradinović,givenName,Haris,Haris Hajradinović
Haris Hajradinović,familyName,Hajradinović,Haris Hajradinović
Haris Hajradinović,nationality,Bosnian,Haris Hajradinović
Haris Hajradinović,jobTitle,Footballer,Haris Hajradinović
Haris Hajradinović,worksFor,FK Sarajevo,Haris Hajradinović
Haris Hajradinović,worksFor,AZ Alkmaar,Haris Hajradinović
Haris Hajradinović,memberOf,Bosnia and Herzegovina national football team,Haris Hajradinović
Haris Hajradinović,affiliation,Bosnia and Herzegovina,Haris Hajradinović
Haris Hajradinović,birthDate,1994-02-20,Haris Hajradinović
Haris Hajradinović,gender,Male,Haris Hajradinović
Haris Hajradinović,location,Bosnia and Herzegovina,Haris Hajradinović
Haris Hajradinović,parentOrganization,FK Sarajevo,Haris Hajradinović
subject,predicate,object,Armadillidae
Armadillidae,instanceOf,family,Armadillidae
Armadillidae,name,Armadillidae,Armadillidae
Armadillidae,alternateName,pill bugs,Armadillidae
Armadillidae,alternateName,rolly pollies,Armadillidae
Armadillidae,genus,Armadillidium,Armadillidae
Armadillidae,family,Armadillidiidae,Armadillidae
Armadillidae,location,terrestrial,Armadillidae
Armadillidae,genre,crustaceans,Armadillidae
Armadillidae,affiliation,Crustacea,Armadillidae
Armadillidae,affiliation,Malacostraca,Armadillidae
Salmo ciscaucasicus,instanceOf,Salmo,Salmo ciscaucasicus
Salmo ciscaucasicus,name,Salmo ciscaucasicus,Salmo ciscaucasicus
Salmo ciscaucasicus,alternateName,Ciscaucasian salmon,Salmo ciscaucasicus
Salmo ciscaucasicus,genus,Salmo,Salmo ciscaucasicus
Salmo ciscaucasicus,family,Salmonidae,Salmo ciscaucasicus
Salmo ciscaucasicus,location,Caucasus,Salmo ciscaucasicus
Salmo ciscaucasicus,location,Black Sea,Salmo ciscaucasicus
Salmo ciscaucasicus,location,Caspian Sea,Salmo ciscaucasicus
Salmo ciscaucasicus,species,S. ciscaucasicus,Salmo ciscaucasicus
Salmo ciscaucasicus,instanceOf,Fish,Salmo ciscaucasicus
Salmo ciscaucasicus,affiliation,IUCN,Salmo ciscaucasicus
Salmo ciscaucasicus,worksFor,Freshwater fishes,Salmo ciscaucasicus
subject,predicate,object,Qihoo 360
Qihoo 360,instanceOf,Company,Qihoo 360
Qihoo 360,name,Qihoo 360,Qihoo 360
Qihoo 360,alternateName,360,Qihoo 360
Qihoo 360,founder,Zhou Hongyi,Qihoo 360
Qihoo 360,founder,Qi Chen,Qihoo 360
Qihoo 360,location,Beijing,Qihoo 360
Qihoo 360,nationality,Chinese,Qihoo 360
Qihoo 360,genre,Internet,Qihoo 360
Qihoo 360,worksFor,Qihoo,Qihoo 360
Qihoo,instanceOf,ParentCompany,Qihoo 360
Qihoo 360,parentOrganization,Qihoo,Qihoo 360
Qihoo 360,affiliation,Chinese Academy of Sciences,Qihoo 360
Qihoo 360,startDate,2006,Qihoo 360
Qihoo 360,dateCreated,2006,Qihoo 360
Qihoo 360,jobTitle,CEO,Qihoo 360
Qihoo 360,memberOf,Internet Association of China,Qihoo 360
Qihoo 360,worksFor,360 Security,Qihoo 360
Qihoo 360,organizer,Qihoo 360 Security Conference,Qihoo 360
Qihoo 360,affiliation,China Internet Association,Qihoo 360
Qihoo 360,endDate,N/A,Qihoo 360
Qihoo 360,givenName,Qihoo,Qihoo 360
Qihoo 360,familyName,360,Qihoo 360
subject,predicate,object,Trimbach railway station
Trimbach railway station,instanceOf,railway station,Trimbach railway station
Trimbach railway station,location,Switzerland,Trimbach railway station
Trimbach railway station,affiliation,Swiss Federal Railways,Trimbach railway station
Saxifraga rufescens,instanceOf,Species,Saxifraga rufescens
Saxifraga rufescens,name,Saxifraga rufescens,Saxifraga rufescens
Saxifraga rufescens,genus,Saxifraga,Saxifraga rufescens
Saxifraga rufescens,family,Saxifragaceae,Saxifraga rufescens
Saxifraga rufescens,classification,Angiosperms,Saxifraga rufescens
Saxifraga rufescens,classification,Eudicots,Saxifraga rufescens
Saxifraga rufescens,classification,Rosids,Saxifraga rufescens
Saxifraga rufescens,nativeTo,Europe,Saxifraga rufescens
subject,predicate,object,Syzygium bungadinnia
Syzygium bungadinnia,instanceOf,Species,Syzygium bungadinnia
Syzygium bungadinnia,name,Syzygium bungadinnia,Syzygium bungadinnia
Syzygium bungadinnia,alternateName,Eugenia bungadinnia,Syzygium bungadinnia
Syzygium bungadinnia,genus,Syzygium,Syzygium bungadinnia
Syzygium bungadinnia,family,Myrtaceae,Syzygium bungadinnia
Syzygium bungadinnia,nativeTo,Australia,Syzygium bungadinnia
Syzygium bungadinnia,foundIn,Eastern Australia,Syzygium bungadinnia
Broch of Culswick,instanceOf,Broch,Broch of Culswick
Broch of Culswick,location,Shetland Islands,Broch of Culswick
Broch of Culswick,location,Scotland,Broch of Culswick
Broch of Culswick,dateCreated,Iron Age,Broch of Culswick
Broch of Culswick,type,Tower,Broch of Culswick
Broch of Culswick,affiliation,Historic Scotland,Broch of Culswick
Broch of Culswick,genre,Archaeological site,Broch of Culswick
subject,predicate,object,Wimalaratne Kumaragama
Wimalaratne Kumaragama,instanceOf,Person,Wimalaratne Kumaragama
Wimalaratne Kumaragama,givenName,Wimalaratne,Wimalaratne Kumaragama
Wimalaratne Kumaragama,familyName,Kumaragama,Wimalaratne Kumaragama
Wimalaratne Kumaragama,jobTitle,Major General,Wimalaratne Kumaragama
Wimalaratne Kumaragama,memberOf,Sri Lankan Army,Wimalaratne Kumaragama
Wimalaratne Kumaragama,nationality,Sri Lankan,Wimalaratne Kumaragama
Wimalaratne Kumaragama,worksFor,Sri Lankan Army,Wimalaratne Kumaragama
Wimalaratne Kumaragama,affiliation,Sri Lankan Army,Wimalaratne Kumaragama
Wimalaratne Kumaragama,location,Sri Lanka,Wimalaratne Kumaragama
Wimalaratne Kumaragama,deathDate,1999,Wimalaratne Kumaragama
Wimalaratne Kumaragama,alternateName,Wimalaratne Kumaragama,Wimalaratne Kumaragama
Wimalaratne Kumaragama,genre,Military,Wimalaratne Kumaragama
subject,predicate,object,Telefónica Argentina
Telefónica Argentina,instanceOf,Telecommunications Company,Telefónica Argentina
Telefónica Argentina,name,Telefónica Argentina,Telefónica Argentina
Telefónica Argentina,alternateName,Telefónica de Argentina,Telefónica Argentina
Telefónica Argentina,affiliation,Telefónica,Telefónica Argentina
Telefónica Argentina,location,Argentina,Telefónica Argentina
Telefónica Argentina,worksFor,Telecommunications,Telefónica Argentina
Telefónica Argentina,genre,Telecommunications Services,Telefónica Argentina
Telefónica Argentina,parentOrganization,Telefónica,Telefónica Argentina
Telefónica Argentina,founder,Telefónica,Telefónica Argentina
Telefónica Argentina,dateCreated,1990,Telefónica Argentina
Telefónica Argentina,organizer,Telefónica Argentina S.A.,Telefónica Argentina
Telefónica Argentina,author,Telefónica Argentina,Telefónica Argentina
Glières-Val-de-Borne,instanceOf,commune,Glières-Val-de-Borne
Glières-Val-de-Borne,name,Glières-Val-de-Borne,Glières-Val-de-Borne
Glières-Val-de-Borne,location,France,Glières-Val-de-Borne
Glières-Val-de-Borne,location,Auvergne-Rhône-Alpes,Glières-Val-de-Borne
Glières-Val-de-Borne,location,Haute-Savoie,Glières-Val-de-Borne
Glières-Val-de-Borne,dateCreated,2016-01-01,Glières-Val-de-Borne
Glières-Val-de-Borne,parentOrganization,Communauté d'agglomération du Grand Annecy,Glières-Val-de-Borne
Glières-Val-de-Borne,affiliation,Annecy,Glières-Val-de-Borne
Glières-Val-de-Borne,worksFor,Annecy,Glières-Val-de-Borne
Glières-Val-de-Borne,alternateName,Les Glières,Glières-Val-de-Borne
Glières-Val-de-Borne,location,Les Glières,Glières-Val-de-Borne
subject,predicate,object,Municipality of Izola
Municipality of Izola,instanceOf,municipality,Municipality of Izola
Municipality of Izola,name,Municipality of Izola,Municipality of Izola
Municipality of Izola,location,Slovenia,Municipality of Izola
Municipality of Izola,affiliation,Istria County,Municipality of Izola
Municipality of Izola,startDate,1994,Municipality of Izola
Municipality of Izola,parentOrganization,Municipality of Piran,Municipality of Izola
Municipality of Izola,location,Istrian Peninsula,Municipality of Izola
Municipality of Izola,worksFor,Izola,Municipality of Izola
Municipality of Izola,instanceOf,Municipality,Municipality of Izola
Municipality of Izola,location,Adriatic Sea,Municipality of Izola
Municipality of Izola,alternateName,Občina Izola,Municipality of Izola
Municipality of Izola,founder,none,Municipality of Izola
Municipality of Izola,dateCreated,1994,Municipality of Izola
subject,predicate,object,Esporte Clube São Luiz
Esporte Clube São Luiz,instanceOf,Football Club,Esporte Clube São Luiz
Esporte Clube São Luiz,name,Esporte Clube São Luiz,Esporte Clube São Luiz
Esporte Clube São Luiz,affiliation,Brazilian Football Confederation,Esporte Clube São Luiz
Esporte Clube São Luiz,worksFor,Rio Grande do Sul State Football Federation,Esporte Clube São Luiz
Esporte Clube São Luiz,genre,Football,Esporte Clube São Luiz
subject,predicate,object,West Thurrock Lagoon and Marshes
West Thurrock Lagoon and Marshes,instanceOf,Nature Reserve,West Thurrock Lagoon and Marshes
West Thurrock Lagoon and Marshes,location,Thurrock,West Thurrock Lagoon and Marshes
West Thurrock Lagoon and Marshes,location,Essex,West Thurrock Lagoon and Marshes
West Thurrock Lagoon and Marshes,location,England,West Thurrock Lagoon and Marshes
West Thurrock Lagoon and Marshes,genre,Wetlands,West Thurrock Lagoon and Marshes
subject,predicate,object,José María Oriol Urquijo
José María Oriol Urquijo,instanceOf,Person,José María Oriol Urquijo
José María Oriol Urquijo,name,José María Oriol Urquijo,José María Oriol Urquijo
José María Oriol Urquijo,givenName,José María,José María Oriol Urquijo
José María Oriol Urquijo,familyName,Oriol Urquijo,José María Oriol Urquijo
José María Oriol Urquijo,nationality,Spanish,José María Oriol Urquijo
José María Oriol Urquijo,jobTitle,Politician,José María Oriol Urquijo
José María Oriol Urquijo,memberOf,Cortes Generales,José María Oriol Urquijo
José María Oriol Urquijo,affiliation,Partido Popular,José María Oriol Urquijo
José María Oriol Urquijo,location,Madrid,José María Oriol Urquijo
José María Oriol Urquijo,worksFor,Government of Spain,José María Oriol Urquijo
José María Oriol Urquijo,birthDate,1963-04-18,José María Oriol Urquijo
José María Oriol Urquijo,gender,Male,José María Oriol Urquijo
José María Oriol Urquijo,parentOrganization,Partido Popular,José María Oriol Urquijo
José María Oriol Urquijo,organizer,Fundación Friedrich Naumann,José María Oriol Urquijo
José María Oriol Urquijo,worksFor,Fundación Friedrich Naumann,José María Oriol Urquijo
José María Oriol Urquijo,author,Book,José María Oriol Urquijo
José María Oriol Urquijo,creator,Book,José María Oriol Urquijo
subject,predicate,object,"Lille Kamøya, Nordkapp"
subject,predicate,object,Desmodus draculae
Desmodus draculae,instanceOf,species,Desmodus draculae
Desmodus draculae,name,Desmodus draculae,Desmodus draculae
Desmodus draculae,alternateName,Vampire bat,Desmodus draculae
Desmodus draculae,genus,Desmodus,Desmodus draculae
Desmodus draculae,family,Phyllostomidae,Desmodus draculae
Desmodus draculae,kingdom,Animalia,Desmodus draculae
Desmodus draculae,phylum,Chordata,Desmodus draculae
Desmodus draculae,class,Mammalia,Desmodus draculae
Desmodus draculae,order,Chiroptera,Desmodus draculae
Desmodus draculae,location,South America,Desmodus draculae
Desmodus draculae,affiliation,Phyllostomidae,Desmodus draculae
subject,predicate,object,Casey Crawford (American football)
Black-throated magpie-jay,instanceOf,Magpie-jay,Black-throated magpie-jay
Black-throated magpie-jay,name,Black-throated magpie-jay,Black-throated magpie-jay
Black-throated magpie-jay,alternateName,Calocitta melanoleuca,Black-throated magpie-jay
Black-throated magpie-jay,genus,Calocitta,Black-throated magpie-jay
Black-throated magpie-jay,family,Corvidae,Black-throated magpie-jay
Black-throated magpie-jay,location,Mexico,Black-throated magpie-jay
Black-throated magpie-jay,location,Central America,Black-throated magpie-jay
Black-throated magpie-jay,location,Southern Texas,Black-throated magpie-jay
Black-throated magpie-jay,genre,Bird,Black-throated magpie-jay
Black-throated magpie-jay,affiliation,Corvidae,Black-throated magpie-jay
Black-throated magpie-jay,instanceOf,Bird,Black-throated magpie-jay
subject,predicate,object,"Alan Franco (footballer, born 1996)"
Remscheid Hauptbahnhof,instanceOf,railway station,Remscheid Hauptbahnhof
Remscheid Hauptbahnhof,location,Remscheid,Remscheid Hauptbahnhof
Remscheid Hauptbahnhof,name,Remscheid Hauptbahnhof,Remscheid Hauptbahnhof
Remscheid Hauptbahnhof,affiliation,Deutsche Bahn,Remscheid Hauptbahnhof
Remscheid Hauptbahnhof,startDate,1891,Remscheid Hauptbahnhof
Remscheid Hauptbahnhof,worksFor,Deutsche Bahn,Remscheid Hauptbahnhof
Remscheid Hauptbahnhof,genre,Bahnhof,Remscheid Hauptbahnhof
Remscheid Hauptbahnhof,address,Bahnhofstraße,Remscheid Hauptbahnhof
House-Museum of Samad Vurgun,instanceOf,Museum,House-Museum of Samad Vurgun
House-Museum of Samad Vurgun,name,House-Museum of Samad Vurgun,House-Museum of Samad Vurgun
House-Museum of Samad Vurgun,location,Azerbaijan,House-Museum of Samad Vurgun
House-Museum of Samad Vurgun,location,Baku,House-Museum of Samad Vurgun
House-Museum of Samad Vurgun,founder,Samad Vurgun,House-Museum of Samad Vurgun
House-Museum of Samad Vurgun,dateCreated,1962,House-Museum of Samad Vurgun
House-Museum of Samad Vurgun,affiliation,Azerbaijan National Academy of Sciences,House-Museum of Samad Vurgun
House-Museum of Samad Vurgun,genre,Literary museum,House-Museum of Samad Vurgun
Anacamptis collina,instanceOf,Orchidaceae,Anacamptis collina
Anacamptis collina,alternateName,Orchis collina,Anacamptis collina
Anacamptis collina,alternateName,Orchis fastuosa,Anacamptis collina
Anacamptis collina,location,Europe,Anacamptis collina
Anacamptis collina,location,Mediterranean,Anacamptis collina
Anacamptis collina,genre,species,Anacamptis collina
Anacamptis collina,familyName,Orchidaceae,Anacamptis collina
Chestnut-and-black weaver,instanceOf,Species,Chestnut-and-black weaver
Chestnut-and-black weaver,name,Chestnut-and-black weaver,Chestnut-and-black weaver
Chestnut-and-black weaver,alternateName,Ploceus nigricans,Chestnut-and-black weaver
Chestnut-and-black weaver,genus,Ploceus,Chestnut-and-black weaver
Chestnut-and-black weaver,family,Ploceidae,Chestnut-and-black weaver
Chestnut-and-black weaver,location,Sub-Saharan Africa,Chestnut-and-black weaver
Serious Sam,instanceOf,video game series,Serious Sam
Serious Sam,name,Serious Sam,Serious Sam
Serious Sam,genre,first-person shooter,Serious Sam
Serious Sam,creator,Croteam,Serious Sam
Serious Sam,worksFor,Croteam,Serious Sam
Serious Sam,publisher,Devolver Digital,Serious Sam
Serious Sam,releaseDate,2002,Serious Sam
Serious Sam,location,Croatia,Serious Sam
Serious Sam,nationality,Croatian,Serious Sam
Serious Sam,alternateName,Serious Sam HD,Serious Sam
Serious Sam,alternateName,Serious Sam 2,Serious Sam
Serious Sam,alternateName,Serious Sam: The First Encounter,Serious Sam
Serious Sam: The First Encounter,instanceOf,Serious Sam,Serious Sam
Serious Sam 2,instanceOf,Serious Sam,Serious Sam
Serious Sam HD,instanceOf,Serious Sam,Serious Sam
subject,predicate,object,BET Awards 2011
BET Awards 2011,instanceOf,Award Ceremony,BET Awards 2011
BET Awards 2011,name,BET Awards 2011,BET Awards 2011
BET Awards 2011,datePublished,2011,BET Awards 2011
BET Awards 2011,organizer,BET Networks,BET Awards 2011
BET Awards 2011,genre,Music,BET Awards 2011
BET Awards 2011,genre,Entertainment,BET Awards 2011
BET Awards 2011,location,Los Angeles,BET Awards 2011
BET Awards 2011,startDate,2011-06-26,BET Awards 2011
BET Awards 2011,location,Shrine Auditorium,BET Awards 2011
subject,predicate,object,"Sir Hugh Smith, 1st Baronet"
Research in Developmental Disabilities,instanceOf,Journal,Research in Developmental Disabilities
Research in Developmental Disabilities,name,Research in Developmental Disabilities,Research in Developmental Disabilities
Research in Developmental Disabilities,genre,Developmental psychology,Research in Developmental Disabilities
Research in Developmental Disabilities,genre,Disability studies,Research in Developmental Disabilities
Research in Developmental Disabilities,publisher,Elsevier,Research in Developmental Disabilities
Research in Developmental Disabilities,affiliation,Department of Psychology,Research in Developmental Disabilities
Research in Developmental Disabilities,worksFor,Elsevier,Research in Developmental Disabilities
Research in Developmental Disabilities,dateCreated,1980,Research in Developmental Disabilities
Research in Developmental Disabilities,organizer,International Association for the Scientific Study of Intellectual and Developmental Disabilities,Research in Developmental Disabilities
Research in Developmental Disabilities,parentOrganization,International Association for the Scientific Study of Intellectual and Developmental Disabilities,Research in Developmental Disabilities
Research in Developmental Disabilities,location,Netherlands,Research in Developmental Disabilities
Rodrigo Alonso,instanceOf,footballer,"Rodrigo Alonso (footballer, born 1982)"
Rodrigo Alonso,givenName,Rodrigo,"Rodrigo Alonso (footballer, born 1982)"
Rodrigo Alonso,familyName,Alonso,"Rodrigo Alonso (footballer, born 1982)"
Rodrigo Alonso,birthDate,1982,"Rodrigo Alonso (footballer, born 1982)"
Rodrigo Alonso,nationality,Argentine,"Rodrigo Alonso (footballer, born 1982)"
Rodrigo Alonso,worksFor,Nueva Chicago,"Rodrigo Alonso (footballer, born 1982)"
Rodrigo Alonso,genre,Football,"Rodrigo Alonso (footballer, born 1982)"
subject,predicate,object,Kenneth Binmoeller
Kenneth Binmoeller,instanceOf,Person,Kenneth Binmoeller
Kenneth Binmoeller,name,Kenneth Binmoeller,Kenneth Binmoeller
Kenneth Binmoeller,jobTitle,Catholic bishop,Kenneth Binmoeller
Kenneth Binmoeller,affiliation,Roman Catholic Church,Kenneth Binmoeller
Kenneth Binmoeller,nationality,American,Kenneth Binmoeller
Kenneth Binmoeller,worksFor,Roman Catholic Diocese of Oakland,Kenneth Binmoeller
Kenneth Binmoeller,memberOf,Catholic Church,Kenneth Binmoeller
Kenneth Binmoeller,givenName,Kenneth,Kenneth Binmoeller
Kenneth Binmoeller,familyName,Binmoeller,Kenneth Binmoeller
Shōmaru Station,instanceOf,railway station,Shōmaru Station
Shōmaru Station,location,Japan,Shōmaru Station
Shōmaru Station,name,Shōmaru Station,Shōmaru Station
Shōmaru Station,alternateName,Shōmaru,Shōmaru Station
Shōmaru Station,affiliation,Tokyo Metro,Shōmaru Station
Shōmaru Station,memberOf,Tokyo Metro,Shōmaru Station
Shōmaru Station,worksFor,Tokyo Metro,Shōmaru Station
Shōmaru Station,genre,public transportation,Shōmaru Station
Shōmaru Station,startDate,1983-08-19,Shōmaru Station
subject,predicate,object,Felix Ua Duib Sláin
Felix Ua Duib Sláin,instanceOf,Person,Felix Ua Duib Sláin
Felix Ua Duib Sláin,givenName,Felix,Felix Ua Duib Sláin
Felix Ua Duib Sláin,familyName,Ua Duib Sláin,Felix Ua Duib Sláin
Felix Ua Duib Sláin,jobTitle,Abbot,Felix Ua Duib Sláin
Felix Ua Duib Sláin,affiliation,Clonard Abbey,Felix Ua Duib Sláin
Felix Ua Duib Sláin,birthDate,820,Felix Ua Duib Sláin
Felix Ua Duib Sláin,deathDate,887,Felix Ua Duib Sláin
Felix Ua Duib Sláin,nationality,Irish,Felix Ua Duib Sláin
Felix Ua Duib Sláin,location,Ireland,Felix Ua Duib Sláin
American College of Greece,instanceOf,College,American College of Greece
American College of Greece,name,American College of Greece,American College of Greece
American College of Greece,alternateName,American College,American College of Greece
American College of Greece,location,Greece,American College of Greece
American College of Greece,founder,Robert McDowell,American College of Greece
American College of Greece,startDate,1880,American College of Greece
American College of Greece,affiliation,International Baccalaureate,American College of Greece
American College of Greece,affiliation,New England Association of Schools and Colleges,American College of Greece
American College of Greece,worksFor,Education,American College of Greece
American College of Greece,genre,Education,American College of Greece
American College of Greece,parentOrganization,SABRE,American College of Greece
American College of Greece,location,Athens,American College of Greece
American College of Greece,jobTitle,President,American College of Greece
American College of Greece,instanceOf,Private College,American College of Greece
American College of Greece,nationality,American,American College of Greece
American College of Greece,dateCreated,1880,American College of Greece
subject,predicate,object,Giovanni Maria da Varano
Giovanni Maria da Varano,instanceOf,Lord,Giovanni Maria da Varano
Giovanni Maria da Varano,name,Giovanni Maria da Varano,Giovanni Maria da Varano
Giovanni Maria da Varano,givenName,Giovanni Maria,Giovanni Maria da Varano
Giovanni Maria da Varano,familyName,da Varano,Giovanni Maria da Varano
Giovanni Maria da Varano,birthDate,1564-09-24,Giovanni Maria da Varano
Giovanni Maria da Varano,deathDate,1611,Giovanni Maria da Varano
Giovanni Maria da Varano,nationality,Italian,Giovanni Maria da Varano
Giovanni Maria da Varano,jobTitle,Lord of Camerino,Giovanni Maria da Varano
Giovanni Maria da Varano,memberOf,Italian nobility,Giovanni Maria da Varano
Giovanni Maria da Varano,affiliation,House of Varano,Giovanni Maria da Varano
Giovanni Maria da Varano,location,Camerino,Giovanni Maria da Varano
Giovanni Maria da Varano,founder,no,Giovanni Maria da Varano
Giovanni Maria da Varano,parentOrganization,no,Giovanni Maria da Varano
Giovanni Maria da Varano,startDate,no,Giovanni Maria da Varano
Giovanni Maria da Varano,endDate,no,Giovanni Maria da Varano
Giovanni Maria da Varano,dateCreated,no,Giovanni Maria da Varano
Giovanni Maria da Varano,datePublished,no,Giovanni Maria da Varano
Giovanni Maria da Varano,organizer,no,Giovanni Maria da Varano
Giovanni Maria da Varano,author,no,Giovanni Maria da Varano
Giovanni Maria da Varano,creator,no,Giovanni Maria da Varano
Giovanni Maria da Varano,worksFor,no,Giovanni Maria da Varano
Giovanni Maria da Varano,genre,no,Giovanni Maria da Varano
Giovanni Maria da Varano,alternateName,Giovanni Maria Varano,Giovanni Maria da Varano
subject,predicate,object,Voyant Tools
Voyant Tools,instanceOf,Tool,Voyant Tools
Voyant Tools,name,Voyant Tools,Voyant Tools
Voyant Tools,alternateName,Voyant,Voyant Tools
Voyant Tools,genre,Text Analysis,Voyant Tools
Voyant Tools,genre,Digital Humanities,Voyant Tools
Voyant Tools,creator,Stéfan Sinclair,Voyant Tools
Voyant Tools,creator,Geoffrey Rockwell,Voyant Tools
Voyant Tools,worksFor,University of Alberta,Voyant Tools
Voyant Tools,affiliation,University of Alberta,Voyant Tools
Voyant Tools,location,Canada,Voyant Tools
Voyant Tools,startDate,2009,Voyant Tools
Voyant Tools,dateCreated,2009,Voyant Tools
Voyant Tools,organizer,Stéfan Sinclair,Voyant Tools
Voyant Tools,author,Stéfan Sinclair,Voyant Tools
Voyant Tools,founder,Stéfan Sinclair,Voyant Tools
Voyant Tools,founder,Geoffrey Rockwell,Voyant Tools
subject,predicate,object,USS LST-952
USS LST-952,instanceOf,LST-5-class tank landing ship,USS LST-952
USS LST-952,name,USS LST-952,USS LST-952
USS LST-952,affiliation,United States Navy,USS LST-952
USS LST-952,parentOrganization,United States Navy,USS LST-952
USS LST-952,worksFor,United States Navy,USS LST-952
USS LST-952,instanceOf,Ship,USS LST-952
USS LST-952,affiliation,US Navy,USS LST-952
USS LST-952,location,Atlantic Ocean,USS LST-952
USS LST-952,location,Pacific Ocean,USS LST-952
USS LST-952,jobTitle,Tank Landing Ship,USS LST-952
subject,predicate,object,Ascanio della Corgna
Ascanio della Corgna,instanceOf,Person,Ascanio della Corgna
Ascanio della Corgna,name,Ascanio della Corgna,Ascanio della Corgna
Ascanio della Corgna,givenName,Ascanio,Ascanio della Corgna
Ascanio della Corgna,familyName,della Corgna,Ascanio della Corgna
Ascanio della Corgna,birthDate,1562,Ascanio della Corgna
Ascanio della Corgna,deathDate,1625,Ascanio della Corgna
Ascanio della Corgna,jobTitle,Cardinal,Ascanio della Corgna
Ascanio della Corgna,memberOf,College of Cardinals,Ascanio della Corgna
Ascanio della Corgna,affiliation,Catholic Church,Ascanio della Corgna
Ascanio della Corgna,nationality,Italian,Ascanio della Corgna
Ascanio della Corgna,location,Rome,Ascanio della Corgna
Ascanio della Corgna,worksFor,Catholic Church,Ascanio della Corgna
"Ternovoye, Podgorensky District, Voronezh Oblast",instanceOf,rural locality,"Ternovoye, Podgorensky District, Voronezh Oblast"
"Ternovoye, Podgorensky District, Voronezh Oblast",location,Podgorensky District,"Ternovoye, Podgorensky District, Voronezh Oblast"
"Ternovoye, Podgorensky District, Voronezh Oblast",location,Voronezh Oblast,"Ternovoye, Podgorensky District, Voronezh Oblast"
"Ternovoye, Podgorensky District, Voronezh Oblast",parentOrganization,Podgorensky District,"Ternovoye, Podgorensky District, Voronezh Oblast"
Sandaker senter tram stop,instanceOf,Tram stop,Sandaker senter tram stop
Sandaker senter tram stop,location,Oslo,Sandaker senter tram stop
Sandaker senter tram stop,location,Norway,Sandaker senter tram stop
Sandaker senter tram stop,name,Sandaker senter tram stop,Sandaker senter tram stop
Sandaker senter tram stop,alternateName,Sandaker senter,Sandaker senter tram stop
Sandaker senter tram stop,affiliation,Oslo Public Transport,Sandaker senter tram stop
Sandaker senter tram stop,worksFor,Oslo Public Transport,Sandaker senter tram stop
subject,predicate,object,Piponisiw River
Piponisiw River,instanceOf,River,Piponisiw River
Piponisiw River,location,Canada,Piponisiw River
Piponisiw River,location,Manitoba,Piponisiw River
Piponisiw River,name,Piponisiw River,Piponisiw River
subject,predicate,object,Ife National Museum
Ife National Museum,instanceOf,Museum,Ife National Museum
Ife National Museum,name,Ife National Museum,Ife National Museum
Ife National Museum,location,Ife,Ife National Museum
Ife National Museum,affiliation,National Museum of Nigeria,Ife National Museum
Ife National Museum,dateCreated,1964,Ife National Museum
Ife National Museum,worksFor,National Museum of Nigeria,Ife National Museum
Ife National Museum,genre,Archaeology,Ife National Museum
Ife National Museum,parentOrganization,National Museum of Nigeria,Ife National Museum
subject,predicate,object,Jatt & Juliet 2
Jatt & Juliet 2,instanceOf,Movie,Jatt & Juliet 2
Jatt & Juliet 2,name,Jatt & Juliet 2,Jatt & Juliet 2
Jatt & Juliet 2,genre,Comedy,Jatt & Juliet 2
Jatt & Juliet 2,genre,Romance,Jatt & Juliet 2
Jatt & Juliet 2,datePublished,2013-08-16,Jatt & Juliet 2
Jatt & Juliet 2,organizer,Ginni Films,Jatt & Juliet 2
Jatt & Juliet 2,creator,Rohit Jugraj,Jatt & Juliet 2
Jatt & Juliet 2,author,Rohit Jugraj,Jatt & Juliet 2
Jatt & Juliet 2,affiliation,Punjabi Cinema,Jatt & Juliet 2
Update: More facts might be available,but for now,this is what I have,Jatt & Juliet 2
Jatt & Juliet 2,alternateName,Jatt & Juliet 2: The Movie,Jatt & Juliet 2
Jatt & Juliet 2,location,India,Jatt & Juliet 2
Jatt & Juliet 2,parentOrganization,Ginni Films,Jatt & Juliet 2
subject,predicate,object,Claude Théodore Decaen
Claude Théodore Decaen,instanceOf,Person,Claude Théodore Decaen
Claude Théodore Decaen,name,Claude Théodore Decaen,Claude Théodore Decaen
Claude Théodore Decaen,givenName,Claude Théodore,Claude Théodore Decaen
Claude Théodore Decaen,familyName,Decaen,Claude Théodore Decaen
Claude Théodore Decaen,birthDate,1769-01-14,Claude Théodore Decaen
Claude Théodore Decaen,deathDate,1841-02-26,Claude Théodore Decaen
Claude Théodore Decaen,nationality,French,Claude Théodore Decaen
Claude Théodore Decaen,jobTitle,General,Claude Théodore Decaen
Claude Théodore Decaen,memberOf,French Army,Claude Théodore Decaen
Claude Théodore Decaen,affiliation,French Army,Claude Théodore Decaen
Claude Théodore Decaen,worksFor,French Army,Claude Théodore Decaen
Claude Théodore Decaen,location,France,Claude Théodore Decaen
Claude Théodore Decaen,parentOrganization,French Army,Claude Théodore Decaen
Wendy Mogel,instanceOf,Rabbi,Wendy Mogel
Wendy Mogel,givenName,Wendy,Wendy Mogel
Wendy Mogel,familyName,Mogel,Wendy Mogel
Wendy Mogel,jobTitle,Rabbi,Wendy Mogel
Wendy Mogel,worksFor,Various institutions,Wendy Mogel
Wendy Mogel,nationality,American,Wendy Mogel
Wendy Mogel,genre,Author,Wendy Mogel
Wendy Mogel,author,The Blessings of a B Minus,Wendy Mogel
Wendy Mogel,author,Happiness is a Blessing,Wendy Mogel
Wendy Mogel,creator,"""The Mogel"" series",Wendy Mogel
Wendy Mogel,startDate,Not found,Wendy Mogel
Wendy Mogel,location,Not found,Wendy Mogel
subject,predicate,object,China Railway CR400AF
China Railway CR400AF,instanceOf,Train,China Railway CR400AF
China Railway CR400AF,name,China Railway CR400AF,China Railway CR400AF
China Railway CR400AF,alternateName,CR400AF,China Railway CR400AF
China Railway CR400AF,givenName,CR400AF,China Railway CR400AF
China Railway CR400AF,genre,High-speed train,China Railway CR400AF
China Railway CR400AF,affiliation,China Railway,China Railway CR400AF
China Railway CR400AF,worksFor,China Railway,China Railway CR400AF
China Railway CR400AF,location,China,China Railway CR400AF
China Railway CR400AF,startDate,2018,China Railway CR400AF
China Railway CR400AF,topSpeed,400 km/h,China Railway CR400AF
China Railway CR400AF,genre,High-speed train with a top speed of 400 km/h,China Railway CR400AF
China Railway CR400AF,instanceOf,High-speed train,China Railway CR400AF
China Railway CR400AF,familyName,CR400AF,China Railway CR400AF
subject,predicate,object,"Dumbleton, Queensland"
Andromeda Star,instanceOf,Ship,Andromeda Star
Andromeda Star,alternateName,Star of Andromeda,Andromeda Star
Andromeda Star,nationality,Greek,Andromeda Star
Andromeda Star,affiliation,Greek Shipping Company,Andromeda Star
1996 EA Generali Open,instanceOf,tennis tournament,1996 EA Generali Open
1996 EA Generali Open,name,1996 EA Generali Open,1996 EA Generali Open
1996 EA Generali Open,location,Austria,1996 EA Generali Open
1996 EA Generali Open,datePublished,1996,1996 EA Generali Open
1996 EA Generali Open,genre,tennis,1996 EA Generali Open
subject,predicate,object,"Mill Creek East, Washington"
Mionnay station,instanceOf,railway station,Mionnay station
Mionnay station,location,France,Mionnay station
Mionnay station,parentOrganization,SNCF,Mionnay station
Mionnay station,worksFor,SNCF,Mionnay station
Mionnay station,name,Mionnay station,Mionnay station
Mionnay station,alternateName,Gare de Mionnay,Mionnay station
Cabo Velas,instanceOf,Peninsula,Cabo Velas
Cabo Velas,location,Costa Rica,Cabo Velas
Cabo Velas,location,Limón Province,Cabo Velas
Cabo Velas,alternateName,Cabo Velas Peninsula,Cabo Velas
Cabo Velas,alternateName,Península de Cabo Velas,Cabo Velas
Cabo Velas,affiliation,Caribbean Sea,Cabo Velas
Cabo Velas,affiliation,Pacific Ocean,Cabo Velas
subject,predicate,object,Philip Adolphe Klier
Philip Adolphe Klier,instanceOf,Person,Philip Adolphe Klier
Philip Adolphe Klier,givenName,Philip,Philip Adolphe Klier
Philip Adolphe Klier,familyName,Klier,Philip Adolphe Klier
Philip Adolphe Klier,alternateName,Philipp Adolphe Klier,Philip Adolphe Klier
Philip Adolphe Klier,birthDate,1800-01-19,Philip Adolphe Klier
Philip Adolphe Klier,deathDate,1879-10-04,Philip Adolphe Klier
Philip Adolphe Klier,nationality,German,Philip Adolphe Klier
Philip Adolphe Klier,jobTitle,Missionar,Philip Adolphe Klier
Philip Adolphe Klier,memberOf,Evangelische Missionsgesellschaft,Philip Adolphe Klier
Philip Adolphe Klier,worksFor,Evangelische Missionsgesellschaft,Philip Adolphe Klier
Philip Adolphe Klier,location,Germany,Philip Adolphe Klier
Philip Adolphe Klier,location,Indonesia,Philip Adolphe Klier
subject,predicate,object,"Dmytrivka, Chernihiv Oblast"
subject,predicate,object,Staphylococcus schleiferi
Staphylococcus schleiferi,instanceOf,Bacterium,Staphylococcus schleiferi
Staphylococcus schleiferi,name,Staphylococcus schleiferi,Staphylococcus schleiferi
Staphylococcus schleiferi,genus,Staphylococcus,Staphylococcus schleiferi
Staphylococcus schleiferi,species,Schleiferi,Staphylococcus schleiferi
Staphylococcus schleiferi,classification,Gram-positive bacteria,Staphylococcus schleiferi
Staphylococcus schleiferi,type,Cocci,Staphylococcus schleiferi
Staphylococcus schleiferi,habitat,Human,Staphylococcus schleiferi
Staphylococcus schleiferi,disease,Infection,Staphylococcus schleiferi
Staphylococcus schleiferi,infection,Skin infection,Staphylococcus schleiferi
Staphylococcus schleiferi,infection,Respiratory tract infection,Staphylococcus schleiferi
Staphylococcus schleiferi,Gram stain,Gram-positive,Staphylococcus schleiferi
Staphylococcus schleiferi,shape,Cocci,Staphylococcus schleiferi
Staphylococcus schleiferi,arrangement,Cluster,Staphylococcus schleiferi
Staphylococcus schleiferi,isolation,Clinical specimen,Staphylococcus schleiferi
Martin Road Bridge,instanceOf,Bridge,Martin Road Bridge
Martin Road Bridge,location,Virginia,Martin Road Bridge
Martin Road Bridge,location,United States,Martin Road Bridge
Martin Road Bridge,genre,Infrastructure,Martin Road Bridge
Puente Genil-Herrera railway station,instanceOf,railway station,Puente Genil-Herrera railway station
Puente Genil-Herrera railway station,location,Puente Genil,Puente Genil-Herrera railway station
Puente Genil-Herrera railway station,location,Spain,Puente Genil-Herrera railway station
Puente Genil-Herrera railway station,affiliation,Renfe,Puente Genil-Herrera railway station
Puente Genil-Herrera railway station,worksFor,Renfe,Puente Genil-Herrera railway station
Bailey's Dam,instanceOf,Dam,Bailey's Dam
Bailey's Dam,location,California,Bailey's Dam
Bailey's Dam,location,United States,Bailey's Dam
subject,predicate,object,Otakar Šín
Otakar Šín,instanceOf,Person,Otakar Šín
Otakar Šín,name,Otakar Šín,Otakar Šín
Otakar Šín,givenName,Otakar,Otakar Šín
Otakar Šín,familyName,Šín,Otakar Šín
Otakar Šín,birthDate,1895-01-20,Otakar Šín
Otakar Šín,deathDate,1975-08-15,Otakar Šín
Otakar Šín,gender,Male,Otakar Šín
Otakar Šín,jobTitle,Conductor,Otakar Šín
Otakar Šín,memberOf,Czech Philharmonic,Otakar Šín
Otakar Šín,affiliation,Czech Philharmonic,Otakar Šín
Otakar Šín,nationality,Czech,Otakar Šín
Otakar Šín,location,Prague,Otakar Šín
subject,predicate,object,Gordon Jackson Rees
Gordon Jackson Rees,instanceOf,Person,Gordon Jackson Rees
Gordon Jackson Rees,name,Gordon Jackson Rees,Gordon Jackson Rees
Gordon Jackson Rees,givenName,Gordon,Gordon Jackson Rees
Gordon Jackson Rees,familyName,Rees,Gordon Jackson Rees
Gordon Jackson Rees,nationality,British,Gordon Jackson Rees
subject,predicate,object,2017 Kurdistan Region independence referendum
2017 Kurdistan Region independence referendum,instanceOf,referendum,2017 Kurdistan Region independence referendum
2017 Kurdistan Region independence referendum,datePublished,2017-09-25,2017 Kurdistan Region independence referendum
2017 Kurdistan Region independence referendum,location,Kurdistan Region,2017 Kurdistan Region independence referendum
2017 Kurdistan Region independence referendum,organizer,Kurdistan Regional Government,2017 Kurdistan Region independence referendum
2017 Kurdistan Region independence referendum,genre,independence referendum,2017 Kurdistan Region independence referendum
2017 Kurdistan Region independence referendum,startDate,2017-09-25,2017 Kurdistan Region independence referendum
2017 Kurdistan Region independence referendum,endDate,2017-09-25,2017 Kurdistan Region independence referendum
subject,predicate,object,Durga Mohan Bhattacharyya
Durga Mohan Bhattacharyya,instanceOf,Person,Durga Mohan Bhattacharyya
Durga Mohan Bhattacharyya,name,Durga Mohan Bhattacharyya,Durga Mohan Bhattacharyya
Durga Mohan Bhattacharyya,givenName,Durga Mohan,Durga Mohan Bhattacharyya
Durga Mohan Bhattacharyya,familyName,Bhattacharyya,Durga Mohan Bhattacharyya
Durga Mohan Bhattacharyya,nationality,Indian,Durga Mohan Bhattacharyya
Durga Mohan Bhattacharyya,gender,Male,Durga Mohan Bhattacharyya
Durga Mohan Bhattacharyya,worksFor,Indian Statistical Institute,Durga Mohan Bhattacharyya
Durga Mohan Bhattacharyya,affiliation,Indian Statistical Institute,Durga Mohan Bhattacharyya
Durga Mohan Bhattacharyya,jobTitle,Statistician,Durga Mohan Bhattacharyya
Durga Mohan Bhattacharyya,memberOf,Indian National Science Academy,Durga Mohan Bhattacharyya
Durga Mohan Bhattacharyya,birthDate,1911-06-19,Durga Mohan Bhattacharyya
Durga Mohan Bhattacharyya,deathDate,1990-06-07,Durga Mohan Bhattacharyya
subject,predicate,object,Krishnam Raju Gadiraju
Krishnam Raju Gadiraju,instanceOf,Person,Krishnam Raju Gadiraju
Krishnam Raju Gadiraju,givenName,Krishnam Raju,Krishnam Raju Gadiraju
Krishnam Raju Gadiraju,familyName,Gadiraju,Krishnam Raju Gadiraju
Krishnam Raju Gadiraju,jobTitle,Professor,Krishnam Raju Gadiraju
Krishnam Raju Gadiraju,affiliation,University of Hamburg,Krishnam Raju Gadiraju
Krishnam Raju Gadiraju,nationality,Indian,Krishnam Raju Gadiraju
Krishnam Raju Gadiraju,worksFor,University of Hamburg,Krishnam Raju Gadiraju
Krishnam Raju Gadiraju,creator,Multilingual Information Extraction,Krishnam Raju Gadiraju
Krishnam Raju Gadiraju,creator,WikiLingual,Krishnam Raju Gadiraju
Krishnam Raju Gadiraju,author,Research Papers,Krishnam Raju Gadiraju
Krishnam Raju Gadiraju,instanceOf,Computer Scientist,Krishnam Raju Gadiraju
Krishnam Raju Gadiraju,location,Hamburg,Krishnam Raju Gadiraju
Krishnam Raju Gadiraju,genre,Information Extraction,Krishnam Raju Gadiraju
Krishnam Raju Gadiraju,genre,Natural Language Processing,Krishnam Raju Gadiraju
Dōjigiri,instanceOf,mountain,Dōjigiri
Dōjigiri,location,Japan,Dōjigiri
Dōjigiri,location,Hiroshima,Dōjigiri
Dōjigiri,name,Dōjigiri,Dōjigiri
Dōjigiri,alternateName,Dōjigiri-san,Dōjigiri
Dōjigiri,alternateName,Dōjigiri-yama,Dōjigiri
subject,predicate,object,Mucuri Airport
Mucuri Airport,instanceOf,Airport,Mucuri Airport
Mucuri Airport,location,Brazil,Mucuri Airport
Mucuri Airport,name,Mucuri Airport,Mucuri Airport
Mucuri Airport,affiliation,Infraero,Mucuri Airport
Mucuri Airport,worksFor,Infraero,Mucuri Airport
Mucuri Airport,location,Bahia,Mucuri Airport
Mucuri Airport,genre,AirportInfrastructure,Mucuri Airport
subject,predicate,object,Oregon Route 569
Oregon Route 569,instanceOf,Route,Oregon Route 569
Oregon Route 569,name,Oregon Route 569,Oregon Route 569
Oregon Route 569,alternateName,OR 569,Oregon Route 569
Oregon Route 569,location,Oregon,Oregon Route 569
Oregon Route 569,startDate,1937,Oregon Route 569
Oregon Route 569,parentOrganization,Oregon Department of Transportation,Oregon Route 569
Oregon Route 569,worksFor,Oregon Department of Transportation,Oregon Route 569
Oregon Route 569,genre,Highway,Oregon Route 569
subject,predicate,object,Danny Abeckaser
Danny Abeckaser,instanceOf,Person,Danny Abeckaser
Danny Abeckaser,name,Danny Abeckaser,Danny Abeckaser
Danny Abeckaser,givenName,Danny,Danny Abeckaser
Danny Abeckaser,familyName,Abeckaser,Danny Abeckaser
Danny Abeckaser,jobTitle,Actor,Danny Abeckaser
Danny Abeckaser,jobTitle,Comedian,Danny Abeckaser
Danny Abeckaser,worksFor,Various,Danny Abeckaser
Danny Abeckaser,genre,Comedy,Danny Abeckaser
Danny Abeckaser,alternateName,Danny Abeckaser,Danny Abeckaser
Danny Abeckaser,nationality,American,Danny Abeckaser
Danny Abeckaser,affiliation,Improv Comedy Club,Danny Abeckaser
subject,predicate,object,Is 4 Lovers
Is 4 Lovers,instanceOf,Music Group,Is 4 Lovers
Is 4 Lovers,genre,Pop,Is 4 Lovers
Is 4 Lovers,genre,R&B,Is 4 Lovers
Is 4 Lovers,affiliation,Record Label,Is 4 Lovers
Is 4 Lovers,name,Is 4 Lovers,Is 4 Lovers
Òran Mór,instanceOf,Location/Event,Òran Mór
like a person,organization,or well-defined location,Òran Mór
subject,predicate,object,Juncus inflexus
Juncus inflexus,instanceOf,Plant,Juncus inflexus
Juncus inflexus,name,Juncus inflexus,Juncus inflexus
Juncus inflexus,alternateName,Hard-shoal rush,Juncus inflexus
Juncus inflexus,genus,Juncus,Juncus inflexus
Juncus inflexus,family,Juncaceae,Juncus inflexus
Juncus inflexus,location,Europe,Juncus inflexus
Juncus inflexus,location,Asia,Juncus inflexus
Juncus inflexus,location,Africa,Juncus inflexus
Juncus inflexus,genre,Species,Juncus inflexus
Juncus inflexus,worksFor,Wetland,Juncus inflexus
Juncus inflexus,affiliation,Flora,Juncus inflexus
subject,predicate,object,American Society of Magazine Editors
American Society of Magazine Editors,instanceOf,organization,American Society of Magazine Editors
American Society of Magazine Editors,name,American Society of Magazine Editors,American Society of Magazine Editors
American Society of Magazine Editors,alternateName,ASME,American Society of Magazine Editors
American Society of Magazine Editors,location,United States,American Society of Magazine Editors
American Society of Magazine Editors,affiliation,journalism,American Society of Magazine Editors
American Society of Magazine Editors,genre,magazine,American Society of Magazine Editors
American Society of Magazine Editors,organizer,awards,American Society of Magazine Editors
American Society of Magazine Editors,worksFor,magazine editors,American Society of Magazine Editors
American Society of Magazine Editors,memberOf,magazine editors,American Society of Magazine Editors
American Society of Magazine Editors,parentOrganization,National Association of Magazine Editors,American Society of Magazine Editors
American Society of Magazine Editors,dateCreated,1926,American Society of Magazine Editors
subject,predicate,object,The Rookie: Feds
The Rookie: Feds,instanceOf,Television series,The Rookie: Feds
The Rookie: Feds,name,The Rookie: Feds,The Rookie: Feds
The Rookie: Feds,genre,Action,The Rookie: Feds
The Rookie: Feds,genre,Drama,The Rookie: Feds
The Rookie: Feds,genre,Thriller,The Rookie: Feds
The Rookie: Feds,startDate,2022-10-07,The Rookie: Feds
The Rookie: Feds,organizer,ABC,The Rookie: Feds
The Rookie: Feds,parentOrganization,The Rookie,The Rookie: Feds
The Rookie: Feds,location,United States,The Rookie: Feds
The Rookie: Feds,worksFor,ABC,The Rookie: Feds
The Rookie: Feds,affiliation,The Rookie,The Rookie: Feds
The Rookie: Feds,creator,Alexi Hawley,The Rookie: Feds
The Rookie: Feds,author,Alexi Hawley,The Rookie: Feds
To the Wonder,instanceOf,Film,To the Wonder
To the Wonder,name,To the Wonder,To the Wonder
To the Wonder,genre,Romantic Comedy,To the Wonder
To the Wonder,genre,Drama,To the Wonder
To the Wonder,director,Sofia Coppola,To the Wonder
To the Wonder,creator,Sofia Coppola,To the Wonder
To the Wonder,author,Sofia Coppola,To the Wonder
To the Wonder,worksFor,American Zoetrope,To the Wonder
To the Wonder,worksFor,Film4,To the Wonder
To the Wonder,location,United States,To the Wonder
To the Wonder,location,France,To the Wonder
To the Wonder,startDate,2012-05-10,To the Wonder
To the Wonder,datePublished,2012-05-10,To the Wonder
To the Wonder,organizer,American Zoetrope,To the Wonder
To the Wonder,affiliation,American Zoetrope,To the Wonder
To the Wonder,affiliation,Film4,To the Wonder
subject,predicate,object,Cazzano di Tramigna
Cazzano di Tramigna,instanceOf,municipality,Cazzano di Tramigna
Cazzano di Tramigna,name,Cazzano di Tramigna,Cazzano di Tramigna
Cazzano di Tramigna,location,Italy,Cazzano di Tramigna
Cazzano di Tramigna,location,Veneto,Cazzano di Tramigna
Cazzano di Tramigna,location,Province of Verona,Cazzano di Tramigna
subject,predicate,object,Menthorpe
Menthorpe,instanceOf,village,Menthorpe
Menthorpe,location,England,Menthorpe
Menthorpe,location,Derbyshire,Menthorpe
Menthorpe,affiliation,Parish council,Menthorpe
Menthorpe,parentOrganization,South Derbyshire District Council,Menthorpe
Menthorpe,genre,none,Menthorpe
Menthorpe,nationality,English,Menthorpe
AAPG Bulletin,instanceOf,Journal,AAPG Bulletin
AAPG Bulletin,name,AAPG Bulletin,AAPG Bulletin
AAPG Bulletin,alternateName,AAPG,AAPG Bulletin
AAPG Bulletin,publisher,American Association of Petroleum Geologists,AAPG Bulletin
AAPG Bulletin,genre,Geology,AAPG Bulletin
AAPG Bulletin,genre,Petroleum,AAPG Bulletin
AAPG Bulletin,worksFor,American Association of Petroleum Geologists,AAPG Bulletin
AAPG Bulletin,affiliation,American Association of Petroleum Geologists,AAPG Bulletin
AAPG Bulletin,dateCreated,1917,AAPG Bulletin
Megascolides,instanceOf,genus,Megascolides
Megascolides,name,Megascolides,Megascolides
Megascolides,alternateName,Earthworm,Megascolides
Megascolides,genus,Megascolides,Megascolides
Megascolides,genre,Annelids,Megascolides
subject,predicate,object,Cap-Haïtien International Airport
Cap-Haïtien International Airport,instanceOf,Airport,Cap-Haïtien International Airport
Cap-Haïtien International Airport,location,Cap-Haïten,Cap-Haïtien International Airport
Cap-Haïtien International Airport,alternateName,Cap-Haïten International Airport,Cap-Haïtien International Airport
Cap-Haïtien International Airport,alternateName,CSX,Cap-Haïtien International Airport
Cap-Haïtien International Airport,worksFor,Société de Gestion de l'Aéroport International de Cap-Haïten,Cap-Haïtien International Airport
Cap-Haïtien International Airport,affiliation,Haiti,Cap-Haïtien International Airport
Cap-Haïtien International Airport,nationality,Haitian,Cap-Haïtien International Airport
subject,predicate,object,"Lubei Subdistrict, Taizhou, Zhejiang"
subject,predicate,object,Soviet destroyer Nezamozhnik
Soviet destroyer Nezamozhnik,instanceOf,destroyer,Soviet destroyer Nezamozhnik
Soviet destroyer Nezamozhnik,name,Nezamozhnik,Soviet destroyer Nezamozhnik
Soviet destroyer Nezamozhnik,alternateName,Nezamazhnik,Soviet destroyer Nezamozhnik
Soviet destroyer Nezamozhnik,builder,Soviet Union,Soviet destroyer Nezamozhnik
Soviet destroyer Nezamozhnik,startDate,1934,Soviet destroyer Nezamozhnik
Soviet destroyer Nezamozhnik,datePublished,1934,Soviet destroyer Nezamozhnik
Soviet destroyer Nezamozhnik,affiliation,Soviet Navy,Soviet destroyer Nezamozhnik
Soviet destroyer Nezamozhnik,location,Soviet Union,Soviet destroyer Nezamozhnik
Soviet destroyer Nezamozhnik,location,Black Sea,Soviet destroyer Nezamozhnik
Soviet destroyer Nezamozhnik,worksFor,Soviet Navy,Soviet destroyer Nezamozhnik
Soviet destroyer Nezamozhnik,genre,Warship,Soviet destroyer Nezamozhnik
Soviet destroyer Nezamozhnik,instanceOf,Wardian,Soviet destroyer Nezamozhnik
Soviet destroyer Nezamozhnik,familyName,Nezamozhnik,Soviet destroyer Nezamozhnik
Soviet destroyer Nezamozhnik,nationality,Soviet,Soviet destroyer Nezamozhnik
Soviet destroyer Nezamozhnik,organizer,Soviet Navy,Soviet destroyer Nezamozhnik
Soviet destroyer Nezamozhnik,creator,Soviet Union,Soviet destroyer Nezamozhnik
Soviet destroyer Nezamozhnik,parentOrganization,Soviet Navy,Soviet destroyer Nezamozhnik
Soviet destroyer Nezamozhnik,endDate,1958,Soviet destroyer Nezamozhnik
Lahore Se Aagey,instanceOf,Film,Lahore Se Aagey
Lahore Se Aagey,name,Lahore Se Aagey,Lahore Se Aagey
Lahore Se Aagey,alternateName,Lahore Se Aagey: Beyond the Lines,Lahore Se Aagey
Lahore Se Aagey,genre,Action,Lahore Se Aagey
Lahore Se Aagey,genre,Thriller,Lahore Se Aagey
Lahore Se Aagey,creator,Wajahat Rooney,Lahore Se Aagey
Lahore Se Aagey,worksFor,Pakistan,Lahore Se Aagey
Lahore Se Aagey,location,Lahore,Lahore Se Aagey
Lahore Se Aagey,location,Pakistan,Lahore Se Aagey
Lahore Se Aagey,director,Kamal Khan,Lahore Se Aagey
Lahore Se Aagey,producer,Ali Hamza,Lahore Se Aagey
Lahore Se Aagey,author,Ali Moeen,Lahore Se Aagey
Lahore Se Aagey,datePublished,2016,Lahore Se Aagey
subject,predicate,object,Matraman railway station
Matraman railway station,instanceOf,railway station,Matraman railway station
Matraman railway station,location,Jakarta,Matraman railway station
Matraman railway station,affiliation,Kereta Api Indonesia,Matraman railway station
Matraman railway station,worksFor,Kereta Api Indonesia,Matraman railway station
Matraman railway station,name,Matraman railway station,Matraman railway station
Matraman railway station,location,East Jakarta,Matraman railway station
Tmesiphantes,instanceOf,genus,Tmesiphantes
Tmesiphantes,name,Tmesiphantes,Tmesiphantes
Tmesiphantes,family,Noctuidae,Tmesiphantes
Tmesiphantes,genus,Tmesiphantes,Tmesiphantes
Bangalore Days,instanceOf,Film,Bangalore Days
Bangalore Days,name,Bangalore Days,Bangalore Days
Bangalore Days,genre,Romance,Bangalore Days
Bangalore Days,genre,Drama,Bangalore Days
Bangalore Days,creator,Anjali Menon,Bangalore Days
Bangalore Days,director,Anjali Menon,Bangalore Days
Bangalore Days,author,Anjali Menon,Bangalore Days
Bangalore Days,location,Bangalore,Bangalore Days
Bangalore Days,datePublished,2014,Bangalore Days
subject,predicate,object,Marie-Françoise Plissart
Marie-Françoise Plissart,instanceOf,Person,Marie-Françoise Plissart
Marie-Françoise Plissart,givenName,Marie-Françoise,Marie-Françoise Plissart
Marie-Françoise Plissart,familyName,Plissart,Marie-Françoise Plissart
Marie-Françoise Plissart,nationality,French,Marie-Françoise Plissart
Marie-Françoise Plissart,gender,Female,Marie-Françoise Plissart
Marie-Françoise Plissart,worksFor,INED,Marie-Françoise Plissart
Marie-Françoise Plissart,jobTitle,Demographer,Marie-Françoise Plissart
Marie-Françoise Plissart,affiliation,French National Institute for Population Studies,Marie-Françoise Plissart
Marie-Françoise Plissart,instanceOf,Demographer,Marie-Françoise Plissart
Marie-Françoise Plissart,worksFor,French National Institute for Population Studies,Marie-Françoise Plissart
subject,predicate,object,MV Ganga Vilas
MV Ganga Vilas,instanceOf,Cruise ship,MV Ganga Vilas
MV Ganga Vilas,name,MV Ganga Vilas,MV Ganga Vilas
MV Ganga Vilas,alternateName,Ganga Vilas,MV Ganga Vilas
MV Ganga Vilas,location,India,MV Ganga Vilas
MV Ganga Vilas,location,Varanasi,MV Ganga Vilas
MV Ganga Vilas,startDate,2023,MV Ganga Vilas
MV Ganga Vilas,organizer,Indian government,MV Ganga Vilas
MV Ganga Vilas,worksFor,Inland Waterways Authority of India,MV Ganga Vilas
MV Ganga Vilas,genre,Tourism,MV Ganga Vilas
MV Ganga Vilas,founder,Government of India,MV Ganga Vilas
MV Ganga Vilas,parentOrganization,Inland Waterways Authority of India,MV Ganga Vilas
MV Ganga Vilas,dateCreated,2021,MV Ganga Vilas
MV Ganga Vilas,nationality,Indian,MV Ganga Vilas
subject,predicate,object,Edward Magruder Tutwiler
Edward Magruder Tutwiler,instanceOf,Person,Edward Magruder Tutwiler
Edward Magruder Tutwiler,name,Edward Magruder Tutwiler,Edward Magruder Tutwiler
Edward Magruder Tutwiler,givenName,Edward Magruder,Edward Magruder Tutwiler
Edward Magruder Tutwiler,familyName,Tutwiler,Edward Magruder Tutwiler
Edward Magruder Tutwiler,birthDate,1853-07-19,Edward Magruder Tutwiler
Edward Magruder Tutwiler,deathDate,1922-04-21,Edward Magruder Tutwiler
Edward Magruder Tutwiler,gender,Male,Edward Magruder Tutwiler
Edward Magruder Tutwiler,nationality,American,Edward Magruder Tutwiler
Edward Magruder Tutwiler,worksFor,University of Alabama,Edward Magruder Tutwiler
Edward Magruder Tutwiler,jobTitle,Educator,Edward Magruder Tutwiler
Edward Magruder Tutwiler,memberOf,Phi Kappa Theta,Edward Magruder Tutwiler
Edward Magruder Tutwiler,affiliation,Phi Kappa Theta,Edward Magruder Tutwiler
Edward Magruder Tutwiler,location,Alabama,Edward Magruder Tutwiler
Edward Magruder Tutwiler,creator,Bryce,Edward Magruder Tutwiler
subject,predicate,object,Methacrylamide
Methacrylamide,instanceOf,Chemical compound,Methacrylamide
Methacrylamide,name,Methacrylamide,Methacrylamide
Methacrylamide,alternateName,2-Methylacrylamide,Methacrylamide
Methacrylamide,alternateName,N-Methylacrylamide,Methacrylamide
Methacrylamide,genre,Organic chemistry,Methacrylamide
Methacrylamide,affiliation,Chemistry,Methacrylamide
Methacrylamide,worksFor,Polymer chemistry,Methacrylamide
subject,predicate,object,IBTE Jefri Bolkiah Campus
IBTE Jefri Bolkiah Campus,instanceOf,Campus,IBTE Jefri Bolkiah Campus
IBTE Jefri Bolkiah Campus,name,IBTE Jefri Bolkiah Campus,IBTE Jefri Bolkiah Campus
IBTE Jefri Bolkiah Campus,alternateName,IBTE Jefri Bolkiah,IBTE Jefri Bolkiah Campus
IBTE Jefri Bolkiah Campus,location,Brunei,IBTE Jefri Bolkiah Campus
IBTE Jefri Bolkiah Campus,affiliation,IBTE,IBTE Jefri Bolkiah Campus
IBTE Jefri Bolkiah Campus,founder,Sultan Jefri Bolkiah,IBTE Jefri Bolkiah Campus
IBTE Jefri Bolkiah Campus,startDate,2003,IBTE Jefri Bolkiah Campus
Ada Iddings Gale,instanceOf,Person,Ada Iddings Gale
Ada Iddings Gale,name,Ada Iddings Gale,Ada Iddings Gale
Ada Iddings Gale,givenName,Ada,Ada Iddings Gale
Ada Iddings Gale,familyName,Gale,Ada Iddings Gale
Ada Iddings Gale,alternateName,Ada I. Gale,Ada Iddings Gale
Ada Iddings Gale,birthDate,1875-01-14,Ada Iddings Gale
Ada Iddings Gale,deathDate,1961-03-19,Ada Iddings Gale
Ada Iddings Gale,gender,Female,Ada Iddings Gale
Ada Iddings Gale,jobTitle,Librarian,Ada Iddings Gale
Ada Iddings Gale,worksFor,New York Public Library,Ada Iddings Gale
Ada Iddings Gale,affiliation,American Library Association,Ada Iddings Gale
subject,predicate,object,Westworld season 3
Westworld season 3,instanceOf,Television season,Westworld season 3
Westworld season 3,name,Westworld season 3,Westworld season 3
Westworld season 3,alternateName,Westworld Season 3,Westworld season 3
Westworld season 3,startDate,2020-03-15,Westworld season 3
Westworld season 3,endDate,2020-08-09,Westworld season 3
Westworld season 3,genre,Science fiction,Westworld season 3
Westworld season 3,genre,Western,Westworld season 3
Westworld season 3,organizer,Jonathan Nolan,Westworld season 3
Westworld season 3,organizer,Lisa Joy,Westworld season 3
Westworld season 3,creator,Jonathan Nolan,Westworld season 3
Westworld season 3,creator,Lisa Joy,Westworld season 3
Westworld season 3,worksFor,HBO,Westworld season 3
2016–17 Segona Divisió,instanceOf,sports league season,2016–17 Segona Divisió
2016–17 Segona Divisió,name,2016–17 Segona Divisió,2016–17 Segona Divisió
2016–17 Segona Divisió,startDate,2016,2016–17 Segona Divisió
2016–17 Segona Divisió,endDate,2017,2016–17 Segona Divisió
2016–17 Segona Divisió,genre,sports,2016–17 Segona Divisió
2016–17 Segona Divisió,location,Andorra,2016–17 Segona Divisió
subject,predicate,object,Dol pri Šmarju
Dol pri Šmarju,instanceOf,settlement,Dol pri Šmarju
Dol pri Šmarju,location,Slovenia,Dol pri Šmarju
Dol pri Šmarju,location,Municipality of Šmarje pri Šeljah,Dol pri Šmarju
Dol pri Šmarju,affiliation,Šmarje pri Šeljah,Dol pri Šmarju
Airdrieonians F.C.,instanceOf,Football Club,Airdrieonians F.C.
Airdrieonians F.C.,name,Airdrieonians F.C.,Airdrieonians F.C.
Airdrieonians F.C.,affiliation,Scottish Football Association,Airdrieonians F.C.
Airdrieonians F.C.,affiliation,Scottish Professional Football League,Airdrieonians F.C.
Airdrieonians F.C.,parentOrganization,Airdrieonians FC Ltd,Airdrieonians F.C.
Airdrieonians F.C.,worksFor,Scottish Football League,Airdrieonians F.C.
Airdrieonians F.C.,genre,Football,Airdrieonians F.C.
Airdrieonians F.C.,founder,Airdrie Town Council,Airdrieonians F.C.
Airdrieonians F.C.,dateCreated,1903,Airdrieonians F.C.
subject,predicate,object,Sphingomonas haloaromaticamans
Sphingomonas haloaromaticamans,instanceOf,Bacterium,Sphingomonas haloaromaticamans
Sphingomonas haloaromaticamans,name,Sphingomonas haloaromaticamans,Sphingomonas haloaromaticamans
Sphingomonas haloaromaticamans,genus,Sphingomonas,Sphingomonas haloaromaticamans
Sphingomonas haloaromaticamans,classification,Proteobacteria,Sphingomonas haloaromaticamans
Sphingomonas haloaromaticamans,classification,Alphaproteobacteria,Sphingomonas haloaromaticamans
Sphingomonas haloaromaticamans,typeStrain,MT-1,Sphingomonas haloaromaticamans
subject,predicate,object,2021 NCAA Division I baseball tournament
2021 NCAA Division I baseball tournament,instanceOf,NCAA Division I baseball tournament,2021 NCAA Division I baseball tournament
2021 NCAA Division I baseball tournament,name,2021 NCAA Division I baseball tournament,2021 NCAA Division I baseball tournament
2021 NCAA Division I baseball tournament,startDate,2021-06-04,2021 NCAA Division I baseball tournament
2021 NCAA Division I baseball tournament,endDate,2021-06-28,2021 NCAA Division I baseball tournament
2021 NCAA Division I baseball tournament,organizer,National Collegiate Athletic Association,2021 NCAA Division I baseball tournament
2021 NCAA Division I baseball tournament,location,United States,2021 NCAA Division I baseball tournament
2021 NCAA Division I baseball tournament,genre,sports tournament,2021 NCAA Division I baseball tournament
2021 NCAA Division I baseball tournament,parentOrganization,National Collegiate Athletic Association,2021 NCAA Division I baseball tournament
2021 NCAA Division I baseball tournament,dateCreated,2021-06-04,2021 NCAA Division I baseball tournament
2021 NCAA Division I baseball tournament,datePublished,2021,2021 NCAA Division I baseball tournament
2021 NCAA Division I baseball tournament,affiliation,NCAA,2021 NCAA Division I baseball tournament
2021 NCAA Division I baseball tournament,worksFor,NCAA,2021 NCAA Division I baseball tournament
Kimi ga Iru Kara (Sayuri Sugawara song),instanceOf,song,Kimi ga Iru Kara (Sayuri Sugawara song)
Kimi ga Iru Kara (Sayuri Sugawara song),name,Kimi ga Iru Kara,Kimi ga Iru Kara (Sayuri Sugawara song)
Kimi ga Iru Kara (Sayuri Sugawara song),givenName,Kimi ga Iru Kara,Kimi ga Iru Kara (Sayuri Sugawara song)
Kimi ga Iru Kara (Sayuri Sugawara song),alternateName,Kimi ga Iru Kara (Sayuri Sugawara song),Kimi ga Iru Kara (Sayuri Sugawara song)
Kimi ga Iru Kara (Sayuri Sugawara song),author,Sayuri Sugawara,Kimi ga Iru Kara (Sayuri Sugawara song)
Kimi ga Iru Kara (Sayuri Sugawara song),genre,J-pop,Kimi ga Iru Kara (Sayuri Sugawara song)
Kimi ga Iru Kara (Sayuri Sugawara song),datePublished,2014,Kimi ga Iru Kara (Sayuri Sugawara song)
Bopyridae,instanceOf,family,Bopyridae
Bopyridae,name,Bopyridae,Bopyridae
Bopyridae,alternateName,Bopyrids,Bopyridae
Bopyridae,genus,Ischyropsalis,Bopyridae
Bopyridae,genus,Bopyrus,Bopyridae
Bopyridae,family,Isopoda,Bopyridae
Bopyridae,location,marine,Bopyridae
Bopyridae,location,crustaceans,Bopyridae
Bopyridae,instanceOf,Family,Bopyridae
Bopyridae,parentOrganization,Isopoda,Bopyridae
Bopyridae,genre,Parasitic,Bopyridae
Bopyridae,worksFor,Crustaceans,Bopyridae
subject,predicate,object,Inca finch
Inca finch,instanceOf,Finch,Inca finch
Inca finch,name,Inca finch,Inca finch
Inca finch,alternateName,Nothoprocta,Inca finch
Inca finch,genus,Nothoprocta,Inca finch
Inca finch,family,Tinamidae,Inca finch
Inca finch,location,South America,Inca finch
Inca finch,location,Andes,Inca finch
Inca finch,genre,Bird,Inca finch
Inca finch,instanceOf,Bird,Inca finch
Inca finch,givenName,Larosterna,Inca finch
Inca finch,familyName,inca,Inca finch
Inca finch,alternateName,Inca tern,Inca finch
Inca finch,genus,Larosterna,Inca finch
Inca finch,affiliation,Sphenisciformes,Inca finch
Inca finch,nationality,South American,Inca finch
Inca finch,location,Peru,Inca finch
Inca finch,location,Chile,Inca finch
Inca finch,location,Argentina,Inca finch
Inca finch,location,Ecuador,Inca finch
Inca finch,location,Colombia,Inca finch
subject,predicate,object,Taisan-ji (Matsuyama)
subject,predicate,object,"Union Bethel A.M.E. Church (New Orleans, Louisiana)"
Mark Nepo,instanceOf,Poet,Mark Nepo
Mark Nepo,instanceOf,Writer,Mark Nepo
Mark Nepo,name,Mark Nepo,Mark Nepo
Mark Nepo,givenName,Mark,Mark Nepo
Mark Nepo,familyName,Nepo,Mark Nepo
Mark Nepo,birthDate,1943-05-31,Mark Nepo
Mark Nepo,nationality,American,Mark Nepo
Mark Nepo,jobTitle,Poet Laureate,Mark Nepo
Mark Nepo,jobTitle,Writer,Mark Nepo
Mark Nepo,memberOf,National Council on Arts,Mark Nepo
Mark Nepo,affiliation,University of Massachusetts,Mark Nepo
Mark Nepo,worksFor,University of Massachusetts,Mark Nepo
Mark Nepo,author,The Road to Resilience,Mark Nepo
Mark Nepo,author,The End of Your Life Book Club,Mark Nepo
Mark Nepo,author,Drinking from the River of Change,Mark Nepo
Mark Nepo,creator,The Body of Life,Mark Nepo
Mark Nepo,genre,Poetry,Mark Nepo
Mark Nepo,genre,Nonfiction,Mark Nepo
subject,predicate,object,Maurice Fatio
Maurice Fatio,instanceOf,Person,Maurice Fatio
Maurice Fatio,givenName,Maurice,Maurice Fatio
Maurice Fatio,familyName,Fatio,Maurice Fatio
Maurice Fatio,name,Maurice Fatio,Maurice Fatio
Maurice Fatio,birthDate,1909-04-10,Maurice Fatio
Maurice Fatio,deathDate,1966-10-13,Maurice Fatio
Maurice Fatio,nationality,French,Maurice Fatio
Maurice Fatio,jobTitle,Architect,Maurice Fatio
Maurice Fatio,memberOf,French Institute of Architects,Maurice Fatio
Maurice Fatio,affiliation,École des Beaux-Arts,Maurice Fatio
Maurice Fatio,location,Paris,Maurice Fatio
Maurice Fatio,location,Switzerland,Maurice Fatio
Maurice Fatio,creator,Château de la Mesclaire,Maurice Fatio
Maurice Fatio,creator,Hôtel Lutetia,Maurice Fatio
Maurice Fatio,worksFor,Société des Grands Hotels de France,Maurice Fatio
Maurice Fatio,genre,Architecture,Maurice Fatio
Trichosanthin,instanceOf,Protein,Trichosanthin
Trichosanthin,name,Trichosanthin,Trichosanthin
Trichosanthin,alternateName,Trichosanthin,Trichosanthin
Trichosanthin,alternateName,TBTI,Trichosanthin
Trichosanthin,givenName,Trichosanthin,Trichosanthin
Trichosanthin,familyName,Trichosanthin,Trichosanthin
Trichosanthin,genre,Antiviral Agent,Trichosanthin
Trichosanthin,worksFor,None,Trichosanthin
Trichosanthin,affiliation,None,Trichosanthin
Trichosanthin,location,None,Trichosanthin
Trichosanthin,instanceOf,Ribosome-Inactivating Protein,Trichosanthin
Trichosanthin,creator,Chinese Scientists,Trichosanthin
Trichosanthin,datePublished,1990,Trichosanthin
Trichosanthin,organizer,None,Trichosanthin
Trichosanthin,author,Multiple Authors,Trichosanthin
Trichosanthin,jobTitle,None,Trichosanthin
Trichosanthin,nationality,None,Trichosanthin
Trichosanthin,address,None,Trichosanthin
Trichosanthin,parentOrganization,None,Trichosanthin
Trichosanthin,founder,None,Trichosanthin
Trichosanthin,memberOf,Trichosanthes,Trichosanthin
Trichosanthin,derivedFrom,Trichosanthes kiratovaginata,Trichosanthin
Trichosanthin,usedFor,Antiviral Therapy,Trichosanthin
Trichosanthin,hasTarget,Ribosomes,Trichosanthin
Dynatrace,instanceOf,Software Company,Dynatrace
Dynatrace,name,Dynatrace,Dynatrace
Dynatrace,alternateName,Dynatrace Software,Dynatrace
Dynatrace,genre,Application Performance Monitoring,Dynatrace
Dynatrace,genre,Artificial Intelligence,Dynatrace
Dynatrace,founder,Bernd Greip,Dynatrace
Dynatrace,founder,Klaus Prokop,Dynatrace
Dynatrace,founder,John Kemis,Dynatrace
Dynatrace,parentOrganization,Software AG,Dynatrace
Dynatrace,affiliation,VMware,Dynatrace
Dynatrace,worksFor,Software AG,Dynatrace
Dynatrace,location,Austria,Dynatrace
Dynatrace,location,United States,Dynatrace
Dynatrace,dateCreated,2005,Dynatrace
Dynatrace,jobTitle,Bernd Greip,Dynatrace
Dynatrace,jobTitle,CEO,Dynatrace
Dynatrace,affiliation,Google Cloud,Dynatrace
Dynatrace,affiliation,Amazon Web Services,Dynatrace
Dynatrace,affiliation,Microsoft Azure,Dynatrace
Dynatrace,genre,Cloud Computing,Dynatrace
Dynatrace,genre,Cybersecurity,Dynatrace
Dynatrace,instanceOf,Public Company,Dynatrace
Dynatrace,tickerSymbol,DT,Dynatrace
Dynatrace,exchange,New York Stock Exchange,Dynatrace
Dynatrace,industry,Technology,Dynatrace
Dynatrace,products,Application Performance Monitoring,Dynatrace
Dynatrace,products,Artificial Intelligence,Dynatrace
Bellatrix Lestrange,instanceOf,Witch,Bellatrix Lestrange
Bellatrix Lestrange,name,Bellatrix Lestrange,Bellatrix Lestrange
Bellatrix Lestrange,givenName,Bellatrix,Bellatrix Lestrange
Bellatrix Lestrange,familyName,Lestrange,Bellatrix Lestrange
Bellatrix Lestrange,gender,Female,Bellatrix Lestrange
Bellatrix Lestrange,nationality,British,Bellatrix Lestrange
Bellatrix Lestrange,affiliation,Death Eaters,Bellatrix Lestrange
Bellatrix Lestrange,memberOf,Death Eaters,Bellatrix Lestrange
Bellatrix Lestrange,worksFor,Ministry of Magic,Bellatrix Lestrange
Bellatrix Lestrange,worksFor,Hogwarts School of Witchcraft and Wizardry,Bellatrix Lestrange
Bellatrix Lestrange,location,Azkaban,Bellatrix Lestrange
Bellatrix Lestrange,location,Ministry of Magic,Bellatrix Lestrange
Bellatrix Lestrange,location,Hogwarts School of Witchcraft and Wizardry,Bellatrix Lestrange
Bellatrix Lestrange,parentOrganization,Death Eaters,Bellatrix Lestrange
Bellatrix Lestrange,birthDate,1950,Bellatrix Lestrange
Bellatrix Lestrange,deathDate,1998,Bellatrix Lestrange
Bellatrix Lestrange,jobTitle,Death Eater,Bellatrix Lestrange
Bellatrix Lestrange,founder,no,Bellatrix Lestrange
Bellatrix Lestrange,parentOrganization,no,Bellatrix Lestrange
1950 Dutch Grand Prix,instanceOf,Grand Prix,1950 Dutch Grand Prix
1950 Dutch Grand Prix,name,1950 Dutch Grand Prix,1950 Dutch Grand Prix
1950 Dutch Grand Prix,location,Netherlands,1950 Dutch Grand Prix
1950 Dutch Grand Prix,datePublished,1950,1950 Dutch Grand Prix
1950 Dutch Grand Prix,genre,Racing,1950 Dutch Grand Prix
1950 Dutch Grand Prix,organizer,Royal Automobile Club of the Netherlands,1950 Dutch Grand Prix
1950 Dutch Grand Prix,worksFor,Formula One,1950 Dutch Grand Prix
Hugh Scott,instanceOf,Architect,Hugh Scott (architect)
Hugh Scott,givenName,Hugh,Hugh Scott (architect)
Hugh Scott,familyName,Scott,Hugh Scott (architect)
Hugh Scott,name,Hugh Scott,Hugh Scott (architect)
Hugh Scott,jobTitle,Architect,Hugh Scott (architect)
Hugh Scott,nationality,British,Hugh Scott (architect)
Hugh Scott,worksFor,University of Liverpool,Hugh Scott (architect)
Hugh Scott,affiliation,University of Liverpool,Hugh Scott (architect)
Webtoon,instanceOf,online comic platform,Webtoon (platform)
Webtoon,name,Webtoon,Webtoon (platform)
Webtoon,alternateName,Webtoons,Webtoon (platform)
Webtoon,founder,Jae Suh Park,Webtoon (platform)
Webtoon,founder,Youngsuk Seo,Webtoon (platform)
Webtoon,parentOrganization,Naver,Webtoon (platform)
Webtoon,location,United States,Webtoon (platform)
Webtoon,affiliation,Naver Corporation,Webtoon (platform)
Webtoon,startDate,2004,Webtoon (platform)
Webtoon,genre,Comics,Webtoon (platform)
Webtoon,genre,Webcomics,Webtoon (platform)
Webtoon,worksFor,Naver Corporation,Webtoon (platform)
Webtoon,organizer,Webtoon Entertainment,Webtoon (platform)
Webtoon,author,various authors,Webtoon (platform)
Microcotyle tampicensis,instanceOf,species,Microcotyle tampicensis
Microcotyle tampicensis,name,Microcotyle tampicensis,Microcotyle tampicensis
Microcotyle tampicensis,alternateName,Microcotyle tampicensis,Microcotyle tampicensis
Microcotyle tampicensis,genus,Microcotyle,Microcotyle tampicensis
Microcotyle tampicensis,family,Microcotylidae,Microcotyle tampicensis
Microcotyle tampicensis,location,Tampico,Microcotyle tampicensis
Microcotyle tampicensis,location,Mexico,Microcotyle tampicensis
subject,predicate,object,Stalag V-A
Stalag V-A,instanceOf,Prisoner-of-war camp,Stalag V-A
Stalag V-A,location,Germany,Stalag V-A
Stalag V-A,parentOrganization,German Army,Stalag V-A
Stalag V-A,startDate,1939,Stalag V-A
Stalag V-A,endDate,1945,Stalag V-A
Stalag V-A,alternateName,Stammlager V-A,Stalag V-A
Stalag V-A,affiliation,Nazi Germany,Stalag V-A
Stalag V-A,genre,Prisoner-of-war camp,Stalag V-A
Bitter Sweet,instanceOf,TV series,Bitter Sweet (TV series)
Bitter Sweet,name,Bitter Sweet,Bitter Sweet (TV series)
Bitter Sweet,alternateName,Bitter Sweet,Bitter Sweet (TV series)
Bitter Sweet,genre,Drama,Bitter Sweet (TV series)
Bitter Sweet,genre,Romance,Bitter Sweet (TV series)
Bitter Sweet,location,United Kingdom,Bitter Sweet (TV series)
Bitter Sweet,organizer,BBC,Bitter Sweet (TV series)
Bitter Sweet,creator,None known,Bitter Sweet (TV series)
Bitter Sweet,worksFor,BBC,Bitter Sweet (TV series)
Bitter Sweet,startDate,2006,Bitter Sweet (TV series)
Bitter Sweet,endDate,2007,Bitter Sweet (TV series)
Bitter Sweet,affiliation,ITV,Bitter Sweet (TV series)
Bitter Sweet,parentOrganization,ITV,Bitter Sweet (TV series)
Spartaco Fontanot,instanceOf,Person,Spartaco Fontanot
Spartaco Fontanot,name,Spartaco Fontanot,Spartaco Fontanot
Spartaco Fontanot,givenName,Spartaco,Spartaco Fontanot
Spartaco Fontanot,familyName,Fontanot,Spartaco Fontanot
Spartaco Fontanot,birthDate,1961-07-14,Spartaco Fontanot
Spartaco Fontanot,nationality,Italian,Spartaco Fontanot
Spartaco Fontanot,jobTitle,Footballer,Spartaco Fontanot
Spartaco Fontanot,worksFor,Juventus FC,Spartaco Fontanot
Spartaco Fontanot,worksFor,Hellas Verona FC,Spartaco Fontanot
Spartaco Fontanot,affiliation,Italy national football team,Spartaco Fontanot
Spartaco Fontanot,instanceOf,Footballer,Spartaco Fontanot
Spartaco Fontanot,genre,Football,Spartaco Fontanot
Spartaco Fontanot,location,Italy,Spartaco Fontanot
East Nottingham Friends Meetinghouse,instanceOf,Meetinghouse,East Nottingham Friends Meetinghouse
East Nottingham Friends Meetinghouse,dateCreated,1793,East Nottingham Friends Meetinghouse
East Nottingham Friends Meetinghouse,affiliation,Religious Society of Friends,East Nottingham Friends Meetinghouse
As I do not have more information,the list is relatively short. If you provide more context or details,I may be able to find additional facts.,East Nottingham Friends Meetinghouse
Murce-class speedboat,instanceOf,speedboat,Murce-class speedboat
Murce-class speedboat,name,Murce-class speedboat,Murce-class speedboat
Murce-class speedboat,alternateName,Murce-class,Murce-class speedboat
subject,predicate,object,Dushdi Mala Medal
Dushdi Mala Medal,instanceOf,medal,Dushdi Mala Medal
Dushdi Mala Medal,name,Dushdi Mala Medal,Dushdi Mala Medal
Dushdi Mala Medal,alternateName,Dushdi Mala,Dushdi Mala Medal
Dushdi Mala Medal,genre,Sports,Dushdi Mala Medal
Dushdi Mala Medal,location,India,Dushdi Mala Medal
Dushdi Mala Medal,organizer,Sports Authority of India,Dushdi Mala Medal
subject,predicate,object,"1,1'-Azobis-1,2,3-triazole"
subject,predicate,object,Malakai Fakatoufifita
Malakai Fakatoufifita,instanceOf,Person,Malakai Fakatoufifita
Malakai Fakatoufifita,givenName,Malakai,Malakai Fakatoufifita
Malakai Fakatoufifita,familyName,Fakatoufifita,Malakai Fakatoufifita
Malakai Fakatoufifita,nationality,Tongan,Malakai Fakatoufifita
Malakai Fakatoufifita,worksFor,Tonga,Malakai Fakatoufifita
subject,predicate,object,Steven Pressman
Steven Pressman,instanceOf,Person,Steven Pressman
Steven Pressman,name,Steven Pressman,Steven Pressman
Steven Pressman,givenName,Steven,Steven Pressman
Steven Pressman,familyName,Pressman,Steven Pressman
Steven Pressman,birthDate,1957-02-20,Steven Pressman
Steven Pressman,nationality,American,Steven Pressman
Steven Pressman,worksFor,Sony Pictures Television,Steven Pressman
Steven Pressman,worksFor,CBS Studios,Steven Pressman
Steven Pressman,jobTitle,Television producer,Steven Pressman
Steven Pressman,genre,Drama,Steven Pressman
Steven Pressman,genre,Comedy,Steven Pressman
Steven Pressman,creator,The Muppet Show,Steven Pressman
Steven Pressman,organizer,The Muppet Show,Steven Pressman
Steven Pressman,author,The Muppet Show,Steven Pressman
Steven Pressman,memberOf,Producers Guild of America,Steven Pressman
Steven Pressman,affiliation,Producers Guild of America,Steven Pressman
Steven Pressman,location,Los Angeles,Steven Pressman
Steven Pressman,parentOrganization,CBS Studios,Steven Pressman
BMD-4,instanceOf,Infantry Fighting Vehicle,BMD-4
BMD-4,name,BMD-4,BMD-4
BMD-4,alternateName,BMD-4M,BMD-4
BMD-4,startDate,1990,BMD-4
BMD-4,worksFor,Russian Ground Forces,BMD-4
BMD-4,affiliation,Soviet Army,BMD-4
BMD-4,affiliation,Russian Army,BMD-4
BMD-4,genre,Military Vehicle,BMD-4
BMD-4,creator,Soviet Union,BMD-4
BMD-4,worksFor,Soviet Ground Forces,BMD-4
BMD-4,location,Russia,BMD-4
BMD-4,location,Soviet Union,BMD-4
Filip Brattbakk,instanceOf,Person,Filip Brattbakk
Filip Brattbakk,name,Filip Brattbakk,Filip Brattbakk
Filip Brattbakk,givenName,Filip,Filip Brattbakk
Filip Brattbakk,familyName,Brattbakk,Filip Brattbakk
Filip Brattbakk,birthDate,1970-05-26,Filip Brattbakk
Filip Brattbakk,nationality,Norwegian,Filip Brattbakk
Filip Brattbakk,jobTitle,Footballer,Filip Brattbakk
Filip Brattbakk,worksFor,Rosenborg,Filip Brattbakk
Filip Brattbakk,worksFor,FC Copenhagen,Filip Brattbakk
Filip Brattbakk,worksFor,Molde FK,Filip Brattbakk
Filip Brattbakk,memberOf,Norway national football team,Filip Brattbakk
Filip Brattbakk,genre,Football,Filip Brattbakk
Filip Brattbakk,affiliation,Football,Filip Brattbakk
subject,predicate,object,Badampudi railway station
Badampudi railway station,instanceOf,railway station,Badampudi railway station
Badampudi railway station,location,India,Badampudi railway station
Badampudi railway station,affiliation,South Central Railway zone,Badampudi railway station
Badampudi railway station,parentOrganization,South Central Railway zone,Badampudi railway station
Port of Kherson,instanceOf,Port,Port of Kherson
Port of Kherson,name,Port of Kherson,Port of Kherson
Port of Kherson,alternateName,Kherson Port,Port of Kherson
Port of Kherson,affiliation,Kherson Oblast,Port of Kherson
Port of Kherson,worksFor,Ukrainian Navy,Port of Kherson
Port of Kherson,location,Dnieper-Bug Estuary,Port of Kherson
Port of Kherson,genre,Sea port,Port of Kherson
2016 Tajik constitutional referendum,instanceOf,constitutional referendum,2016 Tajik constitutional referendum
2016 Tajik constitutional referendum,datePublished,2016,2016 Tajik constitutional referendum
2016 Tajik constitutional referendum,location,Tajikistan,2016 Tajik constitutional referendum
2016 Tajik constitutional referendum,organizer,Government of Tajikistan,2016 Tajik constitutional referendum
subject,predicate,object,"Nowa Góra, Lesser Poland Voivodeship"
subject,predicate,object,The Music and Theater Folk High School
The Music and Theater Folk High School,instanceOf,School,The Music and Theater Folk High School
The Music and Theater Folk High School,name,The Music and Theater Folk High School,The Music and Theater Folk High School
The Music and Theater Folk High School,location,Denmark,The Music and Theater Folk High School
The Music and Theater Folk High School,affiliation,Folk high school,The Music and Theater Folk High School
The Music and Theater Folk High School,genre,Music,The Music and Theater Folk High School
The Music and Theater Folk High School,genre,Theater,The Music and Theater Folk High School
The Music and Theater Folk High School,founder,Martin Ibler,The Music and Theater Folk High School
subject,predicate,object,Towards Zero (TV series)
Remembering Leonard Nimoy,instanceOf,Article,Remembering Leonard Nimoy
Remembering Leonard Nimoy,name,Remembering Leonard Nimoy,Remembering Leonard Nimoy
Leonard Nimoy,givenName,Leonard,Remembering Leonard Nimoy
Leonard Nimoy,familyName,Nimoy,Remembering Leonard Nimoy
Leonard Nimoy,alternateName,Leonard Nimoy,Remembering Leonard Nimoy
Leonard Nimoy,birthDate,1931-03-26,Remembering Leonard Nimoy
Leonard Nimoy,deathDate,2015-02-27,Remembering Leonard Nimoy
Leonard Nimoy,gender,Male,Remembering Leonard Nimoy
Leonard Nimoy,jobTitle,Actor,Remembering Leonard Nimoy
Leonard Nimoy,jobTitle,Author,Remembering Leonard Nimoy
Leonard Nimoy,memberOf,Star Trek: The Original Series,Remembering Leonard Nimoy
Leonard Nimoy,affiliation,Star Trek,Remembering Leonard Nimoy
Leonard Nimoy,nationality,American,Remembering Leonard Nimoy
Leonard Nimoy,worksFor,Star Trek,Remembering Leonard Nimoy
Remembering Leonard Nimoy,author,Unknown,Remembering Leonard Nimoy
Remembering Leonard Nimoy,datePublished,Unknown,Remembering Leonard Nimoy
Remembering Leonard Nimoy,genre,Biography,Remembering Leonard Nimoy
Leonard Nimoy,instanceOf,Human,Remembering Leonard Nimoy
Leonard Nimoy,name,Leonard Nimoy,Remembering Leonard Nimoy
Leonard Nimoy,alternateName,Mr. Spock,Remembering Leonard Nimoy
Le Double Amour,instanceOf,Film,Le Double Amour
Le Double Amour,name,Le Double Amour,Le Double Amour
Le Double Amour,alternateName,Double Love,Le Double Amour
Le Double Amour,genre,Drama,Le Double Amour
Le Double Amour,genre,Romance,Le Double Amour
Le Double Amour,director,Philippe de Broca,Le Double Amour
Le Double Amour,creator,Philippe de Broca,Le Double Amour
Le Double Amour,worksFor,France,Le Double Amour
Le Double Amour,location,France,Le Double Amour
Le Double Amour,datePublished,1969,Le Double Amour
Bacillus aminovorans,instanceOf,Bacterium,Bacillus aminovorans
Bacillus aminovorans,name,Bacillus aminovorans,Bacillus aminovorans
Bacillus aminovorans,genus,Bacillus,Bacillus aminovorans
Bacillus aminovorans,species,Bacillus aminovorans,Bacillus aminovorans
Bacillus aminovorans,affiliation,Bacillus,Bacillus aminovorans
Bacillus aminovorans,genre,Bacteria,Bacillus aminovorans
Harumafuji Kōhei,instanceOf,Mongolian sumo wrestler,Harumafuji Kōhei
Harumafuji Kōhei,name,Harumafuji Kōhei,Harumafuji Kōhei
Harumafuji Kōhei,givenName,Kōhei,Harumafuji Kōhei
Harumafuji Kōhei,alternateName,Harumafuji,Harumafuji Kōhei
Harumafuji Kōhei,birthDate,1984-04-06,Harumafuji Kōhei
Harumafuji Kōhei,nationality,Mongolian,Harumafuji Kōhei
Harumafuji Kōhei,jobTitle,Sumo wrestler,Harumafuji Kōhei
Harumafuji Kōhei,memberOf,Mongolian national sumo team,Harumafuji Kōhei
Harumafuji Kōhei,affiliation,Yamamotoyama stable,Harumafuji Kōhei
Harumafuji Kōhei,worksFor,Yamamotoyama stable,Harumafuji Kōhei
Harumafuji Kōhei,location,Japan,Harumafuji Kōhei
HD 103197,instanceOf,Star,HD 103197
HD 103197,name,HD 103197,HD 103197
HD 103197,alternateName,HIP 57921,HD 103197
HD 103197,alternateName,SAO 161055,HD 103197
HD 103197,location,Milky Way,HD 103197
HD 103197,location,Constellation of Virgo,HD 103197
HD 103197,genre,Star,HD 103197
Lee Hyung-chul,instanceOf,Boxer,Lee Hyung-chul (boxer)
Lee Hyung-chul,name,Lee Hyung-chul,Lee Hyung-chul (boxer)
Lee Hyung-chul,givenName,Lee,Lee Hyung-chul (boxer)
Lee Hyung-chul,familyName,Hyung-chul,Lee Hyung-chul (boxer)
Lee Hyung-chul,gender,Male,Lee Hyung-chul (boxer)
Lee Hyung-chul,nationality,South Korean,Lee Hyung-chul (boxer)
Lee Hyung-chul,genre,Boxing,Lee Hyung-chul (boxer)
subject,predicate,object,2018 Hualien earthquake
2018 Hualien earthquake,instanceOf,earthquake,2018 Hualien earthquake
2018 Hualien earthquake,name,2018 Hualien earthquake,2018 Hualien earthquake
2018 Hualien earthquake,alternateName,Hualien earthquake,2018 Hualien earthquake
2018 Hualien earthquake,datePublished,2018-02-06,2018 Hualien earthquake
2018 Hualien earthquake,location,Hualien County,2018 Hualien earthquake
2018 Hualien earthquake,location,Taiwan,2018 Hualien earthquake
2018 Hualien earthquake,genre,natural disaster,2018 Hualien earthquake
2018 Hualien earthquake,startDate,2018-02-06,2018 Hualien earthquake
2018 Hualien earthquake,endDate,2018-02-06,2018 Hualien earthquake
subject,predicate,object,Nathan Stewart-Jarrett
Nathan Stewart-Jarrett,instanceOf,Person,Nathan Stewart-Jarrett
Nathan Stewart-Jarrett,name,Nathan Stewart-Jarrett,Nathan Stewart-Jarrett
Nathan Stewart-Jarrett,givenName,Nathan,Nathan Stewart-Jarrett
Nathan Stewart-Jarrett,familyName,Stewart-Jarrett,Nathan Stewart-Jarrett
Nathan Stewart-Jarrett,birthDate,1980-04-22,Nathan Stewart-Jarrett
Nathan Stewart-Jarrett,nationality,British,Nathan Stewart-Jarrett
Nathan Stewart-Jarrett,gender,Male,Nathan Stewart-Jarrett
Nathan Stewart-Jarrett,worksFor,Theatre,Nathan Stewart-Jarrett
Nathan Stewart-Jarrett,worksFor,Film,Nathan Stewart-Jarrett
Nathan Stewart-Jarrett,worksFor,Television,Nathan Stewart-Jarrett
Nathan Stewart-Jarrett,creator,Cappuccino,Nathan Stewart-Jarrett
Nathan Stewart-Jarrett,author,Cappuccino,Nathan Stewart-Jarrett
Nathan Stewart-Jarrett,memberOf,Royal Shakespeare Company,Nathan Stewart-Jarrett
Nathan Stewart-Jarrett,jobTitle,Actor,Nathan Stewart-Jarrett
Nathan Stewart-Jarrett,location,London,Nathan Stewart-Jarrett
Nathan Stewart-Jarrett,genre,Film,Nathan Stewart-Jarrett
Nathan Stewart-Jarrett,genre,Theatre,Nathan Stewart-Jarrett
Nathan Stewart-Jarrett,genre,Television,Nathan Stewart-Jarrett
subject,predicate,object,Gliese 536
Gliese 536,instanceOf,Star,Gliese 536
Gliese 536,name,Gliese 536,Gliese 536
Gliese 536,alternateName,HD 106270,Gliese 536
Gliese 536,alternateName,HIP 59650,Gliese 536
Gliese 536,location,constellation Virgo,Gliese 536
Gliese 536,location,Milky Way,Gliese 536
subject,predicate,object,Gmina Bobowa
Gmina Bobowa,instanceOf,Gmina,Gmina Bobowa
Gmina Bobowa,location,Poland,Gmina Bobowa
Gmina Bobowa,parentOrganization,Gorlice County,Gmina Bobowa
Gmina Bobowa,affiliation,Lesser Poland Voivodeship,Gmina Bobowa
Gmina Bobowa,dateCreated,1939,Gmina Bobowa
1942 Croatian First League,instanceOf,sports league,1942 Croatian First League
1942 Croatian First League,name,1942 Croatian First League,1942 Croatian First League
1942 Croatian First League,startDate,1942,1942 Croatian First League
1942 Croatian First League,endDate,1942,1942 Croatian First League
1942 Croatian First League,genre,sports,1942 Croatian First League
1942 Croatian First League,location,Croatia,1942 Croatian First League
1942 Croatian First League,organizer,Croatian Football Federation,1942 Croatian First League
subject,predicate,object,Patrick Kinyua Mbogo
Patrick Kinyua Mbogo,instanceOf,Person,Patrick Kinyua Mbogo
Patrick Kinyua Mbogo,name,Patrick Kinyua Mbogo,Patrick Kinyua Mbogo
Patrick Kinyua Mbogo,givenName,Patrick,Patrick Kinyua Mbogo
Patrick Kinyua Mbogo,familyName,Mbogo,Patrick Kinyua Mbogo
Patrick Kinyua Mbogo,nationality,Kenyan,Patrick Kinyua Mbogo
subject,predicate,object,Galboda Gnanissara Thera
Galboda Gnanissara Thera,instanceOf,Buddhist monk,Galboda Gnanissara Thera
Galboda Gnanissara Thera,name,Galboda Gnanissara Thera,Galboda Gnanissara Thera
Galboda Gnanissara Thera,givenName,Galboda,Galboda Gnanissara Thera
Galboda Gnanissara Thera,familyName,Gnanissara Thera,Galboda Gnanissara Thera
Galboda Gnanissara Thera,nationality,Sri Lankan,Galboda Gnanissara Thera
Galboda Gnanissara Thera,gender,Male,Galboda Gnanissara Thera
Galboda Gnanissara Thera,birthDate,1893-08-14,Galboda Gnanissara Thera
Galboda Gnanissara Thera,deathDate,1955-03-22,Galboda Gnanissara Thera
Galboda Gnanissara Thera,affiliation,Buddhism,Galboda Gnanissara Thera
Galboda Gnanissara Thera,worksFor,Mahachulalongkornrajavidyalaya University,Galboda Gnanissara Thera
Galboda Gnanissara Thera,jobTitle,Buddhist monk,Galboda Gnanissara Thera
Galboda Gnanissara Thera,location,Sri Lanka,Galboda Gnanissara Thera
Galboda Gnanissara Thera,founder,Mahachulalongkornrajavidyalaya University,Galboda Gnanissara Thera
Galboda Gnanissara Thera,parentOrganization,Mahachulalongkornrajavidyalaya University,Galboda Gnanissara Thera
Galboda Gnanissara Thera,organizer,Mahachulalongkornrajavidyalaya University,Galboda Gnanissara Thera
USS Chester T. O'Brien,instanceOf,destroyer,USS Chester T. O'Brien
USS Chester T. O'Brien,name,USS Chester T. O'Brien,USS Chester T. O'Brien
USS Chester T. O'Brien,alternateName,DD-184,USS Chester T. O'Brien
USS Chester T. O'Brien,builder,Bath Iron Works,USS Chester T. O'Brien
USS Chester T. O'Brien,commissioningDate,1937-06-05,USS Chester T. O'Brien
USS Chester T. O'Brien,decommissioningDate,1946-10-28,USS Chester T. O'Brien
USS Chester T. O'Brien,ship's Sponsor,Mrs. William C. O'Brien,USS Chester T. O'Brien
USS Chester T. O'Brien,commander,Commander J. C. O'Brien,USS Chester T. O'Brien
USS Chester T. O'Brien,affiliation,United States Navy,USS Chester T. O'Brien
USS Chester T. O'Brien,location,United States,USS Chester T. O'Brien
USS Chester T. O'Brien,location,Pacific Theater,USS Chester T. O'Brien
USS Chester T. O'Brien,genre,warship,USS Chester T. O'Brien
USS Chester T. O'Brien,instanceOf,Clemson-class destroyer,USS Chester T. O'Brien
USS Chester T. O'Brien,startDate,1937-06-05,USS Chester T. O'Brien
USS Chester T. O'Brien,endDate,1946-10-28,USS Chester T. O'Brien
USS Chester T. O'Brien,datePublished,1937-06-05,USS Chester T. O'Brien
subject,predicate,object,F.C. De Kampioenen (comic)
subject,predicate,object,Lactobacillus porci
Lactobacillus porci,instanceOf,Bacterium,Lactobacillus porci
Lactobacillus porci,genus,Lactobacillus,Lactobacillus porci
Lactobacillus porci,species,Lactobacillus porci,Lactobacillus porci
Lactobacillus porci,name,Lactobacillus porci,Lactobacillus porci
Lactobacillus porci,alternateName,Lactobacillus porci,Lactobacillus porci
Lactobacillus,instanceOf,Genus,Lactobacillus porci
Lactobacillus,name,Lactobacillus,Lactobacillus porci
Lactobacillus porci,affiliation,Lactobacillus,Lactobacillus porci
Lactobacillus porci,classification,Gram-positive,Lactobacillus porci
Lactobacillus porci,classification,rod-shaped,Lactobacillus porci
Lactobacillus porci,type,probiotic,Lactobacillus porci
Lactobacillus porci,foundIn,Pig,Lactobacillus porci
Lactobacillus porci,worksFor,Pig intestine,Lactobacillus porci
Lactobacillus porci,instanceOf,Microorganism,Lactobacillus porci
Lactobacillus,affiliation,Lactic acid bacteria,Lactobacillus porci
Lactobacillus porci,location,Pig intestine,Lactobacillus porci
The King's Case Note,instanceOf,Musical,The King's Case Note
The King's Case Note,name,The King's Case Note,The King's Case Note
The King's Case Note,alternateName,The King's Case,The King's Case Note
The King's Case Note,genre,Musical,The King's Case Note
The King's Case Note,creator,Lin-Manuel Miranda,The King's Case Note
The King's Case Note,author,Lin-Manuel Miranda,The King's Case Note
The King's Case Note,worksFor,Broadway,The King's Case Note
The King's Case Note,location,Broadway,The King's Case Note
Hamilton,instanceOf,Musical,The King's Case Note
Hamilton,name,Hamilton,The King's Case Note
Hamilton,alternateName,The King's Case,The King's Case Note
Hamilton,genre,Musical,The King's Case Note
Hamilton,creator,Lin-Manuel Miranda,The King's Case Note
Hamilton,author,Lin-Manuel Miranda,The King's Case Note
instanceOf,The King's Case Note,Musical,The King's Case Note
name,The King's Case Note,The King's Case Note,The King's Case Note
subject,predicate,object,Frank-Rutger Hausmann
Frank-Rutger Hausmann,instanceOf,Person,Frank-Rutger Hausmann
Frank-Rutger Hausmann,name,Frank-Rutger Hausmann,Frank-Rutger Hausmann
Frank-Rutger Hausmann,givenName,Frank-Rutger,Frank-Rutger Hausmann
Frank-Rutger Hausmann,familyName,Hausmann,Frank-Rutger Hausmann
Frank-Rutger Hausmann,nationality,German,Frank-Rutger Hausmann
Frank-Rutger Hausmann,jobTitle,Professor,Frank-Rutger Hausmann
Frank-Rutger Hausmann,worksFor,Universität des Saarlandes,Frank-Rutger Hausmann
1940–41 Buffalo Bulls men's basketball team,instanceOf,sports team,1940–41 Buffalo Bulls men's basketball team
1940–41 Buffalo Bulls men's basketball team,name,1940–41 Buffalo Bulls men's basketball team,1940–41 Buffalo Bulls men's basketball team
1940–41 Buffalo Bulls men's basketball team,location,University at Buffalo,1940–41 Buffalo Bulls men's basketball team
1940–41 Buffalo Bulls men's basketball team,affiliation,University at Buffalo,1940–41 Buffalo Bulls men's basketball team
1940–41 Buffalo Bulls men's basketball team,startDate,1940,1940–41 Buffalo Bulls men's basketball team
1940–41 Buffalo Bulls men's basketball team,endDate,1941,1940–41 Buffalo Bulls men's basketball team
1940–41 Buffalo Bulls men's basketball team,worksFor,University at Buffalo,1940–41 Buffalo Bulls men's basketball team
1940–41 Buffalo Bulls men's basketball team,genre,basketball,1940–41 Buffalo Bulls men's basketball team
1940–41 Buffalo Bulls men's basketball team,organizer,University at Buffalo athletics,1940–41 Buffalo Bulls men's basketball team
Barbarano Mossano,instanceOf,Comune,Barbarano Mossano
Barbarano Mossano,name,Barbarano Mossano,Barbarano Mossano
Barbarano Mossano,location,Italy,Barbarano Mossano
Barbarano Mossano,location,Veneto,Barbarano Mossano
Barbarano Mossano,affiliation,Province of Vicenza,Barbarano Mossano
1981 Soviet Cup,instanceOf,sports tournament,1981 Soviet Cup
1981 Soviet Cup,name,1981 Soviet Cup,1981 Soviet Cup
1981 Soviet Cup,startDate,1981,1981 Soviet Cup
1981 Soviet Cup,genre,soccer,1981 Soviet Cup
1981 Soviet Cup,organizer,Soviet Football Federation,1981 Soviet Cup
1981 Soviet Cup,location,Soviet Union,1981 Soviet Cup
subject,predicate,object,Pat Rooney (basketball)
subject,predicate,object,Ivor Robinson (physicist)
Ivor Robinson,instanceOf,physicist,Ivor Robinson (physicist)
Ivor Robinson,givenName,Ivor,Ivor Robinson (physicist)
Ivor Robinson,familyName,Robinson,Ivor Robinson (physicist)
Ivor Robinson,birthDate,1926-09-19,Ivor Robinson (physicist)
Ivor Robinson,deathDate,2019-05-06,Ivor Robinson (physicist)
Ivor Robinson,nationality,British,Ivor Robinson (physicist)
Ivor Robinson,worksFor,University of Cambridge,Ivor Robinson (physicist)
Ivor Robinson,memberOf,Royal Society,Ivor Robinson (physicist)
Ivor Robinson,affiliation,University of Cambridge,Ivor Robinson (physicist)
Ivor Robinson,jobTitle,Professor,Ivor Robinson (physicist)
Ivor Robinson,location,United Kingdom,Ivor Robinson (physicist)
Ivor Robinson,genre,Physics,Ivor Robinson (physicist)
Leonard Berkowitz,instanceOf,Person,Leonard Berkowitz
Leonard Berkowitz,name,Leonard Berkowitz,Leonard Berkowitz
Leonard Berkowitz,givenName,Leonard,Leonard Berkowitz
Leonard Berkowitz,familyName,Berkowitz,Leonard Berkowitz
Leonard Berkowitz,birthDate,1929-08-31,Leonard Berkowitz
Leonard Berkowitz,deathDate,2016-03-06,Leonard Berkowitz
Leonard Berkowitz,nationality,American,Leonard Berkowitz
Leonard Berkowitz,jobTitle,Psychologist,Leonard Berkowitz
Leonard Berkowitz,memberOf,National Academy of Sciences,Leonard Berkowitz
Leonard Berkowitz,affiliation,University of Wisconsin–Madison,Leonard Berkowitz
Leonard Berkowitz,worksFor,University of Wisconsin–Madison,Leonard Berkowitz
Leonard Berkowitz,creator,Frustration-aggression hypothesis,Leonard Berkowitz
subject,predicate,object,Garcinia celebica
Garcinia celebica,instanceOf,Garcinia,Garcinia celebica
Garcinia celebica,genus,Garcinia,Garcinia celebica
Garcinia celebica,family,Clusiaceae,Garcinia celebica
Garcinia celebica,nativeLocation,Indonesia,Garcinia celebica
Garcinia celebica,usedFor,medicine,Garcinia celebica
Garcinia celebica,usedFor,food,Garcinia celebica
Garcinia celebica,partOf,Plant_list,Garcinia celebica
Garcinia celebica,instanceOf,Species,Garcinia celebica
Garcinia celebica,name,Garcinia celebica,Garcinia celebica
Garcinia celebica,alternateName,Celebic Garcinia,Garcinia celebica
Garcinia celebica,nativeLocation,Sulawesi,Garcinia celebica
Garcinia celebica,usedFor,traditional medicine,Garcinia celebica
subject,predicate,object,Legion (video game)
subject,predicate,object,Herbert Von King Park
Herbert Von King Park,instanceOf,Park,Herbert Von King Park
Herbert Von King Park,location,Brooklyn,Herbert Von King Park
Herbert Von King Park,location,New York City,Herbert Von King Park
Herbert Von King Park,name,Herbert Von King Park,Herbert Von King Park
Herbert Von King Park,alternateName,Herbert Von King Playground,Herbert Von King Park
subject,predicate,object,Bert Wright (cricketer)
Jerome Messam,instanceOf,Rugby Player,Jerome Messam
Jerome Messam,givenName,Jerome,Jerome Messam
Jerome Messam,familyName,Messam,Jerome Messam
Jerome Messam,nationality,Australian,Jerome Messam
Jerome Messam,birthDate,1984-02-20,Jerome Messam
Jerome Messam,gender,Male,Jerome Messam
Jerome Messam,worksFor,NSW Waratahs,Jerome Messam
Jerome Messam,memberOf,NSW Waratahs,Jerome Messam
Jerome Messam,affiliation,Australian Rugby Union,Jerome Messam
Jerome Messam,location,Australia,Jerome Messam
Jerome Messam,alternateName,Jerome Messam,Jerome Messam
subject,predicate,object,Gran Turismo Sport
Gran Turismo Sport,instanceOf,video game,Gran Turismo Sport
Gran Turismo Sport,name,Gran Turismo Sport,Gran Turismo Sport
Gran Turismo Sport,alternateName,Gran Turismo Sports,Gran Turismo Sport
Gran Turismo Sport,genre,racing game,Gran Turismo Sport
Gran Turismo Sport,developer,Polyphony Digital,Gran Turismo Sport
Gran Turismo Sport,publisher,Sony Interactive Entertainment,Gran Turismo Sport
Gran Turismo Sport,releaseDate,2017-10-13,Gran Turismo Sport
Gran Turismo Sport,platform,PlayStation 4,Gran Turismo Sport
Gran Turismo Sport,location,Japan,Gran Turismo Sport
Gran Turismo Sport,creator,Kazunori Yamauchi,Gran Turismo Sport
Gran Turismo Sport,worksFor,Polyphony Digital,Gran Turismo Sport
Gran Turismo Sport,affiliation,FIA,Gran Turismo Sport
Gran Turismo Sport,affiliation,GT League,Gran Turismo Sport
subject,predicate,object,Nosa Iyobosa Edokpolor
Nosa Iyobosa Edokpolor,instanceOf,Person,Nosa Iyobosa Edokpolor
Nosa Iyobosa Edokpolor,givenName,Nosa,Nosa Iyobosa Edokpolor
Nosa Iyobosa Edokpolor,familyName,Edokpolor,Nosa Iyobosa Edokpolor
Nosa Iyobosa Edokpolor,alternateName,Iyobosa Edokpolor,Nosa Iyobosa Edokpolor
Nosa Iyobosa Edokpolor,nationality,Nigerian,Nosa Iyobosa Edokpolor
Nosa Iyobosa Edokpolor,jobTitle,Pastor,Nosa Iyobosa Edokpolor
Nosa Iyobosa Edokpolor,worksFor,Redeemed Christian Church of God,Nosa Iyobosa Edokpolor
Nosa Iyobosa Edokpolor,instanceOf,Human,Nosa Iyobosa Edokpolor
subject,predicate,object,Pluriarc
Pluriarc,instanceOf,Musical Instrument,Pluriarc
Pluriarc,name,Pluriarc,Pluriarc
Pluriarc,alternateName,Polychord,Pluriarc
Pluriarc,genre,Experimental Music,Pluriarc
Pluriarc,worksFor,Music Industry,Pluriarc
Pluriarc,creator,Musician,Pluriarc
Pluriarc,affiliation,Music Instrument makers,Pluriarc
Pluriarc,instanceOf,Harp,Pluriarc
Pluriarc,hasStrings,2,Pluriarc
Pluriarc,genre,Music,Pluriarc
Lexia to Perplexia,instanceOf,Book,Lexia to Perplexia
Lexia to Perplexia,name,Lexia to Perplexia,Lexia to Perplexia
Lexia to Perplexia,author,Steven Weinberg,Lexia to Perplexia
Lexia to Perplexia,datePublished,2005,Lexia to Perplexia
Lexia to Perplexia,genre,Physics,Lexia to Perplexia
Lexia to Perplexia,genre,Science,Lexia to Perplexia
Lexia to Perplexia,publisher,Penguin Books,Lexia to Perplexia
Lexia to Perplexia,creator,Steven Weinberg,Lexia to Perplexia
Lexia to Perplexia,worksFor,Physics,Lexia to Perplexia
subject,predicate,object,Alberto Siliotti
Alberto Siliotti,instanceOf,Person,Alberto Siliotti
Alberto Siliotti,name,Alberto Siliotti,Alberto Siliotti
Alberto Siliotti,givenName,Alberto,Alberto Siliotti
Alberto Siliotti,familyName,Siliotti,Alberto Siliotti
Alberto Siliotti,nationality,Italian,Alberto Siliotti
Alberto Siliotti,jobTitle,Guidebook author,Alberto Siliotti
Alberto Siliotti,worksFor,Guidebook publisher,Alberto Siliotti
Alberto Siliotti,author,Guidebook,Alberto Siliotti
Alberto Siliotti,genre,Travel literature,Alberto Siliotti
Seo Dong-won,instanceOf,footballer,"Seo Dong-won (footballer, born 1973)"
Seo Dong-won,givenName,Seo,"Seo Dong-won (footballer, born 1973)"
Seo Dong-won,familyName,Dong-won,"Seo Dong-won (footballer, born 1973)"
Seo Dong-won,birthDate,1973,"Seo Dong-won (footballer, born 1973)"
Seo Dong-won,alternateName,Seo Dong-won,"Seo Dong-won (footballer, born 1973)"
Seo Dong-won,nationality,South Korean,"Seo Dong-won (footballer, born 1973)"
Seo Dong-won,gender,male,"Seo Dong-won (footballer, born 1973)"
Seo Dong-won,worksFor,football team,"Seo Dong-won (footballer, born 1973)"
Seo Dong-won,jobTitle,football player,"Seo Dong-won (footballer, born 1973)"
subject,predicate,object,Dharmapatni (1987 film)
subject,predicate,object,Vulcan Centaur
Vulcan Centaur,instanceOf,Rocket,Vulcan Centaur
Vulcan Centaur,name,Vulcan Centaur,Vulcan Centaur
Vulcan Centaur,alternateName,VC,Vulcan Centaur
Vulcan Centaur,worksFor,United Launch Alliance,Vulcan Centaur
Vulcan Centaur,manufacturer,United Launch Alliance,Vulcan Centaur
Vulcan Centaur,genre,Launch Vehicle,Vulcan Centaur
Vulcan Centaur,location,Cape Canaveral Space Force Station,Vulcan Centaur
Vulcan Centaur,location,Space Launch Complex 41,Vulcan Centaur
subject,predicate,object,1945 Giro di Lombardia
1945 Giro di Lombardia,instanceOf,Giro di Lombardia,1945 Giro di Lombardia
1945 Giro di Lombardia,datePublished,1945,1945 Giro di Lombardia
1945 Giro di Lombardia,genre,Cycling race,1945 Giro di Lombardia
1945 Giro di Lombardia,organizer,RCS Sport,1945 Giro di Lombardia
1945 Giro di Lombardia,location,Italy,1945 Giro di Lombardia
1945 Giro di Lombardia,worksFor,UCI Europe Tour,1945 Giro di Lombardia
Geogarypus connatus,instanceOf,Species,Geogarypus connatus
Geogarypus connatus,name,Geogarypus connatus,Geogarypus connatus
Geogarypus connatus,genus,Geogarypus,Geogarypus connatus
Geogarypus connatus,species,connatus,Geogarypus connatus
Geogarypus,genus,Geogarypus connatus,Geogarypus connatus
Geogarypus connatus,alternateName,may exist if another name is known,Geogarypus connatus
Geogarypus connatus,genre,Arachnida,Geogarypus connatus
Geogarypus connatus,affiliation,Garypidae,Geogarypus connatus
Bahau River,instanceOf,River,Bahau River
Bahau River,location,Malaysia,Bahau River
Bahau River,location,Negeri Sembilan,Bahau River
Bahau River,location,Southeast Asia,Bahau River
Giubiasco–Locarno railway,instanceOf,railway line,Giubiasco–Locarno railway
Giubiasco–Locarno railway,name,Giubiasco–Locarno railway,Giubiasco–Locarno railway
Giubiasco–Locarno railway,location,Switzerland,Giubiasco–Locarno railway
Giubiasco–Locarno railway,affiliation,Rete Ferroviaria Italiana,Giubiasco–Locarno railway
Giubiasco–Locarno railway,affiliation,Swiss Federal Railways,Giubiasco–Locarno railway
Giubiasco–Locarno railway,startDate,1913,Giubiasco–Locarno railway
Giubiasco–Locarno railway,endDate,1944,Giubiasco–Locarno railway
Giubiasco–Locarno railway,organizer,Swiss Federal Railways,Giubiasco–Locarno railway
Giubiasco–Locarno railway,worksFor,Rete Ferroviaria Italiana,Giubiasco–Locarno railway
Giubiasco–Locarno railway,genre,railway,Giubiasco–Locarno railway
Giubiasco–Locarno railway,location,Ticino,Giubiasco–Locarno railway
Giubiasco–Locarno railway,location,Giubiasco,Giubiasco–Locarno railway
Giubiasco–Locarno railway,location,Locarno,Giubiasco–Locarno railway
Giubiasco–Locarno railway,parentOrganization,Swiss Federal Railways,Giubiasco–Locarno railway
Col du Berthiand,instanceOf,mountain pass,Col du Berthiand
Col du Berthiand,location,France,Col du Berthiand
Col du Berthiand,location,Alps,Col du Berthiand
Col du Berthiand,location,Provence-Alpes-Côte d'Azur,Col du Berthiand
Gouda triptych of the Life of Mary,instanceOf,triptych,Gouda triptych of the Life of Mary
Gouda triptych of the Life of Mary,name,Gouda triptych of the Life of Mary,Gouda triptych of the Life of Mary
Gouda triptych of the Life of Mary,alternateName,Goudsche Triptiek,Gouda triptych of the Life of Mary
Gouda triptych of the Life of Mary,creator,Hieronymus Bosch,Gouda triptych of the Life of Mary
Gouda triptych of the Life of Mary,genre,religious art,Gouda triptych of the Life of Mary
Gouda triptych of the Life of Mary,dateCreated,1500s,Gouda triptych of the Life of Mary
Gouda triptych of the Life of Mary,organizer,Hieronymus Bosch,Gouda triptych of the Life of Mary
Gouda triptych of the Life of Mary,author,Hieronymus Bosch,Gouda triptych of the Life of Mary
Krzysztof Piątek,instanceOf,Human,Krzysztof Piątek
Krzysztof Piątek,name,Krzysztof Piątek,Krzysztof Piątek
Krzysztof Piątek,givenName,Krzysztof,Krzysztof Piątek
Krzysztof Piątek,familyName,Piątek,Krzysztof Piątek
Krzysztof Piątek,birthDate,1995-07-20,Krzysztof Piątek
Krzysztof Piątek,nationality,Polish,Krzysztof Piątek
Krzysztof Piątek,jobTitle,Footballer,Krzysztof Piątek
Krzysztof Piątek,worksFor,Hertha BSC,Krzysztof Piątek
Krzysztof Piątek,worksFor,ACF Fiorentina,Krzysztof Piątek
Krzysztof Piątek,memberOf,Poland national football team,Krzysztof Piątek
Krzysztof Piątek,location,Poland,Krzysztof Piątek
Krzysztof Piątek,genre,Sports,Krzysztof Piątek
Krzysztof Piątek,worksFor,Wisła Kraków,Krzysztof Piątek
Krzysztof Piątek,startDate,2015,Krzysztof Piątek
Willoughby Staples Brewster,instanceOf,Person,Willoughby Staples Brewster
Willoughby Staples Brewster,name,Willoughby Staples Brewster,Willoughby Staples Brewster
Willoughby Staples Brewster,givenName,Willoughby Staples,Willoughby Staples Brewster
Willoughby Staples Brewster,familyName,Brewster,Willoughby Staples Brewster
Willoughby Staples Brewster,birthDate,1850,Willoughby Staples Brewster
Willoughby Staples Brewster,deathDate,1912,Willoughby Staples Brewster
Willoughby Staples Brewster,gender,Male,Willoughby Staples Brewster
Willoughby Staples Brewster,jobTitle,Politician,Willoughby Staples Brewster
Willoughby Staples Brewster,memberOf,Legislative Assembly of Ontario,Willoughby Staples Brewster
Willoughby Staples Brewster,affiliation,Liberal Party of Ontario,Willoughby Staples Brewster
Willoughby Staples Brewster,nationality,Canadian,Willoughby Staples Brewster
Willoughby Staples Brewster,location,Ontario,Willoughby Staples Brewster
subject,predicate,object,Tigrovaya Balka Nature Reserve
Tigrovaya Balka Nature Reserve,instanceOf,nature reserve,Tigrovaya Balka Nature Reserve
Tigrovaya Balka Nature Reserve,location,Ukraine,Tigrovaya Balka Nature Reserve
Tigrovaya Balka Nature Reserve,dateCreated,2002,Tigrovaya Balka Nature Reserve
Tigrovaya Balka Nature Reserve,affiliation,Ministry of Environmental Protection of Ukraine,Tigrovaya Balka Nature Reserve
Tigrovaya Balka Nature Reserve,worksFor,Ukrainian government,Tigrovaya Balka Nature Reserve
Tigrovaya Balka Nature Reserve,genre,protected area,Tigrovaya Balka Nature Reserve
Tigrovaya Balka Nature Reserve,name,Tigrovaya Balka Nature Reserve,Tigrovaya Balka Nature Reserve
Tigrovaya Balka Nature Reserve,location,Kherson Oblast,Tigrovaya Balka Nature Reserve
Tigrovaya Balka Nature Reserve,founder,Ukrainian government,Tigrovaya Balka Nature Reserve
Tigrovaya Balka Nature Reserve,parentOrganization,Ministry of Environmental Protection of Ukraine,Tigrovaya Balka Nature Reserve
Allegory of Happiness,instanceOf,Painting,Allegory of Happiness
Allegory of Happiness,name,Allegory of Happiness,Allegory of Happiness
Allegory of Happiness,alternateName,Happiness,Allegory of Happiness
Allegory of Happiness,creator,Peter Paul Rubens,Allegory of Happiness
Allegory of Happiness,dateCreated,1610s,Allegory of Happiness
Allegory of Happiness,genre,Allegory,Allegory of Happiness
Allegory of Happiness,location,Mauritshuis,Allegory of Happiness
Czech Republic Davis Cup team,instanceOf,national sports team,Czech Republic Davis Cup team
Czech Republic Davis Cup team,name,Czech Republic Davis Cup team,Czech Republic Davis Cup team
Czech Republic Davis Cup team,memberOf,International Tennis Federation,Czech Republic Davis Cup team
Czech Republic Davis Cup team,affiliation,Czech Tennis Association,Czech Republic Davis Cup team
Czech Republic Davis Cup team,location,Czech Republic,Czech Republic Davis Cup team
Czech Republic Davis Cup team,genre,Davis Cup,Czech Republic Davis Cup team
Czech Republic Davis Cup team,worksFor,Czech Tennis Association,Czech Republic Davis Cup team
Czech Republic Davis Cup team,organizer,Davis Cup,Czech Republic Davis Cup team
subject,predicate,object,Cap Blanc rock shelter
Cap Blanc rock shelter,instanceOf,rock shelter,Cap Blanc rock shelter
Cap Blanc rock shelter,location,France,Cap Blanc rock shelter
Cap Blanc rock shelter,location,Dordogne,Cap Blanc rock shelter
Cap Blanc rock shelter,dateCreated,prehistoric,Cap Blanc rock shelter
Cap Blanc rock shelter,datePublished,1910,Cap Blanc rock shelter
Cap Blanc rock shelter,organizer,Édouis Lartet,Cap Blanc rock shelter
Cap Blanc rock shelter,worksFor,Ministry of Culture,Cap Blanc rock shelter
Cap Blanc rock shelter,affiliation,French Ministry of Culture,Cap Blanc rock shelter
Cap Blanc rock shelter,genre,Paleolithic art,Cap Blanc rock shelter
subject,predicate,object,Romain Glèlè Kakaï
Romain Glèlè Kakaï,instanceOf,Person,Romain Glèlè Kakaï
Romain Glèlè Kakaï,name,Romain Glèlè Kakaï,Romain Glèlè Kakaï
Romain Glèlè Kakaï,givenName,Romain,Romain Glèlè Kakaï
Romain Glèlè Kakaï,familyName,Glèlè Kakaï,Romain Glèlè Kakaï
Romain Glèlè Kakaï,nationality,Beninese,Romain Glèlè Kakaï
Romain Glèlè Kakaï,jobTitle,Politician,Romain Glèlè Kakaï
Romain Glèlè Kakaï,memberOf,National Assembly of Benin,Romain Glèlè Kakaï
Moor Bridge tram stop,instanceOf,Tram stop,Moor Bridge tram stop
Moor Bridge tram stop,location,Moor Bridge,Moor Bridge tram stop
Moor Bridge tram stop,affiliation,Tyne and Wear Metro,Moor Bridge tram stop
Moor Bridge tram stop,worksFor,Tyne and Wear Metro,Moor Bridge tram stop
Moor Bridge tram stop,genre,Public transport,Moor Bridge tram stop
Moor Bridge tram stop,location,England,Moor Bridge tram stop
Moor Bridge tram stop,location,United Kingdom,Moor Bridge tram stop
Canton of Le Diois,instanceOf,canton of France,Canton of Le Diois
Canton of Le Diois,name,Canton of Le Diois,Canton of Le Diois
Canton of Le Diois,location,Drôme,Canton of Le Diois
Canton of Le Diois,location,Auvergne-Rhône-Alpes,Canton of Le Diois
Canton of Le Diois,location,France,Canton of Le Diois
Canton of Le Diois,parentOrganization,Drôme,Canton of Le Diois
Canton of Le Diois,affiliation,Drôme,Canton of Le Diois
Canton of Le Diois,genre,administrative division,Canton of Le Diois
Ramal de Braga,instanceOf,Railway Line,Ramal de Braga
Ramal de Braga,name,Ramal de Braga,Ramal de Braga
Ramal de Braga,location,Braga,Ramal de Braga
Ramal de Braga,location,Portugal,Ramal de Braga
Ramal de Braga,startDate,1924,Ramal de Braga
Ramal de Braga,endDate,2011,Ramal de Braga
Ramal de Braga,organizer,Comboios de Portugal,Ramal de Braga
Ramal de Braga,genre,Railway,Ramal de Braga
Ramal de Braga,parentOrganization,Comboios de Portugal,Ramal de Braga
Ramal de Braga,worksFor,Comboios de Portugal,Ramal de Braga
subject,predicate,object,Salix pyrenaica
Salix pyrenaica,instanceOf,Salix,Salix pyrenaica
Salix pyrenaica,name,Salix pyrenaica,Salix pyrenaica
Salix pyrenaica,alternateName,Pyrenean willow,Salix pyrenaica
Salix pyrenaica,genus,Salix,Salix pyrenaica
Salix pyrenaica,family,Salicaceae,Salix pyrenaica
Salix pyrenaica,nativeLocation,Europe,Salix pyrenaica
Salix pyrenaica,location,Pyrenees,Salix pyrenaica
Salix pyrenaica,affiliation,Flora of Europe,Salix pyrenaica
Salix pyrenaica,genre,deciduous shrub,Salix pyrenaica
Salix pyrenaica,worksFor,ecology,Salix pyrenaica
Salix pyrenaica,location,mountainous regions,Salix pyrenaica
Edafe Okporo,instanceOf,Football Player,Edafe Okporo
Edafe Okporo,name,Edafe Okporo,Edafe Okporo
Edafe Okporo,givenName,Edafe,Edafe Okporo
Edafe Okporo,familyName,Okporo,Edafe Okporo
Edafe Okporo,nationality,Nigerian,Edafe Okporo
Edafe Okporo,birthDate,1980-06-01,Edafe Okporo
Edafe Okporo,worksFor,Viking FK,Edafe Okporo
Edafe Okporo,worksFor,Fredrikstad FK,Edafe Okporo
Edafe Okporo,worksFor,Lorient,Edafe Okporo
Edafe Okporo,worksFor,Rosenborg BK,Edafe Okporo
Edafe Okporo,affiliation,Viking FK,Edafe Okporo
Edafe Okporo,affiliation,Fredrikstad FK,Edafe Okporo
Edafe Okporo,affiliation,Lorient,Edafe Okporo
Edafe Okporo,affiliation,Rosenborg BK,Edafe Okporo
Edafe Okporo,genre,Football,Edafe Okporo
Edafe Okporo,jobTitle,Football Player,Edafe Okporo
subject,predicate,object,Ali Abbasi (director)
subject,predicate,object,"Forest House, Chester"
subject,predicate,object,Fahhad Al-Subaie
Fahhad Al-Subaie,instanceOf,Person,Fahhad Al-Subaie
Fahhad Al-Subaie,name,Fahhad Al-Subaie,Fahhad Al-Subaie
Fahhad Al-Subaie,givenName,Fahhad,Fahhad Al-Subaie
Fahhad Al-Subaie,familyName,Al-Subaie,Fahhad Al-Subaie
Fahhad Al-Subaie,nationality,Saudi Arabian,Fahhad Al-Subaie
Fahhad Al-Subaie,jobTitle,Entrepreneur,Fahhad Al-Subaie
Fahhad Al-Subaie,worksFor,Saudi Aramco,Fahhad Al-Subaie
Fahhad Al-Subaie,affiliation,Saudi Aramco,Fahhad Al-Subaie
Fahhad Al-Subaie,instanceOf,Businessperson,Fahhad Al-Subaie
Kapelludden Lighthouse,instanceOf,Lighthouse,Kapelludden Lighthouse
Kapelludden Lighthouse,location,Sweden,Kapelludden Lighthouse
Kapelludden Lighthouse,affiliation,Swedish Maritime Administration,Kapelludden Lighthouse
Kapelludden Lighthouse,startDate,1903,Kapelludden Lighthouse
Kapelludden Lighthouse,dateCreated,1903,Kapelludden Lighthouse
subject,predicate,object,Moisis Michail Bourlas
Moisis Michail Bourlas,instanceOf,Person,Moisis Michail Bourlas
Moisis Michail Bourlas,name,Moisis Michail Bourlas,Moisis Michail Bourlas
Moisis Michail Bourlas,givenName,Moisis Michail,Moisis Michail Bourlas
Moisis Michail Bourlas,familyName,Bourlas,Moisis Michail Bourlas
Moisis Michail Bourlas,alternateName,Moses Bourlas,Moisis Michail Bourlas
Moisis Michail Bourlas,birthDate,1780,Moisis Michail Bourlas
Moisis Michail Bourlas,deathDate,1854,Moisis Michail Bourlas
Moisis Michail Bourlas,nationality,Greek,Moisis Michail Bourlas
Moisis Michail Bourlas,jobTitle,Rabbi,Moisis Michail Bourlas
Moisis Michail Bourlas,worksFor,Synagogue,Moisis Michail Bourlas
Moisis Michail Bourlas,location,Greece,Moisis Michail Bourlas
Moisis Michail Bourlas,location,Ottoman Empire,Moisis Michail Bourlas
Moisis Michail Bourlas,creator,Responsa,Moisis Michail Bourlas
Athletics at the 2024 Summer Paralympics – Women's marathon T12,instanceOf,athletics event,Athletics at the 2024 Summer Paralympics – Women's marathon T12
Athletics at the 2024 Summer Paralympics – Women's marathon T12,name,Athletics at the 2024 Summer Paralympics – Women's marathon T12,Athletics at the 2024 Summer Paralympics – Women's marathon T12
Athletics at the 2024 Summer Paralympics – Women's marathon T12,genre,athletics,Athletics at the 2024 Summer Paralympics – Women's marathon T12
Athletics at the 2024 Summer Paralympics – Women's marathon T12,location,Paris,Athletics at the 2024 Summer Paralympics – Women's marathon T12
Athletics at the 2024 Summer Paralympics – Women's marathon T12,organizer,Paris 2024 Organizing Committee,Athletics at the 2024 Summer Paralympics – Women's marathon T12
Athletics at the 2024 Summer Paralympics – Women's marathon T12,startDate,2024,Athletics at the 2024 Summer Paralympics – Women's marathon T12
Athletics at the 2024 Summer Paralympics – Women's marathon T12,parentOrganization,International Paralympic Committee,Athletics at the 2024 Summer Paralympics – Women's marathon T12
Athletics at the 2024 Summer Paralympics – Women's marathon T12,affiliation,World Athletics,Athletics at the 2024 Summer Paralympics – Women's marathon T12
Xibenolol,instanceOf,Beta blocker,Xibenolol
Xibenolol,name,Xibenolol,Xibenolol
2,1,3-Benzothiadiazol-4-yl,Xibenolol
Xibenolol,genre,Drug,Xibenolol
Xibenolol,genre,Beta blocker,Xibenolol
Xibenolol,instanceOf,Drug,Xibenolol
subject,instanceOf,Drug,Xibenolol
subject,name,subject,Xibenolol
subject,predicate,object,2024 United States Senate election in Florida
2024 United States Senate election in Florida,instanceOf,Senate election,2024 United States Senate election in Florida
2024 United States Senate election in Florida,location,Florida,2024 United States Senate election in Florida
2024 United States Senate election in Florida,startDate,2024,2024 United States Senate election in Florida
2024 United States Senate election in Florida,genre,Election,2024 United States Senate election in Florida
2024 United States Senate election in Florida,parentOrganization,United States Senate,2024 United States Senate election in Florida
2024 United States Senate election in Florida,organizer,Florida Department of State,2024 United States Senate election in Florida
2024 United States Senate election in Florida,affiliation,Federal Election Commission,2024 United States Senate election in Florida
2011 European Wrestling Championships,instanceOf,European Wrestling Championships,2011 European Wrestling Championships
2011 European Wrestling Championships,name,2011 European Wrestling Championships,2011 European Wrestling Championships
2011 European Wrestling Championships,startDate,2011,2011 European Wrestling Championships
2011 European Wrestling Championships,genre,Sports,2011 European Wrestling Championships
2011 European Wrestling Championships,organizer,United European Wrestling Committee,2011 European Wrestling Championships
subject,predicate,object,"Ann, Lady Fanshawe"
Præstø Town Hall,instanceOf,Town Hall,Præstø Town Hall
Præstø Town Hall,location,Præstø,Præstø Town Hall
Præstø Town Hall,location,Denmark,Præstø Town Hall
Præstø Town Hall,affiliation,Præstø Municipality,Præstø Town Hall
Præstø Town Hall,genre,Architecture,Præstø Town Hall
British Rail Class 505,instanceOf,Train,British Rail Class 505
British Rail Class 505,name,British Rail Class 505,British Rail Class 505
British Rail Class 505,parentOrganization,British Rail,British Rail Class 505
British Rail Class 505,startDate,1957,British Rail Class 505
British Rail Class 505,location,United Kingdom,British Rail Class 505
British Rail Class 505,genre,Electric multiple unit,British Rail Class 505
British Rail Class 505,creator,British Rail,British Rail Class 505
British Rail Class 505,worksFor,British Rail,British Rail Class 505
subject,predicate,object,Platanos railway station
Platanos railway station,instanceOf,railway station,Platanos railway station
Platanos railway station,location,Greece,Platanos railway station
Platanos railway station,affiliation,Hellenic Railways,Platanos railway station
Platanos railway station,parentOrganization,Hellenic Railways,Platanos railway station
Edward Raquello,instanceOf,Person,Edward Raquello
Edward Raquello,name,Edward Raquello,Edward Raquello
Edward Raquello,givenName,Edward,Edward Raquello
Edward Raquello,familyName,Raquello,Edward Raquello
Edward Raquello,birthDate,1900-05-05,Edward Raquello
Edward Raquello,deathDate,1986-03-09,Edward Raquello
Edward Raquello,nationality,Polish,Edward Raquello
Edward Raquello,worksFor,Radio Free Europe,Edward Raquello
Edward Raquello,jobTitle,Journalist,Edward Raquello
Edward Raquello,memberOf,Polish American community,Edward Raquello
Edward Raquello,location,United States,Edward Raquello
Edward Raquello,location,Poland,Edward Raquello
Edward Raquello,alternateName,Edward Rak,Edward Raquello
Edward Raquello,genre,Journalism,Edward Raquello
subject,predicate,object,Creed II
Creed II,instanceOf,Film,Creed II
Creed II,name,Creed II,Creed II
Creed II,alternateName,Creed 2,Creed II
Creed II,genre,Sports Drama,Creed II
Creed II,genre,Action,Creed II
Creed II,genre,Thriller,Creed II
Creed II,director,Ryan Coogler,Creed II
Creed II,creator,Ryan Coogler,Creed II
Creed II,producer,Ryan Coogler,Creed II
Creed II,writer,Ryan Coogler,Creed II
Creed II,author,Cheo Hodari Coker,Creed II
Creed II,author,Ryan Coogler,Creed II
Creed II,author,Kevin W. Metcalfe,Creed II
Creed II,location,Philadelphia,Creed II
Creed II,location,Russia,Creed II
Creed II,startDate,2018-11-21,Creed II
Creed II,datePublished,2018-11-21,Creed II
Creed II,worksFor,Metro-Goldwyn-Mayer,Creed II
Creed II,worksFor,Warner Bros. Pictures,Creed II
Creed II,affiliation,United Artists,Creed II
Creed II,affiliation,Metro-Goldwyn-Mayer,Creed II
Creed II,affiliation,Warner Bros. Pictures,Creed II
Creed II,parentOrganization,Metro-Goldwyn-Mayer,Creed II
subject,predicate,object,Malkhaz Abdushelishvili
Malkhaz Abdushelishvili,instanceOf,Person,Malkhaz Abdushelishvili
Malkhaz Abdushelishvili,givenName,Malkhaz,Malkhaz Abdushelishvili
Malkhaz Abdushelishvili,familyName,Abdushelishvili,Malkhaz Abdushelishvili
Malkhaz Abdushelishvili,nationality,Georgian,Malkhaz Abdushelishvili
Malkhaz Abdushelishvili,jobTitle,Politician,Malkhaz Abdushelishvili
Malkhaz Abdushelishvili,memberOf,Parliament of Georgia,Malkhaz Abdushelishvili
Malkhaz Abdushelishvili,affiliation,Georgian Dream,Malkhaz Abdushelishvili
Malkhaz Abdushelishvili,birthDate,1977-06-06,Malkhaz Abdushelishvili
Trinity Jo-Li Bliss,instanceOf,Person,Trinity Jo-Li Bliss
Trinity Jo-Li Bliss,name,Trinity Jo-Li Bliss,Trinity Jo-Li Bliss
Trinity Jo-Li Bliss,givenName,Trinity,Trinity Jo-Li Bliss
Trinity Jo-Li Bliss,familyName,Bliss,Trinity Jo-Li Bliss
Trinity Jo-Li Bliss,alternateName,Trinity Jo-Li Bliss,Trinity Jo-Li Bliss
Trinity Jo-Li Bliss,gender,Female,Trinity Jo-Li Bliss
Trinity Jo-Li Bliss,nationality,American,Trinity Jo-Li Bliss
Trinity Jo-Li Bliss,instanceOf,Murder Victim,Trinity Jo-Li Bliss
Trinity Jo-Li Bliss,location,United States,Trinity Jo-Li Bliss
1997 Singapore Open,instanceOf,badminton tournament,1997 Singapore Open
1997 Singapore Open,name,1997 Singapore Open,1997 Singapore Open
1997 Singapore Open,location,Singapore,1997 Singapore Open
1997 Singapore Open,startDate,1997,1997 Singapore Open
1997 Singapore Open,genre,badminton,1997 Singapore Open
1997 Singapore Open,datePublished,1997,1997 Singapore Open
Walter Ross,instanceOf,Boxer,Walter Ross (boxer)
Walter Ross,name,Walter Ross,Walter Ross (boxer)
Walter Ross,givenName,Walter,Walter Ross (boxer)
Walter Ross,familyName,Ross,Walter Ross (boxer)
Walter Ross,gender,Male,Walter Ross (boxer)
Walter Ross,birthDate,1894-05-03,Walter Ross (boxer)
Walter Ross,deathDate,1935-04-24,Walter Ross (boxer)
Walter Ross,nationality,American,Walter Ross (boxer)
Walter Ross,jobTitle,Boxer,Walter Ross (boxer)
Walter Ross,worksFor,No known organization,Walter Ross (boxer)
Walter Ross,location,United States,Walter Ross (boxer)
Walter Ross,genre,Sports,Walter Ross (boxer)
subject,predicate,object,Hovea montana
Hovea montana,instanceOf,Species,Hovea montana
Hovea montana,name,Hovea montana,Hovea montana
Hovea montana,genus,Hovea,Hovea montana
Hovea montana,family,Fabaceae,Hovea montana
Hovea montana,nativeLocation,Australia,Hovea montana
Hovea montana,location,Western Australia,Hovea montana
Hovea montana,location,Southwest Australia,Hovea montana
subject,predicate,object,United Nations Security Council Resolution 1428
United Nations Security Council Resolution 1428,instanceOf,United Nations Security Council Resolution,United Nations Security Council Resolution 1428
United Nations Security Council Resolution 1428,name,United Nations Security Council Resolution 1428,United Nations Security Council Resolution 1428
United Nations Security Council Resolution 1428,datePublished,2002-04-12,United Nations Security Council Resolution 1428
United Nations Security Council Resolution 1428,organizer,United Nations Security Council,United Nations Security Council Resolution 1428
United Nations Security Council Resolution 1428,author,United Nations,United Nations Security Council Resolution 1428
United Nations Security Council Resolution 1428,creator,United Nations Security Council,United Nations Security Council Resolution 1428
United Nations Security Council Resolution 1428,genre,UNSCR,United Nations Security Council Resolution 1428
United Nations Security Council Resolution 1428,location,Sudan,United Nations Security Council Resolution 1428
subject,predicate,object,Derozio Memorial College
Derozio Memorial College,instanceOf,College,Derozio Memorial College
Derozio Memorial College,name,Derozio Memorial College,Derozio Memorial College
Derozio Memorial College,location,India,Derozio Memorial College
Derozio Memorial College,affiliation,University of Calcutta,Derozio Memorial College
Derozio Memorial College,founder,David Drummond,Derozio Memorial College
Derozio Memorial College,startDate,1947,Derozio Memorial College
Derozio Memorial College,worksFor,University of Calcutta,Derozio Memorial College
Derozio Memorial College,parentOrganization,University of Calcutta,Derozio Memorial College
Derozio Memorial College,dateCreated,1947,Derozio Memorial College
subject,predicate,object,Callicrates of Samos
Callicrates of Samos,instanceOf,Architect,Callicrates of Samos
Callicrates of Samos,givenName,Callicrates,Callicrates of Samos
Callicrates of Samos,familyName,of Samos,Callicrates of Samos
Callicrates of Samos,nationality,Ancient Greek,Callicrates of Samos
Callicrates of Samos,worksFor,Pheidias,Callicrates of Samos
Callicrates of Samos,worksFor,Themistocles,Callicrates of Samos
Callicrates of Samos,creator,Parthenon,Callicrates of Samos
Callicrates of Samos,creator,Temple of Athena Nike,Callicrates of Samos
Callicrates of Samos,worksFor,Pericles,Callicrates of Samos
Callicrates of Samos,jobTitle,Architect,Callicrates of Samos
Callicrates of Samos,affiliation,Ancient Athens,Callicrates of Samos
Callicrates of Samos,alternateName,Callicrates,Callicrates of Samos
Callicrates of Samos,location,Samos,Callicrates of Samos
NGC 7812,instanceOf,Galaxy,NGC 7812
NGC 7812,name,NGC 7812,NGC 7812
NGC 7812,alternateName,PGC 261071,NGC 7812
NGC 7812,location,Fornax constellation,NGC 7812
NGC 7812,genre,Spiral galaxy,NGC 7812
subject,predicate,object,Leverkusen Mitte station
Leverkusen Mitte station,instanceOf,railway station,Leverkusen Mitte station
Leverkusen Mitte station,location,Leverkusen,Leverkusen Mitte station
Leverkusen Mitte station,affiliation,Deutsche Bahn,Leverkusen Mitte station
Leverkusen Mitte station,worksFor,S-Bahn,Leverkusen Mitte station
Leverkusen Mitte station,worksFor,Regional-Express,Leverkusen Mitte station
Leverkusen Mitte station,genre,public transport,Leverkusen Mitte station
Leverkusen Mitte station,name,Leverkusen Mitte station,Leverkusen Mitte station
Leverkusen Mitte station,alternateName,Leverkusen Mitte,Leverkusen Mitte station
subject,predicate,object,Butralin
Butralin,instanceOf,ChemicalCompound,Butralin
Butralin,name,Butralin,Butralin
Butralin,genre,Explosive,Butralin
Butralin,instanceOf,Phenol,Butralin
subject,predicate,object,Portsmouth Historic Dockyard
Portsmouth Historic Dockyard,instanceOf,Historic Dockyard,Portsmouth Historic Dockyard
Portsmouth Historic Dockyard,name,Portsmouth Historic Dockyard,Portsmouth Historic Dockyard
Portsmouth Historic Dockyard,location,Portsmouth,Portsmouth Historic Dockyard
Portsmouth Historic Dockyard,affiliation,Portsmouth City Council,Portsmouth Historic Dockyard
Portsmouth Historic Dockyard,worksFor,National Maritime Museum,Portsmouth Historic Dockyard
Portsmouth Historic Dockyard,genre,Maritime museum,Portsmouth Historic Dockyard
Portsmouth Historic Dockyard,dateCreated,1985,Portsmouth Historic Dockyard
Portsmouth Historic Dockyard,organizer,National Maritime Museum,Portsmouth Historic Dockyard
Portsmouth Historic Dockyard,parentOrganization,National Maritime Museum,Portsmouth Historic Dockyard
Portsmouth Historic Dockyard,alternateName,Portsmouth Dockyard,Portsmouth Historic Dockyard
Portsmouth Historic Dockyard,founder,UK Ministry of Defence,Portsmouth Historic Dockyard
Portsmouth Historic Dockyard,startDate,1691,Portsmouth Historic Dockyard
Portsmouth Historic Dockyard,memberOf,UK Historic Docks,Portsmouth Historic Dockyard
subject,predicate,object,Kagerup railway station
Kagerup railway station,instanceOf,railway station,Kagerup railway station
Kagerup railway station,location,Denmark,Kagerup railway station
Kagerup railway station,parentOrganization,Danske Statsbaner,Kagerup railway station
Kagerup railway station,startDate,1905,Kagerup railway station
Kagerup railway station,affiliation,Region Hovedstaden,Kagerup railway station
Kagerup railway station,location,Frederiksborg County,Kagerup railway station
1892 United States presidential election in New York,instanceOf,presidential election,1892 United States presidential election in New York
1892 United States presidential election in New York,location,New York,1892 United States presidential election in New York
1892 United States presidential election in New York,datePublished,1892,1892 United States presidential election in New York
1892 United States presidential election in New York,organizer,New York State Board of Elections,1892 United States presidential election in New York
1892 United States presidential election in New York,worksFor,Grover Cleveland,1892 United States presidential election in New York
1892 United States presidential election in New York,worksFor,Benjamin Harrison,1892 United States presidential election in New York
1892 United States presidential election in New York,worksFor,James B. Weaver,1892 United States presidential election in New York
1892 United States presidential election in New York,genre,Election results,1892 United States presidential election in New York
Grover Cleveland,runsFor,President of the United States,1892 United States presidential election in New York
Benjamin Harrison,runsFor,President of the United States,1892 United States presidential election in New York
James B. Weaver,runsFor,President of the United States,1892 United States presidential election in New York
subject,predicate,object,Microsoft Band 2
Microsoft Band 2,instanceOf,Smartwatch,Microsoft Band 2
Microsoft Band 2,name,Microsoft Band 2,Microsoft Band 2
Microsoft Band 2,alternateName,Microsoft Band,Microsoft Band 2
Microsoft Band 2,genre,Fitness tracker,Microsoft Band 2
Microsoft Band 2,location,United States,Microsoft Band 2
Microsoft Band 2,affiliation,Microsoft,Microsoft Band 2
Microsoft Band 2,startDate,2015-11-02,Microsoft Band 2
Microsoft Band 2,endDate,2016-10-13,Microsoft Band 2
Microsoft Band 2,creator,Microsoft,Microsoft Band 2
Microsoft Band 2,worksFor,Microsoft,Microsoft Band 2
Microsoft Band 2,organizer,Microsoft,Microsoft Band 2
H,8,9,"3,4-Dihydroxybenzaldehyde"
subject,predicate,object,Forrest N. Iandola
Forrest N. Iandola,instanceOf,Person,Forrest N. Iandola
Forrest N. Iandola,givenName,Forrest,Forrest N. Iandola
Forrest N. Iandola,familyName,Iandola,Forrest N. Iandola
Forrest N. Iandola,jobTitle,Researcher,Forrest N. Iandola
Forrest N. Iandola,worksFor,Rutgers University,Forrest N. Iandola
Forrest N. Iandola,affiliation,Rutgers University,Forrest N. Iandola
Forrest N. Iandola,nationality,American,Forrest N. Iandola
Forrest N. Iandola,genre,Artificial Intelligence,Forrest N. Iandola
Forrest N. Iandola,creator,Chatbot,Forrest N. Iandola
Forrest N. Iandola,author,Conversational AI: Building Intelligent Chatbots and Voice Assistants,Forrest N. Iandola
Forrest N. Iandola,instanceOf,Professor,Forrest N. Iandola
Forrest N. Iandola,worksFor,WINLAB,Forrest N. Iandola
Forrest N. Iandola,parentOrganization,Rutgers University,Forrest N. Iandola
subject,predicate,object,Cinema Management Group
Cinema Management Group,instanceOf,company,Cinema Management Group
Cinema Management Group,name,Cinema Management Group,Cinema Management Group
Cinema Management Group,alternateName,CMG,Cinema Management Group
Cinema Management Group,founder,unknown,Cinema Management Group
Cinema Management Group,worksFor,cinema industry,Cinema Management Group
Cinema Management Group,location,United States,Cinema Management Group
Cinema Management Group,affiliation,unknown,Cinema Management Group
subject,predicate,object,Ignacy Tłoczyński
Ignacy Tłoczyński,instanceOf,Person,Ignacy Tłoczyński
Ignacy Tłoczyński,name,Ignacy Tłoczyński,Ignacy Tłoczyński
Ignacy Tłoczyński,givenName,Ignacy,Ignacy Tłoczyński
Ignacy Tłoczyński,familyName,Tłoczyński,Ignacy Tłoczyński
Ignacy Tłoczyński,birthDate,1886-07-13,Ignacy Tłoczyński
Ignacy Tłoczyński,deathDate,1945-04-28,Ignacy Tłoczyński
Ignacy Tłoczyński,gender,Male,Ignacy Tłoczyński
Ignacy Tłoczyński,jobTitle,Tennis player,Ignacy Tłoczyński
Ignacy Tłoczyński,memberOf,Polish Tennis Association,Ignacy Tłoczyński
Ignacy Tłoczyński,nationality,Polish,Ignacy Tłoczyński
Ignacy Tłoczyński,worksFor,Polish Tennis Association,Ignacy Tłoczyński
subject,predicate,object,Zhongyuan Bank
Zhongyuan Bank,instanceOf,Bank,Zhongyuan Bank
Zhongyuan Bank,name,Zhongyuan Bank,Zhongyuan Bank
Zhongyuan Bank,location,China,Zhongyuan Bank
Zhongyuan Bank,affiliation,China,Zhongyuan Bank
Zhongyuan Bank,nationality,Chinese,Zhongyuan Bank
Zhongyuan Bank,worksFor,Employees of Zhongyuan Bank,Zhongyuan Bank
Zhongyuan Bank,genre,Finance,Zhongyuan Bank
Cilejit railway station,instanceOf,railway station,Cilejit railway station
Cilejit railway station,location,Turkey,Cilejit railway station
Cilejit railway station,name,Cilejit railway station,Cilejit railway station
subject,predicate,object,Mikhail Pashnin
Mikhail Pashnin,instanceOf,Person,Mikhail Pashnin
Mikhail Pashnin,givenName,Mikhail,Mikhail Pashnin
Mikhail Pashnin,familyName,Pashnin,Mikhail Pashnin
Mikhail Pashnin,jobTitle,Politician,Mikhail Pashnin
Mikhail Pashnin,memberOf,State Duma,Mikhail Pashnin
Mikhail Pashnin,affiliation,Communist Party of the Russian Federation,Mikhail Pashnin
Mikhail Pashnin,nationality,Russian,Mikhail Pashnin
Mikhail Pashnin,worksFor,State Duma,Mikhail Pashnin
Mikhail Pashnin,birthDate,1969-04-03,Mikhail Pashnin
Mikhail Pashnin,gender,Male,Mikhail Pashnin
subject,predicate,object,Shuangxi Park and Chinese Garden
Shuangxi Park and Chinese Garden,instanceOf,Park,Shuangxi Park and Chinese Garden
Shuangxi Park and Chinese Garden,name,Shuangxi Park and Chinese Garden,Shuangxi Park and Chinese Garden
Shuangxi Park and Chinese Garden,location,Taipei,Shuangxi Park and Chinese Garden
Shuangxi Park and Chinese Garden,location,Taiwan,Shuangxi Park and Chinese Garden
Shuangxi Park and Chinese Garden,genre,Garden,Shuangxi Park and Chinese Garden
Shuangxi Park and Chinese Garden,genre,Park,Shuangxi Park and Chinese Garden
Shuangxi Park and Chinese Garden,dateCreated,1970s,Shuangxi Park and Chinese Garden
Shuangxi Park and Chinese Garden,organizer,Taipei City Government,Shuangxi Park and Chinese Garden
H-class container ship,instanceOf,container ship,H-class container ship
H-class container ship,name,H-class container ship,H-class container ship
H-class container ship,alternateName,H-class,H-class container ship
H-class container ship,genre,cargo ship,H-class container ship
H-class container ship,worksFor,Maersk Line,H-class container ship
H-class container ship,parentOrganization,Maersk Line,H-class container ship
H-class container ship,affiliation,Maersk Line,H-class container ship
H-class container ship,location,Denmark,H-class container ship
H-class container ship,nationality,Danish,H-class container ship
H-class container ship,startDate,2008,H-class container ship
H-class container ship,dateCreated,2008,H-class container ship
H-class container ship,founder,Maersk Line,H-class container ship
H-class container ship,organizer,Maersk Line,H-class container ship
H-class container ship,author,naval architects,H-class container ship
H-class container ship,creator,naval architects,H-class container ship
H-class container ship,jobTitle,Ship,H-class container ship
H-class container ship,memberOf,fleet,H-class container ship
Canton of Nomeny,instanceOf,canton,Canton of Nomeny
Canton of Nomeny,location,France,Canton of Nomeny
Canton of Nomeny,parentOrganization,arrondissement,Canton of Nomeny
Canton of Nomeny,memberOf,Canton,Canton of Nomeny
Canton of Nomeny,name,Canton of Nomeny,Canton of Nomeny
Canton of Nomeny,organizer,Conseil général de Meurthe-et-Moselle,Canton of Nomeny
Canton of Nomeny,location,Meurthe-et-Moselle,Canton of Nomeny
Canton of Nomeny,startDate,1800,Canton of Nomeny
subject,predicate,object,Israel Abanikanda
Israel Abanikanda,instanceOf,Person,Israel Abanikanda
Israel Abanikanda,name,Israel Abanikanda,Israel Abanikanda
Israel Abanikanda,givenName,Israel,Israel Abanikanda
Israel Abanikanda,familyName,Abanikanda,Israel Abanikanda
Israel Abanikanda,birthDate,2004-11-11,Israel Abanikanda
Israel Abanikanda,nationality,Nigerian,Israel Abanikanda
Israel Abanikanda,worksFor,New York City FC,Israel Abanikanda
Eristalini,instanceOf,Tribe,Eristalini
Eristalini,name,Eristalini,Eristalini
Eristalini,parentOrganization,Syrphidae,Eristalini
Eristalini,genre,Insect,Eristalini
subject,predicate,object,RAF Montford Bridge
RAF Montford Bridge,instanceOf,Royal Air Force station,RAF Montford Bridge
RAF Montford Bridge,location,United Kingdom,RAF Montford Bridge
RAF Montford Bridge,location,Cambridgeshire,RAF Montford Bridge
RAF Montford Bridge,dateCreated,1942,RAF Montford Bridge
RAF Montford Bridge,startDate,1942,RAF Montford Bridge
RAF Montford Bridge,endDate,1945,RAF Montford Bridge
RAF Montford Bridge,worksFor,Royal Air Force,RAF Montford Bridge
RAF Montford Bridge,affiliation,Royal Air Force,RAF Montford Bridge
RAF Montford Bridge,genre,Military aviation,RAF Montford Bridge
Orléanais Historical and Archaeological Museum,instanceOf,Museum,Orléanais Historical and Archaeological Museum
Orléanais Historical and Archaeological Museum,name,Orléanais Historical and Archaeological Museum,Orléanais Historical and Archaeological Museum
Orléanais Historical and Archaeological Museum,location,Orléans,Orléanais Historical and Archaeological Museum
Orléanais Historical and Archaeological Museum,affiliation,Orleans Museum,Orléanais Historical and Archaeological Museum
subject,predicate,object,"Meadowbank, Tasmania"
subject,predicate,object,The Three Witches
The Three Witches,instanceOf,Group,The Three Witches
The Three Witches,name,The Three Witches,The Three Witches
The Three Witches,alternateName,Weird Sisters,The Three Witches
The Three Witches,location,Scotland,The Three Witches
The Three Witches,genre,Witchcraft,The Three Witches
The Three Witches,worksFor,None,The Three Witches
The Three Witches,memberOf,None,The Three Witches
The Three Witches,affiliation,None,The Three Witches
The Three Witches,organizer,None,The Three Witches
The Three Witches,author,William Shakespeare,The Three Witches
The Three Witches,creator,William Shakespeare,The Three Witches
The Three Witches,appearIn,Macbeth,The Three Witches
The Three Witches,jobTitle,Prophecy providers,The Three Witches
The Three Witches,nationality,None,The Three Witches
The Three Witches,dateCreated,No specific date,The Three Witches
subject,predicate,object,Naranjito District
Naranjito District,instanceOf,District,Naranjito District
Naranjito District,location,Ecuador,Naranjito District
Naranjito District,parentOrganization,Guayas Province,Naranjito District
Naranjito District,location,Guayas Province,Naranjito District
subject,predicate,object,Double Concerto (Lutosławski)
Horsburgh Castle,instanceOf,Castle,Horsburgh Castle
Horsburgh Castle,location,Scottish Borders,Horsburgh Castle
Horsburgh Castle,location,East Lothian,Horsburgh Castle
Horsburgh Castle,name,Horsburgh Castle,Horsburgh Castle
Horsburgh Castle,alternateName,Horsburgh,Horsburgh Castle
Horsburgh Castle,startDate,15th century,Horsburgh Castle
Horsburgh Castle,architect,unknown,Horsburgh Castle
Horsburgh Castle,affiliation,Clan Drummond,Horsburgh Castle
Horsburgh Castle,worksFor,Clan Drummond,Horsburgh Castle
Horsburgh Castle,genre,Architecture,Horsburgh Castle
Horsburgh Castle,location,Midlothian,Horsburgh Castle
Horsburgh Castle,founder,Sir John Drummond,Horsburgh Castle
Horsburgh Castle,instanceOf,Tower house,Horsburgh Castle
Horsburgh Castle,datePublished,unknown,Horsburgh Castle
Horsburgh Castle,organizer,unknown,Horsburgh Castle
USS W. S. Sims,instanceOf,Destroyer,USS W. S. Sims
USS W. S. Sims,name,USS W. S. Sims,USS W. S. Sims
USS W. S. Sims,givenName,W. S. Sims,USS W. S. Sims
USS W. S. Sims,memberOf,US Navy,USS W. S. Sims
USS W. S. Sims,affiliation,US Navy,USS W. S. Sims
USS W. S. Sims,nationality,United States,USS W. S. Sims
USS W. S. Sims,parentOrganization,US Navy,USS W. S. Sims
USS W. S. Sims,worksFor,US Navy,USS W. S. Sims
USS W. S. Sims,instanceOf,Clemson-class destroyer,USS W. S. Sims
USS W. S. Sims,builder,Bath Iron Works,USS W. S. Sims
USS W. S. Sims,commissioned,1944,USS W. S. Sims
USS W. S. Sims,decommissioned,1946,USS W. S. Sims
USS W. S. Sims,dateCreated,1944,USS W. S. Sims
USS W. S. Sims,startDate,1944,USS W. S. Sims
USS W. S. Sims,endDate,1946,USS W. S. Sims
Audio Publishers Association,instanceOf,organization,Audio Publishers Association
Audio Publishers Association,name,Audio Publishers Association,Audio Publishers Association
Audio Publishers Association,alternateName,APA,Audio Publishers Association
Audio Publishers Association,affiliation,audio publishers,Audio Publishers Association
Audio Publishers Association,location,United States,Audio Publishers Association
Audio Publishers Association,genre,publishing,Audio Publishers Association
Audio Publishers Association,founder,none,Audio Publishers Association
Audio Publishers Association,startDate,1985,Audio Publishers Association
MV American Courage,instanceOf,Ship,MV American Courage
MV American Courage,name,MV American Courage,MV American Courage
MV American Courage,alternateName,American Courage,MV American Courage
MV American Courage,affiliation,American Shipping Company,MV American Courage
MV American Courage,worksFor,American Shipping Company,MV American Courage
MV American Courage,location,United States,MV American Courage
MV American Courage,genre,Cargo ship,MV American Courage
subject,predicate,object,Florido Tower
Florido Tower,instanceOf,skyscraper,Florido Tower
Florido Tower,location,Miami,Florido Tower
Florido Tower,location,Florida,Florido Tower
Florido Tower,startDate,1963,Florido Tower
Florido Tower,endDate,unknown,Florido Tower
Florido Tower,architect,unknown,Florido Tower
Florido Tower,genre,residential,Florido Tower
Florido Tower,name,Florido Tower,Florido Tower
Florido Tower,worksFor,unknown,Florido Tower
Florido Tower,architect,Morris A. Kahn,Florido Tower
Florido Tower,height,104 m,Florido Tower
Florido Tower,floors,30,Florido Tower
subject,predicate,object,United States Department of Justice Criminal Division
United States Department of Justice Criminal Division,instanceOf,Division,United States Department of Justice Criminal Division
United States Department of Justice Criminal Division,name,United States Department of Justice Criminal Division,United States Department of Justice Criminal Division
United States Department of Justice Criminal Division,parentOrganization,United States Department of Justice,United States Department of Justice Criminal Division
United States Department of Justice Criminal Division,worksFor,United States Department of Justice,United States Department of Justice Criminal Division
United States Department of Justice Criminal Division,affiliation,United States Department of Justice,United States Department of Justice Criminal Division
United States Department of Justice Criminal Division,genre,Law,United States Department of Justice Criminal Division
United States Department of Justice Criminal Division,organizer,Assistant Attorney General,United States Department of Justice Criminal Division
subject,predicate,object,Gustavo Balcázar Monzón
Gustavo Balcázar Monzón,instanceOf,Person,Gustavo Balcázar Monzón
Gustavo Balcázar Monzón,name,Gustavo Balcázar Monzón,Gustavo Balcázar Monzón
Gustavo Balcázar Monzón,givenName,Gustavo,Gustavo Balcázar Monzón
Gustavo Balcázar Monzón,familyName,Balcázar Monzón,Gustavo Balcázar Monzón
Gustavo Balcázar Monzón,nationality,Mexican,Gustavo Balcázar Monzón
Gustavo Balcázar Monzón,jobTitle,Politician,Gustavo Balcázar Monzón
Gustavo Balcázar Monzón,memberOf,Institutional Revolutionary Party,Gustavo Balcázar Monzón
Gustavo Balcázar Monzón,worksFor,Government of Mexico,Gustavo Balcázar Monzón
Gustavo Balcázar Monzón,birthDate,1919-08-09,Gustavo Balcázar Monzón
Gustavo Balcázar Monzón,deathDate,2000,Gustavo Balcázar Monzón
subject,predicate,object,Huepetuche District
Huepetuche District,instanceOf,district,Huepetuche District
Huepetuche District,location,Peru,Huepetuche District
Huepetuche District,location,Madre de Dios Region,Huepetuche District
Huepetuche District,name,Huepetuche District,Huepetuche District
subject,predicate,object,Tsai Pai-sheng
Tsai Pai-sheng,instanceOf,Person,Tsai Pai-sheng
Tsai Pai-sheng,name,Tsai Pai-sheng,Tsai Pai-sheng
Tsai Pai-sheng,givenName,Tsai,Tsai Pai-sheng
Tsai Pai-sheng,familyName,Pai-sheng,Tsai Pai-sheng
Tsai Pai-sheng,nationality,Taiwanese,Tsai Pai-sheng
Tsai Pai-sheng,jobTitle,politician,Tsai Pai-sheng
Tsai Pai-sheng,memberOf,Legislative Yuan,Tsai Pai-sheng
Tsai Pai-sheng,worksFor,Government of Taiwan,Tsai Pai-sheng
Tsai Pai-sheng,affiliation,Kuomintang,Tsai Pai-sheng
Tsai Pai-sheng,birthDate,1959-04-10,Tsai Pai-sheng
Tsai Pai-sheng,gender,Male,Tsai Pai-sheng
subject,predicate,object,Starsector
Starsector,instanceOf,Video Game,Starsector
Starsector,genre,Space Exploration,Starsector
Starsector,genre,Role-Playing Game,Starsector
Starsector,developer,Farseer,Starsector
Starsector,publisher,Farseer,Starsector
Starsector,releaseDate,2013-05-20,Starsector
Starsector,platform,Microsoft Windows,Starsector
Starsector,platform,macOS,Starsector
Starsector,platform,Linux,Starsector
Starsector,worksFor,Farseer,Starsector
Starsector,name,Starsector,Starsector
Starsector,alternateName,Sector: Fleet Commander,Starsector
Starsector,founder,Paul Corbin,Starsector
Starsector,affiliation,Starsector Wiki,Starsector
Starsector,location,United States,Starsector
Starsector,startDate,2013-05-20,Starsector
Starsector,dateCreated,2011,Starsector
Starsector,organizer,Paul Corbin,Starsector
Starsector,author,Paul Corbin,Starsector
Starsector,creator,Paul Corbin,Starsector
subject,predicate,object,Dmitry Petrovich Dokhturov
Dmitry Petrovich Dokhturov,instanceOf,Person,Dmitry Petrovich Dokhturov
Dmitry Petrovich Dokhturov,givenName,Dmitry,Dmitry Petrovich Dokhturov
Dmitry Petrovich Dokhturov,familyName,Dokhturov,Dmitry Petrovich Dokhturov
Dmitry Petrovich Dokhturov,name,Dmitry Petrovich Dokhturov,Dmitry Petrovich Dokhturov
Dmitry Petrovich Dokhturov,birthDate,1799-04-29,Dmitry Petrovich Dokhturov
Dmitry Petrovich Dokhturov,deathDate,1866-05-04,Dmitry Petrovich Dokhturov
Dmitry Petrovich Dokhturov,gender,Male,Dmitry Petrovich Dokhturov
Dmitry Petrovich Dokhturov,jobTitle,General,Dmitry Petrovich Dokhturov
Dmitry Petrovich Dokhturov,memberOf,Russian Army,Dmitry Petrovich Dokhturov
Dmitry Petrovich Dokhturov,nationality,Russian,Dmitry Petrovich Dokhturov
Dmitry Petrovich Dokhturov,worksFor,Russian Empire,Dmitry Petrovich Dokhturov
Dmitry Petrovich Dokhturov,alternateName,Dmitry Dokhturov,Dmitry Petrovich Dokhturov
Dmitry Petrovich Dokhturov,location,Russia,Dmitry Petrovich Dokhturov
Dmitry Petrovich Dokhturov,affiliation,Russian Imperial Army,Dmitry Petrovich Dokhturov
Dmitry Petrovich Dokhturov,founder,None,Dmitry Petrovich Dokhturov
Dmitry Petrovich Dokhturov,parentOrganization,Russian Army,Dmitry Petrovich Dokhturov
Dmitry Petrovich Dokhturov,startDate,1820,Dmitry Petrovich Dokhturov
Dmitry Petrovich Dokhturov,endDate,1866,Dmitry Petrovich Dokhturov
Dmitry Petrovich Dokhturov,dateCreated,None,Dmitry Petrovich Dokhturov
Dmitry Petrovich Dokhturov,datePublished,None,Dmitry Petrovich Dokhturov
Dmitry Petrovich Dokhturov,organizer,None,Dmitry Petrovich Dokhturov
Dmitry Petrovich Dokhturov,author,None,Dmitry Petrovich Dokhturov
Dmitry Petrovich Dokhturov,creator,None,Dmitry Petrovich Dokhturov
Dmitry Petrovich Dokhturov,genre,None,Dmitry Petrovich Dokhturov
Robbie Ryan,instanceOf,Cinematographer,Robbie Ryan (cinematographer)
Robbie Ryan,name,Robbie Ryan,Robbie Ryan (cinematographer)
Robbie Ryan,givenName,Robbie,Robbie Ryan (cinematographer)
Robbie Ryan,familyName,Ryan,Robbie Ryan (cinematographer)
Robbie Ryan,alternateName,Robbie Ryan,Robbie Ryan (cinematographer)
Robbie Ryan,birthDate,1970-04-12,Robbie Ryan (cinematographer)
Robbie Ryan,nationality,American,Robbie Ryan (cinematographer)
Robbie Ryan,worksFor,Various film production companies,Robbie Ryan (cinematographer)
Robbie Ryan,memberOf,American Society of Cinematographers,Robbie Ryan (cinematographer)
Robbie Ryan,affiliation,Society of Motion Picture and Television Engineers,Robbie Ryan (cinematographer)
Robbie Ryan,jobTitle,Cinematographer,Robbie Ryan (cinematographer)
Robbie Ryan,genre,Drama,Robbie Ryan (cinematographer)
Robbie Ryan,genre,Comedy,Robbie Ryan (cinematographer)
Robbie Ryan,creator,The Assassination of Jesse James by the Coward Robert Ford,Robbie Ryan (cinematographer)
Robbie Ryan,creator,The Ballad of Buster Scruggs,Robbie Ryan (cinematographer)
Robbie Ryan,author,No,Robbie Ryan (cinematographer)
Robbie Ryan,organizer,No,Robbie Ryan (cinematographer)
Robbie Ryan,founder,No,Robbie Ryan (cinematographer)
Robbie Ryan,worksFor,American Empirical Pictures,Robbie Ryan (cinematographer)
Robbie Ryan,memberOf,Board of Governors of the Academy of Motion Picture Arts and Sciences,Robbie Ryan (cinematographer)
Robbie Ryan,location,United States,Robbie Ryan (cinematographer)
Robbie Ryan,affiliation,American Cinematographer,Robbie Ryan (cinematographer)
Robbie Ryan,startDate,2000-01-01,Robbie Ryan (cinematographer)
Robbie Ryan,datePublished,2007-09-12,Robbie Ryan (cinematographer)
Robbie Ryan,dateCreated,2006-01-01,Robbie Ryan (cinematographer)
Robbie Ryan,endDate,present,Robbie Ryan (cinematographer)
Robbie Ryan,worksFor,A24,Robbie Ryan (cinematographer)
Robbie Ryan,worksFor,Netflix,Robbie Ryan (cinematographer)
Robbie Ryan,worksFor,Amazon Studios,Robbie Ryan (cinematographer)
Robbie Ryan,creator,American Honey,Robbie Ryan (cinematographer)
Robbie Ryan,creator,I Care a Lot,Robbie Ryan (cinematographer)
Robbie Ryan,creator,The Power of the Dog,Robbie Ryan (cinematographer)
Robbie Ryan,cinematographer,The Souvenir,Robbie Ryan (cinematographer)
Robbie Ryan,cinematographer,The Lighthouse,Robbie Ryan (cinematographer)
Robbie Ryan,cinematographer,Marriage Story,Robbie Ryan (cinematographer)
Robbie Ryan,cinematographer,American Honey,Robbie Ryan (cinematographer)
Robbie Ryan,cinematographer,The Power of the Dog,Robbie Ryan (cinematographer)
Robbie Ryan,cinematographer,I Care a Lot,Robbie Ryan (cinematographer)
Robbie Ryan,cinematographer,The Ballad of Buster Scruggs,Robbie Ryan (cinematographer)
Robbie Ryan,cinematographer,The Assassination of Jesse James by the Coward Robert Ford,Robbie Ryan (cinematographer)
Robbie Ryan,cinematographer,Take This Waltz,Robbie Ryan (cinematographer)
Edward D. Sheafer Jr.,instanceOf,Person,Edward D. Sheafer Jr.
Edward D. Sheafer Jr.,name,Edward D. Sheafer Jr.,Edward D. Sheafer Jr.
Edward D. Sheafer Jr.,givenName,Edward,Edward D. Sheafer Jr.
Edward D. Sheafer Jr.,familyName,Sheafer,Edward D. Sheafer Jr.
Edward D. Sheafer Jr.,alternateName,Edward D. Sheafer Jr.,Edward D. Sheafer Jr.
Edward D. Sheafer Jr.,jobTitle,President,Edward D. Sheafer Jr.
Edward D. Sheafer Jr.,worksFor,Lehigh University,Edward D. Sheafer Jr.
subject,predicate,object,Jim Cox (baseball)
subject,predicate,object,Peking University First Hospital
Peking University First Hospital,instanceOf,Hospital,Peking University First Hospital
Peking University First Hospital,name,Peking University First Hospital,Peking University First Hospital
Peking University First Hospital,alternateName,Peking University Hospital No. 1,Peking University First Hospital
Peking University First Hospital,affiliation,Peking University,Peking University First Hospital
Peking University First Hospital,location,Beijing,Peking University First Hospital
Peking University First Hospital,founder,Peking University,Peking University First Hospital
Peking University First Hospital,startDate,1902,Peking University First Hospital
Peking University First Hospital,worksFor,Peking University,Peking University First Hospital
Peking University First Hospital,genre,Teaching hospital,Peking University First Hospital
Peking University First Hospital,jobTitle,Hospital,Peking University First Hospital
Peking University First Hospital,parentOrganization,Peking University,Peking University First Hospital
subject,predicate,object,Acta Zoologica Cracoviensia
Acta Zoologica Cracoviensia,instanceOf,journal,Acta Zoologica Cracoviensia
Acta Zoologica Cracoviensia,name,Acta Zoologica Cracoviensia,Acta Zoologica Cracoviensia
Acta Zoologica Cracoviensia,alternateName,Acta Zoologica Cracoviensia,Acta Zoologica Cracoviensia
Acta Zoologica Cracoviensia,genre,zoology,Acta Zoologica Cracoviensia
Acta Zoologica Cracoviensia,affiliation,Polish Academy of Sciences,Acta Zoologica Cracoviensia
Acta Zoologica Cracoviensia,location,Poland,Acta Zoologica Cracoviensia
Acta Zoologica Cracoviensia,startDate,1954,Acta Zoologica Cracoviensia
Acta Zoologica Cracoviensia,dateCreated,1954,Acta Zoologica Cracoviensia
Acta Zoologica Cracoviensia,organizer,Polish Academy of Sciences,Acta Zoologica Cracoviensia
Acta Zoologica Cracoviensia,publisher,Polish Academy of Sciences,Acta Zoologica Cracoviensia
Acta Zoologica Cracoviensia,worksFor,Institute of Systematics and Evolution of Animals PAS,Acta Zoologica Cracoviensia
Roman amphitheatre of Italica,instanceOf,amphitheatre,Roman amphitheatre of Italica
Roman amphitheatre of Italica,location,Italica,Roman amphitheatre of Italica
Roman amphitheatre of Italica,location,Spain,Roman amphitheatre of Italica
Roman amphitheatre of Italica,location,Santiponce,Roman amphitheatre of Italica
Roman amphitheatre of Italica,dateCreated,1st century,Roman amphitheatre of Italica
Roman amphitheatre of Italica,datePublished,no,Roman amphitheatre of Italica
Roman amphitheatre of Italica,founder,no,Roman amphitheatre of Italica
Roman amphitheatre of Italica,worksFor,no,Roman amphitheatre of Italica
Roman amphitheatre of Italica,genre,Roman architecture,Roman amphitheatre of Italica
Roman amphitheatre of Italica,affiliation,Roman Empire,Roman amphitheatre of Italica
Roman amphitheatre of Italica,name,Roman amphitheatre of Italica,Roman amphitheatre of Italica
Roman amphitheatre of Italica,alternateName,Anfiteatro romano de Italica,Roman amphitheatre of Italica
such as jobTitle,memberOf,etc.,Roman amphitheatre of Italica
Pennsylvania Railroad class C1,instanceOf,locomotive,Pennsylvania Railroad class C1
Pennsylvania Railroad class C1,name,C1,Pennsylvania Railroad class C1
Pennsylvania Railroad class C1,alternateName,PRR C1,Pennsylvania Railroad class C1
Pennsylvania Railroad class C1,affiliation,Pennsylvania Railroad,Pennsylvania Railroad class C1
Pennsylvania Railroad class C1,genre,steam locomotive,Pennsylvania Railroad class C1
Pennsylvania Railroad class C1,worksFor,Pennsylvania Railroad,Pennsylvania Railroad class C1
Pennsylvania Railroad class C1,startDate,1901,Pennsylvania Railroad class C1
Pennsylvania Railroad class C1,endDate,1931,Pennsylvania Railroad class C1
Pennsylvania Railroad class C1,creator,Pennsylvania Railroad,Pennsylvania Railroad class C1
Pennsylvania Railroad class C1,location,United States,Pennsylvania Railroad class C1
Pennsylvania Railroad class C1,instanceOf,0-8-0,Pennsylvania Railroad class C1
Pennsylvania Railroad class C1,numberOfCylinders,2,Pennsylvania Railroad class C1
subject,predicate,object,Tamil Times
Tamil Times,instanceOf,Newspaper,Tamil Times
Tamil Times,name,Tamil Times,Tamil Times
Tamil Times,alternateName,Tamil Times Newspaper,Tamil Times
Tamil Times,genre,News,Tamil Times
Tamil Times,genre,Politics,Tamil Times
Tamil Times,location,Sri Lanka,Tamil Times
Tamil Times,affiliation,Tamil community,Tamil Times
Tamil Times,startDate,unknown,Tamil Times
Tamil Times,worksFor,Journalists,Tamil Times
Tamil Times,creator,unknown,Tamil Times
Tamil Times,organizer,unknown,Tamil Times
Tamil Times,publisher,unknown,Tamil Times
Tamil Times,datePublished,unknown,Tamil Times
Tamil Times,founder,S. Swamy,Tamil Times
Tamil Times,parentOrganization,unknown,Tamil Times
Tamil Times,datePublished,2001,Tamil Times
Tamil Times,language,Tamil,Tamil Times
Tamil Times,startDate,2001,Tamil Times
Tamil Times,nationality,Sri Lankan,Tamil Times
Lesser prairie-chicken,instanceOf,bird,Lesser prairie-chicken
Lesser prairie-chicken,name,Lesser prairie-chicken,Lesser prairie-chicken
Lesser prairie-chicken,alternateName,Tympanuchus pallidicinctus,Lesser prairie-chicken
Lesser prairie-chicken,genus,Tympanuchus,Lesser prairie-chicken
Lesser prairie-chicken,family,Phasianidae,Lesser prairie-chicken
Lesser prairie-chicken,location,North America,Lesser prairie-chicken
Lesser prairie-chicken,location,United States,Lesser prairie-chicken
Lesser prairie-chicken,location,Mexico,Lesser prairie-chicken
Lesser prairie-chicken,conservationStatus,vulnerable,Lesser prairie-chicken
Lesser prairie-chicken,habitat,grasslands,Lesser prairie-chicken
Lesser prairie-chicken,diet,omnivorous,Lesser prairie-chicken
Lesser prairie-chicken,worksFor,None,Lesser prairie-chicken
Lesser prairie-chicken,memberOf,Phasianidae,Lesser prairie-chicken
Lesser prairie-chicken,gender,male,Lesser prairie-chicken
Lesser prairie-chicken,gender,female,Lesser prairie-chicken
Lesser prairie-chicken,gender,Male,Lesser prairie-chicken
Lesser prairie-chicken,gender,Female,Lesser prairie-chicken
Male Lesser prairie-chicken,instanceOf,Lesser prairie-chicken,Lesser prairie-chicken
Female Lesser prairie-chicken,instanceOf,Lesser prairie-chicken,Lesser prairie-chicken
subject,predicate,object,Krouna train accident
Krouna train accident,instanceOf,train accident,Krouna train accident
Krouna train accident,location,Krouna,Krouna train accident
Krouna,location,Pardubice District,Krouna train accident
Krouna train accident,datePublished,1960-11-14,Krouna train accident
Krouna train accident,organizer,Československé státní železnice,Krouna train accident
subject,predicate,object,NGC 4999
NGC 4999,instanceOf,Galaxy,NGC 4999
NGC 4999,name,NGC 4999,NGC 4999
NGC 4999,alternateName,UGC 8245,NGC 4999
NGC 4999,alternateName,PGC 45749,NGC 4999
NGC 4999,location,Fornax,NGC 4999
NGC 4999,genre,Spiral galaxy,NGC 4999
Brown-snouted blind snake,instanceOf,species,Brown-snouted blind snake
Brown-snouted blind snake,name,Brown-snouted blind snake,Brown-snouted blind snake
Brown-snouted blind snake,alternateName,Brachyrachis,Brown-snouted blind snake
Brown-snouted blind snake,alternateName,Leptotyphlops macropus,Brown-snouted blind snake
Brown-snouted blind snake,genus,Leptotyphlops,Brown-snouted blind snake
Brown-snouted blind snake,family,Typhlopidae,Brown-snouted blind snake
Brown-snouted blind snake,location,Africa,Brown-snouted blind snake
Never Worn White,instanceOf,Song,Never Worn White
Never Worn White,name,Never Worn White,Never Worn White
Never Worn White,genre,Pop,Never Worn White
Never Worn White,author,Katy Perry,Never Worn White
Never Worn White,creator,Katy Perry,Never Worn White
Never Worn White,datePublished,2020-02-14,Never Worn White
Never Worn White,organizer,Katy Perry,Never Worn White
2012 OFC Nations Cup final,instanceOf,sports tournament match,2012 OFC Nations Cup final
2012 OFC Nations Cup final,datePublished,2012,2012 OFC Nations Cup final
2012 OFC Nations Cup final,organizer,Oceania Football Confederation,2012 OFC Nations Cup final
2012 OFC Nations Cup final,location,New Zealand,2012 OFC Nations Cup final
2012 OFC Nations Cup final,genre,soccer,2012 OFC Nations Cup final
2012 OFC Nations Cup final,startDate,2012-06-26,2012 OFC Nations Cup final
2012 OFC Nations Cup final,endDate,2012-06-26,2012 OFC Nations Cup final
2012 OFC Nations Cup final,affiliation,Oceania Football Confederation,2012 OFC Nations Cup final
2012 OFC Nations Cup,instanceOf,sports tournament,2012 OFC Nations Cup final
2012 OFC Nations Cup final,parentOrganization,2012 OFC Nations Cup,2012 OFC Nations Cup final
subject,predicate,object,Louth Museum
Louth Museum,instanceOf,Museum,Louth Museum
Louth Museum,location,Louth,Louth Museum
Louth Museum,affiliation,Lincolnshire County Council,Louth Museum
Louth Museum,genre,Archaeology,Louth Museum
Louth Museum,genre,History,Louth Museum
Louth Museum,worksFor,Museum of Lincolnshire Life,Louth Museum
Louth Museum,dateCreated,1980,Louth Museum
subject,predicate,object,Vipera berus sachalinensis
Vipera berus sachalinensis,instanceOf,Vipera berus,Vipera berus sachalinensis
Vipera berus sachalinensis,instanceOf,subspecies,Vipera berus sachalinensis
Vipera berus sachalinensis,name,Vipera berus sachalinensis,Vipera berus sachalinensis
Vipera berus sachalinensis,alternateName,Sachalin adder,Vipera berus sachalinensis
Vipera berus sachalinensis,location,Sakhalin Island,Vipera berus sachalinensis
Vipera berus sachalinensis,location,Russia,Vipera berus sachalinensis
Vipera berus sachalinensis,genus,Vipera,Vipera berus sachalinensis
Vipera berus sachalinensis,family,Viperidae,Vipera berus sachalinensis
Marcell Ateman,instanceOf,Person,Marcell Ateman
Marcell Ateman,name,Marcell Ateman,Marcell Ateman
Marcell Ateman,givenName,Marcell,Marcell Ateman
Marcell Ateman,familyName,Ateman,Marcell Ateman
Marcell Ateman,nationality,Romanian,Marcell Ateman
Marcell Ateman,jobTitle,Rugby Union Player,Marcell Ateman
Marcell Ateman,worksFor,CSM București,Marcell Ateman
Marcell Ateman,affiliation,Romania national rugby union team,Marcell Ateman
Marcell Ateman,genre,Rugby Union,Marcell Ateman
Marcell Ateman,birthDate,1993-06-07,Marcell Ateman
Marcell Ateman,location,Romania,Marcell Ateman
Marcell Ateman,memberOf,Romania national rugby union team,Marcell Ateman
Marcell Ateman,worksFor,Timișoara,Marcell Ateman
subject,predicate,object,Australia at the 2018 Winter Olympics
Australia at the 2018 Winter Olympics,instanceOf,Olympic team,Australia at the 2018 Winter Olympics
Australia at the 2018 Winter Olympics,name,Australia at the 2018 Winter Olympics,Australia at the 2018 Winter Olympics
Australia at the 2018 Winter Olympics,alternateName,Aussie Team,Australia at the 2018 Winter Olympics
Australia at the 2018 Winter Olympics,startDate,2018-02-09,Australia at the 2018 Winter Olympics
Australia at the 2018 Winter Olympics,endDate,2018-02-25,Australia at the 2018 Winter Olympics
Australia at the 2018 Winter Olympics,organizer,International Olympic Committee,Australia at the 2018 Winter Olympics
Australia at the 2018 Winter Olympics,parentOrganization,Olympic Games,Australia at the 2018 Winter Olympics
Australia at the 2018 Winter Olympics,affiliation,Australian Olympic Committee,Australia at the 2018 Winter Olympics
Australia at the 2018 Winter Olympics,genre,Winter Olympics,Australia at the 2018 Winter Olympics
Australia at the 2018 Winter Olympics,worksFor,Australian Olympic Committee,Australia at the 2018 Winter Olympics
Australia at the 2018 Winter Olympics,memberOf,Olympic Games,Australia at the 2018 Winter Olympics
Australia at the 2018 Winter Olympics,founder,Australian Olympic Committee,Australia at the 2018 Winter Olympics
Australia at the 2018 Winter Olympics,datePublished,2018,Australia at the 2018 Winter Olympics
subject,predicate,object,2003 Sundance Film Festival
2003 Sundance Film Festival,instanceOf,Film Festival,2003 Sundance Film Festival
2003 Sundance Film Festival,name,2003 Sundance Film Festival,2003 Sundance Film Festival
2003 Sundance Film Festival,location,Sundance Mountain Resort,2003 Sundance Film Festival
2003 Sundance Film Festival,startDate,2003-01-16,2003 Sundance Film Festival
2003 Sundance Film Festival,endDate,2003-01-26,2003 Sundance Film Festival
2003 Sundance Film Festival,organizer,Sundance Institute,2003 Sundance Film Festival
2003 Sundance Film Festival,genre,Film,2003 Sundance Film Festival
subject,predicate,object,1971 Tour of Flanders
1971 Tour of Flanders,instanceOf,Tour of Flanders,1971 Tour of Flanders
1971 Tour of Flanders,datePublished,1971,1971 Tour of Flanders
1971 Tour of Flanders,organizer,Royal Cycling League,1971 Tour of Flanders
1971 Tour of Flanders,genre,One-day road cycling race,1971 Tour of Flanders
1971 Tour of Flanders,location,Belgium,1971 Tour of Flanders
1971 Tour of Flanders,startDate,1971-04-04,1971 Tour of Flanders
Update: More information might be available,but based on my current knowledge,these are the facts I can provide.,1971 Tour of Flanders
1971 Tour of Flanders,winner,Eddy Merckx,1971 Tour of Flanders
1971 Tour of Flanders,distance,266 km,1971 Tour of Flanders
1971 Tour of Flanders,participant,Eddy Merckx,1971 Tour of Flanders
subject,predicate,object,2022 Colombian presidential election
2022 Colombian presidential election,instanceOf,election,2022 Colombian presidential election
2022 Colombian presidential election,name,2022 Colombian presidential election,2022 Colombian presidential election
2022 Colombian presidential election,alternateName,2022 Colombian presidential vote,2022 Colombian presidential election
2022 Colombian presidential election,datePublished,2022,2022 Colombian presidential election
2022 Colombian presidential election,location,Colombia,2022 Colombian presidential election
2022 Colombian presidential election,genre,election,2022 Colombian presidential election
2022 Colombian presidential election,winner,Gustavo Petro,2022 Colombian presidential election
2022 Colombian presidential election,winner,Francia Márquez,2022 Colombian presidential election
2022 Colombian presidential election,vicePresident,Francia Márquez,2022 Colombian presidential election
2022 Colombian presidential election,candidate,Gustavo Petro,2022 Colombian presidential election
2022 Colombian presidential election,candidate,Rodolfo Hernández,2022 Colombian presidential election
2022 Colombian presidential election,candidate,Sergio Fajardo,2022 Colombian presidential election
2022 Colombian presidential election,candidate,Federico Gutiérrez,2022 Colombian presidential election
Wade Woodaz,instanceOf,Person,Wade Woodaz
Wade Woodaz,name,Wade Woodaz,Wade Woodaz
Wade Woodaz,givenName,Wade,Wade Woodaz
Wade Woodaz,familyName,Woodaz,Wade Woodaz
Wade Woodaz,jobTitle,Game Developer,Wade Woodaz
Wade Woodaz,worksFor,Ubisoft,Wade Woodaz
Wade Woodaz,affiliation,Ubisoft,Wade Woodaz
Wade Woodaz,genre,Video Game Development,Wade Woodaz
subject,predicate,object,2010 Rochdale Metropolitan Borough Council election
2010 Rochdale Metropolitan Borough Council election,instanceOf,election,2010 Rochdale Metropolitan Borough Council election
2010 Rochdale Metropolitan Borough Council election,name,2010 Rochdale Metropolitan Borough Council election,2010 Rochdale Metropolitan Borough Council election
2010 Rochdale Metropolitan Borough Council election,location,Rochdale Metropolitan Borough,2010 Rochdale Metropolitan Borough Council election
2010 Rochdale Metropolitan Borough Council election,datePublished,2010,2010 Rochdale Metropolitan Borough Council election
2010 Rochdale Metropolitan Borough Council election,organizer,Rochdale Metropolitan Borough Council,2010 Rochdale Metropolitan Borough Council election
2010 Rochdale Metropolitan Borough Council election,genre,local election,2010 Rochdale Metropolitan Borough Council election
2010 Rochdale Metropolitan Borough Council election,startDate,2010-05-06,2010 Rochdale Metropolitan Borough Council election
2010 Rochdale Metropolitan Borough Council election,endDate,2010-05-06,2010 Rochdale Metropolitan Borough Council election
subject,predicate,object,Djamel Ibouzidène
Djamel Ibouzidène,instanceOf,Person,Djamel Ibouzidène
Djamel Ibouzidène,givenName,Djamel,Djamel Ibouzidène
Djamel Ibouzidène,familyName,Ibouzidène,Djamel Ibouzidène
Djamel Ibouzidène,nationality,Algerian,Djamel Ibouzidène
Djamel Ibouzidène,jobTitle,Footballer,Djamel Ibouzidène
Djamel Ibouzidène,worksFor,JS Kabylie,Djamel Ibouzidène
Djamel Ibouzidène,birthDate,XXXX-XX-XX,Djamel Ibouzidène
Djamel Ibouzidène,location,Algeria,Djamel Ibouzidène
Djamel Ibouzidène,affiliation,Algerian football,Djamel Ibouzidène
subject,predicate,object,Arnold Juklerød
Arnold Juklerød,instanceOf,Person,Arnold Juklerød
Arnold Juklerød,name,Arnold Juklerød,Arnold Juklerød
Arnold Juklerød,givenName,Arnold,Arnold Juklerød
Arnold Juklerød,familyName,Juklerød,Arnold Juklerød
Arnold Juklerød,jobTitle,Politician,Arnold Juklerød
Arnold Juklerød,memberOf,Communist Party of Norway,Arnold Juklerød
Arnold Juklerød,worksFor,Norwegian Parliament,Arnold Juklerød
Arnold Juklerød,nationality,Norwegian,Arnold Juklerød
Arnold Juklerød,gender,Male,Arnold Juklerød
subject,predicate,object,1988 NCAA Division II football season
1988 NCAA Division II football season,instanceOf,NCAA Division II football season,1988 NCAA Division II football season
1988 NCAA Division II football season,startDate,1988,1988 NCAA Division II football season
1988 NCAA Division II football season,endDate,1988,1988 NCAA Division II football season
1988 NCAA Division II football season,organizer,NCAA,1988 NCAA Division II football season
1988 NCAA Division II football season,genre,sports season,1988 NCAA Division II football season
1988 NCAA Division II football season,affiliation,NCAA Division II,1988 NCAA Division II football season
Owston's Warehouse,instanceOf,Warehouse,Owston's Warehouse
Owston's Warehouse,name,Owston's Warehouse,Owston's Warehouse
Owston's Warehouse,location,England,Owston's Warehouse
Owston's Warehouse,location,United Kingdom,Owston's Warehouse
Owston's Warehouse,dateCreated,18th century,Owston's Warehouse
Owston's Warehouse,alternateName,Owston Warehouse,Owston's Warehouse
Owston's Warehouse,genre,Architecture,Owston's Warehouse
subject,predicate,object,North Carolina Highway 125
North Carolina Highway 125,instanceOf,Highway,North Carolina Highway 125
North Carolina Highway 125,name,North Carolina Highway 125,North Carolina Highway 125
North Carolina Highway 125,alternateName,NC 125,North Carolina Highway 125
North Carolina Highway 125,location,North Carolina,North Carolina Highway 125
North Carolina Highway 125,startDate,unknown,North Carolina Highway 125
North Carolina Highway 125,endDate,unknown,North Carolina Highway 125
North Carolina Highway 125,organizer,North Carolina Department of Transportation,North Carolina Highway 125
North Carolina Highway 125,length,x miles,North Carolina Highway 125
subject,predicate,object,Linlithgow Sheriff Court
Linlithgow Sheriff Court,instanceOf,Court,Linlithgow Sheriff Court
Linlithgow Sheriff Court,location,Linlithgow,Linlithgow Sheriff Court
Linlithgow Sheriff Court,affiliation,Scottish Courts and Tribunals Service,Linlithgow Sheriff Court
subject,predicate,object,Colin Lundstrum
Colin Lundstrum,instanceOf,Person,Colin Lundstrum
Colin Lundstrum,name,Colin Lundstrum,Colin Lundstrum
Colin Lundstrum,givenName,Colin,Colin Lundstrum
Colin Lundstrum,familyName,Lundstrum,Colin Lundstrum
Colin Lundstrum,jobTitle,Rugby Player,Colin Lundstrum
Colin Lundstrum,worksFor,Rugby Team,Colin Lundstrum
Colin Lundstrum,nationality,Australian,Colin Lundstrum
Colin Lundstrum,birthDate,1963-07-21,Colin Lundstrum
Colin Lundstrum,gender,Male,Colin Lundstrum
Colin Lundstrum,memberOf,Rugby Team,Colin Lundstrum
Jeanette Rodríguez,instanceOf,Actress,Jeanette Rodríguez (actress)
Jeanette Rodríguez,name,Jeanette Rodríguez,Jeanette Rodríguez (actress)
Jeanette Rodríguez,givenName,Jeanette,Jeanette Rodríguez (actress)
Jeanette Rodríguez,familyName,Rodríguez,Jeanette Rodríguez (actress)
Jeanette Rodríguez,nationality,Mexican,Jeanette Rodríguez (actress)
Jeanette Rodríguez,gender,Female,Jeanette Rodríguez (actress)
Jeanette Rodríguez,worksFor,Various TV shows and films,Jeanette Rodríguez (actress)
Jeanette Rodríguez,genre,Drama,Jeanette Rodríguez (actress)
Jeanette Rodríguez,genre,Comedy,Jeanette Rodríguez (actress)
Jeanette Rodríguez,birthDate,1977-09-18,Jeanette Rodríguez (actress)
subject,predicate,object,Pilagás Department
Pilagás Department,instanceOf,department,Pilagás Department
Pilagás Department,location,Argentina,Pilagás Department
Pilagás Department,location,Formosa Province,Pilagás Department
Pilagás Department,founder,unknown,Pilagás Department
Pilagás Department,parentOrganization,Formosa Province,Pilagás Department
Pilagás Department,startDate,unknown,Pilagás Department
Pilagás Department,endDate,unknown,Pilagás Department
Pilagás Department,dateCreated,unknown,Pilagás Department
Pilagás Department,datePublished,unknown,Pilagás Department
Pilagás Department,organizer,unknown,Pilagás Department
Pilagás Department,worksFor,unknown,Pilagás Department
Pilagás Department,genre,unknown,Pilagás Department
Pilagás Department,name,Pilagás Department,Pilagás Department
Pilagás Department,alternateName,Departamento Pilagás,Pilagás Department
Pilagás Department,location,Pilagás,Pilagás Department
Pilagás Department,affiliation,Government of Formosa Province,Pilagás Department
Pilagás Department,instanceOf,Administrative Division,Pilagás Department
Pilagás Department,location,Chaco Region,Pilagás Department
Pilagás Department,memberOf,List of departments of Argentina,Pilagás Department
White-headed wren,instanceOf,Wren,White-headed wren
White-headed wren,name,White-headed wren,White-headed wren
White-headed wren,alternateName,Whit-headed wren,White-headed wren
White-headed wren,genus,Troglodytes,White-headed wren
White-headed wren,family,Troglodytidae,White-headed wren
White-headed wren,location,Central America,White-headed wren
White-headed wren,location,South America,White-headed wren
White-headed wren,habitat,subtropical,White-headed wren
White-headed wren,species,T. leucophrys,White-headed wren
Gutsbezirk Reinhardswald,instanceOf,Gutsbezirk,Gutsbezirk Reinhardswald
Gutsbezirk Reinhardswald,location,Reinhardswald,Gutsbezirk Reinhardswald
Gutsbezirk Reinhardswald,parentOrganization,Land Hessen,Gutsbezirk Reinhardswald
Gutsbezirk Reinhardswald,affiliation,Regierungsbezirk Kassel,Gutsbezirk Reinhardswald
Gutsbezirk Reinhardswald,name,Gutsbezirk Reinhardswald,Gutsbezirk Reinhardswald
Gutsbezirk Reinhardswald,location,Germany,Gutsbezirk Reinhardswald
Gutsbezirk Reinhardswald,location,Hesse,Gutsbezirk Reinhardswald
Bembidion carolinense,instanceOf,Bembidion,Bembidion carolinense
Bembidion carolinense,name,Bembidion carolinense,Bembidion carolinense
Bembidion carolinense,genus,Bembidion,Bembidion carolinense
Bembidion carolinense,family,Carabidae,Bembidion carolinense
Bembidion carolinense,kingdom,Animalia,Bembidion carolinense
Bembidion carolinense,phylum,Arthropoda,Bembidion carolinense
Bembidion carolinense,class,Insecta,Bembidion carolinense
Bembidion carolinense,order,Coleoptera,Bembidion carolinense
Hardcore Never Dies,instanceOf,Music Album,Hardcore Never Dies
Hardcore Never Dies,name,Hardcore Never Dies,Hardcore Never Dies
Hardcore Never Dies,genre,Hardcore Punk,Hardcore Never Dies
Hardcore Never Dies,author,Various Artists,Hardcore Never Dies
Hardcore Never Dies,datePublished,2006,Hardcore Never Dies
subject,predicate,object,Georg Christoph Strattner
Georg Christoph Strattner,instanceOf,Person,Georg Christoph Strattner
Georg Christoph Strattner,givenName,Georg Christoph,Georg Christoph Strattner
Georg Christoph Strattner,familyName,Strattner,Georg Christoph Strattner
Georg Christoph Strattner,birthDate,1664-05-18,Georg Christoph Strattner
Georg Christoph Strattner,deathDate,1729-05-15,Georg Christoph Strattner
Georg Christoph Strattner,nationality,German,Georg Christoph Strattner
Georg Christoph Strattner,jobTitle,Composer,Georg Christoph Strattner
Georg Christoph Strattner,jobTitle,Organist,Georg Christoph Strattner
Georg Christoph Strattner,memberOf,Lutheran Church,Georg Christoph Strattner
subject,predicate,object,Anna Glasier
Anna Glasier,instanceOf,Person,Anna Glasier
Anna Glasier,name,Anna Glasier,Anna Glasier
Anna Glasier,givenName,Anna,Anna Glasier
Anna Glasier,familyName,Glasier,Anna Glasier
Anna Glasier,jobTitle,Professor,Anna Glasier
Anna Glasier,memberOf,Royal College of Obstetricians and Gynaecologists,Anna Glasier
Anna Glasier,affiliation,University of Edinburgh,Anna Glasier
Anna Glasier,nationality,British,Anna Glasier
Anna Glasier,worksFor,University of Edinburgh,Anna Glasier
Anna Glasier,instanceOf,Academic,Anna Glasier
Anna Glasier,location,Edinburgh,Anna Glasier
Anna Glasier,genre,Obstetrics,Anna Glasier
Anna Glasier,genre,Gynecology,Anna Glasier
subject,predicate,object,Lycosoura Artemis
Lycosoura Artemis,instanceOf,Goddess,Lycosoura Artemis
Lycosoura Artemis,name,Lycosoura Artemis,Lycosoura Artemis
Lycosoura Artemis,alternateName,Artemis,Lycosoura Artemis
Lycosoura Artemis,gender,Female,Lycosoura Artemis
Lycosoura Artemis,nationality,Greek,Lycosoura Artemis
Lycosoura Artemis,affiliation,Greek mythology,Lycosoura Artemis
Lycosoura Artemis,worksFor,Greek mythology,Lycosoura Artemis
Lycosoura Artemis,genre,Mythology,Lycosoura Artemis
Lycosoura Artemis,location,Lycosoura,Lycosoura Artemis
Lycosoura Artemis,creator,unknown,Lycosoura Artemis
Lycosoura Artemis,datePublished,unknown,Lycosoura Artemis
Lycosoura Artemis,location,Arcadia,Lycosoura Artemis
subject,predicate,object,Leh–Manali Highway
Leh–Manali Highway,instanceOf,Highway,Leh–Manali Highway
Leh–Manali Highway,name,Leh–Manali Highway,Leh–Manali Highway
Leh–Manali Highway,alternateName,Leh-Manali Road,Leh–Manali Highway
Leh–Manali Highway,location,Ladakh,Leh–Manali Highway
Leh–Manali Highway,location,Himachal Pradesh,Leh–Manali Highway
Leh–Manali Highway,startDate,1985,Leh–Manali Highway
Leh–Manali Highway,endDate,unknown,Leh–Manali Highway
Leh–Manali Highway,parentOrganization,Border Roads Organisation,Leh–Manali Highway
Leh–Manali Highway,worksFor,Indian Army,Leh–Manali Highway
Leh–Manali Highway,genre,Transportation,Leh–Manali Highway
Leh–Manali Highway,founder,Border Roads Organisation,Leh–Manali Highway
Leh–Manali Highway,affiliation,Ministry of Defence,Leh–Manali Highway
Leh–Manali Highway,dateCreated,1985,Leh–Manali Highway
Leh–Manali Highway,datePublished,unknown,Leh–Manali Highway
Leh–Manali Highway,organizer,Border Roads Organisation,Leh–Manali Highway
Leh–Manali Highway,author,unknown,Leh–Manali Highway
Leh–Manali Highway,creator,Border Roads Organisation,Leh–Manali Highway
Leh–Manali Highway,memberOf,Asian Highway Network,Leh–Manali Highway
Leh–Manali Highway,nationality,Indian,Leh–Manali Highway
Leh–Manali Highway,address,India,Leh–Manali Highway
Leh–Manali Highway,location,India,Leh–Manali Highway
Leucadendron salicifolium,instanceOf,Species,Leucadendron salicifolium
Leucadendron salicifolium,genus,Leucadendron,Leucadendron salicifolium
Leucadendron salicifolium,family,Proteaceae,Leucadendron salicifolium
Leucadendron salicifolium,nativeTo,South Africa,Leucadendron salicifolium
Leucadendron salicifolium,name,Leucadendron salicifolium,Leucadendron salicifolium
Leucadendron,genus,Leucadendron,Leucadendron salicifolium
Proteaceae,instanceOf,Family,Leucadendron salicifolium
Leucadendron,family,Proteaceae,Leucadendron salicifolium
Leucadendron salicifolium,classification,Angiosperms,Leucadendron salicifolium
Leucadendron salicifolium,classification,Eudicots,Leucadendron salicifolium
Leucadendron salicifolium,classification,Asterids,Leucadendron salicifolium
subject,predicate,object,Leucadendron salicifolium
subject,predicate,object,Jean Jaurès
Jean Jaurès,instanceOf,Person,Jean Jaurès
Jean Jaurès,name,Jean Jaurès,Jean Jaurès
Jean Jaurès,givenName,Jean,Jean Jaurès
Jean Jaurès,familyName,Jaurès,Jean Jaurès
Jean Jaurès,birthDate,1859-09-03,Jean Jaurès
Jean Jaurès,deathDate,1914-07-31,Jean Jaurès
Jean Jaurès,gender,Male,Jean Jaurès
Jean Jaurès,nationality,French,Jean Jaurès
Jean Jaurès,jobTitle,Politician,Jean Jaurès
Jean Jaurès,jobTitle,Journalist,Jean Jaurès
Jean Jaurès,memberOf,French Senate,Jean Jaurès
Jean Jaurès,memberOf,Chamber of Deputies,Jean Jaurès
Jean Jaurès,affiliation,French Section of the Workers' International,Jean Jaurès
Jean Jaurès,location,France,Jean Jaurès
Jean Jaurès,founder,L'Humanité,Jean Jaurès
Jean Jaurès,worksFor,La Dépêche,Jean Jaurès
Jean Jaurès,worksFor,Le Petit Parisien,Jean Jaurès
Jean Jaurès,author,several books on socialism and politics,Jean Jaurès
Jean Jaurès,creator,The Socialist Party,Jean Jaurès
Jean Jaurès,genre,Socialism,Jean Jaurès
Calpionellid,instanceOf,Family,Calpionellid
Calpionellid,name,Calpionellid,Calpionellid
Calpionellid,alternateName,Calpionellidae,Calpionellid
Calpionellidae,genre,Foraminifera,Calpionellid
subject,predicate,object,Sandro Puppo
Sandro Puppo,instanceOf,Person,Sandro Puppo
Sandro Puppo,givenName,Sandro,Sandro Puppo
Sandro Puppo,familyName,Puppo,Sandro Puppo
Sandro Puppo,birthDate,1919-03-21,Sandro Puppo
Sandro Puppo,deathDate,1981-01-28,Sandro Puppo
Sandro Puppo,nationality,Italian,Sandro Puppo
Sandro Puppo,jobTitle,Football manager,Sandro Puppo
Sandro Puppo,worksFor,Venezia F.C.,Sandro Puppo
Sandro Puppo,worksFor,Calcio Padova,Sandro Puppo
Sandro Puppo,worksFor,A.C. Milan,Sandro Puppo
Sandro Puppo,worksFor,Inter Milan,Sandro Puppo
Sandro Puppo,memberOf,Italy national football team,Sandro Puppo
Sandro Puppo,affiliation,Italian Football Federation,Sandro Puppo
subject,predicate,object,Anna Fontcuberta i Morral
Anna Fontcuberta i Morral,instanceOf,Person,Anna Fontcuberta i Morral
Anna Fontcuberta i Morral,givenName,Anna,Anna Fontcuberta i Morral
Anna Fontcuberta i Morral,familyName,Fontcuberta,Anna Fontcuberta i Morral
Anna Fontcuberta i Morral,alternateName,Anna Fontcuberta i Morral,Anna Fontcuberta i Morral
Anna Fontcuberta i Morral,nationality,Spanish,Anna Fontcuberta i Morral
Anna Fontcuberta i Morral,gender,Female,Anna Fontcuberta i Morral
Anna Fontcuberta i Morral,birthDate,?,Anna Fontcuberta i Morral
Anna Fontcuberta i Morral,jobTitle,?,Anna Fontcuberta i Morral
Anna Fontcuberta i Morral,affiliation,?,Anna Fontcuberta i Morral
subject,predicate,object,2023 Slough Borough Council election
2023 Slough Borough Council election,instanceOf,election,2023 Slough Borough Council election
2023 Slough Borough Council election,name,2023 Slough Borough Council election,2023 Slough Borough Council election
2023 Slough Borough Council election,location,Slough,2023 Slough Borough Council election
2023 Slough Borough Council election,datePublished,2023,2023 Slough Borough Council election
2023 Slough Borough Council election,organizer,Slough Borough Council,2023 Slough Borough Council election
2023 Slough Borough Council election,genre,local election,2023 Slough Borough Council election
Slough Borough Council,location,Slough,2023 Slough Borough Council election
Slough Borough Council,instanceOf,council,2023 Slough Borough Council election
subject,predicate,object,Wiener Gruppe
Wiener Gruppe,instanceOf,art movement,Wiener Gruppe
Wiener Gruppe,name,Wiener Gruppe,Wiener Gruppe
Wiener Gruppe,alternateName,Vienna Group,Wiener Gruppe
Wiener Gruppe,startDate,1956,Wiener Gruppe
Wiener Gruppe,location,Vienna,Wiener Gruppe
Wiener Gruppe,founder,Friedrich Achberger,Wiener Gruppe
Wiener Gruppe,founder,H.C. Artmann,Wiener Gruppe
Wiener Gruppe,founder,Konrad Bayer,Wiener Gruppe
Wiener Gruppe,founder,Norbert Wiener,Wiener Gruppe
Wiener Gruppe,founder,Oswald Wiener,Wiener Gruppe
Wiener Gruppe,memberOf,Friedrich Achberger,Wiener Gruppe
Wiener Gruppe,memberOf,H.C. Artmann,Wiener Gruppe
Wiener Gruppe,memberOf,Konrad Bayer,Wiener Gruppe
Wiener Gruppe,memberOf,Oswald Wiener,Wiener Gruppe
Wiener Gruppe,affiliation,Austrian literature,Wiener Gruppe
Wiener Gruppe,genre,experimental literature,Wiener Gruppe
Wiener Gruppe,genre,concrete poetry,Wiener Gruppe
subject,predicate,object,Hof HaSharon Regional Council
Hof HaSharon Regional Council,instanceOf,Regional Council,Hof HaSharon Regional Council
Hof HaSharon Regional Council,location,Israel,Hof HaSharon Regional Council
Hof HaSharon Regional Council,affiliation,Hof HaSharon,Hof HaSharon Regional Council
Hof HaSharon Regional Council,name,Hof HaSharon Regional Council,Hof HaSharon Regional Council
Hof HaSharon Regional Council,founder,Israel,Hof HaSharon Regional Council
Hof HaSharon Regional Council,parentOrganization,Israel,Hof HaSharon Regional Council
Hof HaSharon Regional Council,startDate,1953,Hof HaSharon Regional Council
Hof HaSharon Regional Council,worksFor,Israel,Hof HaSharon Regional Council
Hof HaSharon Regional Council,genre,Government,Hof HaSharon Regional Council
Hof HaSharon Regional Council,organizer,Hof HaSharon Regional Council,Hof HaSharon Regional Council
Cyprus Volleyball Division 1,instanceOf,sports league,Cyprus Volleyball Division 1
Cyprus Volleyball Division 1,name,Cyprus Volleyball Division 1,Cyprus Volleyball Division 1
Cyprus Volleyball Division 1,alternateName,Cyprus Volleyball Division One,Cyprus Volleyball Division 1
Cyprus Volleyball Division 1,location,Cyprus,Cyprus Volleyball Division 1
Cyprus Volleyball Division 1,organizer,Cyprus Volleyball Federation,Cyprus Volleyball Division 1
Cyprus Volleyball Division 1,startDate,unknown,Cyprus Volleyball Division 1
Cyprus Volleyball Division 1,genre,volleyball,Cyprus Volleyball Division 1
Cyprus Volleyball Division 1,parentOrganization,Cyprus Volleyball Federation,Cyprus Volleyball Division 1
subject,predicate,object,Johnny Test (2021 TV series)
subject,predicate,object,Munsey's Magazine
Munsey's Magazine,instanceOf,Magazine,Munsey's Magazine
Munsey's Magazine,name,Munsey's Magazine,Munsey's Magazine
Munsey's Magazine,alternateName,Munsey's,Munsey's Magazine
Munsey's Magazine,genre,Literary Magazine,Munsey's Magazine
Munsey's Magazine,founder,Frank Munsey,Munsey's Magazine
Munsey's Magazine,startDate,1894,Munsey's Magazine
Munsey's Magazine,endDate,1929,Munsey's Magazine
Munsey's Magazine,organizer,Frank Munsey,Munsey's Magazine
Munsey's Magazine,worksFor,Frank Munsey,Munsey's Magazine
Munsey's Magazine,affiliation,Munsey Publishing Company,Munsey's Magazine
Munsey's Magazine,location,New York City,Munsey's Magazine
Munsey's Magazine,nationality,American,Munsey's Magazine
Munsey's Magazine,dateCreated,1894,Munsey's Magazine
subject,predicate,object,Acer oligocarpum
Acer oligocarpum,instanceOf,Plant,Acer oligocarpum
Acer oligocarpum,name,Acer oligocarpum,Acer oligocarpum
Acer oligocarpum,genus,Acer,Acer oligocarpum
Acer oligocarpum,family,Sapindaceae,Acer oligocarpum
Acer oligocarpum,nativeLocation,Asia,Acer oligocarpum
Acer oligocarpum,genre,Tree,Acer oligocarpum
Acer oligocarpum,location,Forest,Acer oligocarpum
Acer,instanceOf,Genus,Acer oligocarpum
Acer,name,Acer,Acer oligocarpum
subject,predicate,object,Zenon Kasprzak
Zenon Kasprzak,instanceOf,Person,Zenon Kasprzak
Zenon Kasprzak,name,Zenon Kasprzak,Zenon Kasprzak
Zenon Kasprzak,givenName,Zenon,Zenon Kasprzak
Zenon Kasprzak,familyName,Kasprzak,Zenon Kasprzak
Zenon Kasprzak,nationality,Polish,Zenon Kasprzak
Zenon Kasprzak,jobTitle,cyclist,Zenon Kasprzak
Update,I was able to find some more,assuming he is a polish cyclist,Zenon Kasprzak
Zenon Kasprzak,birthDate,1949-03-28,Zenon Kasprzak
Zenon Kasprzak,worksFor,CCC-Sprandi-Polkowice,Zenon Kasprzak
subject,predicate,object,United Nations Security Council Resolution 1426
United Nations Security Council Resolution 1426,instanceOf,United Nations Security Council Resolution,United Nations Security Council Resolution 1426
United Nations Security Council Resolution 1426,name,United Nations Security Council Resolution 1426,United Nations Security Council Resolution 1426
United Nations Security Council Resolution 1426,datePublished,2002-07-05,United Nations Security Council Resolution 1426
United Nations Security Council Resolution 1426,organizer,United Nations Security Council,United Nations Security Council Resolution 1426
United Nations Security Council Resolution 1426,affiliation,United Nations,United Nations Security Council Resolution 1426
United Nations Security Council Resolution 1426,parentOrganization,United Nations Security Council,United Nations Security Council Resolution 1426
United Nations Security Council Resolution 1426,genre,UNSCR,United Nations Security Council Resolution 1426
Rajakilpakkam,instanceOf,neighborhood,Rajakilpakkam
Rajakilpakkam,location,Chennai,Rajakilpakkam
Rajakilpakkam,location,Tamil Nadu,Rajakilpakkam
Rajakilpakkam,location,India,Rajakilpakkam
Patagonian red octopus,instanceOf,octopus,Patagonian red octopus
Patagonian red octopus,name,Patagonian red octopus,Patagonian red octopus
Patagonian red octopus,alternateName,Patagonian octopus,Patagonian red octopus
Patagonian red octopus,genus,Enteroctopus,Patagonian red octopus
Patagonian red octopus,species,E. megalops,Patagonian red octopus
Patagonian red octopus,location,Patagonia,Patagonian red octopus
Patagonian red octopus,location,Argentina,Patagonian red octopus
Patagonian red octopus,location,Chile,Patagonian red octopus
Patagonian red octopus,genre,Marine life,Patagonian red octopus
subject,predicate,object,Ahmed Abbes
Ahmed Abbes,instanceOf,Person,Ahmed Abbes
Ahmed Abbes,name,Ahmed Abbes,Ahmed Abbes
Ahmed Abbes,givenName,Ahmed,Ahmed Abbes
Ahmed Abbes,familyName,Abbes,Ahmed Abbes
Ahmed Abbes,nationality,Tunisian,Ahmed Abbes
Ahmed Abbes,jobTitle,Mathematician,Ahmed Abbes
Ahmed Abbes,worksFor,University of Tunis,Ahmed Abbes
Ahmed Abbes,affiliation,CNRS,Ahmed Abbes
Ahmed Abbes,location,Tunis,Ahmed Abbes
Ahmed Abbes,birthDate,1970-01-01,Ahmed Abbes
Ahmed Abbes,gender,Male,Ahmed Abbes
Ahmed Abbes,memberOf,French Mathematical Society,Ahmed Abbes
Ahmed Abbes,organizer,Conference on Algebraic Geometry,Ahmed Abbes
subject,predicate,object,Thornton Carle Fry
Thornton Carle Fry,instanceOf,Person,Thornton Carle Fry
Thornton Carle Fry,givenName,Thornton,Thornton Carle Fry
Thornton Carle Fry,familyName,Fry,Thornton Carle Fry
Thornton Carle Fry,birthDate,1905-04-10,Thornton Carle Fry
Thornton Carle Fry,deathDate,1995-10-21,Thornton Carle Fry
Thornton Carle Fry,nationality,American,Thornton Carle Fry
Thornton Carle Fry,worksFor,Purdue University,Thornton Carle Fry
Thornton Carle Fry,worksFor,University of Wisconsin–Madison,Thornton Carle Fry
Thornton Carle Fry,affiliation,American Mathematical Society,Thornton Carle Fry
Thornton Carle Fry,memberOf,National Academy of Sciences,Thornton Carle Fry
Thornton Carle Fry,jobTitle,Mathematician,Thornton Carle Fry
Thornton Carle Fry,genre,Mathematics,Thornton Carle Fry
Thornton Carle Fry,location,United States,Thornton Carle Fry
Thornton Carle Fry,founder,Operations Research Society of America,Thornton Carle Fry
Wat Prasert Sutthawat,instanceOf,Temple,Wat Prasert Sutthawat
Wat Prasert Sutthawat,location,Bangkok,Wat Prasert Sutthawat
Wat Prasert Sutthawat,affiliation,Theravada Buddhism,Wat Prasert Sutthawat
Hatice Ozer Balli,instanceOf,Person,Hatice Ozer Balli
Hatice Ozer Balli,name,Hatice Ozer Balli,Hatice Ozer Balli
Hatice Ozer Balli,givenName,Hatice,Hatice Ozer Balli
Hatice Ozer Balli,familyName,Balli,Hatice Ozer Balli
Hatice Ozer Balli,nationality,Turkish,Hatice Ozer Balli
Hatice Ozer Balli,gender,Female,Hatice Ozer Balli
Hatice Ozer Balli,jobTitle,Kurdish rights activist,Hatice Ozer Balli
subject,predicate,object,George Desmond Hodnett
George Desmond Hodnett,instanceOf,Person,George Desmond Hodnett
George Desmond Hodnett,name,George Desmond Hodnett,George Desmond Hodnett
George Desmond Hodnett,givenName,George Desmond,George Desmond Hodnett
George Desmond Hodnett,familyName,Hodnett,George Desmond Hodnett
George Desmond Hodnett,nationality,Irish,George Desmond Hodnett
George Desmond Hodnett,worksFor,Irish Free State Civil Service,George Desmond Hodnett
George Desmond Hodnett,birthDate,1909-07-04,George Desmond Hodnett
George Desmond Hodnett,deathDate,1980-10-26,George Desmond Hodnett
George Desmond Hodnett,jobTitle,civil servant,George Desmond Hodnett
subject,predicate,object,2003–04 Georgia Tech Yellow Jackets men's basketball team
2003–04 Georgia Tech Yellow Jackets men's basketball team,instanceOf,basketball team,2003–04 Georgia Tech Yellow Jackets men's basketball team
2003–04 Georgia Tech Yellow Jackets men's basketball team,name,2003–04 Georgia Tech Yellow Jackets men's basketball team,2003–04 Georgia Tech Yellow Jackets men's basketball team
2003–04 Georgia Tech Yellow Jackets men's basketball team,affiliation,Georgia Institute of Technology,2003–04 Georgia Tech Yellow Jackets men's basketball team
2003–04 Georgia Tech Yellow Jackets men's basketball team,location,Atlanta,2003–04 Georgia Tech Yellow Jackets men's basketball team
2003–04 Georgia Tech Yellow Jackets men's basketball team,startDate,2003,2003–04 Georgia Tech Yellow Jackets men's basketball team
2003–04 Georgia Tech Yellow Jackets men's basketball team,endDate,2004,2003–04 Georgia Tech Yellow Jackets men's basketball team
2003–04 Georgia Tech Yellow Jackets men's basketball team,genre,basketball,2003–04 Georgia Tech Yellow Jackets men's basketball team
2003–04 Georgia Tech Yellow Jackets men's basketball team,worksFor,Atlantic Coast Conference,2003–04 Georgia Tech Yellow Jackets men's basketball team
Nyamiviridae,instanceOf,virus family,Nyamiviridae
Nyamiviridae,name,Nyamiviridae,Nyamiviridae
Nyamiviridae,genus,Nyamivirus,Nyamiviridae
Nyamiviridae,family,Rhabdoviridae,Nyamiviridae
Nyamiviridae,memberOf,Rhabdoviridae,Nyamiviridae
Nyamiviridae,location,Africa,Nyamiviridae
subject,predicate,object,Novo Celje Mansion
Novo Celje Mansion,instanceOf,Mansion,Novo Celje Mansion
Novo Celje Mansion,location,Slovenia,Novo Celje Mansion
Novo Celje Mansion,location,Celje,Novo Celje Mansion
Novo Celje Mansion,dateCreated,18th century,Novo Celje Mansion
Novo Celje Mansion,architect,Jožef Leyon,Novo Celje Mansion
Novo Celje Mansion,architect,Jan Kotulinski,Novo Celje Mansion
Novo Celje Mansion,affiliation,National Museum of Slovenia,Novo Celje Mansion
Novo Celje Mansion,worksFor,National Museum of Slovenia,Novo Celje Mansion
Novo Celje Mansion,genre,Baroque architecture,Novo Celje Mansion
Novo Celje Mansion,genre,Neoclassicism,Novo Celje Mansion
Novo Celje Mansion,name,Novo Celje Mansion,Novo Celje Mansion
Novo Celje Mansion,location,Novo Celje,Novo Celje Mansion
Novo Celje Mansion,startDate,1753,Novo Celje Mansion
Novo Celje Mansion,creator,Janez Baptist Puc,Novo Celje Mansion
Novo Celje Mansion,familyName,Auersberg,Novo Celje Mansion
Dwarf paradise fish,instanceOf,Fish,Dwarf paradise fish
Dwarf paradise fish,alternateName,Paradise fish,Dwarf paradise fish
Dwarf paradise fish,alternateName,Dwarf paradise gourami,Dwarf paradise fish
Dwarf paradise fish,genus,Macropinna,Dwarf paradise fish
Dwarf paradise fish,family,Osphronemidae,Dwarf paradise fish
Dwarf paradise fish,nativeLocation,Freshwater,Dwarf paradise fish
Dwarf paradise fish,habitat,Aquarium,Dwarf paradise fish
Dwarf paradise fish,size,Small,Dwarf paradise fish
Dwarf paradise fish,diet,Omnivorous,Dwarf paradise fish
Dwarf paradise fish,gender,Male,Dwarf paradise fish
Dwarf paradise fish,color,Blue,Dwarf paradise fish
Dwarf paradise fish,color,Yellow,Dwarf paradise fish
Dwarf paradise fish,breeding,Complex,Dwarf paradise fish
subject,predicate,object,Dwarf paradise fish
Dwarf paradise fish,location,Freshwater,Dwarf paradise fish
Dwarf paradise fish,genre,Aquarium fish,Dwarf paradise fish
Duchess Elisabeth Alexandrine of Mecklenburg-Schwerin,instanceOf,Duchess,Duchess Elisabeth Alexandrine of Mecklenburg-Schwerin
Duchess Elisabeth Alexandrine of Mecklenburg-Schwerin,name,Elisabeth Alexandrine,Duchess Elisabeth Alexandrine of Mecklenburg-Schwerin
Duchess Elisabeth Alexandrine of Mecklenburg-Schwerin,givenName,Elisabeth,Duchess Elisabeth Alexandrine of Mecklenburg-Schwerin
Duchess Elisabeth Alexandrine of Mecklenburg-Schwerin,familyName,Mecklenburg-Schwerin,Duchess Elisabeth Alexandrine of Mecklenburg-Schwerin
Duchess Elisabeth Alexandrine of Mecklenburg-Schwerin,birthDate,1836-08-04,Duchess Elisabeth Alexandrine of Mecklenburg-Schwerin
Duchess Elisabeth Alexandrine of Mecklenburg-Schwerin,deathDate,1865-12-20,Duchess Elisabeth Alexandrine of Mecklenburg-Schwerin
Duchess Elisabeth Alexandrine of Mecklenburg-Schwerin,gender,Female,Duchess Elisabeth Alexandrine of Mecklenburg-Schwerin
Duchess Elisabeth Alexandrine of Mecklenburg-Schwerin,nationality,German,Duchess Elisabeth Alexandrine of Mecklenburg-Schwerin
Duchess Elisabeth Alexandrine of Mecklenburg-Schwerin,memberOf,House of Mecklenburg-Schwerin,Duchess Elisabeth Alexandrine of Mecklenburg-Schwerin
Duchess Elisabeth Alexandrine of Mecklenburg-Schwerin,alternateName,Elisabeth Alexandrine von Mecklenburg-Schwerin,Duchess Elisabeth Alexandrine of Mecklenburg-Schwerin
Duchess Elisabeth Alexandrine of Mecklenburg-Schwerin,parentOrganization,Grand Duchy of Mecklenburg-Schwerin,Duchess Elisabeth Alexandrine of Mecklenburg-Schwerin
Duchess Elisabeth Alexandrine of Mecklenburg-Schwerin,location,Mecklenburg-Schwerin,Duchess Elisabeth Alexandrine of Mecklenburg-Schwerin
Duchess Elisabeth Alexandrine of Mecklenburg-Schwerin,creator,none,Duchess Elisabeth Alexandrine of Mecklenburg-Schwerin
Duchess Elisabeth Alexandrine of Mecklenburg-Schwerin,author,none,Duchess Elisabeth Alexandrine of Mecklenburg-Schwerin
Duchess Elisabeth Alexandrine of Mecklenburg-Schwerin,worksFor,none,Duchess Elisabeth Alexandrine of Mecklenburg-Schwerin
subject,predicate,object,Kaniama Airport
Kaniama Airport,instanceOf,Airport,Kaniama Airport
Kaniama Airport,location,Democratic Republic of the Congo,Kaniama Airport
Kaniama Airport,alternateName,Kaniama,Kaniama Airport
Kaniama Airport,affiliation,Air BC,Kaniama Airport
Kaniama Airport,location,Katanga Province,Kaniama Airport
subject,predicate,object,Bette Otto-Bliesner
Bette Otto-Bliesner,instanceOf,Person,Bette Otto-Bliesner
Bette Otto-Bliesner,givenName,Bette,Bette Otto-Bliesner
Bette Otto-Bliesner,familyName,Otto-Bliesner,Bette Otto-Bliesner
Bette Otto-Bliesner,nationality,American,Bette Otto-Bliesner
Bette Otto-Bliesner,jobTitle,Research Scientist,Bette Otto-Bliesner
Bette Otto-Bliesner,affiliation,National Center for Atmospheric Research,Bette Otto-Bliesner
Bette Otto-Bliesner,worksFor,National Center for Atmospheric Research,Bette Otto-Bliesner
Bette Otto-Bliesner,memberOf,American Geophysical Union,Bette Otto-Bliesner
Bette Otto-Bliesner,genre,Atmospheric Science,Bette Otto-Bliesner
subject,predicate,object,Thurnen railway station
Thurnen railway station,instanceOf,railway station,Thurnen railway station
Thurnen railway station,location,Thurnen,Thurnen railway station
Thurnen railway station,affiliation,Rhaetian Railway,Thurnen railway station
Thurnen railway station,parentOrganization,Rhaetian Railway,Thurnen railway station
Thurnen railway station,worksFor,Rhaetian Railway,Thurnen railway station
subject,predicate,object,St. Spyridon Choir
St. Spyridon Choir,instanceOf,Choir,St. Spyridon Choir
St. Spyridon Choir,name,St. Spyridon Choir,St. Spyridon Choir
St. Spyridon Choir,alternateName,St. Spyridon Serbian Orthodox Choir,St. Spyridon Choir
St. Spyridon Choir,location,New York,St. Spyridon Choir
St. Spyridon Choir,affiliation,Serbian Orthodox Church,St. Spyridon Choir
St. Spyridon Choir,genre,Sacred music,St. Spyridon Choir
St. Spyridon Choir,worksFor,St. Spyridon Serbian Orthodox Cathedral,St. Spyridon Choir
St. Spyridon Choir,organizer,Various,St. Spyridon Choir
St. Spyridon Choir,dateCreated,1950,St. Spyridon Choir
St. Spyridon Choir,founder,Father Nicholas Tkachuk,St. Spyridon Choir
subject,predicate,object,German submarine U-854
German submarine U-854,instanceOf,submarine,German submarine U-854
German submarine U-854,name,German submarine U-854,German submarine U-854
German submarine U-854,alternateName,U-854,German submarine U-854
German submarine U-854,affiliation,Kriegsmarine,German submarine U-854
German submarine U-854,jobTitle,Ship,German submarine U-854
German submarine U-854,location,Germany,German submarine U-854
German submarine U-854,location,Baltic Sea,German submarine U-854
German submarine U-854,startDate,1943-08-10,German submarine U-854
German submarine U-854,endDate,1944-05-31,German submarine U-854
German submarine U-854,creator,German Empire,German submarine U-854
German submarine U-854,worksFor,Kriegsmarine,German submarine U-854
German submarine U-854,genre,Military vessel,German submarine U-854
subject,predicate,object,Waste Connections of Canada
Waste Connections of Canada,instanceOf,Company,Waste Connections of Canada
Waste Connections of Canada,name,Waste Connections of Canada,Waste Connections of Canada
Waste Connections of Canada,alternateName,Waste Connections,Waste Connections of Canada
Waste Connections of Canada,affiliation,Waste Connections Ltd.,Waste Connections of Canada
Waste Connections of Canada,worksFor,Waste Management Industry,Waste Connections of Canada
Waste Connections of Canada,location,Canada,Waste Connections of Canada
Waste Connections of Canada,genre,Waste Management,Waste Connections of Canada
Waste Connections of Canada,parentOrganization,Waste Connections Ltd.,Waste Connections of Canada
Waste Connections of Canada,founder,James O. Wright,Waste Connections of Canada
Waste Connections Ltd.,founder,James O. Wright,Waste Connections of Canada
Waste Connections of Canada,startDate,1994,Waste Connections of Canada
Castle of Ugento,instanceOf,Castle,Castle of Ugento
Castle of Ugento,location,Ugento,Castle of Ugento
Castle of Ugento,location,Italy,Castle of Ugento
Castle of Ugento,dateCreated,14th century,Castle of Ugento
Castle of Ugento,location,Netherlands,Castle of Ugento
Castle of Ugento,alternateName,Otranto Castle,Castle of Ugento
Castle of Ugento,location,Otranto,Castle of Ugento
Castle of Ugento,dateCreated,15th century,Castle of Ugento
subject,predicate,object,Owen Wright (guitarist)
subject,predicate,object,Costa Verde (Peru)
subject,predicate,object,Wish You Were Here (Barbara Mandrell song)
subject,predicate,object,"Enfield, Victoria"
e.g. geographic information,demographic information,etc.,"Enfield, Victoria"
Sandy scops owl,instanceOf,owl species,Sandy scops owl
Sandy scops owl,name,Sandy scops owl,Sandy scops owl
Sandy scops owl,alternateName,Bubo sandycensis,Sandy scops owl
Sandy scops owl,genus,Bubo,Sandy scops owl
Sandy scops owl,family,Strigidae,Sandy scops owl
Sandy scops owl,location,North America,Sandy scops owl
Sandy scops owl,location,United States,Sandy scops owl
Sandy scops owl,datePublished,2013,Sandy scops owl
Sandy scops owl,instanceOf,species,Sandy scops owl
Sandy scops owl,creator,John Riis,Sandy scops owl
Sandy scops owl,worksFor,Ornithology,Sandy scops owl
Üç Şerefeli Mosque,instanceOf,Mosque,Üç Şerefeli Mosque
Üç Şerefeli Mosque,location,Edirne,Üç Şerefeli Mosque
Üç Şerefeli Mosque,location,Turkey,Üç Şerefeli Mosque
Üç Şerefeli Mosque,name,Üç Şerefeli Mosque,Üç Şerefeli Mosque
Üç Şerefeli Mosque,alternateName,Three Minarets Mosque,Üç Şerefeli Mosque
Üç Şerefeli Mosque,dateCreated,1447,Üç Şerefeli Mosque
Üç Şerefeli Mosque,architect,Mimar Sinan,Üç Şerefeli Mosque
Üç Şerefeli Mosque,worksFor,Islam,Üç Şerefeli Mosque
Üç Şerefeli Mosque,affiliation,Sunni Islam,Üç Şerefeli Mosque
Üç Şerefeli Mosque,genre,Architecture,Üç Şerefeli Mosque
Üç Şerefeli Mosque,genre,Ottoman architecture,Üç Şerefeli Mosque
Hayao Kawai,instanceOf,Person,Hayao Kawai
Hayao Kawai,name,Hayao Kawai,Hayao Kawai
Hayao Kawai,givenName,Hayao,Hayao Kawai
Hayao Kawai,familyName,Kawai,Hayao Kawai
Hayao Kawai,nationality,Japanese,Hayao Kawai
Hayao Kawai,birthDate,1936-01-08,Hayao Kawai
Hayao Kawai,deathDate,2021-05-30,Hayao Kawai
Hayao Kawai,jobTitle,Psychiatrist,Hayao Kawai
Hayao Kawai,jobTitle,Essayist,Hayao Kawai
Hayao Kawai,memberOf,Japanese Academy of Arts,Hayao Kawai
Hayao Kawai,affiliation,Tokyo University,Hayao Kawai
Hayao Kawai,worksFor,Tokyo University,Hayao Kawai
Hayao Kawai,location,Japan,Hayao Kawai
Hayao Kawai,location,Tokyo,Hayao Kawai
Hayao Kawai,author,The Psychology of the Unconscious,Hayao Kawai
Hayao Kawai,author,The Japanese Psyche,Hayao Kawai
Hayao Kawai,creator,""" Manga ""Kaze no Stigma"" character design",Hayao Kawai
subject,predicate,object,Tropical Storm Arlene (2011)
2009 World Rhythmic Gymnastics Championships,instanceOf,Championships,2009 World Rhythmic Gymnastics Championships
2009 World Rhythmic Gymnastics Championships,name,2009 World Rhythmic Gymnastics Championships,2009 World Rhythmic Gymnastics Championships
2009 World Rhythmic Gymnastics Championships,genre,Rhythmic Gymnastics,2009 World Rhythmic Gymnastics Championships
2009 World Rhythmic Gymnastics Championships,datePublished,2009,2009 World Rhythmic Gymnastics Championships
2009 World Rhythmic Gymnastics Championships,organizer,International Gymnastics Federation,2009 World Rhythmic Gymnastics Championships
2009 World Rhythmic Gymnastics Championships,location,"Tokyo, Japan",2009 World Rhythmic Gymnastics Championships
subject,predicate,object,Deerfield Dam
Deerfield Dam,instanceOf,Dam,Deerfield Dam
Deerfield Dam,location,England,Deerfield Dam
Deerfield Dam,location,Malvern Hills,Deerfield Dam
Deerfield Dam,startDate,1940,Deerfield Dam
Deerfield Dam,dateCreated,1940,Deerfield Dam
Deerfield Dam,parentOrganization,Severn Trent Water,Deerfield Dam
Deerfield Dam,worksFor,Severn Trent Water,Deerfield Dam
Kolpino railway station,instanceOf,railway station,Kolpino railway station
Kolpino railway station,location,Russia,Kolpino railway station
Kolpino railway station,affiliation,Oktyabrskaya Railway,Kolpino railway station
Kolpino railway station,name,Kolpino railway station,Kolpino railway station
Kolpino railway station,alternateName,Kolpino,Kolpino railway station
Swimming at the 2013 World Aquatics Championships – Men's 50 metre backstroke,instanceOf,Event,Swimming at the 2013 World Aquatics Championships – Men's 50 metre backstroke
Swimming at the 2013 World Aquatics Championships – Men's 50 metre backstroke,name,Swimming at the 2013 World Aquatics Championships – Men's 50 metre backstroke,Swimming at the 2013 World Aquatics Championships – Men's 50 metre backstroke
Swimming at the 2013 World Aquatics Championships – Men's 50 metre backstroke,genre,Swimming,Swimming at the 2013 World Aquatics Championships – Men's 50 metre backstroke
Swimming at the 2013 World Aquatics Championships – Men's 50 metre backstroke,organizer,2013 World Aquatics Championships,Swimming at the 2013 World Aquatics Championships – Men's 50 metre backstroke
Swimming at the 2013 World Aquatics Championships – Men's 50 metre backstroke,location,2013 World Aquatics Championships,Swimming at the 2013 World Aquatics Championships – Men's 50 metre backstroke
Swimming at the 2013 World Aquatics Championships – Men's 50 metre backstroke,datePublished,2013,Swimming at the 2013 World Aquatics Championships – Men's 50 metre backstroke
Swimming at the 2013 World Aquatics Championships – Men's 50 metre backstroke,startDate,2013,Swimming at the 2013 World Aquatics Championships – Men's 50 metre backstroke
Tibetan serin,instanceOf,bird,Tibetan serin
Tibetan serin,instanceOf,Serinus thibetanus,Tibetan serin
Tibetan serin,name,Tibetan serin,Tibetan serin
Tibetan serin,alternateName,Thibetan serin,Tibetan serin
Tibetan serin,alternateName,Serinus thibetanus,Tibetan serin
Tibetan serin,genus,Serinus,Tibetan serin
Tibetan serin,family,Fringillidae,Tibetan serin
Tibetan serin,location,Tibetan Plateau,Tibetan serin
Tibetan serin,location,India,Tibetan serin
Tibetan serin,location,Nepal,Tibetan serin
Tibetan serin,location,Bhutan,Tibetan serin
Tibetan serin,genre,Passeriformes,Tibetan serin
Tibetan serin,worksFor,no information,Tibetan serin
Raleigh DeGeer Amyx,instanceOf,Person,Raleigh DeGeer Amyx
Raleigh DeGeer Amyx,name,Raleigh DeGeer Amyx,Raleigh DeGeer Amyx
Raleigh DeGeer Amyx,givenName,Raleigh,Raleigh DeGeer Amyx
Raleigh DeGeer Amyx,familyName,Amyx,Raleigh DeGeer Amyx
Raleigh DeGeer Amyx,alternateName,Raleigh DeGeer Amyx,Raleigh DeGeer Amyx
Raleigh DeGeer Amyx,birthDate,1916-09-23,Raleigh DeGeer Amyx
Raleigh DeGeer Amyx,deathDate,2000-06-24,Raleigh DeGeer Amyx
Raleigh DeGeer Amyx,gender,Male,Raleigh DeGeer Amyx
Raleigh DeGeer Amyx,nationality,American,Raleigh DeGeer Amyx
Raleigh DeGeer Amyx,worksFor,United States Department of State,Raleigh DeGeer Amyx
Raleigh DeGeer Amyx,worksFor,Central Intelligence Agency,Raleigh DeGeer Amyx
Raleigh DeGeer Amyx,jobTitle,Intelligence Officer,Raleigh DeGeer Amyx
Raleigh DeGeer Amyx,memberOf,United States Foreign Service,Raleigh DeGeer Amyx
Raleigh DeGeer Amyx,affiliation,Central Intelligence Agency,Raleigh DeGeer Amyx
Raleigh DeGeer Amyx,location,United States,Raleigh DeGeer Amyx
subject,predicate,object,Gracie Mansion Gallery
Gracie Mansion Gallery,instanceOf,art gallery,Gracie Mansion Gallery
Gracie Mansion Gallery,location,Gracie Mansion,Gracie Mansion Gallery
Gracie Mansion Gallery,location,New York City,Gracie Mansion Gallery
Gracie Mansion Gallery,worksFor,New York City,Gracie Mansion Gallery
Gracie Mansion Gallery,genre,art,Gracie Mansion Gallery
Gracie Mansion Gallery,name,Gracie Mansion Gallery,Gracie Mansion Gallery
Gracie Mansion Gallery,alternateName,Gracie Mansion Art Gallery,Gracie Mansion Gallery
subject,predicate,object,Nagao Station (Kagawa)
subject,predicate,object,Crystal chemistry
Crystal chemistry,instanceOf,Field of study,Crystal chemistry
Crystal chemistry,name,Crystal chemistry,Crystal chemistry
Crystal chemistry,alternateName,Crystallography,Crystal chemistry
Crystal chemistry,genre,Chemistry,Crystal chemistry
Crystal chemistry,parentOrganization,International Union of Crystallography,Crystal chemistry
Crystal chemistry,affiliation,American Crystallographic Association,Crystal chemistry
subject,predicate,object,Tulane Green Wave women's basketball
Tulane Green Wave women's basketball,instanceOf,Basketball team,Tulane Green Wave women's basketball
Tulane Green Wave women's basketball,name,Tulane Green Wave women's basketball,Tulane Green Wave women's basketball
Tulane Green Wave women's basketball,affiliation,Tulane University,Tulane Green Wave women's basketball
Tulane Green Wave women's basketball,location,New Orleans,Tulane Green Wave women's basketball
Tulane Green Wave women's basketball,worksFor,Tulane University,Tulane Green Wave women's basketball
Tulane Green Wave women's basketball,genre,College basketball,Tulane Green Wave women's basketball
Tulane Green Wave women's basketball,memberOf,Conference USA,Tulane Green Wave women's basketball
Tulane Green Wave women's basketball,parentOrganization,Tulane University,Tulane Green Wave women's basketball
Martin Hume Johnson,instanceOf,Person,Martin Hume Johnson
Martin Hume Johnson,name,Martin Hume Johnson,Martin Hume Johnson
Martin Hume Johnson,givenName,Martin,Martin Hume Johnson
Martin Hume Johnson,familyName,Johnson,Martin Hume Johnson
Martin Hume Johnson,gender,Male,Martin Hume Johnson
Martin Hume Johnson,birthDate,1870-07-06,Martin Hume Johnson
Martin Hume Johnson,deathDate,1945-06-21,Martin Hume Johnson
Martin Hume Johnson,nationality,British,Martin Hume Johnson
Martin Hume Johnson,jobTitle,Rugby player,Martin Hume Johnson
Martin Hume Johnson,memberOf,England national rugby union team,Martin Hume Johnson
Martin Hume Johnson,worksFor,England national rugby union team,Martin Hume Johnson
Martin Hume Johnson,affiliation,Cambridge University,Martin Hume Johnson
Brackwede station,instanceOf,railway station,Brackwede station
Brackwede station,location,Germany,Brackwede station
Brackwede station,affiliation,Deutsche Bahn,Brackwede station
Brackwede station,worksFor,Deutsche Bahn,Brackwede station
Brackwede station,parentOrganization,Deutsche Bahn,Brackwede station
Brackwede station,name,Brackwede station,Brackwede station
Brackwede station,alternateName,Brackwede Bahnhof,Brackwede station
Brackwede station,startDate,1845,Brackwede station
Vila Real railway station,instanceOf,railway station,Vila Real railway station
Vila Real railway station,location,Vila Real,Vila Real railway station
Vila Real railway station,affiliation,Comboios de Portugal,Vila Real railway station
Vila Real railway station,worksFor,Comboios de Portugal,Vila Real railway station
Vila Real railway station,genre,transport infrastructure,Vila Real railway station
Vila Real railway station,name,Vila Real railway station,Vila Real railway station
Vila Real railway station,location,Portugal,Vila Real railway station
Vila Real railway station,location,Vila Real District,Vila Real railway station
Homocitrulline,instanceOf,Amino acid,Homocitrulline
Homocitrulline,name,Homocitrulline,Homocitrulline
Homocitrulline,alternateName,2-Amino-4-hydroxybutanoic acid,Homocitrulline
Homocitrulline,alternateName,2-Amino-4-hydroxybutyric acid,Homocitrulline
Homocitrulline,genre,Biochemistry,Homocitrulline
subject,predicate,object,Rocket.Chat
Rocket.Chat,instanceOf,Communication Platform,Rocket.Chat
Rocket.Chat,name,Rocket.Chat,Rocket.Chat
Rocket.Chat,alternateName,Rocket Chat,Rocket.Chat
Rocket.Chat,genre,Communication,Rocket.Chat
Rocket.Chat,genre,Collaboration,Rocket.Chat
Rocket.Chat,founder,Guilherme de Faria Martins,Rocket.Chat
Rocket.Chat,founder,Rafael Kalamat,Rocket.Chat
Rocket.Chat,founder,Rodrigo D Escobar,Rocket.Chat
Rocket.Chat,parentOrganization,Rocket.Chat Inc.,Rocket.Chat
Rocket.Chat,worksFor,Rocket.Chat Inc.,Rocket.Chat
Rocket.Chat,location,Brazil,Rocket.Chat
Rocket.Chat,dateCreated,2015,Rocket.Chat
Rocket.Chat,organizer,Rocket.Chat Team,Rocket.Chat
Rocket.Chat,affiliation,Open Source,Rocket.Chat
Rocket.Chat,nationality,Brazilian,Rocket.Chat
Rocket.Chat,website,https://rocket.chat/,Rocket.Chat
Rocket.Chat,platform,Web,Rocket.Chat
Rocket.Chat,platform,Mobile,Rocket.Chat
Rocket.Chat,programmingLanguage,JavaScript,Rocket.Chat
Rocket.Chat,license,MIT License,Rocket.Chat
Rocket.Chat,instanceOf,Open Source Software,Rocket.Chat
subject,predicate,object,Wyoming Game and Fish Department
Wyoming Game and Fish Department,instanceOf,Government Agency,Wyoming Game and Fish Department
Wyoming Game and Fish Department,name,Wyoming Game and Fish Department,Wyoming Game and Fish Department
Wyoming Game and Fish Department,alternateName,WGFD,Wyoming Game and Fish Department
Wyoming Game and Fish Department,affiliation,Wyoming,Wyoming Game and Fish Department
Wyoming Game and Fish Department,parentOrganization,Wyoming,Wyoming Game and Fish Department
Wyoming Game and Fish Department,worksFor,Wyoming,Wyoming Game and Fish Department
Wyoming Game and Fish Department,jobTitle,Department of Wildlife,Wyoming Game and Fish Department
Wyoming Game and Fish Department,location,Wyoming,Wyoming Game and Fish Department
Wyoming Game and Fish Department,founder,Wyoming Legislature,Wyoming Game and Fish Department
Wyoming Game and Fish Department,startDate,1913,Wyoming Game and Fish Department
Wyoming Game and Fish Department,organizer,Wyoming Conservation,Wyoming Game and Fish Department
Wyoming Game and Fish Department,genre,Conservation,Wyoming Game and Fish Department
Wyoming Game and Fish Department,memberOf,Association of Fish and Wildlife Agencies,Wyoming Game and Fish Department
Bayerisches Armeemuseum,instanceOf,Museum,Bayerisches Armeemuseum
Bayerisches Armeemuseum,name,Bayerisches Armeemuseum,Bayerisches Armeemuseum
Bayerisches Armeemuseum,location,Ingolstadt,Bayerisches Armeemuseum
Bayerisches Armeemuseum,affiliation,Bavarian Army,Bayerisches Armeemuseum
Bayerisches Armeemuseum,parentOrganization,Bavarian Ministry of Defence,Bayerisches Armeemuseum
Bayerisches Armeemuseum,dateCreated,1900,Bayerisches Armeemuseum
Bayerisches Armeemuseum,genre,Military history,Bayerisches Armeemuseum
Bayerisches Armeemuseum,worksFor,German Army,Bayerisches Armeemuseum
subject,predicate,object,Ismael Edwards Matte
Ismael Edwards Matte,instanceOf,Person,Ismael Edwards Matte
Ismael Edwards Matte,givenName,Ismael,Ismael Edwards Matte
Ismael Edwards Matte,familyName,Edwards Matte,Ismael Edwards Matte
Ismael Edwards Matte,name,Ismael Edwards Matte,Ismael Edwards Matte
Ismael Edwards Matte,nationality,Chilean,Ismael Edwards Matte
subject,predicate,object,Church of St. Elizabeth of Hungary in Łódź
Church of St. Elizabeth of Hungary in Łódź,instanceOf,Church,Church of St. Elizabeth of Hungary in Łódź
Church of St. Elizabeth of Hungary in Łódź,name,Church of St. Elizabeth of Hungary in Łódź,Church of St. Elizabeth of Hungary in Łódź
Church of St. Elizabeth of Hungary in Łódź,location,Łódź,Church of St. Elizabeth of Hungary in Łódź
Church of St. Elizabeth of Hungary in Łódź,affiliation,Catholic Church,Church of St. Elizabeth of Hungary in Łódź
Church of St. Elizabeth of Hungary in Łódź,founder,Franciscans,Church of St. Elizabeth of Hungary in Łódź
Church of St. Elizabeth of Hungary in Łódź,genre,Baroque,Church of St. Elizabeth of Hungary in Łódź
e.g. Łódź,Franciscans,etc.,Church of St. Elizabeth of Hungary in Łódź
Church of St. Elizabeth of Hungary in Łódź,alternateName,Kościół św. Elżbiety Węgielskiej w Łodzi,Church of St. Elizabeth of Hungary in Łódź
Church of St. Elizabeth of Hungary in Łódź,startDate,17th century,Church of St. Elizabeth of Hungary in Łódź
subject,predicate,object,Raoul Hyman
Raoul Hyman,instanceOf,Person,Raoul Hyman
Raoul Hyman,givenName,Raoul,Raoul Hyman
Raoul Hyman,familyName,Hyman,Raoul Hyman
Raoul Hyman,nationality,South African,Raoul Hyman
Raoul Hyman,worksFor,Investec,Raoul Hyman
Raoul Hyman,jobTitle,Professional,Raoul Hyman
subject,predicate,object,Ten Ren Tea
Ten Ren Tea,instanceOf,Tea Company,Ten Ren Tea
Ten Ren Tea,name,Ten Ren's Tea,Ten Ren Tea
Ten Ren Tea,alternateName,Ten Ren Tea,Ten Ren Tea
Ten Ren Tea,location,Taiwan,Ten Ren Tea
Ten Ren Tea,founder,Yu-Ziang Hsu,Ten Ren Tea
Ten Ren Tea,startDate,1983,Ten Ren Tea
Ten Ren Tea,genre,Tea,Ten Ren Tea
Ten Ren Tea,worksFor,Yu-Ziang Hsu,Ten Ren Tea
Ten Ren Tea,affiliation,Taiwan Tea Association,Ten Ren Tea
Ten Ren Tea,nationality,Taiwanese,Ten Ren Tea
Never Never (TV series),instanceOf,TV series,Never Never (TV series)
Never Never (TV series),name,Never Never,Never Never (TV series)
Never Never (TV series),alternateName,Never Never TV series,Never Never (TV series)
Never Never (TV series),genre,Drama,Never Never (TV series)
Never Never (TV series),genre,Thriller,Never Never (TV series)
Never Never (TV series),creator,Ciaran Donnelly,Never Never (TV series)
Never Never (TV series),organizer,BBC One,Never Never (TV series)
Never Never (TV series),affiliation,BBC One,Never Never (TV series)
Never Never (TV series),location,United Kingdom,Never Never (TV series)
Never Never (TV series),datePublished,2020,Never Never (TV series)
Never Never (TV series),startDate,2020-01-12,Never Never (TV series)
Never Never (TV series),memberOf,BBC 2020 schedule,Never Never (TV series)
Never Never (TV series),author,Lucy Benjamin,Never Never (TV series)
Never Never (TV series),author,Kate O'Riordan,Never Never (TV series)
Llansantffraid railway station,instanceOf,railway station,Llansantffraid railway station
Llansantffraid railway station,location,Llansantffraid,Llansantffraid railway station
Llansantffraid railway station,parentOrganization,Transport for Wales,Llansantffraid railway station
Llansantffraid railway station,worksFor,Arriva Trains Wales,Llansantffraid railway station
Llansantffraid railway station,worksFor,Great Western Railway,Llansantffraid railway station
Llansantffraid railway station,startDate,1868,Llansantffraid railway station
Llansantffraid railway station,endDate,1963,Llansantffraid railway station
Llansantffraid railway station,dateCreated,1868,Llansantffraid railway station
Llansantffraid railway station,affiliation,Cambrian Railways,Llansantffraid railway station
Llansantffraid railway station,genre,railway station,Llansantffraid railway station
Llansantffraid railway station,datePublished,1981,Llansantffraid railway station
Llansantffraid railway station,organizer,Llanfair Caereithin Railway,Llansantffraid railway station
subject,predicate,object,Henriette Hansen (handballer)
The Adventures of Nicholas Nickleby,instanceOf,Novel,The Adventures of Nicholas Nickleby
The Adventures of Nicholas Nickleby,name,The Adventures of Nicholas Nickleby,The Adventures of Nicholas Nickleby
The Adventures of Nicholas Nickleby,author,Charles Dickens,The Adventures of Nicholas Nickleby
The Adventures of Nicholas Nickleby,genre,Picaresque novel,The Adventures of Nicholas Nickleby
The Adventures of Nicholas Nickleby,datePublished,1839,The Adventures of Nicholas Nickleby
The Adventures of Nicholas Nickleby,creator,Charles Dickens,The Adventures of Nicholas Nickleby
The Adventures of Nicholas Nickleby,alternateName,Nicholas Nickleby,The Adventures of Nicholas Nickleby
The Adventures of Nicholas Nickleby,organizer,Chapman & Hall,The Adventures of Nicholas Nickleby
subject,predicate,object,Serikbolsyn Abdildin
Serikbolsyn Abdildin,instanceOf,Person,Serikbolsyn Abdildin
Serikbolsyn Abdildin,name,Serikbolsyn Abdildin,Serikbolsyn Abdildin
Serikbolsyn Abdildin,givenName,Serikbolsyn,Serikbolsyn Abdildin
Serikbolsyn Abdildin,familyName,Abdildin,Serikbolsyn Abdildin
Serikbolsyn Abdildin,nationality,Kazakh,Serikbolsyn Abdildin
Serikbolsyn Abdildin,jobTitle,Politician,Serikbolsyn Abdildin
Serikbolsyn Abdildin,memberOf,Parliament of Kazakhstan,Serikbolsyn Abdildin
Serikbolsyn Abdildin,affiliation,Communist Party of Kazakhstan,Serikbolsyn Abdildin
Serikbolsyn Abdildin,birthDate,1950-01-01,Serikbolsyn Abdildin
subject,predicate,object,Luis González Maté
Luis González Maté,instanceOf,Person,Luis González Maté
Luis González Maté,name,Luis González Maté,Luis González Maté
Luis González Maté,givenName,Luis,Luis González Maté
Luis González Maté,familyName,González Maté,Luis González Maté
Luis González Maté,nationality,Spanish,Luis González Maté
Luis González Maté,jobTitle,Historian,Luis González Maté
Luis González Maté,worksFor,University of Zaragoza,Luis González Maté
Luis González Maté,birthDate,XXX,Luis González Maté
Luis González Maté,deathDate,XXX,Luis González Maté
Luis González Maté,gender,Male,Luis González Maté
2011–12 Harvard Crimson men's basketball team,instanceOf,basketball team,2011–12 Harvard Crimson men's basketball team
2011–12 Harvard Crimson men's basketball team,name,2011–12 Harvard Crimson men's basketball team,2011–12 Harvard Crimson men's basketball team
2011–12 Harvard Crimson men's basketball team,affiliation,Harvard Crimson,2011–12 Harvard Crimson men's basketball team
2011–12 Harvard Crimson men's basketball team,location,Harvard University,2011–12 Harvard Crimson men's basketball team
2011–12 Harvard Crimson men's basketball team,startDate,2011,2011–12 Harvard Crimson men's basketball team
2011–12 Harvard Crimson men's basketball team,endDate,2012,2011–12 Harvard Crimson men's basketball team
2011–12 Harvard Crimson men's basketball team,genre,basketball,2011–12 Harvard Crimson men's basketball team
2011–12 Harvard Crimson men's basketball team,memberOf,Ivy League,2011–12 Harvard Crimson men's basketball team
2011–12 Harvard Crimson men's basketball team,worksFor,Harvard University,2011–12 Harvard Crimson men's basketball team
Dorothea Waley Singer,instanceOf,Person,Dorothea Waley Singer
Dorothea Waley Singer,name,Dorothea Waley Singer,Dorothea Waley Singer
Dorothea Waley Singer,givenName,Dorothea,Dorothea Waley Singer
Dorothea Waley Singer,familyName,Singer,Dorothea Waley Singer
Dorothea Waley Singer,alternateName,Dorothea Waley-Cohen Singer,Dorothea Waley Singer
Dorothea Waley Singer,birthDate,1947,Dorothea Waley Singer
Dorothea Waley Singer,gender,Female,Dorothea Waley Singer
Dorothea Waley Singer,nationality,American,Dorothea Waley Singer
Dorothea Waley Singer,affiliation,Princeton University,Dorothea Waley Singer
Dorothea Waley Singer,worksFor,Princeton University,Dorothea Waley Singer
Dorothea Waley Singer,jobTitle,Professor,Dorothea Waley Singer
Dorothea Waley Singer,location,United States,Dorothea Waley Singer
subject,predicate,object,E. Talbot Donaldson
E. Talbot Donaldson,instanceOf,Person,E. Talbot Donaldson
E. Talbot Donaldson,givenName,E.,E. Talbot Donaldson
E. Talbot Donaldson,familyName,Donaldson,E. Talbot Donaldson
E. Talbot Donaldson,name,E. Talbot Donaldson,E. Talbot Donaldson
E. Talbot Donaldson,jobTitle,Scholar,E. Talbot Donaldson
E. Talbot Donaldson,jobTitle,Translator,E. Talbot Donaldson
E. Talbot Donaldson,worksFor,Princeton University,E. Talbot Donaldson
E. Talbot Donaldson,affiliation,Medieval Studies,E. Talbot Donaldson
E. Talbot Donaldson,nationality,American,E. Talbot Donaldson
E. Talbot Donaldson,gender,Male,E. Talbot Donaldson
E. Talbot Donaldson,birthDate,1918-01-01,E. Talbot Donaldson
E. Talbot Donaldson,deathDate,1996-01-01,E. Talbot Donaldson
E. Talbot Donaldson,instanceOf,Author,E. Talbot Donaldson
E. Talbot Donaldson,author,The Vision of Courtly Love,E. Talbot Donaldson
E. Talbot Donaldson,author,The Canterbury Tales,E. Talbot Donaldson
E. Talbot Donaldson,creator,The Complete Canterbury Tales,E. Talbot Donaldson
E. Talbot Donaldson,translator,The Song of Roland,E. Talbot Donaldson
E. Talbot Donaldson,worksFor,Yale University,E. Talbot Donaldson
E. Talbot Donaldson,memberOf,American Academy of Arts and Sciences,E. Talbot Donaldson
E. Talbot Donaldson,organizer,Medieval Studies Conference,E. Talbot Donaldson
Ross Barkley,instanceOf,Soccer Player,Ross Barkley
Ross Barkley,name,Ross Barkley,Ross Barkley
Ross Barkley,givenName,Ross,Ross Barkley
Ross Barkley,familyName,Barkley,Ross Barkley
Ross Barkley,birthDate,1993-12-11,Ross Barkley
Ross Barkley,nationality,English,Ross Barkley
Ross Barkley,position,Midfielder,Ross Barkley
Ross Barkley,worksFor,Chelsea FC,Ross Barkley
Ross Barkley,worksFor,Everton FC,Ross Barkley
Ross Barkley,memberOf,England national football team,Ross Barkley
Ross Barkley,affiliation,Liverpool,Ross Barkley
Ross Barkley,location,Liverpool,Ross Barkley
subject,predicate,object,Ross Barkley
Ross Barkley,gender,Male,Ross Barkley
Ross Barkley,jobTitle,Midfielder,Ross Barkley
Judo at the 2023 Pan American Games – Women's 63 kg,instanceOf,Judo competition,Judo at the 2023 Pan American Games – Women's 63 kg
Judo at the 2023 Pan American Games – Women's 63 kg,name,Judo at the 2023 Pan American Games – Women's 63 kg,Judo at the 2023 Pan American Games – Women's 63 kg
Judo at the 2023 Pan American Games – Women's 63 kg,genre,Judo,Judo at the 2023 Pan American Games – Women's 63 kg
Judo at the 2023 Pan American Games – Women's 63 kg,location,2023 Pan American Games,Judo at the 2023 Pan American Games – Women's 63 kg
Judo at the 2023 Pan American Games – Women's 63 kg,organizer,Pan American Judo Confederation,Judo at the 2023 Pan American Games – Women's 63 kg
Judo at the 2023 Pan American Games – Women's 63 kg,datePublished,2023,Judo at the 2023 Pan American Games – Women's 63 kg
Judo at the 2023 Pan American Games – Women's 63 kg,startDate,2023-10-28,Judo at the 2023 Pan American Games – Women's 63 kg
Judo at the 2023 Pan American Games – Women's 63 kg,endDate,2023-10-28,Judo at the 2023 Pan American Games – Women's 63 kg
Judo at the 2023 Pan American Games – Women's 63 kg,location,Santiago,Judo at the 2023 Pan American Games – Women's 63 kg
Judo at the 2023 Pan American Games – Women's 63 kg,affiliation,International Judo Federation,Judo at the 2023 Pan American Games – Women's 63 kg
1995–96 Arkansas Razorbacks men's basketball team,instanceOf,sports team,1995–96 Arkansas Razorbacks men's basketball team
1995–96 Arkansas Razorbacks men's basketball team,name,1995–96 Arkansas Razorbacks men's basketball team,1995–96 Arkansas Razorbacks men's basketball team
1995–96 Arkansas Razorbacks men's basketball team,location,Arkansas,1995–96 Arkansas Razorbacks men's basketball team
1995–96 Arkansas Razorbacks men's basketball team,affiliation,University of Arkansas,1995–96 Arkansas Razorbacks men's basketball team
1995–96 Arkansas Razorbacks men's basketball team,startDate,1995,1995–96 Arkansas Razorbacks men's basketball team
1995–96 Arkansas Razorbacks men's basketball team,endDate,1996,1995–96 Arkansas Razorbacks men's basketball team
1995–96 Arkansas Razorbacks men's basketball team,genre,basketball,1995–96 Arkansas Razorbacks men's basketball team
1995–96 Arkansas Razorbacks men's basketball team,organizer,Nolan Richardson,1995–96 Arkansas Razorbacks men's basketball team
1995–96 Arkansas Razorbacks men's basketball team,worksFor,Southeastern Conference,1995–96 Arkansas Razorbacks men's basketball team
Anne Buttimer,instanceOf,Person,Anne Buttimer
Anne Buttimer,name,Anne Buttimer,Anne Buttimer
Anne Buttimer,givenName,Anne,Anne Buttimer
Anne Buttimer,familyName,Buttimer,Anne Buttimer
Anne Buttimer,birthDate,1938-06-30,Anne Buttimer
Anne Buttimer,deathDate,2017-12-15,Anne Buttimer
Anne Buttimer,gender,Female,Anne Buttimer
Anne Buttimer,nationality,Irish,Anne Buttimer
Anne Buttimer,affiliation,National University of Ireland,Anne Buttimer
Anne Buttimer,jobTitle,Professor,Anne Buttimer
Anne Buttimer,memberOf,Royal Irish Academy,Anne Buttimer
Anne Buttimer,worksFor,University College Dublin,Anne Buttimer
Anne Buttimer,location,Ireland,Anne Buttimer
Anne Buttimer,location,United States,Anne Buttimer
Anne Buttimer,creator,A Theme for Discussion,Anne Buttimer
Anne Buttimer,author,The Geography of the Imagination,Anne Buttimer
Anne Buttimer,author,Cities and the Human Spirit,Anne Buttimer
Anne Buttimer,founder,Society for Humanistic Geography,Anne Buttimer
Anne Buttimer,organizer,International Geographical Union,Anne Buttimer
Anne Buttimer,parentOrganization,International Geographical Union,Anne Buttimer
Anne Buttimer,instanceOf,Geographer,Anne Buttimer
Anne Buttimer,genre,Humanistic Geography,Anne Buttimer
Anne Buttimer,genre,Urban Geography,Anne Buttimer
Anne Buttimer,award,The Royal Geographical Society's Gold Medal,Anne Buttimer
