subject,predicate,object,subject_name
"Fokino, Bryansk Oblast",instanceOf,City,"Fokino, Bryansk Oblast"
"Fokino, Bryansk Oblast",locatedIn,Bryansk Oblast,"Fokino, Bryansk Oblast"
"Fokino, Bryansk Oblast",population,30678,"Fokino, Bryansk Oblast"
"Fokino, Bryansk Oblast",postalCode,245211,"Fokino, Bryansk Oblast"
"Fokino, Bryansk Oblast",timeZone,MSK,"Fokino, Bryansk Oblast"
"Fokino, Bryansk Oblast",area,36.03299999999999,"Fokino, Bryansk Oblast"
"Fokino, Bryansk Oblast",latitude,51.74444444,"Fokino, Bryansk Oblast"
"Fokino, Bryansk Oblast",longitude,37.33333333,"Fokino, Bryansk Oblast"
"Fokino, Bryansk Oblast",established,1934-07-01,"Fokino, Bryansk Oblast"
"Fokino, Bryansk Oblast",mayor,Vladimir Petrovich Kopylov,"Fokino, Bryansk Oblast"
"Fokino, Bryansk Oblast",website,fokino.bryansk-region.ru,"Fokino, Bryansk Oblast"
"Fokino, Bryansk Oblast",railwayStation,Fokino railway station,"Fokino, Bryansk Oblast"
"Fokino, Bryansk Oblast",industries,Manufacturing,"Fokino, Bryansk Oblast"
"Fokino, Bryansk Oblast",partOf,Bryansk Region,"Fokino, Bryansk Oblast"
"Fokino, Bryansk Oblast",river,Fokina River,"Fokino, Bryansk Oblast"
"Fokino, Bryansk Oblast",distanceToMoscow,510 km,"Fokino, Bryansk Oblast"
"Fokino, Bryansk Oblast",distanceToBryansk,80 km,"Fokino, Bryansk Oblast"
"Fokino, Bryansk Oblast",demonym,Fokinites,"Fokino, Bryansk Oblast"
"Fokino, Bryansk Oblast",areaCode,4813,"Fokino, Bryansk Oblast"
"Fokino, Bryansk Oblast",officialLanguage,Russian,"Fokino, Bryansk Oblast"
Little Brosna River,instanceOf,River,Little Brosna River
Little Brosna River,flowsThrough,County Galway,Little Brosna River
Little Brosna River,flowsThrough,County Roscommon,Little Brosna River
Little Brosna River,flowsThrough,County Sligo,Little Brosna River
Little Brosna River,flowsThrough,County Leitrim,Little Brosna River
Little Brosna River,length,24 km,Little Brosna River
Little Brosna River,source,Knockadoon Lough,Little Brosna River
Little Brosna River,mouth,Sturge River,Little Brosna River
Little Brosna River,watersInto,Atlantic Ocean,Little Brosna River
Little Brosna River,catchmentArea,61.9 km²,Little Brosna River
Little Brosna River,region,Ireland,Little Brosna River
Little Brosna River,county,Galway,Little Brosna River
Little Brosna River,county,Roscommon,Little Brosna River
Little Brosna River,county,Sligo,Little Brosna River
Little Brosna River,county,Leitrim,Little Brosna River
Little Brosna River,geologicalFormation,Limestone,Little Brosna River
Little Brosna River,landUse,Agriculture,Little Brosna River
Little Brosna River,landUse,Tourism,Little Brosna River
Little Brosna River,biodiversity,Salmon,Little Brosna River
Little Brosna River,biodiversity,Brown Trout,Little Brosna River
Little Brosna River,biodiversity,Eel,Little Brosna River
Little Brosna River,biodiversity,Otter,Little Brosna River
Little Brosna River,biodiversity,Kingfisher,Little Brosna River
Little Brosna River,biodiversity,Dipper,Little Brosna River
Little Brosna River,historicalSignificance,Traditional fishing,Little Brosna River
Little Brosna River,historicalSignificance,Transportation,Little Brosna River
Little Brosna River,riverType,Fast flowing,Little Brosna River
Little Brosna River,riverType,Perennial,Little Brosna River
Little Brosna River,latitude,53.5741° N,Little Brosna River
Little Brosna River,longitude,-8.2388° W,Little Brosna River
Survivor: Kaôh Rōng,instanceOf,Reality Television Series,Survivor: Kaôh Rōng
Survivor: Kaôh Rōng,broadcastBy,CBS,Survivor: Kaôh Rōng
Survivor: Kaôh Rōng,networkPremiere,"September 26, 2014",Survivor: Kaôh Rōng
Survivor: Kaôh Rōng,location,Malaysia,Survivor: Kaôh Rōng
Survivor: Kaôh Rōng,host,Jeff Probst,Survivor: Kaôh Rōng
Survivor: Kaôh Rōng,winner,Tyson Apostol,Survivor: Kaôh Rōng
Survivor: Kaôh Rōng,runnerUp,Woo Un Pae,Survivor: Kaôh Rōng
Survivor: Kaôh Rōng,thirdPlace,Dean Kowalski,Survivor: Kaôh Rōng
Survivor: Kaôh Rōng,contestants,Tyson Apostol,Survivor: Kaôh Rōng
Survivor: Kaôh Rōng,contestants,Woo Un Pae,Survivor: Kaôh Rōng
Survivor: Kaôh Rōng,contestants,Dean Kowalski,Survivor: Kaôh Rōng
Survivor: Kaôh Rōng,contestants,Kim Spradlin,Survivor: Kaôh Rōng
Survivor: Kaôh Rōng,contestants,Natalie Anderson,Survivor: Kaôh Rōng
Survivor: Kaôh Rōng,contestants,Jt Thomas,Survivor: Kaôh Rōng
Survivor: Kaôh Rōng,contestants,Michael Jacobi,Survivor: Kaôh Rōng
Survivor: Kaôh Rōng,contestants,Sabrina Bacon,Survivor: Kaôh Rōng
Survivor: Kaôh Rōng,contestants,Andrea Hiestor,Survivor: Kaôh Rōng
Survivor: Kaôh Rōng,contestants,Jeremy Collins,Survivor: Kaôh Rōng
Survivor: Kaôh Rōng,contestants,Adam Klein,Survivor: Kaôh Rōng
Survivor: Kaôh Rōng,contestants,Michele Fitzgerald,Survivor: Kaôh Rōng
Survivor: Kaôh Rōng,contestants,Chris Noble,Survivor: Kaôh Rōng
Survivor: Kaôh Rōng,challenges,Tree-Climbing Challenge,Survivor: Kaôh Rōng
Survivor: Kaôh Rōng,challenges,Blindfolded Navigation,Survivor: Kaôh Rōng
Survivor: Kaôh Rōng,challenges,Water Jug Challenge,Survivor: Kaôh Rōng
Survivor: Kaôh Rōng,challenges,Puzzle Challenge,Survivor: Kaôh Rōng
Survivor: Kaôh Rōng,challenges,Immunity Challenge,Survivor: Kaôh Rōng
Survivor: Kaôh Rōng,themes,Tribalism,Survivor: Kaôh Rōng
Survivor: Kaôh Rōng,themes,Social Dynamics,Survivor: Kaôh Rōng
Survivor: Kaôh Rōng,themes,Strategic Gameplay,Survivor: Kaôh Rōng
Jorge Verstrynge,instanceOf,Software Engineer,Jorge Verstrynge
Jorge Verstrynge,instanceOf,Developer,Jorge Verstrynge
Jorge Verstrynge,worksAt,Google,Jorge Verstrynge
Jorge Verstrynge,worksAt,Google X,Jorge Verstrynge
Jorge Verstrynge,studiedAt,Delft University of Technology,Jorge Verstrynge
Jorge Verstrynge,studiedMajor,Computer Science,Jorge Verstrynge
Jorge Verstrynge,githubUsername,jverstrynge,Jorge Verstrynge
Jorge Verstrynge,linkedinProfile,https://www.linkedin.com/in/jverstrynge/,Jorge Verstrynge
Jorge Verstrynge,blog,https://jverstrynge.com/,Jorge Verstrynge
Jorge Verstrynge,contributedTo,TensorFlow,Jorge Verstrynge
Jorge Verstrynge,contributedTo,Python,Jorge Verstrynge
Jorge Verstrynge,contributedTo,Go,Jorge Verstrynge
Jorge Verstrynge,interests,Machine Learning,Jorge Verstrynge
Jorge Verstrynge,interests,Artificial Intelligence,Jorge Verstrynge
Jorge Verstrynge,interests,Data Science,Jorge Verstrynge
Jorge Verstrynge,location,Mountain View,Jorge Verstrynge
Jorge Verstrynge,location,California,Jorge Verstrynge
Jorge Verstrynge,birthDate,1986-03-16,Jorge Verstrynge
Jorge Verstrynge,nationality,Dutch,Jorge Verstrynge
Jorge Verstrynge,education,Bachelor of Science,Jorge Verstrynge
Jorge Verstrynge,education,Delft University of Technology,Jorge Verstrynge
Jorge Verstrynge,githubRepository,https://github.com/jverstrynge,Jorge Verstrynge
Jorge Verstrynge,website,https://jverstrynge.com,Jorge Verstrynge
Jorge Verstrynge,email,jverstrynge@gmail.com,Jorge Verstrynge
Bhoomidevi Pushpiniyayi,instanceOf,Indian classical dancer,Bhoomidevi Pushpiniyayi
Bhoomidevi Pushpiniyayi,bornIn,Kerala,Bhoomidevi Pushpiniyayi
Bhoomidevi Pushpiniyayi,profession,Kathakali dancer,Bhoomidevi Pushpiniyayi
Bhoomidevi Pushpiniyayi,trainedUnder,Kalamandalam Kuthumanayunni,Bhoomidevi Pushpiniyayi
Bhoomidevi Pushpiniyayi,trainedUnder,Kalamandalam Kalyanikutty,Bhoomidevi Pushpiniyayi
Bhoomidevi Pushpiniyayi,performedIn,Kerala Kalamandalam,Bhoomidevi Pushpiniyayi
Bhoomidevi Pushpiniyayi,performedIn,Thrissur Kalamandalam,Bhoomidevi Pushpiniyayi
Bhoomidevi Pushpiniyayi,style,Kathakali,Bhoomidevi Pushpiniyayi
Bhoomidevi Pushpiniyayi,knownFor,Expressive performance,Bhoomidevi Pushpiniyayi
Bhoomidevi Pushpiniyayi,knownFor,Graceful movements,Bhoomidevi Pushpiniyayi
Bhoomidevi Pushpiniyayi,awards,Kerala State Award,Bhoomidevi Pushpiniyayi
Bhoomidevi Pushpiniyayi,awards,Kerala Sansad Award,Bhoomidevi Pushpiniyayi
Bhoomidevi Pushpiniyayi,deathDate,2018-03-24,Bhoomidevi Pushpiniyayi
Bhoomidevi Pushpiniyayi,deathPlace,Thiruvananthapuram,Bhoomidevi Pushpiniyayi
Bhoomidevi Pushpiniyayi,father,Pushpiniyayi,Bhoomidevi Pushpiniyayi
Bhoomidevi Pushpiniyayi,mother,Pattari,Bhoomidevi Pushpiniyayi
SM UB-74,instanceOf,Vehicle,SM UB-74
SM UB-74,type,Truck,SM UB-74
SM UB-74,manufacturer,Scania,SM UB-74
SM UB-74,model,R730,SM UB-74
SM UB-74,yearOfManufacture,2023,SM UB-74
SM UB-74,engineType,Diesel,SM UB-74
SM UB-74,fuelType,Diesel,SM UB-74
SM UB-74,maximumPayload,20000 kg,SM UB-74
SM UB-74,maximumGrossWeight,40000 kg,SM UB-74
SM UB-74,wheelConfiguration,6x4,SM UB-74
SM UB-74,transmissionType,Automatic,SM UB-74
SM UB-74,axleConfiguration,Single Rear Axle,SM UB-74
SM UB-74,length,10.5 meters,SM UB-74
SM UB-74,width,2.5 meters,SM UB-74
SM UB-74,height,3.8 meters,SM UB-74
SM UB-74,horsepower,380 hp,SM UB-74
SM UB-74,torque,1600 Nm,SM UB-74
SM UB-74,intendedUse,Heavy Transport,SM UB-74
SM UB-74,countryOfOrigin,Sweden,SM UB-74
Counter-Terrorism and Border Security Act 2019,instanceOf,Legislation,Counter-Terrorism and Border Security Act 2019
Counter-Terrorism and Border Security Act 2019,aimsTo,Enhance national security,Counter-Terrorism and Border Security Act 2019
Counter-Terrorism and Border Security Act 2019,aimsTo,Strengthen border controls,Counter-Terrorism and Border Security Act 2019
Counter-Terrorism and Border Security Act 2019,aimsTo,Combat terrorism,Counter-Terrorism and Border Security Act 2019
Counter-Terrorism and Border Security Act 2019,effectiveDate,2019-07-27,Counter-Terrorism and Border Security Act 2019
Counter-Terrorism and Border Security Act 2019,impacts,Australian law enforcement,Counter-Terrorism and Border Security Act 2019
Counter-Terrorism and Border Security Act 2019,impacts,Immigration processes,Counter-Terrorism and Border Security Act 2019
Counter-Terrorism and Border Security Act 2019,impacts,Intelligence gathering,Counter-Terrorism and Border Security Act 2019
Counter-Terrorism and Border Security Act 2019,relatedTo,National Security Legislation Amendment (Foreign Intelligence and Surveillance) Act 2018,Counter-Terrorism and Border Security Act 2019
Counter-Terrorism and Border Security Act 2019,relatedTo,Australian Security Intelligence Organisation (ASIO) Act 1979,Counter-Terrorism and Border Security Act 2019
Counter-Terrorism and Border Security Act 2019,relatedTo,Department of Home Affairs,Counter-Terrorism and Border Security Act 2019
Counter-Terrorism and Border Security Act 2019,governs,Visa applications,Counter-Terrorism and Border Security Act 2019
Counter-Terrorism and Border Security Act 2019,governs,Passenger movement,Counter-Terrorism and Border Security Act 2019
Counter-Terrorism and Border Security Act 2019,governs,Border surveillance,Counter-Terrorism and Border Security Act 2019
Counter-Terrorism and Border Security Act 2019,introducedBy,Government of Australia,Counter-Terrorism and Border Security Act 2019
Counter-Terrorism and Border Security Act 2019,sponsoredBy,Home Affairs Minister,Counter-Terrorism and Border Security Act 2019
Counter-Terrorism and Border Security Act 2019,partOf,Australian legislative framework,Counter-Terrorism and Border Security Act 2019
Counter-Terrorism and Border Security Act 2019,influencedBy,Terrorist attacks in Australia,Counter-Terrorism and Border Security Act 2019
Counter-Terrorism and Border Security Act 2019,influencedBy,International counter-terrorism efforts,Counter-Terrorism and Border Security Act 2019
Counter-Terrorism and Border Security Act 2019,requires,Risk assessments,Counter-Terrorism and Border Security Act 2019
Counter-Terrorism and Border Security Act 2019,requires,Data sharing,Counter-Terrorism and Border Security Act 2019
Counter-Terrorism and Border Security Act 2019,allows,Increased surveillance powers,Counter-Terrorism and Border Security Act 2019
Counter-Terrorism and Border Security Act 2019,addresses,Radicalization,Counter-Terrorism and Border Security Act 2019
Counter-Terrorism and Border Security Act 2019,addresses,Extremist ideologies,Counter-Terrorism and Border Security Act 2019
Counter-Terrorism and Border Security Act 2019,impacts,Civil liberties,Counter-Terrorism and Border Security Act 2019
Counter-Terrorism and Border Security Act 2019,subjectTo,Judicial oversight,Counter-Terrorism and Border Security Act 2019
Counter-Terrorism and Border Security Act 2019,subjectTo,Parliamentary scrutiny,Counter-Terrorism and Border Security Act 2019
Counter-Terrorism and Border Security Act 2019,enforcedBy,Australian Border Force,Counter-Terrorism and Border Security Act 2019
Counter-Terrorism and Border Security Act 2019,enforcedBy,Customs and Border Protection Service,Counter-Terrorism and Border Security Act 2019
Counter-Terrorism and Border Security Act 2019,amendedBy,Subsequent legislation,Counter-Terrorism and Border Security Act 2019
Counter-Terrorism and Border Security Act 2019,consideredIn,Parliamentary debates,Counter-Terrorism and Border Security Act 2019
Counter-Terrorism and Border Security Act 2019,consideredIn,Public consultations,Counter-Terrorism and Border Security Act 2019
Counter-Terrorism and Border Security Act 2019,relatedTo,Biosecurity measures,Counter-Terrorism and Border Security Act 2019
Counter-Terrorism and Border Security Act 2019,relatedTo,National security agencies,Counter-Terrorism and Border Security Act 2019
Counter-Terrorism and Border Security Act 2019,relatedTo,Law enforcement agencies,Counter-Terrorism and Border Security Act 2019
Counter-Terrorism and Border Security Act 2019,impacts,International relations,Counter-Terrorism and Border Security Act 2019
Counter-Terrorism and Border Security Act 2019,impacts,Travel restrictions,Counter-Terrorism and Border Security Act 2019
Counter-Terrorism and Border Security Act 2019,impacts,Detention policies,Counter-Terrorism and Border Security Act 2019
Counter-Terrorism and Border Security Act 2019,isBasedOn,Existing counter-terrorism laws,Counter-Terrorism and Border Security Act 2019
Counter-Terrorism and Border Security Act 2019,isBasedOn,International counter-terrorism standards,Counter-Terrorism and Border Security Act 2019
USS Lorain (PF-93),instanceOf,United States Navy ship,USS Lorain (PF-93)
USS Lorain (PF-93),commissioned,1944,USS Lorain (PF-93)
USS Lorain (PF-93),decommissioned,1945,USS Lorain (PF-93)
USS Lorain (PF-93),servedIn,World War II,USS Lorain (PF-93)
USS Lorain (PF-93),type,Patrol boat,USS Lorain (PF-93)
USS Lorain (PF-93),homePort,"Lorain, Ohio",USS Lorain (PF-93)
USS Lorain (PF-93),manufacturer,Sun Shipbuilding and Drydock Company,USS Lorain (PF-93)
USS Lorain (PF-93),length,150 feet,USS Lorain (PF-93)
USS Lorain (PF-93),displacement,79 long tons,USS Lorain (PF-93)
USS Lorain (PF-93),crewSize,60,USS Lorain (PF-93)
USS Lorain (PF-93),armament,"4 20mm guns, 4 machine guns",USS Lorain (PF-93)
USS Lorain (PF-93),commanders,Lieutenant Commander Robert E. Smith,USS Lorain (PF-93)
USS Lorain (PF-93),assignedTo,Norwegian Navy (1946-1959),USS Lorain (PF-93)
USS Lorain (PF-93),sold,1959,USS Lorain (PF-93)
USS Lorain (PF-93),currentStatus,Preserved as a museum ship,USS Lorain (PF-93)
USS Lorain (PF-93),location,"Lorain County Naval & Military Park, Lorain, Ohio",USS Lorain (PF-93)
USS Lorain (PF-93),hullNumber,PF-93,USS Lorain (PF-93)
USS Lorain (PF-93),namedAfter,"Lorain, Ohio",USS Lorain (PF-93)
USS Lorain (PF-93),class,Patrol Boat,USS Lorain (PF-93)
USS Lorain (PF-93),speed,16 knots,USS Lorain (PF-93)
USS Lorain (PF-93),propulsion,Single shaft diesel engine,USS Lorain (PF-93)
USS Lorain (PF-93),berth,"South Bay, California",USS Lorain (PF-93)
Ministry of Justice (Niger),instanceOf,Government Ministry,Ministry of Justice (Niger)
Ministry of Justice (Niger),locatedIn,Niger,Ministry of Justice (Niger)
Ministry of Justice (Niger),responsibleFor,Legal Affairs,Ministry of Justice (Niger)
Ministry of Justice (Niger),responsibleFor,Criminal Justice System,Ministry of Justice (Niger)
Ministry of Justice (Niger),responsibleFor,Civil Justice System,Ministry of Justice (Niger)
Ministry of Justice (Niger),responsibleFor,Prison System,Ministry of Justice (Niger)
Ministry of Justice (Niger),responsibleFor,Legal Reform,Ministry of Justice (Niger)
Ministry of Justice (Niger),headedBy,Minister of Justice (Niger),Ministry of Justice (Niger)
Ministry of Justice (Niger),established,1960,Ministry of Justice (Niger)
Ministry of Justice (Niger),partOf,Government of Niger,Ministry of Justice (Niger)
Ministry of Justice (Niger),website,https://www.justice.gov.ni/,Ministry of Justice (Niger)
Ministry of Justice (Niger),address,"Niamey, Niger",Ministry of Justice (Niger)
Ministry of Justice (Niger),budget,Approximately $15 million USD (estimated),Ministry of Justice (Niger)
Ministry of Justice (Niger),staff,Approximately 500 employees,Ministry of Justice (Niger)
Ministry of Justice (Niger),legalSystem,Civil Law,Ministry of Justice (Niger)
Ministry of Justice (Niger),jurisdiction,Entire Niger,Ministry of Justice (Niger)
Ministry of Justice (Niger),relatedTo,Courts of Niger,Ministry of Justice (Niger)
Ministry of Justice (Niger),relatedTo,Judges of Niger,Ministry of Justice (Niger)
Ministry of Justice (Niger),relatedTo,Lawyers of Niger,Ministry of Justice (Niger)
Ministry of Justice (Niger),relatedTo,Legal Professionals of Niger,Ministry of Justice (Niger)
Ministry of Justice (Niger),enforces,Niger's laws,Ministry of Justice (Niger)
Ministry of Justice (Niger),coordinatesWith,National Police of Niger,Ministry of Justice (Niger)
Ministry of Justice (Niger),coordinatesWith,Prosecutor's Office (Niger),Ministry of Justice (Niger)
Ministry of Justice (Niger),coordinatesWith,Bar Association of Niger,Ministry of Justice (Niger)
Ministry of Justice (Niger),worksTo,Uphold the rule of law,Ministry of Justice (Niger)
Ministry of Justice (Niger),worksTo,Ensure justice for all citizens,Ministry of Justice (Niger)
Ministry of Justice (Niger),worksTo,Combat crime,Ministry of Justice (Niger)
Ministry of Justice (Niger),worksTo,Promote legal awareness,Ministry of Justice (Niger)
Ministry of Justice (Niger),facesChallenges,Corruption,Ministry of Justice (Niger)
Ministry of Justice (Niger),facesChallenges,Limited resources,Ministry of Justice (Niger)
Ministry of Justice (Niger),facesChallenges,Lack of infrastructure,Ministry of Justice (Niger)
Ministry of Justice (Niger),facesChallenges,Capacity building needs,Ministry of Justice (Niger)
Ministry of Justice (Niger),relatedTo,Legal Aid Services (Niger),Ministry of Justice (Niger)
Ministry of Justice (Niger),relatedTo,Human Rights Commission (Niger),Ministry of Justice (Niger)
Ministry of Justice (Niger),relatedTo,Constitutional Council (Niger),Ministry of Justice (Niger)
Ministry of Justice (Niger),relatedTo,National Assembly (Niger),Ministry of Justice (Niger)
Ministry of Justice (Niger),relatedTo,President of Niger,Ministry of Justice (Niger)
Ministry of Justice (Niger),relatedTo,Prime Minister of Niger,Ministry of Justice (Niger)
Ministry of Justice (Niger),relatedTo,Local Governments (Niger),Ministry of Justice (Niger)
Ministry of Justice (Niger),relatedTo,Civil Society Organizations (Niger),Ministry of Justice (Niger)
Ministry of Justice (Niger),relatedTo,International Organizations (Niger),Ministry of Justice (Niger)
Ministry of Justice (Niger),relatedTo,African Union,Ministry of Justice (Niger)
Ministry of Justice (Niger),relatedTo,United Nations,Ministry of Justice (Niger)
Ministry of Justice (Niger),relatedTo,European Union,Ministry of Justice (Niger)
Ministry of Justice (Niger),relatedTo,United States,Ministry of Justice (Niger)
Ministry of Justice (Niger),relatedTo,France,Ministry of Justice (Niger)
2016 FIFA U-17 Women's World Cup,hostCountry,Brazil,2016 FIFA U-17 Women's World Cup
2016 FIFA U-17 Women's World Cup,startDate,"October 13, 2016",2016 FIFA U-17 Women's World Cup
2016 FIFA U-17 Women's World Cup,endDate,"November 5, 2016",2016 FIFA U-17 Women's World Cup
2016 FIFA U-17 Women's World Cup,numberOfTeams,Twenty-four,2016 FIFA U-17 Women's World Cup
2016 FIFA U-17 Women's World Cup,venue,Brazil,2016 FIFA U-17 Women's World Cup
2016 FIFA U-17 Women's World Cup,organizer,FIFA,2016 FIFA U-17 Women's World Cup
2016 FIFA U-17 Women's World Cup,instanceOf,Soccer Tournament,2016 FIFA U-17 Women's World Cup
2016 FIFA U-17 Women's World Cup,instanceOf,Sports Event,2016 FIFA U-17 Women's World Cup
2016 FIFA U-17 Women's World Cup,instanceOf,International Competition,2016 FIFA U-17 Women's World Cup
2016 FIFA U-17 Women's World Cup,instanceOf,Football Tournament,2016 FIFA U-17 Women's World Cup
2016 FIFA U-17 Women's World Cup,winner,Spain,2016 FIFA U-17 Women's World Cup
2016 FIFA U-17 Women's World Cup,runnerUp,Nigeria,2016 FIFA U-17 Women's World Cup
2016 FIFA U-17 Women's World Cup,thirdPlace,Colombia,2016 FIFA U-17 Women's World Cup
2016 FIFA U-17 Women's World Cup,fourthPlace,South Korea,2016 FIFA U-17 Women's World Cup
2016 FIFA U-17 Women's World Cup,matchDay1,"October 13, 2016",2016 FIFA U-17 Women's World Cup
2016 FIFA U-17 Women's World Cup,matchDay2,"October 14, 2016",2016 FIFA U-17 Women's World Cup
2016 FIFA U-17 Women's World Cup,matchDay3,"October 15, 2016",2016 FIFA U-17 Women's World Cup
2016 FIFA U-17 Women's World Cup,matchDay4,"October 16, 2016",2016 FIFA U-17 Women's World Cup
2016 FIFA U-17 Women's World Cup,matchDay5,"October 17, 2016",2016 FIFA U-17 Women's World Cup
2016 FIFA U-17 Women's World Cup,matchDay6,"October 18, 2016",2016 FIFA U-17 Women's World Cup
2016 FIFA U-17 Women's World Cup,matchDay7,"October 19, 2016",2016 FIFA U-17 Women's World Cup
2016 FIFA U-17 Women's World Cup,matchDay8,"October 20, 2016",2016 FIFA U-17 Women's World Cup
2016 FIFA U-17 Women's World Cup,matchDay9,"October 21, 2016",2016 FIFA U-17 Women's World Cup
2016 FIFA U-17 Women's World Cup,matchDay10,"October 22, 2016",2016 FIFA U-17 Women's World Cup
2016 FIFA U-17 Women's World Cup,matchDay11,"October 23, 2016",2016 FIFA U-17 Women's World Cup
2016 FIFA U-17 Women's World Cup,matchDay12,"October 24, 2016",2016 FIFA U-17 Women's World Cup
2016 FIFA U-17 Women's World Cup,matchDay13,"October 25, 2016",2016 FIFA U-17 Women's World Cup
2016 FIFA U-17 Women's World Cup,matchDay14,"October 26, 2016",2016 FIFA U-17 Women's World Cup
2016 FIFA U-17 Women's World Cup,matchDay15,"October 27, 2016",2016 FIFA U-17 Women's World Cup
2016 FIFA U-17 Women's World Cup,matchDay16,"October 28, 2016",2016 FIFA U-17 Women's World Cup
2016 FIFA U-17 Women's World Cup,finalMatch,"November 5, 2016",2016 FIFA U-17 Women's World Cup
2016 FIFA U-17 Women's World Cup,semiFinal1,"November 3, 2016",2016 FIFA U-17 Women's World Cup
2016 FIFA U-17 Women's World Cup,semiFinal2,"November 3, 2016",2016 FIFA U-17 Women's World Cup
2016 FIFA U-17 Women's World Cup,quarterFinal1,"October 31, 2016",2016 FIFA U-17 Women's World Cup
2016 FIFA U-17 Women's World Cup,quarterFinal2,"October 31, 2016",2016 FIFA U-17 Women's World Cup
2016 FIFA U-17 Women's World Cup,quarterFinal3,"November 1, 2016",2016 FIFA U-17 Women's World Cup
2016 FIFA U-17 Women's World Cup,quarterFinal4,"November 1, 2016",2016 FIFA U-17 Women's World Cup
Draupner wave,instanceOf,Seismic wave,Draupner wave
Draupner wave,location,North Sea,Draupner wave
Draupner wave,detected,Draupner platform,Draupner wave
Draupner wave,magnitude,7.3 magnitude,Draupner wave
Draupner wave,occurred,1973,Draupner wave
Draupner wave,type,Oceanic tremor,Draupner wave
Draupner wave,depth,10 km,Draupner wave
Draupner wave,caused,Fault rupture,Draupner wave
Draupner wave,associatedWith,North Sea fault system,Draupner wave
Draupner wave,recorded,Geophone array,Draupner wave
Draupner wave,impact,Platform vibrations,Draupner wave
Draupner wave,studied,Seismologists,Draupner wave
Draupner wave,partOf,North Sea seismic activity,Draupner wave
Draupner wave,influenced,Seismic monitoring techniques,Draupner wave
Draupner wave,magnitudeScale,Moment Magnitude Scale,Draupner wave
Draupner wave,distanceFromSource,100 km,Draupner wave
Draupner wave,propagationSpeed,Approximately 1200 m/s,Draupner wave
Draupner wave,waveType,P-wave,Draupner wave
Draupner wave,waveType,S-wave,Draupner wave
Draupner wave,waveType,Rayleigh wave,Draupner wave
Draupner wave,waveType,Love wave,Draupner wave
Draupner wave,researchArea,Earthquake seismology,Draupner wave
Draupner wave,researchArea,Plate tectonics,Draupner wave
Draupner wave,researchArea,Geophysics,Draupner wave
Draupner wave,researchArea,Oceanography,Draupner wave
Draupner wave,relatedTo,Earth's crust,Draupner wave
Draupner wave,relatedTo,Earth's mantle,Draupner wave
Draupner wave,relatedTo,Fault zones,Draupner wave
Draupner wave,relatedTo,Tectonic plates,Draupner wave
Draupner wave,relatedTo,Seismometers,Draupner wave
Draupner wave,relatedTo,Data analysis,Draupner wave
Draupner wave,relatedTo,Signal processing,Draupner wave
Draupner wave,relatedTo,Geodetic measurements,Draupner wave
Draupner wave,relatedTo,Ocean floor,Draupner wave
Draupner wave,relatedTo,Underwater cables,Draupner wave
Draupner wave,relatedTo,Subsea infrastructure,Draupner wave
2019 AQ3,instanceOf,Asteroid,2019 AQ3
2019 AQ3,orbits,Sun,2019 AQ3
2019 AQ3,discoveredBy,Pan-STARRS Hawaii,2019 AQ3
2019 AQ3,discoveryDate,2019-01-02,2019 AQ3
2019 AQ3,estimatedDiameter,10 km,2019 AQ3
2019 AQ3,orbitalPeriod,3.25 years,2019 AQ3
2019 AQ3,semiMajorAxis,2.61 AU,2019 AQ3
2019 AQ3,eccentricity,0.41,2019 AQ3
2019 AQ3,heliocentricDistance,2.61 AU,2019 AQ3
2019 AQ3,minorPlanetNumber,113263,2019 AQ3
2019 AQ3,classification,Potentially Hazardous Asteroid,2019 AQ3
2019 AQ3,brightness,16.0,2019 AQ3
2019 AQ3,magnitude,16.0,2019 AQ3
2019 AQ3,discoveryMethod,Optical,2019 AQ3
2019 AQ3,coordinates,"13.717, 13.348",2019 AQ3
2019 AQ3,asteroidBelt,Main Asteroid Belt,2019 AQ3
2019 AQ3,rotationPeriod,Unknown,2019 AQ3
2019 AQ3,isNearEarth,False,2019 AQ3
2019 AQ3,isPotentiallyHazardous,False,2019 AQ3
2019 AQ3,hasSpin,Unknown,2019 AQ3
2019 AQ3,isBright,False,2019 AQ3
2019 AQ3,isDark,True,2019 AQ3
2019 AQ3,isMetallic,Unknown,2019 AQ3
2019 AQ3,isCarbonaceous,Unknown,2019 AQ3
2019 AQ3,isSiderophile,Unknown,2019 AQ3
2019 AQ3,isOxidophile,Unknown,2019 AQ3
2019 AQ3,isSulfophile,Unknown,2019 AQ3
2019 AQ3,isVolatileBearing,Unknown,2019 AQ3
2019 AQ3,isWaterBearing,Unknown,2019 AQ3
2019 AQ3,isIceBearing,Unknown,2019 AQ3
Forever (Bon Jovi album),instanceOf,album,Forever (Bon Jovi album)
Forever (Bon Jovi album),released,1986,Forever (Bon Jovi album)
Forever (Bon Jovi album),recordLabel,Seventeen Records,Forever (Bon Jovi album)
Forever (Bon Jovi album),genre,Rock,Forever (Bon Jovi album)
Forever (Bon Jovi album),featuring,Jon Bon Jovi,Forever (Bon Jovi album)
Forever (Bon Jovi album),featuring,Richie Sambora,Forever (Bon Jovi album)
Forever (Bon Jovi album),featuring,Sandy Stewart,Forever (Bon Jovi album)
Forever (Bon Jovi album),featuring,David Bryan,Forever (Bon Jovi album)
Forever (Bon Jovi album),featuring,Michael Stevens,Forever (Bon Jovi album)
Forever (Bon Jovi album),contains,You Give Love a Bad Name,Forever (Bon Jovi album)
Forever (Bon Jovi album),contains,Shot Through the Heart,Forever (Bon Jovi album)
Forever (Bon Jovi album),contains,Never Say Goodbye,Forever (Bon Jovi album)
Forever (Bon Jovi album),contains,Needed Time,Forever (Bon Jovi album)
Forever (Bon Jovi album),contains,Keep the Faith,Forever (Bon Jovi album)
Forever (Bon Jovi album),contains,Bed of Roses,Forever (Bon Jovi album)
Forever (Bon Jovi album),contains,I'm Used to You,Forever (Bon Jovi album)
Forever (Bon Jovi album),contains,Tell Me Why,Forever (Bon Jovi album)
Forever (Bon Jovi album),contains,As Long As You Love Me,Forever (Bon Jovi album)
Forever (Bon Jovi album),charted,US Billboard 200,Forever (Bon Jovi album)
Forever (Bon Jovi album),charted,US Album Rock,Forever (Bon Jovi album)
Forever (Bon Jovi album),peakPos,3,Forever (Bon Jovi album)
Forever (Bon Jovi album),certified,Platinum by RIAA,Forever (Bon Jovi album)
Forever (Bon Jovi album),certified,Gold by RIAA,Forever (Bon Jovi album)
Forever (Bon Jovi album),formats,CD,Forever (Bon Jovi album)
Forever (Bon Jovi album),formats,Cassette,Forever (Bon Jovi album)
Forever (Bon Jovi album),formats,Vinyl,Forever (Bon Jovi album)
Forever (Bon Jovi album),influenced,Bon Jovi's later work,Forever (Bon Jovi album)
Forever (Bon Jovi album),producedBy,Michael James Deacon,Forever (Bon Jovi album)
Forever (Bon Jovi album),recordedAt,A&M Studios,Forever (Bon Jovi album)
Forever (Bon Jovi album),recordedAt,Hit Factory,Forever (Bon Jovi album)
Forever (Bon Jovi album),mixedBy,Peter Collins,Forever (Bon Jovi album)
Forever (Bon Jovi album),masteredBy,Ken Levit,Forever (Bon Jovi album)
"Milbank Arms, Barningham",instanceOf,pub,"Milbank Arms, Barningham"
"Milbank Arms, Barningham",locatedIn,Barningham,"Milbank Arms, Barningham"
"Milbank Arms, Barningham",hasBeer,ale,"Milbank Arms, Barningham"
"Milbank Arms, Barningham",hasBeer,lager,"Milbank Arms, Barningham"
"Milbank Arms, Barningham",hasBeer,stout,"Milbank Arms, Barningham"
"Milbank Arms, Barningham",hasFood,pie,"Milbank Arms, Barningham"
"Milbank Arms, Barningham",hasFood,sandwich,"Milbank Arms, Barningham"
"Milbank Arms, Barningham",hasFood,chips,"Milbank Arms, Barningham"
"Milbank Arms, Barningham",hasFood,salad,"Milbank Arms, Barningham"
"Milbank Arms, Barningham",telephone,+441223 362362,"Milbank Arms, Barningham"
"Milbank Arms, Barningham",postcode,CB23 8DH,"Milbank Arms, Barningham"
"Milbank Arms, Barningham",openingHours,Monday-Sunday 11:00-22:00,"Milbank Arms, Barningham"
"Milbank Arms, Barningham",type,traditional pub,"Milbank Arms, Barningham"
"Milbank Arms, Barningham",hasWifi,false,"Milbank Arms, Barningham"
"Milbank Arms, Barningham",hasOutdoorSeating,true,"Milbank Arms, Barningham"
"Milbank Arms, Barningham",hasCarPark,true,"Milbank Arms, Barningham"
"Milbank Arms, Barningham",hasJukebox,true,"Milbank Arms, Barningham"
"Milbank Arms, Barningham",hasGamesRoom,true,"Milbank Arms, Barningham"
"Milbank Arms, Barningham",hasRealAle,true,"Milbank Arms, Barningham"
"Milbank Arms, Barningham",hasSundayRoast,true,"Milbank Arms, Barningham"
"Milbank Arms, Barningham",hasChildrensMenu,true,"Milbank Arms, Barningham"
"Milbank Arms, Barningham",hasDisabledAccess,true,"Milbank Arms, Barningham"
"Milbank Arms, Barningham",hasPetFriendlyArea,true,"Milbank Arms, Barningham"
The Squeaker (1963 film),instanceOf,film,The Squeaker (1963 film)
The Squeaker (1963 film),instanceOf,comedy film,The Squeaker (1963 film)
The Squeaker (1963 film),directedBy,Robert Gordon,The Squeaker (1963 film)
The Squeaker (1963 film),starring,John Saxon,The Squeaker (1963 film)
The Squeaker (1963 film),starring,Robert G. Mitchel,The Squeaker (1963 film)
The Squeaker (1963 film),starring,Bruce Lee,The Squeaker (1963 film)
The Squeaker (1963 film),releasedOn,1963-11-24,The Squeaker (1963 film)
The Squeaker (1963 film),plot,A young man is framed for a crime he didn't commit and must clear his name.,The Squeaker (1963 film)
The Squeaker (1963 film),runtime,80 minutes,The Squeaker (1963 film)
The Squeaker (1963 film),country,United States,The Squeaker (1963 film)
The Squeaker (1963 film),genre,crime film,The Squeaker (1963 film)
The Squeaker (1963 film),genre,mystery film,The Squeaker (1963 film)
The Squeaker (1963 film),imdbID,0363175,The Squeaker (1963 film)
The Squeaker (1963 film),title,The Squeaker (1963 film),The Squeaker (1963 film)
The Squeaker (1963 film),originalTitle,The Squeaker (1963 film),The Squeaker (1963 film)
Ohio State Route 292,instanceOf,highway,Ohio State Route 292
Ohio State Route 292,connects,"Newark, Ohio",Ohio State Route 292
Ohio State Route 292,connects,"Marengo, Ohio",Ohio State Route 292
Ohio State Route 292,runsThrough,"Wayne County, Ohio",Ohio State Route 292
Ohio State Route 292,runsThrough,"Loudon County, Ohio",Ohio State Route 292
Ohio State Route 292,length,23.6,Ohio State Route 292
Ohio State Route 292,begins,"Newark, Ohio",Ohio State Route 292
Ohio State Route 292,ends,"Marengo, Ohio",Ohio State Route 292
Ohio State Route 292,parallelTo,Ohio State Route 37,Ohio State Route 292
Ohio State Route 292,parallelTo,Ohio State Route 76A,Ohio State Route 292
Ohio State Route 292,designated,1933,Ohio State Route 292
Ohio State Route 292,partOf,Ohio State Highway System,Ohio State Route 292
Ohio State Route 292,terrain,rural,Ohio State Route 292
Ohio State Route 292,traffic,local,Ohio State Route 292
Ohio State Route 292,bridges,Black Fork River,Ohio State Route 292
Ohio State Route 292,crosses,Wayne County Line,Ohio State Route 292
Ohio State Route 292,overpass,US 30,Ohio State Route 292
Ohio State Route 292,near,"Marengo, Ohio",Ohio State Route 292
Ohio State Route 292,near,"Newark, Ohio",Ohio State Route 292
Ohio State Route 292,adjacentTo,Wayne National Forest,Ohio State Route 292
Ohio State Route 292,intersects,Ohio State Route 37,Ohio State Route 292
Ohio State Route 292,intersects,Ohio State Route 76A,Ohio State Route 292
Ohio State Route 292,intersects,County Road 11,Ohio State Route 292
Ohio State Route 292,intersects,County Road 12,Ohio State Route 292
Ohio State Route 292,intersects,County Road 13,Ohio State Route 292
Ohio State Route 292,intersects,County Road 14,Ohio State Route 292
Ohio State Route 292,intersects,County Road 15,Ohio State Route 292
Ohio State Route 292,intersects,County Road 16,Ohio State Route 292
Ohio State Route 292,intersects,County Road 17,Ohio State Route 292
Ohio State Route 292,intersects,County Road 18,Ohio State Route 292
Ohio State Route 292,intersects,County Road 19,Ohio State Route 292
Ohio State Route 292,intersects,County Road 20,Ohio State Route 292
Ohio State Route 292,intersects,County Road 21,Ohio State Route 292
Ohio State Route 292,intersects,County Road 22,Ohio State Route 292
Ohio State Route 292,intersects,County Road 23,Ohio State Route 292
Ohio State Route 292,intersects,County Road 24,Ohio State Route 292
Ohio State Route 292,intersects,County Road 25,Ohio State Route 292
Ohio State Route 292,intersects,County Road 26,Ohio State Route 292
Ohio State Route 292,intersects,County Road 27,Ohio State Route 292
Ohio State Route 292,intersects,County Road 28,Ohio State Route 292
Ohio State Route 292,intersects,County Road 29,Ohio State Route 292
Ohio State Route 292,intersects,County Road 30,Ohio State Route 292
Ohio State Route 292,intersects,County Road 31,Ohio State Route 292
Ohio State Route 292,intersects,County Road 32,Ohio State Route 292
Ohio State Route 292,intersects,County Road 33,Ohio State Route 292
Ohio State Route 292,intersects,County Road 34,Ohio State Route 292
Ohio State Route 292,intersects,County Road 35,Ohio State Route 292
Ohio State Route 292,intersects,County Road 36,Ohio State Route 292
Ohio State Route 292,intersects,County Road 37,Ohio State Route 292
Ohio State Route 292,intersects,County Road 38,Ohio State Route 292
Ohio State Route 292,intersects,County Road 39,Ohio State Route 292
Ohio State Route 292,intersects,County Road 40,Ohio State Route 292
Ohio State Route 292,intersects,County Road 41,Ohio State Route 292
Ohio State Route 292,intersects,County Road 42,Ohio State Route 292
Ohio State Route 292,intersects,County Road 43,Ohio State Route 292
Ohio State Route 292,intersects,County Road 44,Ohio State Route 292
Ohio State Route 292,intersects,County Road 45,Ohio State Route 292
Ohio State Route 292,intersects,County Road 46,Ohio State Route 292
Ohio State Route 292,intersects,County Road 47,Ohio State Route 292
Ohio State Route 292,intersects,County Road 48,Ohio State Route 292
Ohio State Route 292,intersects,County Road 49,Ohio State Route 292
Ohio State Route 292,intersects,County Road 50,Ohio State Route 292
Ohio State Route 292,intersects,County Road 51,Ohio State Route 292
Ohio State Route 292,intersects,County Road 52,Ohio State Route 292
Ohio State Route 292,intersects,County Road 53,Ohio State Route 292
Ohio State Route 292,intersects,County Road 54,Ohio State Route 292
Ohio State Route 292,intersects,County Road 55,Ohio State Route 292
Ohio State Route 292,intersects,County Road 56,Ohio State Route 292
Ohio State Route 292,intersects,County Road 57,Ohio State Route 292
Ohio State Route 292,intersects,County Road 58,Ohio State Route 292
Ohio State Route 292,intersects,County Road 59,Ohio State Route 292
Ohio State Route 292,intersects,County Road 60,Ohio State Route 292
Ohio State Route 292,intersects,County Road 61,Ohio State Route 292
Ohio State Route 292,intersects,County Road 62,Ohio State Route 292
Ohio State Route 292,intersects,County Road 63,Ohio State Route 292
Ohio State Route 292,intersects,County Road 64,Ohio State Route 292
Ohio State Route 292,intersects,County Road 65,Ohio State Route 292
Ohio State Route 292,intersects,County Road 66,Ohio State Route 292
Ohio State Route 292,intersects,County Road 67,Ohio State Route 292
Ohio State Route 292,intersects,County Road 68,Ohio State Route 292
Ohio State Route 292,intersects,County Road 69,Ohio State Route 292
Ohio State Route 292,intersects,County Road 70,Ohio State Route 292
Ohio State Route 292,intersects,County Road 71,Ohio State Route 292
Ohio State Route 292,intersects,County Road 72,Ohio State Route 292
Ohio State Route 292,intersects,County Road 73,Ohio State Route 292
Ohio State Route 292,intersects,County Road 74,Ohio State Route 292
Ohio State Route 292,intersects,County Road 75,Ohio State Route 292
Ohio State Route 292,intersects,County Road 76,Ohio State Route 292
Ohio State Route 292,intersects,County Road 77,Ohio State Route 292
Ohio State Route 292,intersects,County Road 78,Ohio State Route 292
Ohio State Route 292,intersects,County Road 79,Ohio State Route 292
Ohio State Route 292,intersects,County Road 80,Ohio State Route 292
Ohio State Route 292,intersects,County Road 81,Ohio State Route 292
Ohio State Route 292,intersects,County Road 82,Ohio State Route 292
Ohio State Route 292,intersects,County Road 83,Ohio State Route 292
Ohio State Route 292,intersects,County Road 84,Ohio State Route 292
Ohio State Route 292,intersects,County Road 85,Ohio State Route 292
Ohio State Route 292,intersects,County Road 86,Ohio State Route 292
Ohio State Route 292,intersects,County Road 87,Ohio State Route 292
Ohio State Route 292,intersects,County Road 88,Ohio State Route 292
Ohio State Route 292,intersects,County Road 89,Ohio State Route 292
Ohio State Route 292,intersects,County Road 90,Ohio State Route 292
Ohio State Route 292,intersects,County Road 91,Ohio State Route 292
Ohio State Route 292,intersects,County Road 92,Ohio State Route 292
Ohio State Route 292,intersects,County Road 93,Ohio State Route 292
Ohio State Route 292,intersects,County Road 94,Ohio State Route 292
Ohio State Route 292,intersects,County Road 95,Ohio State Route 292
Ohio State Route 292,intersects,County Road 96,Ohio State Route 292
Ohio State Route 292,intersects,County Road 97,Ohio State Route 292
Ohio State Route 292,intersects,County Road 98,Ohio State Route 292
Ohio State Route 292,intersects,County Road 99,Ohio State Route 292
Ohio State Route 292,intersects,County Road 100,Ohio State Route 292
Durga Shanker Mishra,instanceOf,Indian politician,Durga Shanker Mishra
Durga Shanker Mishra,bornIn,Faizabad,Durga Shanker Mishra
Durga Shanker Mishra,appointedAs,Minister of State for Commerce and Industry,Durga Shanker Mishra
Durga Shanker Mishra,servedIn,Ministry of Commerce and Industry,Durga Shanker Mishra
Durga Shanker Mishra,memberOf,Bharatiya Janata Party,Durga Shanker Mishra
Durga Shanker Mishra,heldPosition,"Secretary, Ministry of Law and Justice",Durga Shanker Mishra
Durga Shanker Mishra,workedAs,"Additional Secretary, Ministry of External Affairs",Durga Shanker Mishra
Durga Shanker Mishra,servedIn,Government of India,Durga Shanker Mishra
Durga Shanker Mishra,nationality,Indian,Durga Shanker Mishra
Durga Shanker Mishra,occupation,Lawyer,Durga Shanker Mishra
Durga Shanker Mishra,education,LL.B.,Durga Shanker Mishra
Durga Shanker Mishra,residedIn,Lucknow,Durga Shanker Mishra
Durga Shanker Mishra,relatedTo,Amit Shah,Durga Shanker Mishra
Durga Shanker Mishra,associatedWith,Narendra Modi,Durga Shanker Mishra
Durga Shanker Mishra,dateOfBirth,1953-08-07,Durga Shanker Mishra
Durga Shanker Mishra,dateOfDeath,null,Durga Shanker Mishra
Durga Shanker Mishra,politicalParty,Bharatiya Janata Party,Durga Shanker Mishra
Durga Shanker Mishra,position,Secretary,Durga Shanker Mishra
Durga Shanker Mishra,office,Ministry of Law and Justice,Durga Shanker Mishra
Durga Shanker Mishra,role,Government Official,Durga Shanker Mishra
Durga Shanker Mishra,memberOf,Parliament of India,Durga Shanker Mishra
Durga Shanker Mishra,workedIn,Ministry of External Affairs,Durga Shanker Mishra
Misfat al Abriyeen,instanceOf,Arabic novel,Misfat al Abriyeen
Misfat al Abriyeen,author,Yusuf al-Qasimi,Misfat al Abriyeen
Misfat al Abriyeen,publicationYear,1932,Misfat al Abriyeen
Misfat al Abriyeen,setting,Sharjah,Misfat al Abriyeen
Misfat al Abriyeen,genre,Social realism,Misfat al Abriyeen
Misfat al Abriyeen,themes,Bedouin life,Misfat al Abriyeen
Misfat al Abriyeen,themes,Traditional values,Misfat al Abriyeen
Misfat al Abriyeen,themes,Social injustice,Misfat al Abriyeen
Misfat al Abriyeen,characters,Omar bin Hafedh,Misfat al Abriyeen
Misfat al Abriyeen,characters,Salem bin Musafir,Misfat al Abriyeen
Misfat al Abriyeen,characters,Fatima bin Musafir,Misfat al Abriyeen
Misfat al Abriyeen,characters,Abdullah bin Salem,Misfat al Abriyeen
Misfat al Abriyeen,language,Arabic,Misfat al Abriyeen
Misfat al Abriyeen,length,Approximately 150 pages,Misfat al Abriyeen
Misfat al Abriyeen,criticism,Considered a classic of Emirati literature,Misfat al Abriyeen
Misfat al Abriyeen,criticism,Depicts the hardships faced by Bedouin communities,Misfat al Abriyeen
Misfat al Abriyeen,influence,Inspired subsequent Emirati writers,Misfat al Abriyeen
Misfat al Abriyeen,locationOfPublication,Dubai,Misfat al Abriyeen
Misfat al Abriyeen,publisher,Dar al-Ilm,Misfat al Abriyeen
Misfat al Abriyeen,historicalContext,Early 20th century,Misfat al Abriyeen
Misfat al Abriyeen,culturalSignificance,Represents Emirati identity,Misfat al Abriyeen
Misfat al Abriyeen,literaryStyle,Realistic,Misfat al Abriyeen
Misfat al Abriyeen,relatedWorks,Other works by Yusuf al-Qasimi,Misfat al Abriyeen
Zapolyariye,instanceOf,reservoir,Zapolyariye
Zapolyariye,locatedIn,Volga River,Zapolyariye
Zapolyariye,partOf,Volga-Don Canal,Zapolyariye
Zapolyariye,hasLength,22.1 km,Zapolyariye
Zapolyariye,hasWidth,110 m,Zapolyariye
Zapolyariye,hasDepth,12 m,Zapolyariye
Zapolyariye,builtIn,1953,Zapolyariye
Zapolyariye,purpose,hydroelectric power generation,Zapolyariye
Zapolyariye,locatedIn,Kirov Oblast,Zapolyariye
Zapolyariye,locatedIn,Udmurtia,Zapolyariye
Zapolyariye,operator,Volga Hydroelectric Station,Zapolyariye
Zapolyariye,hasPowerOutput,128 MW,Zapolyariye
Zapolyariye,coordinates,56°33′18″N 58°53′36″E,Zapolyariye
Zapolyariye,isA,dam,Zapolyariye
Zapolyariye,isA,artificial lake,Zapolyariye
Zapolyariye,isA,reservoir,Zapolyariye
Zapolyariye,hasWaterLevel,variable,Zapolyariye
Zapolyariye,hasWaterArea,2.3 km²,Zapolyariye
Zapolyariye,hasVolume,1.15 km³,Zapolyariye
Zapolyariye,isLocatedNear,Kirov,Zapolyariye
Zapolyariye,isLocatedNear,Votkinsk,Zapolyariye
Zapolyariye,isLocatedNear,Yevlakh,Zapolyariye
Zapolyariye,isLocatedNear,Simbirsk,Zapolyariye
Zapolyariye,isLocatedNear,Nizhny Novgorod,Zapolyariye
Zapolyariye,hasConstructionMaterial,concrete,Zapolyariye
Zapolyariye,hasConstructionMaterial,stone,Zapolyariye
Zapolyariye,isManagedBy,IDGC Energoholding,Zapolyariye
Zapolyariye,isPartOf,Volga River Basin,Zapolyariye
Zapolyariye,hasEnvironmentalImpact,water quality,Zapolyariye
Zapolyariye,hasEnvironmentalImpact,fisheries,Zapolyariye
Zapolyariye,hasEnvironmentalImpact,navigation,Zapolyariye
Zapolyariye,isUsedFor,hydroelectric power,Zapolyariye
Zapolyariye,isUsedFor,irrigation,Zapolyariye
Zapolyariye,isUsedFor,navigation,Zapolyariye
Zapolyariye,isUsedFor,recreation,Zapolyariye
Zapolyariye,hasAssociatedSettlements,Kirov,Zapolyariye
Zapolyariye,hasAssociatedSettlements,Votkinsk,Zapolyariye
Zapolyariye,hasAssociatedSettlements,Yevlakh,Zapolyariye
Zapolyariye,hasAssociatedSettlements,Simbirsk,Zapolyariye
Zapolyariye,hasAssociatedSettlements,Nizhny Novgorod,Zapolyariye
2010–11 Kent State Golden Flashes men's basketball team,instanceOf,College Sports Team,2010–11 Kent State Golden Flashes men's basketball team
2010–11 Kent State Golden Flashes men's basketball team,memberOf,Kent State University,2010–11 Kent State Golden Flashes men's basketball team
2010–11 Kent State Golden Flashes men's basketball team,headCoach,Stan Heath,2010–11 Kent State Golden Flashes men's basketball team
2010–11 Kent State Golden Flashes men's basketball team,conference,Mid-American Conference,2010–11 Kent State Golden Flashes men's basketball team
2010–11 Kent State Golden Flashes men's basketball team,record,17-15,2010–11 Kent State Golden Flashes men's basketball team
2010–11 Kent State Golden Flashes men's basketball team,playoffAppearance,NCAA Tournament,2010–11 Kent State Golden Flashes men's basketball team
2010–11 Kent State Golden Flashes men's basketball team,defeated,Western Michigan,2010–11 Kent State Golden Flashes men's basketball team
2010–11 Kent State Golden Flashes men's basketball team,lostTo,Buffalo,2010–11 Kent State Golden Flashes men's basketball team
2010–11 Kent State Golden Flashes men's basketball team,playedIn,NCAA Tournament First Round,2010–11 Kent State Golden Flashes men's basketball team
2010–11 Kent State Golden Flashes men's basketball team,opponent,Harvard,2010–11 Kent State Golden Flashes men's basketball team
2010–11 Kent State Golden Flashes men's basketball team,location,"Cambridge, Massachusetts",2010–11 Kent State Golden Flashes men's basketball team
2010–11 Kent State Golden Flashes men's basketball team,starPlayer,Antonio Green,2010–11 Kent State Golden Flashes men's basketball team
2010–11 Kent State Golden Flashes men's basketball team,starPlayer,Jermaine Harris,2010–11 Kent State Golden Flashes men's basketball team
2010–11 Kent State Golden Flashes men's basketball team,starPlayer,Kevin Roth,2010–11 Kent State Golden Flashes men's basketball team
2010–11 Kent State Golden Flashes men's basketball team,starPlayer,Chris Cooper,2010–11 Kent State Golden Flashes men's basketball team
2010–11 Kent State Golden Flashes men's basketball team,starPlayer,Derrick Richardson,2010–11 Kent State Golden Flashes men's basketball team
2010–11 Kent State Golden Flashes men's basketball team,assistantCoach,"Kevin ""Pops"" Boggess",2010–11 Kent State Golden Flashes men's basketball team
2010–11 Kent State Golden Flashes men's basketball team,assistantCoach,Brian Johnson,2010–11 Kent State Golden Flashes men's basketball team
2010–11 Kent State Golden Flashes men's basketball team,assistantCoach,Mike Gainey,2010–11 Kent State Golden Flashes men's basketball team
2010–11 Kent State Golden Flashes men's basketball team,assistantCoach,Tony Deegan,2010–11 Kent State Golden Flashes men's basketball team
2010–11 Kent State Golden Flashes men's basketball team,arena,Memorial Hall,2010–11 Kent State Golden Flashes men's basketball team
2010–11 Kent State Golden Flashes men's basketball team,city,"Kent, Ohio",2010–11 Kent State Golden Flashes men's basketball team
2010–11 Kent State Golden Flashes men's basketball team,state,Ohio,2010–11 Kent State Golden Flashes men's basketball team
2010–11 Kent State Golden Flashes men's basketball team,season,2010–11,2010–11 Kent State Golden Flashes men's basketball team
2010–11 Kent State Golden Flashes men's basketball team,opponent,Western Michigan,2010–11 Kent State Golden Flashes men's basketball team
2010–11 Kent State Golden Flashes men's basketball team,opponent,Buffalo,2010–11 Kent State Golden Flashes men's basketball team
2010–11 Kent State Golden Flashes men's basketball team,opponent,Massachusetts,2010–11 Kent State Golden Flashes men's basketball team
2010–11 Kent State Golden Flashes men's basketball team,opponent,Bowling Green,2010–11 Kent State Golden Flashes men's basketball team
2010–11 Kent State Golden Flashes men's basketball team,opponent,Toledo,2010–11 Kent State Golden Flashes men's basketball team
2010–11 Kent State Golden Flashes men's basketball team,opponent,Zips,2010–11 Kent State Golden Flashes men's basketball team
2010–11 Kent State Golden Flashes men's basketball team,opponent,Miami,2010–11 Kent State Golden Flashes men's basketball team
2010–11 Kent State Golden Flashes men's basketball team,opponent,Ball State,2010–11 Kent State Golden Flashes men's basketball team
2010–11 Kent State Golden Flashes men's basketball team,opponent,Dayton,2010–11 Kent State Golden Flashes men's basketball team
2010–11 Kent State Golden Flashes men's basketball team,opponent,Wright State,2010–11 Kent State Golden Flashes men's basketball team
Black-capped foliage-gleaner,instanceOf,bird,Black-capped foliage-gleaner
Black-capped foliage-gleaner,instanceOf,Passeriformes,Black-capped foliage-gleaner
Black-capped foliage-gleaner,habitat,tropical forests,Black-capped foliage-gleaner
Black-capped foliage-gleaner,diet,insects,Black-capped foliage-gleaner
Black-capped foliage-gleaner,diet,fruits,Black-capped foliage-gleaner
Black-capped foliage-gleaner,diet,small invertebrates,Black-capped foliage-gleaner
Black-capped foliage-gleaner,size,small,Black-capped foliage-gleaner
Black-capped foliage-gleaner,wingspan,13–15 cm,Black-capped foliage-gleaner
Black-capped foliage-gleaner,weight,22–28 g,Black-capped foliage-gleaner
Black-capped foliage-gleaner,range,"Colombia, Ecuador, Peru",Black-capped foliage-gleaner
Black-capped foliage-gleaner,conservationStatus,Least Concern,Black-capped foliage-gleaner
Black-capped foliage-gleaner,plumage,"black head, grey back, white belly",Black-capped foliage-gleaner
Black-capped foliage-gleaner,vocalization,high-pitched trill,Black-capped foliage-gleaner
Black-capped foliage-gleaner,behavior,forages in foliage,Black-capped foliage-gleaner
Black-capped foliage-gleaner,scientificName,Platysteira brevicauda,Black-capped foliage-gleaner
Black-capped foliage-gleaner,relatedTo,other Platysteira species,Black-capped foliage-gleaner
Black-capped foliage-gleaner,foundIn,cloud forests,Black-capped foliage-gleaner
Black-capped foliage-gleaner,nesting,tree cavities,Black-capped foliage-gleaner
Black-capped foliage-gleaner,breedingSeason,September to December,Black-capped foliage-gleaner
Black-capped foliage-gleaner,socialBehavior,solitary,Black-capped foliage-gleaner
Black-capped foliage-gleaner,predators,"snakes, raptors",Black-capped foliage-gleaner
Black-capped foliage-gleaner,conservationThreats,habitat loss,Black-capped foliage-gleaner
Black-capped foliage-gleaner,commonName,Black-capped foliage-gleaner,Black-capped foliage-gleaner
Black-capped foliage-gleaner,alternativeName,White-capped foliage-gleaner,Black-capped foliage-gleaner
Wanderson,instanceOf,footballer,"Wanderson (footballer, born 1980)"
Wanderson,birthDate,1980,"Wanderson (footballer, born 1980)"
Wanderson,playsFor,FC Porto,"Wanderson (footballer, born 1980)"
Wanderson,playsFor,Al-Nassr,"Wanderson (footballer, born 1980)"
Wanderson,playsFor,Rio Ave,"Wanderson (footballer, born 1980)"
Wanderson,position,Winger,"Wanderson (footballer, born 1980)"
Wanderson,nationality,Portuguese,"Wanderson (footballer, born 1980)"
Wanderson,height,1.83 m,"Wanderson (footballer, born 1980)"
Wanderson,weight,75 kg,"Wanderson (footballer, born 1980)"
Wanderson,dateOfBirth,1980-07-17,"Wanderson (footballer, born 1980)"
Wanderson,shirtNumber,11,"Wanderson (footballer, born 1980)"
Wanderson,clubCareer,FC Porto (2003–2008),"Wanderson (footballer, born 1980)"
Wanderson,clubCareer,Al-Nassr (2008–2011),"Wanderson (footballer, born 1980)"
Wanderson,clubCareer,Rio Ave (2008–2010),"Wanderson (footballer, born 1980)"
Wanderson,clubCareer,CD Tondela (2010–2011),"Wanderson (footballer, born 1980)"
Wanderson,clubCareer,Moreirense (2011–2012),"Wanderson (footballer, born 1980)"
Wanderson,clubCareer,Benfica (2012–2013),"Wanderson (footballer, born 1980)"
Wanderson,clubCareer,Paços de Ferreira (2013–2014),"Wanderson (footballer, born 1980)"
Wanderson,clubCareer,Arouca (2014–2016),"Wanderson (footballer, born 1980)"
Wanderson,clubCareer,Vitória de Guimarães (2016–2017),"Wanderson (footballer, born 1980)"
Wanderson,clubCareer,Rio Ave (2017–2018),"Wanderson (footballer, born 1980)"
Wanderson,internationalCareer,Portugal National Team,"Wanderson (footballer, born 1980)"
HSC Winnipeg Children's Hospital,instanceOf,Hospital,HSC Winnipeg Children's Hospital
HSC Winnipeg Children's Hospital,locatedIn,Winnipeg,HSC Winnipeg Children's Hospital
HSC Winnipeg Children's Hospital,partOf,Health Sciences Centre,HSC Winnipeg Children's Hospital
HSC Winnipeg Children's Hospital,provides,Pediatric care,HSC Winnipeg Children's Hospital
HSC Winnipeg Children's Hospital,offers,Neonatal intensive care,HSC Winnipeg Children's Hospital
HSC Winnipeg Children's Hospital,offers,Emergency services,HSC Winnipeg Children's Hospital
HSC Winnipeg Children's Hospital,offers,Specialized pediatric clinics,HSC Winnipeg Children's Hospital
HSC Winnipeg Children's Hospital,serves,Children,HSC Winnipeg Children's Hospital
HSC Winnipeg Children's Hospital,address,"900 Pembina Ave E, Winnipeg, Manitoba, Canada",HSC Winnipeg Children's Hospital
HSC Winnipeg Children's Hospital,telephone,204-989-7000,HSC Winnipeg Children's Hospital
HSC Winnipeg Children's Hospital,website,https://www.hsc.mb.ca/winnipeg-childrens-hospital,HSC Winnipeg Children's Hospital
HSC Winnipeg Children's Hospital,affiliatedWith,University of Manitoba,HSC Winnipeg Children's Hospital
HSC Winnipeg Children's Hospital,affiliatedWith,Health Sciences Centre Research,HSC Winnipeg Children's Hospital
HSC Winnipeg Children's Hospital,has_department,Pediatrics,HSC Winnipeg Children's Hospital
HSC Winnipeg Children's Hospital,has_department,Neonatal Medicine,HSC Winnipeg Children's Hospital
HSC Winnipeg Children's Hospital,has_department,Emergency Medicine,HSC Winnipeg Children's Hospital
HSC Winnipeg Children's Hospital,has_department,Intensive Care Unit,HSC Winnipeg Children's Hospital
HSC Winnipeg Children's Hospital,has_department,Oncology,HSC Winnipeg Children's Hospital
HSC Winnipeg Children's Hospital,has_department,Cardiology,HSC Winnipeg Children's Hospital
HSC Winnipeg Children's Hospital,has_department,Respiratory Medicine,HSC Winnipeg Children's Hospital
HSC Winnipeg Children's Hospital,has_department,Neurology,HSC Winnipeg Children's Hospital
HSC Winnipeg Children's Hospital,has_department,Surgery,HSC Winnipeg Children's Hospital
HSC Winnipeg Children's Hospital,has_department,Obstetrics and Gynecology,HSC Winnipeg Children's Hospital
HSC Winnipeg Children's Hospital,has_department,Developmental Pediatrics,HSC Winnipeg Children's Hospital
HSC Winnipeg Children's Hospital,has_department,Child Psychiatry,HSC Winnipeg Children's Hospital
HSC Winnipeg Children's Hospital,has_department,Radiology,HSC Winnipeg Children's Hospital
HSC Winnipeg Children's Hospital,has_department,Pathology,HSC Winnipeg Children's Hospital
HSC Winnipeg Children's Hospital,has_department,Laboratory Medicine,HSC Winnipeg Children's Hospital
HSC Winnipeg Children's Hospital,has_department,Pharmacy,HSC Winnipeg Children's Hospital
HSC Winnipeg Children's Hospital,has_department,Social Work,HSC Winnipeg Children's Hospital
HSC Winnipeg Children's Hospital,has_department,Nutrition Services,HSC Winnipeg Children's Hospital
HSC Winnipeg Children's Hospital,has_department,Rehabilitation Services,HSC Winnipeg Children's Hospital
HSC Winnipeg Children's Hospital,has_department,Chaplaincy Services,HSC Winnipeg Children's Hospital
HSC Winnipeg Children's Hospital,has_department,Child Life Services,HSC Winnipeg Children's Hospital
"Friary Church of St Francis and St Anthony, Crawley",instanceOf,Church,"Friary Church of St Francis and St Anthony, Crawley"
"Friary Church of St Francis and St Anthony, Crawley",locatedIn,Crawley,"Friary Church of St Francis and St Anthony, Crawley"
"Friary Church of St Francis and St Anthony, Crawley",partOf,Crawley,"Friary Church of St Francis and St Anthony, Crawley"
"Friary Church of St Francis and St Anthony, Crawley",dedicatedTo,St Francis,"Friary Church of St Francis and St Anthony, Crawley"
"Friary Church of St Francis and St Anthony, Crawley",dedicatedTo,St Anthony,"Friary Church of St Francis and St Anthony, Crawley"
"Friary Church of St Francis and St Anthony, Crawley",architecturalStyle,Gothic Revival,"Friary Church of St Francis and St Anthony, Crawley"
"Friary Church of St Francis and St Anthony, Crawley",foundationDate,1848,"Friary Church of St Francis and St Anthony, Crawley"
"Friary Church of St Francis and St Anthony, Crawley",buildingMaterial,Brick,"Friary Church of St Francis and St Anthony, Crawley"
"Friary Church of St Francis and St Anthony, Crawley",roofMaterial,Slate,"Friary Church of St Francis and St Anthony, Crawley"
"Friary Church of St Francis and St Anthony, Crawley",hasBellTower,true,"Friary Church of St Francis and St Anthony, Crawley"
"Friary Church of St Francis and St Anthony, Crawley",hasOrgan,true,"Friary Church of St Francis and St Anthony, Crawley"
"Friary Church of St Francis and St Anthony, Crawley",hasstainedGlass,true,"Friary Church of St Francis and St Anthony, Crawley"
"Friary Church of St Francis and St Anthony, Crawley",associatedWith,Crawley Friary,"Friary Church of St Francis and St Anthony, Crawley"
Crawley Friary,instanceOf,Monastery,"Friary Church of St Francis and St Anthony, Crawley"
Crawley Friary,locatedIn,Crawley,"Friary Church of St Francis and St Anthony, Crawley"
Crawley Friary,historicalPeriod,18th Century,"Friary Church of St Francis and St Anthony, Crawley"
Crawley,instanceOf,Town,"Friary Church of St Francis and St Anthony, Crawley"
Crawley,locatedIn,West Sussex,"Friary Church of St Francis and St Anthony, Crawley"
West Sussex,instanceOf,County,"Friary Church of St Francis and St Anthony, Crawley"
St Francis,instanceOf,Saint,"Friary Church of St Francis and St Anthony, Crawley"
St Anthony,instanceOf,Saint,"Friary Church of St Francis and St Anthony, Crawley"
Gothic Revival,instanceOf,Architectural Style,"Friary Church of St Francis and St Anthony, Crawley"
Brick,instanceOf,Material,"Friary Church of St Francis and St Anthony, Crawley"
Slate,instanceOf,Material,"Friary Church of St Francis and St Anthony, Crawley"
Historical Dictionary Project of the Hebrew Language,instanceOf,Linguistic Project,Historical Dictionary Project of the Hebrew Language
Historical Dictionary Project of the Hebrew Language,purpose,Document the Hebrew language,Historical Dictionary Project of the Hebrew Language
Historical Dictionary Project of the Hebrew Language,start_date,1967,Historical Dictionary Project of the Hebrew Language
Historical Dictionary Project of the Hebrew Language,responsible_body,The Academy of the Hebrew Language,Historical Dictionary Project of the Hebrew Language
Historical Dictionary Project of the Hebrew Language,status,Ongoing,Historical Dictionary Project of the Hebrew Language
Historical Dictionary Project of the Hebrew Language,language,Hebrew,Historical Dictionary Project of the Hebrew Language
Historical Dictionary Project of the Hebrew Language,scope,Historical Hebrew,Historical Dictionary Project of the Hebrew Language
Historical Dictionary Project of the Hebrew Language,result,Series of historical dictionaries,Historical Dictionary Project of the Hebrew Language
Historical Dictionary Project of the Hebrew Language,funding,Israeli Government,Historical Dictionary Project of the Hebrew Language
Historical Dictionary Project of the Hebrew Language,contributors,"Linguists, lexicographers",Historical Dictionary Project of the Hebrew Language
Historical Dictionary Project of the Hebrew Language,publication_dates,1968-2010 (various volumes),Historical Dictionary Project of the Hebrew Language
Historical Dictionary Project of the Hebrew Language,volumes,Multiple volumes published,Historical Dictionary Project of the Hebrew Language
Historical Dictionary Project of the Hebrew Language,aim,Preserve linguistic heritage,Historical Dictionary Project of the Hebrew Language
Historical Dictionary Project of the Hebrew Language,methodology,Historical lexicography,Historical Dictionary Project of the Hebrew Language
Historical Dictionary Project of the Hebrew Language,goal,Comprehensive historical dictionary,Historical Dictionary Project of the Hebrew Language
Historical Dictionary Project of the Hebrew Language,type,Lexicographical project,Historical Dictionary Project of the Hebrew Language
Historical Dictionary Project of the Hebrew Language,relation_to,Modern Hebrew,Historical Dictionary Project of the Hebrew Language
Historical Dictionary Project of the Hebrew Language,relation_to,Biblical Hebrew,Historical Dictionary Project of the Hebrew Language
Historical Dictionary Project of the Hebrew Language,relation_to,Dead Sea Scrolls,Historical Dictionary Project of the Hebrew Language
Historical Dictionary Project of the Hebrew Language,relation_to,Qumran texts,Historical Dictionary Project of the Hebrew Language
Historical Dictionary Project of the Hebrew Language,relation_to,Paleo Hebrew,Historical Dictionary Project of the Hebrew Language
Historical Dictionary Project of the Hebrew Language,relation_to,Old Hebrew,Historical Dictionary Project of the Hebrew Language
Historical Dictionary Project of the Hebrew Language,relation_to,Middle Hebrew,Historical Dictionary Project of the Hebrew Language
Historical Dictionary Project of the Hebrew Language,relation_to,Hebrew alphabet,Historical Dictionary Project of the Hebrew Language
Historical Dictionary Project of the Hebrew Language,relation_to,Hebrew grammar,Historical Dictionary Project of the Hebrew Language
Historical Dictionary Project of the Hebrew Language,relation_to,Hebrew vocabulary,Historical Dictionary Project of the Hebrew Language
Historical Dictionary Project of the Hebrew Language,relation_to,Hebrew culture,Historical Dictionary Project of the Hebrew Language
Historical Dictionary Project of the Hebrew Language,relation_to,Hebrew literature,Historical Dictionary Project of the Hebrew Language
Historical Dictionary Project of the Hebrew Language,relation_to,Hebrew religion,Historical Dictionary Project of the Hebrew Language
Historical Dictionary Project of the Hebrew Language,relation_to,Hebrew history,Historical Dictionary Project of the Hebrew Language
Historical Dictionary Project of the Hebrew Language,relation_to,Hebrew society,Historical Dictionary Project of the Hebrew Language
Historical Dictionary Project of the Hebrew Language,relation_to,Hebrew language family,Historical Dictionary Project of the Hebrew Language
National Route 306 (Costa Rica),instanceOf,highway,National Route 306 (Costa Rica)
National Route 306 (Costa Rica),locatedIn,Costa Rica,National Route 306 (Costa Rica)
National Route 306 (Costa Rica),connects,San José,National Route 306 (Costa Rica)
National Route 306 (Costa Rica),connects,Cartago,National Route 306 (Costa Rica)
National Route 306 (Costa Rica),connects,Turrialba,National Route 306 (Costa Rica)
National Route 306 (Costa Rica),length,103 km,National Route 306 (Costa Rica)
National Route 306 (Costa Rica),begins,San José,National Route 306 (Costa Rica)
National Route 306 (Costa Rica),ends,Turrialba,National Route 306 (Costa Rica)
National Route 306 (Costa Rica),passesThrough,Valpariso,National Route 306 (Costa Rica)
National Route 306 (Costa Rica),passesThrough,Sabanera de Coronado,National Route 306 (Costa Rica)
National Route 306 (Costa Rica),partOf,National Road Network of Costa Rica,National Route 306 (Costa Rica)
National Route 306 (Costa Rica),established,1961,National Route 306 (Costa Rica)
National Route 306 (Costa Rica),type,primary road,National Route 306 (Costa Rica)
National Route 306 (Costa Rica),terrain,mountainous,National Route 306 (Costa Rica)
National Route 306 (Costa Rica),elevation,"1,200 m",National Route 306 (Costa Rica)
National Route 306 (Costa Rica),traffic,moderate,National Route 306 (Costa Rica)
National Route 306 (Costa Rica),signage,Spanish,National Route 306 (Costa Rica)
National Route 306 (Costa Rica),maintenance,Ministry of Public Works and Transport of Costa Rica,National Route 306 (Costa Rica)
National Route 306 (Costa Rica),parallelTo,National Route 3,National Route 306 (Costa Rica)
National Route 306 (Costa Rica),adjacentTo,National Route 1,National Route 306 (Costa Rica)
National Route 306 (Costa Rica),crosses,Rio Pacuare,National Route 306 (Costa Rica)
National Route 306 (Costa Rica),near,Volcán Turrialba,National Route 306 (Costa Rica)
National Route 306 (Costa Rica),impacts,local economy,National Route 306 (Costa Rica)
National Route 306 (Costa Rica),importance,regional connectivity,National Route 306 (Costa Rica)
National Route 306 (Costa Rica),historicalSignificance,early transportation route,National Route 306 (Costa Rica)
National Route 306 (Costa Rica),constructionDate,1961,National Route 306 (Costa Rica)
National Route 306 (Costa Rica),currentStatus,maintained,National Route 306 (Costa Rica)
2–8a Rutland Gate,instanceOf,residential address,2–8a Rutland Gate
2–8a Rutland Gate,locatedIn,London,2–8a Rutland Gate
2–8a Rutland Gate,locatedIn,Kensington,2–8a Rutland Gate
2–8a Rutland Gate,postcode,SW7 2AP,2–8a Rutland Gate
2–8a Rutland Gate,isA,house,2–8a Rutland Gate
2–8a Rutland Gate,isA,property,2–8a Rutland Gate
2–8a Rutland Gate,hasAddress,Rutland Gate,2–8a Rutland Gate
2–8a Rutland Gate,isNear,Hyde Park,2–8a Rutland Gate
2–8a Rutland Gate,isNear,Kensington Gardens,2–8a Rutland Gate
2–8a Rutland Gate,isPartOf,Kensington,2–8a Rutland Gate
2–8a Rutland Gate,hasValue,high value,2–8a Rutland Gate
2–8a Rutland Gate,isLocated,West London,2–8a Rutland Gate
2–8a Rutland Gate,isLocated,affluent area,2–8a Rutland Gate
2–8a Rutland Gate,isKnownFor,luxury properties,2–8a Rutland Gate
2–8a Rutland Gate,isLocated,prime real estate,2–8a Rutland Gate
Deool Band,instanceOf,Musical group,Deool Band
Deool Band,formedIn,2018,Deool Band
Deool Band,genre,Indie pop,Deool Band
Deool Band,origin,South Korea,Deool Band
Deool Band,member,Jang Min-young,Deool Band
Deool Band,member,Kim Seojun,Deool Band
Deool Band,member,Lee Ji-hoon,Deool Band
Deool Band,album,Deool (2020),Deool Band
Deool Band,song,Lonely,Deool Band
Deool Band,song,Goodbye,Deool Band
Deool Band,song,Rain,Deool Band
Deool Band,label,Make Us,Deool Band
Deool Band,website,https://deoolband.com/,Deool Band
Deool Band,socialMedia,Instagram,Deool Band
Deool Band,socialMedia,Twitter,Deool Band
Deool Band,socialMedia,YouTube,Deool Band
Deool Band,performance,Seoul Music Awards 2021,Deool Band
Deool Band,influences,The xx,Deool Band
Deool Band,influences,Beach House,Deool Band
Deool Band,influences,Radiohead,Deool Band
Deool Band,relatedTo,Korean indie music scene,Deool Band
Deool Band,relatedTo,South Korean pop music,Deool Band
Deool Band,relatedTo,Independent music,Deool Band
Deool Band,popularity,Growing,Deool Band
Deool Band,popularity,Increasing fanbase,Deool Band
Deool Band,popularity,Online streaming,Deool Band
Deool Band,popularity,Social media engagement,Deool Band
Deool Band,musicStyle,Dream pop,Deool Band
Deool Band,musicStyle,Synth-pop,Deool Band
Deool Band,musicStyle,Alternative pop,Deool Band
Deool Band,musicStyle,Melancholic,Deool Band
Deool Band,musicStyle,Atmospheric,Deool Band
Deool Band,musicStyle,Introspective,Deool Band
Deool Band,musicStyle,Emotional,Deool Band
Deool Band,musicStyle,Minimalist,Deool Band
Deool Band,musicStyle,Lo-fi,Deool Band
Deool Band,musicStyle,Electronic,Deool Band
Deool Band,musicStyle,Post-punk,Deool Band
Deool Band,musicStyle,Indie rock,Deool Band
Rådmandsgade,instanceOf,street,Rådmandsgade
Rådmandsgade,locatedIn,Copenhagen,Rådmandsgade
Rådmandsgade,partOf,Indre By,Rådmandsgade
Rådmandsgade,hasPostalCode,1159,Rådmandsgade
Rådmandsgade,hasStreetNumber,1,Rådmandsgade
Rådmandsgade,hasStreetNumber,2,Rådmandsgade
Rådmandsgade,hasStreetNumber,3,Rådmandsgade
Rådmandsgade,hasStreetNumber,4,Rådmandsgade
Rådmandsgade,hasStreetNumber,5,Rådmandsgade
Rådmandsgade,hasStreetNumber,6,Rådmandsgade
Rådmandsgade,hasStreetNumber,7,Rådmandsgade
Rådmandsgade,hasStreetNumber,8,Rådmandsgade
Rådmandsgade,hasStreetNumber,9,Rådmandsgade
Rådmandsgade,hasStreetNumber,10,Rådmandsgade
Rådmandsgade,hasStreetNumber,11,Rådmandsgade
Rådmandsgade,hasStreetNumber,12,Rådmandsgade
Rådmandsgade,hasStreetNumber,13,Rådmandsgade
Rådmandsgade,hasStreetNumber,14,Rådmandsgade
Rådmandsgade,hasStreetNumber,15,Rådmandsgade
Rådmandsgade,hasStreetNumber,16,Rådmandsgade
Rådmandsgade,hasStreetNumber,17,Rådmandsgade
Rådmandsgade,hasStreetNumber,18,Rådmandsgade
Rådmandsgade,hasStreetNumber,19,Rådmandsgade
Rådmandsgade,hasStreetNumber,20,Rådmandsgade
Rådmandsgade,hasStreetNumber,21,Rådmandsgade
Rådmandsgade,hasStreetNumber,22,Rådmandsgade
Rådmandsgade,hasStreetNumber,23,Rådmandsgade
Rådmandsgade,hasStreetNumber,24,Rådmandsgade
Rådmandsgade,hasStreetNumber,25,Rådmandsgade
Rådmandsgade,hasStreetNumber,26,Rådmandsgade
Rådmandsgade,hasStreetNumber,27,Rådmandsgade
Rådmandsgade,hasStreetNumber,28,Rådmandsgade
Rådmandsgade,hasStreetNumber,29,Rådmandsgade
Rådmandsgade,hasStreetNumber,30,Rådmandsgade
Rådmandsgade,hasStreetNumber,31,Rådmandsgade
Rådmandsgade,hasStreetNumber,32,Rådmandsgade
Rådmandsgade,hasStreetNumber,33,Rådmandsgade
Rådmandsgade,hasStreetNumber,34,Rådmandsgade
Rådmandsgade,hasStreetNumber,35,Rådmandsgade
Rådmandsgade,hasStreetNumber,36,Rådmandsgade
Rådmandsgade,hasStreetNumber,37,Rådmandsgade
Rådmandsgade,hasStreetNumber,38,Rådmandsgade
Rådmandsgade,hasStreetNumber,39,Rådmandsgade
Rådmandsgade,hasStreetNumber,40,Rådmandsgade
Rådmandsgade,hasStreetNumber,41,Rådmandsgade
Rådmandsgade,hasStreetNumber,42,Rådmandsgade
Rådmandsgade,hasStreetNumber,43,Rådmandsgade
Rådmandsgade,hasStreetNumber,44,Rådmandsgade
Rådmandsgade,hasStreetNumber,45,Rådmandsgade
Rådmandsgade,hasStreetNumber,46,Rådmandsgade
Rådmandsgade,hasStreetNumber,47,Rådmandsgade
Rådmandsgade,hasStreetNumber,48,Rådmandsgade
Rådmandsgade,hasStreetNumber,49,Rådmandsgade
Rådmandsgade,hasStreetNumber,50,Rådmandsgade
Rådmandsgade,hasStreetNumber,51,Rådmandsgade
Rådmandsgade,hasStreetNumber,52,Rådmandsgade
Rådmandsgade,hasStreetNumber,53,Rådmandsgade
Rådmandsgade,hasStreetNumber,54,Rådmandsgade
Rådmandsgade,hasStreetNumber,55,Rådmandsgade
Rådmandsgade,hasStreetNumber,56,Rådmandsgade
Rådmandsgade,hasStreetNumber,57,Rådmandsgade
Rådmandsgade,hasStreetNumber,58,Rådmandsgade
Rådmandsgade,hasStreetNumber,59,Rådmandsgade
Rådmandsgade,hasStreetNumber,60,Rådmandsgade
Rådmandsgade,hasStreetNumber,61,Rådmandsgade
Rådmandsgade,hasStreetNumber,62,Rådmandsgade
Rådmandsgade,hasStreetNumber,63,Rådmandsgade
Rådmandsgade,hasStreetNumber,64,Rådmandsgade
Rådmandsgade,hasStreetNumber,65,Rådmandsgade
Rådmandsgade,hasStreetNumber,66,Rådmandsgade
Rådmandsgade,hasStreetNumber,67,Rådmandsgade
Rådmandsgade,hasStreetNumber,68,Rådmandsgade
Rådmandsgade,hasStreetNumber,69,Rådmandsgade
Rådmandsgade,hasStreetNumber,70,Rådmandsgade
Rådmandsgade,hasStreetNumber,71,Rådmandsgade
Rådmandsgade,hasStreetNumber,72,Rådmandsgade
Rådmandsgade,hasStreetNumber,73,Rådmandsgade
Rådmandsgade,hasStreetNumber,74,Rådmandsgade
Rådmandsgade,hasStreetNumber,75,Rådmandsgade
Rådmandsgade,hasStreetNumber,76,Rådmandsgade
Rådmandsgade,hasStreetNumber,77,Rådmandsgade
Rådmandsgade,hasStreetNumber,78,Rådmandsgade
Rådmandsgade,hasStreetNumber,79,Rådmandsgade
Rådmandsgade,hasStreetNumber,80,Rådmandsgade
Rådmandsgade,hasStreetNumber,81,Rådmandsgade
Rådmandsgade,hasStreetNumber,82,Rådmandsgade
Rådmandsgade,hasStreetNumber,83,Rådmandsgade
Rådmandsgade,hasStreetNumber,84,Rådmandsgade
Rådmandsgade,hasStreetNumber,85,Rådmandsgade
Rådmandsgade,hasStreetNumber,86,Rådmandsgade
Rådmandsgade,hasStreetNumber,87,Rådmandsgade
Rådmandsgade,hasStreetNumber,88,Rådmandsgade
Rådmandsgade,hasStreetNumber,89,Rådmandsgade
Rådmandsgade,hasStreetNumber,90,Rådmandsgade
Rådmandsgade,hasStreetNumber,91,Rådmandsgade
Rådmandsgade,hasStreetNumber,92,Rådmandsgade
Rådmandsgade,hasStreetNumber,93,Rådmandsgade
Rådmandsgade,hasStreetNumber,94,Rådmandsgade
Rådmandsgade,hasStreetNumber,95,Rådmandsgade
Rådmandsgade,hasStreetNumber,96,Rådmandsgade
Rådmandsgade,hasStreetNumber,97,Rådmandsgade
Rådmandsgade,hasStreetNumber,98,Rådmandsgade
Rådmandsgade,hasStreetNumber,99,Rådmandsgade
Rådmandsgade,hasStreetNumber,100,Rådmandsgade
Haris Hajradinović,instanceOf,Singer,Haris Hajradinović
Haris Hajradinović,instanceOf,Musician,Haris Hajradinović
Haris Hajradinović,bornIn,Sarajevo,Haris Hajradinović
Haris Hajradinović,nationality,Bosnian,Haris Hajradinović
Haris Hajradinović,genre,Pop,Haris Hajradinović
Haris Hajradinović,label,Hajro,Haris Hajradinović
Haris Hajradinović,label,Hajro & Haris,Haris Hajradinović
Haris Hajradinović,memberOf,Hajro & Haris,Haris Hajradinović
Haris Hajradinović,song,Sve u redu,Haris Hajradinović
Haris Hajradinović,song,Pusti,Haris Hajradinović
Haris Hajradinović,song,Ti si sve što mi treba,Haris Hajradinović
Haris Hajradinović,song,Ljubav je bolest,Haris Hajradinović
Haris Hajradinović,song,Zaljubljen,Haris Hajradinović
Haris Hajradinović,song,Sve je u redu,Haris Hajradinović
Haris Hajradinović,song,Sve u redu (Acoustic),Haris Hajradinović
Haris Hajradinović,song,Sve u redu (Remix),Haris Hajradinović
Haris Hajradinović,song,Pusti (feat. Njenaica),Haris Hajradinović
Haris Hajradinović,song,Ti si sve što mi treba (Acoustic),Haris Hajradinović
Haris Hajradinović,song,Ljubav je bolest (feat. Njenaica),Haris Hajradinović
Haris Hajradinović,song,Zaljubljen (feat. Njenaica),Haris Hajradinović
Haris Hajradinović,label,Hajro & Haris - Sve u redu,Haris Hajradinović
Haris Hajradinović,label,Hajro & Haris - Pusti,Haris Hajradinović
Haris Hajradinović,label,Hajro & Haris - Ti si sve što mi treba,Haris Hajradinović
Haris Hajradinović,label,Hajro & Haris - Ljubav je bolest,Haris Hajradinović
Haris Hajradinović,label,Hajro & Haris - Zaljubljen,Haris Hajradinović
Haris Hajradinović,label,Hajro & Haris - Sve je u redu,Haris Hajradinović
Kapantay Ay Langit (film),instanceOf,film,Kapantay Ay Langit (film)
Kapantay Ay Langit (film),director,Marilou Diaz-Abaya,Kapantay Ay Langit (film)
Kapantay Ay Langit (film),starring,Angelica Panganiban,Kapantay Ay Langit (film)
Kapantay Ay Langit (film),starring,Richard Gutierrez,Kapantay Ay Langit (film)
Kapantay Ay Langit (film),released,2017,Kapantay Ay Langit (film)
Kapantay Ay Langit (film),genre,drama,Kapantay Ay Langit (film)
Kapantay Ay Langit (film),genre,romance,Kapantay Ay Langit (film)
Kapantay Ay Langit (film),plot,A woman seeks revenge for her husband's death.,Kapantay Ay Langit (film)
Kapantay Ay Langit (film),setting,Philippines,Kapantay Ay Langit (film)
Kapantay Ay Langit (film),productionCompany,Spring House Studio,Kapantay Ay Langit (film)
Kapantay Ay Langit (film),awards,Golden Phoenix Awards,Kapantay Ay Langit (film)
Kapantay Ay Langit (film),boxOffice,₱38.7 million,Kapantay Ay Langit (film)
Kapantay Ay Langit (film),criticRating,7.7/10,Kapantay Ay Langit (film)
Kapantay Ay Langit (film),imdbRating,7.1,Kapantay Ay Langit (film)
Kapantay Ay Langit (film),screenedAt,Film International,Kapantay Ay Langit (film)
Kapantay Ay Langit (film),screenedAt,Cinema Scope,Kapantay Ay Langit (film)
Kapantay Ay Langit (film),screenedAt,Toronto International Film Festival,Kapantay Ay Langit (film)
Kapantay Ay Langit (film),screenedAt,BFI Film Festival,Kapantay Ay Langit (film)
Kapantay Ay Langit (film),screenedAt,Vancouver International Film Festival,Kapantay Ay Langit (film)
Kapantay Ay Langit (film),screenedAt,Filmfest Munich,Kapantay Ay Langit (film)
Kapantay Ay Langit (film),screenedAt,San Sebastian International Film Festival,Kapantay Ay Langit (film)
Kapantay Ay Langit (film),screenedAt,Beijing International Film Festival,Kapantay Ay Langit (film)
Kapantay Ay Langit (film),screenedAt,Busan International Film Festival,Kapantay Ay Langit (film)
Kapantay Ay Langit (film),screenedAt,Manila Film Festival,Kapantay Ay Langit (film)
Chief Justice of Hungary,instanceOf,Judge,Chief Justice of Hungary
Chief Justice of Hungary,instanceOf,Legal Official,Chief Justice of Hungary
Chief Justice of Hungary,instanceOf,Government Official,Chief Justice of Hungary
Chief Justice of Hungary,locatedIn,Hungary,Chief Justice of Hungary
"Laszlovszky, László",servedAs,Chief Justice of Hungary,Chief Justice of Hungary
"Károly, László",servedAs,Chief Justice of Hungary,Chief Justice of Hungary
"Károly, László",appointedBy,Hungarian Parliament,Chief Justice of Hungary
"Laszlovszky, László",appointedBy,Hungarian Parliament,Chief Justice of Hungary
Chief Justice of Hungary,role,Head of the Judiciary,Chief Justice of Hungary
Chief Justice of Hungary,responsibility,Interpreting the law,Chief Justice of Hungary
Chief Justice of Hungary,responsibility,Administering the courts,Chief Justice of Hungary
Chief Justice of Hungary,responsibility,Ensuring the rule of law,Chief Justice of Hungary
Chief Justice of Hungary,appointed,Hungarian Constitution,Chief Justice of Hungary
Chief Justice of Hungary,boundBy,Hungarian Law,Chief Justice of Hungary
Chief Justice of Hungary,represents,Hungarian Judiciary,Chief Justice of Hungary
Chief Justice of Hungary,isPartOf,Hungarian Legal System,Chief Justice of Hungary
Chief Justice of Hungary,oversees,Hungarian Courts,Chief Justice of Hungary
Chief Justice of Hungary,isAppointed,Hungarian Parliament,Chief Justice of Hungary
Chief Justice of Hungary,isResponsibleFor,Judicial Independence,Chief Justice of Hungary
Chief Justice of Hungary,isAccountableTo,Hungarian Parliament,Chief Justice of Hungary
Chief Justice of Hungary,isSubjectTo,Judicial Review,Chief Justice of Hungary
Chief Justice of Hungary,isMemberOf,Supreme Court of Hungary,Chief Justice of Hungary
Chief Justice of Hungary,isAppointedThrough,Appointment Process,Chief Justice of Hungary
Appointment Process,involves,Parliamentary Approval,Chief Justice of Hungary
Appointment Process,involves,Legal Qualifications,Chief Justice of Hungary
Appointment Process,involves,Judicial Experience,Chief Justice of Hungary
Glières-Val-de-Borne,instanceOf,municipality,Glières-Val-de-Borne
Glières-Val-de-Borne,locatedIn,Rhône-Alpes,Glières-Val-de-Borne
Glières-Val-de-Borne,locatedIn,Auvergne-Rhône-Alpes,Glières-Val-de-Borne
Glières-Val-de-Borne,hasPopulation,1383,Glières-Val-de-Borne
Glières-Val-de-Borne,postalCode,38260,Glières-Val-de-Borne
Glières-Val-de-Borne,hasArea,12.61,Glières-Val-de-Borne
Glières-Val-de-Borne,hasLatitude,45.7333,Glières-Val-de-Borne
Glières-Val-de-Borne,hasLongitude,6.3333,Glières-Val-de-Borne
Glières-Val-de-Borne,hasAltitude,1137,Glières-Val-de-Borne
Glières-Val-de-Borne,isKnownFor,skiing,Glières-Val-de-Borne
Glières-Val-de-Borne,isKnownFor,hiking,Glières-Val-de-Borne
Glières-Val-de-Borne,isKnownFor,mountain biking,Glières-Val-de-Borne
Glières-Val-de-Borne,hasWebsite,http://www.glieres-val-de-borne.fr/,Glières-Val-de-Borne
Glières-Val-de-Borne,hasMayor,Jean-Michel Reynaud,Glières-Val-de-Borne
Glières-Val-de-Borne,partOf,Commune de Glières,Glières-Val-de-Borne
Glières-Val-de-Borne,hasLandmark,Chapelle de la Madeleine,Glières-Val-de-Borne
Glières-Val-de-Borne,hasLandmark,Pont de la Madeleine,Glières-Val-de-Borne
Glières-Val-de-Borne,hasLandmark,Cascade de la Madeleine,Glières-Val-de-Borne
Sales (band),instanceOf,band,Sales (band)
Sales (band),formedIn,Los Angeles,Sales (band)
Sales (band),genre,Industrial rock,Sales (band)
Sales (band),instrument,Synthesizer,Sales (band)
Sales (band),instrument,Drum machine,Sales (band)
Sales (band),instrument,Sampler,Sales (band)
Sales (band),instrument,Vocoder,Sales (band)
Sales (band),member,Chris Vires,Sales (band)
Sales (band),member,David Nadeau,Sales (band)
Sales (band),album,Sales,Sales (band)
Sales (band),album,The Sound of Silence,Sales (band)
Sales (band),album,Lost in Translation,Sales (band)
Sales (band),label,Sub Rosa,Sales (band)
Sales (band),website,http://www.salesband.com/,Sales (band)
Sales (band),influencedBy,Nine Inch Nails,Sales (band)
Sales (band),influencedBy,Skinny Puppy,Sales (band)
Sales (band),influencedBy,Throbbing Gristle,Sales (band)
Sales (band),relatedTo,Test Subject,Sales (band)
Sales (band),relatedTo,The Anix,Sales (band)
Sales (band),influencedBy,Metralla,Sales (band)
Sales (band),influencedBy,Biosphere,Sales (band)
Sales (band),influencedBy,William Orbit,Sales (band)
Sales (band),influencedBy,Aphex Twin,Sales (band)
Sales (band),influencedBy,DJ Shadow,Sales (band)
Sales (band),influencedBy,Brian Eno,Sales (band)
Sales (band),influencedBy,Portishead,Sales (band)
Sales (band),influencedBy,Massive Attack,Sales (band)
Sales (band),influencedBy,Squarepusher,Sales (band)
Sales (band),influencedBy,Autechre,Sales (band)
Sales (band),influencedBy,Boards of Canada,Sales (band)
Sales (band),influencedBy,Tim Hecker,Sales (band)
Sales (band),influencedBy,Gas,Sales (band)
Sales (band),influencedBy,Alessandro Cortini,Sales (band)
Sales (band),influencedBy,Martin Rev,Sales (band)
Sales (band),influencedBy,Robert Rich,Sales (band)
Sales (band),influencedBy,Brian Williams,Sales (band)
Sales (band),influencedBy,Loscil,Sales (band)
Sales (band),influencedBy,Vladislav Delay,Sales (band)
Sales (band),influencedBy,Ben Frost,Sales (band)
Sales (band),influencedBy,William Basinski,Sales (band)
Sales (band),influencedBy,Grouper,Sales (band)
Sales (band),influencedBy,Stars of the Lid,Sales (band)
Sales (band),influencedBy,Eluvium,Sales (band)
Sales (band),influencedBy,Rafael Anton Irisarri,Sales (band)
Alan Franco,instanceOf,footballer,"Alan Franco (footballer, born 1996)"
Alan Franco,birthDate,1996-03-16,"Alan Franco (footballer, born 1996)"
Alan Franco,nationality,Argentine,"Alan Franco (footballer, born 1996)"
Alan Franco,currentTeam,CD Godoy Cruz,"Alan Franco (footballer, born 1996)"
Alan Franco,position,Defensive Midfielder,"Alan Franco (footballer, born 1996)"
Alan Franco,jerseyNumber,6,"Alan Franco (footballer, born 1996)"
Alan Franco,height,1.80 m,"Alan Franco (footballer, born 1996)"
Alan Franco,weight,75 kg,"Alan Franco (footballer, born 1996)"
Alan Franco,dateOfBirth,1996-03-16,"Alan Franco (footballer, born 1996)"
Alan Franco,clubHistory,Instituto,"Alan Franco (footballer, born 1996)"
Alan Franco,clubHistory,Atlético Villa Hermanos,"Alan Franco (footballer, born 1996)"
Alan Franco,clubHistory,CD Godoy Cruz,"Alan Franco (footballer, born 1996)"
Alan Franco,soccerPosition,Defensive Midfielder,"Alan Franco (footballer, born 1996)"
Alan Franco,playerPosition,Defensive Midfielder,"Alan Franco (footballer, born 1996)"
Alan Franco,footballPosition,Defensive Midfielder,"Alan Franco (footballer, born 1996)"
Alan Franco,footballRole,Defensive Midfielder,"Alan Franco (footballer, born 1996)"
Alan Franco,footballRole2,Defensive Midfielder,"Alan Franco (footballer, born 1996)"
Alan Franco,footballRole3,Defensive Midfielder,"Alan Franco (footballer, born 1996)"
Alan Franco,footballRole4,Defensive Midfielder,"Alan Franco (footballer, born 1996)"
Alan Franco,footballRole5,Defensive Midfielder,"Alan Franco (footballer, born 1996)"
Alan Franco,footballRole6,Defensive Midfielder,"Alan Franco (footballer, born 1996)"
Alan Franco,footballRole7,Defensive Midfielder,"Alan Franco (footballer, born 1996)"
Alan Franco,footballRole8,Defensive Midfielder,"Alan Franco (footballer, born 1996)"
Alan Franco,footballRole9,Defensive Midfielder,"Alan Franco (footballer, born 1996)"
Alan Franco,footballRole10,Defensive Midfielder,"Alan Franco (footballer, born 1996)"
Alan Franco,footballRole11,Defensive Midfielder,"Alan Franco (footballer, born 1996)"
Alan Franco,footballRole12,Defensive Midfielder,"Alan Franco (footballer, born 1996)"
Alan Franco,footballRole13,Defensive Midfielder,"Alan Franco (footballer, born 1996)"
Alan Franco,footballRole14,Defensive Midfielder,"Alan Franco (footballer, born 1996)"
Alan Franco,footballRole15,Defensive Midfielder,"Alan Franco (footballer, born 1996)"
Alan Franco,footballRole16,Defensive Midfielder,"Alan Franco (footballer, born 1996)"
Alan Franco,footballRole17,Defensive Midfielder,"Alan Franco (footballer, born 1996)"
Alan Franco,footballRole18,Defensive Midfielder,"Alan Franco (footballer, born 1996)"
Alan Franco,footballRole19,Defensive Midfielder,"Alan Franco (footballer, born 1996)"
Alan Franco,footballRole20,Defensive Midfielder,"Alan Franco (footballer, born 1996)"
Alan Franco,footballRole21,Defensive Midfielder,"Alan Franco (footballer, born 1996)"
Alan Franco,footballRole22,Defensive Midfielder,"Alan Franco (footballer, born 1996)"
Alan Franco,footballRole23,Defensive Midfielder,"Alan Franco (footballer, born 1996)"
Alan Franco,footballRole24,Defensive Midfielder,"Alan Franco (footballer, born 1996)"
Alan Franco,footballRole25,Defensive Midfielder,"Alan Franco (footballer, born 1996)"
Alan Franco,footballRole26,Defensive Midfielder,"Alan Franco (footballer, born 1996)"
Alan Franco,footballRole27,Defensive Midfielder,"Alan Franco (footballer, born 1996)"
Alan Franco,footballRole28,Defensive Midfielder,"Alan Franco (footballer, born 1996)"
Alan Franco,footballRole29,Defensive Midfielder,"Alan Franco (footballer, born 1996)"
Alan Franco,footballRole30,Defensive Midfielder,"Alan Franco (footballer, born 1996)"
West Thurrock Lagoon and Marshes,instanceOf,Wetland,West Thurrock Lagoon and Marshes
West Thurrock Lagoon and Marshes,locatedIn,"Thurrock, Essex",West Thurrock Lagoon and Marshes
West Thurrock Lagoon and Marshes,partOf,River Thames,West Thurrock Lagoon and Marshes
West Thurrock Lagoon and Marshes,hasArea,approximately 120 hectares,West Thurrock Lagoon and Marshes
West Thurrock Lagoon and Marshes,supports,diverse birdlife,West Thurrock Lagoon and Marshes
West Thurrock Lagoon and Marshes,contains,reedbeds,West Thurrock Lagoon and Marshes
West Thurrock Lagoon and Marshes,contains,marsh vegetation,West Thurrock Lagoon and Marshes
West Thurrock Lagoon and Marshes,contains,open water,West Thurrock Lagoon and Marshes
West Thurrock Lagoon and Marshes,isManagedBy,Thurrock Council,West Thurrock Lagoon and Marshes
West Thurrock Lagoon and Marshes,hasImportance,flood defence,West Thurrock Lagoon and Marshes
West Thurrock Lagoon and Marshes,hasImportance,biodiversity,West Thurrock Lagoon and Marshes
West Thurrock Lagoon and Marshes,hasImportance,recreation,West Thurrock Lagoon and Marshes
West Thurrock Lagoon and Marshes,adjacentTo,South Thurrock,West Thurrock Lagoon and Marshes
West Thurrock Lagoon and Marshes,adjacentTo,East Tilbury,West Thurrock Lagoon and Marshes
West Thurrock Lagoon and Marshes,hasWaterSource,River Thames,West Thurrock Lagoon and Marshes
West Thurrock Lagoon and Marshes,hasSoilType,clay,West Thurrock Lagoon and Marshes
West Thurrock Lagoon and Marshes,hasSoilType,silt,West Thurrock Lagoon and Marshes
West Thurrock Lagoon and Marshes,isLocatedNear,A13,West Thurrock Lagoon and Marshes
West Thurrock Lagoon and Marshes,isLocatedNear,A101,West Thurrock Lagoon and Marshes
West Thurrock Lagoon and Marshes,hasWildlife,kingfisher,West Thurrock Lagoon and Marshes
West Thurrock Lagoon and Marshes,hasWildlife,grey heron,West Thurrock Lagoon and Marshes
West Thurrock Lagoon and Marshes,hasWildlife,water rail,West Thurrock Lagoon and Marshes
West Thurrock Lagoon and Marshes,hasWildlife,lapwing,West Thurrock Lagoon and Marshes
West Thurrock Lagoon and Marshes,hasWildlife,curlew,West Thurrock Lagoon and Marshes
West Thurrock Lagoon and Marshes,hasWildlife,oystercatcher,West Thurrock Lagoon and Marshes
West Thurrock Lagoon and Marshes,hasWildlife,tern,West Thurrock Lagoon and Marshes
West Thurrock Lagoon and Marshes,hasWildlife,reed bunting,West Thurrock Lagoon and Marshes
West Thurrock Lagoon and Marshes,hasWildlife,various invertebrates,West Thurrock Lagoon and Marshes
West Thurrock Lagoon and Marshes,isProtectedBy,Site of Special Scientific Interest (SSSI),West Thurrock Lagoon and Marshes
West Thurrock Lagoon and Marshes,isPartOf,Thurrock Thameside Nature Reserve,West Thurrock Lagoon and Marshes
West Thurrock Lagoon and Marshes,hasElevation,approximately 0 meters,West Thurrock Lagoon and Marshes
West Thurrock Lagoon and Marshes,hasLatitude,51.4631,West Thurrock Lagoon and Marshes
West Thurrock Lagoon and Marshes,hasLongitude,-0.6233,West Thurrock Lagoon and Marshes
"Baranovka, Narimanovsky District, Astrakhan Oblast",instanceOf,Settlement,"Baranovka, Narimanovsky District, Astrakhan Oblast"
"Baranovka, Narimanovsky District, Astrakhan Oblast",locatedIn,Narimanovsky District,"Baranovka, Narimanovsky District, Astrakhan Oblast"
"Baranovka, Narimanovsky District, Astrakhan Oblast",locatedIn,Astrakhan Oblast,"Baranovka, Narimanovsky District, Astrakhan Oblast"
"Baranovka, Narimanovsky District, Astrakhan Oblast",partOf,Astrakhan Oblast,"Baranovka, Narimanovsky District, Astrakhan Oblast"
"Baranovka, Narimanovsky District, Astrakhan Oblast",hasPopulation,"Approximately 10,000","Baranovka, Narimanovsky District, Astrakhan Oblast"
"Baranovka, Narimanovsky District, Astrakhan Oblast",postalCode,443936,"Baranovka, Narimanovsky District, Astrakhan Oblast"
"Baranovka, Narimanovsky District, Astrakhan Oblast",hasCoordinate,"48.7347° N, 45.4333° E","Baranovka, Narimanovsky District, Astrakhan Oblast"
"Baranovka, Narimanovsky District, Astrakhan Oblast",isA,Village,"Baranovka, Narimanovsky District, Astrakhan Oblast"
"Baranovka, Narimanovsky District, Astrakhan Oblast",hasLandmark,Church of the Nativity,"Baranovka, Narimanovsky District, Astrakhan Oblast"
"Baranovka, Narimanovsky District, Astrakhan Oblast",hasRoad,Regional Road 44A-243,"Baranovka, Narimanovsky District, Astrakhan Oblast"
Black-throated magpie-jay,instanceOf,bird,Black-throated magpie-jay
Black-throated magpie-jay,instanceOf,passerine,Black-throated magpie-jay
Black-throated magpie-jay,instanceOf,Corvidae,Black-throated magpie-jay
Black-throated magpie-jay,scientificName,Urocissa Augusta,Black-throated magpie-jay
Black-throated magpie-jay,nativeRange,Southeast Asia,Black-throated magpie-jay
Black-throated magpie-jay,habitat,Tropical forests,Black-throated magpie-jay
Black-throated magpie-jay,diet,"Fruits, insects, seeds",Black-throated magpie-jay
Black-throated magpie-jay,wingspan,34–39 cm,Black-throated magpie-jay
Black-throated magpie-jay,length,43–48 cm,Black-throated magpie-jay
Black-throated magpie-jay,weight,150–200 g,Black-throated magpie-jay
Black-throated magpie-jay,conservationStatus,Least Concern,Black-throated magpie-jay
Black-throated magpie-jay,socialBehavior,"Social, often in pairs or small family groups",Black-throated magpie-jay
Black-throated magpie-jay,vocalization,A variety of calls and songs,Black-throated magpie-jay
Black-throated magpie-jay,plumage,"Black head and throat, white breast and belly",Black-throated magpie-jay
Black-throated magpie-jay,nesting,Builds large stick nests in trees,Black-throated magpie-jay
Black-throated magpie-jay,breedingSeason,December to May,Black-throated magpie-jay
Black-throated magpie-jay,territory,Defends a territory,Black-throated magpie-jay
Black-throated magpie-jay,prey,"Insects, fruits, berries",Black-throated magpie-jay
Black-throated magpie-jay,predators,"Snakes, large birds of prey",Black-throated magpie-jay
Black-throated magpie-jay,distribution,"Myanmar, Thailand, Laos, Vietnam, Malaysia",Black-throated magpie-jay
Black-throated magpie-jay,appearance,Distinctive black head and throat,Black-throated magpie-jay
Black-throated magpie-jay,behavior,Opportunistic feeders,Black-throated magpie-jay
Black-throated magpie-jay,communication,Uses visual displays and vocalizations,Black-throated magpie-jay
Black-throated magpie-jay,conservationThreats,Habitat loss,Black-throated magpie-jay
Black-throated magpie-jay,family,Corvidae,Black-throated magpie-jay
Black-throated magpie-jay,order,Passeriformes,Black-throated magpie-jay
José María Oriol Urquijo,instanceOf,Person,José María Oriol Urquijo
José María Oriol Urquijo,bornIn,Vitoria-Gasteiz,José María Oriol Urquijo
José María Oriol Urquijo,occupation,Politician,José María Oriol Urquijo
José María Oriol Urquijo,politicalParty,Vox,José María Oriol Urquijo
José María Oriol Urquijo,memberOf,Parliament of Spain,José María Oriol Urquijo
José María Oriol Urquijo,representsConstituency,Logroño,José María Oriol Urquijo
José María Oriol Urquijo,dateOfBirth,1976-03-12,José María Oriol Urquijo
José María Oriol Urquijo,nationality,Spanish,José María Oriol Urquijo
José María Oriol Urquijo,education,University of Navarre,José María Oriol Urquijo
José María Oriol Urquijo,profession,Lawyer,José María Oriol Urquijo
Casey Crawford,instanceOf,American football player,Casey Crawford (American football)
Casey Crawford,position,Offensive tackle,Casey Crawford (American football)
Casey Crawford,team,New Orleans Saints,Casey Crawford (American football)
Casey Crawford,drafted,2017 NFL Draft,Casey Crawford (American football)
Casey Crawford,drafted,Round 3,Casey Crawford (American football)
Casey Crawford,drafted,71st overall,Casey Crawford (American football)
Casey Crawford,college,University of Texas,Casey Crawford (American football)
Casey Crawford,height,6 ft 5 in,Casey Crawford (American football)
Casey Crawford,weight,309 lb,Casey Crawford (American football)
Casey Crawford,born,1994-03-26,Casey Crawford (American football)
Casey Crawford,nationality,American,Casey Crawford (American football)
Casey Crawford,position,Left tackle,Casey Crawford (American football)
Casey Crawford,played_for,New Orleans Saints,Casey Crawford (American football)
Casey Crawford,played_for,Dallas Cowboys,Casey Crawford (American football)
Casey Crawford,jersey_number,79,Casey Crawford (American football)
Casey Crawford,college_team,University of Texas Longhorns,Casey Crawford (American football)
Casey Crawford,position,Offensive Tackle,Casey Crawford (American football)
Casey Crawford,year_drafted,2017,Casey Crawford (American football)
Casey Crawford,college_position,Offensive Tackle,Casey Crawford (American football)
Casey Crawford,college_year,2013-2016,Casey Crawford (American football)
Casey Crawford,college_coach,Mack Brown,Casey Crawford (American football)
Casey Crawford,height_feet,6,Casey Crawford (American football)
Casey Crawford,height_inches,5,Casey Crawford (American football)
Casey Crawford,weight_pounds,309,Casey Crawford (American football)
Casey Crawford,born_date,"March 26, 1994",Casey Crawford (American football)
"Lille Kamøya, Nordkapp",instanceOf,island,"Lille Kamøya, Nordkapp"
"Lille Kamøya, Nordkapp",locatedIn,Nordkapp,"Lille Kamøya, Nordkapp"
"Lille Kamøya, Nordkapp",partOf,Nordkapp,"Lille Kamøya, Nordkapp"
"Lille Kamøya, Nordkapp",latitude,69.0833,"Lille Kamøya, Nordkapp"
"Lille Kamøya, Nordkapp",longitude,-12.441667,"Lille Kamøya, Nordkapp"
"Lille Kamøya, Nordkapp",area,0.36,"Lille Kamøya, Nordkapp"
"Lille Kamøya, Nordkapp",elevation,15,"Lille Kamøya, Nordkapp"
"Lille Kamøya, Nordkapp",geology,granite,"Lille Kamøya, Nordkapp"
"Lille Kamøya, Nordkapp",climate,subarctic,"Lille Kamøya, Nordkapp"
"Lille Kamøya, Nordkapp",vegetation,"lichen, moss","Lille Kamøya, Nordkapp"
"Lille Kamøya, Nordkapp",birdlife,"ptarmigan, snow bunting","Lille Kamøya, Nordkapp"
"Lille Kamøya, Nordkapp",historical_significance,whaling station,"Lille Kamøya, Nordkapp"
"Lille Kamøya, Nordkapp",accessibility,boat,"Lille Kamøya, Nordkapp"
"Lille Kamøya, Nordkapp",administrative_region,Nordkapp municipality,"Lille Kamøya, Nordkapp"
"Lille Kamøya, Nordkapp",country,Norway,"Lille Kamøya, Nordkapp"
Nordkapp,latitude,69.197222,"Lille Kamøya, Nordkapp"
Nordkapp,longitude,-12.423611,"Lille Kamøya, Nordkapp"
Nordkapp,elevation,309,"Lille Kamøya, Nordkapp"
Nordkapp,geology,granite,"Lille Kamøya, Nordkapp"
Nordkapp,climate,subarctic,"Lille Kamøya, Nordkapp"
Nordkapp,vegetation,"lichen, moss","Lille Kamøya, Nordkapp"
Nordkapp,birdlife,"ptarmigan, snow bunting","Lille Kamøya, Nordkapp"
Nordkapp,historical_significance,polar exploration,"Lille Kamøya, Nordkapp"
Nordkapp,accessibility,boat,"Lille Kamøya, Nordkapp"
Nordkapp,administrative_region,Nordkapp municipality,"Lille Kamøya, Nordkapp"
Nordkapp,country,Norway,"Lille Kamøya, Nordkapp"
Le Bal,instanceOf,novella,Le Bal (novella)
Le Bal,author,André Gide,Le Bal (novella)
Le Bal,published,1902,Le Bal (novella)
Le Bal,setting,Paris,Le Bal (novella)
Le Bal,themes,sexual desire,Le Bal (novella)
Le Bal,themes,social alienation,Le Bal (novella)
Le Bal,themes,youth,Le Bal (novella)
Le Bal,themes,morality,Le Bal (novella)
Le Bal,genre,modernist literature,Le Bal (novella)
Le Bal,influenced,James Joyce,Le Bal (novella)
Le Bal,influenced,Marcel Proust,Le Bal (novella)
Le Bal,partOf,Les Nourritures terrestres,Le Bal (novella)
Le Bal,character,Jean,Le Bal (novella)
Le Bal,character,Paul,Le Bal (novella)
Le Bal,character,Marie,Le Bal (novella)
Le Bal,character,La mère,Le Bal (novella)
Le Bal,character,Le père,Le Bal (novella)
Le Bal,character,La sœur,Le Bal (novella)
Le Bal,character,Le frère,Le Bal (novella)
Le Bal,character,Le petit frère,Le Bal (novella)
Le Bal,character,La petite sœur,Le Bal (novella)
Le Bal,character,Le cousin,Le Bal (novella)
Le Bal,character,La cousine,Le Bal (novella)
Le Bal,character,Le neveu,Le Bal (novella)
Le Bal,character,La nièce,Le Bal (novella)
Le Bal,character,Le grand-père,Le Bal (novella)
Le Bal,character,La grand-mère,Le Bal (novella)
Le Bal,character,Le petit-fils,Le Bal (novella)
Le Bal,character,La petite-fille,Le Bal (novella)
Le Bal,character,Le beau-frère,Le Bal (novella)
Le Bal,character,La belle-soeur,Le Bal (novella)
Le Bal,character,Le frère de Paul,Le Bal (novella)
Le Bal,character,La sœur de Marie,Le Bal (novella)
Le Bal,character,Le cousin de Jean,Le Bal (novella)
Le Bal,character,La cousine de Paul,Le Bal (novella)
Remscheid Hauptbahnhof,instanceOf,Bahnhof,Remscheid Hauptbahnhof
Remscheid Hauptbahnhof,locatedIn,Remscheid,Remscheid Hauptbahnhof
Remscheid Hauptbahnhof,partOf,Nahverkehrsverbund Remscheid,Remscheid Hauptbahnhof
Remscheid Hauptbahnhof,hasPlatform,1,Remscheid Hauptbahnhof
Remscheid Hauptbahnhof,hasPlatform,2,Remscheid Hauptbahnhof
Remscheid Hauptbahnhof,hasPlatform,3,Remscheid Hauptbahnhof
Remscheid Hauptbahnhof,connectedTo,Dortmund Hauptbahnhof,Remscheid Hauptbahnhof
Remscheid Hauptbahnhof,connectedTo,Oberhausen Hauptbahnhof,Remscheid Hauptbahnhof
Remscheid Hauptbahnhof,connectedTo,Haan Bahnhof,Remscheid Hauptbahnhof
Remscheid Hauptbahnhof,connectedTo,Solingen-Oberohring Bahnhof,Remscheid Hauptbahnhof
Remscheid Hauptbahnhof,hasAddress,"Hauptbahnhofstraße, 41639 Remscheid, Germany",Remscheid Hauptbahnhof
Remscheid Hauptbahnhof,operator,Deutsche Bahn,Remscheid Hauptbahnhof
Remscheid Hauptbahnhof,hasService,Regionalbahn,Remscheid Hauptbahnhof
Remscheid Hauptbahnhof,hasService,S-Bahn,Remscheid Hauptbahnhof
Remscheid Hauptbahnhof,hasService,IC,Remscheid Hauptbahnhof
Remscheid Hauptbahnhof,hasService,RE,Remscheid Hauptbahnhof
Remscheid Hauptbahnhof,hasService,RB,Remscheid Hauptbahnhof
Remscheid Hauptbahnhof,hasWebsite,https://www.nahverkehr-remscheid.de/,Remscheid Hauptbahnhof
Remscheid Hauptbahnhof,hasOpeningHours,24/7,Remscheid Hauptbahnhof
Remscheid Hauptbahnhof,hasAccessibilityFeature,Elevator,Remscheid Hauptbahnhof
Remscheid Hauptbahnhof,hasAccessibilityFeature,Ramp,Remscheid Hauptbahnhof
Remscheid Hauptbahnhof,hasAccessibilityFeature,Tactile Paving,Remscheid Hauptbahnhof
Remscheid Hauptbahnhof,postalCode,41639,Remscheid Hauptbahnhof
Remscheid Hauptbahnhof,latitude,51.234567,Remscheid Hauptbahnhof
Remscheid Hauptbahnhof,longitude,8.765432,Remscheid Hauptbahnhof
Remscheid Hauptbahnhof,yearOpened,1899,Remscheid Hauptbahnhof
Remscheid Hauptbahnhof,hasPlatformNumber,1,Remscheid Hauptbahnhof
Remscheid Hauptbahnhof,hasPlatformNumber,2,Remscheid Hauptbahnhof
Remscheid Hauptbahnhof,hasPlatformNumber,3,Remscheid Hauptbahnhof
House-Museum of Samad Vurgun,instanceOf,Museum,House-Museum of Samad Vurgun
House-Museum of Samad Vurgun,locatedIn,Shkodër,House-Museum of Samad Vurgun
House-Museum of Samad Vurgun,locatedIn,Albania,House-Museum of Samad Vurgun
House-Museum of Samad Vurgun,foundedBy,Samad Vurgun,House-Museum of Samad Vurgun
House-Museum of Samad Vurgun,theme,Samad Vurgun's life and work,House-Museum of Samad Vurgun
House-Museum of Samad Vurgun,collection,Samad Vurgun's personal belongings,House-Museum of Samad Vurgun
House-Museum of Samad Vurgun,collection,Paintings,House-Museum of Samad Vurgun
House-Museum of Samad Vurgun,collection,Manuscripts,House-Museum of Samad Vurgun
House-Museum of Samad Vurgun,collection,Photographs,House-Museum of Samad Vurgun
House-Museum of Samad Vurgun,collection,Furniture,House-Museum of Samad Vurgun
House-Museum of Samad Vurgun,architecture,Traditional Albanian architecture,House-Museum of Samad Vurgun
House-Museum of Samad Vurgun,architecturalStyle,Ottoman architecture,House-Museum of Samad Vurgun
House-Museum of Samad Vurgun,address,"Rr. Samad Vurgun, Shkodër",House-Museum of Samad Vurgun
Samad Vurgun,occupation,Painter,House-Museum of Samad Vurgun
Samad Vurgun,nationality,Albanian,House-Museum of Samad Vurgun
Samad Vurgun,birthDate,1925,House-Museum of Samad Vurgun
Samad Vurgun,deathDate,1984,House-Museum of Samad Vurgun
House-Museum of Samad Vurgun,openingDate,1991,House-Museum of Samad Vurgun
House-Museum of Samad Vurgun,hoursOfOperation,"Daily, 10:00 - 17:00",House-Museum of Samad Vurgun
House-Museum of Samad Vurgun,admissionFee,500 Albanian Lek,House-Museum of Samad Vurgun
House-Museum of Samad Vurgun,contactPhone,+355 4 225 000,House-Museum of Samad Vurgun
House-Museum of Samad Vurgun,website,http://www.shkodramuseum.gov.al/,House-Museum of Samad Vurgun
House-Museum of Samad Vurgun,description,"A museum dedicated to the life and work of Albanian painter Samad Vurgun, housed in his former home.",House-Museum of Samad Vurgun
House-Museum of Samad Vurgun,significance,Cultural heritage site,House-Museum of Samad Vurgun
House-Museum of Samad Vurgun,type,Historical Museum,House-Museum of Samad Vurgun
Chestnut-and-black weaver,instanceOf,Bird,Chestnut-and-black weaver
Chestnut-and-black weaver,instanceOf,Passeriformes,Chestnut-and-black weaver
Chestnut-and-black weaver,scientificName,Ploceus philippinus,Chestnut-and-black weaver
Chestnut-and-black weaver,commonName,Chestnut-and-black weaver,Chestnut-and-black weaver
Chestnut-and-black weaver,habitat,Southeast Asia,Chestnut-and-black weaver
Chestnut-and-black weaver,diet,Insects,Chestnut-and-black weaver
Chestnut-and-black weaver,nesting,Platform nests,Chestnut-and-black weaver
Chestnut-and-black weaver,plumage,"Chestnut-colored head and breast, black back and wings",Chestnut-and-black weaver
Chestnut-and-black weaver,size,15–17 cm,Chestnut-and-black weaver
Chestnut-and-black weaver,wingspan,26–30 cm,Chestnut-and-black weaver
Chestnut-and-black weaver,conservationStatus,Least Concern,Chestnut-and-black weaver
Chestnut-and-black weaver,distribution,"Indonesia, Malaysia, Thailand, Philippines, and Singapore",Chestnut-and-black weaver
Chestnut-and-black weaver,socialBehavior,Gregarious,Chestnut-and-black weaver
Chestnut-and-black weaver,vocalization,A series of whistles and chirps,Chestnut-and-black weaver
Chestnut-and-black weaver,breedingSeason,October to June,Chestnut-and-black weaver
Chestnut-and-black weaver,nestMaterial,"Grass, leaves, and fibers",Chestnut-and-black weaver
Chestnut-and-black weaver,nestLocation,Trees and shrubs,Chestnut-and-black weaver
Chestnut-and-black weaver,predators,"Birds of prey, snakes",Chestnut-and-black weaver
Chestnut-and-black weaver,lifespan,10–15 years,Chestnut-and-black weaver
Chestnut-and-black weaver,migration,Generally non-migratory,Chestnut-and-black weaver
Chestnut-and-black weaver,plumageVariation,Sexual dimorphism exists,Chestnut-and-black weaver
Chestnut-and-black weaver,malePlumage,More chestnut-colored,Chestnut-and-black weaver
Chestnut-and-black weaver,femalePlumage,More grayish-brown,Chestnut-and-black weaver
Chestnut-and-black weaver,youngPlumage,Dusky gray with brown streaks,Chestnut-and-black weaver
Chestnut-and-black weaver,conservationThreats,Habitat loss,Chestnut-and-black weaver
Chestnut-and-black weaver,conservationMeasures,Habitat protection,Chestnut-and-black weaver
Chestnut-and-black weaver,relatedSpecies,Other Ploceus species,Chestnut-and-black weaver
Chestnut-and-black weaver,conservationOrganization,IUCN,Chestnut-and-black weaver
Research in Developmental Disabilities,instanceOf,Research Area,Research in Developmental Disabilities
Research in Developmental Disabilities,focusesOn,Intellectual Disability,Research in Developmental Disabilities
Research in Developmental Disabilities,focusesOn,Autism Spectrum Disorder,Research in Developmental Disabilities
Research in Developmental Disabilities,focusesOn,Down Syndrome,Research in Developmental Disabilities
Research in Developmental Disabilities,focusesOn,Cerebral Palsy,Research in Developmental Disabilities
Research in Developmental Disabilities,focusesOn,Fragile X Syndrome,Research in Developmental Disabilities
Research in Developmental Disabilities,aimsTo,Improve Quality of Life,Research in Developmental Disabilities
Research in Developmental Disabilities,aimsTo,Enhance Independence,Research in Developmental Disabilities
Research in Developmental Disabilities,aimsTo,Promote Inclusion,Research in Developmental Disabilities
Research in Developmental Disabilities,utilizes,Behavioral Interventions,Research in Developmental Disabilities
Research in Developmental Disabilities,utilizes,Assistive Technology,Research in Developmental Disabilities
Research in Developmental Disabilities,utilizes,Pharmacological Interventions,Research in Developmental Disabilities
Research in Developmental Disabilities,utilizes,Educational Strategies,Research in Developmental Disabilities
Research in Developmental Disabilities,involves,Assessment Tools,Research in Developmental Disabilities
Research in Developmental Disabilities,involves,Diagnostic Procedures,Research in Developmental Disabilities
Research in Developmental Disabilities,contributesTo,Early Intervention Programs,Research in Developmental Disabilities
Research in Developmental Disabilities,contributesTo,Supported Employment,Research in Developmental Disabilities
Research in Developmental Disabilities,contributesTo,Community-Based Services,Research in Developmental Disabilities
Research in Developmental Disabilities,isStudiedBy,Neuroscientists,Research in Developmental Disabilities
Research in Developmental Disabilities,isStudiedBy,Psychologists,Research in Developmental Disabilities
Research in Developmental Disabilities,isStudiedBy,Educators,Research in Developmental Disabilities
Research in Developmental Disabilities,isStudiedBy,Pediatricians,Research in Developmental Disabilities
Research in Developmental Disabilities,isFundedBy,National Institutes of Health,Research in Developmental Disabilities
Research in Developmental Disabilities,isFundedBy,Private Foundations,Research in Developmental Disabilities
Research in Developmental Disabilities,hasEthicalConsiderations,Informed Consent,Research in Developmental Disabilities
Research in Developmental Disabilities,hasEthicalConsiderations,Confidentiality,Research in Developmental Disabilities
Research in Developmental Disabilities,hasEthicalConsiderations,Beneficence,Research in Developmental Disabilities
Research in Developmental Disabilities,hasEthicalConsiderations,Non-Maleficence,Research in Developmental Disabilities
Research in Developmental Disabilities,hasEthicalConsiderations,Justice,Research in Developmental Disabilities
Research in Developmental Disabilities,isIncreasinglyFocusedOn,Personalized Medicine,Research in Developmental Disabilities
Research in Developmental Disabilities,isIncreasinglyFocusedOn,Digital Health,Research in Developmental Disabilities
Research in Developmental Disabilities,isIncreasinglyFocusedOn,Genetics,Research in Developmental Disabilities
Research in Developmental Disabilities,isIncreasinglyFocusedOn,Neuroimaging,Research in Developmental Disabilities
Research in Developmental Disabilities,relatesTo,Child Development,Research in Developmental Disabilities
Research in Developmental Disabilities,relatesTo,Human Development,Research in Developmental Disabilities
Research in Developmental Disabilities,relatesTo,Disability Services,Research in Developmental Disabilities
Research in Developmental Disabilities,relatesTo,Rehabilitation Services,Research in Developmental Disabilities
Research in Developmental Disabilities,isPartOf,Special Education,Research in Developmental Disabilities
Research in Developmental Disabilities,isPartOf,Public Health,Research in Developmental Disabilities
Research in Developmental Disabilities,hasSubfields,Cognitive Research,Research in Developmental Disabilities
Research in Developmental Disabilities,hasSubfields,Social-Emotional Research,Research in Developmental Disabilities
Research in Developmental Disabilities,hasSubfields,Motor Skill Research,Research in Developmental Disabilities
Research in Developmental Disabilities,hasSubfields,Language Research,Research in Developmental Disabilities
Serious Sam,instanceOf,Video Game,Serious Sam
Serious Sam,genre,First-person shooter,Serious Sam
Serious Sam,developer,Cactus Labs,Serious Sam
Serious Sam,publisher,LucasArts,Serious Sam
Serious Sam,releaseDate,1999-09-14,Serious Sam
Serious Sam,platform,PC,Serious Sam
Serious Sam,platform,PlayStation,Serious Sam
Serious Sam,platform,Nintendo 64,Serious Sam
Serious Sam,platform,Xbox,Serious Sam
Serious Sam,platform,Game Boy Color,Serious Sam
Serious Sam,platform,iOS,Serious Sam
Serious Sam,platform,Android,Serious Sam
Serious Sam,protagonist,Sam,Serious Sam
Serious Sam,antagonist,Metrodome Corporation,Serious Sam
Serious Sam,setting,Metrodome,Serious Sam
Serious Sam,weapons,Shotgun,Serious Sam
Serious Sam,weapons,Rocket Launcher,Serious Sam
Serious Sam,weapons,Plasma Rifle,Serious Sam
Serious Sam,weapons,Laser Cannon,Serious Sam
Serious Sam,weapons,Grenade Launcher,Serious Sam
Serious Sam,weapons,Freeze Ray,Serious Sam
Serious Sam,weapons,Shield,Serious Sam
Serious Sam,features,Level Editor,Serious Sam
Serious Sam,features,Multiplayer,Serious Sam
Serious Sam,sequel,Serious Sam 2,Serious Sam
Serious Sam,sequel,Serious Sam: The Hidden Crusade,Serious Sam
Serious Sam,sequel,Serious Sam: Confrontation,Serious Sam
Serious Sam,sequel,Serious Sam HD,Serious Sam
Serious Sam,sequel,Serious Sam: Until Dawn,Serious Sam
Serious Sam,sequel,Serious Sam 3: Year Zero,Serious Sam
Serious Sam,relatedTo,Max Payne,Serious Sam
Serious Sam,relatedTo,Doom,Serious Sam
Serious Sam,relatedTo,Quake,Serious Sam
Serious Sam,relatedTo,Half-Life,Serious Sam
Serious Sam,criticScore,86,Serious Sam
Serious Sam,sales,10 Million,Serious Sam
Serious Sam,director,Randy Smith,Serious Sam
Serious Sam,composer,David Harbour,Serious Sam
Serious Sam,gameplay,Fast-paced,Serious Sam
Serious Sam,gameplay,Action-packed,Serious Sam
Serious Sam,gameplay,Destructible Environments,Serious Sam
Serious Sam,gameplay,Wave-based Combat,Serious Sam
Serious Sam,gameplay,Boss Battles,Serious Sam
Serious Sam,version,Serious Sam: The First Encounter,Serious Sam
Serious Sam,version,Serious Sam 2: Operation Hammerhead,Serious Sam
Serious Sam,version,Serious Sam: The Hidden Crusade,Serious Sam
Serious Sam,version,Serious Sam: Confrontation,Serious Sam
Serious Sam,version,Serious Sam HD,Serious Sam
Serious Sam,version,Serious Sam: Until Dawn,Serious Sam
Serious Sam,version,Serious Sam 3: Year Zero,Serious Sam
"Sir Hugh Smith, 1st Baronet",instanceOf,Baronet,"Sir Hugh Smith, 1st Baronet"
"Sir Hugh Smith, 1st Baronet",instanceOf,Peer,"Sir Hugh Smith, 1st Baronet"
"Sir Hugh Smith, 1st Baronet",instanceOf,British Peer,"Sir Hugh Smith, 1st Baronet"
"Sir Hugh Smith, 1st Baronet",birthDate,1633-03-15,"Sir Hugh Smith, 1st Baronet"
"Sir Hugh Smith, 1st Baronet",deathDate,1688-05-14,"Sir Hugh Smith, 1st Baronet"
"Sir Hugh Smith, 1st Baronet",occupation,Soldier,"Sir Hugh Smith, 1st Baronet"
"Sir Hugh Smith, 1st Baronet",occupation,Military Officer,"Sir Hugh Smith, 1st Baronet"
"Sir Hugh Smith, 1st Baronet",placeOfBirth,England,"Sir Hugh Smith, 1st Baronet"
"Sir Hugh Smith, 1st Baronet",placeOfDeath,England,"Sir Hugh Smith, 1st Baronet"
"Sir Hugh Smith, 1st Baronet",service,English Civil War,"Sir Hugh Smith, 1st Baronet"
"Sir Hugh Smith, 1st Baronet",rank,Captain,"Sir Hugh Smith, 1st Baronet"
"Sir Hugh Smith, 1st Baronet",unit,King's Forces,"Sir Hugh Smith, 1st Baronet"
"Sir Hugh Smith, 1st Baronet",family,Smith family,"Sir Hugh Smith, 1st Baronet"
"Sir Hugh Smith, 1st Baronet",father,John Smith,"Sir Hugh Smith, 1st Baronet"
"Sir Hugh Smith, 1st Baronet",mother,Unknown,"Sir Hugh Smith, 1st Baronet"
"Sir Hugh Smith, 1st Baronet",wife,Unknown,"Sir Hugh Smith, 1st Baronet"
"Sir Hugh Smith, 1st Baronet",children,Hugh Smith,"Sir Hugh Smith, 1st Baronet"
"Sir Hugh Smith, 1st Baronet",baronetcyCreated,1672,"Sir Hugh Smith, 1st Baronet"
"Sir Hugh Smith, 1st Baronet",baronetDesignation,Smith of [Place],"Sir Hugh Smith, 1st Baronet"
"Sir Hugh Smith, 1st Baronet",placeOfBaronetcy,England,"Sir Hugh Smith, 1st Baronet"
Rodrigo Alonso,instanceOf,footballer,"Rodrigo Alonso (footballer, born 1982)"
Rodrigo Alonso,birthDate,1982-03-16,"Rodrigo Alonso (footballer, born 1982)"
Rodrigo Alonso,nationality,Spanish,"Rodrigo Alonso (footballer, born 1982)"
Rodrigo Alonso,club,Real Betis,"Rodrigo Alonso (footballer, born 1982)"
Rodrigo Alonso,position,Right-back,"Rodrigo Alonso (footballer, born 1982)"
Rodrigo Alonso,playingFor,Al-Nassr FC,"Rodrigo Alonso (footballer, born 1982)"
Rodrigo Alonso,dateJoined,2023-08-08,"Rodrigo Alonso (footballer, born 1982)"
Rodrigo Alonso,number,3,"Rodrigo Alonso (footballer, born 1982)"
Rodrigo Alonso,youthClub,Real Madrid,"Rodrigo Alonso (footballer, born 1982)"
Rodrigo Alonso,seasonsPlayedAtRealBetis,11,"Rodrigo Alonso (footballer, born 1982)"
Rodrigo Alonso,internationalDebut,2003-06-13,"Rodrigo Alonso (footballer, born 1982)"
Rodrigo Alonso,internationalAppearances,66,"Rodrigo Alonso (footballer, born 1982)"
Rodrigo Alonso,internationalGoals,1,"Rodrigo Alonso (footballer, born 1982)"
Rodrigo Alonso,captain,Real Betis (2010–2011),"Rodrigo Alonso (footballer, born 1982)"
Rodrigo Alonso,captain,Real Betis (2012–2013),"Rodrigo Alonso (footballer, born 1982)"
Rodrigo Alonso,captain,Real Betis (2016–2017),"Rodrigo Alonso (footballer, born 1982)"
Rodrigo Alonso,captain,Real Betis (2018–2020),"Rodrigo Alonso (footballer, born 1982)"
USS LST-952,instanceOf,"Landing Ship, Tank",USS LST-952
USS LST-952,commissioned,1944,USS LST-952
USS LST-952,retired,1972,USS LST-952
USS LST-952,servedIn,European Theater of Operations,USS LST-952
USS LST-952,servedIn,Pacific Theater of Operations,USS LST-952
USS LST-952,homePort,New York City,USS LST-952
USS LST-952,crewSize,800,USS LST-952
USS LST-952,length,650 feet,USS LST-952
USS LST-952,beam,105 feet,USS LST-952
USS LST-952,draft,31 feet,USS LST-952
USS LST-952,armament,"4 40mm Bofors guns, 2 20mm Oerlikon guns",USS LST-952
USS LST-952,operatedBy,United States Navy,USS LST-952
USS LST-952,participatedIn,D-Day,USS LST-952
USS LST-952,participatedIn,Operation Overlord,USS LST-952
USS LST-952,dockedAt,Utah Beach,USS LST-952
USS LST-952,dockedAt,Normandy,USS LST-952
USS LST-952,transferredTo,Naval Historical Center,USS LST-952
USS LST-952,location,"Washington, D.C.",USS LST-952
USS LST-952,class,LST-952,USS LST-952
USS LST-952,hullNumber,LST-952,USS LST-952
USS LST-952,builtBy,Bath Iron Works,USS LST-952
USS LST-952,launched,1944-03-15,USS LST-952
USS LST-952,displacement,"8,650 tons",USS LST-952
USS LST-952,type,"Landing Ship, Tank",USS LST-952
USS LST-952,commanders,Lieutenant Commander Robert E. H. Smith,USS LST-952
USS LST-952,servedWith,6th Assault Amphibious Force,USS LST-952
Giovanni Maria da Varano,instanceOf,Bishop,Giovanni Maria da Varano
Giovanni Maria da Varano,instanceOf,Catholic Priest,Giovanni Maria da Varano
Giovanni Maria da Varano,bornIn,Varano,Giovanni Maria da Varano
Giovanni Maria da Varano,diedIn,Varano,Giovanni Maria da Varano
Giovanni Maria da Varano,appointedAs,Bishop of San Marino,Giovanni Maria da Varano
Giovanni Maria da Varano,appointedOn,1522-08-28,Giovanni Maria da Varano
Giovanni Maria da Varano,residedIn,San Marino,Giovanni Maria da Varano
Giovanni Maria da Varano,successorOf,Antonio da Montefeltro,Giovanni Maria da Varano
Giovanni Maria da Varano,predecessorOf,Antonio da Montefeltro,Giovanni Maria da Varano
Giovanni Maria da Varano,affiliatedTo,Papal States,Giovanni Maria da Varano
Giovanni Maria da Varano,memberOf,Varano family,Giovanni Maria da Varano
Giovanni Maria da Varano,fatherOf,Giovanni Battista da Varano,Giovanni Maria da Varano
Giovanni Maria da Varano,motherOf,Lucrezia da Varano,Giovanni Maria da Varano
Giovanni Maria da Varano,brotherOf,Federico da Varano,Giovanni Maria da Varano
Giovanni Maria da Varano,uncleOf,Sigismondo da Varano,Giovanni Maria da Varano
Giovanni Maria da Varano,nephewOf,Antonio da Varano,Giovanni Maria da Varano
Giovanni Maria da Varano,cousinOf,Cesare da Varano,Giovanni Maria da Varano
Giovanni Maria da Varano,cousinOf,Uberto da Varano,Giovanni Maria da Varano
Giovanni Maria da Varano,cousinOf,Rinaldo da Varano,Giovanni Maria da Varano
Giovanni Maria da Varano,cousinOf,Francesco da Varano,Giovanni Maria da Varano
Giovanni Maria da Varano,cousinOf,Leonardo da Varano,Giovanni Maria da Varano
Giovanni Maria da Varano,cousinOf,Alberto da Varano,Giovanni Maria da Varano
Giovanni Maria da Varano,cousinOf,Matteo da Varano,Giovanni Maria da Varano
Giovanni Maria da Varano,cousinOf,Andrea da Varano,Giovanni Maria da Varano
Giovanni Maria da Varano,cousinOf,Lorenzo da Varano,Giovanni Maria da Varano
Giovanni Maria da Varano,cousinOf,Girolamo da Varano,Giovanni Maria da Varano
Giovanni Maria da Varano,cousinOf,Marco da Varano,Giovanni Maria da Varano
Giovanni Maria da Varano,cousinOf,Giovanni Battista da Varano,Giovanni Maria da Varano
Ascanio della Corgna,instanceOf,Person,Ascanio della Corgna
Ascanio della Corgna,birthDate,1430,Ascanio della Corgna
Ascanio della Corgna,deathDate,1485,Ascanio della Corgna
Ascanio della Corgna,placeOfBirth,Rome,Ascanio della Corgna
Ascanio della Corgna,placeOfDeath,Rome,Ascanio della Corgna
Ascanio della Corgna,occupation,Patrician,Ascanio della Corgna
Ascanio della Corgna,family,Della Corgna family,Ascanio della Corgna
Ascanio della Corgna,spouse,Orsola Orsini,Ascanio della Corgna
Ascanio della Corgna,child,Cesare della Corgna,Ascanio della Corgna
Ascanio della Corgna,child,Francesco della Corgna,Ascanio della Corgna
Ascanio della Corgna,child,Giovanni della Corgna,Ascanio della Corgna
Ascanio della Corgna,child,Giulia della Corgna,Ascanio della Corgna
Ascanio della Corgna,child,Lucrezia della Corgna,Ascanio della Corgna
Ascanio della Corgna,child,Valentina della Corgna,Ascanio della Corgna
Ascanio della Corgna,child,Pietro della Corgna,Ascanio della Corgna
Ascanio della Corgna,child,Bartolomeo della Corgna,Ascanio della Corgna
Ascanio della Corgna,child,Antonio della Corgna,Ascanio della Corgna
Ascanio della Corgna,child,Giovanni Battista della Corgna,Ascanio della Corgna
Ascanio della Corgna,child,Alessandro della Corgna,Ascanio della Corgna
Ascanio della Corgna,child,Girolamo della Corgna,Ascanio della Corgna
Better Late Than Never (1979 film),instanceOf,film,Better Late Than Never (1979 film)
Better Late Than Never (1979 film),directedBy,Francis Ford Coppola,Better Late Than Never (1979 film)
Better Late Than Never (1979 film),starring,Warren Beatty,Better Late Than Never (1979 film)
Better Late Than Never (1979 film),starring,Marsha Hunt,Better Late Than Never (1979 film)
Better Late Than Never (1979 film),starring,Robert Downey Jr.,Better Late Than Never (1979 film)
Better Late Than Never (1979 film),starring,Danny DeVito,Better Late Than Never (1979 film)
Better Late Than Never (1979 film),starring,Angela Lansbury,Better Late Than Never (1979 film)
Better Late Than Never (1979 film),genre,comedy,Better Late Than Never (1979 film)
Better Late Than Never (1979 film),genre,romance,Better Late Than Never (1979 film)
Better Late Than Never (1979 film),releaseDate,1979-12-15,Better Late Than Never (1979 film)
Better Late Than Never (1979 film),runtime,97 minutes,Better Late Than Never (1979 film)
Better Late Than Never (1979 film),plot,A man is haunted by a ghost from his past.,Better Late Than Never (1979 film)
Better Late Than Never (1979 film),basedOn,the 1936 film 'The Love Parade',Better Late Than Never (1979 film)
Better Late Than Never (1979 film),productionCompany,Paramount Pictures,Better Late Than Never (1979 film)
Better Late Than Never (1979 film),budget,$15 million,Better Late Than Never (1979 film)
Better Late Than Never (1979 film),boxOfficeRevenue,$33.7 million,Better Late Than Never (1979 film)
Better Late Than Never (1979 film),awards,Won 2 Golden Globes,Better Late Than Never (1979 film)
Better Late Than Never (1979 film),awards,Nominated for 1 Academy Award,Better Late Than Never (1979 film)
Better Late Than Never (1979 film),awards,Won 1 BAFTA,Better Late Than Never (1979 film)
Better Late Than Never (1979 film),awards,Won 1 Saturn Award,Better Late Than Never (1979 film)
Better Late Than Never (1979 film),country,USA,Better Late Than Never (1979 film)
Better Late Than Never (1979 film),language,English,Better Late Than Never (1979 film)
Better Late Than Never (1979 film),imdbRating,7.3,Better Late Than Never (1979 film)
Better Late Than Never (1979 film),wikipediaURL,https://en.wikipedia.org/wiki/Better_Late_Than_Never_(1979_film),Better Late Than Never (1979 film)
Felix Ua Duib Sláin,instanceOf,Irish hurler,Felix Ua Duib Sláin
Felix Ua Duib Sláin,playsFor,Naomh Colmáin,Felix Ua Duib Sláin
Felix Ua Duib Sláin,position,Midfield,Felix Ua Duib Sláin
Felix Ua Duib Sláin,dateOfBirth,1998-03-15,Felix Ua Duib Sláin
Felix Ua Duib Sláin,height,1.85 m,Felix Ua Duib Sláin
Felix Ua Duib Sláin,nationality,Irish,Felix Ua Duib Sláin
Felix Ua Duib Sláin,county,Cork,Felix Ua Duib Sláin
Felix Ua Duib Sláin,number,12,Felix Ua Duib Sláin
Felix Ua Duib Sláin,debutDate,2018-03-18,Felix Ua Duib Sláin
Felix Ua Duib Sláin,opponent,Limerick,Felix Ua Duib Sláin
Felix Ua Duib Sláin,teamMate,Brian Hurley,Felix Ua Duib Sláin
Felix Ua Duib Sláin,teamMate,Eoin Cadix,Felix Ua Duib Sláin
Felix Ua Duib Sláin,teamMate,Micheál Mullins,Felix Ua Duib Sláin
Felix Ua Duib Sláin,teamMate,Kevin O'Halloran,Felix Ua Duib Sláin
Felix Ua Duib Sláin,teamMate,Daragh Costello,Felix Ua Duib Sláin
Felix Ua Duib Sláin,teamMate,Cian Hurley,Felix Ua Duib Sláin
Felix Ua Duib Sláin,teamMate,James Downey,Felix Ua Duib Sláin
Felix Ua Duib Sláin,teamMate,Conor Cronin,Felix Ua Duib Sláin
Felix Ua Duib Sláin,teamMate,David O'Donovan,Felix Ua Duib Sláin
Voyant Tools,instanceOf,Software,Voyant Tools
Voyant Tools,developedBy,"University of California, Santa Cruz",Voyant Tools
Voyant Tools,hasFeature,Text Analysis,Voyant Tools
Voyant Tools,hasFeature,Corpus Linguistics,Voyant Tools
Voyant Tools,hasFeature,Sentiment Analysis,Voyant Tools
Voyant Tools,hasFeature,Topic Modeling,Voyant Tools
Voyant Tools,hasFeature,Network Analysis,Voyant Tools
Voyant Tools,hasFeature,Stylometry,Voyant Tools
Voyant Tools,hasFeature,Data Visualization,Voyant Tools
Voyant Tools,supports,Plain Text,Voyant Tools
Voyant Tools,supports,XML Files,Voyant Tools
Voyant Tools,supports,PDF Files,Voyant Tools
Voyant Tools,hasLicense,Open Source,Voyant Tools
Voyant Tools,website,https://voyanttools.org/,Voyant Tools
Voyant Tools,uses,Python,Voyant Tools
Voyant Tools,isUsedIn,Digital Humanities,Voyant Tools
Voyant Tools,isUsedIn,Literary Studies,Voyant Tools
Voyant Tools,isUsedIn,Social Science Research,Voyant Tools
Voyant Tools,hasVersion,2.0,Voyant Tools
Voyant Tools,hasVersion,2.1,Voyant Tools
Voyant Tools,hasVersion,2.2,Voyant Tools
Voyant Tools,hasVersion,2.3,Voyant Tools
Voyant Tools,hasVersion,2.4,Voyant Tools
Voyant Tools,hasVersion,2.5,Voyant Tools
Voyant Tools,hasVersion,2.6,Voyant Tools
Voyant Tools,hasVersion,2.7,Voyant Tools
Voyant Tools,hasVersion,2.8,Voyant Tools
Voyant Tools,hasVersion,2.9,Voyant Tools
Voyant Tools,hasVersion,3.0,Voyant Tools
Voyant Tools,hasVersion,3.1,Voyant Tools
Voyant Tools,hasVersion,3.2,Voyant Tools
Voyant Tools,hasVersion,3.3,Voyant Tools
Voyant Tools,hasVersion,3.4,Voyant Tools
Voyant Tools,hasVersion,3.5,Voyant Tools
Voyant Tools,hasVersion,3.6,Voyant Tools
Voyant Tools,hasVersion,3.7,Voyant Tools
Voyant Tools,hasVersion,3.8,Voyant Tools
Voyant Tools,hasVersion,3.9,Voyant Tools
Voyant Tools,hasVersion,4.0,Voyant Tools
Wendy Mogel,instanceOf,Author,Wendy Mogel
Wendy Mogel,instanceOf,Psychologist,Wendy Mogel
Wendy Mogel,bornIn,New York City,Wendy Mogel
Wendy Mogel,dateOfBirth,1968-07-29,Wendy Mogel
Wendy Mogel,occupation,Family Therapist,Wendy Mogel
Wendy Mogel,wrote,The Blessing of a Circle,Wendy Mogel
Wendy Mogel,wrote,Families and How They Work,Wendy Mogel
Wendy Mogel,wrote,The Siblings Bond,Wendy Mogel
Wendy Mogel,wrote,Enough Is Enough,Wendy Mogel
Wendy Mogel,teachesAt,Harvard University,Wendy Mogel
Wendy Mogel,teachesCourse,Parenting,Wendy Mogel
Wendy Mogel,focusesOn,Family Dynamics,Wendy Mogel
Wendy Mogel,focusesOn,Parent-Child Relationships,Wendy Mogel
Wendy Mogel,focusesOn,Sibling Relationships,Wendy Mogel
Wendy Mogel,advocatesFor,Realistic Parenting,Wendy Mogel
Wendy Mogel,advocatesFor,Emotional Intelligence,Wendy Mogel
Wendy Mogel,influenced,Numerous Parents,Wendy Mogel
Wendy Mogel,publishedIn,The New York Times,Wendy Mogel
Wendy Mogel,featuredIn,The Oprah Winfrey Show,Wendy Mogel
Wendy Mogel,website,https://www.wendymogel.com/,Wendy Mogel
Wendy Mogel,nationality,American,Wendy Mogel
Wendy Mogel,education,Ph.D. in Psychology,Wendy Mogel
Wendy Mogel,studiedUnder,Donald Peterson,Wendy Mogel
Wendy Mogel,collaboratedWith,Margaret Mead,Wendy Mogel
Wendy Mogel,relatedTo,David Mogel,Wendy Mogel
Wendy Mogel,relatedTo,Susan Mogel,Wendy Mogel
"Dmytrivka, Chernihiv Oblast",instanceOf,Settlement,"Dmytrivka, Chernihiv Oblast"
"Dmytrivka, Chernihiv Oblast",locatedIn,Chernihiv Oblast,"Dmytrivka, Chernihiv Oblast"
"Dmytrivka, Chernihiv Oblast",population,1668,"Dmytrivka, Chernihiv Oblast"
"Dmytrivka, Chernihiv Oblast",postalCode,06608,"Dmytrivka, Chernihiv Oblast"
"Dmytrivka, Chernihiv Oblast",area,12.63 km²,"Dmytrivka, Chernihiv Oblast"
"Dmytrivka, Chernihiv Oblast",elevation,193 m,"Dmytrivka, Chernihiv Oblast"
"Dmytrivka, Chernihiv Oblast",latitude,51.3747,"Dmytrivka, Chernihiv Oblast"
"Dmytrivka, Chernihiv Oblast",longitude,30.7444,"Dmytrivka, Chernihiv Oblast"
"Dmytrivka, Chernihiv Oblast",website,https://dmytrivka.chernihiv.gov.ua/,"Dmytrivka, Chernihiv Oblast"
"Dmytrivka, Chernihiv Oblast",mayor,Oleksandr Mykhailovych Kovalenko,"Dmytrivka, Chernihiv Oblast"
"Dmytrivka, Chernihiv Oblast",established,1830,"Dmytrivka, Chernihiv Oblast"
"Dmytrivka, Chernihiv Oblast",partOf,Chernihiv Oblast,"Dmytrivka, Chernihiv Oblast"
"Dmytrivka, Chernihiv Oblast",nearestCity,Chernihiv,"Dmytrivka, Chernihiv Oblast"
"Dmytrivka, Chernihiv Oblast",administrativeDivision,Chernihiv Oblast,"Dmytrivka, Chernihiv Oblast"
"Dmytrivka, Chernihiv Oblast",country,Ukraine,"Dmytrivka, Chernihiv Oblast"
Robert Hurley,instanceOf,swimmer,Robert Hurley (swimmer)
Robert Hurley,bornIn,New York City,Robert Hurley (swimmer)
Robert Hurley,dateOfBirth,1967-07-23,Robert Hurley (swimmer)
Robert Hurley,nationality,American,Robert Hurley (swimmer)
Robert Hurley,occupation,swimming coach,Robert Hurley (swimmer)
Robert Hurley,coached,Ryan Lochte,Robert Hurley (swimmer)
Robert Hurley,coached,Jake Gibb,Robert Hurley (swimmer)
Robert Hurley,coached,Tyler Cluthe,Robert Hurley (swimmer)
Robert Hurley,coached,Jamie Price,Robert Hurley (swimmer)
Robert Hurley,coached,Kelsi Sanders,Robert Hurley (swimmer)
Robert Hurley,coached,Michael Pack,Robert Hurley (swimmer)
Robert Hurley,coached,Matt Grevers,Robert Hurley (swimmer)
Robert Hurley,education,University of Florida,Robert Hurley (swimmer)
Robert Hurley,degree,Bachelor of Science,Robert Hurley (swimmer)
Robert Hurley,specialty,breaststroke,Robert Hurley (swimmer)
Robert Hurley,team,University of Florida Gators,Robert Hurley (swimmer)
2012 Stockport Metropolitan Borough Council election,instanceOf,Local Election,2012 Stockport Metropolitan Borough Council election
2012 Stockport Metropolitan Borough Council election,heldIn,Stockport Metropolitan Borough,2012 Stockport Metropolitan Borough Council election
2012 Stockport Metropolitan Borough Council election,date,2012-03-07,2012 Stockport Metropolitan Borough Council election
2012 Stockport Metropolitan Borough Council election,type,Council Election,2012 Stockport Metropolitan Borough Council election
2012 Stockport Metropolitan Borough Council election,result,Conservative Party gained control,2012 Stockport Metropolitan Borough Council election
2012 Stockport Metropolitan Borough Council election,numberSeats,21,2012 Stockport Metropolitan Borough Council election
2012 Stockport Metropolitan Borough Council election,candidates,Various,2012 Stockport Metropolitan Borough Council election
Conservative Party,politicalParty,Conservative,2012 Stockport Metropolitan Borough Council election
Labour Party,politicalParty,Labour,2012 Stockport Metropolitan Borough Council election
Liberal Democrats,politicalParty,Liberal Democrats,2012 Stockport Metropolitan Borough Council election
Stockport Metropolitan Borough Council,isA,Local Council,2012 Stockport Metropolitan Borough Council election
Stockport,isA,Metropolitan Borough,2012 Stockport Metropolitan Borough Council election
Greater Manchester,isA,County,2012 Stockport Metropolitan Borough Council election
2012 Stockport Metropolitan Borough Council election,voterTurnout,67.3%,2012 Stockport Metropolitan Borough Council election
2012 Stockport Metropolitan Borough Council election,seatsConservative,10,2012 Stockport Metropolitan Borough Council election
2012 Stockport Metropolitan Borough Council election,seatsLabour,7,2012 Stockport Metropolitan Borough Council election
2012 Stockport Metropolitan Borough Council election,seatsLiberalDemocrat,2,2012 Stockport Metropolitan Borough Council election
2012 Stockport Metropolitan Borough Council election,seatsIndependent,2,2012 Stockport Metropolitan Borough Council election
Stockport,population,"Over 280,000",2012 Stockport Metropolitan Borough Council election
Stockport Metropolitan Borough Council,responsibleFor,Local Services,2012 Stockport Metropolitan Borough Council election
Stockport Metropolitan Borough Council,area,Stockport,2012 Stockport Metropolitan Borough Council election
Conservative Party,leader,David Cameron,2012 Stockport Metropolitan Borough Council election
Labour Party,leader,Ed Miliband,2012 Stockport Metropolitan Borough Council election
Liberal Democrats,leader,Nick Clegg,2012 Stockport Metropolitan Borough Council election
2012 Stockport Metropolitan Borough Council election,electionAuthority,Returning Officer,2012 Stockport Metropolitan Borough Council election
Stockport,county,Greater Manchester,2012 Stockport Metropolitan Borough Council election
2012 Stockport Metropolitan Borough Council election,electionDate,2012-03-07,2012 Stockport Metropolitan Borough Council election
Conservative Party,policies,Fiscal Conservatism,2012 Stockport Metropolitan Borough Council election
Labour Party,policies,Social Justice,2012 Stockport Metropolitan Borough Council election
Liberal Democrats,policies,Centrist Politics,2012 Stockport Metropolitan Borough Council election
2012 Stockport Metropolitan Borough Council election,politicalContext,General Election Year,2012 Stockport Metropolitan Borough Council election
2012 Stockport Metropolitan Borough Council election,electionCampaign,Various Parties,2012 Stockport Metropolitan Borough Council election
Stockport Metropolitan Borough Council,members,Councillors,2012 Stockport Metropolitan Borough Council election
2012 Stockport Metropolitan Borough Council election,votingSystem,First Past the Post,2012 Stockport Metropolitan Borough Council election
Conservative Party,headquarters,London,2012 Stockport Metropolitan Borough Council election
Labour Party,headquarters,London,2012 Stockport Metropolitan Borough Council election
Liberal Democrats,headquarters,London,2012 Stockport Metropolitan Borough Council election
2012 Stockport Metropolitan Borough Council election,electionType,Local Council Election,2012 Stockport Metropolitan Borough Council election
Stockport Metropolitan Borough Council,website,https://www.stockport.gov.uk/,2012 Stockport Metropolitan Borough Council election
2012 Stockport Metropolitan Borough Council election,electionResults,Published by Electoral Services,2012 Stockport Metropolitan Borough Council election
Conservative Party,colour,Blue,2012 Stockport Metropolitan Borough Council election
Labour Party,colour,Red,2012 Stockport Metropolitan Borough Council election
Liberal Democrats,colour,Yellow,2012 Stockport Metropolitan Borough Council election
2012 Stockport Metropolitan Borough Council election,electionReporting,Local Media,2012 Stockport Metropolitan Borough Council election
Stockport Metropolitan Borough Council,services,Waste Collection,2012 Stockport Metropolitan Borough Council election
Stockport Metropolitan Borough Council,services,Road Maintenance,2012 Stockport Metropolitan Borough Council election
Stockport Metropolitan Borough Council,services,Social Care,2012 Stockport Metropolitan Borough Council election
2012 Stockport Metropolitan Borough Council election,electionCampaigning,Door-to-door campaigning,2012 Stockport Metropolitan Borough Council election
2012 Stockport Metropolitan Borough Council election,electionAdvertising,Local Newspapers,2012 Stockport Metropolitan Borough Council election
Stockport,geography,Pennine Moors,2012 Stockport Metropolitan Borough Council election
Stockport,industries,Manufacturing,2012 Stockport Metropolitan Borough Council election
Stockport,transport,Railway Hub,2012 Stockport Metropolitan Borough Council election
2012 Stockport Metropolitan Borough Council election,electionMonitoring,Independent Observers,2012 Stockport Metropolitan Borough Council election
HMS Reindeer (1883),instanceOf,Ship,HMS Reindeer (1883)
HMS Reindeer (1883),commissioned,1883,HMS Reindeer (1883)
HMS Reindeer (1883),servedIn,Arctic Patrol,HMS Reindeer (1883)
HMS Reindeer (1883),servedIn,Arctic Expedition,HMS Reindeer (1883)
HMS Reindeer (1883),servedIn,Russian Civil War,HMS Reindeer (1883)
HMS Reindeer (1883),builtBy,"Hawker, Smith & Co.",HMS Reindeer (1883)
HMS Reindeer (1883),shipType,Steam yacht,HMS Reindeer (1883)
HMS Reindeer (1883),length,90 feet,HMS Reindeer (1883)
HMS Reindeer (1883),displacement,270 tons,HMS Reindeer (1883)
HMS Reindeer (1883),crewSize,22,HMS Reindeer (1883)
HMS Reindeer (1883),commandedBy,Captain Robert Drysdale,HMS Reindeer (1883)
HMS Reindeer (1883),sold,1903,HMS Reindeer (1883)
HMS Reindeer (1883),usedFor,Scientific expeditions,HMS Reindeer (1883)
HMS Reindeer (1883),usedFor,Patrolling the Arctic,HMS Reindeer (1883)
HMS Reindeer (1883),locatedIn,Greenwich,HMS Reindeer (1883)
HMS Reindeer (1883),registeredTonnage,270,HMS Reindeer (1883)
HMS Reindeer (1883),flag,Royal Navy,HMS Reindeer (1883)
HMS Reindeer (1883),armament,Two 6-pounder guns,HMS Reindeer (1883)
HMS Reindeer (1883),propulsion,Steam,HMS Reindeer (1883)
HMS Reindeer (1883),hullMaterial,Wood,HMS Reindeer (1883)
HMS Reindeer (1883),countryOfOrigin,United Kingdom,HMS Reindeer (1883)
HMS Reindeer (1883),builder,"Hawker, Smith & Co.",HMS Reindeer (1883)
HMS Reindeer (1883),design,Steam yacht,HMS Reindeer (1883)
HMS Reindeer (1883),historicalSignificance,Arctic exploration,HMS Reindeer (1883)
HMS Reindeer (1883),historicalSignificance,Russian Civil War operations,HMS Reindeer (1883)
Dunfermline and Dollar,instanceOf,Town,Dunfermline and Dollar
Dunfermline and Dollar,locatedIn,Scotland,Dunfermline and Dollar
Dunfermline and Dollar,partOf,Fife,Dunfermline and Dollar
Dunfermline and Dollar,hasLandmark,Dunfermline Palace,Dunfermline and Dollar
Dunfermline and Dollar,hasLandmark,Greyfriars Kirkyard,Dunfermline and Dollar
Dunfermline and Dollar,hasLandmark,Wellwood,Dunfermline and Dollar
Dunfermline and Dollar,hasLandmark,Cross Keys Inn,Dunfermline and Dollar
Dunfermline and Dollar,hasLandmark,St Margaret's Church,Dunfermline and Dollar
Dunfermline and Dollar,hasLandmark,East Collegiate Church,Dunfermline and Dollar
Dunfermline and Dollar,hasLandmark,Castle Kennedy,Dunfermline and Dollar
Dunfermline and Dollar,hasIndustry,Manufacturing,Dunfermline and Dollar
Dunfermline and Dollar,hasIndustry,Tourism,Dunfermline and Dollar
Dunfermline and Dollar,hasPopulation,"Approximately 100,000",Dunfermline and Dollar
Dunfermline and Dollar,connectedTo,Scottish Borders,Dunfermline and Dollar
Dunfermline and Dollar,connectedTo,Stirling,Dunfermline and Dollar
Dunfermline and Dollar,connectedTo,Perth,Dunfermline and Dollar
Dunfermline and Dollar,hasRiver,River Forth,Dunfermline and Dollar
Dunfermline and Dollar,hasRiver,River Teith,Dunfermline and Dollar
Dunfermline and Dollar,hasHistory,Medieval,Dunfermline and Dollar
Dunfermline and Dollar,hasHistory,Scottish Independence,Dunfermline and Dollar
Dunfermline and Dollar,hasHistory,Robert the Bruce,Dunfermline and Dollar
Dunfermline and Dollar,isHomeTo,University of St Andrews (nearby),Dunfermline and Dollar
Dunfermline and Dollar,isLocatedNear,Kinross,Dunfermline and Dollar
Dunfermline and Dollar,isLocatedNear,Auchtermuchty,Dunfermline and Dollar
Dunfermline and Dollar,isLocatedNear,Crosshill,Dunfermline and Dollar
Dunfermline and Dollar,isLocatedNear,Ballintuna,Dunfermline and Dollar
Dunfermline and Dollar,hasArea,Approximately 60 square kilometers,Dunfermline and Dollar
Broch of Culswick,instanceOf,Standing Stone,Broch of Culswick
Broch of Culswick,locatedIn,Orkney,Broch of Culswick
Broch of Culswick,locatedIn,Scotland,Broch of Culswick
Broch of Culswick,partOf,Orkney Mainland,Broch of Culswick
Broch of Culswick,date,Bronze Age,Broch of Culswick
Broch of Culswick,date,Iron Age,Broch of Culswick
Broch of Culswick,type,Broch,Broch of Culswick
Broch of Culswick,height,3.7 meters,Broch of Culswick
Broch of Culswick,width,6 meters,Broch of Culswick
Broch of Culswick,length,9 meters,Broch of Culswick
Broch of Culswick,material,Stone,Broch of Culswick
Broch of Culswick,status,Scheduled Monument,Broch of Culswick
Broch of Culswick,grid_ref,NH82 33,Broch of Culswick
Broch of Culswick,latitude,58.7433,Broch of Culswick
Broch of Culswick,longitude,-3.0333,Broch of Culswick
Broch of Culswick,nearby,Culswick,Broch of Culswick
Broch of Culswick,nearby,Birsay,Broch of Culswick
Broch of Culswick,nearby,Foula,Broch of Culswick
Broch of Culswick,nearby,Sanday,Broch of Culswick
Broch of Culswick,nearby,Westray,Broch of Culswick
Broch of Culswick,nearby,Hoy,Broch of Culswick
Broch of Culswick,nearby,South Stack,Broch of Culswick
Broch of Culswick,nearby,St Mary's Isle,Broch of Culswick
Broch of Culswick,nearby,Kirkwall,Broch of Culswick
Broch of Culswick,associatedWith,Picts,Broch of Culswick
Broch of Culswick,associatedWith,Vikings,Broch of Culswick
Broch of Culswick,associatedWith,Scottish clans,Broch of Culswick
Line S4,instanceOf,railway service,Line S4 (Milan suburban railway service)
Line S4,locatedIn,Milan,Line S4 (Milan suburban railway service)
Line S4,partOf,Milan suburban railway,Line S4 (Milan suburban railway service)
Line S4,operator,Trenitalia,Line S4 (Milan suburban railway service)
Line S4,type,metro,Line S4 (Milan suburban railway service)
Line S4,startStation,Sesto Rondò,Line S4 (Milan suburban railway service)
Line S4,endStation,Rho Fiera,Line S4 (Milan suburban railway service)
Line S4,length,17.3 km,Line S4 (Milan suburban railway service)
Line S4,numberStations,12,Line S4 (Milan suburban railway service)
Line S4,frequency,10-20 minutes,Line S4 (Milan suburban railway service)
Line S4,opened,2023,Line S4 (Milan suburban railway service)
Line S4,color,Blue,Line S4 (Milan suburban railway service)
Line S4,station,Sesto Rondò,Line S4 (Milan suburban railway service)
Line S4,station,Segrate,Line S4 (Milan suburban railway service)
Line S4,station,Rho Fiera,Line S4 (Milan suburban railway service)
Line S4,station,Sesto Garibaldi,Line S4 (Milan suburban railway service)
Line S4,station,Cusano Milanino,Line S4 (Milan suburban railway service)
Line S4,station,Villa Cortese,Line S4 (Milan suburban railway service)
Line S4,station,Segrate Bersaglio,Line S4 (Milan suburban railway service)
Line S4,station,Colte del Collio,Line S4 (Milan suburban railway service)
Line S4,station,Sesto San Giovanni,Line S4 (Milan suburban railway service)
Line S4,station,Segrate Staz.,Line S4 (Milan suburban railway service)
Line S4,station,Rho,Line S4 (Milan suburban railway service)
Line S4,station,Rho ASSE,Line S4 (Milan suburban railway service)
"Ternovoye, Podgorensky District, Voronezh Oblast",instanceOf,Settlement,"Ternovoye, Podgorensky District, Voronezh Oblast"
"Ternovoye, Podgorensky District, Voronezh Oblast",locatedIn,"Podgorensky District, Voronezh Oblast","Ternovoye, Podgorensky District, Voronezh Oblast"
"Podgorensky District, Voronezh Oblast",locatedIn,Voronezh Oblast,"Ternovoye, Podgorensky District, Voronezh Oblast"
Voronezh Oblast,locatedIn,Russian Federation,"Ternovoye, Podgorensky District, Voronezh Oblast"
Russian Federation,memberOf,United Nations,"Ternovoye, Podgorensky District, Voronezh Oblast"
"Ternovoye, Podgorensky District, Voronezh Oblast",population,361,"Ternovoye, Podgorensky District, Voronezh Oblast"
"Ternovoye, Podgorensky District, Voronezh Oblast",postalCode,354310,"Ternovoye, Podgorensky District, Voronezh Oblast"
"Ternovoye, Podgorensky District, Voronezh Oblast",area,12.33 km²,"Ternovoye, Podgorensky District, Voronezh Oblast"
"Ternovoye, Podgorensky District, Voronezh Oblast",elevation,187 m,"Ternovoye, Podgorensky District, Voronezh Oblast"
"Ternovoye, Podgorensky District, Voronezh Oblast",latitude,51.3333,"Ternovoye, Podgorensky District, Voronezh Oblast"
"Ternovoye, Podgorensky District, Voronezh Oblast",longitude,40.4333,"Ternovoye, Podgorensky District, Voronezh Oblast"
"Ternovoye, Podgorensky District, Voronezh Oblast",timeZone,MSK,"Ternovoye, Podgorensky District, Voronezh Oblast"
"Ternovoye, Podgorensky District, Voronezh Oblast",currency,RUB,"Ternovoye, Podgorensky District, Voronezh Oblast"
"Ternovoye, Podgorensky District, Voronezh Oblast",officialLanguage,Russian,"Ternovoye, Podgorensky District, Voronezh Oblast"
Jatt & Juliet 2,instanceOf,film,Jatt & Juliet 2
Jatt & Juliet 2,instanceOf,romantic drama,Jatt & Juliet 2
Jatt & Juliet 2,instanceOf,Indian film,Jatt & Juliet 2
Jatt & Juliet 2,releaseDate,2013-01-01,Jatt & Juliet 2
Jatt & Juliet 2,director,Amarinder Gill,Jatt & Juliet 2
Jatt & Juliet 2,writer,Babbaljeet Singh,Jatt & Juliet 2
Jatt & Juliet 2,starring,Gurpreet Ganda,Jatt & Juliet 2
Jatt & Juliet 2,starring,Preet Harpal,Jatt & Juliet 2
Jatt & Juliet 2,starring,Bhindranwale Singh,Jatt & Juliet 2
Jatt & Juliet 2,starring,Harwinder Brar,Jatt & Juliet 2
Jatt & Juliet 2,musicDirector,Bhindranwale Singh,Jatt & Juliet 2
Jatt & Juliet 2,language,Punjabi,Jatt & Juliet 2
Jatt & Juliet 2,country,India,Jatt & Juliet 2
Jatt & Juliet 2,budget,12000000,Jatt & Juliet 2
Jatt & Juliet 2,revenue,12000000,Jatt & Juliet 2
Jatt & Juliet 2,plot,A romantic story set in Punjab.,Jatt & Juliet 2
Jatt & Juliet 2,genre,Romance,Jatt & Juliet 2
Jatt & Juliet 2,relatedTo,Jatt & Juliet,Jatt & Juliet 2
Jatt & Juliet 2,relatedTo,Romeo and Juliet,Jatt & Juliet 2
Tingel-Tangel (1930 film),instanceOf,film,Tingel-Tangel (1930 film)
Tingel-Tangel (1930 film),directedBy,Léo Walska,Tingel-Tangel (1930 film)
Tingel-Tangel (1930 film),genre,comedy,Tingel-Tangel (1930 film)
Tingel-Tangel (1930 film),country,France,Tingel-Tangel (1930 film)
Tingel-Tangel (1930 film),released,1930,Tingel-Tangel (1930 film)
Tingel-Tangel (1930 film),starring,Pierre Fresnay,Tingel-Tangel (1930 film)
Tingel-Tangel (1930 film),starring,Germaine Fischer,Tingel-Tangel (1930 film)
Tingel-Tangel (1930 film),starring,Louis Lombard,Tingel-Tangel (1930 film)
Tingel-Tangel (1930 film),plot,A comedic story about a wealthy man's attempts to find a suitable wife.,Tingel-Tangel (1930 film)
Tingel-Tangel (1930 film),runtime,80 minutes,Tingel-Tangel (1930 film)
Tingel-Tangel (1930 film),productionCompany,Les Films Violet,Tingel-Tangel (1930 film)
Tingel-Tangel (1930 film),basedOn,play,Tingel-Tangel (1930 film)
Tingel-Tangel (1930 film),play,Tingel-Tangel (play),Tingel-Tangel (1930 film)
Tingel-Tangel (1930 film),director,Léo Walska,Tingel-Tangel (1930 film)
Tingel-Tangel (1930 film),writer,Léo Walska,Tingel-Tangel (1930 film)
Borisoglebsky,instanceOf,Settlement,"Borisoglebsky, Murmansk Oblast"
Borisoglebsky,locatedIn,Murmansk Oblast,"Borisoglebsky, Murmansk Oblast"
Borisoglebsky,population,12345,"Borisoglebsky, Murmansk Oblast"
Borisoglebsky,postalCode,185546,"Borisoglebsky, Murmansk Oblast"
Borisoglebsky,timeZone,MSK,"Borisoglebsky, Murmansk Oblast"
Borisoglebsky,area,36.93,"Borisoglebsky, Murmansk Oblast"
Borisoglebsky,elevation,40,"Borisoglebsky, Murmansk Oblast"
Borisoglebsky,established,1780,"Borisoglebsky, Murmansk Oblast"
Borisoglebsky,partOf,Murmansk Oblast,"Borisoglebsky, Murmansk Oblast"
Murmansk Oblast,instanceOf,Federal Subject of Russia,"Borisoglebsky, Murmansk Oblast"
Murmansk Oblast,locatedIn,Russia,"Borisoglebsky, Murmansk Oblast"
Borisoglebsky,coordinates,"63.7717, 32.7433","Borisoglebsky, Murmansk Oblast"
China Railway CR400AF,instanceOf,locomotive,China Railway CR400AF
China Railway CR400AF,manufacturer,China Railway Rolling Stock Corporation Limited,China Railway CR400AF
China Railway CR400AF,maxSpeed,350 km/h,China Railway CR400AF
China Railway CR400AF,maxLoad,1200 tonnes,China Railway CR400AF
China Railway CR400AF,type,electric locomotive,China Railway CR400AF
China Railway CR400AF,introduced,2016,China Railway CR400AF
China Railway CR400AF,usedOn,GCR (Guangzhou–Chengdu Railway),China Railway CR400AF
China Railway CR400AF,usedOn,Beijing–Shanghai High-Speed Railway,China Railway CR400AF
China Railway CR400AF,usedOn,Other high-speed lines in China,China Railway CR400AF
China Railway CR400AF,power,3kV DC,China Railway CR400AF
China Railway CR400AF,length,23.6 meters,China Railway CR400AF
China Railway CR400AF,weight,120 tonnes,China Railway CR400AF
China Railway CR400AF,tractionMotor,Synchronous motor,China Railway CR400AF
China Railway CR400AF,brakeSystem,Regenerative braking,China Railway CR400AF
China Railway CR400AF,controlSystem,Automatic train protection,China Railway CR400AF
China Railway CR400AF,design,Developed by CRRC,China Railway CR400AF
China Railway CR400AF,operation,High-speed passenger transport,China Railway CR400AF
China Railway CR400AF,technology,Advanced traction technology,China Railway CR400AF
China Railway CR400AF,development,Part of China's high-speed rail development,China Railway CR400AF
China Railway CR400AF,role,Key component of China's rail infrastructure,China Railway CR400AF
China Railway CR400AF,location,"Changchun, Jilin Province",China Railway CR400AF
China Railway CR400AF,successor,CR409AF,China Railway CR400AF
China Railway CR400AF,relatedTo,CR series locomotives,China Railway CR400AF
China Railway CR400AF,purpose,Passenger transport,China Railway CR400AF
China Railway CR400AF,status,In service,China Railway CR400AF
"Dumbleton, Queensland",instanceOf,locality,"Dumbleton, Queensland"
"Dumbleton, Queensland",locatedIn,Queensland,"Dumbleton, Queensland"
"Dumbleton, Queensland",partOf,Greater Brisbane Area,"Dumbleton, Queensland"
"Dumbleton, Queensland",postcode,4178,"Dumbleton, Queensland"
"Dumbleton, Queensland",population,237,"Dumbleton, Queensland"
"Dumbleton, Queensland",nearest_town,Toowoomba,"Dumbleton, Queensland"
"Dumbleton, Queensland",distance_to,Toowoomba,"Dumbleton, Queensland"
"Dumbleton, Queensland",elevation,320,"Dumbleton, Queensland"
"Dumbleton, Queensland",climate,subtropical,"Dumbleton, Queensland"
"Dumbleton, Queensland",agriculture,cattle farming,"Dumbleton, Queensland"
"Dumbleton, Queensland",industry,rural,"Dumbleton, Queensland"
"Dumbleton, Queensland",road_access,Warrenton-Dumbleton Road,"Dumbleton, Queensland"
"Dumbleton, Queensland",nearby_landmark,Mount Killarney,"Dumbleton, Queensland"
"Dumbleton, Queensland",soil_type,loam,"Dumbleton, Queensland"
"Dumbleton, Queensland",water_source,irrigation,"Dumbleton, Queensland"
"Sipesville, Pennsylvania",instanceOf,Town,"Sipesville, Pennsylvania"
"Sipesville, Pennsylvania",locatedIn,"Lawrence County, Pennsylvania","Sipesville, Pennsylvania"
"Sipesville, Pennsylvania",locatedIn,Pennsylvania,"Sipesville, Pennsylvania"
"Sipesville, Pennsylvania",population,368,"Sipesville, Pennsylvania"
"Sipesville, Pennsylvania",zipCode,15473,"Sipesville, Pennsylvania"
"Sipesville, Pennsylvania",areaCode,724,"Sipesville, Pennsylvania"
"Sipesville, Pennsylvania",timeZone,Eastern Time,"Sipesville, Pennsylvania"
"Sipesville, Pennsylvania",latitude,40.4534,"Sipesville, Pennsylvania"
"Sipesville, Pennsylvania",longitude,-79.7485,"Sipesville, Pennsylvania"
"Sipesville, Pennsylvania",elevation,383 feet,"Sipesville, Pennsylvania"
"Sipesville, Pennsylvania",founded,1836,"Sipesville, Pennsylvania"
"Sipesville, Pennsylvania",countySeat,Lawrence County,"Sipesville, Pennsylvania"
"Sipesville, Pennsylvania",website,http://www.sipesvillepa.com/,"Sipesville, Pennsylvania"
"Sipesville, Pennsylvania",demonym,Sipesvillian,"Sipesville, Pennsylvania"
"Sipesville, Pennsylvania",postalCode,15473,"Sipesville, Pennsylvania"
"Sipesville, Pennsylvania",state,Pennsylvania,"Sipesville, Pennsylvania"
"Sipesville, Pennsylvania",country,United States,"Sipesville, Pennsylvania"
Mionnay station,instanceOf,train station,Mionnay station
Mionnay station,locatedIn,Saint-Brieuc department,Mionnay station
Mionnay station,locatedIn,Brittany,Mionnay station
Mionnay station,connectedTo,Saint-Brieuc station,Mionnay station
Mionnay station,on,Saint-Brieuc–Dinard railway,Mionnay station
Mionnay station,postalCode,22270,Mionnay station
Mionnay station,coordinates,"48.2345, -2.8890",Mionnay station
Mionnay station,operator,SNCF,Mionnay station
Mionnay station,hasPlatform,Platform 1,Mionnay station
Mionnay station,hasPlatform,Platform 2,Mionnay station
Mionnay station,serves,TER Bretagne,Mionnay station
Mionnay station,serves,local trains,Mionnay station
Mionnay station,yearOpened,1936,Mionnay station
Mionnay station,isA,French railway station,Mionnay station
"Mill Creek East, Washington",instanceOf,City,"Mill Creek East, Washington"
"Mill Creek East, Washington",locatedIn,"Snohomish County, Washington","Mill Creek East, Washington"
"Mill Creek East, Washington",hasPopulation,"14,986","Mill Creek East, Washington"
"Mill Creek East, Washington",hasZipCodes,98035,"Mill Creek East, Washington"
"Mill Creek East, Washington",adjacentTo,"Mill Creek, Washington","Mill Creek East, Washington"
"Mill Creek East, Washington",near,"Juanita, Washington","Mill Creek East, Washington"
"Mill Creek East, Washington",partOf,Mill Creek,"Mill Creek East, Washington"
"Mill Creek East, Washington",hasLandmark,Mill Creek Town Center,"Mill Creek East, Washington"
"Mill Creek East, Washington",hasBusiness,Whole Foods Market,"Mill Creek East, Washington"
"Mill Creek East, Washington",hasBusiness,Safeway,"Mill Creek East, Washington"
"Mill Creek East, Washington",hasBusiness,Starbucks,"Mill Creek East, Washington"
"Mill Creek East, Washington",hasBusiness,Wells Fargo Bank,"Mill Creek East, Washington"
"Mill Creek East, Washington",hasBusiness,First Federal Credit Union,"Mill Creek East, Washington"
"Mill Creek East, Washington",hasBusiness,Mill Creek Books,"Mill Creek East, Washington"
"Mill Creek East, Washington",hasBusiness,Mill Creek Cinema,"Mill Creek East, Washington"
"Mill Creek East, Washington",hasBusiness,The Village Tavern,"Mill Creek East, Washington"
"Mill Creek East, Washington",hasBusiness,Mill Creek Dry Cleaners,"Mill Creek East, Washington"
"Mill Creek East, Washington",hasBusiness,Mill Creek Veterinary Clinic,"Mill Creek East, Washington"
"Mill Creek East, Washington",hasBusiness,Mill Creek Auto Repair,"Mill Creek East, Washington"
"Mill Creek East, Washington",hasBusiness,Mill Creek Massage Therapy,"Mill Creek East, Washington"
"Mill Creek East, Washington",hasBusiness,Mill Creek Hair Salon,"Mill Creek East, Washington"
"Mill Creek East, Washington",hasBusiness,Mill Creek Dental,"Mill Creek East, Washington"
"Mill Creek East, Washington",hasBusiness,Mill Creek Physical Therapy,"Mill Creek East, Washington"
"Mill Creek East, Washington",hasBusiness,Mill Creek Roofing,"Mill Creek East, Washington"
"Mill Creek East, Washington",hasBusiness,Mill Creek Plumbing,"Mill Creek East, Washington"
"Mill Creek East, Washington",hasBusiness,Mill Creek Electrical,"Mill Creek East, Washington"
"Mill Creek East, Washington",hasBusiness,Mill Creek Painting,"Mill Creek East, Washington"
"Mill Creek East, Washington",hasBusiness,Mill Creek Window Cleaning,"Mill Creek East, Washington"
"Mill Creek East, Washington",hasBusiness,Mill Creek Landscaping,"Mill Creek East, Washington"
"Mill Creek East, Washington",hasBusiness,Mill Creek Tree Service,"Mill Creek East, Washington"
"Mill Creek East, Washington",hasBusiness,Mill Creek Excavation,"Mill Creek East, Washington"
"Mill Creek East, Washington",hasBusiness,Mill Creek Concrete,"Mill Creek East, Washington"
"Mill Creek East, Washington",hasBusiness,Mill Creek Construction,"Mill Creek East, Washington"
"Mill Creek East, Washington",hasBusiness,Mill Creek Remodeling,"Mill Creek East, Washington"
"Mill Creek East, Washington",hasBusiness,Mill Creek Restoration,"Mill Creek East, Washington"
"Mill Creek East, Washington",hasBusiness,Mill Creek Cleaning,"Mill Creek East, Washington"
"Mill Creek East, Washington",hasBusiness,Mill Creek Junk Removal,"Mill Creek East, Washington"
"Mill Creek East, Washington",hasBusiness,Mill Creek Moving,"Mill Creek East, Washington"
"Mill Creek East, Washington",hasBusiness,Mill Creek Storage,"Mill Creek East, Washington"
"Mill Creek East, Washington",hasBusiness,Mill Creek Property Management,"Mill Creek East, Washington"
"Mill Creek East, Washington",hasBusiness,Mill Creek Event Planning,"Mill Creek East, Washington"
"Mill Creek East, Washington",hasBusiness,Mill Creek Catering,"Mill Creek East, Washington"
"Mill Creek East, Washington",hasBusiness,Mill Creek Photography,"Mill Creek East, Washington"
"Mill Creek East, Washington",hasBusiness,Mill Creek Videography,"Mill Creek East, Washington"
"Mill Creek East, Washington",hasBusiness,Mill Creek Web Design,"Mill Creek East, Washington"
"Mill Creek East, Washington",hasBusiness,Mill Creek Marketing,"Mill Creek East, Washington"
"Mill Creek East, Washington",hasBusiness,Mill Creek Social Media,"Mill Creek East, Washington"
"Mill Creek East, Washington",hasBusiness,Mill Creek Graphic Design,"Mill Creek East, Washington"
"Mill Creek East, Washington",hasBusiness,Mill Creek Printing,"Mill Creek East, Washington"
"Mill Creek East, Washington",hasBusiness,Mill Creek Copying,"Mill Creek East, Washington"
"Mill Creek East, Washington",hasBusiness,Mill Creek Mailing,"Mill Creek East, Washington"
"Mill Creek East, Washington",hasBusiness,Mill Creek Courier,"Mill Creek East, Washington"
"Mill Creek East, Washington",hasBusiness,Mill Creek Delivery,"Mill Creek East, Washington"
"Mill Creek East, Washington",hasBusiness,Mill Creek Drone Services,"Mill Creek East, Washington"
Krishnam Raju Gadiraju,instanceOf,Actor,Krishnam Raju Gadiraju
Krishnam Raju Gadiraju,instanceOf,Politician,Krishnam Raju Gadiraju
Krishnam Raju Gadiraju,bornIn,Eluru,Krishnam Raju Gadiraju
Krishnam Raju Gadiraju,bornOn,1960-07-18,Krishnam Raju Gadiraju
Krishnam Raju Gadiraju,spouse,Shailaja Gadiraju,Krishnam Raju Gadiraju
Krishnam Raju Gadiraju,memberOf,Telugu Desam Party,Krishnam Raju Gadiraju
Krishnam Raju Gadiraju,actedIn,Shankara Naidu,Krishnam Raju Gadiraju
Krishnam Raju Gadiraju,actedIn,Aatmavaram,Krishnam Raju Gadiraju
Krishnam Raju Gadiraju,actedIn,Oka Manchigaadu,Krishnam Raju Gadiraju
Krishnam Raju Gadiraju,actedIn,Narasimha Reddy,Krishnam Raju Gadiraju
Krishnam Raju Gadiraju,actedIn,Apasimandala,Krishnam Raju Gadiraju
Krishnam Raju Gadiraju,actedIn,Sreemanagudu,Krishnam Raju Gadiraju
Krishnam Raju Gadiraju,actedIn,Pandiri,Krishnam Raju Gadiraju
Krishnam Raju Gadiraju,actedIn,Nuvvu Teenante Cheskove,Krishnam Raju Gadiraju
Krishnam Raju Gadiraju,actedIn,Manasara,Krishnam Raju Gadiraju
Krishnam Raju Gadiraju,actedIn,Gudachari,Krishnam Raju Gadiraju
Krishnam Raju Gadiraju,actedIn,Abaatha,Krishnam Raju Gadiraju
Krishnam Raju Gadiraju,actedIn,Savitri,Krishnam Raju Gadiraju
Krishnam Raju Gadiraju,actedIn,Kedar Shashi,Krishnam Raju Gadiraju
Krishnam Raju Gadiraju,actedIn,Sharanam,Krishnam Raju Gadiraju
Krishnam Raju Gadiraju,actedIn,Nannu Nacchavenu,Krishnam Raju Gadiraju
Krishnam Raju Gadiraju,actedIn,Manchu Pallavi,Krishnam Raju Gadiraju
Krishnam Raju Gadiraju,actedIn,Manchiguriti,Krishnam Raju Gadiraju
Krishnam Raju Gadiraju,actedIn,Suryudaya,Krishnam Raju Gadiraju
Krishnam Raju Gadiraju,actedIn,Badi Betta,Krishnam Raju Gadiraju
Krishnam Raju Gadiraju,actedIn,Nuvvu Mudhalantlo Ila Vuntallo,Krishnam Raju Gadiraju
Krishnam Raju Gadiraju,actedIn,Aakashe Maa,Krishnam Raju Gadiraju
Bailey's Dam,instanceOf,Dam,Bailey's Dam
Bailey's Dam,locatedIn,North Carolina,Bailey's Dam
Bailey's Dam,partOf,French Broad River,Bailey's Dam
Bailey's Dam,builtIn,1910,Bailey's Dam
Bailey's Dam,height,107 feet,Bailey's Dam
Bailey's Dam,length,300 feet,Bailey's Dam
Bailey's Dam,width,150 feet,Bailey's Dam
Bailey's Dam,purpose,Hydroelectric power generation,Bailey's Dam
Bailey's Dam,operator,Duke Energy,Bailey's Dam
Bailey's Dam,reservoir,Bailey Creek Reservoir,Bailey's Dam
Bailey's Dam,county,Madison County,Bailey's Dam
Bailey's Dam,state,North Carolina,Bailey's Dam
Bailey's Dam,latitude,35.6444,Bailey's Dam
Bailey's Dam,longitude,-81.8583,Bailey's Dam
Bailey's Dam,damType,Concrete gravity dam,Bailey's Dam
Bailey's Dam,powerGenerationCapacity,165 megawatts,Bailey's Dam
Bailey's Dam,floodControl,Yes,Bailey's Dam
Bailey's Dam,navigation,Limited,Bailey's Dam
Bailey's Dam,adjacentRiver,French Broad River,Bailey's Dam
Bailey's Dam,nearbyTown,Waynesville,Bailey's Dam
Bailey's Dam,nearbyTown,Bryson City,Bailey's Dam
Bailey's Dam,nearbyTown,Hot Springs,Bailey's Dam
Bailey's Dam,geologicalFormation,Bedrock,Bailey's Dam
Bailey's Dam,constructionMaterial,Concrete,Bailey's Dam
Bailey's Dam,environmentalImpact,Fish migration disruption,Bailey's Dam
Bailey's Dam,historicalSignificance,Early 20th-century hydroelectric development,Bailey's Dam
Durga Mohan Bhattacharyya,instanceOf,Indian civil servant,Durga Mohan Bhattacharyya
Durga Mohan Bhattacharyya,instanceOf,Indian Administrative Service officer,Durga Mohan Bhattacharyya
Durga Mohan Bhattacharyya,bornIn,Calcutta,Durga Mohan Bhattacharyya
Durga Mohan Bhattacharyya,appointedAs,Secretary to the Government of India,Durga Mohan Bhattacharyya
Durga Mohan Bhattacharyya,servedAs,"Secretary, Ministry of Food and Supplies",Durga Mohan Bhattacharyya
Durga Mohan Bhattacharyya,servedAs,"Secretary, Ministry of Commerce",Durga Mohan Bhattacharyya
Durga Mohan Bhattacharyya,servedAs,"Secretary, Ministry of Finance",Durga Mohan Bhattacharyya
Durga Mohan Bhattacharyya,servedAs,"Secretary, Ministry of Education and Sports",Durga Mohan Bhattacharyya
Durga Mohan Bhattacharyya,dateOfBirth,1902,Durga Mohan Bhattacharyya
Durga Mohan Bhattacharyya,dateOfDeath,1977,Durga Mohan Bhattacharyya
Durga Mohan Bhattacharyya,education,University of Calcutta,Durga Mohan Bhattacharyya
Durga Mohan Bhattacharyya,occupation,Civil Servant,Durga Mohan Bhattacharyya
Durga Mohan Bhattacharyya,nationality,Indian,Durga Mohan Bhattacharyya
Durga Mohan Bhattacharyya,spouse,Shanti Devi,Durga Mohan Bhattacharyya
Durga Mohan Bhattacharyya,children,S. K. Bhattacharyya,Durga Mohan Bhattacharyya
Durga Mohan Bhattacharyya,awards,Padma Vibhushan,Durga Mohan Bhattacharyya
Durga Mohan Bhattacharyya,placeOfBirth,Calcutta,Durga Mohan Bhattacharyya
Day of Reckoning (1933 film),instanceOf,Film,Day of Reckoning (1933 film)
Day of Reckoning (1933 film),directedBy,Mervyn LeRoy,Day of Reckoning (1933 film)
Day of Reckoning (1933 film),starring,James Cagney,Day of Reckoning (1933 film)
Day of Reckoning (1933 film),starring,George Raft,Day of Reckoning (1933 film)
Day of Reckoning (1933 film),starring,Claire Trevor,Day of Reckoning (1933 film)
Day of Reckoning (1933 film),genre,Crime film,Day of Reckoning (1933 film)
Day of Reckoning (1933 film),releaseDate,1933-07-27,Day of Reckoning (1933 film)
Day of Reckoning (1933 film),plot,A detective investigates a series of murders linked to a corrupt politician.,Day of Reckoning (1933 film)
Day of Reckoning (1933 film),setting,Los Angeles,Day of Reckoning (1933 film)
Day of Reckoning (1933 film),productionCompany,Metro-Goldwyn-Mayer,Day of Reckoning (1933 film)
Day of Reckoning (1933 film),budget,"$1,250,000",Day of Reckoning (1933 film)
Day of Reckoning (1933 film),boxOfficeRevenue,"$2,200,000",Day of Reckoning (1933 film)
Day of Reckoning (1933 film),awards,Academy Award for Best Writing,Day of Reckoning (1933 film)
Day of Reckoning (1933 film),influenced,The Maltese Falcon,Day of Reckoning (1933 film)
Day of Reckoning (1933 film),directedBy,Frank Borzage,Day of Reckoning (1933 film)
Day of Reckoning (1933 film),starring,Lionel Barrymore,Day of Reckoning (1933 film)
Day of Reckoning (1933 film),starring,Edward G. Robinson,Day of Reckoning (1933 film)
Day of Reckoning (1933 film),rated,Approved,Day of Reckoning (1933 film)
Day of Reckoning (1933 film),runtime,105 minutes,Day of Reckoning (1933 film)
Day of Reckoning (1933 film),basedOn,The Scarlet Pimpernel,Day of Reckoning (1933 film)
Day of Reckoning (1933 film),starring,William Gargan,Day of Reckoning (1933 film)
Day of Reckoning (1933 film),starring,Zia Zagger,Day of Reckoning (1933 film)
Day of Reckoning (1933 film),starring,George Murphy,Day of Reckoning (1933 film)
Day of Reckoning (1933 film),starring,Frances Dixson,Day of Reckoning (1933 film)
Puente Genil-Herrera railway station,instanceOf,railway station,Puente Genil-Herrera railway station
Puente Genil-Herrera railway station,locatedIn,Puente Genil,Puente Genil-Herrera railway station
Puente Genil-Herrera railway station,partOf,Andalusia,Puente Genil-Herrera railway station
Puente Genil-Herrera railway station,operator,ADIF,Puente Genil-Herrera railway station
Puente Genil-Herrera railway station,postalCode,21212,Puente Genil-Herrera railway station
Puente Genil-Herrera railway station,latitude,37.5431,Puente Genil-Herrera railway station
Puente Genil-Herrera railway station,longitude,-5.4444,Puente Genil-Herrera railway station
Puente Genil-Herrera railway station,yearOpened,1892,Puente Genil-Herrera railway station
Puente Genil-Herrera railway station,line,Cádiz–Bobadilla–Potta railway line,Puente Genil-Herrera railway station
Puente Genil-Herrera railway station,adjacentTo,Puente Genil,Puente Genil-Herrera railway station
Puente Genil-Herrera railway station,adjacentTo,Herrera,Puente Genil-Herrera railway station
Puente Genil-Herrera railway station,trains,Cádiz trains,Puente Genil-Herrera railway station
Puente Genil-Herrera railway station,trains,Bobadilla-Potta trains,Puente Genil-Herrera railway station
HNoMS Otra (1939),instanceOf,Ship,HNoMS Otra (1939)
HNoMS Otra (1939),commissioned,1939,HNoMS Otra (1939)
HNoMS Otra (1939),servedIn,Second Swedish Empire,HNoMS Otra (1939)
HNoMS Otra (1939),type,Destroyer,HNoMS Otra (1939)
HNoMS Otra (1939),manufacturer,Skånska Vågs Mekaniska Verkstad,HNoMS Otra (1939)
HNoMS Otra (1939),length,103.4 meters,HNoMS Otra (1939)
HNoMS Otra (1939),displacement,870 tons,HNoMS Otra (1939)
HNoMS Otra (1939),armament,47.9 cm gun,HNoMS Otra (1939)
HNoMS Otra (1939),lost,1940,HNoMS Otra (1939)
HNoMS Otra (1939),lostLocation,Baltic Sea,HNoMS Otra (1939)
HNoMS Otra (1939),flag,Sweden,HNoMS Otra (1939)
HNoMS Otra (1939),homeport,Malmö,HNoMS Otra (1939)
HNoMS Otra (1939),commandedBy,Kapten Hugo Hansson,HNoMS Otra (1939)
HNoMS Otra (1939),participatedIn,The Battle of the Bridge,HNoMS Otra (1939)
HNoMS Otra (1939),sold,1945,HNoMS Otra (1939)
HNoMS Otra (1939),hullStrength,WWII,HNoMS Otra (1939)
HNoMS Otra (1939),class,Otra-class destroyer,HNoMS Otra (1939)
HNoMS Otra (1939),built,1938,HNoMS Otra (1939)
HNoMS Otra (1939),crewSize,"Officiers 3, men 60",HNoMS Otra (1939)
2017 Kurdistan Region independence referendum,instanceOf,referendum,2017 Kurdistan Region independence referendum
2017 Kurdistan Region independence referendum,startDate,"September 25, 2017",2017 Kurdistan Region independence referendum
2017 Kurdistan Region independence referendum,location,Kurdistan Region of Iraq,2017 Kurdistan Region independence referendum
2017 Kurdistan Region independence referendum,conductedBy,Kurdistan Regional Government,2017 Kurdistan Region independence referendum
2017 Kurdistan Region independence referendum,result,92.7% voted for independence,2017 Kurdistan Region independence referendum
2017 Kurdistan Region independence referendum,turnout,approximately 88%,2017 Kurdistan Region independence referendum
2017 Kurdistan Region independence referendum,opposedBy,Iraq central government,2017 Kurdistan Region independence referendum
2017 Kurdistan Region independence referendum,criticizedBy,United Nations,2017 Kurdistan Region independence referendum
2017 Kurdistan Region independence referendum,resultedIn,declaration of independence by the Kurdistan Regional Government,2017 Kurdistan Region independence referendum
2017 Kurdistan Region independence referendum,outcome,disputed by Baghdad,2017 Kurdistan Region independence referendum
2017 Kurdistan Region independence referendum,context,political tensions between the Kurdistan Regional Government and the Iraqi central government,2017 Kurdistan Region independence referendum
2017 Kurdistan Region independence referendum,affectedArea,Kurdistan Region of Iraq,2017 Kurdistan Region independence referendum
2017 Kurdistan Region independence referendum,influencedBy,Syrian Kurdish referendum on independence,2017 Kurdistan Region independence referendum
2017 Kurdistan Region independence referendum,partOf,2017 Iraqi political crisis,2017 Kurdistan Region independence referendum
2017 Kurdistan Region independence referendum,resultedIn,military response by Iraqi forces,2017 Kurdistan Region independence referendum
2017 Kurdistan Region independence referendum,involved,Peshmerga forces,2017 Kurdistan Region independence referendum
2017 Kurdistan Region independence referendum,resultedIn,shutdown of Kurdish television channels,2017 Kurdistan Region independence referendum
2017 Kurdistan Region independence referendum,resultedIn,displacement of Kurdish civilians,2017 Kurdistan Region independence referendum
2017 Kurdistan Region independence referendum,outcome,controversy and international condemnation,2017 Kurdistan Region independence referendum
2017 Kurdistan Region independence referendum,resultedIn,increased tensions between Baghdad and Erbil,2017 Kurdistan Region independence referendum
2017 Kurdistan Region independence referendum,resultedIn,"declaration of independence by the Kurdistan Regional Government on October 10, 2017",2017 Kurdistan Region independence referendum
2017 Kurdistan Region independence referendum,resultedIn,temporary suspension of the referendum,2017 Kurdistan Region independence referendum
2017 Kurdistan Region independence referendum,resultedIn,establishment of a new security situation in the region,2017 Kurdistan Region independence referendum
2017 Kurdistan Region independence referendum,resultedIn,increased military presence of the Iraqi army in the Kurdistan Region,2017 Kurdistan Region independence referendum
2017 Kurdistan Region independence referendum,resultedIn,international pressure on the Iraqi government to engage in dialogue with the Kurdistan Regional Government,2017 Kurdistan Region independence referendum
2017 Kurdistan Region independence referendum,resultedIn,a period of political instability in Iraq,2017 Kurdistan Region independence referendum
2017 Kurdistan Region independence referendum,resultedIn,a renewed debate about the future of Iraq,2017 Kurdistan Region independence referendum
Is 4 Lovers,instanceOf,Group,Is 4 Lovers
Is 4 Lovers,hasMember,Liam,Is 4 Lovers
Is 4 Lovers,hasMember,Noah,Is 4 Lovers
Is 4 Lovers,hasMember,Ethan,Is 4 Lovers
Is 4 Lovers,hasMember,Mason,Is 4 Lovers
Liam,isA,Person,Is 4 Lovers
Noah,isA,Person,Is 4 Lovers
Ethan,isA,Person,Is 4 Lovers
Mason,isA,Person,Is 4 Lovers
Is 4 Lovers,locatedIn,United States,Is 4 Lovers
Liam,locatedIn,United States,Is 4 Lovers
Noah,locatedIn,United States,Is 4 Lovers
Ethan,locatedIn,United States,Is 4 Lovers
Mason,locatedIn,United States,Is 4 Lovers
Is 4 Lovers,formedIn,2022,Is 4 Lovers
Liam,formedIn,2022,Is 4 Lovers
Noah,formedIn,2022,Is 4 Lovers
Ethan,formedIn,2022,Is 4 Lovers
Mason,formedIn,2022,Is 4 Lovers
Is 4 Lovers,genre,Pop,Is 4 Lovers
Is 4 Lovers,subgenre,Boy Band,Is 4 Lovers
Liam,hasInstrument,Guitar,Is 4 Lovers
Noah,hasInstrument,Piano,Is 4 Lovers
Ethan,hasInstrument,Drums,Is 4 Lovers
Mason,hasInstrument,Bass,Is 4 Lovers
Is 4 Lovers,manager,Taylor Swift,Is 4 Lovers
Liam,manager,Taylor Swift,Is 4 Lovers
Noah,manager,Taylor Swift,Is 4 Lovers
Ethan,manager,Taylor Swift,Is 4 Lovers
Mason,manager,Taylor Swift,Is 4 Lovers
Is 4 Lovers,label,4Lovers,Is 4 Lovers
Is 4 Lovers,socialMedia,Instagram,Is 4 Lovers
Is 4 Lovers,socialMedia,Twitter,Is 4 Lovers
Is 4 Lovers,socialMedia,TikTok,Is 4 Lovers
Danny Abeckaser,instanceOf,Person,Danny Abeckaser
Danny Abeckaser,occupation,Software Engineer,Danny Abeckaser
Danny Abeckaser,company,Google,Danny Abeckaser
Danny Abeckaser,company,Facebook,Danny Abeckaser
Danny Abeckaser,company,Microsoft,Danny Abeckaser
Danny Abeckaser,location,Tel Aviv,Danny Abeckaser
Danny Abeckaser,location,Israel,Danny Abeckaser
Danny Abeckaser,education,Tel Aviv University,Danny Abeckaser
Danny Abeckaser,skills,Java,Danny Abeckaser
Danny Abeckaser,skills,Python,Danny Abeckaser
Danny Abeckaser,skills,C++,Danny Abeckaser
Danny Abeckaser,github,https://github.com/dannyab,Danny Abeckaser
Danny Abeckaser,linkedin,https://www.linkedin.com/in/dannyab/,Danny Abeckaser
Danny Abeckaser,blog,https://dannyab.com/,Danny Abeckaser
Danny Abeckaser,interests,Machine Learning,Danny Abeckaser
Danny Abeckaser,interests,Artificial Intelligence,Danny Abeckaser
Danny Abeckaser,interests,Data Science,Danny Abeckaser
Danny Abeckaser,yearOfBirth,1988,Danny Abeckaser
Danny Abeckaser,nationality,Israeli,Danny Abeckaser
To the Wonder,instanceOf,film,To the Wonder
To the Wonder,directedBy,Alejandro González Iñárritu,To the Wonder
To the Wonder,starring,Charlize Theron,To the Wonder
To the Wonder,starring,Hugh Jackman,To the Wonder
To the Wonder,starring,Michelle Williams,To the Wonder
To the Wonder,starring,Rachel McAdams,To the Wonder
To the Wonder,releasedOn,"December 18, 2013",To the Wonder
To the Wonder,genre,drama,To the Wonder
To the Wonder,setting,New York City,To the Wonder
To the Wonder,setting,"Santa Fe, New Mexico",To the Wonder
To the Wonder,plot,A woman returns to New York City to reunite with her estranged husband and children.,To the Wonder
To the Wonder,productionCompany,Open Road Films,To the Wonder
To the Wonder,budget,$20 million,To the Wonder
To the Wonder,boxOfficeWorldwide,$174.8 million,To the Wonder
To the Wonder,awards,Satellite Award for Best Actress - Drama,To the Wonder
To the Wonder,awards,Satellite Award for Best Original Screenplay,To the Wonder
To the Wonder,awards,Satellite Award for Best Director,To the Wonder
Òran Mór,instanceOf,Place,Òran Mór
Òran Mór,locatedIn,Scotland,Òran Mór
Òran Mór,partOf,Highlands,Òran Mór
Òran Mór,type,House,Òran Mór
Òran Mór,architect,Charles Rennie Mackintosh,Òran Mór
Òran Mór,constructionStart,1904,Òran Mór
Òran Mór,constructionEnd,1907,Òran Mór
Òran Mór,address,"Strathaven Road, Kilmacolm",Òran Mór
Òran Mór,currentStatus,Operational,Òran Mór
Òran Mór,purpose,Hotel,Òran Mór
Òran Mór,style,Art Nouveau,Òran Mór
Òran Mór,owner,The Macdonald Group,Òran Mór
Òran Mór,coordinates,"55.6431° N, 4.5447° W",Òran Mór
Òran Mór,historicalSignificance,Mackintosh's only fully realized building design,Òran Mór
Òran Mór,architecturalFeatures,"Stained glass windows, intricate woodwork",Òran Mór
Òran Mór,nearbyLandmarks,Kilmacolm Castle,Òran Mór
Dōjigiri,instanceOf,Japanese sword,Dōjigiri
Dōjigiri,typeOf,Katana,Dōjigiri
Dōjigiri,origin,Japan,Dōjigiri
Dōjigiri,period,Edo period,Dōjigiri
Dōjigiri,bladeLength,60-75 cm,Dōjigiri
Dōjigiri,tsukaLength,25-30 cm,Dōjigiri
Dōjigiri,nakagoLength,60-75 cm,Dōjigiri
Dōjigiri,weight,800-1000 g,Dōjigiri
Dōjigiri,hilt,Wood and ray skin,Dōjigiri
Dōjigiri,guard,Ito and Tsuba,Dōjigiri
Dōjigiri,tang,Hypofulum,Dōjigiri
Dōjigiri,spine,Shingane,Dōjigiri
Dōjigiri,back,Habakane,Dōjigiri
Dōjigiri,differential,Sujiha,Dōjigiri
Dōjigiri,blade,Single-edged,Dōjigiri
Dōjigiri,mounting,Saya (scabbard),Dōjigiri
Dōjigiri,intendedFor,Samurai,Dōjigiri
Dōjigiri,usedBy,Ashigaru,Dōjigiri
Dōjigiri,construction,Forged,Dōjigiri
Dōjigiri,steelType,Tamahagane,Dōjigiri
Dōjigiri,polish,Suriage,Dōjigiri
Dōjigiri,edgeProfile,Suguha,Dōjigiri
Dōjigiri,bladeWidth,25-30 mm,Dōjigiri
Dōjigiri,bladeThickness,3-4 mm,Dōjigiri
Dōjigiri,hiltMaterial,"Wood, ray skin, silk",Dōjigiri
Dōjigiri,tsubaMaterial,"Iron, copper",Dōjigiri
Dōjigiri,scabbardMaterial,"Wood, lacquer",Dōjigiri
Dōjigiri,designFeatures,Geometric patterns,Dōjigiri
Dōjigiri,historicalSignificance,Early Edo period military sword,Dōjigiri
Dōjigiri,availability,Rare,Dōjigiri
Dōjigiri,priceRange,"$1,000 - $5,000",Dōjigiri
Dōjigiri,manufacturer,Various smiths,Dōjigiri
Dōjigiri,relatedTo,Katana,Dōjigiri
Dōjigiri,relatedTo,Tanto,Dōjigiri
Megascolides,instanceOf,Fish,Megascolides
Megascolides,instanceOf,Sharks,Megascolides
Megascolides,scientificName,Megascolides hamiltoni,Megascolides
Megascolides hamiltoni,nativeTo,Australia,Megascolides
Megascolides hamiltoni,nativeTo,New Zealand,Megascolides
Megascolides hamiltoni,nativeTo,Papua New Guinea,Megascolides
Megascolides hamiltoni,diet,Fish,Megascolides
Megascolides hamiltoni,diet,Squid,Megascolides
Megascolides hamiltoni,diet,Crustaceans,Megascolides
Megascolides hamiltoni,size,Up to 3 meters,Megascolides
Megascolides hamiltoni,size,Large,Megascolides
Megascolides hamiltoni,conservationStatus,Vulnerable,Megascolides
Megascolides hamiltoni,habitat,Coastal waters,Megascolides
Megascolides hamiltoni,habitat,Coral reefs,Megascolides
Megascolides hamiltoni,behavior,Predatory,Megascolides
Megascolides hamiltoni,behavior,Solitary,Megascolides
Megascolides hamiltoni,threats,Habitat loss,Megascolides
Megascolides hamiltoni,threats,Overfishing,Megascolides
Megascolides hamiltoni,length,Up to 3 meters,Megascolides
Megascolides hamiltoni,weight,Up to 100 kg,Megascolides
Megascolides hamiltoni,distribution,Eastern Australia,Megascolides
Megascolides hamiltoni,distribution,New Zealand waters,Megascolides
Megascolides hamiltoni,lifeSpan,30 years,Megascolides
Megascolides hamiltoni,skin,Dark brown,Megascolides
Megascolides hamiltoni,skin,Rough,Megascolides
Megascolides hamiltoni,teeth,Sharp,Megascolides
Megascolides hamiltoni,teeth,Numerous,Megascolides
Megascolides hamiltoni,sensory,Lateral line system,Megascolides
Megascolides hamiltoni,sensory,Electroreceptors,Megascolides
Megascolides hamiltoni,reproduction,Oviparous,Megascolides
Megascolides hamiltoni,reproduction,Lay eggs,Megascolides
Megascolides hamiltoni,reproduction,Large clutches,Megascolides
Megascolides hamiltoni,predators,Orcas,Megascolides
Megascolides hamiltoni,predators,Large sharks,Megascolides
Megascolides hamiltoni,taxonomy,Order: Lamniformes,Megascolides
Megascolides hamiltoni,taxonomy,Family: Lamnidae,Megascolides
Megascolides hamiltoni,taxonomy,Genus: Megascolides,Megascolides
Megascolides hamiltoni,taxonomy,Species: hamiltoni,Megascolides
Megascolides hamiltoni,morphology,Torpedo-shaped body,Megascolides
Megascolides hamiltoni,morphology,Powerful tail,Megascolides
Megascolides hamiltoni,morphology,Large pectoral fins,Megascolides
Megascolides hamiltoni,morphology,Small eyes,Megascolides
Megascolides hamiltoni,morphology,Dark coloration,Megascolides
Cazzano di Tramigna,instanceOf,municipality,Cazzano di Tramigna
Cazzano di Tramigna,locatedIn,Lombardy,Cazzano di Tramigna
Cazzano di Tramigna,locatedIn,Province of Bergamo,Cazzano di Tramigna
Cazzano di Tramigna,partOf,Municipality of Brembate,Cazzano di Tramigna
Cazzano di Tramigna,population,"1,674",Cazzano di Tramigna
Cazzano di Tramigna,postalCode,24049,Cazzano di Tramigna
Cazzano di Tramigna,area,11.91 km²,Cazzano di Tramigna
Cazzano di Tramigna,elevation,268 m,Cazzano di Tramigna
Cazzano di Tramigna,latitude,45.6544,Cazzano di Tramigna
Cazzano di Tramigna,longitude,9.7644,Cazzano di Tramigna
Cazzano di Tramigna,hasRestaurant,Ristorante La Grotta,Cazzano di Tramigna
Cazzano di Tramigna,hasBar,Bar Pasticceria Altro,Cazzano di Tramigna
Cazzano di Tramigna,hasChurch,Church of Saint Anthony,Cazzano di Tramigna
Cazzano di Tramigna,hasSanitaryFacility,Sanitary Facility Cazzano di Tramigna,Cazzano di Tramigna
"Lubei Subdistrict, Taizhou, Zhejiang",instanceOf,subdistrict,"Lubei Subdistrict, Taizhou, Zhejiang"
"Lubei Subdistrict, Taizhou, Zhejiang",locatedIn,Taizhou,"Lubei Subdistrict, Taizhou, Zhejiang"
"Lubei Subdistrict, Taizhou, Zhejiang",locatedIn,Zhejiang,"Lubei Subdistrict, Taizhou, Zhejiang"
Taizhou,locatedIn,Zhejiang,"Lubei Subdistrict, Taizhou, Zhejiang"
Zhejiang,locatedIn,China,"Lubei Subdistrict, Taizhou, Zhejiang"
"Lubei Subdistrict, Taizhou, Zhejiang",population,approximately 40000,"Lubei Subdistrict, Taizhou, Zhejiang"
"Lubei Subdistrict, Taizhou, Zhejiang",postalCode,312000,"Lubei Subdistrict, Taizhou, Zhejiang"
"Lubei Subdistrict, Taizhou, Zhejiang",area,3.52 square kilometers,"Lubei Subdistrict, Taizhou, Zhejiang"
"Lubei Subdistrict, Taizhou, Zhejiang",administration,Taizhou City Government,"Lubei Subdistrict, Taizhou, Zhejiang"
"Lubei Subdistrict, Taizhou, Zhejiang",neighboringSubdistricts,"Jinghui Subdistrict, Hongqiao Subdistrict","Lubei Subdistrict, Taizhou, Zhejiang"
"Lubei Subdistrict, Taizhou, Zhejiang",mainTransportation,Lubei Road,"Lubei Subdistrict, Taizhou, Zhejiang"
"Lubei Subdistrict, Taizhou, Zhejiang",nearbyLandmarks,Taizhou Museum,"Lubei Subdistrict, Taizhou, Zhejiang"
"Lubei Subdistrict, Taizhou, Zhejiang",economicActivities,"Retail, Services","Lubei Subdistrict, Taizhou, Zhejiang"
"Lubei Subdistrict, Taizhou, Zhejiang",residentialArea,Yes,"Lubei Subdistrict, Taizhou, Zhejiang"
"Lubei Subdistrict, Taizhou, Zhejiang",governance,Local People's Congress,"Lubei Subdistrict, Taizhou, Zhejiang"
"Lubei Subdistrict, Taizhou, Zhejiang",administrativeDistrict,Taizhou City,"Lubei Subdistrict, Taizhou, Zhejiang"
"Lubei Subdistrict, Taizhou, Zhejiang",administrativeLevel, Subdistrict,"Lubei Subdistrict, Taizhou, Zhejiang"
"Lubei Subdistrict, Taizhou, Zhejiang",website,http://www.taizhou.gov.cn/,"Lubei Subdistrict, Taizhou, Zhejiang"
"2,3-Dimethylhexane",instanceOf,Alkane,"2,3-Dimethylhexane"
"2,3-Dimethylhexane",hasMolecularFormula,C8H18,"2,3-Dimethylhexane"
"2,3-Dimethylhexane",hasCASNumber,108-83-8,"2,3-Dimethylhexane"
"2,3-Dimethylhexane",hasMolarMass,116.23 g/mol,"2,3-Dimethylhexane"
"2,3-Dimethylhexane",isSaturated,true,"2,3-Dimethylhexane"
"2,3-Dimethylhexane",isHydrocarbon,true,"2,3-Dimethylhexane"
"2,3-Dimethylhexane",hasDensity,0.728 g/cm³,"2,3-Dimethylhexane"
"2,3-Dimethylhexane",hasBoilingPoint,168 °C,"2,3-Dimethylhexane"
"2,3-Dimethylhexane",hasMeltingPoint,-86 °C,"2,3-Dimethylhexane"
"2,3-Dimethylhexane",isFlammable,true,"2,3-Dimethylhexane"
"2,3-Dimethylhexane",reactsWith,Oxygen,"2,3-Dimethylhexane"
"2,3-Dimethylhexane",reactsWith,Acids,"2,3-Dimethylhexane"
"2,3-Dimethylhexane",reactsWith,Halogens,"2,3-Dimethylhexane"
"2,3-Dimethylhexane",isUsedIn,Solvent,"2,3-Dimethylhexane"
"2,3-Dimethylhexane",isUsedIn,Lubricant,"2,3-Dimethylhexane"
"2,3-Dimethylhexane",isUsedIn,ChemicalIntermediate,"2,3-Dimethylhexane"
"2,3-Dimethylhexane",isComponentOf,Crude Oil,"2,3-Dimethylhexane"
"2,3-Dimethylhexane",isIsomerOf,n-Octane,"2,3-Dimethylhexane"
"2,3-Dimethylhexane",isIsomerOf,"2,4-Dimethylhexane","2,3-Dimethylhexane"
"2,3-Dimethylhexane",isIsomerOf,"3,3-Dimethylhexane","2,3-Dimethylhexane"
"2,3-Dimethylhexane",hasStructuralFormula,C8H18,"2,3-Dimethylhexane"
"2,3-Dimethylhexane",hasEmpiricalFormula,C8H18,"2,3-Dimethylhexane"
"2,3-Dimethylhexane",isClear,true,"2,3-Dimethylhexane"
"2,3-Dimethylhexane",isColorless,true,"2,3-Dimethylhexane"
"2,3-Dimethylhexane",hasOdor,Characteristic hydrocarbon odor,"2,3-Dimethylhexane"
"2,3-Dimethylhexane",isStable,true,"2,3-Dimethylhexane"
"2,3-Dimethylhexane",isReactive,false,"2,3-Dimethylhexane"
"2,3-Dimethylhexane",isToxic,false,"2,3-Dimethylhexane"
"2,3-Dimethylhexane",isCorrosive,false,"2,3-Dimethylhexane"
"2,3-Dimethylhexane",isFlammableLiquid,true,"2,3-Dimethylhexane"
"2,3-Dimethylhexane",hasVaporPressure,0.5 mmHg at 25 °C,"2,3-Dimethylhexane"
"2,3-Dimethylhexane",hasViscosity,0.20 cP at 25 °C,"2,3-Dimethylhexane"
"2,3-Dimethylhexane",isSolubleIn,Ether,"2,3-Dimethylhexane"
"2,3-Dimethylhexane",isSolubleIn,Benzene,"2,3-Dimethylhexane"
"2,3-Dimethylhexane",isSolubleIn,Chloroform,"2,3-Dimethylhexane"
"2,3-Dimethylhexane",isInsolubleIn,Water,"2,3-Dimethylhexane"
"2,3-Dimethylhexane",isProducedBy,Alkane Cracking,"2,3-Dimethylhexane"
"2,3-Dimethylhexane",isProducedBy,Isomerization of Octane,"2,3-Dimethylhexane"
"2,3-Dimethylhexane",isPartOf,Paraffin Series,"2,3-Dimethylhexane"
"2,3-Dimethylhexane",hasLogP,3.3,"2,3-Dimethylhexane"
"2,3-Dimethylhexane",isUsedIn,Polymer Production,"2,3-Dimethylhexane"
"2,3-Dimethylhexane",isUsedIn,Petroleum Refining,"2,3-Dimethylhexane"
"2,3-Dimethylhexane",isUsedIn,Research and Development,"2,3-Dimethylhexane"
"2,3-Dimethylhexane",isFoundIn,Natural Gas,"2,3-Dimethylhexane"
"2,3-Dimethylhexane",isFoundIn,Crude Oil,"2,3-Dimethylhexane"
"2,3-Dimethylhexane",isFoundIn,Coal Tar,"2,3-Dimethylhexane"
Menthorpe,instanceOf,Village,Menthorpe
Menthorpe,locatedIn,West Yorkshire,Menthorpe
Menthorpe,partOf,Barnsley district,Menthorpe
Menthorpe,population,"1,485",Menthorpe
Menthorpe,nearest_town,Barnsley,Menthorpe
Menthorpe,postcode_district,S75,Menthorpe
Menthorpe,has_place_name,Menthorpe Hall,Menthorpe
Menthorpe Hall,instanceOf,Country House,Menthorpe
Menthorpe Hall,locatedIn,Menthorpe,Menthorpe
Menthorpe,has_church,St. Michael's Church,Menthorpe
St. Michael's Church,instanceOf,Church,Menthorpe
St. Michael's Church,locatedIn,Menthorpe,Menthorpe
Menthorpe,has_pub,The Black Bull,Menthorpe
The Black Bull,instanceOf,Pub,Menthorpe
Menthorpe,has_road,Black Bull Lane,Menthorpe
Menthorpe,has_road,High Street,Menthorpe
Menthorpe,has_road,Mill Lane,Menthorpe
Menthorpe,has_road,Westgate,Menthorpe
Menthorpe,has_field,Menthorpe Field,Menthorpe
Menthorpe,has_field,Black Bull Field,Menthorpe
Soviet destroyer Nezamozhnik,instanceOf,destroyer,Soviet destroyer Nezamozhnik
Soviet destroyer Nezamozhnik,commissioned,1936,Soviet destroyer Nezamozhnik
Soviet destroyer Nezamozhnik,laid down,1935,Soviet destroyer Nezamozhnik
Soviet destroyer Nezamozhnik,built,Saint Petersburg Shipyard,Soviet destroyer Nezamozhnik
Soviet destroyer Nezamozhnik,servedIn,Soviet Navy,Soviet destroyer Nezamozhnik
Soviet destroyer Nezamozhnik,displacement,810 tons,Soviet destroyer Nezamozhnik
Soviet destroyer Nezamozhnik,length,102.5 meters,Soviet destroyer Nezamozhnik
Soviet destroyer Nezamozhnik,crew,120 officers and men,Soviet destroyer Nezamozhnik
Soviet destroyer Nezamozhnik,armament,"4 120mm guns, 2 130mm guns, 4 torpedo tubes",Soviet destroyer Nezamozhnik
Soviet destroyer Nezamozhnik,fate,sunk in 1941,Soviet destroyer Nezamozhnik
Soviet destroyer Nezamozhnik,sunk,Baltic Sea,Soviet destroyer Nezamozhnik
Soviet destroyer Nezamozhnik,designation,DD-33,Soviet destroyer Nezamozhnik
Soviet destroyer Nezamozhnik,type,destroyer,Soviet destroyer Nezamozhnik
Soviet destroyer Nezamozhnik,manufacturer,Saint Petersburg Shipyard,Soviet destroyer Nezamozhnik
Soviet destroyer Nezamozhnik,launched,1936,Soviet destroyer Nezamozhnik
Soviet destroyer Nezamozhnik,class,Mikoyan,Soviet destroyer Nezamozhnik
Soviet destroyer Nezamozhnik,speed,32 knots,Soviet destroyer Nezamozhnik
Soviet destroyer Nezamozhnik,range,"6,000 nautical miles",Soviet destroyer Nezamozhnik
Soviet destroyer Nezamozhnik,builtFor,Soviet Navy,Soviet destroyer Nezamozhnik
Soviet destroyer Nezamozhnik,usedIn,World War II,Soviet destroyer Nezamozhnik
Soviet destroyer Nezamozhnik,partOf,Black Sea Flotilla,Soviet destroyer Nezamozhnik
Soviet destroyer Nezamozhnik,assignedTo,Black Sea Flotilla,Soviet destroyer Nezamozhnik
Soviet destroyer Nezamozhnik,operationalPeriod,1936-1941,Soviet destroyer Nezamozhnik
Soviet destroyer Nezamozhnik,nationality,Soviet,Soviet destroyer Nezamozhnik
Soviet destroyer Nezamozhnik,hullStrength,WWII standard,Soviet destroyer Nezamozhnik
Marie-Françoise Plissart,instanceOf,Actress,Marie-Françoise Plissart
Marie-Françoise Plissart,bornIn,Paris,Marie-Françoise Plissart
Marie-Françoise Plissart,bornOn,1951-03-28,Marie-Françoise Plissart
Marie-Françoise Plissart,spouseOf,Jean-Pierre Habitant,Marie-Françoise Plissart
Marie-Françoise Plissart,childOf,Claude Plissart,Marie-Françoise Plissart
Marie-Françoise Plissart,childOf,Nathalie Plissart,Marie-Françoise Plissart
Marie-Françoise Plissart,actedIn,Le Retour du Héros,Marie-Françoise Plissart
Marie-Françoise Plissart,actedIn,Le Secret de la Grande Porte,Marie-Françoise Plissart
Marie-Françoise Plissart,actedIn,Les Dossiers Noirs,Marie-Françoise Plissart
Marie-Françoise Plissart,actedIn,Le Clan,Marie-Françoise Plissart
Marie-Françoise Plissart,actedIn,Le Crime des Ursules,Marie-Françoise Plissart
Marie-Françoise Plissart,actedIn,La Prisonnière,Marie-Françoise Plissart
Marie-Françoise Plissart,actedIn,Le Collectionneur,Marie-Françoise Plissart
Marie-Françoise Plissart,actedIn,L'Affaire Tebaldo,Marie-Françoise Plissart
Marie-Françoise Plissart,actedIn,Le Rendez-vous,Marie-Françoise Plissart
Marie-Françoise Plissart,nationality,French,Marie-Françoise Plissart
"Hill Point, Wisconsin",instanceOf,Village,"Hill Point, Wisconsin"
"Hill Point, Wisconsin",population,147,"Hill Point, Wisconsin"
"Hill Point, Wisconsin",locatedIn,Milwaukee County,"Hill Point, Wisconsin"
"Hill Point, Wisconsin",zipCode,53232,"Hill Point, Wisconsin"
"Hill Point, Wisconsin",area,1.83 square miles,"Hill Point, Wisconsin"
"Hill Point, Wisconsin",elevation,"1,000 feet","Hill Point, Wisconsin"
"Hill Point, Wisconsin",incorporated,1887,"Hill Point, Wisconsin"
"Hill Point, Wisconsin",adjacentTo,Milwaukee,"Hill Point, Wisconsin"
"Hill Point, Wisconsin",nearbyCity,West Allis,"Hill Point, Wisconsin"
"Hill Point, Wisconsin",partOf,Milwaukee County,"Hill Point, Wisconsin"
"Hill Point, Wisconsin",hasPostOffice,"Hill Point, WI","Hill Point, Wisconsin"
"Hill Point, Wisconsin",hasFireDepartment,Hill Point Fire Department,"Hill Point, Wisconsin"
"Hill Point, Wisconsin",hasPoliceDepartment,Milwaukee County Sheriff's Office,"Hill Point, Wisconsin"
"Hill Point, Wisconsin",hasLibrary,Milwaukee County Central Library System,"Hill Point, Wisconsin"
"Hill Point, Wisconsin",hasSchool,Hill Point Elementary School,"Hill Point, Wisconsin"
"Hill Point, Wisconsin",hasChurch,St. Mary's Catholic Church,"Hill Point, Wisconsin"
"Hill Point, Wisconsin",hasPark,Hill Point Park,"Hill Point, Wisconsin"
"Hill Point, Wisconsin",hasRestaurant,Hill Point Tavern,"Hill Point, Wisconsin"
"Hill Point, Wisconsin",hasGasStation,Hill Point Gas,"Hill Point, Wisconsin"
"Hill Point, Wisconsin",hasConvenienceStore,Hill Point Stop & Shop,"Hill Point, Wisconsin"
"Hill Point, Wisconsin",hasGroceryStore,Pick-n-Save,"Hill Point, Wisconsin"
"Hill Point, Wisconsin",hasAutoRepair,Hill Point Auto Repair,"Hill Point, Wisconsin"
"Hill Point, Wisconsin",hasMedicalClinic,Hill Point Medical Clinic,"Hill Point, Wisconsin"
"Hill Point, Wisconsin",hasVeterinarian,Hill Point Veterinary Clinic,"Hill Point, Wisconsin"
"Hill Point, Wisconsin",hasRealEstateAgent,Re/Max Professionals,"Hill Point, Wisconsin"
"Hill Point, Wisconsin",hasInsuranceAgent,State Farm Insurance,"Hill Point, Wisconsin"
"Hill Point, Wisconsin",hasElectrician,Hill Point Electric,"Hill Point, Wisconsin"
"Hill Point, Wisconsin",hasPlumber,Hill Point Plumbing,"Hill Point, Wisconsin"
"Hill Point, Wisconsin",hasCarpenter,Hill Point Carpentry,"Hill Point, Wisconsin"
"Hill Point, Wisconsin",hasLandscaper,Hill Point Landscaping,"Hill Point, Wisconsin"
"Hill Point, Wisconsin",hasCleaningService,Hill Point Cleaning Services,"Hill Point, Wisconsin"
"Hill Point, Wisconsin",hasMovingCompany,Hill Point Moving,"Hill Point, Wisconsin"
"Hill Point, Wisconsin",hasTaxPreparer,Hill Point Tax Services,"Hill Point, Wisconsin"
"Hill Point, Wisconsin",hasAttorney,Miller & Zois,"Hill Point, Wisconsin"
"Hill Point, Wisconsin",hasAccountant,Hill Point Accounting,"Hill Point, Wisconsin"
"Hill Point, Wisconsin",hasBank,First Business Bank,"Hill Point, Wisconsin"
"Hill Point, Wisconsin",hasPostOfficeBox,94302,"Hill Point, Wisconsin"
Three on a Honeymoon (1934 film),instanceOf,film,Three on a Honeymoon (1934 film)
Three on a Honeymoon (1934 film),directedBy,Frank Tuttle,Three on a Honeymoon (1934 film)
Three on a Honeymoon (1934 film),starring,Joan Blondell,Three on a Honeymoon (1934 film)
Three on a Honeymoon (1934 film),starring,Norman Bruce,Three on a Honeymoon (1934 film)
Three on a Honeymoon (1934 film),starring,George J. Jessel,Three on a Honeymoon (1934 film)
Three on a Honeymoon (1934 film),genre,comedy,Three on a Honeymoon (1934 film)
Three on a Honeymoon (1934 film),genre,romance,Three on a Honeymoon (1934 film)
Three on a Honeymoon (1934 film),runtime,60 minutes,Three on a Honeymoon (1934 film)
Three on a Honeymoon (1934 film),releaseDate,1934-04-26,Three on a Honeymoon (1934 film)
Three on a Honeymoon (1934 film),studio,First National Pictures,Three on a Honeymoon (1934 film)
Three on a Honeymoon (1934 film),plot,A young couple on their honeymoon is framed for a crime.,Three on a Honeymoon (1934 film)
Three on a Honeymoon (1934 film),plot,They must clear their names and expose the real criminals.,Three on a Honeymoon (1934 film)
Frank Tuttle,occupation,film director,Three on a Honeymoon (1934 film)
Joan Blondell,occupation,actress,Three on a Honeymoon (1934 film)
Norman Bruce,occupation,actor,Three on a Honeymoon (1934 film)
George J. Jessel,occupation,actor,Three on a Honeymoon (1934 film)
First National Pictures,type,film studio,Three on a Honeymoon (1934 film)
Bangalore Days,is,film,Bangalore Days
Bangalore Days,directed_by,S. Shankar,Bangalore Days
Bangalore Days,starring,Dulquer Salmaan,Bangalore Days
Bangalore Days,starring,Nithya Menen,Bangalore Days
Bangalore Days,starring,P. Sai Karthik,Bangalore Days
Bangalore Days,starring,Reyna Kishna,Bangalore Days
Bangalore Days,starring,Anjana Molly,Bangalore Days
Bangalore Days,starring,Riyas K. Verghese,Bangalore Days
Bangalore Days,starring,Lakshmi Rai,Bangalore Days
Bangalore Days,starring,Vasuki Venkat,Bangalore Days
Bangalore Days,genre,romance,Bangalore Days
Bangalore Days,genre,drama,Bangalore Days
Bangalore Days,genre,musical,Bangalore Days
Bangalore Days,release_date,2018-08-31,Bangalore Days
Bangalore Days,language,Tamil,Bangalore Days
Bangalore Days,language,Telugu,Bangalore Days
Bangalore Days,language,Malayalam,Bangalore Days
Bangalore Days,country,India,Bangalore Days
S. Shankar,occupation,film director,Bangalore Days
Dulquer Salmaan,occupation,actor,Bangalore Days
Nithya Menen,occupation,actress,Bangalore Days
P. Sai Karthik,occupation,actor,Bangalore Days
Reyna Kishna,occupation,actress,Bangalore Days
Anjana Molly,occupation,actress,Bangalore Days
Riyas K. Verghese,occupation,actor,Bangalore Days
Lakshmi Rai,occupation,actress,Bangalore Days
Vasuki Venkat,occupation,actress,Bangalore Days
Bangalore Days,production_company,Selverium Pictures,Bangalore Days
Bangalore Days,production_company,Dream Warrior Pictures,Bangalore Days
Bangalore Days,based_on,The Exodus Project,Bangalore Days
Bangalore Days,instanceOf,film,Bangalore Days
S. Shankar,instanceOf,film director,Bangalore Days
Dulquer Salmaan,instanceOf,actor,Bangalore Days
Nithya Menen,instanceOf,actress,Bangalore Days
P. Sai Karthik,instanceOf,actor,Bangalore Days
Reyna Kishna,instanceOf,actress,Bangalore Days
Anjana Molly,instanceOf,actress,Bangalore Days
Riyas K. Verghese,instanceOf,actor,Bangalore Days
Lakshmi Rai,instanceOf,actress,Bangalore Days
Vasuki Venkat,instanceOf,actress,Bangalore Days
Selverium Pictures,instanceOf,production company,Bangalore Days
Dream Warrior Pictures,instanceOf,production company,Bangalore Days
The Exodus Project,instanceOf,film,Bangalore Days
Sphingomonas haloaromaticamans,instanceOf,Bacteria,Sphingomonas haloaromaticamans
Sphingomonas haloaromaticamans,instanceOf,Gram-negative bacteria,Sphingomonas haloaromaticamans
Sphingomonas haloaromaticamans,livesIn,Soil,Sphingomonas haloaromaticamans
Sphingomonas haloaromaticamans,livesIn,Sediment,Sphingomonas haloaromaticamans
Sphingomonas haloaromaticamans,livesIn,Rhizosphere,Sphingomonas haloaromaticamans
Sphingomonas haloaromaticamans,degrades,Haloaromatic compounds,Sphingomonas haloaromaticamans
Sphingomonas haloaromaticamans,degrades,Petroleum hydrocarbons,Sphingomonas haloaromaticamans
Sphingomonas haloaromaticamans,degrades,Polychlorinated biphenyls,Sphingomonas haloaromaticamans
Sphingomonas haloaromaticamans,degrades,Dichlorobenzenes,Sphingomonas haloaromaticamans
Sphingomonas haloaromaticamans,has,Methyl-coenzyme M reductase,Sphingomonas haloaromaticamans
Sphingomonas haloaromaticamans,has,Phospholipids,Sphingomonas haloaromaticamans
Sphingomonas haloaromaticamans,is,Aerobic,Sphingomonas haloaromaticamans
Sphingomonas haloaromaticamans,is,Motile,Sphingomonas haloaromaticamans
Sphingomonas haloaromaticamans,is,Non-spore forming,Sphingomonas haloaromaticamans
Sphingomonas haloaromaticamans,foundIn,Oil spills,Sphingomonas haloaromaticamans
Sphingomonas haloaromaticamans,involvedIn,Bioremediation,Sphingomonas haloaromaticamans
Sphingomonas haloaromaticamans,produces,Exopolysaccharides,Sphingomonas haloaromaticamans
Sphingomonas haloaromaticamans,has,16S rRNA gene,Sphingomonas haloaromaticamans
Sphingomonas haloaromaticamans,relatedTo,Sphingomonas spp.,Sphingomonas haloaromaticamans
Sphingomonas haloaromaticamans,genetically,Similar to other Sphingomonas species,Sphingomonas haloaromaticamans
Sphingomonas haloaromaticamans,is,A bacterium,Sphingomonas haloaromaticamans
Sphingomonas haloaromaticamans,has,Cell wall,Sphingomonas haloaromaticamans
Sphingomonas haloaromaticamans,is,Microorganism,Sphingomonas haloaromaticamans
Sphingomonas haloaromaticamans,is,Extracellular,Sphingomonas haloaromaticamans
Sphingomonas haloaromaticamans,is,Gram-negative,Sphingomonas haloaromaticamans
Sphingomonas haloaromaticamans,has,Lipid membrane,Sphingomonas haloaromaticamans
Sphingomonas haloaromaticamans,is,Metabolite,Sphingomonas haloaromaticamans
Sphingomonas haloaromaticamans,is,Bacteria,Sphingomonas haloaromaticamans
Sphingomonas haloaromaticamans,is,Microbe,Sphingomonas haloaromaticamans
Sphingomonas haloaromaticamans,is,Aerobic bacterium,Sphingomonas haloaromaticamans
Sphingomonas haloaromaticamans,is,Soil bacterium,Sphingomonas haloaromaticamans
Sphingomonas haloaromaticamans,is,Environmental bacterium,Sphingomonas haloaromaticamans
2016–17 Segona Divisió,isA,Football League,2016–17 Segona Divisió
2016–17 Segona Divisió,isA,Soccer League,2016–17 Segona Divisió
2016–17 Segona Divisió,leagueName,Segona Divisió,2016–17 Segona Divisió
2016–17 Segona Divisió,seasonStart,2016-08-16,2016–17 Segona Divisió
2016–17 Segona Divisió,seasonEnd,2017-05-20,2016–17 Segona Divisió
2016–17 Segona Divisió,leagueCountry,Spain,2016–17 Segona Divisió
2016–17 Segona Divisió,leagueLevel,Second Division,2016–17 Segona Divisió
2016–17 Segona Divisió,numberOfTeams,18,2016–17 Segona Divisió
2016–17 Segona Divisió,promotionTo,La Liga,2016–17 Segona Divisió
2016–17 Segona Divisió,relegationTo,Segona Divisió B,2016–17 Segona Divisió
FC Gavà,playedIn,2016–17 Segona Divisió,2016–17 Segona Divisió
CE L’Hospitalet,playedIn,2016–17 Segona Divisió,2016–17 Segona Divisió
Cornellà,playedIn,2016–17 Segona Divisió,2016–17 Segona Divisió
Ascoli,playedIn,2016–17 Segona Divisió,2016–17 Segona Divisió
Terrassa,playedIn,2016–17 Segona Divisió,2016–17 Segona Divisió
Manlleu,playedIn,2016–17 Segona Divisió,2016–17 Segona Divisió
Palafons,playedIn,2016–17 Segona Divisió,2016–17 Segona Divisió
Ripoll,playedIn,2016–17 Segona Divisió,2016–17 Segona Divisió
Vic,playedIn,2016–17 Segona Divisió,2016–17 Segona Divisió
Novelda,playedIn,2016–17 Segona Divisió,2016–17 Segona Divisió
Benidorm,playedIn,2016–17 Segona Divisió,2016–17 Segona Divisió
Cornellà-Basket,playedIn,2016–17 Segona Divisió,2016–17 Segona Divisió
Olímpic de Benidorm,playedIn,2016–17 Segona Divisió,2016–17 Segona Divisió
Huesca,playedIn,2016–17 Segona Divisió,2016–17 Segona Divisió
Joventut de Manresa,playedIn,2016–17 Segona Divisió,2016–17 Segona Divisió
Burgos,playedIn,2016–17 Segona Divisió,2016–17 Segona Divisió
Gandia,playedIn,2016–17 Segona Divisió,2016–17 Segona Divisió
Union Balona,playedIn,2016–17 Segona Divisió,2016–17 Segona Divisió
Albinés,playedIn,2016–17 Segona Divisió,2016–17 Segona Divisió
Móstoles,playedIn,2016–17 Segona Divisió,2016–17 Segona Divisió
Cornellà B,playedIn,2016–17 Segona Divisió,2016–17 Segona Divisió
Terrassa B,playedIn,2016–17 Segona Divisió,2016–17 Segona Divisió
Ripoll B,playedIn,2016–17 Segona Divisió,2016–17 Segona Divisió
Vic B,playedIn,2016–17 Segona Divisió,2016–17 Segona Divisió
Novelda B,playedIn,2016–17 Segona Divisió,2016–17 Segona Divisió
Benidorm B,playedIn,2016–17 Segona Divisió,2016–17 Segona Divisió
Huesca B,playedIn,2016–17 Segona Divisió,2016–17 Segona Divisió
Joventut B,playedIn,2016–17 Segona Divisió,2016–17 Segona Divisió
Burgos B,playedIn,2016–17 Segona Divisió,2016–17 Segona Divisió
Gandia B,playedIn,2016–17 Segona Divisió,2016–17 Segona Divisió
Union Balona B,playedIn,2016–17 Segona Divisió,2016–17 Segona Divisió
Albinés B,playedIn,2016–17 Segona Divisió,2016–17 Segona Divisió
Móstoles B,playedIn,2016–17 Segona Divisió,2016–17 Segona Divisió
Ada Iddings Gale,instanceOf,American author,Ada Iddings Gale
Ada Iddings Gale,instanceOf,Novelist,Ada Iddings Gale
Ada Iddings Gale,birthDate,1886-03-16,Ada Iddings Gale
Ada Iddings Gale,deathDate,1964-07-27,Ada Iddings Gale
Ada Iddings Gale,birthPlace,"New York City, New York",Ada Iddings Gale
Ada Iddings Gale,deathPlace,"New York, New York",Ada Iddings Gale
Ada Iddings Gale,occupation,Author,Ada Iddings Gale
Ada Iddings Gale,literaryWorks,The House of Hope,Ada Iddings Gale
Ada Iddings Gale,literaryWorks,The Little House,Ada Iddings Gale
Ada Iddings Gale,literaryWorks,The Secret Garden,Ada Iddings Gale
Ada Iddings Gale,literaryWorks,The Old Maid,Ada Iddings Gale
Ada Iddings Gale,literaryWorks,The Little House on the Lane,Ada Iddings Gale
Ada Iddings Gale,literaryWorks,The Secret Garden and Other Stories,Ada Iddings Gale
Ada Iddings Gale,literaryWorks,The House of Hope and Other Stories,Ada Iddings Gale
Ada Iddings Gale,nationality,American,Ada Iddings Gale
Ada Iddings Gale,education,New York University,Ada Iddings Gale
Airdrieonians F.C.,instanceOf,Football Club,Airdrieonians F.C.
Airdrieonians F.C.,locatedIn,Scotland,Airdrieonians F.C.
Airdrieonians F.C.,locatedIn,Airdrie,Airdrieonians F.C.
Airdrieonians F.C.,conference,Scottish League Two,Airdrieonians F.C.
Airdrieonians F.C.,founded,1896,Airdrieonians F.C.
Airdrieonians F.C.,stadium,Bairdsfield Park,Airdrieonians F.C.
Airdrieonians F.C.,colors,Green and white,Airdrieonians F.C.
Airdrieonians F.C.,nickname,The Diamonds,Airdrieonians F.C.
Airdrieonians F.C.,manager,Ian Murray,Airdrieonians F.C.
Airdrieonians F.C.,leaguePosition,6th,Airdrieonians F.C.
Airdrieonians F.C.,division,Scottish League Two,Airdrieonians F.C.
Airdrieonians F.C.,homeGames,Bairdsfield Park,Airdrieonians F.C.
Airdrieonians F.C.,awayGames,Various stadiums,Airdrieonians F.C.
Airdrieonians F.C.,rivals,Motherwell F.C.,Airdrieonians F.C.
Airdrieonians F.C.,supporters,Airdrie supporters,Airdrieonians F.C.
Airdrieonians F.C.,website,https://www.airdrieonians.co.uk/,Airdrieonians F.C.
Airdrieonians F.C.,socialMedia,Twitter,Airdrieonians F.C.
Airdrieonians F.C.,socialMedia,Facebook,Airdrieonians F.C.
Airdrieonians F.C.,socialMedia,Instagram,Airdrieonians F.C.
Airdrieonians F.C.,history,Long and storied,Airdrieonians F.C.
Airdrieonians F.C.,pastPlayers,Many notable players,Airdrieonians F.C.
Airdrieonians F.C.,currentPlayers,Current squad,Airdrieonians F.C.
Airdrieonians F.C.,sponsors,Various local businesses,Airdrieonians F.C.
Airdrieonians F.C.,communityInvolvement,Local community,Airdrieonians F.C.
Airdrieonians F.C.,membership,Various membership levels,Airdrieonians F.C.
Airdrieonians F.C.,badges,Traditional badge design,Airdrieonians F.C.
Airdrieonians F.C.,trophies,Several trophies won,Airdrieonians F.C.
Airdrieonians F.C.,supportersClub,Airdrieonians Supporters Club,Airdrieonians F.C.
Airdrieonians F.C.,clubPresident,John Gall,Airdrieonians F.C.
Airdrieonians F.C.,clubSecretary,Various,Airdrieonians F.C.
Dol pri Šmarju,instanceOf,village,Dol pri Šmarju
Dol pri Šmarju,locatedIn,Šmarje pri Jelšah,Dol pri Šmarju
Dol pri Šmarju,postalCode,2027,Dol pri Šmarju
Dol pri Šmarju,area,5.88 km²,Dol pri Šmarju
Dol pri Šmarju,population,1186,Dol pri Šmarju
Dol pri Šmarju,elevation,235 m,Dol pri Šmarju
Dol pri Šmarju,partOf,Šmarje pri Jelšah municipality,Dol pri Šmarju
Dol pri Šmarju,hasLandmark,Church of the Visitation of the Virgin Mary,Dol pri Šmarju
Dol pri Šmarju,hasLandmark,Šmarje pri Šmarju Castle,Dol pri Šmarju
Dol pri Šmarju,hasLandmark,Old Mill,Dol pri Šmarju
Dol pri Šmarju,hasLandmark,Stone Mill,Dol pri Šmarju
Dol pri Šmarju,hasLandmark,Memorial Stone,Dol pri Šmarju
Dol pri Šmarju,hasLandmark,Monument to the victims of the Second World War,Dol pri Šmarju
Dol pri Šmarju,hasLandmark,Statue of the Holy Trinity,Dol pri Šmarju
Dol pri Šmarju,hasLandmark,Well,Dol pri Šmarju
Dol pri Šmarju,hasLandmark,Old Cemetery,Dol pri Šmarju
Dol pri Šmarju,hasLandmark,Spring,Dol pri Šmarju
Dol pri Šmarju,hasLandmark,Stone wall,Dol pri Šmarju
Dol pri Šmarju,hasLandmark,Old road,Dol pri Šmarju
Dol pri Šmarju,hasLandmark,Forest,Dol pri Šmarju
Dol pri Šmarju,hasLandmark,River,Dol pri Šmarju
Dol pri Šmarju,hasLandmark,Meadow,Dol pri Šmarju
Dol pri Šmarju,hasLandmark,Field,Dol pri Šmarju
Dol pri Šmarju,hasLandmark,Hill,Dol pri Šmarju
Dol pri Šmarju,hasLandmark,Mountain,Dol pri Šmarju
Dol pri Šmarju,hasLandmark,Lake,Dol pri Šmarju
Dol pri Šmarju,hasLandmark,Cave,Dol pri Šmarju
Dol pri Šmarju,hasLandmark,Rock,Dol pri Šmarju
Dol pri Šmarju,hasLandmark,Tree,Dol pri Šmarju
Dol pri Šmarju,hasLandmark,Flower,Dol pri Šmarju
Dol pri Šmarju,hasLandmark,Bush,Dol pri Šmarju
Dol pri Šmarju,hasLandmark,Vine,Dol pri Šmarju
Dol pri Šmarju,hasLandmark,Grass,Dol pri Šmarju
Dol pri Šmarju,hasLandmark,Soil,Dol pri Šmarju
Dol pri Šmarju,hasLandmark,Stone,Dol pri Šmarju
Dol pri Šmarju,hasLandmark,Sand,Dol pri Šmarju
Dol pri Šmarju,hasLandmark,Water,Dol pri Šmarju
Dol pri Šmarju,hasLandmark,Air,Dol pri Šmarju
Dol pri Šmarju,hasLandmark,Light,Dol pri Šmarju
Dol pri Šmarju,hasLandmark,Shadow,Dol pri Šmarju
Dol pri Šmarju,hasLandmark,Cloud,Dol pri Šmarju
Dol pri Šmarju,hasLandmark,Rain,Dol pri Šmarju
Dol pri Šmarju,hasLandmark,Snow,Dol pri Šmarju
Dol pri Šmarju,hasLandmark,Wind,Dol pri Šmarju
Dol pri Šmarju,hasLandmark,Fire,Dol pri Šmarju
Dol pri Šmarju,hasLandmark,Earth,Dol pri Šmarju
Dol pri Šmarju,hasLandmark,Space,Dol pri Šmarju
Kimi ga Iru Kara (Sayuri Sugawara song),instanceOf,song,Kimi ga Iru Kara (Sayuri Sugawara song)
Kimi ga Iru Kara (Sayuri Sugawara song),artist,Sayuri Sugawara,Kimi ga Iru Kara (Sayuri Sugawara song)
Kimi ga Iru Kara (Sayuri Sugawara song),genre,J-Pop,Kimi ga Iru Kara (Sayuri Sugawara song)
Kimi ga Iru Kara (Sayuri Sugawara song),releaseDate,1996-04-16,Kimi ga Iru Kara (Sayuri Sugawara song)
Kimi ga Iru Kara (Sayuri Sugawara song),album,Kimi ga Iru Kara,Kimi ga Iru Kara (Sayuri Sugawara song)
Kimi ga Iru Kara (Sayuri Sugawara song),length,4:33,Kimi ga Iru Kara (Sayuri Sugawara song)
Kimi ga Iru Kara (Sayuri Sugawara song),label,Epic Records,Kimi ga Iru Kara (Sayuri Sugawara song)
Kimi ga Iru Kara (Sayuri Sugawara song),popularity,moderate,Kimi ga Iru Kara (Sayuri Sugawara song)
Kimi ga Iru Kara (Sayuri Sugawara song),composition,Sayuri Sugawara,Kimi ga Iru Kara (Sayuri Sugawara song)
Kimi ga Iru Kara (Sayuri Sugawara song),lyrics,Sayuri Sugawara,Kimi ga Iru Kara (Sayuri Sugawara song)
Kimi ga Iru Kara (Sayuri Sugawara song),instrumentation,"piano, vocals",Kimi ga Iru Kara (Sayuri Sugawara song)
Kimi ga Iru Kara (Sayuri Sugawara song),influencedBy,Japanese ballads,Kimi ga Iru Kara (Sayuri Sugawara song)
Kimi ga Iru Kara (Sayuri Sugawara song),relatedSong,Sayuri Sugawara's other songs,Kimi ga Iru Kara (Sayuri Sugawara song)
Kimi ga Iru Kara (Sayuri Sugawara song),performance,Live performances by Sayuri Sugawara,Kimi ga Iru Kara (Sayuri Sugawara song)
Kimi ga Iru Kara (Sayuri Sugawara song),cover,Various cover versions,Kimi ga Iru Kara (Sayuri Sugawara song)
Kimi ga Iru Kara (Sayuri Sugawara song),musicVideo,Yes,Kimi ga Iru Kara (Sayuri Sugawara song)
Kimi ga Iru Kara (Sayuri Sugawara song),rating,Positive reviews from Japanese music critics,Kimi ga Iru Kara (Sayuri Sugawara song)
Kimi ga Iru Kara (Sayuri Sugawara song),copyright,Epic Records,Kimi ga Iru Kara (Sayuri Sugawara song)
Kimi ga Iru Kara (Sayuri Sugawara song),format,"CD, digital download",Kimi ga Iru Kara (Sayuri Sugawara song)
Kimi ga Iru Kara (Sayuri Sugawara song),origin,Japan,Kimi ga Iru Kara (Sayuri Sugawara song)
2021 NCAA Division I baseball tournament,instanceOf,sporting event,2021 NCAA Division I baseball tournament
2021 NCAA Division I baseball tournament,instanceOf,college sporting event,2021 NCAA Division I baseball tournament
2021 NCAA Division I baseball tournament,instanceOf,tournament,2021 NCAA Division I baseball tournament
2021 NCAA Division I baseball tournament,heldIn,"Omaha, Nebraska",2021 NCAA Division I baseball tournament
2021 NCAA Division I baseball tournament,startDate,"May 23, 2021",2021 NCAA Division I baseball tournament
2021 NCAA Division I baseball tournament,endDate,"May 30, 2021",2021 NCAA Division I baseball tournament
2021 NCAA Division I baseball tournament,participatingTeams,Ole Miss Rebels,2021 NCAA Division I baseball tournament
2021 NCAA Division I baseball tournament,participatingTeams,LSU Tigers,2021 NCAA Division I baseball tournament
2021 NCAA Division I baseball tournament,participatingTeams,Florida Gators,2021 NCAA Division I baseball tournament
2021 NCAA Division I baseball tournament,participatingTeams,Stanford Cardinal,2021 NCAA Division I baseball tournament
2021 NCAA Division I baseball tournament,participatingTeams,Virginia Cavaliers,2021 NCAA Division I baseball tournament
2021 NCAA Division I baseball tournament,participatingTeams,Auburn Tigers,2021 NCAA Division I baseball tournament
2021 NCAA Division I baseball tournament,participatingTeams,Texas Longhorns,2021 NCAA Division I baseball tournament
2021 NCAA Division I baseball tournament,participatingTeams,TCU Horned Frogs,2021 NCAA Division I baseball tournament
2021 NCAA Division I baseball tournament,participatingTeams,North Carolina Tar Heels,2021 NCAA Division I baseball tournament
2021 NCAA Division I baseball tournament,participatingTeams,Wake Forest Demon Deacons,2021 NCAA Division I baseball tournament
2021 NCAA Division I baseball tournament,participatingTeams,Maryland Terrapins,2021 NCAA Division I baseball tournament
2021 NCAA Division I baseball tournament,participatingTeams,Louisville Cardinals,2021 NCAA Division I baseball tournament
2021 NCAA Division I baseball tournament,participatingTeams,Michigan Wolverines,2021 NCAA Division I baseball tournament
2021 NCAA Division I baseball tournament,participatingTeams,Oregon State Beavers,2021 NCAA Division I baseball tournament
2021 NCAA Division I baseball tournament,participatingTeams,Rice Owls,2021 NCAA Division I baseball tournament
2021 NCAA Division I baseball tournament,participatingTeams,Kentucky Wildcats,2021 NCAA Division I baseball tournament
2021 NCAA Division I baseball tournament,participatingTeams,Arkansas Razorbacks,2021 NCAA Division I baseball tournament
2021 NCAA Division I baseball tournament,participatingTeams,Oklahoma State Cowboys,2021 NCAA Division I baseball tournament
2021 NCAA Division I baseball tournament,participatingTeams,Kansas State Wildcats,2021 NCAA Division I baseball tournament
2021 NCAA Division I baseball tournament,participatingTeams,Baylor Bears,2021 NCAA Division I baseball tournament
2021 NCAA Division I baseball tournament,participatingTeams,Texas A&M Aggies,2021 NCAA Division I baseball tournament
2021 NCAA Division I baseball tournament,participatingTeams,Southern California Trojans,2021 NCAA Division I baseball tournament
2021 NCAA Division I baseball tournament,participatingTeams,UCLA Bruins,2021 NCAA Division I baseball tournament
2021 NCAA Division I baseball tournament,winner,Ole Miss Rebels,2021 NCAA Division I baseball tournament
2021 NCAA Division I baseball tournament,format,double elimination,2021 NCAA Division I baseball tournament
2021 NCAA Division I baseball tournament,organizer,NCAA,2021 NCAA Division I baseball tournament
2021 NCAA Division I baseball tournament,broadcastNetwork,ESPN,2021 NCAA Division I baseball tournament
2021 NCAA Division I baseball tournament,location,TD Ameritrade Park at Omaha,2021 NCAA Division I baseball tournament
2021 NCAA Division I baseball tournament,sport,baseball,2021 NCAA Division I baseball tournament
Dynatrace,instanceOf,Application Performance Monitoring (APM) platform,Dynatrace
Dynatrace,developerPlatform,Kubernetes,Dynatrace
Dynatrace,supports,Java,Dynatrace
Dynatrace,supports,Node.js,Dynatrace
Dynatrace,supports,Python,Dynatrace
Dynatrace,supports,Cloud Functions,Dynatrace
Dynatrace,supports,Serverless,Dynatrace
Dynatrace,supports,Microsoft .NET,Dynatrace
Dynatrace,supports,Docker,Dynatrace
Dynatrace,supports,AWS,Dynatrace
Dynatrace,supports,Azure,Dynatrace
Dynatrace,supports,Google Cloud Platform,Dynatrace
Dynatrace,offers,Synthetic monitoring,Dynatrace
Dynatrace,offers,Real User Monitoring (RUM),Dynatrace
Dynatrace,offers,Digital Experience Monitoring (DEM),Dynatrace
Dynatrace,offers,Log Management,Dynatrace
Dynatrace,offers,Log Analytics,Dynatrace
Dynatrace,offers,Network Monitoring,Dynatrace
Dynatrace,offers,Infrastructure Monitoring,Dynatrace
Dynatrace,offers,Cloud Monitoring,Dynatrace
Dynatrace,developedBy,ServiceNow,Dynatrace
Dynatrace,headquarters,New York City,Dynatrace
Dynatrace,founded,2005,Dynatrace
Dynatrace,acquiredBy,ServiceNow,Dynatrace
Dynatrace,competitor,New Relic,Dynatrace
Dynatrace,competitor,AppDynamics,Dynatrace
Dynatrace,pricingModel,Subscription-based,Dynatrace
Dynatrace,targetAudience,IT Operations,Dynatrace
Dynatrace,targetAudience,DevOps,Dynatrace
Dynatrace,targetAudience,Software Developers,Dynatrace
Dynatrace,technology,AI-powered,Dynatrace
Dynatrace,technology,Machine Learning,Dynatrace
Dynatrace,technology,Automation,Dynatrace
Dynatrace,version,Dynatrace 7,Dynatrace
Dynatrace,version,Dynatrace 8,Dynatrace
Dynatrace,version,Dynatrace 9,Dynatrace
Dynatrace,integratesWith,Slack,Dynatrace
Dynatrace,integratesWith,Jira,Dynatrace
Dynatrace,integratesWith,PagerDuty,Dynatrace
Dynatrace,integratesWith,ServiceNow,Dynatrace
Dynatrace,hasDocument,Documentation,Dynatrace
Maurice Fatio,instanceOf,Physicist,Maurice Fatio
Maurice Fatio,instanceOf,French physicist,Maurice Fatio
Maurice Fatio,instanceOf,Academic,Maurice Fatio
Maurice Fatio,bornIn,Paris,Maurice Fatio
Maurice Fatio,diedIn,Paris,Maurice Fatio
Maurice Fatio,deathDate,1910-07-17,Maurice Fatio
Maurice Fatio,birthDate,1853-03-16,Maurice Fatio
Maurice Fatio,educatedAt,École Polytechnique,Maurice Fatio
Maurice Fatio,educatedAt,Sorbonne University,Maurice Fatio
Maurice Fatio,fieldOfStudy,Acoustics,Maurice Fatio
Maurice Fatio,fieldOfStudy,Thermodynamics,Maurice Fatio
Maurice Fatio,fieldOfStudy,Fluid dynamics,Maurice Fatio
Maurice Fatio,workedAt,Collège de France,Maurice Fatio
Maurice Fatio,memberOf,Académie des sciences,Maurice Fatio
Maurice Fatio,authored,Mécanique des fluides,Maurice Fatio
Maurice Fatio,authored,Théorie de la chaleur,Maurice Fatio
Maurice Fatio,influenced,Victor Horsley,Maurice Fatio
Maurice Fatio,influenced,Jean Baptiste Perrin,Maurice Fatio
Maurice Fatio,studentOf,Gustave Guillaume,Maurice Fatio
Maurice Fatio,fatherOf,Henri Fatio,Maurice Fatio
Maurice Fatio,fatherOf,Pierre Fatio,Maurice Fatio
Maurice Fatio,fatherOf,Louis Fatio,Maurice Fatio
Maurice Fatio,fatherOf,Joseph Fatio,Maurice Fatio
Maurice Fatio,fatherOf,Fernand Fatio,Maurice Fatio
Maurice Fatio,fatherOf,Marcel Fatio,Maurice Fatio
Maurice Fatio,fatherOf,Philippe Fatio,Maurice Fatio
Maurice Fatio,fatherOf,Georges Fatio,Maurice Fatio
Maurice Fatio,fatherOf,Edmond Fatio,Maurice Fatio
Live & More (Roberta Flack and Peabo Bryson album),instanceOf,album,Live & More (Roberta Flack and Peabo Bryson album)
Live & More (Roberta Flack and Peabo Bryson album),genre,soul,Live & More (Roberta Flack and Peabo Bryson album)
Live & More (Roberta Flack and Peabo Bryson album),releaseDate,1992-03-03,Live & More (Roberta Flack and Peabo Bryson album)
Live & More (Roberta Flack and Peabo Bryson album),label,Elektra,Live & More (Roberta Flack and Peabo Bryson album)
Live & More (Roberta Flack and Peabo Bryson album),performedBy,Roberta Flack,Live & More (Roberta Flack and Peabo Bryson album)
Live & More (Roberta Flack and Peabo Bryson album),performedBy,Peabo Bryson,Live & More (Roberta Flack and Peabo Bryson album)
Roberta Flack,genre,soul,Live & More (Roberta Flack and Peabo Bryson album)
Roberta Flack,genre,jazz,Live & More (Roberta Flack and Peabo Bryson album)
Roberta Flack,instrument,vocals,Live & More (Roberta Flack and Peabo Bryson album)
Peabo Bryson,genre,soul,Live & More (Roberta Flack and Peabo Bryson album)
Peabo Bryson,genre,R&B,Live & More (Roberta Flack and Peabo Bryson album)
Peabo Bryson,instrument,vocals,Live & More (Roberta Flack and Peabo Bryson album)
Live & More (Roberta Flack and Peabo Bryson album),track1,Pleasing Me,Live & More (Roberta Flack and Peabo Bryson album)
Live & More (Roberta Flack and Peabo Bryson album),track2,Send One Your Love,Live & More (Roberta Flack and Peabo Bryson album)
Live & More (Roberta Flack and Peabo Bryson album),track3,You Are My Lady,Live & More (Roberta Flack and Peabo Bryson album)
Live & More (Roberta Flack and Peabo Bryson album),track4,I'm So Proud,Live & More (Roberta Flack and Peabo Bryson album)
Live & More (Roberta Flack and Peabo Bryson album),track5,I'll Never Let You Go,Live & More (Roberta Flack and Peabo Bryson album)
Live & More (Roberta Flack and Peabo Bryson album),track6,Love's in a Cage,Live & More (Roberta Flack and Peabo Bryson album)
Live & More (Roberta Flack and Peabo Bryson album),track7,I Just Called to Say I Love You,Live & More (Roberta Flack and Peabo Bryson album)
Live & More (Roberta Flack and Peabo Bryson album),track8,Baby I'm Hooked on You,Live & More (Roberta Flack and Peabo Bryson album)
Live & More (Roberta Flack and Peabo Bryson album),track9,I'm Thinking of You,Live & More (Roberta Flack and Peabo Bryson album)
Live & More (Roberta Flack and Peabo Bryson album),track10,You're All I Need to Get By,Live & More (Roberta Flack and Peabo Bryson album)
Live & More (Roberta Flack and Peabo Bryson album),track11,I'll Be There,Live & More (Roberta Flack and Peabo Bryson album)
Live & More (Roberta Flack and Peabo Bryson album),track12,Send One Your Love (Reprise),Live & More (Roberta Flack and Peabo Bryson album)
Roberta Flack,nationality,American,Live & More (Roberta Flack and Peabo Bryson album)
Peabo Bryson,nationality,American,Live & More (Roberta Flack and Peabo Bryson album)
Live & More (Roberta Flack and Peabo Bryson album),format,CD,Live & More (Roberta Flack and Peabo Bryson album)
Live & More (Roberta Flack and Peabo Bryson album),format,LP,Live & More (Roberta Flack and Peabo Bryson album)
Live & More (Roberta Flack and Peabo Bryson album),rating,4.5,Live & More (Roberta Flack and Peabo Bryson album)
Live & More (Roberta Flack and Peabo Bryson album),awards,None,Live & More (Roberta Flack and Peabo Bryson album)
Roberta Flack,awards,Grammy Awards,Live & More (Roberta Flack and Peabo Bryson album)
Peabo Bryson,awards,Soul Train Awards,Live & More (Roberta Flack and Peabo Bryson album)
Bellatrix Lestrange,instanceOf,Person,Bellatrix Lestrange
Bellatrix Lestrange,bornIn,Leicester,Bellatrix Lestrange
Bellatrix Lestrange,father,Sirius Black,Bellatrix Lestrange
Bellatrix Lestrange,mother,Lucius Malfoy,Bellatrix Lestrange
Bellatrix Lestrange,brother,Rodney Malfoy,Bellatrix Lestrange
Bellatrix Lestrange,sister,Narcissa Malfoy,Bellatrix Lestrange
Bellatrix Lestrange,marriedTo,Lucius Malfoy,Bellatrix Lestrange
Bellatrix Lestrange,worksFor,Dark Arts,Bellatrix Lestrange
Bellatrix Lestrange,isA,Death Eater,Bellatrix Lestrange
Bellatrix Lestrange,isA,Witch,Bellatrix Lestrange
Bellatrix Lestrange,isA,Wizard,Bellatrix Lestrange
Bellatrix Lestrange,foughtWith,Lord Voldemort,Bellatrix Lestrange
Bellatrix Lestrange,killed,Arthur Weasley,Bellatrix Lestrange
Bellatrix Lestrange,killed,Molly Weasley,Bellatrix Lestrange
Bellatrix Lestrange,killed,Fred Weasley,Bellatrix Lestrange
Bellatrix Lestrange,killed,George Weasley,Bellatrix Lestrange
Bellatrix Lestrange,killed,Ron Weasley,Bellatrix Lestrange
Bellatrix Lestrange,killed,Hermione Granger,Bellatrix Lestrange
Bellatrix Lestrange,killed,Harry Potter,Bellatrix Lestrange
Bellatrix Lestrange,usedSpell,Imperio,Bellatrix Lestrange
Bellatrix Lestrange,usedSpell,Crucio,Bellatrix Lestrange
Bellatrix Lestrange,usedSpell,Expelliarmus,Bellatrix Lestrange
Bellatrix Lestrange,loyalTo,Lord Voldemort,Bellatrix Lestrange
Bellatrix Lestrange,defeatedBy,Harry Potter,Bellatrix Lestrange
Bellatrix Lestrange,capturedBy,Harry Potter,Bellatrix Lestrange
Bellatrix Lestrange,imprisonedIn,Azkaban,Bellatrix Lestrange
Bellatrix Lestrange,hasEyeColor,Red,Bellatrix Lestrange
Bellatrix Lestrange,hasHairColor,Black,Bellatrix Lestrange
Bellatrix Lestrange,isA,Blood Traitor,Bellatrix Lestrange
Bellatrix Lestrange,participatedIn,Battle of Hogwarts,Bellatrix Lestrange
Taisan-ji (Matsuyama),instanceOf,Buddhist temple,Taisan-ji (Matsuyama)
Taisan-ji (Matsuyama),locatedIn,Matsuyama,Taisan-ji (Matsuyama)
Taisan-ji (Matsuyama),locatedIn,Ehime Prefecture,Taisan-ji (Matsuyama)
Taisan-ji (Matsuyama),established,1620,Taisan-ji (Matsuyama)
Taisan-ji (Matsuyama),affiliatedWith,Shingon Buddhism,Taisan-ji (Matsuyama)
Taisan-ji (Matsuyama),features,Kongo-hyaku-hachi-zukuri hall,Taisan-ji (Matsuyama)
Taisan-ji (Matsuyama),features,Main hall,Taisan-ji (Matsuyama)
Taisan-ji (Matsuyama),features,Bell,Taisan-ji (Matsuyama)
Taisan-ji (Matsuyama),features,Stone lantern,Taisan-ji (Matsuyama)
Taisan-ji (Matsuyama),contains,Taisan-ji Museum,Taisan-ji (Matsuyama)
Taisan-ji Museum,locatedIn,Taisan-ji (Matsuyama),Taisan-ji (Matsuyama)
Taisan-ji (Matsuyama),accessPoint,Matsuyama Station,Taisan-ji (Matsuyama)
Taisan-ji (Matsuyama),openHours,9:00 to 17:00,Taisan-ji (Matsuyama)
Taisan-ji (Matsuyama),admissionFee,300 yen,Taisan-ji (Matsuyama)
Taisan-ji (Matsuyama),website,https://www.taisanjimatsu.jp/,Taisan-ji (Matsuyama)
Taisan-ji (Matsuyama),historicalSignificance,Important Cultural Property,Taisan-ji (Matsuyama)
Taisan-ji (Matsuyama),architecturalStyle,Traditional Japanese architecture,Taisan-ji (Matsuyama)
Taisan-ji (Matsuyama),associatedWith,Matsuyama Castle,Taisan-ji (Matsuyama)
Taisan-ji (Matsuyama),nearbyLandmark,Matsuyama Castle,Taisan-ji (Matsuyama)
Taisan-ji (Matsuyama),nearbyLandmark,Kintai Bridge,Taisan-ji (Matsuyama)
Taisan-ji (Matsuyama),nearbyLandmark,Ehime Prefectural Museum,Taisan-ji (Matsuyama)
Taisan-ji (Matsuyama),religiousFunction,Prayer and meditation,Taisan-ji (Matsuyama)
Taisan-ji (Matsuyama),religiousFunction,Festivals and ceremonies,Taisan-ji (Matsuyama)
"Union Bethel A.M.E. Church (New Orleans, Louisiana)",instanceOf,Church,"Union Bethel A.M.E. Church (New Orleans, Louisiana)"
"Union Bethel A.M.E. Church (New Orleans, Louisiana)",locatedIn,"New Orleans, Louisiana","Union Bethel A.M.E. Church (New Orleans, Louisiana)"
"Union Bethel A.M.E. Church (New Orleans, Louisiana)",affiliatedWith,African Methodist Episcopal Church,"Union Bethel A.M.E. Church (New Orleans, Louisiana)"
"Union Bethel A.M.E. Church (New Orleans, Louisiana)",denomination,African Methodist Episcopal Church,"Union Bethel A.M.E. Church (New Orleans, Louisiana)"
"Union Bethel A.M.E. Church (New Orleans, Louisiana)",founded,1903,"Union Bethel A.M.E. Church (New Orleans, Louisiana)"
"Union Bethel A.M.E. Church (New Orleans, Louisiana)",pastors,James A. Williams,"Union Bethel A.M.E. Church (New Orleans, Louisiana)"
"Union Bethel A.M.E. Church (New Orleans, Louisiana)",address,"1801 St Ann St, New Orleans, LA 70112","Union Bethel A.M.E. Church (New Orleans, Louisiana)"
"Union Bethel A.M.E. Church (New Orleans, Louisiana)",website,https://www.unionbethelame.org/,"Union Bethel A.M.E. Church (New Orleans, Louisiana)"
"Union Bethel A.M.E. Church (New Orleans, Louisiana)",membership,Approximately 800,"Union Bethel A.M.E. Church (New Orleans, Louisiana)"
"Union Bethel A.M.E. Church (New Orleans, Louisiana)",community_service,Food Bank,"Union Bethel A.M.E. Church (New Orleans, Louisiana)"
"Union Bethel A.M.E. Church (New Orleans, Louisiana)",community_service,Youth Programs,"Union Bethel A.M.E. Church (New Orleans, Louisiana)"
"Union Bethel A.M.E. Church (New Orleans, Louisiana)",community_service,Senior Citizen Outreach,"Union Bethel A.M.E. Church (New Orleans, Louisiana)"
"Union Bethel A.M.E. Church (New Orleans, Louisiana)",community_service,Clothing Drive,"Union Bethel A.M.E. Church (New Orleans, Louisiana)"
"Union Bethel A.M.E. Church (New Orleans, Louisiana)",building_style,Gothic Revival,"Union Bethel A.M.E. Church (New Orleans, Louisiana)"
"Union Bethel A.M.E. Church (New Orleans, Louisiana)",architect,William H. Truslow,"Union Bethel A.M.E. Church (New Orleans, Louisiana)"
"Union Bethel A.M.E. Church (New Orleans, Louisiana)",historical_significance,Civil Rights Movement,"Union Bethel A.M.E. Church (New Orleans, Louisiana)"
"Union Bethel A.M.E. Church (New Orleans, Louisiana)",historical_significance,Community Hub,"Union Bethel A.M.E. Church (New Orleans, Louisiana)"
"Union Bethel A.M.E. Church (New Orleans, Louisiana)",services,Sunday Service,"Union Bethel A.M.E. Church (New Orleans, Louisiana)"
"Union Bethel A.M.E. Church (New Orleans, Louisiana)",services,Bible Study,"Union Bethel A.M.E. Church (New Orleans, Louisiana)"
"Union Bethel A.M.E. Church (New Orleans, Louisiana)",services,Youth Group,"Union Bethel A.M.E. Church (New Orleans, Louisiana)"
"Union Bethel A.M.E. Church (New Orleans, Louisiana)",services,Choir,"Union Bethel A.M.E. Church (New Orleans, Louisiana)"
"Union Bethel A.M.E. Church (New Orleans, Louisiana)",services,Social Events,"Union Bethel A.M.E. Church (New Orleans, Louisiana)"
Dermot Kelly (actor),instanceOf,actor,Dermot Kelly (actor)
Dermot Kelly (actor),bornIn,Dublin,Dermot Kelly (actor)
Dermot Kelly (actor),bornOn,1962-07-27,Dermot Kelly (actor)
Dermot Kelly (actor),spouse,Sarah Kelly,Dermot Kelly (actor)
Dermot Kelly (actor),child,Jamie Kelly,Dermot Kelly (actor)
Dermot Kelly (actor),child,Ciara Kelly,Dermot Kelly (actor)
Dermot Kelly (actor),appearance,Father Ted,Dermot Kelly (actor)
Dermot Kelly (actor),appearance,The Clinic,Dermot Kelly (actor)
Dermot Kelly (actor),appearance,The Guards,Dermot Kelly (actor)
Dermot Kelly (actor),appearance,The Boxer,Dermot Kelly (actor)
Dermot Kelly (actor),appearance,The Split,Dermot Kelly (actor)
Dermot Kelly (actor),appearance,The Merchant of Venice,Dermot Kelly (actor)
Dermot Kelly (actor),appearance,Angela's Ashes,Dermot Kelly (actor)
Dermot Kelly (actor),appearance,Brooklyn,Dermot Kelly (actor)
Dermot Kelly (actor),occupation,actor,Dermot Kelly (actor)
Dermot Kelly (actor),nationality,Irish,Dermot Kelly (actor)
Dermot Kelly (actor),height,1.78 m,Dermot Kelly (actor)
Dermot Kelly (actor),weight,77 kg,Dermot Kelly (actor)
Dermot Kelly (actor),education,"St. Michael's College, Dublin",Dermot Kelly (actor)
Dermot Kelly (actor),awards,RTÉ Television Award for Best Actor in a Supporting Role,Dermot Kelly (actor)
1950 Dutch Grand Prix,instanceOf,Grand Prix,1950 Dutch Grand Prix
1950 Dutch Grand Prix,heldAt,Zandvoort,1950 Dutch Grand Prix
1950 Dutch Grand Prix,date,1950-05-21,1950 Dutch Grand Prix
1950 Dutch Grand Prix,winner,Juan Manuel Fangio,1950 Dutch Grand Prix
1950 Dutch Grand Prix,secondPlace,Onofre Marimón,1950 Dutch Grand Prix
1950 Dutch Grand Prix,thirdPlace,Alain Prost,1950 Dutch Grand Prix
1950 Dutch Grand Prix,fourthPlace,Maurice Trintignant,1950 Dutch Grand Prix
1950 Dutch Grand Prix,fifthPlace,Harry Schell,1950 Dutch Grand Prix
1950 Dutch Grand Prix,sixthPlace,Peter Collins,1950 Dutch Grand Prix
1950 Dutch Grand Prix,seventhPlace,Luigi Villoresi,1950 Dutch Grand Prix
1950 Dutch Grand Prix,eighthPlace,Wolfgang Buechel,1950 Dutch Grand Prix
1950 Dutch Grand Prix,ninthPlace,Alberto Ascari,1950 Dutch Grand Prix
1950 Dutch Grand Prix,tenthPlace,Masten Gregory,1950 Dutch Grand Prix
1950 Dutch Grand Prix,carUsed,Alfa Romeo 158,1950 Dutch Grand Prix
1950 Dutch Grand Prix,team,Scuderia Ferrari,1950 Dutch Grand Prix
1950 Dutch Grand Prix,circuitLength,7.85 km,1950 Dutch Grand Prix
1950 Dutch Grand Prix,numberofLaps,12,1950 Dutch Grand Prix
1950 Dutch Grand Prix,raceDistance,96.7 km,1950 Dutch Grand Prix
1950 Dutch Grand Prix,polePosition,Juan Manuel Fangio,1950 Dutch Grand Prix
1950 Dutch Grand Prix,fastestLap,1:49.60,1950 Dutch Grand Prix
1950 Dutch Grand Prix,pointsSystem,"3 points for 1st, 2 points for 2nd, 1 point for 3rd",1950 Dutch Grand Prix
1950 Dutch Grand Prix,weather,Dry,1950 Dutch Grand Prix
1950 Dutch Grand Prix,spectators,"35,000",1950 Dutch Grand Prix
1950 Dutch Grand Prix,raceNumber,3,1950 Dutch Grand Prix
1950 Dutch Grand Prix,season,1950 World Sportscar Championship,1950 Dutch Grand Prix
1950 Dutch Grand Prix,country,Netherlands,1950 Dutch Grand Prix
1950 Dutch Grand Prix,location,"Zandvoort, Netherlands",1950 Dutch Grand Prix
1950 Dutch Grand Prix,raceType,Sports Car,1950 Dutch Grand Prix
1950 Dutch Grand Prix,driver1,Juan Manuel Fangio,1950 Dutch Grand Prix
1950 Dutch Grand Prix,driver2,Onofre Marimón,1950 Dutch Grand Prix
1950 Dutch Grand Prix,driver3,Alain Prost,1950 Dutch Grand Prix
1950 Dutch Grand Prix,driver4,Maurice Trintignant,1950 Dutch Grand Prix
1950 Dutch Grand Prix,driver5,Harry Schell,1950 Dutch Grand Prix
1950 Dutch Grand Prix,driver6,Peter Collins,1950 Dutch Grand Prix
1950 Dutch Grand Prix,driver7,Luigi Villoresi,1950 Dutch Grand Prix
1950 Dutch Grand Prix,driver8,Wolfgang Buechel,1950 Dutch Grand Prix
1950 Dutch Grand Prix,driver9,Alberto Ascari,1950 Dutch Grand Prix
1950 Dutch Grand Prix,driver10,Masten Gregory,1950 Dutch Grand Prix
Connect (2022 film),instanceOf,film,Connect (2022 film)
Connect (2022 film),directedBy,Sylvain Chomet,Connect (2022 film)
Connect (2022 film),writtenBy,Sylvain Chomet,Connect (2022 film)
Connect (2022 film),starring,Nathalie Portman,Connect (2022 film)
Connect (2022 film),starring,Timothée Chalamet,Connect (2022 film)
Connect (2022 film),starring,Melanie Laurent,Connect (2022 film)
Connect (2022 film),starring,Luàna Bajrami,Connect (2022 film)
Connect (2022 film),genre,mystery,Connect (2022 film)
Connect (2022 film),genre,thriller,Connect (2022 film)
Connect (2022 film),genre,drama,Connect (2022 film)
Connect (2022 film),releaseDate,2022-11-10,Connect (2022 film)
Connect (2022 film),productionCompany,"Folamour Productions, SND",Connect (2022 film)
Connect (2022 film),countryOfOrigin,France,Connect (2022 film)
Connect (2022 film),budget,18 million,Connect (2022 film)
Connect (2022 film),grossRevenue,$45.7 million,Connect (2022 film)
Connect (2022 film),plot,A young girl investigates the disappearance of her father.,Connect (2022 film)
Connect (2022 film),themes,family,Connect (2022 film)
Connect (2022 film),themes,loss,Connect (2022 film)
Connect (2022 film),themes,mystery,Connect (2022 film)
Connect (2022 film),cinematographyBy,Darius Khondji,Connect (2022 film)
Connect (2022 film),editingBy,Théo Kolczynski,Connect (2022 film)
Connect (2022 film),musicBy,Ludovico Einaudi,Connect (2022 film)
Connect (2022 film),awards,Numerous international film festival awards,Connect (2022 film)
Connect (2022 film),relatedTo,The Invasion (2007 film),Connect (2022 film)
Connect (2022 film),relatedTo,Persepolis (2007 film),Connect (2022 film)
Connect (2022 film),relatedTo,The Science of Sleep (2006 film),Connect (2022 film)
Connect (2022 film),relatedTo,La Vie d'Adèle (2013 film),Connect (2022 film)
Connect (2022 film),relatedTo,Le Tableau (2017 film),Connect (2022 film)
Connect (2022 film),relatedTo,The Fall (2006 film),Connect (2022 film)
Connect (2022 film),relatedTo,The Artist (2011 film),Connect (2022 film)
Connect (2022 film),relatedTo,Play (2018 film),Connect (2022 film)
Connect (2022 film),relatedTo,The Lobster (2015 film),Connect (2022 film)
Connect (2022 film),relatedTo,The Mitchells vs. The Machines (2021 film),Connect (2022 film)
Connect (2022 film),relatedTo,Soul (2020 film),Connect (2022 film)
Connect (2022 film),relatedTo,Luca (2021 film),Connect (2022 film)
Connect (2022 film),relatedTo,Spider-Man: Into the Spider-Verse (2018 film),Connect (2022 film)
Connect (2022 film),relatedTo,Minions (2015 film),Connect (2022 film)
Connect (2022 film),relatedTo,Paddington 2 (2017 film),Connect (2022 film)
Connect (2022 film),relatedTo,Wonder Woman (2017 film),Connect (2022 film)
Connect (2022 film),relatedTo,The Lion King (2019 film),Connect (2022 film)
Connect (2022 film),relatedTo,Dumbo (2019 film),Connect (2022 film)
Connect (2022 film),relatedTo,Aladdin (2019 film),Connect (2022 film)
Connect (2022 film),relatedTo,Frozen II (2019 film),Connect (2022 film)
Connect (2022 film),relatedTo,Toy Story 4 (2019 film),Connect (2022 film)
Connect (2022 film),relatedTo,Sonic the Hedgehog (2020 film),Connect (2022 film)
Connect (2022 film),relatedTo,Black Widow (2021 film),Connect (2022 film)
Connect (2022 film),relatedTo,Shang-Chi and the Legend of the Ten Rings (2021 film),Connect (2022 film)
Connect (2022 film),relatedTo,Eternals (2021 film),Connect (2022 film)
Connect (2022 film),relatedTo,Spider-Man: No Way Home (2021 film),Connect (2022 film)
Connect (2022 film),relatedTo,Doctor Strange in the Multiverse of Madness (2022 film),Connect (2022 film)
Connect (2022 film),relatedTo,Top Gun: Maverick (2022 film),Connect (2022 film)
Connect (2022 film),relatedTo,Jurassic World Dominion (2022 film),Connect (2022 film)
Connect (2022 film),relatedTo,The Batman (2022 film),Connect (2022 film)
Connect (2022 film),relatedTo,Avatar: The Way of Water (2022 film),Connect (2022 film)
BMD-4,instanceOf,Marvel Comics Mutant,BMD-4
BMD-4,realName,Daniel Read,BMD-4
BMD-4,powersAndAbilities,Telepathy,BMD-4
BMD-4,powersAndAbilities,Telekinesis,BMD-4
BMD-4,powersAndAbilities,Empathy,BMD-4
BMD-4,powersAndAbilities,Mind Control,BMD-4
BMD-4,powersAndAbilities,Psychic Shields,BMD-4
BMD-4,firstAppearance,Marvel Graphic Novel #37,BMD-4
BMD-4,createdBy,Paul Heer,BMD-4
BMD-4,memberOf,X-Factor,BMD-4
BMD-4,memberOf,New Mutants,BMD-4
BMD-4,memberOf,Generation X,BMD-4
BMD-4,allies,Wolverine,BMD-4
BMD-4,enemies,Magneto,BMD-4
BMD-4,enemies,Mystique,BMD-4
BMD-4,location,United States,BMD-4
BMD-4,occupation,Psychic,BMD-4
BMD-4,alternateName,Danny Read,BMD-4
BMD-4,relatedTo,Emma Frost,BMD-4
BMD-4,relatedTo,Jean Grey,BMD-4
BMD-4,relatedTo,Scott Summers,BMD-4
BMD-4,appearance,"Pale skin, blue eyes",BMD-4
BMD-4,appearance,"Tall, slender build",BMD-4
BMD-4,status,Alive,BMD-4
BMD-4,publisher,Marvel Comics,BMD-4
Bad Guy (Billie Eilish song),instanceOf,song,Bad Guy (Billie Eilish song)
Bad Guy (Billie Eilish song),artist,Billie Eilish,Bad Guy (Billie Eilish song)
Bad Guy (Billie Eilish song),releaseDate,2019-08-16,Bad Guy (Billie Eilish song)
Bad Guy (Billie Eilish song),genre,pop,Bad Guy (Billie Eilish song)
Bad Guy (Billie Eilish song),length,238 seconds,Bad Guy (Billie Eilish song)
Bad Guy (Billie Eilish song),label,Bad Guy,Bad Guy (Billie Eilish song)
Bad Guy (Billie Eilish song),popularity,high,Bad Guy (Billie Eilish song)
Bad Guy (Billie Eilish song),peakChartPosition,13,Bad Guy (Billie Eilish song)
Bad Guy (Billie Eilish song),chartedIn,US Billboard Hot 100,Bad Guy (Billie Eilish song)
Bad Guy (Billie Eilish song),producedBy,Finneas O'Connell,Bad Guy (Billie Eilish song)
Bad Guy (Billie Eilish song),writtenBy,"Billie Eilish, Finneas O'Connell",Bad Guy (Billie Eilish song)
Bad Guy (Billie Eilish song),featuredIn,Various media,Bad Guy (Billie Eilish song)
Bad Guy (Billie Eilish song),awardsReceived,Grammy Award for Best Pop Vocal Performance,Bad Guy (Billie Eilish song)
Bad Guy (Billie Eilish song),influencedBy,Synth-pop,Bad Guy (Billie Eilish song)
Bad Guy (Billie Eilish song),associatedWith,Billie Eilish's Debut Album,Bad Guy (Billie Eilish song)
Bad Guy (Billie Eilish song),sample,The Police - Every Breath You Take,Bad Guy (Billie Eilish song)
Bad Guy (Billie Eilish song),musicVideo,Directed by Mark Rendes,Bad Guy (Billie Eilish song)
Bad Guy (Billie Eilish song),tempo,143 BPM,Bad Guy (Billie Eilish song)
Bad Guy (Billie Eilish song),key,C minor,Bad Guy (Billie Eilish song)
Bad Guy (Billie Eilish song),mood,"Dark, energetic",Bad Guy (Billie Eilish song)
Bad Guy (Billie Eilish song),instrumentation,"Synthesizers, drums, bass",Bad Guy (Billie Eilish song)
Bad Guy (Billie Eilish song),releaseFormat,Digital download,Bad Guy (Billie Eilish song)
Bad Guy (Billie Eilish song),distribution,Interscope Records,Bad Guy (Billie Eilish song)
Bad Guy (Billie Eilish song),copyright,"2019 Darkroom, Interscope Records",Bad Guy (Billie Eilish song)
Bad Guy (Billie Eilish song),relatedAlbum,"When We All Fall Asleep, Where Do We Go?",Bad Guy (Billie Eilish song)
Maeba (album),instanceOf,album,Maeba (album)
Maeba (album),releasedBy,Universal Music Japan,Maeba (album)
Maeba (album),releasedOn,2017-07-27,Maeba (album)
Maeba (album),genre,J-pop,Maeba (album)
Maeba (album),featuring,Kyary Pamyu Pamyu,Maeba (album)
Maeba (album),tracks,Sugar Poppin',Maeba (album)
Maeba (album),tracks,Ponponpon,Maeba (album)
Maeba (album),tracks,Tsukema Tsukeru,Maeba (album)
Maeba (album),tracks,Omajin,Maeba (album)
Maeba (album),tracks,Omajin (Instrumental),Maeba (album)
Maeba (album),tracks,Sugar Poppin' (Instrumental),Maeba (album)
Maeba (album),tracks,Ponponpon (Instrumental),Maeba (album)
Maeba (album),tracks,Tsukema Tsukeru (Instrumental),Maeba (album)
Maeba (album),sales,Platinum,Maeba (album)
Maeba (album),certified,Platinum,Maeba (album)
Kyary Pamyu Pamyu,participatedIn,Maeba (album),Maeba (album)
Universal Music Japan,label,Maeba (album),Maeba (album)
Maeba (album),format,CD,Maeba (album)
Maeba (album),format,Digital Download,Maeba (album)
Maeba (album),distribution,iTunes Store,Maeba (album)
Maeba (album),distribution,Amazon,Maeba (album)
Maeba (album),popularity,high,Maeba (album)
Maeba (album),popularity,commercial success,Maeba (album)
Maeba (album),relatedTo,Kyary Pamyu Pamyu's discography,Maeba (album)
Maeba (album),relatedTo,Universal Music Japan's releases,Maeba (album)
"Nowa Góra, Lesser Poland Voivodeship",instanceOf,municipality,"Nowa Góra, Lesser Poland Voivodeship"
"Nowa Góra, Lesser Poland Voivodeship",locatedIn,Lesser Poland Voivodeship,"Nowa Góra, Lesser Poland Voivodeship"
"Nowa Góra, Lesser Poland Voivodeship",hasPopulation,6388,"Nowa Góra, Lesser Poland Voivodeship"
"Nowa Góra, Lesser Poland Voivodeship",postalCode,22-640,"Nowa Góra, Lesser Poland Voivodeship"
"Nowa Góra, Lesser Poland Voivodeship",area,12.04km²,"Nowa Góra, Lesser Poland Voivodeship"
"Nowa Góra, Lesser Poland Voivodeship",elevation,395m,"Nowa Góra, Lesser Poland Voivodeship"
"Nowa Góra, Lesser Poland Voivodeship",partOf,Poland,"Nowa Góra, Lesser Poland Voivodeship"
"Nowa Góra, Lesser Poland Voivodeship",hasMayor,Janusz Czyński,"Nowa Góra, Lesser Poland Voivodeship"
"Nowa Góra, Lesser Poland Voivodeship",hasWebsite,www.nowagora.pl,"Nowa Góra, Lesser Poland Voivodeship"
"Nowa Góra, Lesser Poland Voivodeship",hasPostOffice,Nowa Góra,"Nowa Góra, Lesser Poland Voivodeship"
"Nowa Góra, Lesser Poland Voivodeship",hasLandmark,Church of the Visitation of the Virgin Mary,"Nowa Góra, Lesser Poland Voivodeship"
"Nowa Góra, Lesser Poland Voivodeship",hasLandmark,Monument to the Victims of the Holocaust,"Nowa Góra, Lesser Poland Voivodeship"
"Nowa Góra, Lesser Poland Voivodeship",hasLandmark,Old Mill,"Nowa Góra, Lesser Poland Voivodeship"
"Nowa Góra, Lesser Poland Voivodeship",hasLandmark,Former Manor House,"Nowa Góra, Lesser Poland Voivodeship"
"Nowa Góra, Lesser Poland Voivodeship",hasLandmark,St. Stanislaus Kostka Church,"Nowa Góra, Lesser Poland Voivodeship"
"Nowa Góra, Lesser Poland Voivodeship",hasLandmark,Town Hall,"Nowa Góra, Lesser Poland Voivodeship"
"Nowa Góra, Lesser Poland Voivodeship",hasLandmark,Monument to the Heroes of the November 1920 Uprising,"Nowa Góra, Lesser Poland Voivodeship"
"Nowa Góra, Lesser Poland Voivodeship",hasLandmark,Monument to the Victims of World War II,"Nowa Góra, Lesser Poland Voivodeship"
"Nowa Góra, Lesser Poland Voivodeship",hasLandmark,Monument to the Victims of the 1944 Uprising,"Nowa Góra, Lesser Poland Voivodeship"
"Nowa Góra, Lesser Poland Voivodeship",hasLandmark,Monument to the Victims of the 1968 Uprising,"Nowa Góra, Lesser Poland Voivodeship"
"Nowa Góra, Lesser Poland Voivodeship",hasLandmark,Monument to the Victims of the 1981 Uprising,"Nowa Góra, Lesser Poland Voivodeship"
"Nowa Góra, Lesser Poland Voivodeship",hasLandmark,Monument to the Victims of the 1989 Uprising,"Nowa Góra, Lesser Poland Voivodeship"
"Nowa Góra, Lesser Poland Voivodeship",hasLandmark,Monument to the Victims of the 1991 Uprising,"Nowa Góra, Lesser Poland Voivodeship"
"Nowa Góra, Lesser Poland Voivodeship",hasLandmark,Monument to the Victims of the 1999 Uprising,"Nowa Góra, Lesser Poland Voivodeship"
"Nowa Góra, Lesser Poland Voivodeship",hasLandmark,Monument to the Victims of the 2000 Uprising,"Nowa Góra, Lesser Poland Voivodeship"
"Nowa Góra, Lesser Poland Voivodeship",hasLandmark,Monument to the Victims of the 2010 Uprising,"Nowa Góra, Lesser Poland Voivodeship"
"Nowa Góra, Lesser Poland Voivodeship",hasLandmark,Monument to the Victims of the 2011 Uprising,"Nowa Góra, Lesser Poland Voivodeship"
"Nowa Góra, Lesser Poland Voivodeship",hasLandmark,Monument to the Victims of the 2013 Uprising,"Nowa Góra, Lesser Poland Voivodeship"
"Nowa Góra, Lesser Poland Voivodeship",hasLandmark,Monument to the Victims of the 2014 Uprising,"Nowa Góra, Lesser Poland Voivodeship"
"Nowa Góra, Lesser Poland Voivodeship",hasLandmark,Monument to the Victims of the 2015 Uprising,"Nowa Góra, Lesser Poland Voivodeship"
"Nowa Góra, Lesser Poland Voivodeship",hasLandmark,Monument to the Victims of the 2016 Uprising,"Nowa Góra, Lesser Poland Voivodeship"
"Nowa Góra, Lesser Poland Voivodeship",hasLandmark,Monument to the Victims of the 2017 Uprising,"Nowa Góra, Lesser Poland Voivodeship"
"Nowa Góra, Lesser Poland Voivodeship",hasLandmark,Monument to the Victims of the 2018 Uprising,"Nowa Góra, Lesser Poland Voivodeship"
"Nowa Góra, Lesser Poland Voivodeship",hasLandmark,Monument to the Victims of the 2019 Uprising,"Nowa Góra, Lesser Poland Voivodeship"
"Nowa Góra, Lesser Poland Voivodeship",hasLandmark,Monument to the Victims of the 2020 Uprising,"Nowa Góra, Lesser Poland Voivodeship"
"Nowa Góra, Lesser Poland Voivodeship",hasLandmark,Monument to the Victims of the 2021 Uprising,"Nowa Góra, Lesser Poland Voivodeship"
"Nowa Góra, Lesser Poland Voivodeship",hasLandmark,Monument to the Victims of the 2022 Uprising,"Nowa Góra, Lesser Poland Voivodeship"
Remembering Leonard Nimoy,instanceOf,Film,Remembering Leonard Nimoy
Remembering Leonard Nimoy,directedBy,Leonard Nimoy,Remembering Leonard Nimoy
Remembering Leonard Nimoy,starring,Leonard Nimoy,Remembering Leonard Nimoy
Remembering Leonard Nimoy,starring,William Shatner,Remembering Leonard Nimoy
Remembering Leonard Nimoy,starring,Zeljko Kraljevic,Remembering Leonard Nimoy
Remembering Leonard Nimoy,starring,George Takei,Remembering Leonard Nimoy
Remembering Leonard Nimoy,starring,Carrie Snow,Remembering Leonard Nimoy
Remembering Leonard Nimoy,starring,Robert Foxworth,Remembering Leonard Nimoy
Remembering Leonard Nimoy,genre,Documentary,Remembering Leonard Nimoy
Remembering Leonard Nimoy,releaseDate,2009-03-20,Remembering Leonard Nimoy
Remembering Leonard Nimoy,description,A documentary about the life and career of Leonard Nimoy.,Remembering Leonard Nimoy
Leonard Nimoy,instanceOf,Actor,Remembering Leonard Nimoy
Leonard Nimoy,instanceOf,Director,Remembering Leonard Nimoy
Leonard Nimoy,knownFor,Star Trek,Remembering Leonard Nimoy
Leonard Nimoy,knownFor,Spock,Remembering Leonard Nimoy
Leonard Nimoy,birthDate,1930-05-20,Remembering Leonard Nimoy
Leonard Nimoy,deathDate,2015-03-27,Remembering Leonard Nimoy
Leonard Nimoy,nationality,American,Remembering Leonard Nimoy
William Shatner,instanceOf,Actor,Remembering Leonard Nimoy
William Shatner,instanceOf,Director,Remembering Leonard Nimoy
Zeljko Kraljevic,instanceOf,Actor,Remembering Leonard Nimoy
George Takei,instanceOf,Actor,Remembering Leonard Nimoy
2016 Tajik constitutional referendum,instanceOf,constitutional referendum,2016 Tajik constitutional referendum
2016 Tajik constitutional referendum,startDate,23 December 2016,2016 Tajik constitutional referendum
2016 Tajik constitutional referendum,endDate,1 February 2017,2016 Tajik constitutional referendum
2016 Tajik constitutional referendum,location,Tajikistan,2016 Tajik constitutional referendum
2016 Tajik constitutional referendum,organizer,Tajikstan Supreme Council,2016 Tajik constitutional referendum
2016 Tajik constitutional referendum,purpose,Amend the Constitution of Tajikistan,2016 Tajik constitutional referendum
2016 Tajik constitutional referendum,result,Approved by 99.72%,2016 Tajik constitutional referendum
2016 Tajik constitutional referendum,keyChanges,Strengthened presidential powers,2016 Tajik constitutional referendum
2016 Tajik constitutional referendum,affectedArea,Tajikistan,2016 Tajik constitutional referendum
2016 Tajik constitutional referendum,legalBasis,Constitution of Tajikistan,2016 Tajik constitutional referendum
2016 Tajik constitutional referendum,politicalContext,Post-Kuduzov era,2016 Tajik constitutional referendum
2016 Tajik constitutional referendum,relatedFigure,Emomali Rahmon,2016 Tajik constitutional referendum
2016 Tajik constitutional referendum,relatedFigure,Tajikistan Supreme Council,2016 Tajik constitutional referendum
2016 Tajik constitutional referendum,relatedFigure,Tajikistan government,2016 Tajik constitutional referendum
2016 Tajik constitutional referendum,relatedFigure,Tajikistan Supreme Court,2016 Tajik constitutional referendum
2016 Tajik constitutional referendum,relatedFigure,Tajikistan National Bank,2016 Tajik constitutional referendum
2016 Tajik constitutional referendum,relatedFigure,Tajikistan Parliament,2016 Tajik constitutional referendum
2016 Tajik constitutional referendum,relatedFigure,Tajikistan political parties,2016 Tajik constitutional referendum
2016 Tajik constitutional referendum,relatedFigure,Tajikistan civil society,2016 Tajik constitutional referendum
2016 Tajik constitutional referendum,relatedFigure,Tajikistan media,2016 Tajik constitutional referendum
2016 Tajik constitutional referendum,relatedFigure,Tajikistan security services,2016 Tajik constitutional referendum
2016 Tajik constitutional referendum,relatedFigure,Tajikistan foreign policy,2016 Tajik constitutional referendum
2016 Tajik constitutional referendum,relatedFigure,International organizations,2016 Tajik constitutional referendum
2016 Tajik constitutional referendum,relatedFigure,Russia,2016 Tajik constitutional referendum
2016 Tajik constitutional referendum,relatedFigure,China,2016 Tajik constitutional referendum
2016 Tajik constitutional referendum,relatedFigure,Afghanistan,2016 Tajik constitutional referendum
2016 Tajik constitutional referendum,relatedFigure,United States,2016 Tajik constitutional referendum
2016 Tajik constitutional referendum,relatedFigure,European Union,2016 Tajik constitutional referendum
2016 Tajik constitutional referendum,relatedFigure,Central Asian states,2016 Tajik constitutional referendum
2016 Tajik constitutional referendum,impact,Increased presidential authority,2016 Tajik constitutional referendum
2016 Tajik constitutional referendum,impact,Reduced parliamentary oversight,2016 Tajik constitutional referendum
2016 Tajik constitutional referendum,impact,Strengthened executive branch,2016 Tajik constitutional referendum
2016 Tajik constitutional referendum,impact,Potential for authoritarianism,2016 Tajik constitutional referendum
2016 Tajik constitutional referendum,impact,Economic reforms,2016 Tajik constitutional referendum
2016 Tajik constitutional referendum,impact,Social stability,2016 Tajik constitutional referendum
2016 Tajik constitutional referendum,impact,Regional relations,2016 Tajik constitutional referendum
2016 Tajik constitutional referendum,impact,International relations,2016 Tajik constitutional referendum
2016 Tajik constitutional referendum,relatedDocument,Tajikistan Constitution,2016 Tajik constitutional referendum
2016 Tajik constitutional referendum,relatedDocument,Referendum Law of Tajikistan,2016 Tajik constitutional referendum
2016 Tajik constitutional referendum,relatedDocument,Government reports,2016 Tajik constitutional referendum
2016 Tajik constitutional referendum,relatedDocument,Academic analyses,2016 Tajik constitutional referendum
2016 Tajik constitutional referendum,relatedDocument,News articles,2016 Tajik constitutional referendum
2016 Tajik constitutional referendum,relatedDocument,International reports,2016 Tajik constitutional referendum
2016 Tajik constitutional referendum,relatedDocument,Legal commentaries,2016 Tajik constitutional referendum
"Church of St Edmund, Sedgefield",instanceOf,Church,"Church of St Edmund, Sedgefield"
"Church of St Edmund, Sedgefield",locatedIn,Sedgefield,"Church of St Edmund, Sedgefield"
"Church of St Edmund, Sedgefield",locatedIn,County Durham,"Church of St Edmund, Sedgefield"
"Church of St Edmund, Sedgefield",locatedIn,England,"Church of St Edmund, Sedgefield"
"Church of St Edmund, Sedgefield",denomination,Anglican,"Church of St Edmund, Sedgefield"
"Church of St Edmund, Sedgefield",builtIn,12th century,"Church of St Edmund, Sedgefield"
"Church of St Edmund, Sedgefield",architecturalStyle,Norman,"Church of St Edmund, Sedgefield"
"Church of St Edmund, Sedgefield",material,Stone,"Church of St Edmund, Sedgefield"
"Church of St Edmund, Sedgefield",hasStainedGlass,Yes,"Church of St Edmund, Sedgefield"
"Church of St Edmund, Sedgefield",hasOrgan,Yes,"Church of St Edmund, Sedgefield"
"Church of St Edmund, Sedgefield",hasBellTower,Yes,"Church of St Edmund, Sedgefield"
"Church of St Edmund, Sedgefield",historicalSignificance,Battle of Brunanburh,"Church of St Edmund, Sedgefield"
"Church of St Edmund, Sedgefield",associatedWith,Edmund of East Anglia,"Church of St Edmund, Sedgefield"
"Church of St Edmund, Sedgefield",coordinates,"54.8333° N, 1.3333° W","Church of St Edmund, Sedgefield"
"Church of St Edmund, Sedgefield",website,https://www.st-edmund-sedgefield.org.uk/,"Church of St Edmund, Sedgefield"
"Church of St Edmund, Sedgefield",parish,Sedgefield,"Church of St Edmund, Sedgefield"
"Church of St Edmund, Sedgefield",diocese,Bishop Auckland,"Church of St Edmund, Sedgefield"
"Church of St Edmund, Sedgefield",county,County Durham,"Church of St Edmund, Sedgefield"
"Church of St Edmund, Sedgefield",region,North East England,"Church of St Edmund, Sedgefield"
"Church of St Edmund, Sedgefield",postcode,TS21 3DH,"Church of St Edmund, Sedgefield"
Preventing and Combating Violence Against Women and Domestic Violence (Ratification of Convention) Act 2017,instanceOf,Act,Preventing and Combating Violence Against Women and Domestic Violence (Ratification of Convention) Act 2017
Preventing and Combating Violence Against Women and Domestic Violence (Ratification of Convention) Act 2017,hasPurpose,Preventing violence against women,Preventing and Combating Violence Against Women and Domestic Violence (Ratification of Convention) Act 2017
Preventing and Combating Violence Against Women and Domestic Violence (Ratification of Convention) Act 2017,hasPurpose,Combating domestic violence,Preventing and Combating Violence Against Women and Domestic Violence (Ratification of Convention) Act 2017
Preventing and Combating Violence Against Women and Domestic Violence (Ratification of Convention) Act 2017,hasPurpose,Ratification of Convention,Preventing and Combating Violence Against Women and Domestic Violence (Ratification of Convention) Act 2017
Preventing and Combating Violence Against Women and Domestic Violence (Ratification of Convention) Act 2017,relatedTo,Convention on the Elimination of All Forms of Discrimination Against Women,Preventing and Combating Violence Against Women and Domestic Violence (Ratification of Convention) Act 2017
Preventing and Combating Violence Against Women and Domestic Violence (Ratification of Convention) Act 2017,enactedIn,Australia,Preventing and Combating Violence Against Women and Domestic Violence (Ratification of Convention) Act 2017
Preventing and Combating Violence Against Women and Domestic Violence (Ratification of Convention) Act 2017,effectiveDate,2018-02-01,Preventing and Combating Violence Against Women and Domestic Violence (Ratification of Convention) Act 2017
Preventing and Combating Violence Against Women and Domestic Violence (Ratification of Convention) Act 2017,governs,Domestic violence,Preventing and Combating Violence Against Women and Domestic Violence (Ratification of Convention) Act 2017
Preventing and Combating Violence Against Women and Domestic Violence (Ratification of Convention) Act 2017,governs,Violence against women,Preventing and Combating Violence Against Women and Domestic Violence (Ratification of Convention) Act 2017
Preventing and Combating Violence Against Women and Domestic Violence (Ratification of Convention) Act 2017,aimsTo,Promote gender equality,Preventing and Combating Violence Against Women and Domestic Violence (Ratification of Convention) Act 2017
Preventing and Combating Violence Against Women and Domestic Violence (Ratification of Convention) Act 2017,aimsTo,Protect women's rights,Preventing and Combating Violence Against Women and Domestic Violence (Ratification of Convention) Act 2017
Preventing and Combating Violence Against Women and Domestic Violence (Ratification of Convention) Act 2017,requires,Reporting of domestic violence incidents,Preventing and Combating Violence Against Women and Domestic Violence (Ratification of Convention) Act 2017
Preventing and Combating Violence Against Women and Domestic Violence (Ratification of Convention) Act 2017,requires,Support services for victims,Preventing and Combating Violence Against Women and Domestic Violence (Ratification of Convention) Act 2017
Preventing and Combating Violence Against Women and Domestic Violence (Ratification of Convention) Act 2017,requires,Awareness campaigns,Preventing and Combating Violence Against Women and Domestic Violence (Ratification of Convention) Act 2017
Preventing and Combating Violence Against Women and Domestic Violence (Ratification of Convention) Act 2017,isPartOf,Australian Legislation,Preventing and Combating Violence Against Women and Domestic Violence (Ratification of Convention) Act 2017
Preventing and Combating Violence Against Women and Domestic Violence (Ratification of Convention) Act 2017,impacts,Victims of domestic violence,Preventing and Combating Violence Against Women and Domestic Violence (Ratification of Convention) Act 2017
Preventing and Combating Violence Against Women and Domestic Violence (Ratification of Convention) Act 2017,impacts,Families affected by domestic violence,Preventing and Combating Violence Against Women and Domestic Violence (Ratification of Convention) Act 2017
Preventing and Combating Violence Against Women and Domestic Violence (Ratification of Convention) Act 2017,promotes,Safety for women,Preventing and Combating Violence Against Women and Domestic Violence (Ratification of Convention) Act 2017
Preventing and Combating Violence Against Women and Domestic Violence (Ratification of Convention) Act 2017,promotes,Justice for victims,Preventing and Combating Violence Against Women and Domestic Violence (Ratification of Convention) Act 2017
Preventing and Combating Violence Against Women and Domestic Violence (Ratification of Convention) Act 2017,isBasedOn,International Conventions,Preventing and Combating Violence Against Women and Domestic Violence (Ratification of Convention) Act 2017
Preventing and Combating Violence Against Women and Domestic Violence (Ratification of Convention) Act 2017,isInfluencedBy,UN Women,Preventing and Combating Violence Against Women and Domestic Violence (Ratification of Convention) Act 2017
Preventing and Combating Violence Against Women and Domestic Violence (Ratification of Convention) Act 2017,isSupportedBy,Government agencies,Preventing and Combating Violence Against Women and Domestic Violence (Ratification of Convention) Act 2017
Preventing and Combating Violence Against Women and Domestic Violence (Ratification of Convention) Act 2017,isEnforcedBy,Police,Preventing and Combating Violence Against Women and Domestic Violence (Ratification of Convention) Act 2017
Preventing and Combating Violence Against Women and Domestic Violence (Ratification of Convention) Act 2017,isEnforcedBy,Courts,Preventing and Combating Violence Against Women and Domestic Violence (Ratification of Convention) Act 2017
Preventing and Combating Violence Against Women and Domestic Violence (Ratification of Convention) Act 2017,hasAmendments,Various amendments,Preventing and Combating Violence Against Women and Domestic Violence (Ratification of Convention) Act 2017
Preventing and Combating Violence Against Women and Domestic Violence (Ratification of Convention) Act 2017,relatedToLegalFramework,Criminal Code,Preventing and Combating Violence Against Women and Domestic Violence (Ratification of Convention) Act 2017
Preventing and Combating Violence Against Women and Domestic Violence (Ratification of Convention) Act 2017,relatedToLegalFramework,Family Law Act,Preventing and Combating Violence Against Women and Domestic Violence (Ratification of Convention) Act 2017
Preventing and Combating Violence Against Women and Domestic Violence (Ratification of Convention) Act 2017,relatedToLegalFramework,Child Protection Act,Preventing and Combating Violence Against Women and Domestic Violence (Ratification of Convention) Act 2017
Preventing and Combating Violence Against Women and Domestic Violence (Ratification of Convention) Act 2017,hasStakeholders,Women's shelters,Preventing and Combating Violence Against Women and Domestic Violence (Ratification of Convention) Act 2017
Preventing and Combating Violence Against Women and Domestic Violence (Ratification of Convention) Act 2017,hasStakeholders,Domestic violence support services,Preventing and Combating Violence Against Women and Domestic Violence (Ratification of Convention) Act 2017
Preventing and Combating Violence Against Women and Domestic Violence (Ratification of Convention) Act 2017,hasStakeholders,Legal professionals,Preventing and Combating Violence Against Women and Domestic Violence (Ratification of Convention) Act 2017
Preventing and Combating Violence Against Women and Domestic Violence (Ratification of Convention) Act 2017,hasStakeholders,Community organizations,Preventing and Combating Violence Against Women and Domestic Violence (Ratification of Convention) Act 2017
Preventing and Combating Violence Against Women and Domestic Violence (Ratification of Convention) Act 2017,isLinkedTo,National Plan to address violence against women and children,Preventing and Combating Violence Against Women and Domestic Violence (Ratification of Convention) Act 2017
Preventing and Combating Violence Against Women and Domestic Violence (Ratification of Convention) Act 2017,isLinkedTo,State and Territory Legislation,Preventing and Combating Violence Against Women and Domestic Violence (Ratification of Convention) Act 2017
Preventing and Combating Violence Against Women and Domestic Violence (Ratification of Convention) Act 2017,isLinkedTo,Research on domestic violence,Preventing and Combating Violence Against Women and Domestic Violence (Ratification of Convention) Act 2017
Preventing and Combating Violence Against Women and Domestic Violence (Ratification of Convention) Act 2017,isLinkedTo,Training programs for professionals,Preventing and Combating Violence Against Women and Domestic Violence (Ratification of Convention) Act 2017
Preventing and Combating Violence Against Women and Domestic Violence (Ratification of Convention) Act 2017,isLinkedTo,Public awareness campaigns,Preventing and Combating Violence Against Women and Domestic Violence (Ratification of Convention) Act 2017
Le Double Amour,instanceOf,Film,Le Double Amour
Le Double Amour,directedBy,Dardenne brothers,Le Double Amour
Le Double Amour,starring, Jérémie Renier,Le Double Amour
Le Double Amour,starring,Melvil Poupaud,Le Double Amour
Le Double Amour,releasedIn,2012,Le Double Amour
Le Double Amour,genre,Drama,Le Double Amour
Le Double Amour,plot,"Two men, both recently released from prison, meet and fall in love.",Le Double Amour
Le Double Amour,awards,César Award for Best Actor,Le Double Amour
Le Double Amour,awards,César Award for Best Supporting Actor,Le Double Amour
Le Double Amour,awards,César Award for Best Original Screenplay,Le Double Amour
Le Double Amour,awards,Volpi Cup for Best European Film,Le Double Amour
Le Double Amour,productionCompany,Les Films du Carrousel,Le Double Amour
Le Double Amour,countryOfOrigin,Belgium,Le Double Amour
Le Double Amour,runtime,102 minutes,Le Double Amour
Le Double Amour,language,French,Le Double Amour
Le Double Amour,rating,R,Le Double Amour
Le Double Amour,basedOn,True story,Le Double Amour
Harumafuji Kōhei,instanceOf,Sumo Wrestler,Harumafuji Kōhei
Harumafuji Kōhei,name,Kōhei Harumafuji,Harumafuji Kōhei
Harumafuji Kōhei,birthDate,1992-07-15,Harumafuji Kōhei
Harumafuji Kōhei,birthPlace,"Shizuoka Prefecture, Japan",Harumafuji Kōhei
Harumafuji Kōhei,weight,130 kg,Harumafuji Kōhei
Harumafuji Kōhei,height,180 cm,Harumafuji Kōhei
Harumafuji Kōhei,stable,Komatsu Stable,Harumafuji Kōhei
Harumafuji Kōhei,rank,Sekiwake,Harumafuji Kōhei
Harumafuji Kōhei,record,101-43-3,Harumafuji Kōhei
Harumafuji Kōhei,debutDate,2013-07-07,Harumafuji Kōhei
Harumafuji Kōhei,opponent,Hakuho,Harumafuji Kōhei
Harumafuji Kōhei,opponent,Chiyonokuni,Harumafuji Kōhei
Harumafuji Kōhei,opponent,Gyokuchi,Harumafuji Kōhei
Harumafuji Kōhei,winningRecord,68,Harumafuji Kōhei
Harumafuji Kōhei,losingRecord,33,Harumafuji Kōhei
Harumafuji Kōhei,drawRecord,3,Harumafuji Kōhei
Harumafuji Kōhei,title,Junior Championship,Harumafuji Kōhei
Harumafuji Kōhei,title,Championship,Harumafuji Kōhei
Harumafuji Kōhei,opponent,Tochinoshin,Harumafuji Kōhei
Harumafuji Kōhei,opponent,Gyusei,Harumafuji Kōhei
Harumafuji Kōhei,opponent,Midorikan,Harumafuji Kōhei
Harumafuji Kōhei,opponent,Daieisho,Harumafuji Kōhei
Harumafuji Kōhei,opponent,Shodai,Harumafuji Kōhei
Harumafuji Kōhei,opponent,Irino,Harumafuji Kōhei
Harumafuji Kōhei,opponent,Takahiro,Harumafuji Kōhei
Harumafuji Kōhei,opponent,Noesumi,Harumafuji Kōhei
Harumafuji Kōhei,opponent,Takanohana,Harumafuji Kōhei
Harumafuji Kōhei,opponent,Endō,Harumafuji Kōhei
Harumafuji Kōhei,opponent,Hokusei,Harumafuji Kōhei
Harumafuji Kōhei,opponent,Yamaofi,Harumafuji Kōhei
Nathan Stewart-Jarrett,instanceOf,Actor,Nathan Stewart-Jarrett
Nathan Stewart-Jarrett,instanceOf,American actor,Nathan Stewart-Jarrett
Nathan Stewart-Jarrett,bornIn,New York City,Nathan Stewart-Jarrett
Nathan Stewart-Jarrett,bornOn,1970-03-28,Nathan Stewart-Jarrett
Nathan Stewart-Jarrett,spouse,Sarah Stewart,Nathan Stewart-Jarrett
Nathan Stewart-Jarrett,actedIn,The Larry Sanders Show,Nathan Stewart-Jarrett
Nathan Stewart-Jarrett,actedIn,Ally McBeal,Nathan Stewart-Jarrett
Nathan Stewart-Jarrett,actedIn,Sex and the City,Nathan Stewart-Jarrett
Nathan Stewart-Jarrett,actedIn,Will & Grace,Nathan Stewart-Jarrett
Nathan Stewart-Jarrett,actedIn,30 Rock,Nathan Stewart-Jarrett
Nathan Stewart-Jarrett,actedIn,The Good Wife,Nathan Stewart-Jarrett
Nathan Stewart-Jarrett,actedIn,Portlandia,Nathan Stewart-Jarrett
Nathan Stewart-Jarrett,actedIn,Modern Family,Nathan Stewart-Jarrett
Nathan Stewart-Jarrett,actedIn,Community,Nathan Stewart-Jarrett
Nathan Stewart-Jarrett,actedIn,Parks and Recreation,Nathan Stewart-Jarrett
Nathan Stewart-Jarrett,actedIn,The Big Bang Theory,Nathan Stewart-Jarrett
Nathan Stewart-Jarrett,actedIn,Veep,Nathan Stewart-Jarrett
Nathan Stewart-Jarrett,actedIn,Brooklyn Nine-Nine,Nathan Stewart-Jarrett
Nathan Stewart-Jarrett,actedIn,Unbreakable Kimmy Schmidt,Nathan Stewart-Jarrett
Nathan Stewart-Jarrett,actedIn,The Other Two,Nathan Stewart-Jarrett
Nathan Stewart-Jarrett,height,1.78 m,Nathan Stewart-Jarrett
Nathan Stewart-Jarrett,occupation,Actor,Nathan Stewart-Jarrett
Nathan Stewart-Jarrett,film,The Truman Show,Nathan Stewart-Jarrett
Nathan Stewart-Jarrett,televisionSeries,The Larry Sanders Show,Nathan Stewart-Jarrett
Nathan Stewart-Jarrett,televisionSeries,Ally McBeal,Nathan Stewart-Jarrett
Nathan Stewart-Jarrett,televisionSeries,Sex and the City,Nathan Stewart-Jarrett
Nathan Stewart-Jarrett,televisionSeries,Will & Grace,Nathan Stewart-Jarrett
Nathan Stewart-Jarrett,televisionSeries,30 Rock,Nathan Stewart-Jarrett
Nathan Stewart-Jarrett,televisionSeries,The Good Wife,Nathan Stewart-Jarrett
Nathan Stewart-Jarrett,televisionSeries,Portlandia,Nathan Stewart-Jarrett
Nathan Stewart-Jarrett,televisionSeries,Modern Family,Nathan Stewart-Jarrett
Nathan Stewart-Jarrett,televisionSeries,Community,Nathan Stewart-Jarrett
Nathan Stewart-Jarrett,televisionSeries,Parks and Recreation,Nathan Stewart-Jarrett
Nathan Stewart-Jarrett,televisionSeries,The Big Bang Theory,Nathan Stewart-Jarrett
Nathan Stewart-Jarrett,televisionSeries,Veep,Nathan Stewart-Jarrett
Nathan Stewart-Jarrett,televisionSeries,Brooklyn Nine-Nine,Nathan Stewart-Jarrett
Nathan Stewart-Jarrett,televisionSeries,Unbreakable Kimmy Schmidt,Nathan Stewart-Jarrett
Nathan Stewart-Jarrett,televisionSeries,The Other Two,Nathan Stewart-Jarrett
2018 Hualien earthquake,instanceOf,earthquake,2018 Hualien earthquake
2018 Hualien earthquake,location,Hualien,2018 Hualien earthquake
2018 Hualien earthquake,date,2018-03-20,2018 Hualien earthquake
2018 Hualien earthquake,magnitude,7.4,2018 Hualien earthquake
2018 Hualien earthquake,affectedArea,Taiwan,2018 Hualien earthquake
2018 Hualien earthquake,causedDamage,buildings,2018 Hualien earthquake
2018 Hualien earthquake,causedDamage,roads,2018 Hualien earthquake
2018 Hualien earthquake,causedDamage,infrastructure,2018 Hualien earthquake
2018 Hualien earthquake,deathCount,13,2018 Hualien earthquake
2018 Hualien earthquake,injuryCount,over 100,2018 Hualien earthquake
2018 Hualien earthquake,affectedRegions,Hualien County,2018 Hualien earthquake
2018 Hualien earthquake,affectedRegions,Taitung County,2018 Hualien earthquake
2018 Hualien earthquake,tectonicEvent,Mw 7.4,2018 Hualien earthquake
2018 Hualien earthquake,depth,10 km,2018 Hualien earthquake
2018 Hualien earthquake,ruptureLength,approximately 20 km,2018 Hualien earthquake
2018 Hualien earthquake,relatedTo,Philippine Fault System,2018 Hualien earthquake
2018 Hualien earthquake,relatedTo,Taiwan Seismic Belt,2018 Hualien earthquake
2018 Hualien earthquake,response,searchAndRescue operations,2018 Hualien earthquake
2018 Hualien earthquake,response,relief efforts,2018 Hualien earthquake
2018 Hualien earthquake,response,government assistance,2018 Hualien earthquake
2018 Hualien earthquake,impact,landslides,2018 Hualien earthquake
2018 Hualien earthquake,impact,liquefaction,2018 Hualien earthquake
2018 Hualien earthquake,impact,ground shaking,2018 Hualien earthquake
2018 Hualien earthquake,precursor,aftershocks,2018 Hualien earthquake
2018 Hualien earthquake,precursor,minor earthquakes,2018 Hualien earthquake
2018 Hualien earthquake,postEvent,recovery efforts,2018 Hualien earthquake
2018 Hualien earthquake,postEvent,reconstruction,2018 Hualien earthquake
2018 Hualien earthquake,relatedOrganization,Central Weather Bureau,2018 Hualien earthquake
2018 Hualien earthquake,relatedOrganization,Taiwan Emergency Management Agency,2018 Hualien earthquake
2018 Hualien earthquake,relatedOrganization,Red Cross,2018 Hualien earthquake
2018 Hualien earthquake,relatedOrganization,local governments,2018 Hualien earthquake
2018 Hualien earthquake,affectedIndustries,tourism,2018 Hualien earthquake
2018 Hualien earthquake,affectedIndustries,agriculture,2018 Hualien earthquake
2018 Hualien earthquake,affectedIndustries,construction,2018 Hualien earthquake
2018 Hualien earthquake,economicImpact,estimated billions of dollars,2018 Hualien earthquake
2018 Hualien earthquake,geologicalFeature,Hualien Fault,2018 Hualien earthquake
2018 Hualien earthquake,geologicalFeature,Taitung Fault,2018 Hualien earthquake
2018 Hualien earthquake,geologicalFeature,Taiwan,2018 Hualien earthquake
2018 Hualien earthquake,type,intraplate earthquake,2018 Hualien earthquake
USS Chester T. O'Brien,instanceOf,United States Navy ship,USS Chester T. O'Brien
USS Chester T. O'Brien,commissioned,1964,USS Chester T. O'Brien
USS Chester T. O'Brien,servedIn,Vietnam War,USS Chester T. O'Brien
USS Chester T. O'Brien,class,Spruance-class destroyer,USS Chester T. O'Brien
USS Chester T. O'Brien,manufacturer,Bath Iron Works,USS Chester T. O'Brien
USS Chester T. O'Brien,displacement,3600 tons,USS Chester T. O'Brien
USS Chester T. O'Brien,length,118.6 meters,USS Chester T. O'Brien
USS Chester T. O'Brien,width,15.5 meters,USS Chester T. O'Brien
USS Chester T. O'Brien,crewSize,216 officers and enlisted,USS Chester T. O'Brien
USS Chester T. O'Brien,armament,"5-inch guns, torpedoes, RGM-72 tubes",USS Chester T. O'Brien
USS Chester T. O'Brien,homePort,"Norfolk, Virginia",USS Chester T. O'Brien
USS Chester T. O'Brien,sisterShips,"USS Chester W. Nimitz, USS Samuel B. Roberts, USS Johnston",USS Chester T. O'Brien
USS Chester T. O'Brien,participatedIn,Gulf of Tonkin Incident,USS Chester T. O'Brien
USS Chester T. O'Brien,retired,1990,USS Chester T. O'Brien
USS Chester T. O'Brien,sold,1990,USS Chester T. O'Brien
USS Chester T. O'Brien,commanders,William J. Hannon,USS Chester T. O'Brien
USS Chester T. O'Brien,deputyCommanders,Robert J. Koster,USS Chester T. O'Brien
USS Chester T. O'Brien,servedWith,USS Laffey,USS Chester T. O'Brien
USS Chester T. O'Brien,servedWith,USS Cowpens,USS Chester T. O'Brien
USS Chester T. O'Brien,servedWith,USS Maddox,USS Chester T. O'Brien
USS Chester T. O'Brien,operatedIn,South China Sea,USS Chester T. O'Brien
USS Chester T. O'Brien,operatedIn,Tonkin Gulf,USS Chester T. O'Brien
The King's Case Note,instanceOf,Medical Record,The King's Case Note
The King's Case Note,author,Robert Graves,The King's Case Note
The King's Case Note,genre,Mystery,The King's Case Note
The King's Case Note,genre,Crime Fiction,The King's Case Note
The King's Case Note,publicationDate,1934,The King's Case Note
The King's Case Note,setting,England,The King's Case Note
The King's Case Note,mainCharacter,Detective Inspector Gregson,The King's Case Note
The King's Case Note,mainCharacter,Detective Miller,The King's Case Note
The King's Case Note,crime,Murder,The King's Case Note
The King's Case Note,victim,Lord Ashworth,The King's Case Note
The King's Case Note,suspects,Lady Ashworth,The King's Case Note
The King's Case Note,suspects,Mr. Finch,The King's Case Note
The King's Case Note,suspects,Dr. Davies,The King's Case Note
The King's Case Note,plotSummary,"Detective Gregson and Miller investigate the murder of Lord Ashworth, uncovering a web of secrets and lies among the household staff and family.",The King's Case Note
The King's Case Note,themes,Class conflict,The King's Case Note
The King's Case Note,themes,Social inequality,The King's Case Note
The King's Case Note,themes,Deception,The King's Case Note
The King's Case Note,themes,Justice,The King's Case Note
The King's Case Note,publicationHouse,William Heinemann,The King's Case Note
The King's Case Note,pageCount,256,The King's Case Note
The King's Case Note,language,English,The King's Case Note
The King's Case Note,ISBN,978-0385118383,The King's Case Note
Galboda Gnanissara Thera,instanceOf,Buddhist monk,Galboda Gnanissara Thera
Galboda Gnanissara Thera,affiliatedWith,Sri Jayawardenepura University,Galboda Gnanissara Thera
Galboda Gnanissara Thera,taught,Buddhist philosophy,Galboda Gnanissara Thera
Galboda Gnanissara Thera,taught,Meditation techniques,Galboda Gnanissara Thera
Galboda Gnanissara Thera,taught,Ethics,Galboda Gnanissara Thera
Galboda Gnanissara Thera,bornIn,Sri Lanka,Galboda Gnanissara Thera
Galboda Gnanissara Thera,nationality,Sri Lankan,Galboda Gnanissara Thera
Galboda Gnanissara Thera,occupation,Buddhist teacher,Galboda Gnanissara Thera
Galboda Gnanissara Thera,academicRank,Professor,Galboda Gnanissara Thera
Galboda Gnanissara Thera,researchArea,Buddhist psychology,Galboda Gnanissara Thera
Galboda Gnanissara Thera,published,Buddhist studies articles,Galboda Gnanissara Thera
Galboda Gnanissara Thera,presentedAt,International Buddhist Conferences,Galboda Gnanissara Thera
Galboda Gnanissara Thera,influenced,Numerous Buddhist students,Galboda Gnanissara Thera
Galboda Gnanissara Thera,mentored,Young Buddhist scholars,Galboda Gnanissara Thera
Galboda Gnanissara Thera,affiliatedWith,Buddhist Cultural Centre,Galboda Gnanissara Thera
Galboda Gnanissara Thera,involvedIn,Buddhist community outreach,Galboda Gnanissara Thera
Galboda Gnanissara Thera,studiedUnder,Ven. Walpola Rahula,Galboda Gnanissara Thera
Galboda Gnanissara Thera,taughtAt,University of Peradeniya,Galboda Gnanissara Thera
Galboda Gnanissara Thera,areaOfExpertise,Buddhist ethics,Galboda Gnanissara Thera
Galboda Gnanissara Thera,areaOfExpertise,Buddhist psychology,Galboda Gnanissara Thera
Galboda Gnanissara Thera,areaOfExpertise,Mindfulness meditation,Galboda Gnanissara Thera
Patrick Kinyua Mbogo,instanceOf,Politician,Patrick Kinyua Mbogo
Patrick Kinyua Mbogo,instanceOf,Kenyan Politician,Patrick Kinyua Mbogo
Patrick Kinyua Mbogo,instanceOf,Member of Parliament,Patrick Kinyua Mbogo
Patrick Kinyua Mbogo,instanceOf,MP,Patrick Kinyua Mbogo
Patrick Kinyua Mbogo,bornIn,Nairobi,Patrick Kinyua Mbogo
Patrick Kinyua Mbogo,occupation,Politician,Patrick Kinyua Mbogo
Patrick Kinyua Mbogo,representsConstituency,Thika Constituency,Patrick Kinyua Mbogo
Patrick Kinyua Mbogo,politicalParty,United Democratic Alliance,Patrick Kinyua Mbogo
Patrick Kinyua Mbogo,memberOfParliamentSince,2017,Patrick Kinyua Mbogo
Patrick Kinyua Mbogo,education,University of Nairobi,Patrick Kinyua Mbogo
Patrick Kinyua Mbogo,nationality,Kenyan,Patrick Kinyua Mbogo
Patrick Kinyua Mbogo,spouse,Mary Kinyua Mbogo,Patrick Kinyua Mbogo
Patrick Kinyua Mbogo,children,Several,Patrick Kinyua Mbogo
Patrick Kinyua Mbogo,politicalAffiliation,William Ruto,Patrick Kinyua Mbogo
Patrick Kinyua Mbogo,roleInParliament,Member of the Agriculture and Irrigation Committee,Patrick Kinyua Mbogo
Patrick Kinyua Mbogo,politicalViews,Supporting Ruto's agenda,Patrick Kinyua Mbogo
Patrick Kinyua Mbogo,district,Muranga County,Patrick Kinyua Mbogo
Patrick Kinyua Mbogo,partyPosition,Senior Whip,Patrick Kinyua Mbogo
Patrick Kinyua Mbogo,dateOfBirth,1978,Patrick Kinyua Mbogo
Patrick Kinyua Mbogo,placeOfBirth,"Nairobi, Kenya",Patrick Kinyua Mbogo
Gliese 536,instanceOf,Star,Gliese 536
Gliese 536,has_spectral_class,K5V,Gliese 536
Gliese 536,has_radius,0.464 R☉,Gliese 536
Gliese 536,has_mass,0.33 M☉,Gliese 536
Gliese 536,has_distance,20 parsec,Gliese 536
Gliese 536,has_luminosity,0.036 L☉,Gliese 536
Gliese 536,has_effective_temperature,4400 K,Gliese 536
Gliese 536,has_age,650 million years,Gliese 536
Gliese 536,has_binary_companion,Gliese 536 b,Gliese 536
Gliese 536 b,orbits,Gliese 536,Gliese 536
Gliese 536 b,has_radius,1.06 R⊕,Gliese 536
Gliese 536 b,has_mass,2.35 M⊕,Gliese 536
Gliese 536 b,has_orbital_period,36.8 days,Gliese 536
Gliese 536 b,has_semi_major_axis,0.07 AU,Gliese 536
Gliese 536,is_located_in,Ursa Major constellation,Gliese 536
Gliese 536,is_part_of,Gaia DR3,Gliese 536
1942 Croatian First League,instanceOf,Football League,1942 Croatian First League
1942 Croatian First League,startDate,1942-09-06,1942 Croatian First League
1942 Croatian First League,endDate,1942-1943,1942 Croatian First League
1942 Croatian First League,organizer,Croatian Football Association,1942 Croatian First League
1942 Croatian First League,numberOfTeams,16,1942 Croatian First League
1942 Croatian First League,winningTeam,NK Osijek,1942 Croatian First League
1942 Croatian First League,location,Zagreb,1942 Croatian First League
1942 Croatian First League,seasonType,First Season,1942 Croatian First League
1942 Croatian First League,leagueTitle,Croatian First League,1942 Croatian First League
1942 Croatian First League,country,Yugoslavia,1942 Croatian First League
1942 Croatian First League,competitionFormat,Round Robin,1942 Croatian First League
1942 Croatian First League,pointsSystem,"3 points for a win, 1 point for a draw, 0 points for a loss",1942 Croatian First League
1942 Croatian First League,referee,Josip Belinavic,1942 Croatian First League
1942 Croatian First League,gamesPlayed,144,1942 Croatian First League
1942 Croatian First League,goalsScored,333,1942 Croatian First League
1942 Croatian First League,highestScorer,Mihajlo Petrović,1942 Croatian First League
1942 Croatian First League,teamsParticipated,"['NK Osijek', 'NK Zagreb', 'Hrvatski Sokol', 'NK Čak', 'NK Slavena', 'NK Varaždin', 'NK Inter', 'NK Dinamo', 'NK Kukuljanovo', 'NK Zabčevo', 'NK Koprivničan', 'NK Ludbreg', 'NK Klanjec', 'NK Bjelovar', 'NK Dugopolje']",1942 Croatian First League
NK Osijek,instanceOf,Football Club,1942 Croatian First League
NK Zagreb,instanceOf,Football Club,1942 Croatian First League
Hrvatski Sokol,instanceOf,Football Club,1942 Croatian First League
NK Čak,instanceOf,Football Club,1942 Croatian First League
NK Slavena,instanceOf,Football Club,1942 Croatian First League
NK Varaždin,instanceOf,Football Club,1942 Croatian First League
NK Inter,instanceOf,Football Club,1942 Croatian First League
NK Dinamo,instanceOf,Football Club,1942 Croatian First League
NK Kukuljanovo,instanceOf,Football Club,1942 Croatian First League
NK Zabčevo,instanceOf,Football Club,1942 Croatian First League
NK Koprivničan,instanceOf,Football Club,1942 Croatian First League
NK Ludbreg,instanceOf,Football Club,1942 Croatian First League
NK Klanjec,instanceOf,Football Club,1942 Croatian First League
NK Bjelovar,instanceOf,Football Club,1942 Croatian First League
NK Dugopolje,instanceOf,Football Club,1942 Croatian First League
F.C. De Kampioenen,instanceOf,comic,F.C. De Kampioenen (comic)
F.C. De Kampioenen,creator,Jan van Haaff,F.C. De Kampioenen (comic)
F.C. De Kampioenen,publishedBy,StripFactory,F.C. De Kampioenen (comic)
F.C. De Kampioenen,genre,sports comic,F.C. De Kampioenen (comic)
F.C. De Kampioenen,publicationStartDate,1964-01-01,F.C. De Kampioenen (comic)
F.C. De Kampioenen,publicationEndDate,1972-12-31,F.C. De Kampioenen (comic)
F.C. De Kampioenen,number of issues,67,F.C. De Kampioenen (comic)
F.C. De Kampioenen,setting,Netherlands,F.C. De Kampioenen (comic)
F.C. De Kampioenen,mainCharacter,Jan de Kampioen,F.C. De Kampioenen (comic)
F.C. De Kampioenen,plot,"Follows the adventures of Jan de Kampioen, a young boy who dreams of becoming a football star.",F.C. De Kampioenen (comic)
F.C. De Kampioenen,themes,"football, friendship, perseverance",F.C. De Kampioenen (comic)
F.C. De Kampioenen,format,weekly comic,F.C. De Kampioenen (comic)
F.C. De Kampioenen,language,Dutch,F.C. De Kampioenen (comic)
F.C. De Kampioenen,artist,Jan van Haaff,F.C. De Kampioenen (comic)
F.C. De Kampioenen,letterer,Jan van Haaff,F.C. De Kampioenen (comic)
F.C. De Kampioenen,color,black and white,F.C. De Kampioenen (comic)
F.C. De Kampioenen,distribution,Het Uiteenzijner,F.C. De Kampioenen (comic)
F.C. De Kampioenen,targetAudience,children,F.C. De Kampioenen (comic)
F.C. De Kampioenen,relatedWork,De Kampioenen (TV series),F.C. De Kampioenen (comic)
F.C. De Kampioenen,published,StripFactory,F.C. De Kampioenen (comic)
F.C. De Kampioenen,issueNumber,1,F.C. De Kampioenen (comic)
F.C. De Kampioenen,issueNumber,67,F.C. De Kampioenen (comic)
F.C. De Kampioenen,format,comic strip,F.C. De Kampioenen (comic)
F.C. De Kampioenen,publisher,StripFactory,F.C. De Kampioenen (comic)
F.C. De Kampioenen,genre,sports,F.C. De Kampioenen (comic)
F.C. De Kampioenen,publicationDate,1964,F.C. De Kampioenen (comic)
F.C. De Kampioenen,publicationDate,1972,F.C. De Kampioenen (comic)
1940–41 Buffalo Bulls men's basketball team,instanceOf,College basketball team,1940–41 Buffalo Bulls men's basketball team
1940–41 Buffalo Bulls men's basketball team,memberOf,Buffalo Bulls,1940–41 Buffalo Bulls men's basketball team
1940–41 Buffalo Bulls men's basketball team,locatedIn,"Buffalo, New York",1940–41 Buffalo Bulls men's basketball team
1940–41 Buffalo Bulls men's basketball team,conference,Eastern College Athletic Association,1940–41 Buffalo Bulls men's basketball team
1940–41 Buffalo Bulls men's basketball team,coach,Harry Mann,1940–41 Buffalo Bulls men's basketball team
1940–41 Buffalo Bulls men's basketball team,record,29–2,1940–41 Buffalo Bulls men's basketball team
1940–41 Buffalo Bulls men's basketball team,NCAA tournament appearance,1941,1940–41 Buffalo Bulls men's basketball team
1940–41 Buffalo Bulls men's basketball team,defeated,Western College Athletic Association champion,1940–41 Buffalo Bulls men's basketball team
1940–41 Buffalo Bulls men's basketball team,lost to,Connecticut College,1940–41 Buffalo Bulls men's basketball team
1940–41 Buffalo Bulls men's basketball team,players,Bill Green,1940–41 Buffalo Bulls men's basketball team
1940–41 Buffalo Bulls men's basketball team,players,"George ""Buddy"" Smith",1940–41 Buffalo Bulls men's basketball team
1940–41 Buffalo Bulls men's basketball team,players,"Frank ""Red"" Smith",1940–41 Buffalo Bulls men's basketball team
1940–41 Buffalo Bulls men's basketball team,players,"Jack ""Doc"" O'Brien",1940–41 Buffalo Bulls men's basketball team
1940–41 Buffalo Bulls men's basketball team,players,"Walter ""Walt"" Smith",1940–41 Buffalo Bulls men's basketball team
1940–41 Buffalo Bulls men's basketball team,players,"Harold ""Hal"" Smith",1940–41 Buffalo Bulls men's basketball team
1940–41 Buffalo Bulls men's basketball team,players,"Robert ""Bob"" Smith",1940–41 Buffalo Bulls men's basketball team
1940–41 Buffalo Bulls men's basketball team,players,"James ""Jim"" Smith",1940–41 Buffalo Bulls men's basketball team
1940–41 Buffalo Bulls men's basketball team,players,"George ""Bud"" Smith",1940–41 Buffalo Bulls men's basketball team
1940–41 Buffalo Bulls men's basketball team,players,"William ""Bill"" Green",1940–41 Buffalo Bulls men's basketball team
1940–41 Buffalo Bulls men's basketball team,players,"Charles ""Chuck"" Smith",1940–41 Buffalo Bulls men's basketball team
1940–41 Buffalo Bulls men's basketball team,players,"Robert ""Bob"" Johnson",1940–41 Buffalo Bulls men's basketball team
1940–41 Buffalo Bulls men's basketball team,players,"John ""Jack"" Williams",1940–41 Buffalo Bulls men's basketball team
1940–41 Buffalo Bulls men's basketball team,players,"Richard ""Dick"" Brown",1940–41 Buffalo Bulls men's basketball team
1940–41 Buffalo Bulls men's basketball team,players,"David ""Dave"" Jones",1940–41 Buffalo Bulls men's basketball team
1940–41 Buffalo Bulls men's basketball team,players,"Michael ""Mike"" Davis",1940–41 Buffalo Bulls men's basketball team
1940–41 Buffalo Bulls men's basketball team,players,"Christopher ""Chris"" Wilson",1940–41 Buffalo Bulls men's basketball team
1940–41 Buffalo Bulls men's basketball team,players,"Matthew ""Matt"" Taylor",1940–41 Buffalo Bulls men's basketball team
1940–41 Buffalo Bulls men's basketball team,players,"Benjamin ""Ben"" Clark",1940–41 Buffalo Bulls men's basketball team
1940–41 Buffalo Bulls men's basketball team,players,"Samuel ""Sam"" Hall",1940–41 Buffalo Bulls men's basketball team
1940–41 Buffalo Bulls men's basketball team,players,"Joseph ""Joe"" Adams",1940–41 Buffalo Bulls men's basketball team
1940–41 Buffalo Bulls men's basketball team,players,"Daniel ""Dan"" Martin",1940–41 Buffalo Bulls men's basketball team
1940–41 Buffalo Bulls men's basketball team,players,"Andrew ""Andy"" Lewis",1940–41 Buffalo Bulls men's basketball team
1940–41 Buffalo Bulls men's basketball team,players,"Nicholas ""Nick"" Thompson",1940–41 Buffalo Bulls men's basketball team
1940–41 Buffalo Bulls men's basketball team,players,"Ethan ""E"" Moore",1940–41 Buffalo Bulls men's basketball team
1940–41 Buffalo Bulls men's basketball team,players,"Owen ""O"" Parker",1940–41 Buffalo Bulls men's basketball team
1940–41 Buffalo Bulls men's basketball team,players,"William ""Bill"" Roberts",1940–41 Buffalo Bulls men's basketball team
1940–41 Buffalo Bulls men's basketball team,players,"James ""Jim"" Peterson",1940–41 Buffalo Bulls men's basketball team
1940–41 Buffalo Bulls men's basketball team,players,"Charles ""Chuck"" Reynolds",1940–41 Buffalo Bulls men's basketball team
1940–41 Buffalo Bulls men's basketball team,players,"Robert ""Bob"" Mitchell",1940–41 Buffalo Bulls men's basketball team
1940–41 Buffalo Bulls men's basketball team,players,"David ""Dave"" Cook",1940–41 Buffalo Bulls men's basketball team
1940–41 Buffalo Bulls men's basketball team,players,"Michael ""Mike"" Edwards",1940–41 Buffalo Bulls men's basketball team
1940–41 Buffalo Bulls men's basketball team,players,"Christopher ""Chris"" Garcia",1940–41 Buffalo Bulls men's basketball team
1940–41 Buffalo Bulls men's basketball team,players,"Matthew ""Matt"" Hernandez",1940–41 Buffalo Bulls men's basketball team
1940–41 Buffalo Bulls men's basketball team,players,"Benjamin ""Ben"" Jackson",1940–41 Buffalo Bulls men's basketball team
1940–41 Buffalo Bulls men's basketball team,players,"Samuel ""Sam"" Kelley",1940–41 Buffalo Bulls men's basketball team
1940–41 Buffalo Bulls men's basketball team,players,"Joseph ""Joe"" Lopez",1940–41 Buffalo Bulls men's basketball team
1940–41 Buffalo Bulls men's basketball team,players,"Daniel ""Dan"" Martinez",1940–41 Buffalo Bulls men's basketball team
1940–41 Buffalo Bulls men's basketball team,players,"Andrew ""Andy"" Moore",1940–41 Buffalo Bulls men's basketball team
1940–41 Buffalo Bulls men's basketball team,players,"Nicholas ""Nick"" Nelson",1940–41 Buffalo Bulls men's basketball team
1940–41 Buffalo Bulls men's basketball team,players,"Ethan ""E"" Ortega",1940–41 Buffalo Bulls men's basketball team
1940–41 Buffalo Bulls men's basketball team,players,"Owen ""O"" Perez",1940–41 Buffalo Bulls men's basketball team
1940–41 Buffalo Bulls men's basketball team,players,"William ""Bill"" Quinn",1940–41 Buffalo Bulls men's basketball team
1940–41 Buffalo Bulls men's basketball team,players,"James ""Jim"" Ramirez",1940–41 Buffalo Bulls men's basketball team
1940–41 Buffalo Bulls men's basketball team,players,"Charles ""Chuck"" Ross",1940–41 Buffalo Bulls men's basketball team
1940–41 Buffalo Bulls men's basketball team,players,"Robert ""Bob"" Sanders",1940–41 Buffalo Bulls men's basketball team
1940–41 Buffalo Bulls men's basketball team,players,"David ""Dave"" Simmons",1940–41 Buffalo Bulls men's basketball team
1940–41 Buffalo Bulls men's basketball team,players,"Michael ""Mike"" Torres",1940–41 Buffalo Bulls men's basketball team
1940–41 Buffalo Bulls men's basketball team,players,"Christopher ""Chris"" Vasquez",1940–41 Buffalo Bulls men's basketball team
1940–41 Buffalo Bulls men's basketball team,players,"Matthew ""Matt"" Vega",1940–41 Buffalo Bulls men's basketball team
1940–41 Buffalo Bulls men's basketball team,players,"Benjamin ""Ben"" Wilson",1940–41 Buffalo Bulls men's basketball team
1940–41 Buffalo Bulls men's basketball team,players,"Samuel ""Sam"" Young",1940–41 Buffalo Bulls men's basketball team
1940–41 Buffalo Bulls men's basketball team,players,"Joseph ""Joe"" Diaz",1940–41 Buffalo Bulls men's basketball team
1940–41 Buffalo Bulls men's basketball team,players,"Daniel ""Dan"" Flores",1940–41 Buffalo Bulls men's basketball team
1940–41 Buffalo Bulls men's basketball team,players,"Andrew ""Andy"" Green",1940–41 Buffalo Bulls men's basketball team
1940–41 Buffalo Bulls men's basketball team,players,"Nicholas ""Nick"" Hall",1940–41 Buffalo Bulls men's basketball team
1940–41 Buffalo Bulls men's basketball team,players,"Ethan ""E"" Howard",1940–41 Buffalo Bulls men's basketball team
1940–41 Buffalo Bulls men's basketball team,players,"Owen ""O"" Ingram",1940–41 Buffalo Bulls men's basketball team
1940–41 Buffalo Bulls men's basketball team,players,"William ""Bill"" Jenkins",1940–41 Buffalo Bulls men's basketball team
1940–41 Buffalo Bulls men's basketball team,players,"James ""Jim"" King",1940–41 Buffalo Bulls men's basketball team
1940–41 Buffalo Bulls men's basketball team,players,"Charles ""Chuck"" Lewis",1940–41 Buffalo Bulls men's basketball team
1940–41 Buffalo Bulls men's basketball team,players,"Robert ""Bob"" Marshall",1940–41 Buffalo Bulls men's basketball team
1940–41 Buffalo Bulls men's basketball team,players,"David ""Dave"" Miller",1940–41 Buffalo Bulls men's basketball team
1940–41 Buffalo Bulls men's basketball team,players,"Michael ""Mike"" Nelson",1940–41 Buffalo Bulls men's basketball team
1940–41 Buffalo Bulls men's basketball team,players,"Christopher ""Chris"" O'Brien",1940–41 Buffalo Bulls men's basketball team
1940–41 Buffalo Bulls men's basketball team,players,"Matthew ""Matt"" Parker",1940–41 Buffalo Bulls men's basketball team
1940–41 Buffalo Bulls men's basketball team,players,"Benjamin ""Ben"" Reed",1940–41 Buffalo Bulls men's basketball team
1940–41 Buffalo Bulls men's basketball team,players,"Samuel ""Sam"" Ross",1940–41 Buffalo Bulls men's basketball team
1940–41 Buffalo Bulls men's basketball team,players,"Joseph ""Joe"" Sanders",1940–41 Buffalo Bulls men's basketball team
1940–41 Buffalo Bulls men's basketball team,players,"Daniel ""Dan"" Simmons",1940–41 Buffalo Bulls men's basketball team
1940–41 Buffalo Bulls men's basketball team,players,"Andrew ""Andy"" Torres",1940–41 Buffalo Bulls men's basketball team
1940–41 Buffalo Bulls men's basketball team,players,"Nicholas ""Nick"" Vega",1940–41 Buffalo Bulls men's basketball team
1940–41 Buffalo Bulls men's basketball team,players,"Ethan ""E"" Wilson",1940–41 Buffalo Bulls men's basketball team
1940–41 Buffalo Bulls men's basketball team,players,"Owen ""O"" Young",1940–41 Buffalo Bulls men's basketball team
1940–41 Buffalo Bulls men's basketball team,players,"William ""Bill"" Diaz",1940–41 Buffalo Bulls men's basketball team
1940–41 Buffalo Bulls men's basketball team,players,"James ""Jim"" Flores",1940–41 Buffalo Bulls men's basketball team
1940–41 Buffalo Bulls men's basketball team,players,"Charles ""Chuck"" Green",1940–41 Buffalo Bulls men's basketball team
1940–41 Buffalo Bulls men's basketball team,players,"Robert ""Bob"" Hall",1940–41 Buffalo Bulls men's basketball team
1940–41 Buffalo Bulls men's basketball team,players,"David ""Dave"" Howard",1940–41 Buffalo Bulls men's basketball team
1940–41 Buffalo Bulls men's basketball team,players,"Michael ""Mike"" Ingram",1940–41 Buffalo Bulls men's basketball team
1981 Soviet Cup,instanceOf,Football competition,1981 Soviet Cup
1981 Soviet Cup,organizedBy,Soviet Football Federation,1981 Soviet Cup
1981 Soviet Cup,startDate,1981-09-08,1981 Soviet Cup
1981 Soviet Cup,endDate,1981-10-28,1981 Soviet Cup
1981 Soviet Cup,numberOfTeams,16,1981 Soviet Cup
1981 Soviet Cup,winner,Torpedo Moscow,1981 Soviet Cup
1981 Soviet Cup,runnerUp,Zarya Lipetsk,1981 Soviet Cup
1981 Soviet Cup,location,Moscow,1981 Soviet Cup
1981 Soviet Cup,format,Single Elimination,1981 Soviet Cup
1981 Soviet Cup,competitionType,Football,1981 Soviet Cup
1981 Soviet Cup,country,Soviet Union,1981 Soviet Cup
1981 Soviet Cup,season,1981,1981 Soviet Cup
1981 Soviet Cup,match1,Torpedo Moscow vs Zarya Lipetsk,1981 Soviet Cup
1981 Soviet Cup,match2,Torpedo Moscow vs Dynamo Kyiv,1981 Soviet Cup
1981 Soviet Cup,match3,Torpedo Moscow vs Ararat Yerevan,1981 Soviet Cup
1981 Soviet Cup,match4,Zarya Lipetsk vs Dynamo Kyiv,1981 Soviet Cup
1981 Soviet Cup,match5,Ararat Yerevan vs Dynamo Kyiv,1981 Soviet Cup
1981 Soviet Cup,match6,Torpedo Moscow vs Ararat Yerevan,1981 Soviet Cup
1981 Soviet Cup,match7,Zarya Lipetsk vs Dynamo Kyiv,1981 Soviet Cup
1981 Soviet Cup,match8,Torpedo Moscow vs Zarya Lipetsk,1981 Soviet Cup
1981 Soviet Cup,match9,Ararat Yerevan vs Dynamo Kyiv,1981 Soviet Cup
1981 Soviet Cup,match10,Torpedo Moscow vs Ararat Yerevan,1981 Soviet Cup
1981 Soviet Cup,match11,Zarya Lipetsk vs Ararat Yerevan,1981 Soviet Cup
Ventilator (2018 film),instanceOf,film,Ventilator (2018 film)
Ventilator (2018 film),directedBy,Jim Jarmusch,Ventilator (2018 film)
Ventilator (2018 film),starring,Sean Penn,Ventilator (2018 film)
Ventilator (2018 film),starring,Rosanna Arquette,Ventilator (2018 film)
Ventilator (2018 film),starring,Christopher Lloyd,Ventilator (2018 film)
Ventilator (2018 film),starring,Martin Starr,Ventilator (2018 film)
Ventilator (2018 film),genre,thriller,Ventilator (2018 film)
Ventilator (2018 film),genre,crime,Ventilator (2018 film)
Ventilator (2018 film),releaseDate,2018-08-31,Ventilator (2018 film)
Ventilator (2018 film),plot,A man investigates a mysterious death in a small town.,Ventilator (2018 film)
Ventilator (2018 film),plot,He uncovers a conspiracy involving a ventilation system.,Ventilator (2018 film)
Ventilator (2018 film),budget,$5 million,Ventilator (2018 film)
Ventilator (2018 film),revenue,$13.6 million,Ventilator (2018 film)
Ventilator (2018 film),productionCompany,IFC Films,Ventilator (2018 film)
Ventilator (2018 film),writer,Jim Jarmusch,Ventilator (2018 film)
Ventilator (2018 film),imdbRating,7.0,Ventilator (2018 film)
Ventilator (2018 film),metacriticScore,65,Ventilator (2018 film)
Ventilator (2018 film),posterURL,https://m.media-amazon.com/images/M/MV5BNzA4NzY3NzYtMWYyZC00Y2M3LTg1ZTctMWFkYjcxNzYxNg.jpg,Ventilator (2018 film)
Ventilator (2018 film),runtime,93 minutes,Ventilator (2018 film)
Ventilator (2018 film),country,United States,Ventilator (2018 film)
Ventilator (2018 film),language,English,Ventilator (2018 film)
Ventilator (2018 film),awards,Satellite Award for Best Original Screenplay,Ventilator (2018 film)
Ventilator (2018 film),awards,Gotham Award for Best Motion Picture - Black List,Ventilator (2018 film)
Ventilator (2018 film),awards,Gotham Award for Best Director,Ventilator (2018 film)
Ventilator (2018 film),awards,Gotham Award for Best Screenplay,Ventilator (2018 film)
Ventilator (2018 film),awards,Gotham Award for Best Actor,Ventilator (2018 film)
Ventilator (2018 film),awards,Gotham Award for Best Supporting Actress,Ventilator (2018 film)
Ventilator (2018 film),awards,Gotham Award for Best Supporting Actor,Ventilator (2018 film)
Ventilator (2018 film),awards,Gotham Award for Best Cinematography,Ventilator (2018 film)
Ventilator (2018 film),awards,Gotham Award for Best Editing,Ventilator (2018 film)
Ventilator (2018 film),awards,Gotham Award for Best Sound Editing,Ventilator (2018 film)
Ventilator (2018 film),awards,Gotham Award for Best Original Score,Ventilator (2018 film)
Ventilator (2018 film),awards,Gotham Award for Best Makeup,Ventilator (2018 film)
Ventilator (2018 film),awards,Gotham Award for Best Costume Design,Ventilator (2018 film)
Ventilator (2018 film),awards,Gotham Award for Best Production Design,Ventilator (2018 film)
Ventilator (2018 film),awards,Gotham Award for Best Visual Effects,Ventilator (2018 film)
Ventilator (2018 film),awards,Gotham Award for Best Hairstyling,Ventilator (2018 film)
Pat Rooney (basketball),instanceOf,Basketball Player,Pat Rooney (basketball)
Pat Rooney (basketball),bornIn,"Pittsburgh, Pennsylvania",Pat Rooney (basketball)
Pat Rooney (basketball),diedOn,"November 13, 1994",Pat Rooney (basketball)
Pat Rooney (basketball),diedIn,"Pittsburgh, Pennsylvania",Pat Rooney (basketball)
Pat Rooney (basketball),position,Guard,Pat Rooney (basketball)
Pat Rooney (basketball),team,University of Pittsburgh Panthers,Pat Rooney (basketball)
Pat Rooney (basketball),college,University of Pittsburgh,Pat Rooney (basketball)
Pat Rooney (basketball),draftedBy,New York Knicks,Pat Rooney (basketball)
Pat Rooney (basketball),draftYear,1968,Pat Rooney (basketball)
Pat Rooney (basketball),height,6 ft 3 in (191 cm),Pat Rooney (basketball)
Pat Rooney (basketball),weight,210 lb (95 kg),Pat Rooney (basketball)
Pat Rooney (basketball),number,22,Pat Rooney (basketball)
Pat Rooney (basketball),playedFor,New York Knicks,Pat Rooney (basketball)
Pat Rooney (basketball),playedFor,Philadelphia 76ers,Pat Rooney (basketball)
Pat Rooney (basketball),playedFor,Boston Celtics,Pat Rooney (basketball)
Pat Rooney (basketball),playedFor,Detroit Pistons,Pat Rooney (basketball)
Pat Rooney (basketball),NBA Championships,1,Pat Rooney (basketball)
Pat Rooney (basketball),NBA All-Star Games,1,Pat Rooney (basketball)
Pat Rooney (basketball),NBA Points Per Game,12.8,Pat Rooney (basketball)
Pat Rooney (basketball),NBA Rebounds Per Game,3.4,Pat Rooney (basketball)
Pat Rooney (basketball),NBA Assists Per Game,6.3,Pat Rooney (basketball)
Pat Rooney (basketball),NBA Steals Per Game,1.1,Pat Rooney (basketball)
Pat Rooney (basketball),NBA Blocks Per Game,0.2,Pat Rooney (basketball)
Pat Rooney (basketball),NBA Field Goal Percentage,0.484,Pat Rooney (basketball)
Pat Rooney (basketball),NBA Three Point Percentage,0.357,Pat Rooney (basketball)
Pat Rooney (basketball),NBA Free Throw Percentage,0.815,Pat Rooney (basketball)
Pat Rooney (basketball),NBA Career Points,"14,764",Pat Rooney (basketball)
Pat Rooney (basketball),NBA Career Rebounds,"4,132",Pat Rooney (basketball)
Pat Rooney (basketball),NBA Career Assists,"3,534",Pat Rooney (basketball)
Pat Rooney (basketball),NBA Career Steals,788,Pat Rooney (basketball)
Pat Rooney (basketball),NBA Career Blocks,223,Pat Rooney (basketball)
Leonard Berkowitz,instanceOf,Person,Leonard Berkowitz
Leonard Berkowitz,bornIn,New York City,Leonard Berkowitz
Leonard Berkowitz,occupation,Psychologist,Leonard Berkowitz
Leonard Berkowitz,occupation,Author,Leonard Berkowitz
Leonard Berkowitz,authorOf,The Psychology of Music,Leonard Berkowitz
Leonard Berkowitz,authorOf,The Psychology of Music: An Introduction,Leonard Berkowitz
Leonard Berkowitz,affiliatedWith,New York University,Leonard Berkowitz
Leonard Berkowitz,studiedAt,Columbia University,Leonard Berkowitz
Leonard Berkowitz,fieldOfStudy,Psychology,Leonard Berkowitz
Leonard Berkowitz,nationality,American,Leonard Berkowitz
Leonard Berkowitz,birthDate,1925-03-17,Leonard Berkowitz
Leonard Berkowitz,deathDate,2012-07-18,Leonard Berkowitz
Leonard Berkowitz,spouse,Evelyn Berkowitz,Leonard Berkowitz
Leonard Berkowitz,fatherOf,David Berkowitz,Leonard Berkowitz
Leonard Berkowitz,sonOf,Samuel Berkowitz,Leonard Berkowitz
Leonard Berkowitz,motherOf,Rose Berkowitz,Leonard Berkowitz
Leonard Berkowitz,academicRank,Professor,Leonard Berkowitz
Leonard Berkowitz,researchArea,Music Psychology,Leonard Berkowitz
Leonard Berkowitz,researchArea,Cognitive Psychology,Leonard Berkowitz
Leonard Berkowitz,publication,The Paranoid Style in American Literature,Leonard Berkowitz
Leonard Berkowitz,publication,Psychology and the Music Aesthetic,Leonard Berkowitz
Seo Dong-won,instanceOf,footballer,"Seo Dong-won (footballer, born 1973)"
Seo Dong-won,birthDate,1973,"Seo Dong-won (footballer, born 1973)"
Seo Dong-won,nationality,South Korean,"Seo Dong-won (footballer, born 1973)"
Seo Dong-won,club,Jeonbuk Hyundai Motors,"Seo Dong-won (footballer, born 1973)"
Seo Dong-won,position,Defender,"Seo Dong-won (footballer, born 1973)"
Seo Dong-won,playingRole,Center-back,"Seo Dong-won (footballer, born 1973)"
Seo Dong-won,yearsActive,1996-2006,"Seo Dong-won (footballer, born 1973)"
Seo Dong-won,internationalDebut,12,"Seo Dong-won (footballer, born 1973)"
Seo Dong-won,internationalAppearances,13,"Seo Dong-won (footballer, born 1973)"
Seo Dong-won,internationalGoals,0,"Seo Dong-won (footballer, born 1973)"
Seo Dong-won,cupTitles,1,"Seo Dong-won (footballer, born 1973)"
Seo Dong-won,leagueTitles,3,"Seo Dong-won (footballer, born 1973)"
Seo Dong-won,otherTitles,1,"Seo Dong-won (footballer, born 1973)"
Seo Dong-won,formerClub,Kyoto Purple Sanga,"Seo Dong-won (footballer, born 1973)"
Seo Dong-won,formerClub,Ulsan Hyundai,"Seo Dong-won (footballer, born 1973)"
Seo Dong-won,formerClub,Jeonbuk Hyundai Motors,"Seo Dong-won (footballer, born 1973)"
Dharmapatni (1987 film),instanceOf,Film,Dharmapatni (1987 film)
Dharmapatni (1987 film),directedBy,K. Balachander,Dharmapatni (1987 film)
Dharmapatni (1987 film),starring,Manju,Dharmapatni (1987 film)
Dharmapatni (1987 film),starring,Pushpalatha,Dharmapatni (1987 film)
Dharmapatni (1987 film),starring,Nasser,Dharmapatni (1987 film)
Dharmapatni (1987 film),starring,Delhi Kumar,Dharmapatni (1987 film)
Dharmapatni (1987 film),starring,V. V. Raman,Dharmapatni (1987 film)
Dharmapatni (1987 film),genre,Drama,Dharmapatni (1987 film)
Dharmapatni (1987 film),releaseDate,1987-07-25,Dharmapatni (1987 film)
Dharmapatni (1987 film),productionCompany,K Productions,Dharmapatni (1987 film)
Dharmapatni (1987 film),musicBy,Ilaiyaraaja,Dharmapatni (1987 film)
Dharmapatni (1987 film),lyricsBy,Vichu Da,Dharmapatni (1987 film)
Dharmapatni (1987 film),cinematographyBy,S. S. Selvaraj,Dharmapatni (1987 film)
Dharmapatni (1987 film),plot,A woman seeks revenge against her husband for betraying her.,Dharmapatni (1987 film)
Dharmapatni (1987 film),awards,Tamil Nadu State Film Award for Best Actress,Dharmapatni (1987 film)
Dharmapatni (1987 film),awards,Tamil Nadu State Film Award for Best Supporting Actress,Dharmapatni (1987 film)
Dharmapatni (1987 film),awards,Tamil Nadu State Film Award for Best Editing,Dharmapatni (1987 film)
Dharmapatni (1987 film),awards,Tamil Nadu State Film Award for Best Background Music,Dharmapatni (1987 film)
Dharmapatni (1987 film),awards,Tamil Nadu State Film Award for Best Story,Dharmapatni (1987 film)
Dharmapatni (1987 film),awards,Tamil Nadu State Film Award for Best Costume Design,Dharmapatni (1987 film)
Dharmapatni (1987 film),awards,Tamil Nadu State Film Award for Best Art Direction,Dharmapatni (1987 film)
Dharmapatni (1987 film),language,Tamil,Dharmapatni (1987 film)
Dharmapatni (1987 film),runtime,140 minutes,Dharmapatni (1987 film)
Dharmapatni (1987 film),country,India,Dharmapatni (1987 film)
Nosa Iyobosa Edokpolor,instanceOf,Person,Nosa Iyobosa Edokpolor
Nosa Iyobosa Edokpolor,occupation,Software Engineer,Nosa Iyobosa Edokpolor
Nosa Iyobosa Edokpolor,worksAt,Google,Nosa Iyobosa Edokpolor
Nosa Iyobosa Edokpolor,studiedAt,University of Michigan,Nosa Iyobosa Edokpolor
Nosa Iyobosa Edokpolor,degree,Bachelor of Science,Nosa Iyobosa Edokpolor
Nosa Iyobosa Edokpolor,major,Computer Science,Nosa Iyobosa Edokpolor
Nosa Iyobosa Edokpolor,githubUsername,nosaedokpolor,Nosa Iyobosa Edokpolor
Nosa Iyobosa Edokpolor,linkedinProfile,https://www.linkedin.com/in/nosaedokpolor/,Nosa Iyobosa Edokpolor
Nosa Iyobosa Edokpolor,leetcodeUsername,nosaedokpolor,Nosa Iyobosa Edokpolor
Nosa Iyobosa Edokpolor,githubRepository,https://github.com/nosaedokpolor,Nosa Iyobosa Edokpolor
Nosa Iyobosa Edokpolor,interests,Machine Learning,Nosa Iyobosa Edokpolor
Nosa Iyobosa Edokpolor,interests,Artificial Intelligence,Nosa Iyobosa Edokpolor
Nosa Iyobosa Edokpolor,interests,Data Science,Nosa Iyobosa Edokpolor
Nosa Iyobosa Edokpolor,location,San Francisco,Nosa Iyobosa Edokpolor
Bert Wright,instanceOf,cricketer,Bert Wright (cricketer)
Bert Wright,bornIn,Leicester,Bert Wright (cricketer)
Bert Wright,dateOfBirth,1988-07-24,Bert Wright (cricketer)
Bert Wright,batsFor,left,Bert Wright (cricketer)
Bert Wright,bowlsWith,right,Bert Wright (cricketer)
Bert Wright,playsFor,Leicestershire County Cricket Club,Bert Wright (cricketer)
Bert Wright,testDebut,2011-08-13,Bert Wright (cricketer)
Bert Wright,odiDebut,2011-08-15,Bert Wright (cricketer)
Bert Wright,testMatchesPlayed,3,Bert Wright (cricketer)
Bert Wright,odiMatchesPlayed,6,Bert Wright (cricketer)
Bert Wright,firstClassMatchesPlayed,138,Bert Wright (cricketer)
Bert Wright,firstClassRuns,5387,Bert Wright (cricketer)
Bert Wright,firstClassWickets,137,Bert Wright (cricketer)
Bert Wright,listAMatchesPlayed,33,Bert Wright (cricketer)
Bert Wright,listARuns,1218,Bert Wright (cricketer)
Bert Wright,listAWickets,23,Bert Wright (cricketer)
Bert Wright,internationalCareerStarted,2011-08-13,Bert Wright (cricketer)
Bert Wright,countyCareerStarted,2002-04-02,Bert Wright (cricketer)
Bert Wright,countyTeam,Leicestershire,Bert Wright (cricketer)
Bert Wright,highestScoreListA,95,Bert Wright (cricketer)
Bert Wright,highestScoreFirstClass,172,Bert Wright (cricketer)
Bert Wright,highestScoreTest,47,Bert Wright (cricketer)
Bert Wright,internationalDebutMatch,England vs Sri Lanka,Bert Wright (cricketer)
Bert Wright,bowlingStyle,orthodox,Bert Wright (cricketer)
Alberto Siliotti,instanceOf,Artist,Alberto Siliotti
Alberto Siliotti,bornIn,Florence,Alberto Siliotti
Alberto Siliotti,bornOn,1953-03-16,Alberto Siliotti
Alberto Siliotti,nationality,Italian,Alberto Siliotti
Alberto Siliotti,occupation,Painter,Alberto Siliotti
Alberto Siliotti,artisticStyle,Figurative painting,Alberto Siliotti
Alberto Siliotti,artisticStyle,Landscape painting,Alberto Siliotti
Alberto Siliotti,artisticStyle,Still life painting,Alberto Siliotti
Alberto Siliotti,knownFor,His portraits of dogs,Alberto Siliotti
Alberto Siliotti,knownFor,His paintings of Tuscan landscapes,Alberto Siliotti
Alberto Siliotti,livedIn,Tuscany,Alberto Siliotti
Alberto Siliotti,exhibitedAt,"Galleria d'Arte Moderna, Florence",Alberto Siliotti
Alberto Siliotti,exhibitedAt,Numerous galleries in Europe and the United States,Alberto Siliotti
Alberto Siliotti,influencedBy,Edward Hopper,Alberto Siliotti
Alberto Siliotti,influencedBy,René Magritte,Alberto Siliotti
Alberto Siliotti,awards,Numerous awards for his artwork,Alberto Siliotti
Alberto Siliotti,website,http://www.albertosiliotti.com/,Alberto Siliotti
Alberto Siliotti,website,https://www.siliotti.com/,Alberto Siliotti
Alberto Siliotti,paintingTechnique,Oil on canvas,Alberto Siliotti
Alberto Siliotti,paintingTechnique,Acrylic on canvas,Alberto Siliotti
Alberto Siliotti,paintingSubject,Dogs,Alberto Siliotti
Alberto Siliotti,paintingSubject,Landscapes,Alberto Siliotti
Alberto Siliotti,paintingSubject,Still lifes,Alberto Siliotti
Alberto Siliotti,paintingSubject,Portraits,Alberto Siliotti
Alberto Siliotti,location,"Tuscany, Italy",Alberto Siliotti
Alberto Siliotti,location,"Florence, Italy",Alberto Siliotti
Alberto Siliotti,artMovement,Contemporary Art,Alberto Siliotti
Alberto Siliotti,artMovement,Figurative Art,Alberto Siliotti
Alberto Siliotti,artMovement,Landscape Art,Alberto Siliotti
Alberto Siliotti,influencedBy,Gustave Courbet,Alberto Siliotti
Alberto Siliotti,influencedBy,Jean-François Millet,Alberto Siliotti
Alberto Siliotti,exhibitedAt,"The National Gallery, London",Alberto Siliotti
Alberto Siliotti,exhibitedAt,"The Museum of Modern Art, New York",Alberto Siliotti
Alberto Siliotti,exhibitedAt,"The Galleria Nazionale d'Arte Moderna, Rome",Alberto Siliotti
Alberto Siliotti,exhibitedAt,The Art Institute of Chicago,Alberto Siliotti
Alberto Siliotti,exhibitedAt,"The Centre Pompidou, Paris",Alberto Siliotti
Alberto Siliotti,exhibitedAt,"The Metropolitan Museum of Art, New York",Alberto Siliotti
Alberto Siliotti,exhibitedAt,"The Hermitage Museum, St. Petersburg",Alberto Siliotti
Alberto Siliotti,exhibitedAt,"The National Art Gallery, Belgrade",Alberto Siliotti
Alberto Siliotti,exhibitedAt,"The National Gallery of Modern Art, Chennai",Alberto Siliotti
Alberto Siliotti,exhibitedAt,"The National Museum of Art, Bangkok",Alberto Siliotti
Alberto Siliotti,exhibitedAt,"The National Art Gallery, Kuala Lumpur",Alberto Siliotti
Alberto Siliotti,exhibitedAt,"The National Art Gallery, Jakarta",Alberto Siliotti
Alberto Siliotti,exhibitedAt,"The National Art Gallery, Manila",Alberto Siliotti
Alberto Siliotti,exhibitedAt,"The National Art Gallery, Singapore",Alberto Siliotti
Alberto Siliotti,exhibitedAt,"The National Art Gallery, Wellington",Alberto Siliotti
Alberto Siliotti,exhibitedAt,"The National Art Gallery, Sydney",Alberto Siliotti
Alberto Siliotti,exhibitedAt,"The National Art Gallery, Melbourne",Alberto Siliotti
Gran Turismo Sport,instanceOf,Racing Game,Gran Turismo Sport
Gran Turismo Sport,developedBy,Polyphony Digital,Gran Turismo Sport
Gran Turismo Sport,publishedBy,Sony Interactive Entertainment,Gran Turismo Sport
Gran Turismo Sport,released,"October 1, 2017",Gran Turismo Sport
Gran Turismo Sport,platform,PlayStation 4,Gran Turismo Sport
Gran Turismo Sport,genre,Racing,Gran Turismo Sport
Gran Turismo Sport,features,Online Multiplayer,Gran Turismo Sport
Gran Turismo Sport,features,Car Customization,Gran Turismo Sport
Gran Turismo Sport,features,Time Trial Mode,Gran Turismo Sport
Gran Turismo Sport,features,Drift Mode,Gran Turismo Sport
Gran Turismo Sport,features,Track Editor,Gran Turismo Sport
Gran Turismo Sport,features,VR Support,Gran Turismo Sport
Gran Turismo Sport,partOf,Gran Turismo series,Gran Turismo Sport
Gran Turismo Sport,successorTo,Gran Turismo 6,Gran Turismo Sport
Gran Turismo Sport,predecessorTo,Gran Turismo,Gran Turismo Sport
Gran Turismo Sport,rating,8.4/10,Gran Turismo Sport
Gran Turismo Sport,rating,86 Metascore,Gran Turismo Sport
Gran Turismo Sport,sales,13.79 million,Gran Turismo Sport
Gran Turismo Sport,engine,Frostbite,Gran Turismo Sport
Gran Turismo Sport,vehicles,Nissan Skyline GT-R (R34),Gran Turismo Sport
Gran Turismo Sport,vehicles,Ferrari 488 GT3,Gran Turismo Sport
Gran Turismo Sport,vehicles,Porsche 911 GT3 RS,Gran Turismo Sport
Gran Turismo Sport,vehicles,Lamborghini Huracan GT3,Gran Turismo Sport
Gran Turismo Sport,vehicles,McLaren 720S GT3,Gran Turismo Sport
Gran Turismo Sport,vehicles,Toyota GR Supra,Gran Turismo Sport
Gran Turismo Sport,vehicles,BMW M5,Gran Turismo Sport
Gran Turismo Sport,vehicles,Mercedes-AMG GT,Gran Turismo Sport
Gran Turismo Sport,vehicles,Ford Mustang GT,Gran Turismo Sport
Gran Turismo Sport,vehicles,Chevrolet Corvette Z06,Gran Turismo Sport
Gran Turismo Sport,vehicles,Audi R8 LMS,Gran Turismo Sport
Gran Turismo Sport,vehicles,Honda NSX,Gran Turismo Sport
Gran Turismo Sport,vehicles,Toyota GR Yaris,Gran Turismo Sport
Gran Turismo Sport,vehicles,Porsche 918 Spyder,Gran Turismo Sport
Gran Turismo Sport,vehicles,Ferrari LaFerrari,Gran Turismo Sport
Gran Turismo Sport,vehicles,Porsche 959,Gran Turismo Sport
Gran Turismo Sport,vehicles,Ford GT,Gran Turismo Sport
Gran Turismo Sport,vehicles,Nissan 370Z,Gran Turismo Sport
Gran Turismo Sport,vehicles,BMW M3,Gran Turismo Sport
Gran Turismo Sport,vehicles,Mercedes-Benz SLS AMG,Gran Turismo Sport
Gran Turismo Sport,vehicles,Toyota Supra,Gran Turismo Sport
Gran Turismo Sport,vehicles,Mazda RX-7,Gran Turismo Sport
Gran Turismo Sport,vehicles,Honda Civic Type R,Gran Turismo Sport
Gran Turismo Sport,vehicles,Volkswagen Golf GTI,Gran Turismo Sport
Gran Turismo Sport,vehicles,Subaru WRX STI,Gran Turismo Sport
Gran Turismo Sport,vehicles,Lotus Elise,Gran Turismo Sport
Gran Turismo Sport,vehicles,Ferrari F40,Gran Turismo Sport
Gran Turismo Sport,vehicles,Porsche 911 Turbo,Gran Turismo Sport
Gran Turismo Sport,vehicles,Lamborghini Aventador,Gran Turismo Sport
Gran Turismo Sport,vehicles,McLaren P1,Gran Turismo Sport
Gran Turismo Sport,vehicles,Audi R8,Gran Turismo Sport
Gran Turismo Sport,vehicles,Nissan GTR,Gran Turismo Sport
Gran Turismo Sport,vehicles,Toyota 86,Gran Turismo Sport
Gran Turismo Sport,vehicles,BMW Z4,Gran Turismo Sport
Gran Turismo Sport,vehicles,Mercedes-Benz C-Class,Gran Turismo Sport
Gran Turismo Sport,vehicles,Porsche 718 Cayman,Gran Turismo Sport
Gran Turismo Sport,vehicles,Ferrari 458 Italia,Gran Turismo Sport
Gran Turismo Sport,vehicles,Aston Martin Vantage,Gran Turismo Sport
Gran Turismo Sport,vehicles,Chevrolet Camaro,Gran Turismo Sport
Gran Turismo Sport,vehicles,Ford Mustang,Gran Turismo Sport
Gran Turismo Sport,vehicles,Rolls-Royce Phantom,Gran Turismo Sport
Gran Turismo Sport,vehicles,Bugatti Veyron,Gran Turismo Sport
Gran Turismo Sport,vehicles,Tesla Model S,Gran Turismo Sport
Gran Turismo Sport,vehicles,Lotus Evora,Gran Turismo Sport
Gran Turismo Sport,vehicles,Porsche 911 GT2 RS,Gran Turismo Sport
Gran Turismo Sport,vehicles,Lamborghini Urus,Gran Turismo Sport
Gran Turismo Sport,vehicles,McLaren 675LT,Gran Turismo Sport
Gran Turismo Sport,vehicles,Ferrari 812 Superfast,Gran Turismo Sport
Gran Turismo Sport,vehicles,Porsche 991.1 Carrera,Gran Turismo Sport
Gran Turismo Sport,vehicles,Nissan G25,Gran Turismo Sport
Gran Turismo Sport,vehicles,Mercedes-Benz E-Class,Gran Turismo Sport
Gran Turismo Sport,vehicles,Audi A4,Gran Turismo Sport
Gran Turismo Sport,vehicles,Volkswagen Passat,Gran Turismo Sport
Gran Turismo Sport,vehicles,BMW 3 Series,Gran Turismo Sport
Gran Turismo Sport,vehicles,Honda Civic,Gran Turismo Sport
Gran Turismo Sport,vehicles,Toyota Corolla,Gran Turismo Sport
Gran Turismo Sport,vehicles,Mazda 3,Gran Turismo Sport
Gran Turismo Sport,vehicles,Subaru Impreza,Gran Turismo Sport
Gran Turismo Sport,vehicles,Lotus Exige,Gran Turismo Sport
Gran Turismo Sport,vehicles,Ferrari F12 Berlinetta,Gran Turismo Sport
Gran Turismo Sport,vehicles,Lamborghini Huracan Evo,Gran Turismo Sport
Gran Turismo Sport,vehicles,McLaren 720S Spider,Gran Turismo Sport
Gran Turismo Sport,vehicles,Porsche 911 GT3,Gran Turismo Sport
Gran Turismo Sport,vehicles,Nissan GTR R35,Gran Turismo Sport
Gran Turismo Sport,vehicles,Toyota GR86,Gran Turismo Sport
Gran Turismo Sport,vehicles,Ford Mustang Mach-E,Gran Turismo Sport
Gran Turismo Sport,vehicles,Hyundai i30 N,Gran Turismo Sport
Gran Turismo Sport,vehicles,Renault Megane RS,Gran Turismo Sport
Gran Turismo Sport,vehicles,Volkswagen Golf R,Gran Turismo Sport
Gran Turismo Sport,vehicles,Audi e-tron,Gran Turismo Sport
Gran Turismo Sport,vehicles,BMW i8,Gran Turismo Sport
Gran Turismo Sport,vehicles,Mercedes-AMG GLC,Gran Turismo Sport
Gran Turismo Sport,vehicles,Volvo XC60,Gran Turismo Sport
Gran Turismo Sport,vehicles,Land Rover Range Rover,Gran Turismo Sport
Gran Turismo Sport,vehicles,Porsche Cayenne,Gran Turismo Sport
Gran Turismo Sport,vehicles,Tesla Model 3,Gran Turismo Sport
Gran Turismo Sport,vehicles,Audi RS6,Gran Turismo Sport
Gran Turismo Sport,vehicles,Ferrari Roma,Gran Turismo Sport
Gran Turismo Sport,vehicles,Aston Martin DB11,Gran Turismo Sport
Gran Turismo Sport,vehicles,Lamborghini Sian,Gran Turismo Sport
Gran Turismo Sport,vehicles,McLaren Artura,Gran Turismo Sport
Gran Turismo Sport,vehicles,Nissan Z,Gran Turismo Sport
Gran Turismo Sport,vehicles,Mercedes-AMG GT Black Series,Gran Turismo Sport
Gran Turismo Sport,vehicles,BMW M4,Gran Turismo Sport
Gran Turismo Sport,vehicles,Audi R8 LMS GT3,Gran Turismo Sport
Gran Turismo Sport,vehicles,Porsche 911 GT3 RS (2023),Gran Turismo Sport
Gran Turismo Sport,vehicles,Lamborghini Huracan Tecnica,Gran Turismo Sport
Herbert Von King Park,instanceOf,Park,Herbert Von King Park
Herbert Von King Park,locatedIn,San Antonio,Herbert Von King Park
Herbert Von King Park,locatedIn,Texas,Herbert Von King Park
Herbert Von King Park,established,1928,Herbert Von King Park
Herbert Von King Park,area,130 acres,Herbert Von King Park
Herbert Von King Park,features,playground,Herbert Von King Park
Herbert Von King Park,features,walking trails,Herbert Von King Park
Herbert Von King Park,features,picnic areas,Herbert Von King Park
Herbert Von King Park,features,sports fields,Herbert Von King Park
Herbert Von King Park,features,open space,Herbert Von King Park
Herbert Von King Park,managedBy,San Antonio Parks and Recreation Department,Herbert Von King Park
Herbert Von King Park,address,"San Antonio, Texas",Herbert Von King Park
Herbert Von King Park,coordinates,"29.7377, -98.4557",Herbert Von King Park
Herbert Von King Park,type,City Park,Herbert Von King Park
Herbert Von King Park,historicalSignificance,"Named after Herbert Von King, a prominent San Antonio businessman and philanthropist",Herbert Von King Park
1945 Giro di Lombardia,instanceOf,Cycling Race,1945 Giro di Lombardia
1945 Giro di Lombardia,startDate,1945-09-25,1945 Giro di Lombardia
1945 Giro di Lombardia,endDate,1945-09-26,1945 Giro di Lombardia
1945 Giro di Lombardia,location,Milan,1945 Giro di Lombardia
1945 Giro di Lombardia,winner,Giuseppe Meo,1945 Giro di Lombardia
1945 Giro di Lombardia,secondPlace,Fausto Coppi,1945 Giro di Lombardia
1945 Giro di Lombardia,thirdPlace,Gino Bartali,1945 Giro di Lombardia
1945 Giro di Lombardia,participants,Fausto Coppi,1945 Giro di Lombardia
1945 Giro di Lombardia,participants,Gino Bartali,1945 Giro di Lombardia
1945 Giro di Lombardia,participants,Giuseppe Meo,1945 Giro di Lombardia
1945 Giro di Lombardia,participants,Ercole Baldini,1945 Giro di Lombardia
1945 Giro di Lombardia,participants,Angelo Bartalini,1945 Giro di Lombardia
1945 Giro di Lombardia,participants,Carlo Ferri,1945 Giro di Lombardia
1945 Giro di Lombardia,participants,Giovanni Brero,1945 Giro di Lombardia
1945 Giro di Lombardia,participants,Bruno Onofri,1945 Giro di Lombardia
1945 Giro di Lombardia,participants,Luigi Anquetil,1945 Giro di Lombardia
1945 Giro di Lombardia,participants,Alfredo Binda,1945 Giro di Lombardia
1945 Giro di Lombardia,participants,Rino Gasparoli,1945 Giro di Lombardia
1945 Giro di Lombardia,participants,Pio Baldo,1945 Giro di Lombardia
1945 Giro di Lombardia,participants,Sergio Marinelli,1945 Giro di Lombardia
1945 Giro di Lombardia,participants,Franco Pignalosa,1945 Giro di Lombardia
1945 Giro di Lombardia,participants,Luigi Pezzi,1945 Giro di Lombardia
1945 Giro di Lombardia,participants,Mario Riccomani,1945 Giro di Lombardia
1945 Giro di Lombardia,participants,Giovanni Campana,1945 Giro di Lombardia
1945 Giro di Lombardia,participants,Ugo Dragone,1945 Giro di Lombardia
1945 Giro di Lombardia,participants,Giuseppe Ghisleri,1945 Giro di Lombardia
1945 Giro di Lombardia,participants,Angelo Munari,1945 Giro di Lombardia
1945 Giro di Lombardia,participants,Carlo Rebellin,1945 Giro di Lombardia
1945 Giro di Lombardia,participants,Pierino Fogli,1945 Giro di Lombardia
1945 Giro di Lombardia,participants,Bruno Zenutti,1945 Giro di Lombardia
1945 Giro di Lombardia,stageWinners,Giuseppe Meo,1945 Giro di Lombardia
1945 Giro di Lombardia,stageWinners,Fausto Coppi,1945 Giro di Lombardia
1945 Giro di Lombardia,stageWinners,Gino Bartali,1945 Giro di Lombardia
1945 Giro di Lombardia,route,Milan - Bergamo - Brescia - Desenzano d'Asolo - Verona - Milan,1945 Giro di Lombardia
1945 Giro di Lombardia,totalDistance,348 km,1945 Giro di Lombardia
1945 Giro di Lombardia,courseType,Road Race,1945 Giro di Lombardia
1945 Giro di Lombardia,number,33,1945 Giro di Lombardia
1945 Giro di Lombardia,heldIn,Italy,1945 Giro di Lombardia
Lexia to Perplexia,instanceOf,Fantasy world,Lexia to Perplexia
Lexia to Perplexia,locatedIn,The Dreamlands,Lexia to Perplexia
Lexia to Perplexia,created,Robert Chambers,Lexia to Perplexia
Lexia to Perplexia,partOf,The Domains of Etheria,Lexia to Perplexia
Lexia to Perplexia,features,Floating islands,Lexia to Perplexia
Lexia to Perplexia,features,Dream-like landscapes,Lexia to Perplexia
Lexia to Perplexia,features,Strange creatures,Lexia to Perplexia
Lexia to Perplexia,features,Magic,Lexia to Perplexia
Lexia to Perplexia,accessedVia,Dreaming,Lexia to Perplexia
Lexia to Perplexia,dangerLevel,High,Lexia to Perplexia
Lexia to Perplexia,governedBy,The Dream Lords,Lexia to Perplexia
Lexia to Perplexia,influencedBy,The Oneiromancy,Lexia to Perplexia
Lexia to Perplexia,relatedTo,The Abyss,Lexia to Perplexia
Lexia to Perplexia,relatedTo,The Plane of Dreams,Lexia to Perplexia
Lexia to Perplexia,relatedTo,The Astral Plane,Lexia to Perplexia
Lexia to Perplexia,hasRegion,The Shifting Sands,Lexia to Perplexia
Lexia to Perplexia,hasRegion,The Crystal Caves,Lexia to Perplexia
Lexia to Perplexia,hasRegion,The Obsidian Peaks,Lexia to Perplexia
Lexia to Perplexia,hasRegion,The Emerald Forest,Lexia to Perplexia
Lexia to Perplexia,inhabitants,Dreamers,Lexia to Perplexia
Lexia to Perplexia,inhabitants,Nightmares,Lexia to Perplexia
Lexia to Perplexia,inhabitants,Dream Constructs,Lexia to Perplexia
Lexia to Perplexia,associatedWith,Lucidity,Lexia to Perplexia
Lexia to Perplexia,associatedWith,False Awakening,Lexia to Perplexia
Lexia to Perplexia,associatedWith,Nightmare Fuel,Lexia to Perplexia
Lexia to Perplexia,hasSecret,The Lost City of Somnus,Lexia to Perplexia
Lexia to Perplexia,hasSecret,The Well of Forgotten Dreams,Lexia to Perplexia
Lexia to Perplexia,hasSecret,The Guardian of the Threshold,Lexia to Perplexia
Lexia to Perplexia,isKnownFor,Its unpredictable nature,Lexia to Perplexia
Lexia to Perplexia,isKnownFor,Its surreal beauty,Lexia to Perplexia
Lexia to Perplexia,isKnownFor,Its dangerous illusions,Lexia to Perplexia
Vulcan Centaur,instanceOf,Battleship,Vulcan Centaur
Vulcan Centaur,manufacturer,Federation Starfleet,Vulcan Centaur
Vulcan Centaur,class,Battleship,Vulcan Centaur
Vulcan Centaur,displacement,"15,000 tons",Vulcan Centaur
Vulcan Centaur,armor,Class 10,Vulcan Centaur
Vulcan Centaur,shields,Class 8,Vulcan Centaur
Vulcan Centaur,warp_factor,8.0,Vulcan Centaur
Vulcan Centaur,crew,800,Vulcan Centaur
Vulcan Centaur,complement,200,Vulcan Centaur
Vulcan Centaur,weapons,"Phasers, torpedoes",Vulcan Centaur
Vulcan Centaur,defense,Point-defense lasers,Vulcan Centaur
Vulcan Centaur,role,"Exploration, patrol",Vulcan Centaur
Vulcan Centaur,commissioned,2371,Vulcan Centaur
Vulcan Centaur,served_in,Federation Starfleet,Vulcan Centaur
Vulcan Centaur,destroyed,2373,Vulcan Centaur
Vulcan Centaur,destroyed_by,Romulan Warbird,Vulcan Centaur
Vulcan Centaur,homeworld,Vulcan,Vulcan Centaur
Vulcan Centaur,designation,NCC-72788,Vulcan Centaur
Vulcan Centaur,captain,Commander T'Lara,Vulcan Centaur
Vulcan Centaur,alternate_designation,USS Vulcan Centaur,Vulcan Centaur
Giubiasco–Locarno railway,instanceOf,railway,Giubiasco–Locarno railway
Giubiasco–Locarno railway,locatedIn,Ticino,Giubiasco–Locarno railway
Giubiasco–Locarno railway,partOf,Swiss Federal Railways,Giubiasco–Locarno railway
Giubiasco–Locarno railway,routeLength,9.2 km,Giubiasco–Locarno railway
Giubiasco–Locarno railway,elevation,335 m,Giubiasco–Locarno railway
Giubiasco–Locarno railway,gauge,1435 mm,Giubiasco–Locarno railway
Giubiasco–Locarno railway,maximumSpeed,80 km/h,Giubiasco–Locarno railway
Giubiasco–Locarno railway,opened,1916,Giubiasco–Locarno railway
Giubiasco–Locarno railway,stations,"Giubiasco, Locarno",Giubiasco–Locarno railway
Giubiasco–Locarno railway,tunnel,Giubiasco Tunnel,Giubiasco–Locarno railway
Giubiasco–Locarno railway,gradient,1.2%,Giubiasco–Locarno railway
Giubiasco–Locarno railway,signallingSystem,AXCS,Giubiasco–Locarno railway
Giubiasco–Locarno railway,connection,Locarno–Bellinzona railway,Giubiasco–Locarno railway
Giubiasco,connectedTo,Giubiasco–Locarno railway,Giubiasco–Locarno railway
Locarno,connectedTo,Giubiasco–Locarno railway,Giubiasco–Locarno railway
Giubiasco–Locarno railway,operator,CFF,Giubiasco–Locarno railway
Giubiasco–Locarno railway,purpose,Passenger transport,Giubiasco–Locarno railway
Giubiasco–Locarno railway,historicalSignificance,Early electrification of Switzerland,Giubiasco–Locarno railway
Giubiasco–Locarno railway,constructionCompany,Cantone Ticinese,Giubiasco–Locarno railway
Giubiasco–Locarno railway,trackType,Steel rails,Giubiasco–Locarno railway
Giubiasco–Locarno railway,bridge,Locarno Bridge,Giubiasco–Locarno railway
Giubiasco–Locarno railway,tunnelLength,360 m,Giubiasco–Locarno railway
Giubiasco–Locarno railway,yearOfConstruction,1915,Giubiasco–Locarno railway
Giubiasco–Locarno railway,numberofCurves,12,Giubiasco–Locarno railway
Gouda triptych of the Life of Mary,instanceOf,Painting,Gouda triptych of the Life of Mary
Gouda triptych of the Life of Mary,artist,Hans Memling,Gouda triptych of the Life of Mary
Gouda triptych of the Life of Mary,dateCreated,1493,Gouda triptych of the Life of Mary
Gouda triptych of the Life of Mary,location,"St Vitus Cathedral, Prague",Gouda triptych of the Life of Mary
Gouda triptych of the Life of Mary,depicts,Scenes from the Life of Mary,Gouda triptych of the Life of Mary
Gouda triptych of the Life of Mary,includes,Annunciation,Gouda triptych of the Life of Mary
Gouda triptych of the Life of Mary,includes,Visitation,Gouda triptych of the Life of Mary
Gouda triptych of the Life of Mary,includes,Nativity,Gouda triptych of the Life of Mary
Gouda triptych of the Life of Mary,includes,Coronation of the Virgin,Gouda triptych of the Life of Mary
Gouda triptych of the Life of Mary,includes,Pilgrimage to Jerusalem,Gouda triptych of the Life of Mary
Gouda triptych of the Life of Mary,medium,Oil paint on oak panel,Gouda triptych of the Life of Mary
Gouda triptych of the Life of Mary,style,Early Netherlandish painting,Gouda triptych of the Life of Mary
Gouda triptych of the Life of Mary,partOf,"Collection of the National Gallery, Prague",Gouda triptych of the Life of Mary
Hans Memling,influencedBy,Robert Campin,Gouda triptych of the Life of Mary
"St Vitus Cathedral, Prague",locatedIn,Prague,Gouda triptych of the Life of Mary
Prague,locatedIn,Czech Republic,Gouda triptych of the Life of Mary
"National Gallery, Prague",locatedIn,Prague,Gouda triptych of the Life of Mary
Bahau River,instanceOf,river,Bahau River
Bahau River,flowsThrough,Negara Sembilan,Bahau River
Bahau River,flowsThrough,Pahang,Bahau River
Bahau River,locatedIn,Malaysia,Bahau River
Bahau River,hasLength,137 km,Bahau River
Bahau River,hasDrainageArea,"12,660 km²",Bahau River
Bahau River,formedBy,Mount Titigal,Bahau River
Bahau River,hasTributaries,Sungai Pahau,Bahau River
Bahau River,hasTributaries,Sungai Keramat,Bahau River
Bahau River,hasTributaries,Sungai Besout,Bahau River
Bahau River,isA,waterway,Bahau River
Bahau River,hasBiodiversity,Irrawaddy dolphins,Bahau River
Bahau River,hasBiodiversity,Proboscis monkeys,Bahau River
Bahau River,hasBiodiversity,various fish species,Bahau River
Bahau River,isPartOf,Genting River Basin,Bahau River
Bahau River,hasImportance,irrigation,Bahau River
Bahau River,hasImportance,fishing,Bahau River
Bahau River,hasImportance,tourism,Bahau River
Bahau River,isManagedBy,"Department of Irrigation and Drainage, Ministry of Natural Resources, Environment and Climate Change",Bahau River
Bahau River,hasCoordinates,"3 55′ 39″ N, 106 52′ 21″ E",Bahau River
Bahau River,isNear,Seremban,Bahau River
Bahau River,isNear,Jelebu,Bahau River
Bahau River,isNear,Port Dickson,Bahau River
Bahau River,hasWaterQuality,variable,Bahau River
Bahau River,hasWaterQuality,affected by pollution,Bahau River
Bahau River,isProtectedBy,National Heritage Site,Bahau River
Bahau River,hasHistoricalSignificance,early settlements,Bahau River
Bahau River,hasCulturalSignificance,local communities,Bahau River
Bahau River,isAssociatedWith,traditional fishing practices,Bahau River
Bahau River,isAssociatedWith,riverine ecosystems,Bahau River
Bahau River,hasPotentialFor,eco-tourism,Bahau River
Bahau River,hasPotentialFor,sustainable development,Bahau River
Krzysztof Piątek,instanceOf,Footballer,Krzysztof Piątek
Krzysztof Piątek,bornIn,Grodkowice,Krzysztof Piątek
Krzysztof Piątek,dateOfBirth,1993-07-02,Krzysztof Piątek
Krzysztof Piątek,nationality,Polish,Krzysztof Piątek
Krzysztof Piątek,height,1.85 m,Krzysztof Piątek
Krzysztof Piątek,position,Striker,Krzysztof Piątek
Krzysztof Piątek,club,Torino,Krzysztof Piątek
Krzysztof Piątek,club,Genoa,Krzysztof Piątek
Krzysztof Piątek,club,Hull City,Krzysztof Piątek
Krzysztof Piątek,club,Leeds United,Krzysztof Piątek
Krzysztof Piątek,club,Charternjan,Krzysztof Piątek
Krzysztof Piątek,goal,34,Krzysztof Piątek
Krzysztof Piątek,number,9,Krzysztof Piątek
Krzysztof Piątek,internationalDebut,Poland national football team,Krzysztof Piątek
Krzysztof Piątek,jerseyNumber,9,Krzysztof Piątek
Krzysztof Piątek,marketValue,15.00m €,Krzysztof Piątek
Krzysztof Piątek,opponent,Napoli,Krzysztof Piątek
Krzysztof Piątek,opponent,Juventus,Krzysztof Piątek
Krzysztof Piątek,opponent,AS Roma,Krzysztof Piątek
Krzysztof Piątek,opponent,AC Milan,Krzysztof Piątek
Krzysztof Piątek,opponent,Sampdoria,Krzysztof Piątek
Tigrovaya Balka Nature Reserve,instanceOf,Nature Reserve,Tigrovaya Balka Nature Reserve
Tigrovaya Balka Nature Reserve,locatedIn,Dagestan Republic,Tigrovaya Balka Nature Reserve
Tigrovaya Balka Nature Reserve,locatedIn,Russia,Tigrovaya Balka Nature Reserve
Tigrovaya Balka Nature Reserve,area,"20,000 hectares",Tigrovaya Balka Nature Reserve
Tigrovaya Balka Nature Reserve,established,1997,Tigrovaya Balka Nature Reserve
Tigrovaya Balka Nature Reserve,purpose,Biodiversity conservation,Tigrovaya Balka Nature Reserve
Tigrovaya Balka Nature Reserve,features,Steppe,Tigrovaya Balka Nature Reserve
Tigrovaya Balka Nature Reserve,features,Forest,Tigrovaya Balka Nature Reserve
Tigrovaya Balka Nature Reserve,features,River,Tigrovaya Balka Nature Reserve
Tigrovaya Balka Nature Reserve,fauna,European lynx,Tigrovaya Balka Nature Reserve
Tigrovaya Balka Nature Reserve,fauna,Wolf,Tigrovaya Balka Nature Reserve
Tigrovaya Balka Nature Reserve,fauna,Red deer,Tigrovaya Balka Nature Reserve
Tigrovaya Balka Nature Reserve,fauna,Wild boar,Tigrovaya Balka Nature Reserve
Tigrovaya Balka Nature Reserve,fauna,Fox,Tigrovaya Balka Nature Reserve
Tigrovaya Balka Nature Reserve,flora,Steppe vegetation,Tigrovaya Balka Nature Reserve
Tigrovaya Balka Nature Reserve,flora,Forest trees,Tigrovaya Balka Nature Reserve
Tigrovaya Balka Nature Reserve,management,Dagestan Ministry of Ecology and Natural Resources,Tigrovaya Balka Nature Reserve
Tigrovaya Balka Nature Reserve,protectionStatus,Protected area,Tigrovaya Balka Nature Reserve
Tigrovaya Balka Nature Reserve,coordinates,45°18′39″N 48°56′33″E,Tigrovaya Balka Nature Reserve
Tigrovaya Balka Nature Reserve,tourism,Ecotourism,Tigrovaya Balka Nature Reserve
Tigrovaya Balka Nature Reserve,tourism,Hiking,Tigrovaya Balka Nature Reserve
Tigrovaya Balka Nature Reserve,tourism,Birdwatching,Tigrovaya Balka Nature Reserve
Tigrovaya Balka Nature Reserve,threats,Illegal poaching,Tigrovaya Balka Nature Reserve
Tigrovaya Balka Nature Reserve,threats,Land degradation,Tigrovaya Balka Nature Reserve
Tigrovaya Balka Nature Reserve,conservationEfforts,Anti-poaching patrols,Tigrovaya Balka Nature Reserve
Tigrovaya Balka Nature Reserve,conservationEfforts,Habitat restoration,Tigrovaya Balka Nature Reserve
Tigrovaya Balka Nature Reserve,conservationEfforts,Community involvement,Tigrovaya Balka Nature Reserve
Tigrovaya Balka Nature Reserve,research,Biodiversity research,Tigrovaya Balka Nature Reserve
Tigrovaya Balka Nature Reserve,research,Wildlife monitoring,Tigrovaya Balka Nature Reserve
Tigrovaya Balka Nature Reserve,research,Ecological studies,Tigrovaya Balka Nature Reserve
Tigrovaya Balka Nature Reserve,relatedPeople,Alexander Knyazev,Tigrovaya Balka Nature Reserve
Tigrovaya Balka Nature Reserve,relatedPeople,Boris Knyazev,Tigrovaya Balka Nature Reserve
Ali Abbasi,instanceOf,Director,Ali Abbasi (director)
Ali Abbasi,bornIn,Karachi,Ali Abbasi (director)
Ali Abbasi,nationality,Pakistani,Ali Abbasi (director)
Ali Abbasi,spouse,Nazanin Nazari,Ali Abbasi (director)
Ali Abbasi,directed,The Mountain,Ali Abbasi (director)
Ali Abbasi,directed,Borderlands,Ali Abbasi (director)
Ali Abbasi,directed,The Outfit,Ali Abbasi (director)
Ali Abbasi,directed,American Siege,Ali Abbasi (director)
Ali Abbasi,writer,The Mountain,Ali Abbasi (director)
Ali Abbasi,writer,Borderlands,Ali Abbasi (director)
Ali Abbasi,writer,The Outfit,Ali Abbasi (director)
Ali Abbasi,writer,American Siege,Ali Abbasi (director)
Ali Abbasi,bornOn,1978-08-18,Ali Abbasi (director)
Ali Abbasi,occupation,Film director,Ali Abbasi (director)
Ali Abbasi,occupation,Film screenwriter,Ali Abbasi (director)
Ali Abbasi,awardsReceived,Empire Award for Best International Film,Ali Abbasi (director)
Ali Abbasi,education,University of Karachi,Ali Abbasi (director)
Canton of Le Diois,instanceOf,Administrative division,Canton of Le Diois
Canton of Le Diois,locatedIn,Rhône-Alpes,Canton of Le Diois
Canton of Le Diois,partOf,Rhône-Alpes,Canton of Le Diois
Canton of Le Diois,population,"18,773",Canton of Le Diois
Canton of Le Diois,area,112.73 square kilometers,Canton of Le Diois
Canton of Le Diois,seat,Saint-Ginex,Canton of Le Diois
Canton of Le Diois,postalCode,38,Canton of Le Diois
Canton of Le Diois,codeINE,38187,Canton of Le Diois
Canton of Le Diois,established,1921,Canton of Le Diois
Canton of Le Diois,formerName,District of Le Diois,Canton of Le Diois
Saint-Ginex,locatedIn,Canton of Le Diois,Canton of Le Diois
Le Diois,geographicalRegion,Rhône-Alpes,Canton of Le Diois
Canton of Le Diois,neighboringCantons,Isère,Canton of Le Diois
Canton of Le Diois,neighboringCantons,Ardèche,Canton of Le Diois
Canton of Le Diois,neighboringCantons,Haute-Loire,Canton of Le Diois
Canton of Le Diois,neighboringCantons,Loire,Canton of Le Diois
Canton of Le Diois,climate,Continental,Canton of Le Diois
Canton of Le Diois,agriculture,Cereals,Canton of Le Diois
Canton of Le Diois,agriculture,Vegetables,Canton of Le Diois
Canton of Le Diois,tourism,Rural tourism,Canton of Le Diois
Canton of Le Diois,tourism,Hiking,Canton of Le Diois
Canton of Le Diois,tourism,Mountain biking,Canton of Le Diois
Canton of Le Diois,tourism,Cultural tourism,Canton of Le Diois
Canton of Le Diois,historicalEvents,French Revolution,Canton of Le Diois
Canton of Le Diois,historicalEvents,Napoleonic Wars,Canton of Le Diois
Canton of Le Diois,localFestivals,Fête de la Saint-Martin,Canton of Le Diois
Canton of Le Diois,localFestivals,Fête de l'Assomption,Canton of Le Diois
Canton of Le Diois,localFestivals,Marché de Saint-Ginex,Canton of Le Diois
Saint-Ginex,population,"3,323",Canton of Le Diois
Canton of Le Diois,officialLanguage,French,Canton of Le Diois
Canton of Le Diois,currency,Euro,Canton of Le Diois
Edafe Okporo,instanceOf,American football player,Edafe Okporo
Edafe Okporo,position,Defensive End,Edafe Okporo
Edafe Okporo,team,Dallas Cowboys,Edafe Okporo
Edafe Okporo,drafted,2013 NFL Draft,Edafe Okporo
Edafe Okporo,drafted,Round 2,Edafe Okporo
Edafe Okporo,drafted,51st overall,Edafe Okporo
Edafe Okporo,college,University of Texas at Austin,Edafe Okporo
Edafe Okporo,height,6 ft 4 in,Edafe Okporo
Edafe Okporo,weight,272 lb,Edafe Okporo
Edafe Okporo,born,1991-07-14,Edafe Okporo
Edafe Okporo,nationality,American,Edafe Okporo
Edafe Okporo,number_of_sacks,37,Edafe Okporo
Edafe Okporo,years_played,2013–2017,Edafe Okporo
Edafe Okporo,jersey_number,96,Edafe Okporo
Edafe Okporo,played_for,Dallas Cowboys,Edafe Okporo
Edafe Okporo,played_for,New York Giants,Edafe Okporo
Romain Glèlè Kakaï,instanceOf,Author,Romain Glèlè Kakaï
Romain Glèlè Kakaï,nationality,Beninese,Romain Glèlè Kakaï
Romain Glèlè Kakaï,birthPlace,Abomey,Romain Glèlè Kakaï
Romain Glèlè Kakaï,birthDate,1972-07-23,Romain Glèlè Kakaï
Romain Glèlè Kakaï,occupation,Novelist,Romain Glèlè Kakaï
Romain Glèlè Kakaï,literaryGenre,Postcolonial Literature,Romain Glèlè Kakaï
Romain Glèlè Kakaï,literaryGenre,African Literature,Romain Glèlè Kakaï
Romain Glèlè Kakaï,literaryGenre,Contemporary Literature,Romain Glèlè Kakaï
Romain Glèlè Kakaï,workTitle,L'arbre des passions,Romain Glèlè Kakaï
Romain Glèlè Kakaï,workTitle,Le dernier roi,Romain Glèlè Kakaï
Romain Glèlè Kakaï,workTitle,Le serpent et le lion,Romain Glèlè Kakaï
Romain Glèlè Kakaï,workTitle,Le chemin des ombres,Romain Glèlè Kakaï
Romain Glèlè Kakaï,workTitle,Le cœur de la terre,Romain Glèlè Kakaï
Romain Glèlè Kakaï,publisher,Actes Sud,Romain Glèlè Kakaï
Romain Glèlè Kakaï,awards,Prix du Choix du Reader,Romain Glèlè Kakaï
Romain Glèlè Kakaï,education,University of Rouen,Romain Glèlè Kakaï
Romain Glèlè Kakaï,residence,France,Romain Glèlè Kakaï
Romain Glèlè Kakaï,academicAffiliation,Université de Rouen Normandie,Romain Glèlè Kakaï
Allegory of Happiness,instanceOf,Allegory,Allegory of Happiness
Allegory of Happiness,creator,Nicolas Fuchs,Allegory of Happiness
Allegory of Happiness,dateCreated,1517,Allegory of Happiness
Allegory of Happiness,medium,Woodcut,Allegory of Happiness
Allegory of Happiness,location,Staatsbibliothek zu Berlin,Allegory of Happiness
Allegory of Happiness,depicts,Happiness,Allegory of Happiness
Allegory of Happiness,depicts,Virtue,Allegory of Happiness
Allegory of Happiness,depicts,Humanity,Allegory of Happiness
Allegory of Happiness,depicts,The World,Allegory of Happiness
Allegory of Happiness,style,Renaissance art,Allegory of Happiness
Allegory of Happiness,partOf,The Four Cardinal Virtues,Allegory of Happiness
Allegory of Happiness,relatedTo,Pride,Allegory of Happiness
Allegory of Happiness,relatedTo,Fortitude,Allegory of Happiness
Allegory of Happiness,relatedTo,Temperance,Allegory of Happiness
Allegory of Happiness,relatedTo,Prudence,Allegory of Happiness
Allegory of Happiness,symbolizes,Inner peace,Allegory of Happiness
Allegory of Happiness,symbolizes,Contentment,Allegory of Happiness
Allegory of Happiness,symbolizes,Well-being,Allegory of Happiness
Allegory of Happiness,symbolizes,Joy,Allegory of Happiness
Allegory of Happiness,influenced,Later allegorical works,Allegory of Happiness
Allegory of Happiness,influenced,Moral treatises,Allegory of Happiness
Allegory of Happiness,influenced,Humanist thought,Allegory of Happiness
Allegory of Happiness,technique,Woodcut printing,Allegory of Happiness
Allegory of Happiness,color,Black and white,Allegory of Happiness
Allegory of Happiness,size,Approximately 15.5 cm x 20.5 cm,Allegory of Happiness
Allegory of Happiness,subjectMatter,Human experience,Allegory of Happiness
Allegory of Happiness,subjectMatter,Moral philosophy,Allegory of Happiness
Allegory of Happiness,subjectMatter,The pursuit of virtue,Allegory of Happiness
Athletics at the 2024 Summer Paralympics – Women's marathon T12,instanceOf,Para sport,Athletics at the 2024 Summer Paralympics – Women's marathon T12
Athletics at the 2024 Summer Paralympics – Women's marathon T12,partOf,2024 Summer Paralympics,Athletics at the 2024 Summer Paralympics – Women's marathon T12
Athletics at the 2024 Summer Paralympics – Women's marathon T12,partOf,Athletics,Athletics at the 2024 Summer Paralympics – Women's marathon T12
Athletics at the 2024 Summer Paralympics – Women's marathon T12,hasCategory,Women's,Athletics at the 2024 Summer Paralympics – Women's marathon T12
Athletics at the 2024 Summer Paralympics – Women's marathon T12,hasCategory,marathon,Athletics at the 2024 Summer Paralympics – Women's marathon T12
Athletics at the 2024 Summer Paralympics – Women's marathon T12,hasCategory,T12,Athletics at the 2024 Summer Paralympics – Women's marathon T12
T12,represents,Wheelchair athletes with leg impairments,Athletics at the 2024 Summer Paralympics – Women's marathon T12
Wheelchair athletes with leg impairments,participateIn,Athletics at the 2024 Summer Paralympics – Women's marathon T12,Athletics at the 2024 Summer Paralympics – Women's marathon T12
Athletics at the 2024 Summer Paralympics – Women's marathon T12,heldIn,Paris,Athletics at the 2024 Summer Paralympics – Women's marathon T12
Paris,isCapitalOf,France,Athletics at the 2024 Summer Paralympics – Women's marathon T12
France,isLocatedIn,Europe,Athletics at the 2024 Summer Paralympics – Women's marathon T12
2024 Summer Paralympics,isA,Paralympics,Athletics at the 2024 Summer Paralympics – Women's marathon T12
Paralympics,isAn,International sporting event,Athletics at the 2024 Summer Paralympics – Women's marathon T12
Athletics,isA,Sport,Athletics at the 2024 Summer Paralympics – Women's marathon T12
marathon,isA,Race,Athletics at the 2024 Summer Paralympics – Women's marathon T12
T12,isAClassification,Para athletics,Athletics at the 2024 Summer Paralympics – Women's marathon T12
Para athletics,isA,Sporting discipline,Athletics at the 2024 Summer Paralympics – Women's marathon T12
Women's marathon T12,isA,Event,Athletics at the 2024 Summer Paralympics – Women's marathon T12
Event,hasParticipants,Athletes,Athletics at the 2024 Summer Paralympics – Women's marathon T12
Athletes,areCompetitors,Athletics at the 2024 Summer Paralympics – Women's marathon T12,Athletics at the 2024 Summer Paralympics – Women's marathon T12
Paris,hasPopulation,Approximately 2.1 million,Athletics at the 2024 Summer Paralympics – Women's marathon T12
France,hasPopulation,Approximately 67.8 million,Athletics at the 2024 Summer Paralympics – Women's marathon T12
Europe,hasArea,"Approximately 10,180,000 square kilometers",Athletics at the 2024 Summer Paralympics – Women's marathon T12
Paris,isKnownFor,Eiffel Tower,Athletics at the 2024 Summer Paralympics – Women's marathon T12
Eiffel Tower,isA,Landmark,Athletics at the 2024 Summer Paralympics – Women's marathon T12
France,isKnownFor,French cuisine,Athletics at the 2024 Summer Paralympics – Women's marathon T12
France,isKnownFor,Art and Culture,Athletics at the 2024 Summer Paralympics – Women's marathon T12
Paris,isKnownFor,Museums,Athletics at the 2024 Summer Paralympics – Women's marathon T12
Athletics at the 2024 Summer Paralympics – Women's marathon T12,hasRules,IPC Rules,Athletics at the 2024 Summer Paralympics – Women's marathon T12
IPC Rules,areGovernedBy,International Paralympic Committee,Athletics at the 2024 Summer Paralympics – Women's marathon T12
International Paralympic Committee,isAn,Organization,Athletics at the 2024 Summer Paralympics – Women's marathon T12
Organization,hasHeadquarters,Prague,Athletics at the 2024 Summer Paralympics – Women's marathon T12
Prague,isLocatedIn,Czech Republic,Athletics at the 2024 Summer Paralympics – Women's marathon T12
Czech Republic,isLocatedIn,Europe,Athletics at the 2024 Summer Paralympics – Women's marathon T12
Paris,hasClimate,Temperate,Athletics at the 2024 Summer Paralympics – Women's marathon T12
Temperate,isA,Climate type,Athletics at the 2024 Summer Paralympics – Women's marathon T12
Athletics at the 2024 Summer Paralympics – Women's marathon T12,hasDistance,42.2 kilometers,Athletics at the 2024 Summer Paralympics – Women's marathon T12
42.2 kilometers,isA,Distance,Athletics at the 2024 Summer Paralympics – Women's marathon T12
Distance,isMeasuredIn,Kilometers,Athletics at the 2024 Summer Paralympics – Women's marathon T12
Paris,hasPostalCode,75000,Athletics at the 2024 Summer Paralympics – Women's marathon T12
75000,isA,Postal code,Athletics at the 2024 Summer Paralympics – Women's marathon T12
Paris,hasTimezone,CET,Athletics at the 2024 Summer Paralympics – Women's marathon T12
CET,isA,Timezone,Athletics at the 2024 Summer Paralympics – Women's marathon T12
Trouble No More (Darden Smith album),instanceOf,album,Trouble No More (Darden Smith album)
Trouble No More (Darden Smith album),releasedBy,Darden Smith,Trouble No More (Darden Smith album)
Trouble No More (Darden Smith album),genre,bluegrass,Trouble No More (Darden Smith album)
Trouble No More (Darden Smith album),recordedIn,"Nashville, Tennessee",Trouble No More (Darden Smith album)
Trouble No More (Darden Smith album),features,instrumental tracks,Trouble No More (Darden Smith album)
Trouble No More (Darden Smith album),features,acoustic guitar,Trouble No More (Darden Smith album)
Trouble No More (Darden Smith album),features,banjo,Trouble No More (Darden Smith album)
Trouble No More (Darden Smith album),features,mandolin,Trouble No More (Darden Smith album)
Trouble No More (Darden Smith album),features,fiddle,Trouble No More (Darden Smith album)
Trouble No More (Darden Smith album),releaseDate,2007-01-03,Trouble No More (Darden Smith album)
Darden Smith,genre,singer-songwriter,Trouble No More (Darden Smith album)
Darden Smith,knownFor,writing songs,Trouble No More (Darden Smith album)
Darden Smith,associatedWith,The Brown Dogs,Trouble No More (Darden Smith album)
Trouble No More (Darden Smith album),label,Self-released,Trouble No More (Darden Smith album)
Trouble No More (Darden Smith album),format,CD,Trouble No More (Darden Smith album)
Trouble No More (Darden Smith album),duration,approx. 60 minutes,Trouble No More (Darden Smith album)
Trouble No More (Darden Smith album),influencedBy,traditional bluegrass music,Trouble No More (Darden Smith album)
Trouble No More (Darden Smith album),relatedTo,Darden Smith's other albums,Trouble No More (Darden Smith album)
Trouble No More (Darden Smith album),hasTrack,The River,Trouble No More (Darden Smith album)
Trouble No More (Darden Smith album),hasTrack,Carolina,Trouble No More (Darden Smith album)
Trouble No More (Darden Smith album),hasTrack,Mountain Air,Trouble No More (Darden Smith album)
Trouble No More (Darden Smith album),hasTrack,Old Time,Trouble No More (Darden Smith album)
Trouble No More (Darden Smith album),hasTrack,Dusty Roads,Trouble No More (Darden Smith album)
Trouble No More (Darden Smith album),hasTrack,Blackbird,Trouble No More (Darden Smith album)
Uigshader,instanceOf,Place,Uigshader
Uigshader,locatedIn,Sistan and Baluchestan Province,Uigshader
Uigshader,partOf,Iran,Uigshader
Uigshader,hasPopulation,approximately 10000,Uigshader
Uigshader,isA,Village,Uigshader
Uigshader,hasElevation,approximately 180 meters,Uigshader
Uigshader,postalCode,73373,Uigshader
Uigshader,coordinates,30°13′23″N 61°37′58″E,Uigshader
Uigshader,isLocatedNear,Zabol,Uigshader
Uigshader,hasArea,approximately 2.2 square kilometers,Uigshader
Easy (2017 film),instanceOf,film,Easy (2017 film)
Easy (2017 film),directedBy,Steve McQueen,Easy (2017 film)
Easy (2017 film),starring,Michael Shannon,Easy (2017 film)
Easy (2017 film),starring,Jamie Foxx,Easy (2017 film)
Easy (2017 film),starring,Sweet Brown,Easy (2017 film)
Easy (2017 film),genre,crime drama,Easy (2017 film)
Easy (2017 film),releaseDate,2017-08-04,Easy (2017 film)
Easy (2017 film),plot,A truck driver picks up a mysterious hitchhiker.,Easy (2017 film)
Easy (2017 film),runtime,96 minutes,Easy (2017 film)
Easy (2017 film),budget,$12 million,Easy (2017 film)
Easy (2017 film),boxOffice,$17.4 million,Easy (2017 film)
Easy (2017 film),productionCompany,Mac Gipson Productions,Easy (2017 film)
Easy (2017 film),distributedBy,Magnolia Pictures,Easy (2017 film)
Easy (2017 film),writer,Joe Churchwell,Easy (2017 film)
Easy (2017 film),location,Texas,Easy (2017 film)
Easy (2017 film),vehicle,truck,Easy (2017 film)
Easy (2017 film),character,Walker,Easy (2017 film)
Easy (2017 film),character,Hitchhiker,Easy (2017 film)
Easy (2017 film),theme,redemption,Easy (2017 film)
Easy (2017 film),tone,gritty,Easy (2017 film)
Easy (2017 film),setting,rural America,Easy (2017 film)
Easy (2017 film),awards,none,Easy (2017 film)
Easy (2017 film),criticRating,68% on Rotten Tomatoes,Easy (2017 film)
Easy (2017 film),audienceRating,77% on Rotten Tomatoes,Easy (2017 film)
Easy (2017 film),imdbRating,6.8,Easy (2017 film)
Easy (2017 film),sequel,None,Easy (2017 film)
Easy (2017 film),prequel,None,Easy (2017 film)
Easy (2017 film),relatedTo,Collateral,Easy (2017 film)
Easy (2017 film),relatedTo,Heat,Easy (2017 film)
Moisis Michail Bourlas,instanceOf,Person,Moisis Michail Bourlas
Moisis Michail Bourlas,bornIn,Katerini,Moisis Michail Bourlas
Moisis Michail Bourlas,occupation,Doctor,Moisis Michail Bourlas
Moisis Michail Bourlas,specialty,Cardiology,Moisis Michail Bourlas
Moisis Michail Bourlas,affiliatedWith,University of Thessaly,Moisis Michail Bourlas
Moisis Michail Bourlas,memberOf,Greek Society of Cardiology,Moisis Michail Bourlas
Moisis Michail Bourlas,researchArea,Heart Failure,Moisis Michail Bourlas
Moisis Michail Bourlas,publications,Numerous scientific articles,Moisis Michail Bourlas
Moisis Michail Bourlas,awards,Several awards for his contributions to cardiology,Moisis Michail Bourlas
Moisis Michail Bourlas,education,"Medical School, University of Thessaly",Moisis Michail Bourlas
Moisis Michail Bourlas,residence,"Thessaly, Greece",Moisis Michail Bourlas
Moisis Michail Bourlas,professionalTitle,Professor,Moisis Michail Bourlas
Moisis Michail Bourlas,memberOf,European Society of Cardiology,Moisis Michail Bourlas
Moisis Michail Bourlas,researchArea,Cardiac Imaging,Moisis Michail Bourlas
Moisis Michail Bourlas,memberOf,Greek Association of Medical Physicists,Moisis Michail Bourlas
Xibenolol,instanceOf,beta-blocker,Xibenolol
Xibenolol,chemicalFormula,C18H23NO3,Xibenolol
Xibenolol,molecularWeight,293.38 g/mol,Xibenolol
Xibenolol,therapeuticClass,antihypertensive,Xibenolol
Xibenolol,mechanismOfAction,blocks beta-adrenergic receptors,Xibenolol
Xibenolol,sideEffects,dizziness,Xibenolol
Xibenolol,sideEffects,fatigue,Xibenolol
Xibenolol,sideEffects,bradycardia,Xibenolol
Xibenolol,sideEffects,hypotension,Xibenolol
Xibenolol,contraindications,severe bradycardia,Xibenolol
Xibenolol,contraindications,heart block,Xibenolol
Xibenolol,brandName,Zebin,Xibenolol
Xibenolol,manufacturer,Sanofi-Aventis,Xibenolol
Xibenolol,pharmacokinetics,rapidly absorbed,Xibenolol
Xibenolol,pharmacokinetics,metabolized in liver,Xibenolol
Xibenolol,pharmacokinetics,eliminated by urine,Xibenolol
Xibenolol,clinicalUse,hypertension,Xibenolol
Xibenolol,clinicalUse,angina pectoris,Xibenolol
Xibenolol,relatedDrug,Metoprolol,Xibenolol
Xibenolol,relatedDrug,Atenolol,Xibenolol
Xibenolol,chemicalClass,aryloxypropanolamine,Xibenolol
Xibenolol,synonym,Xibinol,Xibenolol
Xibenolol,drugBankID,DB00955,Xibenolol
Xibenolol,PubChem CID,85686,Xibenolol
Flute Concerto No. 1 (Jolivet),instanceOf,Musical Work,Flute Concerto No. 1 (Jolivet)
Flute Concerto No. 1 (Jolivet),composer,Maurice Jolivet,Flute Concerto No. 1 (Jolivet)
Flute Concerto No. 1 (Jolivet),instrument,Flute,Flute Concerto No. 1 (Jolivet)
Flute Concerto No. 1 (Jolivet),movementCount,3,Flute Concerto No. 1 (Jolivet)
Flute Concerto No. 1 (Jolivet),duration,Approximately 15 minutes,Flute Concerto No. 1 (Jolivet)
Flute Concerto No. 1 (Jolivet),genre,Classical Music,Flute Concerto No. 1 (Jolivet)
Flute Concerto No. 1 (Jolivet),publicationYear,1967,Flute Concerto No. 1 (Jolivet)
Flute Concerto No. 1 (Jolivet),orchestration,"Flute, String Orchestra, Harp",Flute Concerto No. 1 (Jolivet)
Flute Concerto No. 1 (Jolivet),firstPerformance,1967,Flute Concerto No. 1 (Jolivet)
Flute Concerto No. 1 (Jolivet),recordings,Numerous recordings exist,Flute Concerto No. 1 (Jolivet)
Maurice Jolivet,nationality,French,Flute Concerto No. 1 (Jolivet)
Maurice Jolivet,birthDate,1921-07-14,Flute Concerto No. 1 (Jolivet)
Maurice Jolivet,deathDate,2007-03-19,Flute Concerto No. 1 (Jolivet)
Maurice Jolivet,occupation,Composer,Flute Concerto No. 1 (Jolivet)
Flute,type,Woodwind Instrument,Flute Concerto No. 1 (Jolivet)
String Orchestra,instrumentation,Strings,Flute Concerto No. 1 (Jolivet)
Harp,instrumentType,String Instrument,Flute Concerto No. 1 (Jolivet)
Musical Work,hasPart,Movement,Flute Concerto No. 1 (Jolivet)
Movement,hasPart,Section,Flute Concerto No. 1 (Jolivet)
Section,hasPart,Measure,Flute Concerto No. 1 (Jolivet)
Flute Concerto No. 1 (Jolivet),relatedTo,Jolivet's other works,Flute Concerto No. 1 (Jolivet)
Flute Concerto No. 1 (Jolivet),influencedBy,Baroque flute concertos,Flute Concerto No. 1 (Jolivet)
Flute Concerto No. 1 (Jolivet),performedBy,Many prominent flutists,Flute Concerto No. 1 (Jolivet)
Flute Concerto No. 1 (Jolivet),recordedBy,Various orchestras and soloists,Flute Concerto No. 1 (Jolivet)
Maurice Jolivet,influencedBy,Debussy,Flute Concerto No. 1 (Jolivet)
Maurice Jolivet,influenced,Messiaen,Flute Concerto No. 1 (Jolivet)
Flute Concerto No. 1 (Jolivet),form,Concerto,Flute Concerto No. 1 (Jolivet)
Flute Concerto No. 1 (Jolivet),style,Modern Classical,Flute Concerto No. 1 (Jolivet)
Flute Concerto No. 1 (Jolivet),dedicatedTo,None known,Flute Concerto No. 1 (Jolivet)
Flute Concerto No. 1 (Jolivet),copyrightHolder,Maurice Jolivet,Flute Concerto No. 1 (Jolivet)
Flute Concerto No. 1 (Jolivet),scoreAvailable,Yes,Flute Concerto No. 1 (Jolivet)
Flute Concerto No. 1 (Jolivet),availableOnline,Yes,Flute Concerto No. 1 (Jolivet)
Maurice Jolivet,livedIn,Paris,Flute Concerto No. 1 (Jolivet)
Maurice Jolivet,studiedAt,Conservatoire de Paris,Flute Concerto No. 1 (Jolivet)
Flute Concerto No. 1 (Jolivet),opusNumber,1,Flute Concerto No. 1 (Jolivet)
Flute Concerto No. 1 (Jolivet),movement1Title,Allegro,Flute Concerto No. 1 (Jolivet)
Flute Concerto No. 1 (Jolivet),movement2Title,Adagio,Flute Concerto No. 1 (Jolivet)
Flute Concerto No. 1 (Jolivet),movement3Title,Allegro giocoso,Flute Concerto No. 1 (Jolivet)
2024 United States Senate election in Florida,instanceOf,United States Senate election,2024 United States Senate election in Florida
2024 United States Senate election in Florida,location,Florida,2024 United States Senate election in Florida
2024 United States Senate election in Florida,candidate,Rick Scott,2024 United States Senate election in Florida
2024 United States Senate election in Florida,candidate,David Jolly,2024 United States Senate election in Florida
2024 United States Senate election in Florida,candidate,Carlos Campo,2024 United States Senate election in Florida
2024 United States Senate election in Florida,candidate,Lauren Book,2024 United States Senate election in Florida
2024 United States Senate election in Florida,electionDate,"November 8, 2024",2024 United States Senate election in Florida
2024 United States Senate election in Florida,state,Florida,2024 United States Senate election in Florida
2024 United States Senate election in Florida,district,Florida,2024 United States Senate election in Florida
2024 United States Senate election in Florida,governingParty,Republican,2024 United States Senate election in Florida
2024 United States Senate election in Florida,opposingParty,Democrat,2024 United States Senate election in Florida
2024 United States Senate election in Florida,federalLevel,United States Senate,2024 United States Senate election in Florida
2024 United States Senate election in Florida,politicalContext,2024 United States elections,2024 United States Senate election in Florida
Rick Scott,party,Republican,2024 United States Senate election in Florida
David Jolly,party,Republican,2024 United States Senate election in Florida
Carlos Campo,party,Democrat,2024 United States Senate election in Florida
Lauren Book,party,Democrat,2024 United States Senate election in Florida
Florida,population,22.9M (2023),2024 United States Senate election in Florida
Florida,timeZone,Eastern Time,2024 United States Senate election in Florida
United States Senate election,purpose,Electing a Senator,2024 United States Senate election in Florida
2024 United States Senate election in Florida,votingType,Primaries and General Election,2024 United States Senate election in Florida
Backstage (1927 film),instanceOf,film,Backstage (1927 film)
Backstage (1927 film),instanceOf,silent film,Backstage (1927 film)
Backstage (1927 film),directedBy,Frank Tuttle,Backstage (1927 film)
Backstage (1927 film),starring,John Gilbert,Backstage (1927 film)
Backstage (1927 film),starring,Conrad Nagel,Backstage (1927 film)
Backstage (1927 film),starring,Lillian Gish,Backstage (1927 film)
Backstage (1927 film),starring,Warner Baxter,Backstage (1927 film)
Backstage (1927 film),genre,drama,Backstage (1927 film)
Backstage (1927 film),genre,romance,Backstage (1927 film)
Backstage (1927 film),releasedOn,1927-11-08,Backstage (1927 film)
Backstage (1927 film),productionCompany,Goldwyn Pictures,Backstage (1927 film)
Backstage (1927 film),writer,Frank Tuttle,Backstage (1927 film)
Backstage (1927 film),runningTime,65 minutes,Backstage (1927 film)
Backstage (1927 film),country,United States,Backstage (1927 film)
Backstage (1927 film),budget,"$300,000",Backstage (1927 film)
Backstage (1927 film),grossRevenue,"$1,200,000",Backstage (1927 film)
Backstage (1927 film),plot,A young man dreams of becoming a stage actor.,Backstage (1927 film)
Backstage (1927 film),themes,ambition,Backstage (1927 film)
Backstage (1927 film),themes,love,Backstage (1927 film)
Backstage (1927 film),themes,disappointment,Backstage (1927 film)
Backstage (1927 film),cinematographer,Charles Baumann,Backstage (1927 film)
Backstage (1927 film),editor,William H. Ziegler,Backstage (1927 film)
Backstage (1927 film),musicBy,Charles Gerle,Backstage (1927 film)
Backstage (1927 film),awards,Academy Award for Best Writing,Backstage (1927 film)
Backstage (1927 film),awards,BAFTA Award for Best Screenplay,Backstage (1927 film)
Backstage (1927 film),relatedTo,The Way Ahead (1926 film),Backstage (1927 film)
Backstage (1927 film),relatedTo,The Love Parade (1929 film),Backstage (1927 film)
Backstage (1927 film),influenced,Many stage dramas,Backstage (1927 film)
Backstage (1927 film),influenced,Film noir,Backstage (1927 film)
Backstage (1927 film),posterArtist,William Schoenberg,Backstage (1927 film)
Backstage (1927 film),filmFormat,Silent,Backstage (1927 film)
Backstage (1927 film),filmFormat,Black and white,Backstage (1927 film)
Backstage (1927 film),location,New York City,Backstage (1927 film)
Backstage (1927 film),location,Hollywood,Backstage (1927 film)
Backstage (1927 film),productionLocation,Hollywood,Backstage (1927 film)
Backstage (1927 film),distributionCompany,Goldwyn Pictures,Backstage (1927 film)
Backstage (1927 film),copyright,1927,Backstage (1927 film)
Backstage (1927 film),originalTitle,Backstage,Backstage (1927 film)
Backstage (1927 film),imdbID,tt0018464,Backstage (1927 film)
Backstage (1927 film),wikipediaURL,https://en.wikipedia.org/wiki/Backstage_(1927_film),Backstage (1927 film)
German submarine U-106 (1940),instanceOf,U-boat,German submarine U-106 (1940)
German submarine U-106 (1940),commissioned,1940,German submarine U-106 (1940)
German submarine U-106 (1940),builtBy,Deutsche Schiff- und Werft AG,German submarine U-106 (1940)
German submarine U-106 (1940),servedIn,North Atlantic,German submarine U-106 (1940)
German submarine U-106 (1940),sunk,1942-05-29,German submarine U-106 (1940)
German submarine U-106 (1940),sunkBy,HMS Prince of Wales,German submarine U-106 (1940)
German submarine U-106 (1940),crewSize,46,German submarine U-106 (1940)
German submarine U-106 (1940),type,Type VII,German submarine U-106 (1940)
German submarine U-106 (1940),displacement,202 t,German submarine U-106 (1940)
German submarine U-106 (1940),armament,53.3 cm torpedo tubes,German submarine U-106 (1940)
German submarine U-106 (1940),commandedBy,Kapitänleutnant Erich Bauer,German submarine U-106 (1940)
German submarine U-106 (1940),homeport,Bergen,German submarine U-106 (1940)
German submarine U-106 (1940),operationalDates,1940-04-23 – 1942-05-29,German submarine U-106 (1940)
German submarine U-106 (1940),locationSunk,62°18′N 24°36′W,German submarine U-106 (1940)
German submarine U-106 (1940),vesselType,Submarine,German submarine U-106 (1940)
German submarine U-106 (1940),manufacturer,Deutsche Schiff- und Werft AG,German submarine U-106 (1940)
German submarine U-106 (1940),class,Type VII,German submarine U-106 (1940)
German submarine U-106 (1940),length,60.6 m,German submarine U-106 (1940)
German submarine U-106 (1940),width,6.6 m,German submarine U-106 (1940)
German submarine U-106 (1940),depth,8.2 m,German submarine U-106 (1940)
German submarine U-106 (1940),speed,18 knots,German submarine U-106 (1940)
German submarine U-106 (1940),armamentType,Torpedoes,German submarine U-106 (1940)
German submarine U-106 (1940),armamentQuantity,2,German submarine U-106 (1940)
German submarine U-106 (1940),operationalArea,North Atlantic,German submarine U-106 (1940)
German submarine U-106 (1940),captain,Erich Bauer,German submarine U-106 (1940)
German submarine U-106 (1940),destroyed,HMS Prince of Wales and HMS Wellington,German submarine U-106 (1940)
Edward Raquello,instanceOf,Person,Edward Raquello
Edward Raquello,bornIn,New York City,Edward Raquello
Edward Raquello,occupation,Actor,Edward Raquello
Edward Raquello,film,The Last Movie,Edward Raquello
Edward Raquello,film,The Second Movie,Edward Raquello
Edward Raquello,film,The Third Movie,Edward Raquello
Edward Raquello,film,The Fourth Movie,Edward Raquello
Edward Raquello,film,The Fifth Movie,Edward Raquello
Edward Raquello,film,The Sixth Movie,Edward Raquello
Edward Raquello,film,The Seventh Movie,Edward Raquello
Edward Raquello,film,The Eighth Movie,Edward Raquello
Edward Raquello,film,The Ninth Movie,Edward Raquello
Edward Raquello,film,The Tenth Movie,Edward Raquello
Edward Raquello,film,The Eleventh Movie,Edward Raquello
Edward Raquello,film,The Twelfth Movie,Edward Raquello
Edward Raquello,film,The Thirteenth Movie,Edward Raquello
Edward Raquello,film,The Fourteenth Movie,Edward Raquello
Edward Raquello,film,The Fifteenth Movie,Edward Raquello
Edward Raquello,film,The Sixteenth Movie,Edward Raquello
Edward Raquello,film,The Seventeenth Movie,Edward Raquello
Edward Raquello,film,The Eighteenth Movie,Edward Raquello
Edward Raquello,film,The Nineteenth Movie,Edward Raquello
Edward Raquello,film,The Twentieth Movie,Edward Raquello
British Rail Class 505,instanceOf,Electric Multiple Unit,British Rail Class 505
British Rail Class 505,manufacturer,ASHTON CARLSLE,British Rail Class 505
British Rail Class 505,operator,British Rail,British Rail Class 505
British Rail Class 505,service_date_start,1968,British Rail Class 505
British Rail Class 505,service_date_end,1993,British Rail Class 505
British Rail Class 505,gauge,Broad Gauge,British Rail Class 505
British Rail Class 505,voltage,25 kV DC,British Rail Class 505
British Rail Class 505,max_speed,108 mph,British Rail Class 505
British Rail Class 505,max_power,3.3 MW,British Rail Class 505
British Rail Class 505,length,116 ft 11 in,British Rail Class 505
British Rail Class 505,weight,65 tons,British Rail Class 505
British Rail Class 505,number_of_cars,5,British Rail Class 505
British Rail Class 505,routes_operated,London Underground,British Rail Class 505
British Rail Class 505,routes_operated,Hastings–St Leonards line,British Rail Class 505
British Rail Class 505,routes_operated,Brighton Main Line,British Rail Class 505
British Rail Class 505,routes_operated,South Eastern Main Line,British Rail Class 505
British Rail Class 505,routes_operated,Canterbury Line,British Rail Class 505
British Rail Class 505,depot_based,London Underground depots,British Rail Class 505
British Rail Class 505,retirement_date,1993,British Rail Class 505
British Rail Class 505,status,Retired,British Rail Class 505
British Rail Class 505,designation,EMU,British Rail Class 505
British Rail Class 505,type,Electric Multiple Unit,British Rail Class 505
British Rail Class 505,construction_start,1965,British Rail Class 505
British Rail Class 505,construction_end,1967,British Rail Class 505
British Rail Class 505,number_built,103,British Rail Class 505
British Rail Class 505,power_supply,25 kV DC,British Rail Class 505
British Rail Class 505,traction_motors,6,British Rail Class 505
British Rail Class 505,brake_system,Regenerative Brake System,British Rail Class 505
British Rail Class 505,lighting,Incandescent,British Rail Class 505
British Rail Class 505,passenger_capacity,168,British Rail Class 505
British Rail Class 505,wheel_diameter,4 ft 11+1⁄2 in,British Rail Class 505
British Rail Class 505,headcode,MU,British Rail Class 505
"Ann, Lady Fanshawe",instanceOf,woman,"Ann, Lady Fanshawe"
"Ann, Lady Fanshawe",instanceOf,Englishwoman,"Ann, Lady Fanshawe"
"Ann, Lady Fanshawe",birthDate,1609-03-16,"Ann, Lady Fanshawe"
"Ann, Lady Fanshawe",birthPlace,"Fanshawe Hall, Gloucestershire","Ann, Lady Fanshawe"
"Ann, Lady Fanshawe",deathDate,1667-07-25,"Ann, Lady Fanshawe"
"Ann, Lady Fanshawe",deathPlace,"Fanshawe Hall, Gloucestershire","Ann, Lady Fanshawe"
"Ann, Lady Fanshawe",father,Sir William Fanshawe,"Ann, Lady Fanshawe"
"Ann, Lady Fanshawe",mother,Anne Trevor,"Ann, Lady Fanshawe"
"Ann, Lady Fanshawe",husband,"Charles Hamilton, 1st Earl of Anglesey","Ann, Lady Fanshawe"
"Ann, Lady Fanshawe",children,"Charles Hamilton, 2nd Earl of Anglesey","Ann, Lady Fanshawe"
"Ann, Lady Fanshawe",children,"Anne Hamilton, Lady Sackville","Ann, Lady Fanshawe"
"Ann, Lady Fanshawe",children,"William Hamilton, 1st Viscount Syon","Ann, Lady Fanshawe"
"Ann, Lady Fanshawe",children,Thomas Hamilton,"Ann, Lady Fanshawe"
"Ann, Lady Fanshawe",literaryWorks,The Mistress of Petitpont,"Ann, Lady Fanshawe"
"Ann, Lady Fanshawe",occupation,writer,"Ann, Lady Fanshawe"
"Ann, Lady Fanshawe",residedIn,London,"Ann, Lady Fanshawe"
"Ann, Lady Fanshawe",socialStatus,Noblewoman,"Ann, Lady Fanshawe"
"Ann, Lady Fanshawe",patronOf,John Webster,"Ann, Lady Fanshawe"
"Ann, Lady Fanshawe",patronOf,Thomas Shadwell,"Ann, Lady Fanshawe"
"Ann, Lady Fanshawe",patronOf,Henry Purcell,"Ann, Lady Fanshawe"
"Ann, Lady Fanshawe",patronOf,Samuel Rowley,"Ann, Lady Fanshawe"
"Ann, Lady Fanshawe",patronOf,Aphra Behn,"Ann, Lady Fanshawe"
"Ann, Lady Fanshawe",patronOf,Nathan Field,"Ann, Lady Fanshawe"
"Ann, Lady Fanshawe",patronOf,Richard Brome,"Ann, Lady Fanshawe"
"Ann, Lady Fanshawe",patronOf,Peter Eynon,"Ann, Lady Fanshawe"
"Ann, Lady Fanshawe",patronOf,John Dryden,"Ann, Lady Fanshawe"
2011 European Wrestling Championships,instanceOf,Wrestling Championship,2011 European Wrestling Championships
2011 European Wrestling Championships,startDate,2011-03-24,2011 European Wrestling Championships
2011 European Wrestling Championships,endDate,2011-03-28,2011 European Wrestling Championships
2011 European Wrestling Championships,location,Riga,2011 European Wrestling Championships
2011 European Wrestling Championships,organizer,Federation of International Wrestling,2011 European Wrestling Championships
2011 European Wrestling Championships,sport,Wrestling,2011 European Wrestling Championships
2011 European Wrestling Championships,discipline,Greco-Roman Wrestling,2011 European Wrestling Championships
2011 European Wrestling Championships,maleEvents,Greco-Roman Wrestling,2011 European Wrestling Championships
2011 European Wrestling Championships,femaleEvents,Freestyle Wrestling,2011 European Wrestling Championships
2011 European Wrestling Championships,medalCount,28,2011 European Wrestling Championships
2011 European Wrestling Championships,participatingNations,32,2011 European Wrestling Championships
2011 European Wrestling Championships,hostCountry,Latvia,2011 European Wrestling Championships
2011 European Wrestling Championships,venue,Rink Tennis Hall,2011 European Wrestling Championships
2011 European Wrestling Championships,numberOfCompetitors,500,2011 European Wrestling Championships
2011 European Wrestling Championships,officialWebsite,http://www.europeanwrestling2011.lv/,2011 European Wrestling Championships
2011 European Wrestling Championships,goldMedalWinners,Various Wrestlers,2011 European Wrestling Championships
2011 European Wrestling Championships,silverMedalWinners,Various Wrestlers,2011 European Wrestling Championships
2011 European Wrestling Championships,bronzeMedalWinners,Various Wrestlers,2011 European Wrestling Championships
2011 European Wrestling Championships,maleGoldMedalWinners,Various Wrestlers,2011 European Wrestling Championships
2011 European Wrestling Championships,femaleGoldMedalWinners,Various Wrestlers,2011 European Wrestling Championships
2011 European Wrestling Championships,maleSilverMedalWinners,Various Wrestlers,2011 European Wrestling Championships
2011 European Wrestling Championships,femaleSilverMedalWinners,Various Wrestlers,2011 European Wrestling Championships
2011 European Wrestling Championships,maleBronzeMedalWinners,Various Wrestlers,2011 European Wrestling Championships
2011 European Wrestling Championships,femaleBronzeMedalWinners,Various Wrestlers,2011 European Wrestling Championships
2011 European Wrestling Championships,teamEvents,Various,2011 European Wrestling Championships
2011 European Wrestling Championships,individualEvents,Various,2011 European Wrestling Championships
2011 European Wrestling Championships,weightClasses,Various,2011 European Wrestling Championships
2011 European Wrestling Championships,rules,FIL Rules,2011 European Wrestling Championships
2011 European Wrestling Championships,referee,Various,2011 European Wrestling Championships
2011 European Wrestling Championships,judge,Various,2011 European Wrestling Championships
2011 European Wrestling Championships,officialLogo,http://www.europeanwrestling2011.lv/images/logo.png,2011 European Wrestling Championships
2011 European Wrestling Championships,sponsor,Various,2011 European Wrestling Championships
2011 European Wrestling Championships,televisionBroadcaster,Various,2011 European Wrestling Championships
2011 European Wrestling Championships,socialMedia,Various,2011 European Wrestling Championships
2011 European Wrestling Championships,legacy,Increased Popularity of Wrestling,2011 European Wrestling Championships
2011 European Wrestling Championships,impact,Development of Young Wrestlers,2011 European Wrestling Championships
2011 European Wrestling Championships,predecessor,2009 European Wrestling Championships,2011 European Wrestling Championships
2011 European Wrestling Championships,successor,2013 European Wrestling Championships,2011 European Wrestling Championships
2011 European Wrestling Championships,relatedEvents,World Wrestling Championships,2011 European Wrestling Championships
2011 European Wrestling Championships,organizingCommittee,Latvian Wrestling Federation,2011 European Wrestling Championships
2011 European Wrestling Championships,officialLanguage,Latvian,2011 European Wrestling Championships
2011 European Wrestling Championships,currency,Euro,2011 European Wrestling Championships
2011 European Wrestling Championships,timeZone,Europe/Riga,2011 European Wrestling Championships
2011 European Wrestling Championships,accessibility,Various,2011 European Wrestling Championships
2011 European Wrestling Championships,securityMeasures,Various,2011 European Wrestling Championships
2011 European Wrestling Championships,transportation,Various,2011 European Wrestling Championships
2011 European Wrestling Championships,accommodation,Various,2011 European Wrestling Championships
2011 European Wrestling Championships,catering,Various,2011 European Wrestling Championships
2011 European Wrestling Championships,medicalServices,Various,2011 European Wrestling Championships
2011 European Wrestling Championships,emergencyContacts,Various,2011 European Wrestling Championships
2011 European Wrestling Championships,rulesAndRegulations,FIL Rules,2011 European Wrestling Championships
2011 European Wrestling Championships,competitionFormat,Round Robin and Elimination,2011 European Wrestling Championships
2011 European Wrestling Championships,medalDistribution,"Gold, Silver, Bronze",2011 European Wrestling Championships
2011 European Wrestling Championships,participationRequirements,Various,2011 European Wrestling Championships
2011 European Wrestling Championships,ageRestrictions,Various,2011 European Wrestling Championships
2011 European Wrestling Championships,entryFees,Various,2011 European Wrestling Championships
2011 European Wrestling Championships,qualificationProcess,Various,2011 European Wrestling Championships
2011 European Wrestling Championships,disqualificationReasons,Various,2011 European Wrestling Championships
2011 European Wrestling Championships,appealProcess,Various,2011 European Wrestling Championships
2011 European Wrestling Championships,scoringSystem,Various,2011 European Wrestling Championships
2011 European Wrestling Championships,technicalOfficials,Various,2011 European Wrestling Championships
2011 European Wrestling Championships,equipmentRegulations,Various,2011 European Wrestling Championships
2011 European Wrestling Championships,dressCode,Various,2011 European Wrestling Championships
2011 European Wrestling Championships,fanGuidelines,Various,2011 European Wrestling Championships
2011 European Wrestling Championships,mediaCoverage,Various,2011 European Wrestling Championships
2011 European Wrestling Championships,pressRelease,Various,2011 European Wrestling Championships
2011 European Wrestling Championships,photographer,Various,2011 European Wrestling Championships
2011 European Wrestling Championships,videographer,Various,2011 European Wrestling Championships
2011 European Wrestling Championships,socialMediaHandles,Various,2011 European Wrestling Championships
2011 European Wrestling Championships,websiteURL,http://www.europeanwrestling2011.lv/,2011 European Wrestling Championships
United Nations Security Council Resolution 1428,instanceOf,Security Council Resolution,United Nations Security Council Resolution 1428
United Nations Security Council Resolution 1428,adoptedBy,United Nations Security Council,United Nations Security Council Resolution 1428
United Nations Security Council Resolution 1428,adoptedOn,2014-08-20,United Nations Security Council Resolution 1428
United Nations Security Council Resolution 1428,references,United Nations Security Council Resolution 1373,United Nations Security Council Resolution 1428
United Nations Security Council Resolution 1428,addresses,Threats to international peace and security,United Nations Security Council Resolution 1428
United Nations Security Council Resolution 1428,authorizes,Sanctions against Syria,United Nations Security Council Resolution 1428
United Nations Security Council Resolution 1428,sanctions,Arms embargo on Syria,United Nations Security Council Resolution 1428
United Nations Security Council Resolution 1428,sanctions,Travel ban on individuals involved in Syria,United Nations Security Council Resolution 1428
United Nations Security Council Resolution 1428,sanctions,Financial sanctions against Syria,United Nations Security Council Resolution 1428
United Nations Security Council Resolution 1428,requires,States to report on implementation of sanctions,United Nations Security Council Resolution 1428
United Nations Security Council Resolution 1428,relatedTo,Syrian Civil War,United Nations Security Council Resolution 1428
United Nations Security Council Resolution 1428,member,China,United Nations Security Council Resolution 1428
United Nations Security Council Resolution 1428,member,France,United Nations Security Council Resolution 1428
United Nations Security Council Resolution 1428,member,Russia,United Nations Security Council Resolution 1428
United Nations Security Council Resolution 1428,member,United Kingdom,United Nations Security Council Resolution 1428
United Nations Security Council Resolution 1428,member,United States,United Nations Security Council Resolution 1428
United Nations Security Council Resolution 1428,member,Serbia,United Nations Security Council Resolution 1428
United Nations Security Council Resolution 1428,member,Vietnam,United Nations Security Council Resolution 1428
United Nations Security Council Resolution 1428,member,Algeria,United Nations Security Council Resolution 1428
United Nations Security Council Resolution 1428,member,Libya,United Nations Security Council Resolution 1428
United Nations Security Council Resolution 1428,member,Brazil,United Nations Security Council Resolution 1428
United Nations Security Council Resolution 1428,member,Chile,United Nations Security Council Resolution 1428
United Nations Security Council Resolution 1428,member,Cuba,United Nations Security Council Resolution 1428
United Nations Security Council Resolution 1428,member,Ecuador,United Nations Security Council Resolution 1428
United Nations Security Council Resolution 1428,member,Gabon,United Nations Security Council Resolution 1428
United Nations Security Council Resolution 1428,member,Islamic Republic of Iran,United Nations Security Council Resolution 1428
United Nations Security Council Resolution 1428,member,Jordan,United Nations Security Council Resolution 1428
United Nations Security Council Resolution 1428,member,Mexico,United Nations Security Council Resolution 1428
United Nations Security Council Resolution 1428,member,Nigeria,United Nations Security Council Resolution 1428
United Nations Security Council Resolution 1428,member,Pakistan,United Nations Security Council Resolution 1428
United Nations Security Council Resolution 1428,member,Panama,United Nations Security Council Resolution 1428
United Nations Security Council Resolution 1428,member,Portugal,United Nations Security Council Resolution 1428
United Nations Security Council Resolution 1428,member,Republic of Korea,United Nations Security Council Resolution 1428
United Nations Security Council Resolution 1428,member,Syria,United Nations Security Council Resolution 1428
United Nations Security Council Resolution 1428,member,Switzerland,United Nations Security Council Resolution 1428
United Nations Security Council Resolution 1428,member,Turkey,United Nations Security Council Resolution 1428
United Nations Security Council Resolution 1428,member,Venezuela,United Nations Security Council Resolution 1428
United Nations Security Council Resolution 1428,member,Yemen,United Nations Security Council Resolution 1428
Callicrates of Samos,instanceOf,Greek sculptor,Callicrates of Samos
Callicrates of Samos,instanceOf,Athenian sculptor,Callicrates of Samos
Callicrates of Samos,livedIn,Samos,Callicrates of Samos
Callicrates of Samos,livedIn,Athens,Callicrates of Samos
Callicrates of Samos,activeIn,Classical Greek art,Callicrates of Samos
Callicrates of Samos,collaboratedWith,Polyclitus,Callicrates of Samos
Callicrates of Samos,created,Discobolus,Callicrates of Samos
Callicrates of Samos,created,Spear-Bearer,Callicrates of Samos
Callicrates of Samos,created,Theseus,Callicrates of Samos
Callicrates of Samos,created,Acrobates,Callicrates of Samos
Callicrates of Samos,studentOf,Phidias,Callicrates of Samos
Callicrates of Samos,associateOf,Myron,Callicrates of Samos
Callicrates of Samos,influenced,Roman sculpture,Callicrates of Samos
Callicrates of Samos,partOf,Athenian school of sculpture,Callicrates of Samos
Callicrates of Samos,dateOfBirth,c. 470 BC,Callicrates of Samos
Callicrates of Samos,dateOfDeath,c. 420 BC,Callicrates of Samos
Callicrates of Samos,style,Contrapposto,Callicrates of Samos
Callicrates of Samos,material,Marble,Callicrates of Samos
Callicrates of Samos,patron,Pericles,Callicrates of Samos
Callicrates of Samos,workFoundIn,"National Archaeological Museum, Athens",Callicrates of Samos
Callicrates of Samos,workFoundIn,"British Museum, London",Callicrates of Samos
Callicrates of Samos,workFoundIn,"Louvre Museum, Paris",Callicrates of Samos
Callicrates of Samos,influenced,Lysippos,Callicrates of Samos
Callicrates of Samos,influenced,Praxiteles,Callicrates of Samos
Czech Republic Davis Cup team,instanceOf,Davis Cup team,Czech Republic Davis Cup team
Czech Republic Davis Cup team,locatedIn,Czech Republic,Czech Republic Davis Cup team
Czech Republic Davis Cup team,participatedIn,1989 Davis Cup,Czech Republic Davis Cup team
Czech Republic Davis Cup team,participatedIn,1991 Davis Cup,Czech Republic Davis Cup team
Czech Republic Davis Cup team,participatedIn,1993 Davis Cup,Czech Republic Davis Cup team
Czech Republic Davis Cup team,participatedIn,1995 Davis Cup,Czech Republic Davis Cup team
Czech Republic Davis Cup team,participatedIn,1997 Davis Cup,Czech Republic Davis Cup team
Czech Republic Davis Cup team,participatedIn,1999 Davis Cup,Czech Republic Davis Cup team
Czech Republic Davis Cup team,participatedIn,2006 Davis Cup,Czech Republic Davis Cup team
Czech Republic Davis Cup team,captain,Tomas Hertel,Czech Republic Davis Cup team
Czech Republic Davis Cup team,member,Petr Leding,Czech Republic Davis Cup team
Czech Republic Davis Cup team,member,David Kosnovsky,Czech Republic Davis Cup team
Czech Republic Davis Cup team,member,Radek Koslenka,Czech Republic Davis Cup team
Czech Republic Davis Cup team,member,Martin Hasek,Czech Republic Davis Cup team
Czech Republic Davis Cup team,member,Frantisek Slovacek,Czech Republic Davis Cup team
Czech Republic Davis Cup team,member,Jan Hlavacek,Czech Republic Davis Cup team
Czech Republic Davis Cup team,member,Daniel Karpenko,Czech Republic Davis Cup team
Czech Republic Davis Cup team,member,Tomas Cakovec,Czech Republic Davis Cup team
Czech Republic Davis Cup team,member,Martin Navratil,Czech Republic Davis Cup team
Czech Republic Davis Cup team,member,Jiří Novák,Czech Republic Davis Cup team
Czech Republic Davis Cup team,member,Michal Karpenko,Czech Republic Davis Cup team
Czech Republic Davis Cup team,member,Petr Pala,Czech Republic Davis Cup team
Czech Republic Davis Cup team,member,Martin Klouzal,Czech Republic Davis Cup team
Czech Republic Davis Cup team,member,David Nadela,Czech Republic Davis Cup team
Czech Republic Davis Cup team,member,Radek Procházka,Czech Republic Davis Cup team
Czech Republic Davis Cup team,member,Martin Hromádka,Czech Republic Davis Cup team
Czech Republic Davis Cup team,member,Tomáš Rusek,Czech Republic Davis Cup team
Czech Republic Davis Cup team,member,Jan Mertlik,Czech Republic Davis Cup team
Czech Republic Davis Cup team,member,Martin Popelář,Czech Republic Davis Cup team
Czech Republic Davis Cup team,member,Petr Březina,Czech Republic Davis Cup team
Czech Republic Davis Cup team,member,Martin Lacko,Czech Republic Davis Cup team
Czech Republic Davis Cup team,member,David Němec,Czech Republic Davis Cup team
Czech Republic Davis Cup team,member,Jakub Červenka,Czech Republic Davis Cup team
Czech Republic Davis Cup team,member,Tomáš Motyčka,Czech Republic Davis Cup team
Czech Republic Davis Cup team,member,Martin Pája,Czech Republic Davis Cup team
Czech Republic Davis Cup team,member,Michal Koubek,Czech Republic Davis Cup team
Czech Republic Davis Cup team,member,Radim Juřeba,Czech Republic Davis Cup team
Czech Republic Davis Cup team,member,Jan Polák,Czech Republic Davis Cup team
Czech Republic Davis Cup team,member,Tomáš Kopí,Czech Republic Davis Cup team
Czech Republic Davis Cup team,member,Martin Horn,Czech Republic Davis Cup team
Czech Republic Davis Cup team,member,Petr Herben,Czech Republic Davis Cup team
Czech Republic Davis Cup team,member,David Světlák,Czech Republic Davis Cup team
Czech Republic Davis Cup team,member,Martin Turek,Czech Republic Davis Cup team
Czech Republic Davis Cup team,member,Jan Kodes,Czech Republic Davis Cup team
HDMS Peder Skram (1864),instanceOf,Destroyed warship,HDMS Peder Skram (1864)
HDMS Peder Skram (1864),commissioned,1864,HDMS Peder Skram (1864)
HDMS Peder Skram (1864),servedIn,Nordic War,HDMS Peder Skram (1864)
HDMS Peder Skram (1864),servedIn,Battle of Dyneburg,HDMS Peder Skram (1864)
HDMS Peder Skram (1864),servedIn,Battle of Libau,HDMS Peder Skram (1864)
HDMS Peder Skram (1864),sunk,1916,HDMS Peder Skram (1864)
HDMS Peder Skram (1864),sunk,World War I,HDMS Peder Skram (1864)
HDMS Peder Skram (1864),sunk,German mine,HDMS Peder Skram (1864)
HDMS Peder Skram (1864),homePort,Christiania (Oslo),HDMS Peder Skram (1864)
HDMS Peder Skram (1864),shipType,Cigarette-class destroyer,HDMS Peder Skram (1864)
HDMS Peder Skram (1864),length,84.5 meters,HDMS Peder Skram (1864)
HDMS Peder Skram (1864),displacement,610 tons,HDMS Peder Skram (1864)
HDMS Peder Skram (1864),armament,8 4.7 inch guns,HDMS Peder Skram (1864)
HDMS Peder Skram (1864),armament,16 6 inch guns,HDMS Peder Skram (1864)
HDMS Peder Skram (1864),armament,2 12 cm guns,HDMS Peder Skram (1864)
HDMS Peder Skram (1864),commanders,Jonas Holm,HDMS Peder Skram (1864)
HDMS Peder Skram (1864),commanders,Christian Lange,HDMS Peder Skram (1864)
HDMS Peder Skram (1864),commanders,Johan Conrad Schjøtt,HDMS Peder Skram (1864)
HDMS Peder Skram (1864),locationSunk,Gulf of Bothnia,HDMS Peder Skram (1864)
HDMS Peder Skram (1864),nationality,Denmark–Norway,HDMS Peder Skram (1864)
HDMS Peder Skram (1864),flag,Dannebrog,HDMS Peder Skram (1864)
HDMS Peder Skram (1864),sisterShips,HDMS Niels Hersleb (1864),HDMS Peder Skram (1864)
HDMS Peder Skram (1864),sisterShips,HDMS Peter Mortensen (1864),HDMS Peder Skram (1864)
HDMS Peder Skram (1864),sisterShips,HDMS Johan Conrad Schjøtt (1864),HDMS Peder Skram (1864)
Walter Ross,instanceOf,boxer,Walter Ross (boxer)
Walter Ross,bornIn,New York City,Walter Ross (boxer)
Walter Ross,diedOn,"November 23, 1996",Walter Ross (boxer)
Walter Ross,buriedAt,St. James Cemetery,Walter Ross (boxer)
Walter Ross,nickname,The Little Hawk,Walter Ross (boxer)
Walter Ross,debut,1933,Walter Ross (boxer)
Walter Ross,lastFight,1941,Walter Ross (boxer)
Walter Ross,opponent,Joe Louis,Walter Ross (boxer)
Walter Ross,record,18-3-1,Walter Ross (boxer)
Walter Ross,weightClass,Middleweight,Walter Ross (boxer)
Walter Ross,manager,Jack Curley,Walter Ross (boxer)
Walter Ross,affiliatedWith,New York Golden Gloves,Walter Ross (boxer)
Walter Ross,opponent,Tony Zale,Walter Ross (boxer)
Walter Ross,opponent,Jimmy Bivins,Walter Ross (boxer)
Walter Ross,opponent,Herb Frazier,Walter Ross (boxer)
Walter Ross,opponent,Buddy Stearns,Walter Ross (boxer)
Walter Ross,opponent,Joe Baksi,Walter Ross (boxer)
Walter Ross,opponent,George Butler,Walter Ross (boxer)
Walter Ross,opponent,Sammy Davis,Walter Ross (boxer)
Walter Ross,opponent,Frank Moran,Walter Ross (boxer)
Walter Ross,opponent,Johnny Romeo,Walter Ross (boxer)
Walter Ross,opponent,Larry Holmes,Walter Ross (boxer)
1997 Singapore Open,startDate,1997-02-01,1997 Singapore Open
1997 Singapore Open,endDate,1997-02-07,1997 Singapore Open
1997 Singapore Open,location,Singapore,1997 Singapore Open
1997 Singapore Open,organizer,Singapore Lawn Tennis Association,1997 Singapore Open
1997 Singapore Open,tournamentType,tennis tournament,1997 Singapore Open
1997 Singapore Open,level,ATP International Series,1997 Singapore Open
1997 Singapore Open,surface,hard court,1997 Singapore Open
1997 Singapore Open,winner,Michael Chang,1997 Singapore Open
1997 Singapore Open,runnerUp,Magnus Carlsen,1997 Singapore Open
1997 Singapore Open,semifinalist1,Petr Korda,1997 Singapore Open
1997 Singapore Open,semifinalist2,Hagis De Schepper,1997 Singapore Open
1997 Singapore Open,quarterfinalist1,Todd Martin,1997 Singapore Open
1997 Singapore Open,quarterfinalist2,Jordi Arconada,1997 Singapore Open
1997 Singapore Open,quarterfinalist3,Luke Jensen,1997 Singapore Open
1997 Singapore Open,quarterfinalist4,Neil Hopman,1997 Singapore Open
1997 Singapore Open,roundOf16_1,Michael Chang vs Petr Korda,1997 Singapore Open
1997 Singapore Open,roundOf16_2,Magnus Carlsen vs Jordi Arconada,1997 Singapore Open
1997 Singapore Open,roundOf16_3,Todd Martin vs Neil Hopman,1997 Singapore Open
1997 Singapore Open,roundOf16_4,Luke Jensen vs Hagis De Schepper,1997 Singapore Open
1997 Singapore Open,ATP_number,341,1997 Singapore Open
1997 Singapore Open,prizeMoney,"$225,950",1997 Singapore Open
1997 Singapore Open,instanceOf,Tennis Tournament,1997 Singapore Open
1997 Singapore Open,instanceOf,ATP Tournament,1997 Singapore Open
Malkhaz Abdushelishvili,instanceOf,Person,Malkhaz Abdushelishvili
Malkhaz Abdushelishvili,bornIn,Zugdidi,Malkhaz Abdushelishvili
Malkhaz Abdushelishvili,occupation,Politician,Malkhaz Abdushelishvili
Malkhaz Abdushelishvili,politicalParty,Georgian Dream,Malkhaz Abdushelishvili
Malkhaz Abdushelishvili,position,Member of Parliament,Malkhaz Abdushelishvili
Malkhaz Abdushelishvili,representsConstituency,Guria,Malkhaz Abdushelishvili
Malkhaz Abdushelishvili,dateOfBirth,1976-07-27,Malkhaz Abdushelishvili
Malkhaz Abdushelishvili,nationality,Georgian,Malkhaz Abdushelishvili
Malkhaz Abdushelishvili,education,Law degree,Malkhaz Abdushelishvili
Malkhaz Abdushelishvili,placeOfEducation,Law Academy of Georgia,Malkhaz Abdushelishvili
Pungalina (spider),instanceOf,spider,Pungalina (spider)
Pungalina (spider),partOf,Araneae,Pungalina (spider)
Pungalina (spider),habitat,South America,Pungalina (spider)
Pungalina (spider),diet,insects,Pungalina (spider)
Pungalina (spider),venom,neurotoxic,Pungalina (spider)
Pungalina (spider),size,small,Pungalina (spider)
Pungalina (spider),color,brown,Pungalina (spider)
Pungalina (spider),silk,sticky,Pungalina (spider)
Pungalina (spider),legs,eight,Pungalina (spider)
Pungalina (spider),conservationStatus,Least Concern,Pungalina (spider)
Pungalina (spider),discoveryDate,2018,Pungalina (spider)
Pungalina (spider),genus,Pungalinius,Pungalina (spider)
Pungalina (spider),species,Pungalinius longimanus,Pungalina (spider)
Pungalina (spider),locationFound,Brazil,Pungalina (spider)
Pungalina (spider),behavior,nocturnal,Pungalina (spider)
Pungalina (spider),predators,birds,Pungalina (spider)
Pungalina (spider),defenseMechanism,flicking urticating hairs,Pungalina (spider)
Pungalina (spider),relativeSize,small spider,Pungalina (spider)
Pungalina (spider),scientificName,Pungalinius longimanus,Pungalina (spider)
Pungalina (spider),family,Salticidae,Pungalina (spider)
Pungalina (spider),region,Amazon rainforest,Pungalina (spider)
Hovea montana,instanceOf,Plant,Hovea montana
Hovea montana,instanceOf,Herb,Hovea montana
Hovea montana,instanceOf,Geophyte,Hovea montana
Hovea montana,nativeRange,Southern Africa,Hovea montana
Hovea montana,habitat,Grasslands,Hovea montana
Hovea montana,habitat,Savannas,Hovea montana
Hovea montana,habitat,Woodlands,Hovea montana
Hovea montana,floweringSeason,Autumn,Hovea montana
Hovea montana,flowerColor,Yellow,Hovea montana
Hovea montana,flowerColor,Orange,Hovea montana
Hovea montana,fruitType,Achene,Hovea montana
Hovea montana,seedDispersal,Animal dispersal,Hovea montana
Hovea montana,rootSystem,Fibrous root system,Hovea montana
Hovea montana,leafType,Simple leaf,Hovea montana
Hovea montana,stemHeight,0.2-0.6 m,Hovea montana
Hovea montana,lifeCycle,Perennial,Hovea montana
Hovea montana,conservationStatus,Least Concern,Hovea montana
Hovea montana,scientificName,Hovea montana,Hovea montana
Hovea montana,synonyms,Various synonyms exist,Hovea montana
Hovea montana,relatedTo,Other Hovea species,Hovea montana
Hovea montana,morphology,Compact growth habit,Hovea montana
Hovea montana,morphology,"Small, rounded leaves",Hovea montana
Hovea montana,morphology,Showy yellow flowers,Hovea montana
Hovea montana,ecologicalRole,Soil stabilization,Hovea montana
Hovea montana,ecologicalRole,Nutrient cycling,Hovea montana
Hovea montana,soilPreference,Well-drained soil,Hovea montana
Hovea montana,waterRequirement,Moderate moisture,Hovea montana
Hovea montana,sunlightRequirement,Full sun to partial shade,Hovea montana
Hovea montana,propagation,Seed propagation,Hovea montana
Hovea montana,propagation,Division,Hovea montana
Hovea montana,commonName,Yellow Hovea,Hovea montana
Hovea montana,genus,Hovea,Hovea montana
Hovea montana,family,Fabaceae,Hovea montana
Hovea montana,distribution,Southern Africa,Hovea montana
Hovea montana,pollination,Bees,Hovea montana
Hovea montana,pollination,Butterflies,Hovea montana
Hovea montana,growthRate,Moderate,Hovea montana
Hovea montana,droughtTolerance,Moderate,Hovea montana
Hovea montana,shadeTolerance,Partial,Hovea montana
Hovea montana,rootType,Taproot,Hovea montana
Hovea montana,rhizomeType,Present,Hovea montana
1892 United States presidential election in New York,instanceOf,Presidential Election,1892 United States presidential election in New York
1892 United States presidential election in New York,candidate,Benjamin Harrison,1892 United States presidential election in New York
1892 United States presidential election in New York,candidate,Grover Cleveland,1892 United States presidential election in New York
1892 United States presidential election in New York,result,Benjamin Harrison won,1892 United States presidential election in New York
1892 United States presidential election in New York,location,New York,1892 United States presidential election in New York
1892 United States presidential election in New York,date,1892,1892 United States presidential election in New York
1892 United States presidential election in New York,state,New York,1892 United States presidential election in New York
1892 United States presidential election in New York,country,United States,1892 United States presidential election in New York
Benjamin Harrison,party,Republican,1892 United States presidential election in New York
Grover Cleveland,party,Democratic,1892 United States presidential election in New York
New York,isA,State,1892 United States presidential election in New York
United States,isA,Country,1892 United States presidential election in New York
Presidential Election,hasPart,Candidate,1892 United States presidential election in New York
Presidential Election,hasPart,Result,1892 United States presidential election in New York
Presidential Election,hasPart,Location,1892 United States presidential election in New York
Benjamin Harrison,bornIn,"North Bend, Ohio",1892 United States presidential election in New York
Grover Cleveland,bornIn,"Caldwell, New Jersey",1892 United States presidential election in New York
1892 United States presidential election in New York,voterTurnout,Approximately 60%,1892 United States presidential election in New York
1892 United States presidential election in New York,popularVoteHarrison,"2,373,536",1892 United States presidential election in New York
1892 United States presidential election in New York,popularVoteCleveland,"2,037,377",1892 United States presidential election in New York
1892 United States presidential election in New York,electoralVotesHarrison,23,1892 United States presidential election in New York
1892 United States presidential election in New York,electoralVotesCleveland,17,1892 United States presidential election in New York
1892 United States presidential election in New York,marginOfVictory,"348,159 votes",1892 United States presidential election in New York
1892 United States presidential election in New York,runoff,None,1892 United States presidential election in New York
1892 United States presidential election in New York,totalVotes,"4,410,913",1892 United States presidential election in New York
1892 United States presidential election in New York,electionType,Presidential,1892 United States presidential election in New York
1892 United States presidential election in New York,governingParty,Republican,1892 United States presidential election in New York
Benjamin Harrison,servedAs,23rd President of the United States,1892 United States presidential election in New York
Grover Cleveland,servedAs,22nd and 24th President of the United States,1892 United States presidential election in New York
New York,capital,Albany,1892 United States presidential election in New York
United States,capital,"Washington, D.C.",1892 United States presidential election in New York
1892 United States presidential election in New York,politicalClimate,Progressive,1892 United States presidential election in New York
1892 United States presidential election in New York,economicConditions,Post-Civil War Recovery,1892 United States presidential election in New York
1892 United States presidential election in New York,socialIssues,Labor Movement,1892 United States presidential election in New York
1892 United States presidential election in New York,foreignPolicy,Expansionist,1892 United States presidential election in New York
1892 United States presidential election in New York,domesticPolicy,Protective Tariffs,1892 United States presidential election in New York
Forrest N. Iandola,instanceOf,American football player,Forrest N. Iandola
Forrest N. Iandola,position,Offensive tackle,Forrest N. Iandola
Forrest N. Iandola,team,New York Giants,Forrest N. Iandola
Forrest N. Iandola,team,Philadelphia Eagles,Forrest N. Iandola
Forrest N. Iandola,team,Buffalo Bills,Forrest N. Iandola
Forrest N. Iandola,drafted,2003 NFL Draft,Forrest N. Iandola
Forrest N. Iandola,drafted,Philadelphia Eagles,Forrest N. Iandola
Forrest N. Iandola,college,University of Miami,Forrest N. Iandola
Forrest N. Iandola,height,6 ft 5 in (196 cm),Forrest N. Iandola
Forrest N. Iandola,weight,305 lb (138 kg),Forrest N. Iandola
Forrest N. Iandola,born,1981-03-26,Forrest N. Iandola
Forrest N. Iandola,number,79,Forrest N. Iandola
Forrest N. Iandola,position,Left Tackle,Forrest N. Iandola
Forrest N. Iandola,played_for,New York Giants (2004-2006),Forrest N. Iandola
Forrest N. Iandola,played_for,Philadelphia Eagles (2003),Forrest N. Iandola
Forrest N. Iandola,played_for,Buffalo Bills (2007),Forrest N. Iandola
Forrest N. Iandola,number_retired,False,Forrest N. Iandola
Microsoft Band 2,instanceOf,Wearable Device,Microsoft Band 2
Microsoft Band 2,manufacturer,Microsoft,Microsoft Band 2
Microsoft Band 2,releaseDate,2014-10-15,Microsoft Band 2
Microsoft Band 2,operatingSystem,Windows Phone,Microsoft Band 2
Microsoft Band 2,compatibleWith,Windows Phone 8,Microsoft Band 2
Microsoft Band 2,compatibleWith,Windows Phone 8.1,Microsoft Band 2
Microsoft Band 2,compatibleWith,Windows 10,Microsoft Band 2
Microsoft Band 2,features,Heart Rate Monitor,Microsoft Band 2
Microsoft Band 2,features,Step Counter,Microsoft Band 2
Microsoft Band 2,features,Sleep Tracking,Microsoft Band 2
Microsoft Band 2,features,Activity Tracking,Microsoft Band 2
Microsoft Band 2,features,Notifications,Microsoft Band 2
Microsoft Band 2,displayType,OLED,Microsoft Band 2
Microsoft Band 2,displaySize,0.94 inches,Microsoft Band 2
Microsoft Band 2,batteryLife,Up to 7 days,Microsoft Band 2
Microsoft Band 2,waterResistance,50 meters,Microsoft Band 2
Microsoft Band 2,connectivity,Bluetooth 4.0,Microsoft Band 2
Microsoft Band 2,weight,33 grams,Microsoft Band 2
Microsoft Band 2,price,149.99 USD,Microsoft Band 2
Microsoft Band 2,colorOptions,"Black, White, Red, Blue",Microsoft Band 2
Microsoft Band 2,replacementBand,Microsoft Band 2 Replacement Strap,Microsoft Band 2
Microsoft Band 2,discontinued,True,Microsoft Band 2
Microsoft Band 2,successor,Microsoft Band,Microsoft Band 2
Microsoft Band 2,relatedTo,Microsoft Health,Microsoft Band 2
Microsoft Band 2,supportedApps,Microsoft Health,Microsoft Band 2
Microsoft Band 2,compatibleWith,Windows Phone 8.1 Update,Microsoft Band 2
Microsoft Band 2,compatibleWith,Windows 10 Mobile,Microsoft Band 2
Microsoft Band 2,hasApp,Microsoft Band App,Microsoft Band 2
Microsoft Band 2,hasSensor,Accelerometer,Microsoft Band 2
Microsoft Band 2,hasSensor,Gyroscope,Microsoft Band 2
Microsoft Band 2,hasSensor,Altimeter,Microsoft Band 2
Microsoft Band 2,hasSensor,Magnetometer,Microsoft Band 2
Microsoft Band 2,hasSensor,Ambient Light Sensor,Microsoft Band 2
"3,4-Dihydroxybenzaldehyde",instanceOf,Chemical Compound,"3,4-Dihydroxybenzaldehyde"
"3,4-Dihydroxybenzaldehyde",hasMolecularFormula,C7H6O3,"3,4-Dihydroxybenzaldehyde"
"3,4-Dihydroxybenzaldehyde",hasCASNumber,698-10-2,"3,4-Dihydroxybenzaldehyde"
"3,4-Dihydroxybenzaldehyde",hasMolarMass,138.12 g/mol,"3,4-Dihydroxybenzaldehyde"
"3,4-Dihydroxybenzaldehyde",isSolubleIn,Water,"3,4-Dihydroxybenzaldehyde"
"3,4-Dihydroxybenzaldehyde",isSolubleIn,Ethanol,"3,4-Dihydroxybenzaldehyde"
"3,4-Dihydroxybenzaldehyde",isUsedIn,Pharmaceutical Synthesis,"3,4-Dihydroxybenzaldehyde"
"3,4-Dihydroxybenzaldehyde",isUsedIn,Flavoring Agent,"3,4-Dihydroxybenzaldehyde"
"3,4-Dihydroxybenzaldehyde",isUsedIn,Chemical Research,"3,4-Dihydroxybenzaldehyde"
"3,4-Dihydroxybenzaldehyde",reactsWith,Oxidizing Agents,"3,4-Dihydroxybenzaldehyde"
"3,4-Dihydroxybenzaldehyde",reactsWith,Reducing Agents,"3,4-Dihydroxybenzaldehyde"
"3,4-Dihydroxybenzaldehyde",canForm,Schiff Bases,"3,4-Dihydroxybenzaldehyde"
"3,4-Dihydroxybenzaldehyde",canForm,Esters,"3,4-Dihydroxybenzaldehyde"
"3,4-Dihydroxybenzaldehyde",isProducedBy,Vanillin Oxidation,"3,4-Dihydroxybenzaldehyde"
"3,4-Dihydroxybenzaldehyde",isRelatedTo,Catechol,"3,4-Dihydroxybenzaldehyde"
"3,4-Dihydroxybenzaldehyde",isRelatedTo,Salicylaldehyde,"3,4-Dihydroxybenzaldehyde"
"3,4-Dihydroxybenzaldehyde",hasColor,White to Pale Yellow,"3,4-Dihydroxybenzaldehyde"
"3,4-Dihydroxybenzaldehyde",hasMeltingPoint,133-135 °C,"3,4-Dihydroxybenzaldehyde"
"3,4-Dihydroxybenzaldehyde",hasBoilingPoint,243-245 °C,"3,4-Dihydroxybenzaldehyde"
"3,4-Dihydroxybenzaldehyde",isOdorant,Floral,"3,4-Dihydroxybenzaldehyde"
"3,4-Dihydroxybenzaldehyde",isOdorant,Aldehydic,"3,4-Dihydroxybenzaldehyde"
"3,4-Dihydroxybenzaldehyde",isOdorant,Woody,"3,4-Dihydroxybenzaldehyde"
"3,4-Dihydroxybenzaldehyde",isFoundIn,Vanilla Beans,"3,4-Dihydroxybenzaldehyde"
"3,4-Dihydroxybenzaldehyde",isFoundIn,Certain Plants,"3,4-Dihydroxybenzaldehyde"
"3,4-Dihydroxybenzaldehyde",isPartOf,Vanillin Metabolism,"3,4-Dihydroxybenzaldehyde"
"3,4-Dihydroxybenzaldehyde",isA,Aldehyde,"3,4-Dihydroxybenzaldehyde"
"3,4-Dihydroxybenzaldehyde",isA,Phenol,"3,4-Dihydroxybenzaldehyde"
"3,4-Dihydroxybenzaldehyde",isA,Aromatic Compound,"3,4-Dihydroxybenzaldehyde"
"3,4-Dihydroxybenzaldehyde",hasSpectroscopicData,NMR,"3,4-Dihydroxybenzaldehyde"
"3,4-Dihydroxybenzaldehyde",hasSpectroscopicData,IR,"3,4-Dihydroxybenzaldehyde"
"3,4-Dihydroxybenzaldehyde",hasSpectroscopicData,Mass Spectrometry,"3,4-Dihydroxybenzaldehyde"
"3,4-Dihydroxybenzaldehyde",isUsedIn,Organic Synthesis,"3,4-Dihydroxybenzaldehyde"
"3,4-Dihydroxybenzaldehyde",isUsedIn,Material Science,"3,4-Dihydroxybenzaldehyde"
"3,4-Dihydroxybenzaldehyde",isUsedIn,Polymer Chemistry,"3,4-Dihydroxybenzaldehyde"
"3,4-Dihydroxybenzaldehyde",isUsedIn,Fragrance Industry,"3,4-Dihydroxybenzaldehyde"
"3,4-Dihydroxybenzaldehyde",isUsedIn,Cosmetics Industry,"3,4-Dihydroxybenzaldehyde"
"3,4-Dihydroxybenzaldehyde",isRelatedTo,Eugenol,"3,4-Dihydroxybenzaldehyde"
"3,4-Dihydroxybenzaldehyde",isRelatedTo,Isoeugenol,"3,4-Dihydroxybenzaldehyde"
"3,4-Dihydroxybenzaldehyde",isSynthesizedFrom,Guaiacol,"3,4-Dihydroxybenzaldehyde"
"3,4-Dihydroxybenzaldehyde",isSynthesizedFrom,Catechol,"3,4-Dihydroxybenzaldehyde"
"3,4-Dihydroxybenzaldehyde",isSynthesizedBy,Formylation,"3,4-Dihydroxybenzaldehyde"
"3,4-Dihydroxybenzaldehyde",isSynthesizedBy,Reimer-Tiemann Reaction,"3,4-Dihydroxybenzaldehyde"
Mikhail Pashnin,instanceOf,Russian novelist,Mikhail Pashnin
Mikhail Pashnin,birthDate,1960-06-17,Mikhail Pashnin
Mikhail Pashnin,birthPlace,Saint Petersburg,Mikhail Pashnin
Mikhail Pashnin,nationality,Russian,Mikhail Pashnin
Mikhail Pashnin,occupation,writer,Mikhail Pashnin
Mikhail Pashnin,knownFor,Omon Ra,Mikhail Pashnin
Mikhail Pashnin,knownFor,The Ship Boy,Mikhail Pashnin
Mikhail Pashnin,knownFor,The Stationmaster,Mikhail Pashnin
Mikhail Pashnin,knownFor,The Dead Souls,Mikhail Pashnin
Mikhail Pashnin,literaryStyle,Realism,Mikhail Pashnin
Mikhail Pashnin,literaryStyle,Psychological realism,Mikhail Pashnin
Mikhail Pashnin,education,Saint Petersburg State University,Mikhail Pashnin
Mikhail Pashnin,awards,Russian State Prize,Mikhail Pashnin
Mikhail Pashnin,literaryWorks,Omon Ra,Mikhail Pashnin
Mikhail Pashnin,literaryWorks,The Ship Boy,Mikhail Pashnin
Mikhail Pashnin,literaryWorks,The Stationmaster,Mikhail Pashnin
Mikhail Pashnin,literaryWorks,The Dead Souls,Mikhail Pashnin
Mikhail Pashnin,literaryWorks,The Novel of a Male,Mikhail Pashnin
Mikhail Pashnin,literaryWorks,The Last Step,Mikhail Pashnin
Mikhail Pashnin,literaryWorks,The Story of a Man,Mikhail Pashnin
Mikhail Pashnin,literaryWorks,The White Stone,Mikhail Pashnin
Mikhail Pashnin,literaryWorks,The Black River,Mikhail Pashnin
Mikhail Pashnin,literaryWorks,The Forest,Mikhail Pashnin
Mikhail Pashnin,literaryWorks,The Road,Mikhail Pashnin
Mikhail Pashnin,literaryWorks,The Window,Mikhail Pashnin
Mikhail Pashnin,literaryWorks,The Mirror,Mikhail Pashnin
Mikhail Pashnin,literaryWorks,The Dream,Mikhail Pashnin
Mikhail Pashnin,literaryWorks,The Silence,Mikhail Pashnin
Mikhail Pashnin,literaryWorks,The Secret,Mikhail Pashnin
Mikhail Pashnin,literaryWorks,The Path,Mikhail Pashnin
Mikhail Pashnin,literaryWorks,The Bridge,Mikhail Pashnin
Mikhail Pashnin,literaryWorks,The Valley,Mikhail Pashnin
Mikhail Pashnin,literaryWorks,The Island,Mikhail Pashnin
Mikhail Pashnin,literaryWorks,The Lighthouse,Mikhail Pashnin
Mikhail Pashnin,literaryWorks,The Tower,Mikhail Pashnin
Mikhail Pashnin,literaryWorks,The Gate,Mikhail Pashnin
Mikhail Pashnin,literaryWorks,The Key,Mikhail Pashnin
Mikhail Pashnin,literaryWorks,The Lock,Mikhail Pashnin
Mikhail Pashnin,literaryWorks,The Stone,Mikhail Pashnin
Mikhail Pashnin,literaryWorks,The Shadow,Mikhail Pashnin
Mikhail Pashnin,literaryWorks,The Journey,Mikhail Pashnin
Mikhail Pashnin,literaryWorks,The Return,Mikhail Pashnin
Mikhail Pashnin,literaryWorks,The End,Mikhail Pashnin
Ignacy Tłoczyński,instanceOf,Polish lawyer,Ignacy Tłoczyński
Ignacy Tłoczyński,instanceOf,Polish jurist,Ignacy Tłoczyński
Ignacy Tłoczyński,instanceOf,politician,Ignacy Tłoczyński
Ignacy Tłoczyński,bornIn,Warsaw,Ignacy Tłoczyński
Ignacy Tłoczyński,diedIn,Warsaw,Ignacy Tłoczyński
Ignacy Tłoczyński,startDateOfCareer,1880,Ignacy Tłoczyński
Ignacy Tłoczyński,endDateOfCareer,1939,Ignacy Tłoczyński
Ignacy Tłoczyński,occupation,lawyer,Ignacy Tłoczyński
Ignacy Tłoczyński,occupation,judge,Ignacy Tłoczyński
Ignacy Tłoczyński,memberOf,Polish legal community,Ignacy Tłoczyński
Ignacy Tłoczyński,educatedAt,University of Warsaw,Ignacy Tłoczyński
Ignacy Tłoczyński,spouse,Maria Tłoczyńska,Ignacy Tłoczyński
Ignacy Tłoczyński,child,Stanisław Tłoczyński,Ignacy Tłoczyński
Ignacy Tłoczyński,involvedIn,Polish legal reforms,Ignacy Tłoczyński
Ignacy Tłoczyński,influencedBy,Roman Dmowski,Ignacy Tłoczyński
Ignacy Tłoczyński,associatedWith,Polish National Party,Ignacy Tłoczyński
Ignacy Tłoczyński,heldPosition,Justice of the Supreme Court,Ignacy Tłoczyński
Ignacy Tłoczyński,servedIn,Warsaw,Ignacy Tłoczyński
Ignacy Tłoczyński,nationality,Polish,Ignacy Tłoczyński
Ignacy Tłoczyński,dateOfBirth,1860-03-15,Ignacy Tłoczyński
Ignacy Tłoczyński,dateOfDeath,1939-07-27,Ignacy Tłoczyński
Ignacy Tłoczyński,placeOfBirth,Warsaw,Ignacy Tłoczyński
Ignacy Tłoczyński,placeOfDeath,Warsaw,Ignacy Tłoczyński
Zhongyuan Bank,instanceOf,Bank,Zhongyuan Bank
Zhongyuan Bank,headquartersLocatedIn,Xinjiang,Zhongyuan Bank
Zhongyuan Bank,established,1988,Zhongyuan Bank
Zhongyuan Bank,locatedIn,Xinjiang,Zhongyuan Bank
Zhongyuan Bank,offers,Banking Services,Zhongyuan Bank
Zhongyuan Bank,provides,Loans,Zhongyuan Bank
Zhongyuan Bank,offers,Credit Cards,Zhongyuan Bank
Zhongyuan Bank,provides,Payment Services,Zhongyuan Bank
Zhongyuan Bank,isA,Commercial Bank,Zhongyuan Bank
Zhongyuan Bank,partOf,China Banking and Insurance Corporation,Zhongyuan Bank
Zhongyuan Bank,hasBranchIn,Xinjiang Urumqi,Zhongyuan Bank
Zhongyuan Bank,hasBranchIn,Xinjiang Karamay,Zhongyuan Bank
Zhongyuan Bank,hasBranchIn,Xinjiang Shihezi,Zhongyuan Bank
Zhongyuan Bank,hasBranchIn,Xinjiang Hotan,Zhongyuan Bank
Zhongyuan Bank,hasBranchIn,Xinjiang Turpan,Zhongyuan Bank
Zhongyuan Bank,hasBranchIn,Xinjiang Zhongwei,Zhongyuan Bank
Zhongyuan Bank,hasBranchIn,Xinjiang Yining,Zhongyuan Bank
Zhongyuan Bank,hasBranchIn,Xinjiang Fukang,Zhongyuan Bank
Zhongyuan Bank,hasBranchIn,Xinjiang Changji,Zhongyuan Bank
Zhongyuan Bank,hasBranchIn,Xinjiang Baotou,Zhongyuan Bank
Zhongyuan Bank,hasBranchIn,Xinjiang Shiwei,Zhongyuan Bank
Zhongyuan Bank,hasBranchIn,Xinjiang Gulpin,Zhongyuan Bank
Zhongyuan Bank,hasBranchIn,Xinjiang Moyu,Zhongyuan Bank
Zhongyuan Bank,hasBranchIn,Xinjiang Zhonghe,Zhongyuan Bank
Zhongyuan Bank,hasBranchIn,Xinjiang Zhongbao,Zhongyuan Bank
Zhongyuan Bank,hasBranchIn,Xinjiang Kuqin,Zhongyuan Bank
Zhongyuan Bank,hasBranchIn,Xinjiang Wujiatun,Zhongyuan Bank
Zhongyuan Bank,hasBranchIn,Xinjiang Hurei,Zhongyuan Bank
Zhongyuan Bank,hasBranchIn,Xinjiang Jiayao,Zhongyuan Bank
Zhongyuan Bank,hasBranchIn,Xinjiang Bilitan,Zhongyuan Bank
Zhongyuan Bank,hasBranchIn,Xinjiang Aralik,Zhongyuan Bank
Cilejit railway station,instanceOf,railway station,Cilejit railway station
Cilejit railway station,locatedIn,"Cilejit, Cianjur Regency, West Java, Indonesia",Cilejit railway station
Cilejit railway station,operatedBy,PT Kereta Api Indonesia,Cilejit railway station
Cilejit railway station,partOf,Southwest Java Railway,Cilejit railway station
Cilejit railway station,hasPlatform,1,Cilejit railway station
Cilejit railway station,hasPlatform,2,Cilejit railway station
Cilejit railway station,hasSign,Yes,Cilejit railway station
Cilejit railway station,hasLighting,Yes,Cilejit railway station
Cilejit railway station,hasShelter,Yes,Cilejit railway station
Cilejit railway station,coordinates," -6.874444444444445, 106.84444444444445",Cilejit railway station
Cilejit railway station,elevation,180 meters,Cilejit railway station
Cilejit railway station,nearestCity,Cianjur,Cilejit railway station
Cilejit railway station,postalCode,44391,Cilejit railway station
Cilejit railway station,yearOpened,1936,Cilejit railway station
Cilejit railway station,railwayLine,Banten–Padalarang Line,Cilejit railway station
Cilejit railway station,adjacentTo,Cilejit village,Cilejit railway station
Cilejit railway station,adjacentTo,Cianjur Station,Cilejit railway station
Cilejit railway station,adjacentTo,Padalarang Station,Cilejit railway station
Cilejit railway station,hasTrack,Single Track,Cilejit railway station
Cilejit railway station,hasSignal,Yes,Cilejit railway station
Cilejit railway station,hasWaitingRoom,Yes,Cilejit railway station
Cilejit railway station,hasTicketOffice,Yes,Cilejit railway station
Cilejit railway station,hasRestroom,Yes,Cilejit railway station
Cilejit railway station,hasParking,Yes,Cilejit railway station
Cilejit railway station,hasSecurity,Yes,Cilejit railway station
Cilejit railway station,hasAccessibility,Ramp,Cilejit railway station
Cilejit railway station,hasInformationBoard,Yes,Cilejit railway station
Cilejit railway station,hasTelephone,Yes,Cilejit railway station
Cilejit railway station,hasInternetAccess,No,Cilejit railway station
Cilejit railway station,hasFoodVendor,No,Cilejit railway station
Shuangxi Park and Chinese Garden,instanceOf,Park,Shuangxi Park and Chinese Garden
Shuangxi Park and Chinese Garden,instanceOf,Chinese Garden,Shuangxi Park and Chinese Garden
Shuangxi Park and Chinese Garden,locatedIn,Zibo,Shuangxi Park and Chinese Garden
Shuangxi Park and Chinese Garden,locatedIn,Shandong Province,Shuangxi Park and Chinese Garden
Shuangxi Park and Chinese Garden,established,1998,Shuangxi Park and Chinese Garden
Shuangxi Park and Chinese Garden,area,20 hectares,Shuangxi Park and Chinese Garden
Shuangxi Park and Chinese Garden,features,Chinese architecture,Shuangxi Park and Chinese Garden
Shuangxi Park and Chinese Garden,features,Lakes,Shuangxi Park and Chinese Garden
Shuangxi Park and Chinese Garden,features,Bridges,Shuangxi Park and Chinese Garden
Shuangxi Park and Chinese Garden,features,Rockeries,Shuangxi Park and Chinese Garden
Shuangxi Park and Chinese Garden,features,Pavilions,Shuangxi Park and Chinese Garden
Shuangxi Park and Chinese Garden,features,Gardens,Shuangxi Park and Chinese Garden
Shuangxi Park and Chinese Garden,purpose,Recreation,Shuangxi Park and Chinese Garden
Shuangxi Park and Chinese Garden,purpose,Tourism,Shuangxi Park and Chinese Garden
Shuangxi Park and Chinese Garden,address,"Zibo, Shandong Province, China",Shuangxi Park and Chinese Garden
Shuangxi Park and Chinese Garden,website,http://www.zbp.gov.cn/zw/zyp/202003/P0202031333335.html,Shuangxi Park and Chinese Garden
Shuangxi Park and Chinese Garden,openingHours,"Daily, 8:00-17:00",Shuangxi Park and Chinese Garden
Shuangxi Park and Chinese Garden,admissionFee,Free,Shuangxi Park and Chinese Garden
Shuangxi Park and Chinese Garden,nearbyAttractions,Zibo Museum,Shuangxi Park and Chinese Garden
Shuangxi Park and Chinese Garden,nearbyAttractions,Zibo City People's Park,Shuangxi Park and Chinese Garden
Shuangxi Park and Chinese Garden,style,Chinese Garden,Shuangxi Park and Chinese Garden
Shuangxi Park and Chinese Garden,landscape,Water landscape,Shuangxi Park and Chinese Garden
Shuangxi Park and Chinese Garden,landscape,Rock landscape,Shuangxi Park and Chinese Garden
Shuangxi Park and Chinese Garden,landscape,Flower landscape,Shuangxi Park and Chinese Garden
Shuangxi Park and Chinese Garden,landscape,Bamboo landscape,Shuangxi Park and Chinese Garden
Canton of Nomeny,instanceOf,Administrative division,Canton of Nomeny
Canton of Nomeny,locatedIn,Republic of China,Canton of Nomeny
Canton of Nomeny,partOf,Hunan province,Canton of Nomeny
Canton of Nomeny,population,"approximately 10,000",Canton of Nomeny
Canton of Nomeny,established,1909,Canton of Nomeny
Canton of Nomeny,dissolved,1954,Canton of Nomeny
Canton of Nomeny,formerCapital,Nomen,Canton of Nomeny
Canton of Nomeny,governedBy,Hunan provincial government,Canton of Nomeny
Canton of Nomeny,adjacentTo,Canton of Yiliang,Canton of Nomeny
Canton of Nomeny,adjacentTo,Canton of Xijiang,Canton of Nomeny
Canton of Nomeny,adjacentTo,Canton of Ziyang,Canton of Nomeny
Canton of Nomeny,terrain,mountainous,Canton of Nomeny
Canton of Nomeny,agriculture,rice cultivation,Canton of Nomeny
Canton of Nomeny,economy,primarily agricultural,Canton of Nomeny
Canton of Nomeny,climate,subtropical,Canton of Nomeny
Canton of Nomeny,postalCode,410300,Canton of Nomeny
Canton of Nomeny,officialLanguage,Chinese,Canton of Nomeny
Canton of Nomeny,administrativeDivision,County-level division,Canton of Nomeny
Canton of Nomeny,locatedNear,River,Canton of Nomeny
Canton of Nomeny,hasVillages,Several villages,Canton of Nomeny
Canton of Nomeny,hasRoads,Road network,Canton of Nomeny
Canton of Nomeny,hasSchools,Primary and secondary schools,Canton of Nomeny
Canton of Nomeny,hasHospitals,Local hospitals,Canton of Nomeny
Canton of Nomeny,hasMarkets,Local markets,Canton of Nomeny
Canton of Nomeny,hasReligiousSites,Temples,Canton of Nomeny
Canton of Nomeny,hasCulturalSites,Historical sites,Canton of Nomeny
Canton of Nomeny,hasTourismPotential,Limited,Canton of Nomeny
Canton of Nomeny,hasNaturalResources,Forests,Canton of Nomeny
Canton of Nomeny,hasGeographicCoordinates,"30.4744, 113.5347",Canton of Nomeny
Double Concerto (Lutosławski),instanceOf,Concerto,Double Concerto (Lutosławski)
Double Concerto (Lutosławski),composer,Witold Lutosławski,Double Concerto (Lutosławski)
Double Concerto (Lutosławski),instrumentation,for two pianos,Double Concerto (Lutosławski)
Double Concerto (Lutosławski),duration,approximately 20 minutes,Double Concerto (Lutosławski)
Double Concerto (Lutosławski),movementCount,three,Double Concerto (Lutosławski)
Double Concerto (Lutosławski),firstMovementTitle,Adagio,Double Concerto (Lutosławski)
Double Concerto (Lutosławski),secondMovementTitle,Allegro,Double Concerto (Lutosławski)
Double Concerto (Lutosławski),thirdMovementTitle,Adagio,Double Concerto (Lutosławski)
Double Concerto (Lutosławski),firstMovementTempo,Adagio,Double Concerto (Lutosławski)
Double Concerto (Lutosławski),secondMovementTempo,Allegro,Double Concerto (Lutosławski)
Double Concerto (Lutosławski),thirdMovementTempo,Adagio,Double Concerto (Lutosławski)
Double Concerto (Lutosławski),opusNumber,36,Double Concerto (Lutosławski)
Double Concerto (Lutosławski),publicationYear,1957,Double Concerto (Lutosławski)
Double Concerto (Lutosławski),orchestration,for two pianos and orchestra,Double Concerto (Lutosławski)
Witold Lutosławski,birthDate,1923-05-09,Double Concerto (Lutosławski)
Witold Lutosławski,deathDate,1992-12-17,Double Concerto (Lutosławski)
Witold Lutosławski,nationality,Polish,Double Concerto (Lutosławski)
Witold Lutosławski,occupation,composer,Double Concerto (Lutosławski)
Double Concerto (Lutosławski),performedBy,Murray Perahia,Double Concerto (Lutosławski)
Double Concerto (Lutosławski),performedBy,Mitsuko Uchida,Double Concerto (Lutosławski)
Double Concerto (Lutosławski),performedBy,Orpheus Chamber Orchestra,Double Concerto (Lutosławski)
Double Concerto (Lutosławski),recordedBy,Herbert von Karajan,Double Concerto (Lutosławski)
Double Concerto (Lutosławski),recordedBy,London Symphony Orchestra,Double Concerto (Lutosławski)
USS W. S. Sims,instanceOf,Ship,USS W. S. Sims
USS W. S. Sims,commissioned,1920,USS W. S. Sims
USS W. S. Sims,servedIn,World War II,USS W. S. Sims
USS W. S. Sims,type,Destroyer,USS W. S. Sims
USS W. S. Sims,manufacturer,Bath Iron Works,USS W. S. Sims
USS W. S. Sims,homePort,New York City,USS W. S. Sims
USS W. S. Sims,commandedBy,Lieutenant Commander William S. Sims,USS W. S. Sims
USS W. S. Sims,participatedIn,Battle of the Atlantic,USS W. S. Sims
USS W. S. Sims,sunk,1944,USS W. S. Sims
USS W. S. Sims,sunkBy,German U-boat,USS W. S. Sims
USS W. S. Sims,sunkLocation,North Atlantic Ocean,USS W. S. Sims
USS W. S. Sims,hullNumber,338,USS W. S. Sims
USS W. S. Sims,displacement,680 tons,USS W. S. Sims
USS W. S. Sims,length,166 ft 3 in,USS W. S. Sims
USS W. S. Sims,width,31 ft 3 in,USS W. S. Sims
USS W. S. Sims,crewSize,120 officers and men,USS W. S. Sims
USS W. S. Sims,armament,"5 x 4-inch guns, 2 x 21-inch torpedo tubes",USS W. S. Sims
USS W. S. Sims,sisterShip,USS Reuben James,USS W. S. Sims
USS W. S. Sims,sisterShip,USS John D. McDonald,USS W. S. Sims
USS W. S. Sims,assignedTo,6th Fleet,USS W. S. Sims
USS W. S. Sims,codeName,WSS-338,USS W. S. Sims
Eristalini,instanceOf,genus,Eristalini
Eristalini,partOf,family Formicidae,Eristalini
Eristalini,type,ant,Eristalini
Eristalini,nativeRange,Southeast Asia,Eristalini
Eristalini,diet,insectivory,Eristalini
Eristalini,nestingSite,ground nests,Eristalini
Eristalini,socialStructure,eusocial,Eristalini
Eristalini,workerSize,small,Eristalini
Eristalini,queenSize,medium,Eristalini
Eristalini,species,Eristalina theryni,Eristalini
Eristalina theryni,instanceOf,species,Eristalini
Eristalina theryni,nativeRange,Myanmar,Eristalini
Eristalina theryni,diet,small insects,Eristalini
Eristalina theryni,nestingSite,ground nests,Eristalini
Eristalina theryni,socialStructure,eusocial,Eristalini
Eristalina theryni,workerSize,small,Eristalini
Eristalina theryni,queenSize,medium,Eristalini
Eristalini,relatedTo,Eristalus,Eristalini
Eristalini,relatedTo,Myrmecocystus,Eristalini
Eristalini,defenseMechanism,alkaloid secretion,Eristalini
Eristalini,morphology,elongated body,Eristalini
Eristalini,habitat,tropical forests,Eristalini
Eristalini,conservationStatus,data deficient,Eristalini
Eristalini,scientificName,Eristalini,Eristalini
Eristalini,genusName,Eristalini,Eristalini
Orléanais Historical and Archaeological Museum,instanceOf,Museum,Orléanais Historical and Archaeological Museum
Orléanais Historical and Archaeological Museum,locatedIn,"Orléans, Centre-Val de Loire, France",Orléanais Historical and Archaeological Museum
Orléanais Historical and Archaeological Museum,collectionType,Medieval artifacts,Orléanais Historical and Archaeological Museum
Orléanais Historical and Archaeological Museum,collectionType,Renaissance artifacts,Orléanais Historical and Archaeological Museum
Orléanais Historical and Archaeological Museum,collectionType,Local history objects,Orléanais Historical and Archaeological Museum
Orléanais Historical and Archaeological Museum,collectionType,Archaeological finds from the region,Orléanais Historical and Archaeological Museum
Orléanais Historical and Archaeological Museum,established,1995,Orléanais Historical and Archaeological Museum
Orléanais Historical and Archaeological Museum,address,"Place du Capitaine Bouvier, 45000 Orléans, France",Orléanais Historical and Archaeological Museum
Orléanais Historical and Archaeological Museum,telephone,+33 2 38 27 18 60,Orléanais Historical and Archaeological Museum
Orléanais Historical and Archaeological Museum,website,https://www.museo-orleanais.fr/,Orléanais Historical and Archaeological Museum
Orléanais Historical and Archaeological Museum,openingHours,"Tuesday to Saturday, 10:00 to 18:00",Orléanais Historical and Archaeological Museum
Orléanais Historical and Archaeological Museum,admissionFee,Free,Orléanais Historical and Archaeological Museum
Orléanais Historical and Archaeological Museum,permanentExhibition,History of Orléans,Orléanais Historical and Archaeological Museum
Orléanais Historical and Archaeological Museum,permanentExhibition,Medieval Orléans,Orléanais Historical and Archaeological Museum
Orléanais Historical and Archaeological Museum,permanentExhibition,Renaissance Orléans,Orléanais Historical and Archaeological Museum
Orléanais Historical and Archaeological Museum,permanentExhibition,Local archaeology,Orléanais Historical and Archaeological Museum
Orléanais Historical and Archaeological Museum,curator,Jean-Michel Delaloy,Orléanais Historical and Archaeological Museum
Orléanais Historical and Archaeological Museum,partOf,Orléans City Council,Orléanais Historical and Archaeological Museum
Orléanais Historical and Archaeological Museum,relatedTo,Orléans Cathedral,Orléanais Historical and Archaeological Museum
Orléanais Historical and Archaeological Museum,relatedTo,Citadelle d'Orléans,Orléanais Historical and Archaeological Museum
Orléanais Historical and Archaeological Museum,relatedTo,"Place d'Armes, Orléans",Orléanais Historical and Archaeological Museum
Orléanais Historical and Archaeological Museum,collectionFocus,Armor,Orléanais Historical and Archaeological Museum
Orléanais Historical and Archaeological Museum,collectionFocus,Weapons,Orléanais Historical and Archaeological Museum
Orléanais Historical and Archaeological Museum,collectionFocus,Ceramics,Orléanais Historical and Archaeological Museum
Orléanais Historical and Archaeological Museum,collectionFocus,Textiles,Orléanais Historical and Archaeological Museum
Orléanais Historical and Archaeological Museum,collectionFocus,Coins,Orléanais Historical and Archaeological Museum
Orléanais Historical and Archaeological Museum,collectionFocus,Sculptures,Orléanais Historical and Archaeological Museum
Orléanais Historical and Archaeological Museum,collectionFocus,Jewelry,Orléanais Historical and Archaeological Museum
Orléanais Historical and Archaeological Museum,collectionFocus,Household objects,Orléanais Historical and Archaeological Museum
Orléanais Historical and Archaeological Museum,collectionFocus,Agricultural tools,Orléanais Historical and Archaeological Museum
Orléanais Historical and Archaeological Museum,collectionFocus,Religious artifacts,Orléanais Historical and Archaeological Museum
Orléanais Historical and Archaeological Museum,collectionFocus,Military artifacts,Orléanais Historical and Archaeological Museum
Orléanais Historical and Archaeological Museum,collectionFocus,Bone tools,Orléanais Historical and Archaeological Museum
Orléanais Historical and Archaeological Museum,collectionFocus,Stone tools,Orléanais Historical and Archaeological Museum
Lulu (1953 film),instanceOf,film,Lulu (1953 film)
Lulu (1953 film),instanceOf,opera,Lulu (1953 film)
Lulu (1953 film),directedBy,Luis Buñuel,Lulu (1953 film)
Lulu (1953 film),writtenBy,Alain Robbe-Grillet,Lulu (1953 film)
Lulu (1953 film),starring,Emilia Ferry,Lulu (1953 film)
Lulu (1953 film),starring,Jean Mercier,Lulu (1953 film)
Lulu (1953 film),starring,Pierre Viollet,Lulu (1953 film)
Lulu (1953 film),starring,Simone Signoret,Lulu (1953 film)
Lulu (1953 film),releasedOn,1953-05-16,Lulu (1953 film)
Lulu (1953 film),genre,avant-garde,Lulu (1953 film)
Lulu (1953 film),genre,drama,Lulu (1953 film)
Lulu (1953 film),basedOn,Alain Robbe-Grillet's novel,Lulu (1953 film)
Lulu (1953 film),location,Paris,Lulu (1953 film)
Lulu (1953 film),length,111 minutes,Lulu (1953 film)
Lulu (1953 film),productionCompany,Les Films de la Cite,Lulu (1953 film)
Lulu (1953 film),director,Luis Buñuel,Lulu (1953 film)
Lulu (1953 film),screenplay,Alain Robbe-Grillet,Lulu (1953 film)
Lulu (1953 film),music,by Olivier Messiaen,Lulu (1953 film)
Lulu (1953 film),photography,by Pierre Henry,Lulu (1953 film)
Lulu (1953 film),editor,Jean Tourment,Lulu (1953 film)
Lulu (1953 film),awards,Cannes Film Festival Award,Lulu (1953 film)
Lulu (1953 film),themes,psychological drama,Lulu (1953 film)
Lulu (1953 film),themes,existentialism,Lulu (1953 film)
Lulu (1953 film),themes,opera,Lulu (1953 film)
Lulu (1953 film),influenced,modern cinema,Lulu (1953 film)
Lulu (1953 film),influenced,avant-garde theatre,Lulu (1953 film)
Lulu (1953 film),criticReception,mixed,Lulu (1953 film)
Lulu (1953 film),criticReception,controversial,Lulu (1953 film)
Lulu (1953 film),legacy,influential,Lulu (1953 film)
Lulu (1953 film),legacy,challenging,Lulu (1953 film)
Lulu (1953 film),legacy,groundbreaking,Lulu (1953 film)
Lulu (1953 film),country,France,Lulu (1953 film)
Lulu (1953 film),language,French,Lulu (1953 film)
Lulu (1953 film),budget,1.5 million USD,Lulu (1953 film)
Lulu (1953 film),boxOfficeRevenue,1.8 million USD,Lulu (1953 film)
Lulu (1953 film),sequel,The Dance,Lulu (1953 film)
Lulu (1953 film),prequel,Lulu,Lulu (1953 film)
Lulu (1953 film),adaptation,The Dance,Lulu (1953 film)
Lulu (1953 film),adaptation,Lulu,Lulu (1953 film)
"Henry IX, Count of Waldeck",instanceOf,Count of Waldeck,"Henry IX, Count of Waldeck"
"Henry IX, Count of Waldeck",dateOfBirth,1436-05-12,"Henry IX, Count of Waldeck"
"Henry IX, Count of Waldeck",dateOfDeath,1479-07-25,"Henry IX, Count of Waldeck"
"Henry IX, Count of Waldeck",spouse,Philippine of Sayn,"Henry IX, Count of Waldeck"
"Henry IX, Count of Waldeck",child,"Wilhelm I, Count of Waldeck","Henry IX, Count of Waldeck"
"Henry IX, Count of Waldeck",child,"Otto II, Count of Waldeck","Henry IX, Count of Waldeck"
"Henry IX, Count of Waldeck",child,"Johann I, Count of Waldeck","Henry IX, Count of Waldeck"
"Henry IX, Count of Waldeck",child,"Ludwig IV, Count of Waldeck","Henry IX, Count of Waldeck"
"Henry IX, Count of Waldeck",child,Elisabeth of Waldeck,"Henry IX, Count of Waldeck"
"Henry IX, Count of Waldeck",child,Sophia of Waldeck,"Henry IX, Count of Waldeck"
"Henry IX, Count of Waldeck",child,"Johann II, Count of Waldeck","Henry IX, Count of Waldeck"
"Henry IX, Count of Waldeck",father,"Otto II, Count of Waldeck","Henry IX, Count of Waldeck"
"Henry IX, Count of Waldeck",mother,Elisabeth of Hesse,"Henry IX, Count of Waldeck"
"Henry IX, Count of Waldeck",ruled,Waldeck,"Henry IX, Count of Waldeck"
"Henry IX, Count of Waldeck",predecessor,"Otto II, Count of Waldeck","Henry IX, Count of Waldeck"
"Henry IX, Count of Waldeck",successor,"Wilhelm I, Count of Waldeck","Henry IX, Count of Waldeck"
"Henry IX, Count of Waldeck",relatedTo,Hesse,"Henry IX, Count of Waldeck"
"Henry IX, Count of Waldeck",relatedTo,Sayn,"Henry IX, Count of Waldeck"
Audio Publishers Association,instanceOf,Professional Association,Audio Publishers Association
Audio Publishers Association,established,1994,Audio Publishers Association
Audio Publishers Association,headquarteredIn,New York City,Audio Publishers Association
Audio Publishers Association,represents,Audio Publishers,Audio Publishers Association
Audio Publishers Association,mission,To promote the growth and success of the audio publishing industry.,Audio Publishers Association
Audio Publishers Association,membership,Audiobook publishers,Audio Publishers Association
Audio Publishers Association,provides,Industry advocacy,Audio Publishers Association
Audio Publishers Association,offers,Educational resources,Audio Publishers Association
Audio Publishers Association,publishes,Audio Publishing Industry Report,Audio Publishers Association
Audio Publishers Association,website,www.appassociation.org,Audio Publishers Association
Audio Publishers Association,contact,info@appassociation.org,Audio Publishers Association
Audiobook publishers,associatedWith,Audio Publishers Association,Audio Publishers Association
New York City,locatedIn,United States,Audio Publishers Association
Professional Association,hasPurpose,Advocacy and support for its members,Audio Publishers Association
Audio Publishing Industry Report,publishedBy,Audio Publishers Association,Audio Publishers Association
Audio Publishers Association,governedBy,Board of Directors,Audio Publishers Association
Audio Publishers Association,supports,Digital Audio Content,Audio Publishers Association
Audio Publishers Association,promotes,Audiobook Sales,Audio Publishers Association
Audio Publishers Association,collaboratesWith,Industry organizations,Audio Publishers Association
Audio Publishers Association,focusesOn,Audiobook Production,Audio Publishers Association
Audio Publishers Association,addresses,Industry Challenges,Audio Publishers Association
Audio Publishers Association,worksWith,Authors,Audio Publishers Association
Audio Publishers Association,worksWith,Narrators,Audio Publishers Association
Audio Publishers Association,worksWith,Distributors,Audio Publishers Association
Audio Publishers Association,worksWith,Production Companies,Audio Publishers Association
Audio Publishers Association,supports,Audiobook Accessibility,Audio Publishers Association
Audio Publishers Association,supports,Audiobook Quality,Audio Publishers Association
Audio Publishers Association,supports,Audiobook Innovation,Audio Publishers Association
Audio Publishers Association,supports,Audiobook Marketing,Audio Publishers Association
Audio Publishers Association,supports,Audiobook Distribution,Audio Publishers Association
Audio Publishers Association,supports,Audiobook Rights Management,Audio Publishers Association
Audio Publishers Association,supports,Audiobook Licensing,Audio Publishers Association
Audio Publishers Association,supports,Audiobook Metadata,Audio Publishers Association
Audio Publishers Association,supports,Audiobook Packaging,Audio Publishers Association
Audio Publishers Association,supports,Audiobook Pricing,Audio Publishers Association
Audio Publishers Association,supports,Audiobook Promotion,Audio Publishers Association
Audio Publishers Association,supports,Audiobook Legal Issues,Audio Publishers Association
Audio Publishers Association,supports,Audiobook Copyright,Audio Publishers Association
Audio Publishers Association,supports,Audiobook Standards,Audio Publishers Association
Hideaway (1937 film),instanceOf,film,Hideaway (1937 film)
Hideaway (1937 film),instanceOf,motion picture,Hideaway (1937 film)
Hideaway (1937 film),director,Frank Tuttle,Hideaway (1937 film)
Hideaway (1937 film),starring,Gary Cooper,Hideaway (1937 film)
Hideaway (1937 film),starring,Jean Harlow,Hideaway (1937 film)
Hideaway (1937 film),starring,George Raft,Hideaway (1937 film)
Hideaway (1937 film),genre,romantic drama,Hideaway (1937 film)
Hideaway (1937 film),releaseDate,1937-12-23,Hideaway (1937 film)
Hideaway (1937 film),runtime,78 minutes,Hideaway (1937 film)
Hideaway (1937 film),basedOn,The Man in the Gray Flannel Suit,Hideaway (1937 film)
Hideaway (1937 film),plot,A gambler tries to win back his lost love.,Hideaway (1937 film)
Hideaway (1937 film),productionCompany,Samuel Goldwyn Productions,Hideaway (1937 film)
Hideaway (1937 film),budget,"$1,250,000",Hideaway (1937 film)
Hideaway (1937 film),gross,"$2,287,000",Hideaway (1937 film)
Hideaway (1937 film),Cinematographer,Joseph Ruttenberg,Hideaway (1937 film)
Hideaway (1937 film),editor,William H. Ziegler,Hideaway (1937 film)
Hideaway (1937 film),writer,Samuel A. Taylor,Hideaway (1937 film)
Hideaway (1937 film),music,Franz Reichester,Hideaway (1937 film)
Hideaway (1937 film),awards,Never won any major awards,Hideaway (1937 film)
Hideaway (1937 film),sequel,The Man in the Gray Flannel Suit (1941 film),Hideaway (1937 film)
Hideaway (1937 film),prequel,None,Hideaway (1937 film)
Hideaway (1937 film),relatedTo,The Man in the Gray Flannel Suit,Hideaway (1937 film)
Hideaway (1937 film),country,United States,Hideaway (1937 film)
Hideaway (1937 film),language,English,Hideaway (1937 film)
Hideaway (1937 film),format,Black and white,Hideaway (1937 film)
Hideaway (1937 film),imdbID,0361333,Hideaway (1937 film)
Hideaway (1937 film),wikipediaID,https://en.wikipedia.org/wiki/Hideaway_(1937_film),Hideaway (1937 film)
Hideaway (1937 film),Rotten Tomatoes score,68%,Hideaway (1937 film)
Hideaway (1937 film),Metacritic score,65,Hideaway (1937 film)
Hideaway (1937 film),Film Noir,Yes,Hideaway (1937 film)
Hideaway (1937 film),Romantic Comedy,Yes,Hideaway (1937 film)
Hideaway (1937 film),Comedy,Yes,Hideaway (1937 film)
Hideaway (1937 film),Drama,Yes,Hideaway (1937 film)
Hideaway (1937 film),Starring Role,Gary Cooper,Hideaway (1937 film)
Hideaway (1937 film),Starring Role,Jean Harlow,Hideaway (1937 film)
Hideaway (1937 film),Starring Role,George Raft,Hideaway (1937 film)
Gustavo Balcázar Monzón,instanceOf,Boxer,Gustavo Balcázar Monzón
Gustavo Balcázar Monzón,nationality,Spanish,Gustavo Balcázar Monzón
Gustavo Balcázar Monzón,bornIn,Alcalá de Henares,Gustavo Balcázar Monzón
Gustavo Balcázar Monzón,dateOfBirth,1988-03-15,Gustavo Balcázar Monzón
Gustavo Balcázar Monzón,height,180 cm,Gustavo Balcázar Monzón
Gustavo Balcázar Monzón,stance,Orthodox,Gustavo Balcázar Monzón
Gustavo Balcázar Monzón,weight,69 kg,Gustavo Balcázar Monzón
Gustavo Balcázar Monzón,debut,2008-11-21,Gustavo Balcázar Monzón
Gustavo Balcázar Monzón,opponent,Ricardo Pujols,Gustavo Balcázar Monzón
Gustavo Balcázar Monzón,record,32-6-1,Gustavo Balcázar Monzón
Gustavo Balcázar Monzón,title,European Union welterweight champion,Gustavo Balcázar Monzón
Gustavo Balcázar Monzón,opponent,Jean Carlos Prada,Gustavo Balcázar Monzón
Gustavo Balcázar Monzón,opponent,Miguel Ángel Canto,Gustavo Balcázar Monzón
Gustavo Balcázar Monzón,opponent,Ricardo Martínez,Gustavo Balcázar Monzón
Gustavo Balcázar Monzón,opponent,Emanuel Navarrete,Gustavo Balcázar Monzón
Gustavo Balcázar Monzón,opponent,Josh Taylor,Gustavo Balcázar Monzón
Gustavo Balcázar Monzón,opponent,Chris Avanzado,Gustavo Balcázar Monzón
Gustavo Balcázar Monzón,opponent,Juan Carlos Payán,Gustavo Balcázar Monzón
Gustavo Balcázar Monzón,opponent,David Vázquez,Gustavo Balcázar Monzón
Gustavo Balcázar Monzón,opponent,Carlos Cuadras,Gustavo Balcázar Monzón
Gustavo Balcázar Monzón,opponent,Javier Maciel,Gustavo Balcázar Monzón
Gustavo Balcázar Monzón,opponent,Daniel Valdivia,Gustavo Balcázar Monzón
Gustavo Balcázar Monzón,opponent,Ricardo Castro,Gustavo Balcázar Monzón
Gustavo Balcázar Monzón,opponent,Juan Montiel,Gustavo Balcázar Monzón
Gustavo Balcázar Monzón,opponent,Jayson Hepworth,Gustavo Balcázar Monzón
Tsai Pai-sheng,instanceOf,Politician,Tsai Pai-sheng
Tsai Pai-sheng,instanceOf,Taiwanese politician,Tsai Pai-sheng
Tsai Pai-sheng,instanceOf,Academic,Tsai Pai-sheng
Tsai Pai-sheng,instanceOf,Professor,Tsai Pai-sheng
Tsai Pai-sheng,bornIn,"Tainan, Taiwan",Tsai Pai-sheng
Tsai Pai-sheng,dateOfBirth,1955-07-12,Tsai Pai-sheng
Tsai Pai-sheng,deathDate,2015-07-17,Tsai Pai-sheng
Tsai Pai-sheng,occupation,Professor Emeritus,Tsai Pai-sheng
Tsai Pai-sheng,affiliatedTo,National Chengchi University,Tsai Pai-sheng
Tsai Pai-sheng,fieldOfStudy,Political Science,Tsai Pai-sheng
Tsai Pai-sheng,specialization,American Politics,Tsai Pai-sheng
Tsai Pai-sheng,doctoralDegree,Ph.D.,Tsai Pai-sheng
Tsai Pai-sheng,dissertation,The American Political System,Tsai Pai-sheng
Tsai Pai-sheng,authored,The American Political System,Tsai Pai-sheng
Tsai Pai-sheng,servedAs,"Dean of the College of Liberal Arts, NCCU",Tsai Pai-sheng
Tsai Pai-sheng,servedAs,"Director-General of the Office of Research and Evaluation, MOAC",Tsai Pai-sheng
Tsai Pai-sheng,servedAs,"Professor, NCCU",Tsai Pai-sheng
Tsai Pai-sheng,memberOf,Academia Sinica,Tsai Pai-sheng
Tsai Pai-sheng,award,Order of the Recherche,Tsai Pai-sheng
Tsai Pai-sheng,award,Order of the Palms Academicians,Tsai Pai-sheng
Tsai Pai-sheng,spouse,Lin Mei-ling,Tsai Pai-sheng
Tsai Pai-sheng,children,Tsai Ing-wen,Tsai Pai-sheng
Tsai Pai-sheng,nationality,Taiwanese,Tsai Pai-sheng
"Rodrigo de Sousa Coutinho, 1st Count of Linhares",instanceOf,Person,"Rodrigo de Sousa Coutinho, 1st Count of Linhares"
"Rodrigo de Sousa Coutinho, 1st Count of Linhares",birthDate,1793-03-15,"Rodrigo de Sousa Coutinho, 1st Count of Linhares"
"Rodrigo de Sousa Coutinho, 1st Count of Linhares",deathDate,1875-05-23,"Rodrigo de Sousa Coutinho, 1st Count of Linhares"
"Rodrigo de Sousa Coutinho, 1st Count of Linhares",occupation,Count,"Rodrigo de Sousa Coutinho, 1st Count of Linhares"
"Rodrigo de Sousa Coutinho, 1st Count of Linhares",placeOfBirth,Rio de Janeiro,"Rodrigo de Sousa Coutinho, 1st Count of Linhares"
"Rodrigo de Sousa Coutinho, 1st Count of Linhares",residedIn,Linhares,"Rodrigo de Sousa Coutinho, 1st Count of Linhares"
"Rodrigo de Sousa Coutinho, 1st Count of Linhares",spouse,Maria Joaquina de Sousa Coutinho,"Rodrigo de Sousa Coutinho, 1st Count of Linhares"
"Rodrigo de Sousa Coutinho, 1st Count of Linhares",child,Rodrigo de Sousa Coutinho,"Rodrigo de Sousa Coutinho, 1st Count of Linhares"
"Rodrigo de Sousa Coutinho, 1st Count of Linhares",child,José de Sousa Coutinho,"Rodrigo de Sousa Coutinho, 1st Count of Linhares"
"Rodrigo de Sousa Coutinho, 1st Count of Linhares",child,Antônio de Sousa Coutinho,"Rodrigo de Sousa Coutinho, 1st Count of Linhares"
"Rodrigo de Sousa Coutinho, 1st Count of Linhares",child,Maria de Sousa Coutinho,"Rodrigo de Sousa Coutinho, 1st Count of Linhares"
"Rodrigo de Sousa Coutinho, 1st Count of Linhares",child,Manuel de Sousa Coutinho,"Rodrigo de Sousa Coutinho, 1st Count of Linhares"
"Rodrigo de Sousa Coutinho, 1st Count of Linhares",child,João de Sousa Coutinho,"Rodrigo de Sousa Coutinho, 1st Count of Linhares"
"Rodrigo de Sousa Coutinho, 1st Count of Linhares",child,Carolina de Sousa Coutinho,"Rodrigo de Sousa Coutinho, 1st Count of Linhares"
"Rodrigo de Sousa Coutinho, 1st Count of Linhares",child,Luísa de Sousa Coutinho,"Rodrigo de Sousa Coutinho, 1st Count of Linhares"
"Rodrigo de Sousa Coutinho, 1st Count of Linhares",child,Beatriz de Sousa Coutinho,"Rodrigo de Sousa Coutinho, 1st Count of Linhares"
Robbie Ryan,instanceOf,cinematographer,Robbie Ryan (cinematographer)
Robbie Ryan,bornIn,Dublin,Robbie Ryan (cinematographer)
Robbie Ryan,bornOn,1970-03-16,Robbie Ryan (cinematographer)
Robbie Ryan,nationality,Irish,Robbie Ryan (cinematographer)
Robbie Ryan,spouse,Sarah Ryan,Robbie Ryan (cinematographer)
Robbie Ryan,memberOf,Irish Film Institute,Robbie Ryan (cinematographer)
Robbie Ryan,workedOn,In the Heart of the Sea,Robbie Ryan (cinematographer)
Robbie Ryan,workedOn,Doubt,Robbie Ryan (cinematographer)
Robbie Ryan,workedOn,Michael Collins,Robbie Ryan (cinematographer)
Robbie Ryan,workedOn,The Guard,Robbie Ryan (cinematographer)
Robbie Ryan,workedOn,Brooklyn,Robbie Ryan (cinematographer)
Robbie Ryan,workedOn,The Banshees of Inisherin,Robbie Ryan (cinematographer)
Robbie Ryan,workedOn,Phantom Thread,Robbie Ryan (cinematographer)
Robbie Ryan,awardsReceived,BAFTA Award,Robbie Ryan (cinematographer)
Robbie Ryan,awardsReceived,Oscar Nomination,Robbie Ryan (cinematographer)
Robbie Ryan,education,"National Film School, Ireland",Robbie Ryan (cinematographer)
Robbie Ryan,occupation,cinematographer,Robbie Ryan (cinematographer)
Robbie Ryan,filmStyle,Naturalistic,Robbie Ryan (cinematographer)
Robbie Ryan,filmStyle,Realistic,Robbie Ryan (cinematographer)
Robbie Ryan,filmStyle,Cinematography,Robbie Ryan (cinematographer)
Robbie Ryan,filmStyle,Visual Storytelling,Robbie Ryan (cinematographer)
Dmitry Petrovich Dokhturov,instanceOf,Military Officer,Dmitry Petrovich Dokhturov
Dmitry Petrovich Dokhturov,nationality,Russian,Dmitry Petrovich Dokhturov
Dmitry Petrovich Dokhturov,birthDate,1966-08-15,Dmitry Petrovich Dokhturov
Dmitry Petrovich Dokhturov,birthPlace,"Moscow, Russian SFSR, Soviet Union",Dmitry Petrovich Dokhturov
Dmitry Petrovich Dokhturov,education,Moscow Higher Technical School of Radio Equipment,Dmitry Petrovich Dokhturov
Dmitry Petrovich Dokhturov,occupation,Military Officer,Dmitry Petrovich Dokhturov
Dmitry Petrovich Dokhturov,rank,Colonel General,Dmitry Petrovich Dokhturov
Dmitry Petrovich Dokhturov,serviceIn,Ministry of Defence of Russia,Dmitry Petrovich Dokhturov
Dmitry Petrovich Dokhturov,commanded,Russian Peacekeeping Forces,Dmitry Petrovich Dokhturov
Dmitry Petrovich Dokhturov,participatedIn,2008 Summer Olympics,Dmitry Petrovich Dokhturov
Dmitry Petrovich Dokhturov,spouse,Elena Dokhturova,Dmitry Petrovich Dokhturov
Dmitry Petrovich Dokhturov,children,"Dmitry Dokhturov, Yulia Dokhturova",Dmitry Petrovich Dokhturov
Dmitry Petrovich Dokhturov,awards,Order of St. George,Dmitry Petrovich Dokhturov
Dmitry Petrovich Dokhturov,awards,Order of Valor,Dmitry Petrovich Dokhturov
Dmitry Petrovich Dokhturov,awards,Order of St. Andrew,Dmitry Petrovich Dokhturov
Dmitry Petrovich Dokhturov,awards,Order of the Holy Prince Daniel of Moscow,Dmitry Petrovich Dokhturov
Dmitry Petrovich Dokhturov,militaryUnit,Russian Airborne Forces,Dmitry Petrovich Dokhturov
Dmitry Petrovich Dokhturov,militaryUnit,GRU,Dmitry Petrovich Dokhturov
Dmitry Petrovich Dokhturov,militaryUnit,General Staff of the Armed Forces of Russia,Dmitry Petrovich Dokhturov
Dmitry Petrovich Dokhturov,militaryUnit,Strategic Rocket Forces,Dmitry Petrovich Dokhturov
Dmitry Petrovich Dokhturov,militaryUnit,Ministry of Internal Affairs,Dmitry Petrovich Dokhturov
Kuzkin,locatedIn,Volgograd Oblast,"Kuzkin, Volgograd Oblast"
Kuzkin,instanceOf,Settlement,"Kuzkin, Volgograd Oblast"
Kuzkin,population,approximately 10000,"Kuzkin, Volgograd Oblast"
Kuzkin,partOf,Volgograd Krai,"Kuzkin, Volgograd Oblast"
Kuzkin,postalCode,304213,"Kuzkin, Volgograd Oblast"
Kuzkin,established,1936,"Kuzkin, Volgograd Oblast"
Kuzkin,type,Village,"Kuzkin, Volgograd Oblast"
Volgograd Oblast,instanceOf,Administrative Region,"Kuzkin, Volgograd Oblast"
Volgograd Oblast,locatedIn,Russian Federation,"Kuzkin, Volgograd Oblast"
Volgograd Oblast,population,over 1 600 000,"Kuzkin, Volgograd Oblast"
Volgograd Oblast,capital,Volgograd,"Kuzkin, Volgograd Oblast"
Kuzkin,coordinates,"55.1333° N, 48.7333° E","Kuzkin, Volgograd Oblast"
Billy Little,instanceOf,rugby league player,"Billy Little (rugby league, born 1911)"
Billy Little,birthDate,1911,"Billy Little (rugby league, born 1911)"
Billy Little,occupation,rugby league player,"Billy Little (rugby league, born 1911)"
Billy Little,sport,rugby league,"Billy Little (rugby league, born 1911)"
Billy Little,birthPlace,Australia,"Billy Little (rugby league, born 1911)"
Billy Little,deathDate,1980,"Billy Little (rugby league, born 1911)"
Billy Little,deathPlace,Sydney,"Billy Little (rugby league, born 1911)"
Billy Little,position,fullback,"Billy Little (rugby league, born 1911)"
Billy Little,team,Eastern Suburbs,"Billy Little (rugby league, born 1911)"
Billy Little,team,New South Wales,"Billy Little (rugby league, born 1911)"
Billy Little,team,Australia,"Billy Little (rugby league, born 1911)"
Billy Little,yearsActive,1931-1939,"Billy Little (rugby league, born 1911)"
Edward D. Sheafer Jr.,instanceOf,American author,Edward D. Sheafer Jr.
Edward D. Sheafer Jr.,instanceOf,Historian,Edward D. Sheafer Jr.
Edward D. Sheafer Jr.,instanceOf,Journalist,Edward D. Sheafer Jr.
Edward D. Sheafer Jr.,bornIn,New York City,Edward D. Sheafer Jr.
Edward D. Sheafer Jr.,occupation,Author,Edward D. Sheafer Jr.
Edward D. Sheafer Jr.,occupation,Historian,Edward D. Sheafer Jr.
Edward D. Sheafer Jr.,occupation,Journalist,Edward D. Sheafer Jr.
Edward D. Sheafer Jr.,wrote,The American Revolution: Readings in Law,Edward D. Sheafer Jr.
Edward D. Sheafer Jr.,wrote,The American Revolution: A Documentary History,Edward D. Sheafer Jr.
Edward D. Sheafer Jr.,wrote,The American Revolution: A Documentary History of the Period 1763-1783,Edward D. Sheafer Jr.
Edward D. Sheafer Jr.,deathDate,1983-03-18,Edward D. Sheafer Jr.
Edward D. Sheafer Jr.,birthDate,1913-05-16,Edward D. Sheafer Jr.
Edward D. Sheafer Jr.,nationality,American,Edward D. Sheafer Jr.
Edward D. Sheafer Jr.,education,Harvard University,Edward D. Sheafer Jr.
Edward D. Sheafer Jr.,affiliatedWith,Columbia University,Edward D. Sheafer Jr.
Edward D. Sheafer Jr.,affiliatedWith,New York University,Edward D. Sheafer Jr.
Edward D. Sheafer Jr.,fieldOfStudy,History,Edward D. Sheafer Jr.
Brian Altman (poker player),instanceOf,Poker Player,Brian Altman (poker player)
Brian Altman (poker player),bornIn,New York City,Brian Altman (poker player)
Brian Altman (poker player),occupation,Professional Poker Player,Brian Altman (poker player)
Brian Altman (poker player),plays,No-Limit Hold'em,Brian Altman (poker player)
Brian Altman (poker player),participatedIn,World Series of Poker,Brian Altman (poker player)
Brian Altman (poker player),won,"$1,500,000",Brian Altman (poker player)
Brian Altman (poker player),won,WSOP Circuit Series,Brian Altman (poker player)
Brian Altman (poker player),won,2017 WSOP Circuit Series,Brian Altman (poker player)
Brian Altman (poker player),won,2018 WSOP Circuit Series,Brian Altman (poker player)
Brian Altman (poker player),won,2019 WSOP Circuit Series,Brian Altman (poker player)
Brian Altman (poker player),won,2020 WSOP Circuit Series,Brian Altman (poker player)
Brian Altman (poker player),won,2021 WSOP Circuit Series,Brian Altman (poker player)
Brian Altman (poker player),won,2022 WSOP Circuit Series,Brian Altman (poker player)
Brian Altman (poker player),playsAgainst,Phil Ivey,Brian Altman (poker player)
Brian Altman (poker player),playsAgainst,Daniel Negreanu,Brian Altman (poker player)
Brian Altman (poker player),playsAgainst,Justin Bonomo,Brian Altman (poker player)
Brian Altman (poker player),livesIn,Las Vegas,Brian Altman (poker player)
Brian Altman (poker player),isA,American,Brian Altman (poker player)
Brian Altman (poker player),hasSkillIn,No-Limit Texas Hold'em,Brian Altman (poker player)
Brian Altman (poker player),hasSkillIn,Pot-Limit Omaha,Brian Altman (poker player)
Brian Altman (poker player),hasSkillIn,Six-Max Poker,Brian Altman (poker player)
Brian Altman (poker player),isKnownFor,Aggressive Playstyle,Brian Altman (poker player)
Brian Altman (poker player),isKnownFor,High-Stakes Poker,Brian Altman (poker player)
Brian Altman (poker player),isKnownFor,Tournament Success,Brian Altman (poker player)
Brian Altman (poker player),registeredAt,World Series of Poker,Brian Altman (poker player)
Brian Altman (poker player),registeredAt,WSOP Circuit Series,Brian Altman (poker player)
Krouna train accident,instanceOf,rail disaster,Krouna train accident
Krouna train accident,location,"Krouna, Algeria",Krouna train accident
Krouna train accident,date,2023-03-07,Krouna train accident
Krouna train accident,fatalities,47,Krouna train accident
Krouna train accident,injuries,229,Krouna train accident
Krouna train accident,train,Train AL 20,Krouna train accident
Krouna train accident,cause,mechanical failure,Krouna train accident
Krouna train accident,operator,SNCF Afrique du Nord,Krouna train accident
Krouna train accident,country,Algeria,Krouna train accident
Krouna train accident,region,Bejaia Province,Krouna train accident
Krouna train accident,affected_area,Krouna station,Krouna train accident
Krouna train accident,type,train derailment,Krouna train accident
Krouna train accident,response,emergency services dispatched,Krouna train accident
Krouna train accident,investigation,ongoing,Krouna train accident
Krouna train accident,impact,significant disruption to rail services,Krouna train accident
Krouna train accident,involved_parties,"passengers, railway staff",Krouna train accident
Krouna train accident,severity,high,Krouna train accident
Krouna train accident,related_news,Numerous news reports and articles,Krouna train accident
Krouna train accident,witnesses,Several eyewitness accounts,Krouna train accident
Krouna train accident,damage,"railway tracks, infrastructure",Krouna train accident
Krouna train accident,transportation,passenger rail,Krouna train accident
Krouna train accident,consequences,"human suffering, economic impact",Krouna train accident
Krouna train accident,rescue_operations,carried out by local authorities,Krouna train accident
Krouna train accident,affected_communities,Krouna and surrounding areas,Krouna train accident
Krouna train accident,official_statement,SNCF issued a statement,Krouna train accident
Krouna train accident,timeline,Accident occurred in the morning,Krouna train accident
Jim Cox,instanceOf,Baseball player,Jim Cox (baseball)
Jim Cox,bornIn,"Burbank, California",Jim Cox (baseball)
Jim Cox,debutDate,1969-04-12,Jim Cox (baseball)
Jim Cox,team,Los Angeles Dodgers,Jim Cox (baseball)
Jim Cox,team,New York Mets,Jim Cox (baseball)
Jim Cox,team,Pittsburgh Pirates,Jim Cox (baseball)
Jim Cox,team,San Francisco Giants,Jim Cox (baseball)
Jim Cox,position,Shortstop,Jim Cox (baseball)
Jim Cox,team,Chicago White Sox,Jim Cox (baseball)
Jim Cox,team,Oakland Athletics,Jim Cox (baseball)
Jim Cox,year,1973,Jim Cox (baseball)
Jim Cox,year,1974,Jim Cox (baseball)
Jim Cox,year,1975,Jim Cox (baseball)
Jim Cox,year,1976,Jim Cox (baseball)
Jim Cox,year,1977,Jim Cox (baseball)
Jim Cox,year,1978,Jim Cox (baseball)
Jim Cox,year,1979,Jim Cox (baseball)
Jim Cox,year,1980,Jim Cox (baseball)
Jim Cox,year,1981,Jim Cox (baseball)
Jim Cox,year,1982,Jim Cox (baseball)
Jim Cox,year,1983,Jim Cox (baseball)
Jim Cox,year,1984,Jim Cox (baseball)
Jim Cox,year,1985,Jim Cox (baseball)
Jim Cox,year,1986,Jim Cox (baseball)
Jim Cox,year,1987,Jim Cox (baseball)
Jim Cox,year,1988,Jim Cox (baseball)
Jim Cox,year,1989,Jim Cox (baseball)
Jim Cox,year,1990,Jim Cox (baseball)
Jim Cox,year,1991,Jim Cox (baseball)
Jim Cox,year,1992,Jim Cox (baseball)
Jim Cox,year,1993,Jim Cox (baseball)
Jim Cox,year,1994,Jim Cox (baseball)
Jim Cox,year,1995,Jim Cox (baseball)
Jim Cox,year,1996,Jim Cox (baseball)
Jim Cox,year,1997,Jim Cox (baseball)
Jim Cox,year,1998,Jim Cox (baseball)
Jim Cox,year,1999,Jim Cox (baseball)
Jim Cox,year,2000,Jim Cox (baseball)
John Ireland,instanceOf,cricketer,John Ireland (cricketer)
John Ireland,dateOfBirth,1981-07-06,John Ireland (cricketer)
John Ireland,placeOfBirth,Dublin,John Ireland (cricketer)
John Ireland,playsFor,Leinster,John Ireland (cricketer)
John Ireland,bowls,right-arm,John Ireland (cricketer)
John Ireland,batting,right-handed,John Ireland (cricketer)
John Ireland,testMatchesPlayed,38,John Ireland (cricketer)
John Ireland,odiMatchesPlayed,135,John Ireland (cricketer)
John Ireland,firstClassMatchesPlayed,113,John Ireland (cricketer)
John Ireland,fcMatchesPlayedFor,Leinster,John Ireland (cricketer)
John Ireland,runsScored,3567,John Ireland (cricketer)
John Ireland,highestScore,144,John Ireland (cricketer)
John Ireland,centuries,15,John Ireland (cricketer)
John Ireland,wides,133,John Ireland (cricketer)
John Ireland,noBalls,118,John Ireland (cricketer)
John Ireland,runsGivenAway,1234,John Ireland (cricketer)
John Ireland,wicketsTaken,32,John Ireland (cricketer)
John Ireland,economyRate,3.2,John Ireland (cricketer)
John Ireland,internationalDebut,2003-04-26,John Ireland (cricketer)
John Ireland,team,Ireland cricket team,John Ireland (cricketer)
John Ireland,role,all-rounder,John Ireland (cricketer)
John Ireland,captain,false,John Ireland (cricketer)
John Ireland,currentStatus,retired,John Ireland (cricketer)
John Ireland,country,Ireland,John Ireland (cricketer)
Australia at the 2018 Winter Olympics,instanceOf,Country,Australia at the 2018 Winter Olympics
Australia at the 2018 Winter Olympics,participatedIn,2018 Winter Olympics,Australia at the 2018 Winter Olympics
Australia at the 2018 Winter Olympics,hostedBy,South Korea,Australia at the 2018 Winter Olympics
Australia at the 2018 Winter Olympics,medalsWon,11,Australia at the 2018 Winter Olympics
Australia at the 2018 Winter Olympics,athletesParticipated,22,Australia at the 2018 Winter Olympics
Australia at the 2018 Winter Olympics,sport,Ice hockey,Australia at the 2018 Winter Olympics
Australia at the 2018 Winter Olympics,sport,Snowboarding,Australia at the 2018 Winter Olympics
Australia at the 2018 Winter Olympics,sport,Speed skating,Australia at the 2018 Winter Olympics
Australia at the 2018 Winter Olympics,sport,Cross-country skiing,Australia at the 2018 Winter Olympics
Australia at the 2018 Winter Olympics,sport,Alpine skiing,Australia at the 2018 Winter Olympics
Australia at the 2018 Winter Olympics,sport,Curling,Australia at the 2018 Winter Olympics
Australia at the 2018 Winter Olympics,sport,Skeleton,Australia at the 2018 Winter Olympics
Australia at the 2018 Winter Olympics,sport,Bobsleigh,Australia at the 2018 Winter Olympics
Australia at the 2018 Winter Olympics,sport,Luge,Australia at the 2018 Winter Olympics
Australia at the 2018 Winter Olympics,countryCode,AU,Australia at the 2018 Winter Olympics
Australia at the 2018 Winter Olympics,countryName,Australia,Australia at the 2018 Winter Olympics
2018 Winter Olympics,location,Pyeongchang,Australia at the 2018 Winter Olympics
Australia at the 2018 Winter Olympics,teamLeader,Geoff Culbert,Australia at the 2018 Winter Olympics
Australia at the 2018 Winter Olympics,officialMascot,Icy,Australia at the 2018 Winter Olympics
Australia at the 2018 Winter Olympics,flag,Australian flag,Australia at the 2018 Winter Olympics
Australia at the 2018 Winter Olympics,officialSong,The Spirit of the Games,Australia at the 2018 Winter Olympics
Australia at the 2018 Winter Olympics,ranking,17,Australia at the 2018 Winter Olympics
Australia at the 2018 Winter Olympics,totalEvents,18,Australia at the 2018 Winter Olympics
Australia at the 2018 Winter Olympics,totalAthletes,22,Australia at the 2018 Winter Olympics
Australia at the 2018 Winter Olympics,goldMedals,2,Australia at the 2018 Winter Olympics
Australia at the 2018 Winter Olympics,silverMedals,5,Australia at the 2018 Winter Olympics
Australia at the 2018 Winter Olympics,bronzeMedals,4,Australia at the 2018 Winter Olympics
Australia at the 2018 Winter Olympics,country,United States of America,Australia at the 2018 Winter Olympics
Australia at the 2018 Winter Olympics,country,Canada,Australia at the 2018 Winter Olympics
Australia at the 2018 Winter Olympics,country,China,Australia at the 2018 Winter Olympics
Australia at the 2018 Winter Olympics,country,Russia,Australia at the 2018 Winter Olympics
Australia at the 2018 Winter Olympics,country,Germany,Australia at the 2018 Winter Olympics
Australia at the 2018 Winter Olympics,country,Norway,Australia at the 2018 Winter Olympics
Australia at the 2018 Winter Olympics,country,Switzerland,Australia at the 2018 Winter Olympics
Australia at the 2018 Winter Olympics,country,Austria,Australia at the 2018 Winter Olympics
Australia at the 2018 Winter Olympics,country,France,Australia at the 2018 Winter Olympics
Australia at the 2018 Winter Olympics,country,Italy,Australia at the 2018 Winter Olympics
Australia at the 2018 Winter Olympics,country,Japan,Australia at the 2018 Winter Olympics
Australia at the 2018 Winter Olympics,country,United Kingdom,Australia at the 2018 Winter Olympics
Australia at the 2018 Winter Olympics,country,Sweden,Australia at the 2018 Winter Olympics
Australia at the 2018 Winter Olympics,country,Netherlands,Australia at the 2018 Winter Olympics
Australia at the 2018 Winter Olympics,country,Belgium,Australia at the 2018 Winter Olympics
Australia at the 2018 Winter Olympics,country,Czech Republic,Australia at the 2018 Winter Olympics
Australia at the 2018 Winter Olympics,country,Slovakia,Australia at the 2018 Winter Olympics
Australia at the 2018 Winter Olympics,country,Finland,Australia at the 2018 Winter Olympics
Australia at the 2018 Winter Olympics,country,Denmark,Australia at the 2018 Winter Olympics
Australia at the 2018 Winter Olympics,country,Spain,Australia at the 2018 Winter Olympics
Australia at the 2018 Winter Olympics,country,Latvia,Australia at the 2018 Winter Olympics
Australia at the 2018 Winter Olympics,country,Estonia,Australia at the 2018 Winter Olympics
Australia at the 2018 Winter Olympics,country,Belarus,Australia at the 2018 Winter Olympics
Australia at the 2018 Winter Olympics,country,Kazakhstan,Australia at the 2018 Winter Olympics
Australia at the 2018 Winter Olympics,country,South Korea,Australia at the 2018 Winter Olympics
NGC 4999,instanceOf,galaxy,NGC 4999
NGC 4999,locatedIn,Pisces constellation,NGC 4999
NGC 4999,distanceFrom,Earth,NGC 4999
NGC 4999,distanceFrom,14.6 Mpc,NGC 4999
NGC 4999,diameter,"180,000 light-years",NGC 4999
NGC 4999,type,elliptical galaxy,NGC 4999
NGC 4999,luminosity,100 billion solar masses,NGC 4999
NGC 4999,velocity,320 km/s,NGC 4999
NGC 4999,merger,NGC 4889,NGC 4999
NGC 4999,merger,interaction with galaxy cluster,NGC 4999
NGC 4999,redshift,0.0117,NGC 4999
NGC 4999,hostGalaxy,Bullet Cluster,NGC 4999
NGC 4999,mass,100 billion solar masses,NGC 4999
NGC 4999,age,10 billion years,NGC 4999
NGC 4999,galacticBulge,large,NGC 4999
NGC 4999,galacticHalo,extended,NGC 4999
NGC 4999,starFormationRate,low,NGC 4999
NGC 4999,gasComposition,primarily hydrogen and helium,NGC 4999
NGC 4999,metalContent,low,NGC 4999
NGC 4999,environment,dense environment,NGC 4999
NGC 4999,galaxyCluster,Abell 2744,NGC 4999
NGC 4999,galaxyType,cD galaxy,NGC 4999
NGC 4999,opticalMorphology,relaxed,NGC 4999
NGC 4999,radioMorphology,diffuse radio emission,NGC 4999
NGC 4999,XrayEmission,detected,NGC 4999
NGC 4999,tidalFeatures,evident,NGC 4999
NGC 4999,satelliteGalaxies,multiple,NGC 4999
NGC 4999,massRatio,approximately 3:1 with NGC 4889,NGC 4999
Marcell Ateman,instanceOf,American football player,Marcell Ateman
Marcell Ateman,position,Wide receiver,Marcell Ateman
Marcell Ateman,college,Iowa State University,Marcell Ateman
Marcell Ateman,drafted,2023 NFL Draft,Marcell Ateman
Marcell Ateman,drafted_round,3,Marcell Ateman
Marcell Ateman,drafted_number,72,Marcell Ateman
Marcell Ateman,team,Minnesota Vikings,Marcell Ateman
Marcell Ateman,height,6 ft 1 in (185 cm),Marcell Ateman
Marcell Ateman,weight,190 lb (86 kg),Marcell Ateman
Marcell Ateman,born,1999-12-21,Marcell Ateman
Marcell Ateman,number_Jersey,16,Marcell Ateman
Marcell Ateman,college_team,Iowa State Cyclones,Marcell Ateman
Marcell Ateman,college_position,Wide receiver,Marcell Ateman
Marcell Ateman,NFL_team,Minnesota Vikings,Marcell Ateman
Marcell Ateman,NFL_number,16,Marcell Ateman
Marcell Ateman,player_ID,10531888,Marcell Ateman
Brown-snouted blind snake,instanceOf,snake,Brown-snouted blind snake
Brown-snouted blind snake,instanceOf,reptile,Brown-snouted blind snake
Brown-snouted blind snake,habitat,New Georgia,Brown-snouted blind snake
Brown-snouted blind snake,habitat,Australia,Brown-snouted blind snake
Brown-snouted blind snake,habitat,Papua New Guinea,Brown-snouted blind snake
Brown-snouted blind snake,diet,invertebrates,Brown-snouted blind snake
Brown-snouted blind snake,diet,small invertebrates,Brown-snouted blind snake
Brown-snouted blind snake,size,15-20 cm,Brown-snouted blind snake
Brown-snouted blind snake,color,brown,Brown-snouted blind snake
Brown-snouted blind snake,color,grey,Brown-snouted blind snake
Brown-snouted blind snake,behavior,burrowing,Brown-snouted blind snake
Brown-snouted blind snake,behavior,nocturnal,Brown-snouted blind snake
Brown-snouted blind snake,conservationStatus,Least Concern,Brown-snouted blind snake
Brown-snouted blind snake,scientificName,Ramphotyphlops braminus,Brown-snouted blind snake
Brown-snouted blind snake,family,Caenidae,Brown-snouted blind snake
Brown-snouted blind snake,genus,Ramphotyphlops,Brown-snouted blind snake
Brown-snouted blind snake,distribution,Southeast Asia,Brown-snouted blind snake
Brown-snouted blind snake,distribution,Pacific Islands,Brown-snouted blind snake
Brown-snouted blind snake,distribution,Australia,Brown-snouted blind snake
Brown-snouted blind snake,distribution,New Zealand,Brown-snouted blind snake
Brown-snouted blind snake,venomous,no,Brown-snouted blind snake
Brown-snouted blind snake,reproduction,oviparous,Brown-snouted blind snake
Brown-snouted blind snake,reproduction,lays eggs,Brown-snouted blind snake
Brown-snouted blind snake,prey,maggots,Brown-snouted blind snake
Brown-snouted blind snake,prey,earthworms,Brown-snouted blind snake
Brown-snouted blind snake,prey,small insects,Brown-snouted blind snake
Brown-snouted blind snake,conservationStatus,IUCN,Brown-snouted blind snake
Brown-snouted blind snake,conservationStatus,Listed,Brown-snouted blind snake
Djamel Ibouzidène,instanceOf,Person,Djamel Ibouzidène
Djamel Ibouzidène,bornIn,Algeria,Djamel Ibouzidène
Djamel Ibouzidène,occupation,Footballer,Djamel Ibouzidène
Djamel Ibouzidène,playsFor,RC Arberbiller,Djamel Ibouzidène
Djamel Ibouzidène,position,Midfielder,Djamel Ibouzidène
Djamel Ibouzidène,dateOfBirth,1988-03-12,Djamel Ibouzidène
Djamel Ibouzidène,nationality,Algerian,Djamel Ibouzidène
Djamel Ibouzidène,height,1.83 m,Djamel Ibouzidène
Djamel Ibouzidène,weight,75 kg,Djamel Ibouzidène
Djamel Ibouzidène,jerseyNumber,10,Djamel Ibouzidène
Djamel Ibouzidène,clubCareer,RC Arberbiller,Djamel Ibouzidène
Djamel Ibouzidène,youthClub,ES Rouiba,Djamel Ibouzidène
Djamel Ibouzidène,internationalDebut,2008,Djamel Ibouzidène
Djamel Ibouzidène,internationalAppearances,15,Djamel Ibouzidène
Djamel Ibouzidène,internationalGoals,0,Djamel Ibouzidène
Djamel Ibouzidène,spouse,Nadia Ibouzidène,Djamel Ibouzidène
"St Peter Parmentergate, Norwich",instanceOf,Church,"St Peter Parmentergate, Norwich"
"St Peter Parmentergate, Norwich",instanceOf,Anglican Church,"St Peter Parmentergate, Norwich"
"St Peter Parmentergate, Norwich",locatedIn,Norwich,"St Peter Parmentergate, Norwich"
"St Peter Parmentergate, Norwich",locatedIn,Norfolk,"St Peter Parmentergate, Norwich"
"St Peter Parmentergate, Norwich",hasStonework,Stone,"St Peter Parmentergate, Norwich"
"St Peter Parmentergate, Norwich",hasWindows,Gothic Windows,"St Peter Parmentergate, Norwich"
"St Peter Parmentergate, Norwich",hasDoor,Wooden Door,"St Peter Parmentergate, Norwich"
"St Peter Parmentergate, Norwich",hasBell,Church Bell,"St Peter Parmentergate, Norwich"
"St Peter Parmentergate, Norwich",isListed,Grade II,"St Peter Parmentergate, Norwich"
"St Peter Parmentergate, Norwich",dateBuilt,13th Century,"St Peter Parmentergate, Norwich"
"St Peter Parmentergate, Norwich",architect,Unknown,"St Peter Parmentergate, Norwich"
"St Peter Parmentergate, Norwich",hasAltar,Stone Altar,"St Peter Parmentergate, Norwich"
"St Peter Parmentergate, Norwich",hasChancel,Stone Chancel,"St Peter Parmentergate, Norwich"
"St Peter Parmentergate, Norwich",hasNorthPorch,Stone North Porch,"St Peter Parmentergate, Norwich"
"St Peter Parmentergate, Norwich",hasSouthPorch,Stone South Porch,"St Peter Parmentergate, Norwich"
"St Peter Parmentergate, Norwich",hasVestry,Wooden Vestry,"St Peter Parmentergate, Norwich"
"St Peter Parmentergate, Norwich",hasCrypt,Stone Crypt,"St Peter Parmentergate, Norwich"
"St Peter Parmentergate, Norwich",hasStainedGlass,Stained Glass Windows,"St Peter Parmentergate, Norwich"
"St Peter Parmentergate, Norwich",hasOrgan,Pipe Organ,"St Peter Parmentergate, Norwich"
"St Peter Parmentergate, Norwich",hasBaptistry,Stone Baptistry,"St Peter Parmentergate, Norwich"
"St Peter Parmentergate, Norwich",hasFont,Stone Font,"St Peter Parmentergate, Norwich"
"St Peter Parmentergate, Norwich",hasRoodScreen,Stone Rood Screen,"St Peter Parmentergate, Norwich"
"St Peter Parmentergate, Norwich",hasPulpit,Wooden Pulpit,"St Peter Parmentergate, Norwich"
"St Peter Parmentergate, Norwich",hasLectern,Wooden Lectern,"St Peter Parmentergate, Norwich"
"St Peter Parmentergate, Norwich",hasMemorials,Stone Memorials,"St Peter Parmentergate, Norwich"
"St Peter Parmentergate, Norwich",hasChancelScreen,Stone Chancel Screen,"St Peter Parmentergate, Norwich"
"St Peter Parmentergate, Norwich",hasGallery,Wooden Gallery,"St Peter Parmentergate, Norwich"
"St Peter Parmentergate, Norwich",hasTower,Stone Tower,"St Peter Parmentergate, Norwich"
"St Peter Parmentergate, Norwich",hasClock,Clock,"St Peter Parmentergate, Norwich"
"St Peter Parmentergate, Norwich",hasRoof,Slate Roof,"St Peter Parmentergate, Norwich"
"St Peter Parmentergate, Norwich",hasFloor,Stone Floor,"St Peter Parmentergate, Norwich"
"St Peter Parmentergate, Norwich",hasVestryDoor,Wooden Vestry Door,"St Peter Parmentergate, Norwich"
"St Peter Parmentergate, Norwich",hasSideChapel,Stone Side Chapel,"St Peter Parmentergate, Norwich"
1971 Tour of Flanders,startDate,1971-04-22,1971 Tour of Flanders
1971 Tour of Flanders,endDate,1971-04-23,1971 Tour of Flanders
1971 Tour of Flanders,numberOfStages,3,1971 Tour of Flanders
1971 Tour of Flanders,location,Belgium,1971 Tour of Flanders
1971 Tour of Flanders,winner,Eddy Merckx,1971 Tour of Flanders
1971 Tour of Flanders,runnerUp,Jan Janssen,1971 Tour of Flanders
1971 Tour of Flanders,thirdPlace,Bernard Hinault,1971 Tour of Flanders
1971 Tour of Flanders,raceType,Road Cycling,1971 Tour of Flanders
1971 Tour of Flanders,UCICode,FLN,1971 Tour of Flanders
1971 Tour of Flanders,instanceOf,Cycling Race,1971 Tour of Flanders
1971 Tour of Flanders,instanceOf,Road Race,1971 Tour of Flanders
1971 Tour of Flanders,partOf,Grand Tour of Europe,1971 Tour of Flanders
Eddy Merckx,won,1971 Tour of Flanders,1971 Tour of Flanders
Jan Janssen,finishedSecond,1971 Tour of Flanders,1971 Tour of Flanders
Bernard Hinault,finishedThird,1971 Tour of Flanders,1971 Tour of Flanders
1971 Tour of Flanders,heldIn,Flanders,1971 Tour of Flanders
1971 Tour of Flanders,distance,203 km,1971 Tour of Flanders
1971 Tour of Flanders,averageSpeed,42.3 km/h,1971 Tour of Flanders
1971 Tour of Flanders,stage1Distance,66 km,1971 Tour of Flanders
1971 Tour of Flanders,stage2Distance,72 km,1971 Tour of Flanders
1971 Tour of Flanders,stage3Distance,65 km,1971 Tour of Flanders
1971 Tour of Flanders,team,Rabco-Merlin,1971 Tour of Flanders
1971 Tour of Flanders,broadcast,NOS,1971 Tour of Flanders
1971 Tour of Flanders,spectators,"100,000",1971 Tour of Flanders
1971 Tour of Flanders,weather,Sunny,1971 Tour of Flanders
1971 Tour of Flanders,terrain,Hilly,1971 Tour of Flanders
1971 Tour of Flanders,supportedBy,Campana,1971 Tour of Flanders
1971 Tour of Flanders,organizer,Union Cycliste Internationale,1971 Tour of Flanders
1971 Tour of Flanders,startCity,Loos-en-Bar,1971 Tour of Flanders
1971 Tour of Flanders,finishCity,Roulers,1971 Tour of Flanders
1971 Tour of Flanders,yellowJersey,Eddy Merckx,1971 Tour of Flanders
1971 Tour of Flanders,pointsJersey,Eddy Merckx,1971 Tour of Flanders
1971 Tour of Flanders,mountainJersey,null,1971 Tour of Flanders
1971 Tour of Flanders,timeTrial,null,1971 Tour of Flanders
1971 Tour of Flanders,stage1Winner,Jan Merckx,1971 Tour of Flanders
1971 Tour of Flanders,stage2Winner,Jan Janssen,1971 Tour of Flanders
1971 Tour of Flanders,stage3Winner,Eddy Merckx,1971 Tour of Flanders
1971 Tour of Flanders,raceNumber,1971,1971 Tour of Flanders
1971 Tour of Flanders,country,Belgium,1971 Tour of Flanders
1971 Tour of Flanders,region,Flanders,1971 Tour of Flanders
1971 Tour of Flanders,sponsor,Colnago,1971 Tour of Flanders
1971 Tour of Flanders,television,Televisi,1971 Tour of Flanders
1971 Tour of Flanders,mediaCoverage,Radio,1971 Tour of Flanders
1971 Tour of Flanders,historicalSignificance,First victory for Merckx,1971 Tour of Flanders
1971 Tour of Flanders,legacy,Influenced future races,1971 Tour of Flanders
1971 Tour of Flanders,postRaceAnalysis,Detailed reports in cycling magazines,1971 Tour of Flanders
1971 Tour of Flanders,fanReaction,Enthusiastic support from local fans,1971 Tour of Flanders
Never Worn White,instanceOf,Fashion Rule,Never Worn White
Never Worn White,relatedTo,Color Theory,Never Worn White
Never Worn White,relatedTo,Social Etiquette,Never Worn White
Never Worn White,oftenAssociatedWith,Wedding Attire,Never Worn White
Never Worn White,contradicts,Wearing White,Never Worn White
Never Worn White,isA,Fashion Guideline,Never Worn White
Never Worn White,impacts,Clothing Choices,Never Worn White
Never Worn White,considered,A traditional rule,Never Worn White
Never Worn White,originatesFrom,Victorian Era,Never Worn White
Never Worn White,influencedBy,Social Class,Never Worn White
Never Worn White,relatedTo,Formal Wear,Never Worn White
Never Worn White,oftenDiscussedIn,Style Guides,Never Worn White
Never Worn White,isAbout,Color Combinations,Never Worn White
Never Worn White,challenges,Modern Fashion,Never Worn White
Never Worn White,partOf,Fashion History,Never Worn White
Never Worn White,isA,Cultural Norm,Never Worn White
Never Worn White,canBeBroken,With Intentional Style,Never Worn White
Never Worn White,isRelatedTo,Color Psychology,Never Worn White
Never Worn White,isA,Fashion Principle,Never Worn White
Never Worn White,isA,Style Restriction,Never Worn White
Never Worn White,isA,Fashion Convention,Never Worn White
Never Worn White,isA,Dress Code Guideline,Never Worn White
Never Worn White,isA,Fashion Tradition,Never Worn White
Never Worn White,isA,Style Suggestion,Never Worn White
Never Worn White,isA,Fashion Advice,Never Worn White
Never Worn White,isA,Fashion Tip,Never Worn White
Never Worn White,isA,Fashion Protocol,Never Worn White
Never Worn White,isA,Fashion Standard,Never Worn White
Never Worn White,isA,Fashion Practice,Never Worn White
Never Worn White,isA,Fashion Custom,Never Worn White
Never Worn White,isA,Fashion Law,Never Worn White
Never Worn White,isA,Fashion Regulation,Never Worn White
Never Worn White,isA,Fashion Rulebook,Never Worn White
Never Worn White,isA,Fashion Manual,Never Worn White
Never Worn White,isA,Fashion Guide,Never Worn White
Never Worn White,isA,Fashion Resource,Never Worn White
Never Worn White,isA,Fashion Reference,Never Worn White
Never Worn White,isA,Fashion Encyclopedia,Never Worn White
Never Worn White,isA,Fashion Lexicon,Never Worn White
Never Worn White,isA,Fashion Dictionary,Never Worn White
Never Worn White,isA,Fashion Thesaurus,Never Worn White
Never Worn White,isA,Fashion Glossary,Never Worn White
Never Worn White,isA,Fashion Compendium,Never Worn White
Never Worn White,isA,Fashion Archive,Never Worn White
Never Worn White,isA,Fashion Collection,Never Worn White
Never Worn White,isA,Fashion Trend,Never Worn White
Never Worn White,isA,Fashion Movement,Never Worn White
Never Worn White,isA,Fashion Era,Never Worn White
Never Worn White,isA,Fashion Decade,Never Worn White
Never Worn White,isA,Fashion Century,Never Worn White
Never Worn White,isA,Fashion Period,Never Worn White
Never Worn White,isA,Fashion Age,Never Worn White
Never Worn White,isA,Fashion Style,Never Worn White
Never Worn White,isA,Fashion Look,Never Worn White
Never Worn White,isA,Fashion Outfit,Never Worn White
Never Worn White,isA,Fashion Ensemble,Never Worn White
Never Worn White,isA,Fashion Silhouette,Never Worn White
Never Worn White,isA,Fashion Design,Never Worn White
Never Worn White,isA,Fashion Innovation,Never Worn White
Never Worn White,isA,Fashion Experiment,Never Worn White
Never Worn White,isA,Fashion Statement,Never Worn White
Never Worn White,isA,Fashion Expression,Never Worn White
Never Worn White,isA,Fashion Identity,Never Worn White
Never Worn White,isA,Fashion Personality,Never Worn White
Never Worn White,isA,Fashion Brand,Never Worn White
Never Worn White,isA,Fashion House,Never Worn White
Never Worn White,isA,Fashion Designer,Never Worn White
Never Worn White,isA,Fashion Influencer,Never Worn White
Never Worn White,isA,Fashion Blogger,Never Worn White
Never Worn White,isA,Fashion Journalist,Never Worn White
Never Worn White,isA,Fashion Critic,Never Worn White
Never Worn White,isA,Fashion Photographer,Never Worn White
Never Worn White,isA,Fashion Stylist,Never Worn White
Never Worn White,isA,Fashion Model,Never Worn White
Never Worn White,isA,Fashion Buyer,Never Worn White
Never Worn White,isA,Fashion Retailer,Never Worn White
Never Worn White,isA,Fashion Distributor,Never Worn White
Never Worn White,isA,Fashion Wholesaler,Never Worn White
Never Worn White,isA,Fashion Manufacturer,Never Worn White
Never Worn White,isA,Fashion Producer,Never Worn White
Never Worn White,isA,Fashion Provider,Never Worn White
Never Worn White,isA,Fashion Supplier,Never Worn White
Never Worn White,isA,Fashion Vendor,Never Worn White
Never Worn White,isA,Fashion Agent,Never Worn White
Never Worn White,isA,Fashion Broker,Never Worn White
Never Worn White,isA,Fashion Consultant,Never Worn White
Never Worn White,isA,Fashion Advisor,Never Worn White
Never Worn White,isA,Fashion Mentor,Never Worn White
Never Worn White,isA,Fashion Coach,Never Worn White
Never Worn White,isA,Fashion Trainer,Never Worn White
Never Worn White,isA,Fashion Educator,Never Worn White
Never Worn White,isA,Fashion Researcher,Never Worn White
Never Worn White,isA,Fashion Analyst,Never Worn White
Never Worn White,isA,Fashion Strategist,Never Worn White
Never Worn White,isA,Fashion Planner,Never Worn White
Never Worn White,isA,Fashion Project Manager,Never Worn White
Never Worn White,isA,Fashion Event Planner,Never Worn White
Never Worn White,isA,Fashion Show Producer,Never Worn White
Never Worn White,isA,Fashion Exhibition Organizer,Never Worn White
Never Worn White,isA,Fashion Trade Show Organizer,Never Worn White
Never Worn White,isA,Fashion Conference Organizer,Never Worn White
Never Worn White,isA,Fashion Seminar Organizer,Never Worn White
Never Worn White,isA,Fashion Workshop Organizer,Never Worn White
Never Worn White,isA,Fashion Retreat Organizer,Never Worn White
Never Worn White,isA,Fashion Festival Organizer,Never Worn White
Never Worn White,isA,Fashion Competition Organizer,Never Worn White
Never Worn White,isA,Fashion Award Organizer,Never Worn White
Never Worn White,isA,Fashion Prize Organizer,Never Worn White
Never Worn White,isA,Fashion Recognition Program,Never Worn White
Never Worn White,isA,Fashion Certification Program,Never Worn White
Never Worn White,isA,Fashion Accreditation Program,Never Worn White
Never Worn White,isA,Fashion Quality Control Program,Never Worn White
Never Worn White,isA,Fashion Safety Program,Never Worn White
Never Worn White,isA,Fashion Sustainability Program,Never Worn White
Never Worn White,isA,Fashion Ethical Program,Never Worn White
Never Worn White,isA,Fashion Social Responsibility Program,Never Worn White
Never Worn White,isA,Fashion Community Program,Never Worn White
Never Worn White,isA,Fashion Network Program,Never Worn White
Never Worn White,isA,Fashion Alliance Program,Never Worn White
Never Worn White,isA,Fashion Partnership Program,Never Worn White
Never Worn White,isA,Fashion Collaboration Program,Never Worn White
Never Worn White,isA,Fashion Joint Venture Program,Never Worn White
Never Worn White,isA,Fashion Investment Program,Never Worn White
Never Worn White,isA,Fashion Venture Capital Program,Never Worn White
Never Worn White,isA,Fashion Private Equity Program,Never Worn White
Never Worn White,isA,Fashion Hedge Fund Program,Never Worn White
Never Worn White,isA,Fashion Mutual Fund Program,Never Worn White
Never Worn White,isA,Fashion ETF Program,Never Worn White
Never Worn White,isA,Fashion REIT Program,Never Worn White
Never Worn White,isA,Fashion Trust Fund Program,Never Worn White
Never Worn White,isA,Fashion Foundation Program,Never Worn White
Never Worn White,isA,Fashion Charity Program,Never Worn White
Never Worn White,isA,Fashion Non-Profit Program,Never Worn White
Never Worn White,isA,Fashion Social Enterprise Program,Never Worn White
Never Worn White,isA,Fashion Co-operative Program,Never Worn White
Never Worn White,isA,Fashion Collective Program,Never Worn White
Never Worn White,isA,Fashion Consortium Program,Never Worn White
Never Worn White,isA,Fashion Association Program,Never Worn White
Never Worn White,isA,Fashion Federation Program,Never Worn White
Never Worn White,isA,Fashion League Program,Never Worn White
Never Worn White,isA,Fashion Circle Program,Never Worn White
Never Worn White,isA,Fashion Group Program,Never Worn White
Never Worn White,isA,Fashion Team Program,Never Worn White
Never Worn White,isA,Fashion Unit Program,Never Worn White
Never Worn White,isA,Fashion Department Program,Never Worn White
Never Worn White,isA,Fashion Division Program,Never Worn White
Never Worn White,isA,Fashion Segment Program,Never Worn White
Never Worn White,isA,Fashion Market Segment Program,Never Worn White
Never Worn White,isA,Fashion Niche Program,Never Worn White
Never Worn White,isA,Fashion Micro-Market Program,Never Worn White
Never Worn White,isA,Fashion Sub-Market Program,Never Worn White
Never Worn White,isA,Fashion Micro-Niche Program,Never Worn White
Never Worn White,isA,Fashion Ultra-Niche Program,Never Worn White
Never Worn White,isA,Fashion Boutique Program,Never Worn White
Never Worn White,isA,Fashion Store Program,Never Worn White
Never Worn White,isA,Fashion Retail Outlet Program,Never Worn White
Never Worn White,isA,Fashion Online Store Program,Never Worn White
Never Worn White,isA,Fashion E-Commerce Program,Never Worn White
Never Worn White,isA,Fashion Marketplace Program,Never Worn White
Never Worn White,isA,Fashion Platform Program,Never Worn White
Never Worn White,isA,Fashion Ecosystem Program,Never Worn White
Never Worn White,isA,Fashion Network Ecosystem Program,Never Worn White
Never Worn White,isA,Fashion Innovation Ecosystem Program,Never Worn White
Never Worn White,isA,Fashion Technology Ecosystem Program,Never Worn White
Never Worn White,isA,Fashion Digital Ecosystem Program,Never Worn White
Never Worn White,isA,Fashion Social Media Ecosystem Program,Never Worn White
Never Worn White,isA,Fashion Influencer Ecosystem Program,Never Worn White
Never Worn White,isA,Fashion Brand Ecosystem Program,Never Worn White
Never Worn White,isA,Fashion Retail Ecosystem Program,Never Worn White
Never Worn White,isA,Fashion Supply Chain Ecosystem Program,Never Worn White
Never Worn White,isA,Fashion Logistics Ecosystem Program,Never Worn White
Never Worn White,isA,Fashion Distribution Ecosystem Program,Never Worn White
Never Worn White,isA,Fashion Marketing Ecosystem Program,Never Worn White
Never Worn White,isA,Fashion Public Relations Ecosystem Program,Never Worn White
Never Worn White,isA,Fashion Customer Relationship Management Ecosystem Program,Never Worn White
Never Worn White,isA,Fashion Loyalty Program,Never Worn White
Never Worn White,isA,Fashion Rewards Program,Never Worn White
Never Worn White,isA,Fashion Points Program,Never Worn White
Never Worn White,isA,Fashion Tiered Program,Never Worn White
Never Worn White,isA,Fashion VIP Program,Never Worn White
Never Worn White,isA,Fashion Exclusive Program,Never Worn White
Never Worn White,isA,Fashion Personalized Program,Never Worn White
Never Worn White,isA,Fashion Customized Program,Never Worn White
Never Worn White,isA,Fashion Bespoke Program,Never Worn White
Never Worn White,isA,Fashion Tailored Program,Never Worn White
Never Worn White,isA,Fashion Premium Program,Never Worn White
Never Worn White,isA,Fashion Luxury Program,Never Worn White
Never Worn White,isA,Fashion High-End Program,Never Worn White
Never Worn White,isA,Fashion Prestige Program,Never Worn White
Never Worn White,isA,Fashion Elite Program,Never Worn White
Never Worn White,isA,Fashion Select Program,Never Worn White
Never Worn White,isA,Fashion Curated Program,Never Worn White
Never Worn White,isA,Fashion Handpicked Program,Never Worn White
Never Worn White,isA,Fashion Unique Program,Never Worn White
Never Worn White,isA,Fashion Rare Program,Never Worn White
Never Worn White,isA,Fashion Limited Program,Never Worn White
Never Worn White,isA,Fashion Collector's Program,Never Worn White
Never Worn White,isA,Fashion Portfolio Program,Never Worn White
Never Worn White,isA,Fashion Brand Portfolio Program,Never Worn White
Never Worn White,isA,Fashion Product Portfolio Program,Never Worn White
Never Worn White,isA,Fashion Service Portfolio Program,Never Worn White
Never Worn White,isA,Fashion Solution Portfolio Program,Never Worn White
Never Worn White,isA,Fashion Innovation Portfolio Program,Never Worn White
Never Worn White,isA,Fashion Technology Portfolio Program,Never Worn White
Never Worn White,isA,Fashion Digital Portfolio Program,Never Worn White
Never Worn White,isA,Fashion Social Media Portfolio Program,Never Worn White
Never Worn White,isA,Fashion Influencer Portfolio Program,Never Worn White
Never Worn White,isA,Fashion Retail Portfolio Program,Never Worn White
Never Worn White,isA,Fashion Supply Chain Portfolio Program,Never Worn White
Never Worn White,isA,Fashion Logistics Portfolio Program,Never Worn White
Never Worn White,isA,Fashion Distribution Portfolio Program,Never Worn White
Never Worn White,isA,Fashion Marketing Portfolio Program,Never Worn White
Never Worn White,isA,Fashion Public Relations Portfolio Program,Never Worn White
Never Worn White,isA,Fashion Customer Relationship Management Portfolio Program,Never Worn White
Never Worn White,isA,Fashion Loyalty Portfolio Program,Never Worn White
Never Worn White,isA,Fashion Rewards Portfolio Program,Never Worn White
Never Worn White,isA,Fashion Points Portfolio Program,Never Worn White
Never Worn White,isA,Fashion Tiered Portfolio Program,Never Worn White
Never Worn White,isA,Fashion VIP Portfolio Program,Never Worn White
Never Worn White,isA,Fashion Exclusive Portfolio Program,Never Worn White
Never Worn White,isA,Fashion Personalized Portfolio Program,Never Worn White
Never Worn White,isA,Fashion Customized Portfolio Program,Never Worn White
Never Worn White,isA,Fashion Bespoke Portfolio Program,Never Worn White
Never Worn White,isA,Fashion Tailored Portfolio Program,Never Worn White
Never Worn White,isA,Fashion Premium Portfolio Program,Never Worn White
Never Worn White,isA,Fashion Luxury Portfolio Program,Never Worn White
Never Worn White,isA,Fashion High-End Portfolio Program,Never Worn White
Never Worn White,isA,Fashion Prestige Portfolio Program,Never Worn White
Never Worn White,isA,Fashion Elite Portfolio Program,Never Worn White
Never Worn White,isA,Fashion Select Portfolio Program,Never Worn White
Never Worn White,isA,Fashion Curated Portfolio Program,Never Worn White
Never Worn White,isA,Fashion Handpicked Portfolio Program,Never Worn White
Never Worn White,isA,Fashion Unique Portfolio Program,Never Worn White
Never Worn White,isA,Fashion Rare Portfolio Program,Never Worn White
Never Worn White,isA,Fashion Limited Portfolio Program,Never Worn White
Never Worn White,isA,Fashion Collector's Portfolio Program,Never Worn White
Never Worn White,isA,Fashion Investment Portfolio Program,Never Worn White
2010 Rochdale Metropolitan Borough Council election,instanceOf,Local election,2010 Rochdale Metropolitan Borough Council election
2010 Rochdale Metropolitan Borough Council election,date,2010,2010 Rochdale Metropolitan Borough Council election
2010 Rochdale Metropolitan Borough Council election,location,Rochdale Metropolitan Borough Council,2010 Rochdale Metropolitan Borough Council election
2010 Rochdale Metropolitan Borough Council election,type,Council election,2010 Rochdale Metropolitan Borough Council election
2010 Rochdale Metropolitan Borough Council election,heldIn,Rochdale,2010 Rochdale Metropolitan Borough Council election
2010 Rochdale Metropolitan Borough Council election,candidates,Simon Knowles,2010 Rochdale Metropolitan Borough Council election
2010 Rochdale Metropolitan Borough Council election,candidates,Shaun Bailey,2010 Rochdale Metropolitan Borough Council election
2010 Rochdale Metropolitan Borough Council election,candidates,Jim McKenna,2010 Rochdale Metropolitan Borough Council election
2010 Rochdale Metropolitan Borough Council election,candidates,Peter Keegan,2010 Rochdale Metropolitan Borough Council election
2010 Rochdale Metropolitan Borough Council election,candidates,Simon Parker,2010 Rochdale Metropolitan Borough Council election
2010 Rochdale Metropolitan Borough Council election,candidates,Mark Lewis,2010 Rochdale Metropolitan Borough Council election
2010 Rochdale Metropolitan Borough Council election,result,Simon Knowles elected,2010 Rochdale Metropolitan Borough Council election
2010 Rochdale Metropolitan Borough Council election,outcome,Conservative victory,2010 Rochdale Metropolitan Borough Council election
2010 Rochdale Metropolitan Borough Council election,votingSystem,First-past-the-post,2010 Rochdale Metropolitan Borough Council election
2010 Rochdale Metropolitan Borough Council election,turnout,68.3%,2010 Rochdale Metropolitan Borough Council election
2010 Rochdale Metropolitan Borough Council election,wardCount,16,2010 Rochdale Metropolitan Borough Council election
2010 Rochdale Metropolitan Borough Council election,council,Rochdale Metropolitan Borough Council,2010 Rochdale Metropolitan Borough Council election
2010 Rochdale Metropolitan Borough Council election,politicalParty,Conservative Party,2010 Rochdale Metropolitan Borough Council election
2010 Rochdale Metropolitan Borough Council election,politicalParty,Labour Party,2010 Rochdale Metropolitan Borough Council election
2010 Rochdale Metropolitan Borough Council election,politicalParty,Liberal Democrats,2010 Rochdale Metropolitan Borough Council election
2010 Rochdale Metropolitan Borough Council election,politicalParty,BNP,2010 Rochdale Metropolitan Borough Council election
2010 Rochdale Metropolitan Borough Council election,politicalParty,Green Party,2010 Rochdale Metropolitan Borough Council election
Arnold Juklerød,instanceOf,Norwegian footballer,Arnold Juklerød
Arnold Juklerød,playsFor,Sandefjord Fotball,Arnold Juklerød
Arnold Juklerød,position,Defender,Arnold Juklerød
Arnold Juklerød,dateOfBirth,1988-03-16,Arnold Juklerød
Arnold Juklerød,height,188 cm,Arnold Juklerød
Arnold Juklerød,nationality,Norwegian,Arnold Juklerød
Arnold Juklerød,clubCareer,Sandefjord Fotball (2008-2012),Arnold Juklerød
Arnold Juklerød,clubCareer,Stabæk Fotball (2012-2014),Arnold Juklerød
Arnold Juklerød,nationalTeamDebut,2011,Arnold Juklerød
Arnold Juklerød,internationalAppearances,12,Arnold Juklerød
Arnold Juklerød,captain,Norwegian national football team (2013-2014),Arnold Juklerød
Arnold Juklerød,spouse,Maria Juklerød,Arnold Juklerød
Arnold Juklerød,children,Liam Juklerød,Arnold Juklerød
Arnold Juklerød,profession,Footballer,Arnold Juklerød
Shattered (Casey book),instanceOf,novel,Shattered (Casey book)
Shattered (Casey book),author,Wesleyan R. Cannon,Shattered (Casey book)
Shattered (Casey book),genre,paranormal romance,Shattered (Casey book)
Shattered (Casey book),publicationDate,2017-08-01,Shattered (Casey book)
Shattered (Casey book),ISBN,978-1635901235,Shattered (Casey book)
Shattered (Casey book),publisher,Entangled Publishing,Shattered (Casey book)
Shattered (Casey book),setting,New Orleans,Shattered (Casey book)
Shattered (Casey book),characters,Lila,Shattered (Casey book)
Shattered (Casey book),characters,Kael,Shattered (Casey book)
Shattered (Casey book),characters,Seraphina,Shattered (Casey book)
Shattered (Casey book),plot,Lila discovers she is a descendant of a powerful line of witches and must confront a dark force threatening New Orleans.,Shattered (Casey book)
Shattered (Casey book),themes,family secrets,Shattered (Casey book)
Shattered (Casey book),themes,magic,Shattered (Casey book)
Shattered (Casey book),themes,romance,Shattered (Casey book)
Shattered (Casey book),series,The Witch's Legacy,Shattered (Casey book)
Shattered (Casey book),seriesOrder,1,Shattered (Casey book)
Shattered (Casey book),awards,nominated for Goodreads Choice Awards 2018 in Paranormal Romance,Shattered (Casey book)
2022 Colombian presidential election,instanceOf,presidential election,2022 Colombian presidential election
2022 Colombian presidential election,date,2022,2022 Colombian presidential election
2022 Colombian presidential election,location,Colombia,2022 Colombian presidential election
Gustavo Petro,ranIn,2022 Colombian presidential election,2022 Colombian presidential election
Rodolfo Hernández,ranIn,2022 Colombian presidential election,2022 Colombian presidential election
Gustavo Petro,won,2022 Colombian presidential election,2022 Colombian presidential election
Rodolfo Hernández,lost,2022 Colombian presidential election,2022 Colombian presidential election
Gustavo Petro,party,Pacto Histórico,2022 Colombian presidential election
Rodolfo Hernández,party,Independent,2022 Colombian presidential election
Sergio Fajardo,ranIn,2022 Colombian presidential election,2022 Colombian presidential election
Martha Lucía Henao,ranIn,2022 Colombian presidential election,2022 Colombian presidential election
Federico Gutiérrez,ranIn,2022 Colombian presidential election,2022 Colombian presidential election
2022 Colombian presidential election,resultedIn,Gustavo Petro becoming president,2022 Colombian presidential election
2022 Colombian presidential election,voterTurnout,7.14%,2022 Colombian presidential election
2022 Colombian presidential election,electionType,direct election,2022 Colombian presidential election
Pacto Histórico,supports,Gustavo Petro,2022 Colombian presidential election
Independent,supports,Rodolfo Hernández,2022 Colombian presidential election
Colombia,country,2022 Colombian presidential election,2022 Colombian presidential election
Juan Manuel Santos,formerPresidentOf,Colombia,2022 Colombian presidential election
Sergio Fajardo,previouslyRanFor,President of Colombia,2022 Colombian presidential election
Federico Gutiérrez,previouslyRanFor,Mayor of Medellín,2022 Colombian presidential election
Martha Lucía Henao,previouslyRanFor,Mayor of Medellín,2022 Colombian presidential election
Rodolfo Hernández,knownFor,his controversial statements,2022 Colombian presidential election
Gustavo Petro,knownFor,his leftist political views,2022 Colombian presidential election
2003 Sundance Film Festival,instanceOf,Film Festival,2003 Sundance Film Festival
2003 Sundance Film Festival,startDate,"January 14, 2003",2003 Sundance Film Festival
2003 Sundance Film Festival,endDate,"January 25, 2003",2003 Sundance Film Festival
2003 Sundance Film Festival,location,"Park City, Utah",2003 Sundance Film Festival
2003 Sundance Film Festival,organizer,Sundance Institute,2003 Sundance Film Festival
2003 Sundance Film Festival,genre,Documentary,2003 Sundance Film Festival
2003 Sundance Film Festival,genre,Drama,2003 Sundance Film Festival
2003 Sundance Film Festival,genre,Comedy,2003 Sundance Film Festival
2003 Sundance Film Festival,attendance,"36,000",2003 Sundance Film Festival
2003 Sundance Film Festival,films,The Big Problem of Small Spaces,2003 Sundance Film Festival
2003 Sundance Film Festival,films,The Last Song,2003 Sundance Film Festival
2003 Sundance Film Festival,films,The Missing,2003 Sundance Film Festival
2003 Sundance Film Festival,films,The Sunset Limited,2003 Sundance Film Festival
2003 Sundance Film Festival,films,The Human Condition,2003 Sundance Film Festival
2003 Sundance Film Festival,films,The Man from Hollywood,2003 Sundance Film Festival
2003 Sundance Film Festival,films,The Fall,2003 Sundance Film Festival
2003 Sundance Film Festival,films,The Good Shepherd,2003 Sundance Film Festival
2003 Sundance Film Festival,films,A Girl's Best Friend,2003 Sundance Film Festival
2003 Sundance Film Festival,films,The Contender,2003 Sundance Film Festival
2003 Sundance Film Festival,films,The Messenger,2003 Sundance Film Festival
2003 Sundance Film Festival,films,The New Guy,2003 Sundance Film Festival
2003 Sundance Film Festival,films,The Incident,2003 Sundance Film Festival
2003 Sundance Film Festival,films,The Unspoken,2003 Sundance Film Festival
2003 Sundance Film Festival,films,The Last Days of Summer,2003 Sundance Film Festival
2003 Sundance Film Festival,films,The Secret Life of William Gibson,2003 Sundance Film Festival
2003 Sundance Film Festival,films,The Ice Harvest,2003 Sundance Film Festival
2003 Sundance Film Festival,films,The Four Feathers,2003 Sundance Film Festival
2003 Sundance Film Festival,awards,Best Director,2003 Sundance Film Festival
2003 Sundance Film Festival,awards,Best Picture,2003 Sundance Film Festival
2003 Sundance Film Festival,awards,Best Actor,2003 Sundance Film Festival
2003 Sundance Film Festival,awards,Best Supporting Actor,2003 Sundance Film Festival
2003 Sundance Film Festival,awards,Best Actress,2003 Sundance Film Festival
2003 Sundance Film Festival,awards,Best Original Screenplay,2003 Sundance Film Festival
2003 Sundance Film Festival,awards,Best Documentary,2003 Sundance Film Festival
2003 Sundance Film Festival,awards,Best International Film,2003 Sundance Film Festival
Giyosjon Boboev,instanceOf,Athlete,Giyosjon Boboev
Giyosjon Boboev,nationality,Uzbekistan,Giyosjon Boboev
Giyosjon Boboev,birthDate,1998-07-18,Giyosjon Boboev
Giyosjon Boboev,birthPlace,"Tashkent, Uzbekistan",Giyosjon Boboev
Giyosjon Boboev,height,183 cm,Giyosjon Boboev
Giyosjon Boboev,weight,75 kg,Giyosjon Boboev
Giyosjon Boboev,position,Middleweight,Giyosjon Boboev
Giyosjon Boboev,debut,2018-03-17,Giyosjon Boboev
Giyosjon Boboev,opponent,Murot Bakhshi,Giyosjon Boboev
Giyosjon Boboev,record,"13 wins, 1 loss, 0 draws",Giyosjon Boboev
Giyosjon Boboev,fightStyle,Counter-puncher,Giyosjon Boboev
Giyosjon Boboev,affiliatedTo,Team Kazakhstan,Giyosjon Boboev
Giyosjon Boboev,opponent,Denis Tszyu,Giyosjon Boboev
Giyosjon Boboev,opponent,Zhilei Zhang,Giyosjon Boboev
Giyosjon Boboev,opponent,Janibek Najmyetov,Giyosjon Boboev
Gutsbezirk Reinhardswald,instanceOf,Gutsbezirk,Gutsbezirk Reinhardswald
Gutsbezirk Reinhardswald,locatedIn,Reinhardswald,Gutsbezirk Reinhardswald
Gutsbezirk Reinhardswald,partOf,Hannover,Gutsbezirk Reinhardswald
Gutsbezirk Reinhardswald,established,1936,Gutsbezirk Reinhardswald
Gutsbezirk Reinhardswald,administrator,Adolf Schmalz,Gutsbezirk Reinhardswald
Gutsbezirk Reinhardswald,purpose,Agricultural production for the war effort,Gutsbezirk Reinhardswald
Gutsbezirk Reinhardswald,type,Gutsbezirk,Gutsbezirk Reinhardswald
Gutsbezirk Reinhardswald,area,Approximately 80 km²,Gutsbezirk Reinhardswald
Gutsbezirk Reinhardswald,population,"Approximately 6,000",Gutsbezirk Reinhardswald
Gutsbezirk Reinhardswald,governedBy,Reichsführer SS,Gutsbezirk Reinhardswald
Gutsbezirk Reinhardswald,associatedWith,Forced relocation of Jewish families,Gutsbezirk Reinhardswald
Gutsbezirk Reinhardswald,associatedWith,Forced labor,Gutsbezirk Reinhardswald
Gutsbezirk Reinhardswald,associatedWith,SS,Gutsbezirk Reinhardswald
Gutsbezirk Reinhardswald,associatedWith,Gestapo,Gutsbezirk Reinhardswald
Gutsbezirk Reinhardswald,abolished,1945,Gutsbezirk Reinhardswald
Gutsbezirk Reinhardswald,locatedIn,Niedersachsen,Gutsbezirk Reinhardswald
Gutsbezirk Reinhardswald,locatedIn,Schluchsee,Gutsbezirk Reinhardswald
"St John the Evangelist's Church, Abram",instanceOf,Church,"St John the Evangelist's Church, Abram"
"St John the Evangelist's Church, Abram",locatedIn,Abram,"St John the Evangelist's Church, Abram"
"St John the Evangelist's Church, Abram",hasArchitect,John Potter,"St John the Evangelist's Church, Abram"
"St John the Evangelist's Church, Abram",builtIn,1878,"St John the Evangelist's Church, Abram"
"St John the Evangelist's Church, Abram",denominations,Anglican,"St John the Evangelist's Church, Abram"
"St John the Evangelist's Church, Abram",hasStainedGlass,Yes,"St John the Evangelist's Church, Abram"
"St John the Evangelist's Church, Abram",hasOrgan,Yes,"St John the Evangelist's Church, Abram"
"St John the Evangelist's Church, Abram",hasBaptistry,Yes,"St John the Evangelist's Church, Abram"
"St John the Evangelist's Church, Abram",hasBell,Yes,"St John the Evangelist's Church, Abram"
"St John the Evangelist's Church, Abram",hasClock,Yes,"St John the Evangelist's Church, Abram"
"St John the Evangelist's Church, Abram",isListedOn,Heritage Register,"St John the Evangelist's Church, Abram"
"St John the Evangelist's Church, Abram",hasAddress,Abram,"St John the Evangelist's Church, Abram"
"St John the Evangelist's Church, Abram",isLocated,South Australia,"St John the Evangelist's Church, Abram"
"St John the Evangelist's Church, Abram",hasParish,Abram,"St John the Evangelist's Church, Abram"
"St John the Evangelist's Church, Abram",isAPlaceOfWorship,True,"St John the Evangelist's Church, Abram"
Colin Lundstrum,instanceOf,Person,Colin Lundstrum
Colin Lundstrum,occupation,Software Engineer,Colin Lundstrum
Colin Lundstrum,company,Google,Colin Lundstrum
Colin Lundstrum,location,San Francisco,Colin Lundstrum
Colin Lundstrum,education,Massachusetts Institute of Technology,Colin Lundstrum
Colin Lundstrum,education,Bachelor of Science,Colin Lundstrum
Colin Lundstrum,interests,Hiking,Colin Lundstrum
Colin Lundstrum,interests,Photography,Colin Lundstrum
Colin Lundstrum,interests,Traveling,Colin Lundstrum
Colin Lundstrum,github,https://github.com/ColinLundstrum,Colin Lundstrum
Colin Lundstrum,linkedin,https://www.linkedin.com/in/colinlundstrum/,Colin Lundstrum
Colin Lundstrum,website,https://colinlundstrum.com/,Colin Lundstrum
Colin Lundstrum,bornIn,1988,Colin Lundstrum
Colin Lundstrum,age,35,Colin Lundstrum
Colin Lundstrum,nationality,American,Colin Lundstrum
North Carolina Highway 125,instanceOf,highway,North Carolina Highway 125
North Carolina Highway 125,connects,Beaufort,North Carolina Highway 125
North Carolina Highway 125,runs_through,Pamlico County,North Carolina Highway 125
North Carolina Highway 125,runs_through,Hyde County,North Carolina Highway 125
North Carolina Highway 125,length_miles,83,North Carolina Highway 125
North Carolina Highway 125,part_of,North Carolina Highway System,North Carolina Highway 125
North Carolina Highway 125,designated,NC-125,North Carolina Highway 125
NC-125,type,state highway,North Carolina Highway 125
North Carolina Highway 125,parallel_to,US 64,North Carolina Highway 125
North Carolina Highway 125,intersects,NC-56,North Carolina Highway 125
North Carolina Highway 125,intersects,NC-115,North Carolina Highway 125
North Carolina Highway 125,intersects,NC-168,North Carolina Highway 125
North Carolina Highway 125,intersects,NC-24,North Carolina Highway 125
North Carolina Highway 125,intersects,NC-258,North Carolina Highway 125
North Carolina Highway 125,intersects,NC-39,North Carolina Highway 125
North Carolina Highway 125,intersects,NC-270,North Carolina Highway 125
North Carolina Highway 125,intersects,NC-319,North Carolina Highway 125
North Carolina Highway 125,intersects,NC-399,North Carolina Highway 125
North Carolina Highway 125,intersects,NC-565,North Carolina Highway 125
North Carolina Highway 125,located_in,North Carolina,North Carolina Highway 125
North Carolina Highway 125,elevation_lowest,4,North Carolina Highway 125
North Carolina Highway 125,elevation_highest,220,North Carolina Highway 125
North Carolina Highway 125,traffic_volume,low,North Carolina Highway 125
North Carolina Highway 125,surface_type,paved,North Carolina Highway 125
North Carolina Highway 125,bridges,Pamlico River,North Carolina Highway 125
North Carolina Highway 125,tunnels,0,North Carolina Highway 125
North Carolina Highway 125,spur_roads,NC-115,North Carolina Highway 125
North Carolina Highway 125,spur_roads,NC-270,North Carolina Highway 125
North Carolina Highway 125,spur_roads,NC-319,North Carolina Highway 125
North Carolina Highway 125,spur_roads,NC-399,North Carolina Highway 125
North Carolina Highway 125,spur_roads,NC-565,North Carolina Highway 125
North Carolina Highway 125,historical_significance,Route 66,North Carolina Highway 125
North Carolina Highway 125,adjacent_to,US 64,North Carolina Highway 125
North Carolina Highway 125,adjacent_to,NC-56,North Carolina Highway 125
North Carolina Highway 125,adjacent_to,NC-115,North Carolina Highway 125
North Carolina Highway 125,adjacent_to,NC-168,North Carolina Highway 125
North Carolina Highway 125,adjacent_to,NC-24,North Carolina Highway 125
North Carolina Highway 125,adjacent_to,NC-258,North Carolina Highway 125
North Carolina Highway 125,adjacent_to,NC-39,North Carolina Highway 125
North Carolina Highway 125,adjacent_to,NC-399,North Carolina Highway 125
North Carolina Highway 125,adjacent_to,NC-565,North Carolina Highway 125
North Carolina Highway 125,nearest_city,Beaufort,North Carolina Highway 125
North Carolina Highway 125,nearest_city,Washington,North Carolina Highway 125
North Carolina Highway 125,maintained_by,North Carolina Department of Transportation,North Carolina Highway 125
North Carolina Highway 125,road_number,NC-125,North Carolina Highway 125
Bembidion carolinense,instanceOf,Beetle,Bembidion carolinense
Bembidion carolinense,preyOn,small insects,Bembidion carolinense
Bembidion carolinense,habitat,North America,Bembidion carolinense
Bembidion carolinense,foundIn,forests,Bembidion carolinense
Bembidion carolinense,foundIn,fields,Bembidion carolinense
Bembidion carolinense,foundIn,gardens,Bembidion carolinense
Bembidion carolinense,size,3-5 mm,Bembidion carolinense
Bembidion carolinense,color,brown,Bembidion carolinense
Bembidion carolinense,diet,detritus,Bembidion carolinense
Bembidion carolinense,lifeSpan,1 year,Bembidion carolinense
Bembidion carolinense,genus,Bembidion,Bembidion carolinense
Bembidion carolinense,species,carolinense,Bembidion carolinense
Bembidion carolinense,family,Carabidae,Bembidion carolinense
Bembidion carolinense,conservationStatus,Least Concern,Bembidion carolinense
Bembidion carolinense,distribution,Eastern United States,Bembidion carolinense
Bembidion carolinense,activityPeriod,daytime,Bembidion carolinense
Bembidion carolinense,burrowingBehavior,creates tunnels,Bembidion carolinense
Bembidion carolinense,roleInEcosystem,detritivore,Bembidion carolinense
Bembidion carolinense,sexualDimorphism,males are larger,Bembidion carolinense
Bembidion carolinense,larvalStage,aquatic,Bembidion carolinense
Bembidion carolinense,adultStage,terrestrial,Bembidion carolinense
Bembidion carolinense,movement,walking,Bembidion carolinense
Bembidion carolinense,defenseMechanism,stridulation,Bembidion carolinense
Bembidion carolinense,relatedTo,other Bembidion species,Bembidion carolinense
Bembidion carolinense,morphology,elytra,Bembidion carolinense
Bembidion carolinense,morphology,pronotum,Bembidion carolinense
Bembidion carolinense,morphology,legs,Bembidion carolinense
Bembidion carolinense,morphology,antennae,Bembidion carolinense
Bembidion carolinense,scientificName,Bembidion carolinense,Bembidion carolinense
Hardcore Never Dies,instanceOf,Video Game,Hardcore Never Dies
Hardcore Never Dies,genre,Roguelike,Hardcore Never Dies
Hardcore Never Dies,releaseDate,2019-04-25,Hardcore Never Dies
Hardcore Never Dies,developer,The Game Bank,Hardcore Never Dies
Hardcore Never Dies,publisher,The Game Bank,Hardcore Never Dies
Hardcore Never Dies,platform,Microsoft Windows,Hardcore Never Dies
Hardcore Never Dies,platform,macOS,Hardcore Never Dies
Hardcore Never Dies,platform,Linux,Hardcore Never Dies
Hardcore Never Dies,platform,PlayStation 4,Hardcore Never Dies
Hardcore Never Dies,platform,Xbox One,Hardcore Never Dies
Hardcore Never Dies,gameplayStyle,Procedural Generation,Hardcore Never Dies
Hardcore Never Dies,gameplayStyle,Permadeath,Hardcore Never Dies
Hardcore Never Dies,gameplayStyle,Turn-based,Hardcore Never Dies
Hardcore Never Dies,setting,Post-apocalyptic,Hardcore Never Dies
Hardcore Never Dies,setting,Sci-fi,Hardcore Never Dies
Hardcore Never Dies,story,Survival,Hardcore Never Dies
Hardcore Never Dies,characters,The Player,Hardcore Never Dies
Hardcore Never Dies,characters,Various Survivors,Hardcore Never Dies
Hardcore Never Dies,mechanics,Resource Management,Hardcore Never Dies
Hardcore Never Dies,mechanics,Base Building,Hardcore Never Dies
Hardcore Never Dies,mechanics,Crafting,Hardcore Never Dies
Hardcore Never Dies,mechanics,Combat,Hardcore Never Dies
Hardcore Never Dies,mechanics,Exploration,Hardcore Never Dies
Hardcore Never Dies,criticScore,78,Hardcore Never Dies
Hardcore Never Dies,criticScore,Metacritic,Hardcore Never Dies
Hardcore Never Dies,hasMod,True,Hardcore Never Dies
Hardcore Never Dies,isPartOfSeries,Hardcore series,Hardcore Never Dies
Calpionellid,instanceOf,Sponge,Calpionellid
Calpionellid,locatedIn,Indo-Pacific Ocean,Calpionellid
Calpionellid,habitat,Coral reefs,Calpionellid
Calpionellid,color,Yellow,Calpionellid
Calpionellid,color,Orange,Calpionellid
Calpionellid,color,Brown,Calpionellid
Calpionellid,spongeType,Cup Sponge,Calpionellid
Calpionellid,size,Small,Calpionellid
Calpionellid,diet,Filter feeders,Calpionellid
Calpionellid,phylum,Porifera,Calpionellid
Calpionellid,class,Demospongiae,Calpionellid
Calpionellid,order,Sclerospongia,Calpionellid
Calpionellid,genus,Calpionella,Calpionellid
Calpionellid,species,Calpionella costata,Calpionellid
Calpionellid,symbiosis,Crustaceans,Calpionellid
Calpionellid,defenseMechanism,Spines,Calpionellid
Calpionellid,skeleton,Spicules,Calpionellid
Calpionellid,growthRate,Slow,Calpionellid
Calpionellid,reproduction,Broadcast Spawning,Calpionellid
Calpionellid,conservationStatus,Not Evaluated,Calpionellid
Calpionellid,scientificName,Calpionella costata,Calpionellid
Calpionellid,relatedTo,Spongia,Calpionellid
Calpionellid,relatedTo,Ecionellid,Calpionellid
Calpionellid,foundInDepth,5-10 meters,Calpionellid
Calpionellid,foundInDepth,10-20 meters,Calpionellid
Calpionellid,foundInDepth,20-30 meters,Calpionellid
Hof HaSharon Regional Council,instanceOf,Local Government,Hof HaSharon Regional Council
Hof HaSharon Regional Council,locatedIn,Israel,Hof HaSharon Regional Council
Hof HaSharon Regional Council,population,277478,Hof HaSharon Regional Council
Hof HaSharon Regional Council,area,387.41 square kilometers,Hof HaSharon Regional Council
Hof HaSharon Regional Council,established,1959,Hof HaSharon Regional Council
Hof HaSharon Regional Council,mayor,Yossi Ben-Porat,Hof HaSharon Regional Council
Hof HaSharon Regional Council,partOf,HaSharon District,Hof HaSharon Regional Council
Hof HaSharon Regional Council,hasSubMunicipalities,"Hod Hasharon, Ramat Yaakov, Yehud",Hof HaSharon Regional Council
Hof HaSharon Regional Council,economicActivity,"Technology, Agriculture",Hof HaSharon Regional Council
Hof HaSharon Regional Council,tourism,"Beaches, Parks",Hof HaSharon Regional Council
Hof HaSharon Regional Council,postalCode,45583,Hof HaSharon Regional Council
Hof HaSharon Regional Council,website,https://www.hof-hasharon.gov.il/,Hof HaSharon Regional Council
Hof HaSharon Regional Council,coordinates,"32.1544° N, 35.2333° E",Hof HaSharon Regional Council
Hof HaSharon Regional Council,adjacentRegions,Tel Aviv District,Hof HaSharon Regional Council
Hof HaSharon Regional Council,climate,Mediterranean,Hof HaSharon Regional Council
Hof HaSharon Regional Council,agriculture,"Vegetables, Fruits",Hof HaSharon Regional Council
Hof HaSharon Regional Council,transportation,"Roads, Railways",Hof HaSharon Regional Council
Hof HaSharon Regional Council,education,"Schools, Universities",Hof HaSharon Regional Council
Hof HaSharon Regional Council,healthcare,"Hospitals, Clinics",Hof HaSharon Regional Council
Hof HaSharon Regional Council,culture,"Festivals, Events",Hof HaSharon Regional Council
Hof HaSharon Regional Council,infrastructure,"Water Supply, Sewage System",Hof HaSharon Regional Council
Hof HaSharon Regional Council,environmentalProtection,"Green Spaces, Recycling Programs",Hof HaSharon Regional Council
Hof HaSharon Regional Council,security,"Police, Fire Department",Hof HaSharon Regional Council
Hof HaSharon Regional Council,housing,Residential Areas,Hof HaSharon Regional Council
Hof HaSharon Regional Council,industry,Light Industry,Hof HaSharon Regional Council
Hof HaSharon Regional Council,historicalSignificance,Early Settlement,Hof HaSharon Regional Council
Hof HaSharon Regional Council,futurePlans,Urban Development,Hof HaSharon Regional Council
Wiener Gruppe,instanceOf,German football club,Wiener Gruppe
Wiener Gruppe,location,Vienna,Wiener Gruppe
Wiener Gruppe,founded,1964,Wiener Gruppe
Wiener Gruppe,member,Franz Waltensperger,Wiener Gruppe
Wiener Gruppe,member,Hans Schroll,Wiener Gruppe
Wiener Gruppe,member,Erwin Schranz,Wiener Gruppe
Wiener Gruppe,member,Alfred Riedl,Wiener Gruppe
Wiener Gruppe,member,Herbert Prohaska,Wiener Gruppe
Wiener Gruppe,member,Karl Rappitsch,Wiener Gruppe
Wiener Gruppe,member,Sepp Pionek,Wiener Gruppe
Wiener Gruppe,member,Rudi Krankl,Wiener Gruppe
Wiener Gruppe,member,Peter Widmann,Wiener Gruppe
Wiener Gruppe,division,Vienna,Wiener Gruppe
Wiener Gruppe,division,Bundesliga,Wiener Gruppe
Wiener Gruppe,division,ÖFB-Bundesliga,Wiener Gruppe
Wiener Gruppe,current_coach,Christian Littmann,Wiener Gruppe
Wiener Gruppe,stadium,Wiener Stadhalle,Wiener Gruppe
Wiener Gruppe,rival,First Vienna FC,Wiener Gruppe
Wiener Gruppe,founded_date,1964-08-23,Wiener Gruppe
Wiener Gruppe,colors,Red and white,Wiener Gruppe
Wiener Gruppe,nickname,Die Adler,Wiener Gruppe
Wiener Gruppe,league,2. Bundesliga,Wiener Gruppe
Wiener Gruppe,opponent,SK Rapid Wien,Wiener Gruppe
Wiener Gruppe,opponent,FC Red Bull Salzburg,Wiener Gruppe
Johnny Test (2021 TV series),instanceOf,Television series,Johnny Test (2021 TV series)
Johnny Test (2021 TV series),genre,Science fiction,Johnny Test (2021 TV series)
Johnny Test (2021 TV series),genre,Comedy,Johnny Test (2021 TV series)
Johnny Test (2021 TV series),genre,Animation,Johnny Test (2021 TV series)
Johnny Test (2021 TV series),network,Disney XD,Johnny Test (2021 TV series)
Johnny Test (2021 TV series),creator,Dan Povenmire,Johnny Test (2021 TV series)
Johnny Test (2021 TV series),writer,Michael Lombardo,Johnny Test (2021 TV series)
Johnny Test (2021 TV series),star,Josh Gad,Johnny Test (2021 TV series)
Johnny Test (2021 TV series),star,Scarlett Estevez,Johnny Test (2021 TV series)
Johnny Test (2021 TV series),star,Alex Hirsch,Johnny Test (2021 TV series)
Johnny Test (2021 TV series),star,David Glen Goldblum,Johnny Test (2021 TV series)
Johnny Test (2021 TV series),star,Dee Bradley Baker,Johnny Test (2021 TV series)
Johnny Test (2021 TV series),star,Justin Roiland,Johnny Test (2021 TV series)
Johnny Test (2021 TV series),star,John DiMaggio,Johnny Test (2021 TV series)
Johnny Test (2021 TV series),episode,Johnny Test and the Time Machine,Johnny Test (2021 TV series)
Johnny Test (2021 TV series),episode,Johnny Test and the Alien Invasion,Johnny Test (2021 TV series)
Johnny Test (2021 TV series),episode,Johnny Test and the Robot Uprising,Johnny Test (2021 TV series)
Johnny Test (2021 TV series),episode,Johnny Test and the Dinosaur Adventure,Johnny Test (2021 TV series)
Johnny Test (2021 TV series),episode,Johnny Test and the Zombie Attack,Johnny Test (2021 TV series)
Johnny Test (2021 TV series),episode,Johnny Test and the Secret Mission,Johnny Test (2021 TV series)
Johnny Test (2021 TV series),episode,Johnny Test and the Evil Genius,Johnny Test (2021 TV series)
Johnny Test (2021 TV series),episode,Johnny Test and the Lost City,Johnny Test (2021 TV series)
Johnny Test (2021 TV series),episode,Johnny Test and the Space Pirates,Johnny Test (2021 TV series)
Johnny Test (2021 TV series),episode,Johnny Test and the Monster Mash,Johnny Test (2021 TV series)
Johnny Test (2021 TV series),episode,Johnny Test and the Time Warp,Johnny Test (2021 TV series)
Johnny Test (2021 TV series),episode,Johnny Test and the Robot Revolt,Johnny Test (2021 TV series)
Johnny Test (2021 TV series),episode,Johnny Test and the Alien Zoo,Johnny Test (2021 TV series)
Johnny Test (2021 TV series),episode,Johnny Test and the Haunted House,Johnny Test (2021 TV series)
Johnny Test (2021 TV series),episode,Johnny Test and the Volcano Adventure,Johnny Test (2021 TV series)
Johnny Test (2021 TV series),episode,Johnny Test and the Crystal Cave,Johnny Test (2021 TV series)
Johnny Test (2021 TV series),episode,Johnny Test and the Dinosaur Rescue,Johnny Test (2021 TV series)
Johnny Test (2021 TV series),episode,Johnny Test and the Secret Agent,Johnny Test (2021 TV series)
Johnny Test (2021 TV series),episode,Johnny Test and the Zombie Horde,Johnny Test (2021 TV series)
Johnny Test (2021 TV series),episode,Johnny Test and the Lost Treasure,Johnny Test (2021 TV series)
Johnny Test (2021 TV series),episode,Johnny Test and the Evil Plan,Johnny Test (2021 TV series)
Johnny Test (2021 TV series),episode,Johnny Test and the Time Traveler,Johnny Test (2021 TV series)
Johnny Test (2021 TV series),episode,Johnny Test and the Robot Army,Johnny Test (2021 TV series)
Johnny Test (2021 TV series),episode,Johnny Test and the Alien Planet,Johnny Test (2021 TV series)
Johnny Test (2021 TV series),episode,Johnny Test and the Haunted Carnival,Johnny Test (2021 TV series)
Johnny Test (2021 TV series),episode,Johnny Test and the Monster Factory,Johnny Test (2021 TV series)
Johnny Test (2021 TV series),episode,Johnny Test and the Time Paradox,Johnny Test (2021 TV series)
Johnny Test (2021 TV series),episode,Johnny Test and the Secret Weapon,Johnny Test (2021 TV series)
Johnny Test (2021 TV series),episode,Johnny Test and the Lost World,Johnny Test (2021 TV series)
Johnny Test (2021 TV series),episode,Johnny Test and the Space Station,Johnny Test (2021 TV series)
Johnny Test (2021 TV series),episode,Johnny Test and the Pirate Adventure,Johnny Test (2021 TV series)
Johnny Test (2021 TV series),episode,Johnny Test and the Haunted Mansion,Johnny Test (2021 TV series)
Johnny Test (2021 TV series),episode,Johnny Test and the Dinosaur Egg,Johnny Test (2021 TV series)
Johnny Test (2021 TV series),episode,Johnny Test and the Secret Code,Johnny Test (2021 TV series)
Johnny Test (2021 TV series),episode,Johnny Test and the Alien Rescue,Johnny Test (2021 TV series)
Johnny Test (2021 TV series),episode,Johnny Test and the Zombie Virus,Johnny Test (2021 TV series)
Johnny Test (2021 TV series),episode,Johnny Test and the Lost Artifact,Johnny Test (2021 TV series)
Johnny Test (2021 TV series),episode,Johnny Test and the Evil Scheme,Johnny Test (2021 TV series)
Johnny Test (2021 TV series),episode,Johnny Test and the Time Machine 2,Johnny Test (2021 TV series)
Johnny Test (2021 TV series),episode,Johnny Test and the Robot Rebellion,Johnny Test (2021 TV series)
Johnny Test (2021 TV series),episode,Johnny Test and the Alien Invasion 2,Johnny Test (2021 TV series)
2023 Slough Borough Council election,instanceOf,Local election,2023 Slough Borough Council election
2023 Slough Borough Council election,date,2023,2023 Slough Borough Council election
2023 Slough Borough Council election,location,"Slough Borough, England",2023 Slough Borough Council election
2023 Slough Borough Council election,governingBody,Slough Borough Council,2023 Slough Borough Council election
2023 Slough Borough Council election,type,Council election,2023 Slough Borough Council election
2023 Slough Borough Council election,heldIn,United Kingdom,2023 Slough Borough Council election
2023 Slough Borough Council election,numberSeats,52,2023 Slough Borough Council election
2023 Slough Borough Council election,votingSystem,First-past-the-post,2023 Slough Borough Council election
2023 Slough Borough Council election,electionAuthority,Slough Borough Council,2023 Slough Borough Council election
2023 Slough Borough Council election,results,Conservative Party gained majority,2023 Slough Borough Council election
2023 Slough Borough Council election,candidates,Several candidates participated,2023 Slough Borough Council election
2023 Slough Borough Council election,outcome,Conservative Party,2023 Slough Borough Council election
Slough Borough Council,isLocatedIn,"Berkshire, England",2023 Slough Borough Council election
Slough Borough Council,population,"Approximately 313,890 (2021)",2023 Slough Borough Council election
Slough,isA,Town,2023 Slough Borough Council election
Breakout (Miley Cyrus album),released,2007,Breakout (Miley Cyrus album)
Breakout (Miley Cyrus album),genre,country pop,Breakout (Miley Cyrus album)
Breakout (Miley Cyrus album),label,Discony Records,Breakout (Miley Cyrus album)
Breakout (Miley Cyrus album),producer,Chip Taylor,Breakout (Miley Cyrus album)
Breakout (Miley Cyrus album),featuring,Ashley Monroe,Breakout (Miley Cyrus album)
Breakout (Miley Cyrus album),featuring,Lilly Guy,Breakout (Miley Cyrus album)
Breakout (Miley Cyrus album),featuring,Cara Ray,Breakout (Miley Cyrus album)
Breakout (Miley Cyrus album),tracks,Bow Down,Breakout (Miley Cyrus album)
Breakout (Miley Cyrus album),tracks,Heartbeat Sorry,Breakout (Miley Cyrus album)
Breakout (Miley Cyrus album),tracks,Love Story,Breakout (Miley Cyrus album)
Breakout (Miley Cyrus album),tracks,Somethin' 'Bout a Name,Breakout (Miley Cyrus album)
Breakout (Miley Cyrus album),tracks,I Wish You Home,Breakout (Miley Cyrus album)
Breakout (Miley Cyrus album),tracks,The Party's Over,Breakout (Miley Cyrus album)
Breakout (Miley Cyrus album),tracks,When I Grow Up,Breakout (Miley Cyrus album)
Breakout (Miley Cyrus album),tracks,Breakout,Breakout (Miley Cyrus album)
Breakout (Miley Cyrus album),tracks,Don't Tell,Breakout (Miley Cyrus album)
Breakout (Miley Cyrus album),tracks,Like a Gun,Breakout (Miley Cyrus album)
Breakout (Miley Cyrus album),instanceOf,album,Breakout (Miley Cyrus album)
Breakout (Miley Cyrus album),instanceOf,music_album,Breakout (Miley Cyrus album)
Miley Cyrus,performed_on,Breakout (Miley Cyrus album),Breakout (Miley Cyrus album)
United Nations Security Council Resolution 1426,instanceOf,Security Council Resolution,United Nations Security Council Resolution 1426
United Nations Security Council Resolution 1426,adoptedBy,United Nations Security Council,United Nations Security Council Resolution 1426
United Nations Security Council Resolution 1426,adoptedOn,2006-06-08,United Nations Security Council Resolution 1426
United Nations Security Council Resolution 1426,references,United Nations Security Council Resolution 1425,United Nations Security Council Resolution 1426
United Nations Security Council Resolution 1426,addresses,Situation in Democratic Republic of the Congo,United Nations Security Council Resolution 1426
United Nations Security Council Resolution 1426,callsFor,Deployment of the United Nations peacekeeping force,United Nations Security Council Resolution 1426
United Nations Security Council Resolution 1426,authorizes,Extension of the mandate of the United Nations peacekeeping force,United Nations Security Council Resolution 1426
United Nations Security Council Resolution 1426,requires,The Democratic Republic of the Congo to take steps to improve security,United Nations Security Council Resolution 1426
United Nations Security Council Resolution 1426,establishes,A timeline for the withdrawal of the United Nations peacekeeping force,United Nations Security Council Resolution 1426
United Nations Security Council Resolution 1426,prohibits,The recruitment of child soldiers,United Nations Security Council Resolution 1426
United Nations Security Council Resolution 1426,mandates,The strengthening of the International Criminal Court's role,United Nations Security Council Resolution 1426
United Nations Security Council Resolution 1426,relatedTo,Democratic Republic of the Congo conflict,United Nations Security Council Resolution 1426
United Nations Security Council Resolution 1426,number,1426,United Nations Security Council Resolution 1426
United Nations Security Council Resolution 1426,dateIssued,2006-06-08,United Nations Security Council Resolution 1426
United Nations Security Council Resolution 1426,sponsor,United Nations,United Nations Security Council Resolution 1426
Rajakilpakkam,instanceOf,City,Rajakilpakkam
Rajakilpakkam,locatedIn,Chinnor Kalan,Rajakilpakkam
Rajakilpakkam,locatedIn,Khadki Cantonment,Rajakilpakkam
Rajakilpakkam,partOf,Pune,Rajakilpakkam
Rajakilpakkam,population,160000,Rajakilpakkam
Rajakilpakkam,postalCode,411001,Rajakilpakkam
Rajakilpakkam,area,16.01 square kilometers,Rajakilpakkam
Rajakilpakkam,coordinates,"18.4778° N, 73.8717° E",Rajakilpakkam
Rajakilpakkam,established,1818,Rajakilpakkam
Rajakilpakkam,governedBy,Pune Municipal Corporation,Rajakilpakkam
Rajakilpakkam,nearbyLandmarks,Shaniwar Wada,Rajakilpakkam
Rajakilpakkam,nearbyLandmarks,Dagdi Chhatrapati Shivaji Maharaj Museum,Rajakilpakkam
Rajakilpakkam,nearbyLandmarks,Orugudipet Lake,Rajakilpakkam
Rajakilpakkam,nearbyLandmarks,Yerwada Jail,Rajakilpakkam
Rajakilpakkam,nearbyLandmarks,University Film Screening Society,Rajakilpakkam
Nigel Foster,instanceOf,kayaker,Nigel Foster (kayaker)
Nigel Foster,bornIn,Bristol,Nigel Foster (kayaker)
Nigel Foster,occupation,kayaker,Nigel Foster (kayaker)
Nigel Foster,competedIn,2016 Summer Olympics,Nigel Foster (kayaker)
Nigel Foster,competedIn,2018 Summer Youth Olympics,Nigel Foster (kayaker)
Nigel Foster,competedIn,2020 Summer Olympics,Nigel Foster (kayaker)
Nigel Foster,competedIn,2022 World Championships,Nigel Foster (kayaker)
Nigel Foster,specializedIn,rough water kayaking,Nigel Foster (kayaker)
Nigel Foster,team,Great Britain,Nigel Foster (kayaker)
Nigel Foster,partner,Ed McKeever,Nigel Foster (kayaker)
Nigel Foster,partner,Benjamin Cook,Nigel Foster (kayaker)
Nigel Foster,partner,Lawrence Strattan,Nigel Foster (kayaker)
Nigel Foster,medal,bronze,Nigel Foster (kayaker)
Nigel Foster,place,3rd,Nigel Foster (kayaker)
Nigel Foster,dateOfBirth,1993-07-17,Nigel Foster (kayaker)
Nigel Foster,age,30,Nigel Foster (kayaker)
Nigel Foster,height,183 cm,Nigel Foster (kayaker)
Nigel Foster,weight,77 kg,Nigel Foster (kayaker)
Nigel Foster,nationality,British,Nigel Foster (kayaker)
Wat Prasert Sutthawat,instanceOf,temple,Wat Prasert Sutthawat
Wat Prasert Sutthawat,locatedIn,Bangkok,Wat Prasert Sutthawat
Wat Prasert Sutthawat,established,1939,Wat Prasert Sutthawat
Wat Prasert Sutthawat,affiliatedWith,Bangkok Metropolitan Administration,Wat Prasert Sutthawat
Wat Prasert Sutthawat,features,Ubosot,Wat Prasert Sutthawat
Wat Prasert Sutthawat,features,viharn,Wat Prasert Sutthawat
Wat Prasert Sutthawat,features,ordination hall,Wat Prasert Sutthawat
Wat Prasert Sutthawat,has_monks,many,Wat Prasert Sutthawat
Wat Prasert Sutthawat,partOf,Bangkok's temple network,Wat Prasert Sutthawat
Wat Prasert Sutthawat,address,Bangkok,Wat Prasert Sutthawat
Duchess Elisabeth Alexandrine of Mecklenburg-Schwerin,instanceOf,Princess,Duchess Elisabeth Alexandrine of Mecklenburg-Schwerin
Duchess Elisabeth Alexandrine of Mecklenburg-Schwerin,birthDate,1832-01-10,Duchess Elisabeth Alexandrine of Mecklenburg-Schwerin
Duchess Elisabeth Alexandrine of Mecklenburg-Schwerin,birthPlace,Schwerin,Duchess Elisabeth Alexandrine of Mecklenburg-Schwerin
Duchess Elisabeth Alexandrine of Mecklenburg-Schwerin,deathDate,1898-07-21,Duchess Elisabeth Alexandrine of Mecklenburg-Schwerin
Duchess Elisabeth Alexandrine of Mecklenburg-Schwerin,deathPlace,Schwerin,Duchess Elisabeth Alexandrine of Mecklenburg-Schwerin
Duchess Elisabeth Alexandrine of Mecklenburg-Schwerin,father,"Alexander, Duke of Mecklenburg-Schwerin",Duchess Elisabeth Alexandrine of Mecklenburg-Schwerin
Duchess Elisabeth Alexandrine of Mecklenburg-Schwerin,mother,Louise of Hesse-Kassel,Duchess Elisabeth Alexandrine of Mecklenburg-Schwerin
Duchess Elisabeth Alexandrine of Mecklenburg-Schwerin,spouse,"Frederick II, Duke of Saxe-Meiningen",Duchess Elisabeth Alexandrine of Mecklenburg-Schwerin
Duchess Elisabeth Alexandrine of Mecklenburg-Schwerin,children,"Frederick Augustus, Duke of Saxe-Meiningen",Duchess Elisabeth Alexandrine of Mecklenburg-Schwerin
Duchess Elisabeth Alexandrine of Mecklenburg-Schwerin,children,"Wilhelm, Prince of Saxe-Meiningen",Duchess Elisabeth Alexandrine of Mecklenburg-Schwerin
Duchess Elisabeth Alexandrine of Mecklenburg-Schwerin,children,Louise of Saxe-Meiningen,Duchess Elisabeth Alexandrine of Mecklenburg-Schwerin
Duchess Elisabeth Alexandrine of Mecklenburg-Schwerin,children,Sophie of Saxe-Meiningen,Duchess Elisabeth Alexandrine of Mecklenburg-Schwerin
Duchess Elisabeth Alexandrine of Mecklenburg-Schwerin,title,Duchess of Saxe-Meiningen,Duchess Elisabeth Alexandrine of Mecklenburg-Schwerin
Duchess Elisabeth Alexandrine of Mecklenburg-Schwerin,court,Saxe-Meiningen,Duchess Elisabeth Alexandrine of Mecklenburg-Schwerin
Duchess Elisabeth Alexandrine of Mecklenburg-Schwerin,religion,Lutheran,Duchess Elisabeth Alexandrine of Mecklenburg-Schwerin
Duchess Elisabeth Alexandrine of Mecklenburg-Schwerin,education,Private Tutoring,Duchess Elisabeth Alexandrine of Mecklenburg-Schwerin
Duchess Elisabeth Alexandrine of Mecklenburg-Schwerin,nickname,Liselotte,Duchess Elisabeth Alexandrine of Mecklenburg-Schwerin
Duchess Elisabeth Alexandrine of Mecklenburg-Schwerin,sibling,Luise of Mecklenburg-Schwerin,Duchess Elisabeth Alexandrine of Mecklenburg-Schwerin
Duchess Elisabeth Alexandrine of Mecklenburg-Schwerin,sibling,Friedrich Wilhelm of Mecklenburg-Schwerin,Duchess Elisabeth Alexandrine of Mecklenburg-Schwerin
Duchess Elisabeth Alexandrine of Mecklenburg-Schwerin,sibling,Wilhelm of Mecklenburg-Schwerin,Duchess Elisabeth Alexandrine of Mecklenburg-Schwerin
Duchess Elisabeth Alexandrine of Mecklenburg-Schwerin,sibling,Augusta of Mecklenburg-Schwerin,Duchess Elisabeth Alexandrine of Mecklenburg-Schwerin
Duchess Elisabeth Alexandrine of Mecklenburg-Schwerin,sibling,Karoline of Mecklenburg-Schwerin,Duchess Elisabeth Alexandrine of Mecklenburg-Schwerin
Duchess Elisabeth Alexandrine of Mecklenburg-Schwerin,sibling,Sophie of Mecklenburg-Schwerin,Duchess Elisabeth Alexandrine of Mecklenburg-Schwerin
2003–04 Georgia Tech Yellow Jackets men's basketball team,instanceOf,college team,2003–04 Georgia Tech Yellow Jackets men's basketball team
2003–04 Georgia Tech Yellow Jackets men's basketball team,memberOf,Georgia Tech,2003–04 Georgia Tech Yellow Jackets men's basketball team
2003–04 Georgia Tech Yellow Jackets men's basketball team,conference,Atlantic Coast Conference,2003–04 Georgia Tech Yellow Jackets men's basketball team
2003–04 Georgia Tech Yellow Jackets men's basketball team,headCoach,Paul Crook,2003–04 Georgia Tech Yellow Jackets men's basketball team
2003–04 Georgia Tech Yellow Jackets men's basketball team,record,34-7,2003–04 Georgia Tech Yellow Jackets men's basketball team
2003–04 Georgia Tech Yellow Jackets men's basketball team,tournamentAppearance,NCAA Tournament,2003–04 Georgia Tech Yellow Jackets men's basketball team
2003–04 Georgia Tech Yellow Jackets men's basketball team,defeated,Maryland Terrapins,2003–04 Georgia Tech Yellow Jackets men's basketball team
2003–04 Georgia Tech Yellow Jackets men's basketball team,lostTo,Connecticut Huskies,2003–04 Georgia Tech Yellow Jackets men's basketball team
2003–04 Georgia Tech Yellow Jackets men's basketball team,defeated,Duke Blue Devils,2003–04 Georgia Tech Yellow Jackets men's basketball team
2003–04 Georgia Tech Yellow Jackets men's basketball team,defeated,North Carolina Tar Heels,2003–04 Georgia Tech Yellow Jackets men's basketball team
2003–04 Georgia Tech Yellow Jackets men's basketball team,defeated,Virginia Tech Hokies,2003–04 Georgia Tech Yellow Jackets men's basketball team
2003–04 Georgia Tech Yellow Jackets men's basketball team,defeated,Wake Forest Demon Deacons,2003–04 Georgia Tech Yellow Jackets men's basketball team
2003–04 Georgia Tech Yellow Jackets men's basketball team,defeated,Miami Hurricanes,2003–04 Georgia Tech Yellow Jackets men's basketball team
2003–04 Georgia Tech Yellow Jackets men's basketball team,defeated,Florida State Seminoles,2003–04 Georgia Tech Yellow Jackets men's basketball team
2003–04 Georgia Tech Yellow Jackets men's basketball team,defeated,NC State Wolfpack,2003–04 Georgia Tech Yellow Jackets men's basketball team
2003–04 Georgia Tech Yellow Jackets men's basketball team,defeated,Boston College Eagles,2003–04 Georgia Tech Yellow Jackets men's basketball team
2003–04 Georgia Tech Yellow Jackets men's basketball team,defeated,Clemson Tigers,2003–04 Georgia Tech Yellow Jackets men's basketball team
2003–04 Georgia Tech Yellow Jackets men's basketball team,defeated,Savannah State Tigers,2003–04 Georgia Tech Yellow Jackets men's basketball team
2003–04 Georgia Tech Yellow Jackets men's basketball team,defeated,South Carolina State Panthers,2003–04 Georgia Tech Yellow Jackets men's basketball team
2003–04 Georgia Tech Yellow Jackets men's basketball team,defeated,Furman Paladins,2003–04 Georgia Tech Yellow Jackets men's basketball team
2003–04 Georgia Tech Yellow Jackets men's basketball team,defeated,Appalachian State Mountaineers,2003–04 Georgia Tech Yellow Jackets men's basketball team
2003–04 Georgia Tech Yellow Jackets men's basketball team,defeated,Western Carolina Catamounts,2003–04 Georgia Tech Yellow Jackets men's basketball team
2003–04 Georgia Tech Yellow Jackets men's basketball team,defeated,East Carolina Pirates,2003–04 Georgia Tech Yellow Jackets men's basketball team
2003–04 Georgia Tech Yellow Jackets men's basketball team,defeated,College of Charleston Cougars,2003–04 Georgia Tech Yellow Jackets men's basketball team
2003–04 Georgia Tech Yellow Jackets men's basketball team,defeated,Alabama-Birmingham Blazers,2003–04 Georgia Tech Yellow Jackets men's basketball team
2003–04 Georgia Tech Yellow Jackets men's basketball team,defeated,Troy Trojans,2003–04 Georgia Tech Yellow Jackets men's basketball team
2003–04 Georgia Tech Yellow Jackets men's basketball team,defeated,Louisiana-Lafayette Ragin' Cajuns,2003–04 Georgia Tech Yellow Jackets men's basketball team
2003–04 Georgia Tech Yellow Jackets men's basketball team,defeated,Middle Tennessee State Blue Raiders,2003–04 Georgia Tech Yellow Jackets men's basketball team
2003–04 Georgia Tech Yellow Jackets men's basketball team,defeated,Western Kentucky Hilltoppers,2003–04 Georgia Tech Yellow Jackets men's basketball team
2003–04 Georgia Tech Yellow Jackets men's basketball team,defeated,Kentucky Wildcats,2003–04 Georgia Tech Yellow Jackets men's basketball team
2003–04 Georgia Tech Yellow Jackets men's basketball team,defeated,Auburn Tigers,2003–04 Georgia Tech Yellow Jackets men's basketball team
2003–04 Georgia Tech Yellow Jackets men's basketball team,defeated,Mississippi State Bulldogs,2003–04 Georgia Tech Yellow Jackets men's basketball team
2003–04 Georgia Tech Yellow Jackets men's basketball team,defeated,Ole Miss Rebels,2003–04 Georgia Tech Yellow Jackets men's basketball team
2003–04 Georgia Tech Yellow Jackets men's basketball team,defeated,Alabama Crimson Tide,2003–04 Georgia Tech Yellow Jackets men's basketball team
2003–04 Georgia Tech Yellow Jackets men's basketball team,defeated,LSU Tigers,2003–04 Georgia Tech Yellow Jackets men's basketball team
2003–04 Georgia Tech Yellow Jackets men's basketball team,defeated,Arkansas Razorbacks,2003–04 Georgia Tech Yellow Jackets men's basketball team
2003–04 Georgia Tech Yellow Jackets men's basketball team,defeated,Missouri Tigers,2003–04 Georgia Tech Yellow Jackets men's basketball team
2003–04 Georgia Tech Yellow Jackets men's basketball team,defeated,Tennessee Volunteers,2003–04 Georgia Tech Yellow Jackets men's basketball team
2003–04 Georgia Tech Yellow Jackets men's basketball team,defeated,Georgia Bulldogs,2003–04 Georgia Tech Yellow Jackets men's basketball team
2003–04 Georgia Tech Yellow Jackets men's basketball team,defeated,South Florida Bulls,2003–04 Georgia Tech Yellow Jackets men's basketball team
2003–04 Georgia Tech Yellow Jackets men's basketball team,defeated,Pittsburgh Panthers,2003–04 Georgia Tech Yellow Jackets men's basketball team
2003–04 Georgia Tech Yellow Jackets men's basketball team,defeated,Virginia Cavaliers,2003–04 Georgia Tech Yellow Jackets men's basketball team
2003–04 Georgia Tech Yellow Jackets men's basketball team,defeated,Northwestern Wildcats,2003–04 Georgia Tech Yellow Jackets men's basketball team
2003–04 Georgia Tech Yellow Jackets men's basketball team,defeated,Connecticut Huskies,2003–04 Georgia Tech Yellow Jackets men's basketball team
Dwarf paradise fish,instanceOf,Fish,Dwarf paradise fish
Dwarf paradise fish,instanceOf,Actinopterygii,Dwarf paradise fish
Dwarf paradise fish,instanceOf,Characiformes,Dwarf paradise fish
Dwarf paradise fish,scientificName,Bolodurus schindleri,Dwarf paradise fish
Dwarf paradise fish,nativeRange,Borneo,Dwarf paradise fish
Dwarf paradise fish,nativeRange,Sarawak,Dwarf paradise fish
Dwarf paradise fish,nativeRange,Malaysia,Dwarf paradise fish
Dwarf paradise fish,habitat,Slow-moving streams,Dwarf paradise fish
Dwarf paradise fish,habitat,Small rivers,Dwarf paradise fish
Dwarf paradise fish,size,8 cm,Dwarf paradise fish
Dwarf paradise fish,color,Bright blue and red,Dwarf paradise fish
Dwarf paradise fish,diet,Algae and small invertebrates,Dwarf paradise fish
Dwarf paradise fish,reproduction,Spawning in vegetated areas,Dwarf paradise fish
Dwarf paradise fish,conservationStatus,Vulnerable,Dwarf paradise fish
Dwarf paradise fish,threats,Habitat loss,Dwarf paradise fish
Dwarf paradise fish,threats,Pollution,Dwarf paradise fish
Dwarf paradise fish,relatedTo,Paradise fish,Dwarf paradise fish
Dwarf paradise fish,relatedTo,Other Bornean fish species,Dwarf paradise fish
Dwarf paradise fish,waterQuality,"Clean, well-oxygenated water",Dwarf paradise fish
Dwarf paradise fish,socialBehavior,Solitary,Dwarf paradise fish
Dwarf paradise fish,lifeSpan,10 years,Dwarf paradise fish
Dwarf paradise fish,breedingSeason,November to January,Dwarf paradise fish
Dwarf paradise fish,juvenileStage,Elongated body shape,Dwarf paradise fish
Dwarf paradise fish,adultMorphology,Distinctive blue and red markings,Dwarf paradise fish
Dwarf paradise fish,maleCharacteristics,Bright coloration,Dwarf paradise fish
Dwarf paradise fish,femaleCharacteristics,Duller coloration,Dwarf paradise fish
Dwarf paradise fish,feedingBehavior,Bottom-dwelling,Dwarf paradise fish
Dwarf paradise fish,territoriality,Defensive behavior,Dwarf paradise fish
Dwarf paradise fish,colorationVariation,Intensity of colors varies with age and environment,Dwarf paradise fish
Dwarf paradise fish,morphologicalAdaptations,Flattened head,Dwarf paradise fish
Dwarf paradise fish,sensoryAdaptations,Lateral line system,Dwarf paradise fish
Dwarf paradise fish,reproductiveStrategy,Parental care is minimal,Dwarf paradise fish
Dwarf paradise fish,phylogeneticRelationships,Closely related to other Bornean paradise fish,Dwarf paradise fish
Dwarf paradise fish,ecologicalRole,Grazing on algae,Dwarf paradise fish
Dwarf paradise fish,conservationEfforts,Habitat protection,Dwarf paradise fish
Dwarf paradise fish,conservationEfforts,Captive breeding programs,Dwarf paradise fish
Dwarf paradise fish,geneticDiversity,Relatively low genetic diversity,Dwarf paradise fish
Dwarf paradise fish,populationSize,Declining,Dwarf paradise fish
Dwarf paradise fish,threats,Illegal pet trade,Dwarf paradise fish
Dwarf paradise fish,threats,Deforestation,Dwarf paradise fish
Dwarf paradise fish,threats,Mining activities,Dwarf paradise fish
Dwarf paradise fish,researchAreas,Genetics,Dwarf paradise fish
Dwarf paradise fish,researchAreas,Behavioral ecology,Dwarf paradise fish
Dwarf paradise fish,researchAreas,Conservation biology,Dwarf paradise fish
Dwarf paradise fish,researchAreas,Aquaculture,Dwarf paradise fish
Dwarf paradise fish,morphologicalCharacteristics,Small size,Dwarf paradise fish
Dwarf paradise fish,morphologicalCharacteristics,Elongated body,Dwarf paradise fish
Dwarf paradise fish,morphologicalCharacteristics,Large eyes,Dwarf paradise fish
Dwarf paradise fish,morphologicalCharacteristics,Barbel,Dwarf paradise fish
We'll Be Together Again (Pat Martino album),instanceOf,album,We'll Be Together Again (Pat Martino album)
We'll Be Together Again (Pat Martino album),genre,jazz,We'll Be Together Again (Pat Martino album)
We'll Be Together Again (Pat Martino album),released,1973,We'll Be Together Again (Pat Martino album)
We'll Be Together Again (Pat Martino album),label,Elektra,We'll Be Together Again (Pat Martino album)
We'll Be Together Again (Pat Martino album),performedBy,Pat Martino,We'll Be Together Again (Pat Martino album)
track1,title,Theme for a Great Fall,We'll Be Together Again (Pat Martino album)
track2,title,The Last Thing on My Mind,We'll Be Together Again (Pat Martino album)
track3,title,We'll Be Together Again,We'll Be Together Again (Pat Martino album)
track4,title,The Blues Are My Friends,We'll Be Together Again (Pat Martino album)
track5,title,The Song Collector,We'll Be Together Again (Pat Martino album)
track6,title,The Way,We'll Be Together Again (Pat Martino album)
track7,title,Bluebird,We'll Be Together Again (Pat Martino album)
track8,title,The Search,We'll Be Together Again (Pat Martino album)
track9,title,A Little Bit of Blue,We'll Be Together Again (Pat Martino album)
track10,title,The Blues Are My Friends (Reprise),We'll Be Together Again (Pat Martino album)
German submarine U-854,instanceOf,U-boat,German submarine U-854
German submarine U-854,commissioned,1941,German submarine U-854
German submarine U-854,commissionedBy,Germany,German submarine U-854
German submarine U-854,lost,1943,German submarine U-854
German submarine U-854,lostIn,North Atlantic Ocean,German submarine U-854
German submarine U-854,sunk,HMS Prince Alexander,German submarine U-854
German submarine U-854,sunk,HMS Hunter,German submarine U-854
German submarine U-854,sunk,HMS Waterhen,German submarine U-854
German submarine U-854,sunk,HMS Walrus,German submarine U-854
German submarine U-854,crew,40,German submarine U-854
German submarine U-854,captain,Kurt Müssig,German submarine U-854
German submarine U-854,operationalArea,North Atlantic,German submarine U-854
German submarine U-854,type,Type VIIC U-boat,German submarine U-854
German submarine U-854,displacement,800 tons,German submarine U-854
German submarine U-854,length,67.4 meters,German submarine U-854
German submarine U-854,speed,18 knots,German submarine U-854
German submarine U-854,armament,10 torpedoes,German submarine U-854
German submarine U-854,manufacturer,Deutsche Schiff- und Regelwerk,German submarine U-854
German submarine U-854,homeport,Bergen,German submarine U-854
German submarine U-854,command,KG26,German submarine U-854
German submarine U-854,mission,Anti-Convoy Operations,German submarine U-854
German submarine U-854,sinkingLocation,57°12′N 31°36′W,German submarine U-854
German submarine U-854,depth,100 meters,German submarine U-854
Bette Otto-Bliesner,instanceOf,Journalist,Bette Otto-Bliesner
Bette Otto-Bliesner,instanceOf,Television personality,Bette Otto-Bliesner
Bette Otto-Bliesner,instanceOf,American woman,Bette Otto-Bliesner
Bette Otto-Bliesner,bornIn,New York City,Bette Otto-Bliesner
Bette Otto-Bliesner,birthDate,1957-03-16,Bette Otto-Bliesner
Bette Otto-Bliesner,occupation,Broadcast journalist,Bette Otto-Bliesner
Bette Otto-Bliesner,worksFor,NBC,Bette Otto-Bliesner
Bette Otto-Bliesner,worksFor,MSNBC,Bette Otto-Bliesner
Bette Otto-Bliesner,hosted,Borne of the Stars,Bette Otto-Bliesner
Bette Otto-Bliesner,hosted,The Apprentice,Bette Otto-Bliesner
Bette Otto-Bliesner,hosted,America's Got Talent,Bette Otto-Bliesner
Bette Otto-Bliesner,hosted,Extra,Bette Otto-Bliesner
Bette Otto-Bliesner,reportedFor,NBC Nightly News,Bette Otto-Bliesner
Bette Otto-Bliesner,reportedFor,Today,Bette Otto-Bliesner
Bette Otto-Bliesner,education,New York University,Bette Otto-Bliesner
Bette Otto-Bliesner,spouse,David Bliesner,Bette Otto-Bliesner
Bette Otto-Bliesner,children,Two children,Bette Otto-Bliesner
"Us, Ours and Yours (TV series)",instanceOf,Television series,"Us, Ours and Yours (TV series)"
"Us, Ours and Yours (TV series)",genre,Comedy,"Us, Ours and Yours (TV series)"
"Us, Ours and Yours (TV series)",creator,David Mandel,"Us, Ours and Yours (TV series)"
"Us, Ours and Yours (TV series)",starring,Brad Pitt,"Us, Ours and Yours (TV series)"
"Us, Ours and Yours (TV series)",starring,Zooey Deschanel,"Us, Ours and Yours (TV series)"
"Us, Ours and Yours (TV series)",starring,Jason Schwartzman,"Us, Ours and Yours (TV series)"
"Us, Ours and Yours (TV series)",starring,Owen Wilson,"Us, Ours and Yours (TV series)"
"Us, Ours and Yours (TV series)",starring,Jack Black,"Us, Ours and Yours (TV series)"
"Us, Ours and Yours (TV series)",network,NBC,"Us, Ours and Yours (TV series)"
"Us, Ours and Yours (TV series)",broadcast_date,2005-09-21,"Us, Ours and Yours (TV series)"
"Us, Ours and Yours (TV series)",episode_count,8,"Us, Ours and Yours (TV series)"
"Us, Ours and Yours (TV series)",directed_by,David Mandel,"Us, Ours and Yours (TV series)"
"Us, Ours and Yours (TV series)",written_by,David Mandel,"Us, Ours and Yours (TV series)"
"Us, Ours and Yours (TV series)",based_on,The Honeymooners,"Us, Ours and Yours (TV series)"
"Us, Ours and Yours (TV series)",setting,New York City,"Us, Ours and Yours (TV series)"
"Us, Ours and Yours (TV series)",themes,"Family, Relationships, Comedy","Us, Ours and Yours (TV series)"
"Us, Ours and Yours (TV series)",tone,Satirical,"Us, Ours and Yours (TV series)"
"Us, Ours and Yours (TV series)",production_company,Kesler-Nelson Productions,"Us, Ours and Yours (TV series)"
"Us, Ours and Yours (TV series)",executive_producer,David Mandel,"Us, Ours and Yours (TV series)"
"Us, Ours and Yours (TV series)",executive_producer,Gary Sanchez,"Us, Ours and Yours (TV series)"
"Us, Ours and Yours (TV series)",executive_producer,Tom Fuller,"Us, Ours and Yours (TV series)"
"Us, Ours and Yours (TV series)",executive_producer,Matt Weitzman,"Us, Ours and Yours (TV series)"
"Us, Ours and Yours (TV series)",executive_producer,Robert Weitzman,"Us, Ours and Yours (TV series)"
"Us, Ours and Yours (TV series)",episode_1_title,Pilot,"Us, Ours and Yours (TV series)"
"Us, Ours and Yours (TV series)",episode_2_title,The Honeymooners,"Us, Ours and Yours (TV series)"
"Us, Ours and Yours (TV series)",episode_3_title,The Honeymooners Part II,"Us, Ours and Yours (TV series)"
"Us, Ours and Yours (TV series)",episode_4_title,The Honeymooners Part III,"Us, Ours and Yours (TV series)"
"Us, Ours and Yours (TV series)",episode_5_title,The Honeymooners Part IV,"Us, Ours and Yours (TV series)"
"Us, Ours and Yours (TV series)",episode_6_title,The Honeymooners Part V,"Us, Ours and Yours (TV series)"
"Us, Ours and Yours (TV series)",episode_7_title,The Honeymooners Part VI,"Us, Ours and Yours (TV series)"
"Us, Ours and Yours (TV series)",episode_8_title,The Honeymooners Part VII,"Us, Ours and Yours (TV series)"
Free Fire (film),instanceOf,film,Free Fire (film)
Free Fire (film),directedBy,Ben Wheatley,Free Fire (film)
Free Fire (film),starring,Charlie Hunnam,Free Fire (film)
Free Fire (film),starring,Jessica Alba,Free Fire (film)
Free Fire (film),starring,Michael Pitt,Free Fire (film)
Free Fire (film),starring,Neil Maskell,Free Fire (film)
Free Fire (film),starring,Toyah Pearce,Free Fire (film)
Free Fire (film),starring,Robert Kibbey,Free Fire (film)
Free Fire (film),releaseDate,2016-08-13,Free Fire (film)
Free Fire (film),genre,action thriller,Free Fire (film)
Free Fire (film),plot,Two hitmen embark on a dangerous mission to assassinate each other in a remote Cambodian jungle.,Free Fire (film)
Free Fire (film),productionCompany,Versatile Films,Free Fire (film)
Free Fire (film),productionCompany,Anonymous Content,Free Fire (film)
Free Fire (film),productionCompany,Blank Space Studios,Free Fire (film)
Free Fire (film),budget,$30 million,Free Fire (film)
Free Fire (film),revenue,$73.7 million,Free Fire (film)
Free Fire (film),countryOfOrigin,United Kingdom,Free Fire (film)
Free Fire (film),language,English,Free Fire (film)
Free Fire (film),rating,R,Free Fire (film)
Free Fire (film),awards,Satellite Award for Best Original Score,Free Fire (film)
Free Fire (film),awards,MTV Movie Award for Best Fight,Free Fire (film)
Free Fire (film),awards,AFI's 100th Anniversary List of the 100 Most Important American Films,Free Fire (film)
Ben Wheatley,occupation,film director,Free Fire (film)
Jessica Alba,occupation,actress,Free Fire (film)
Michael Pitt,occupation,actor,Free Fire (film)
Neil Maskell,occupation,actor,Free Fire (film)
Toyah Pearce,occupation,actress,Free Fire (film)
Robert Kibbey,occupation,actor,Free Fire (film)
St. Spyridon Choir,instanceOf,Choir,St. Spyridon Choir
St. Spyridon Choir,locatedIn,"St. Sophia's Cathedral, Polystyrene",St. Spyridon Choir
St. Spyridon Choir,performsIn,"St. Sophia's Cathedral, Polystyrene",St. Spyridon Choir
St. Spyridon Choir,memberOf,Greek Orthodox Church,St. Spyridon Choir
St. Spyridon Choir,style,Gregorian chant,St. Spyridon Choir
St. Spyridon Choir,origin,Greece,St. Spyridon Choir
St. Spyridon Choir,founded,1837,St. Spyridon Choir
St. Spyridon Choir,conductor,Nikolaos Kordatos,St. Spyridon Choir
St. Spyridon Choir,instrument,Organ,St. Spyridon Choir
St. Spyridon Choir,partOf,"St. Sophia's Cathedral, Polystyrene",St. Spyridon Choir
St. Spyridon Choir,religiousAffiliation,Greek Orthodox Church,St. Spyridon Choir
St. Spyridon Choir,performanceType,Liturgical music,St. Spyridon Choir
St. Spyridon Choir,website,https://www.stspyridon.gr/,St. Spyridon Choir
"St. Sophia's Cathedral, Polystyrene",hasChoir,St. Spyridon Choir,St. Spyridon Choir
Hayao Kawai,instanceOf,Film Animator,Hayao Kawai
Hayao Kawai,instanceOf,Director,Hayao Kawai
Hayao Kawai,instanceOf,Screenwriter,Hayao Kawai
Hayao Kawai,bornIn,Nagano Prefecture,Hayao Kawai
Hayao Kawai,bornOn,"May 5, 1941",Hayao Kawai
Hayao Kawai,nationality,Japanese,Hayao Kawai
Hayao Kawai,occupation,Film Director,Hayao Kawai
Hayao Kawai,associatedWith,Studio Ghibli,Hayao Kawai
Hayao Kawai,directed,Miira,Hayao Kawai
Hayao Kawai,directed,The Castle of Cagliostro,Hayao Kawai
Hayao Kawai,directed,House o Waratte,Hayao Kawai
Hayao Kawai,directed,Pom Poko,Hayao Kawai
Hayao Kawai,directed,Whisper of the Heart,Hayao Kawai
Hayao Kawai,directed,Princess Mononoke,Hayao Kawai
Hayao Kawai,directed,Howl's Moving Castle,Hayao Kawai
Hayao Kawai,directed,The Secret World of Arrietty,Hayao Kawai
Hayao Kawai,directed,When Marnie Was There,Hayao Kawai
Hayao Kawai,wrote,Miira,Hayao Kawai
Hayao Kawai,wrote,The Castle of Cagliostro,Hayao Kawai
Hayao Kawai,wrote,House o Waratte,Hayao Kawai
Hayao Kawai,wrote,Pom Poko,Hayao Kawai
Hayao Kawai,wrote,Whisper of the Heart,Hayao Kawai
Hayao Kawai,wrote,Princess Mononoke,Hayao Kawai
Hayao Kawai,wrote,Howl's Moving Castle,Hayao Kawai
Hayao Kawai,wrote,The Secret World of Arrietty,Hayao Kawai
Hayao Kawai,wrote,When Marnie Was There,Hayao Kawai
Hayao Kawai,influencedBy,Osamu Tezuka,Hayao Kawai
Üç Şerefeli Mosque,instanceOf,Mosque,Üç Şerefeli Mosque
Üç Şerefeli Mosque,locatedIn,Edirne,Üç Şerefeli Mosque
Üç Şerefeli Mosque,builtIn,13th century,Üç Şerefeli Mosque
Üç Şerefeli Mosque,architect,Musaflı Hoca,Üç Şerefeli Mosque
Üç Şerefeli Mosque,style,Ottoman architecture,Üç Şerefeli Mosque
Üç Şerefeli Mosque,features,Six minarets,Üç Şerefeli Mosque
Üç Şerefeli Mosque,material,Brick and stone,Üç Şerefeli Mosque
Üç Şerefeli Mosque,partOf,Edirne Historical Peninsula,Üç Şerefeli Mosque
Üç Şerefeli Mosque,UNESCO,World Heritage Site,Üç Şerefeli Mosque
Üç Şerefeli Mosque,religious,Islamic,Üç Şerefeli Mosque
Üç Şerefeli Mosque,usedFor,Prayer,Üç Şerefeli Mosque
Üç Şerefeli Mosque,historicalPeriod,Late Byzantine and Early Ottoman,Üç Şerefeli Mosque
Üç Şerefeli Mosque,dimensions,"Approximately 65 meters long, 35 meters wide",Üç Şerefeli Mosque
Üç Şerefeli Mosque,currentStatus,Active,Üç Şerefeli Mosque
Üç Şerefeli Mosque,visitedBy,Numerous historical figures,Üç Şerefeli Mosque
Üç Şerefeli Mosque,locatedNear,Edirne City Center,Üç Şerefeli Mosque
Üç Şerefeli Mosque,adjacentTo,Selimiye Mosque,Üç Şerefeli Mosque
Üç Şerefeli Mosque,influenced,Later mosque designs,Üç Şerefeli Mosque
Üç Şerefeli Mosque,hasGallery,Yes,Üç Şerefeli Mosque
Üç Şerefeli Mosque,hasCourtyard,Yes,Üç Şerefeli Mosque
Üç Şerefeli Mosque,hasInterior,Yes,Üç Şerefeli Mosque
Üç Şerefeli Mosque,hasExterior,Yes,Üç Şerefeli Mosque
"Enfield, Victoria",instanceOf,City,"Enfield, Victoria"
"Enfield, Victoria",locatedIn,Victoria,"Enfield, Victoria"
"Enfield, Victoria",partOf,Greater Melbourne,"Enfield, Victoria"
"Enfield, Victoria",population,"27,746","Enfield, Victoria"
"Enfield, Victoria",postcode,3093,"Enfield, Victoria"
"Enfield, Victoria",suburb,Melbourne,"Enfield, Victoria"
"Enfield, Victoria",area,2.93 square kilometres,"Enfield, Victoria"
"Enfield, Victoria",established,1861,"Enfield, Victoria"
"Enfield, Victoria",governedBy,City of Hume,"Enfield, Victoria"
"Enfield, Victoria",nearby,Alchester,"Enfield, Victoria"
"Enfield, Victoria",nearby,Preston,"Enfield, Victoria"
"Enfield, Victoria",nearby,Reservoir,"Enfield, Victoria"
"Enfield, Victoria",nearby,Sunshine,"Enfield, Victoria"
"Enfield, Victoria",nearby,Coburg,"Enfield, Victoria"
"Enfield, Victoria",hasLandmark,Enfield Park,"Enfield, Victoria"
"Enfield, Victoria",hasLandmark,Enfield Shopping Centre,"Enfield, Victoria"
Wish You Were Here (Barbara Mandrell song),instanceOf,song,Wish You Were Here (Barbara Mandrell song)
Wish You Were Here (Barbara Mandrell song),artist,Barbara Mandrell,Wish You Were Here (Barbara Mandrell song)
Wish You Were Here (Barbara Mandrell song),genre,country,Wish You Were Here (Barbara Mandrell song)
Wish You Were Here (Barbara Mandrell song),releaseDate,1980,Wish You Were Here (Barbara Mandrell song)
Wish You Were Here (Barbara Mandrell song),label,Columbia Records,Wish You Were Here (Barbara Mandrell song)
Wish You Were Here (Barbara Mandrell song),duration,3:33,Wish You Were Here (Barbara Mandrell song)
Wish You Were Here (Barbara Mandrell song),charted,Billboard Hot Country Songs,Wish You Were Here (Barbara Mandrell song)
Wish You Were Here (Barbara Mandrell song),peakPosition,25,Wish You Were Here (Barbara Mandrell song)
Wish You Were Here (Barbara Mandrell song),lyricsTheme,long-distance relationships,Wish You Were Here (Barbara Mandrell song)
Wish You Were Here (Barbara Mandrell song),writtenBy,Barbara Mandrell,Wish You Were Here (Barbara Mandrell song)
Wish You Were Here (Barbara Mandrell song),performedBy,Barbara Mandrell,Wish You Were Here (Barbara Mandrell song)
Wish You Were Here (Barbara Mandrell song),featuredOn,Barbara Mandrell album 'A Little More',Wish You Were Here (Barbara Mandrell song)
Wish You Were Here (Barbara Mandrell song),influencedBy,Classic country ballads,Wish You Were Here (Barbara Mandrell song)
Wish You Were Here (Barbara Mandrell song),relatedTo,Other Barbara Mandrell songs,Wish You Were Here (Barbara Mandrell song)
Wish You Were Here (Barbara Mandrell song),instrumentation,"Acoustic guitar, bass, drums, piano",Wish You Were Here (Barbara Mandrell song)
Wish You Were Here (Barbara Mandrell song),mood,"Melancholy, reflective",Wish You Were Here (Barbara Mandrell song)
Wish You Were Here (Barbara Mandrell song),popularity,Well-regarded within country music circles,Wish You Were Here (Barbara Mandrell song)
Wish You Were Here (Barbara Mandrell song),recordingLocation,"Nashville, Tennessee",Wish You Were Here (Barbara Mandrell song)
Wish You Were Here (Barbara Mandrell song),copyright,1980,Wish You Were Here (Barbara Mandrell song)
Wish You Were Here (Barbara Mandrell song),format,"Vinyl, CD, digital download",Wish You Were Here (Barbara Mandrell song)
Wish You Were Here (Barbara Mandrell song),sales,Estimated at over 1 million copies,Wish You Were Here (Barbara Mandrell song)
Wish You Were Here (Barbara Mandrell song),coverVersion,Numerous cover versions exist,Wish You Were Here (Barbara Mandrell song)
Wish You Were Here (Barbara Mandrell song),criticalReception,Generally positive reviews for its heartfelt lyrics and Mandrell's vocal performance,Wish You Were Here (Barbara Mandrell song)
Wish You Were Here (Barbara Mandrell song),legacy,Considered a classic country song,Wish You Were Here (Barbara Mandrell song)
Costa Verde (Peru),instanceOf,Hotel,Costa Verde (Peru)
Costa Verde (Peru),locatedIn,Peru,Costa Verde (Peru)
Costa Verde (Peru),locatedIn,Lima,Costa Verde (Peru)
Costa Verde (Peru),establishedIn,1970,Costa Verde (Peru)
Costa Verde (Peru),architect,Gian Franco Berna,Costa Verde (Peru)
Costa Verde (Peru),designStyle,Tropical Modernism,Costa Verde (Peru)
Costa Verde (Peru),features,Swimming pool,Costa Verde (Peru)
Costa Verde (Peru),features,Restaurant,Costa Verde (Peru)
Costa Verde (Peru),features,Bar,Costa Verde (Peru)
Costa Verde (Peru),features,Spa,Costa Verde (Peru)
Costa Verde (Peru),features,Botanical garden,Costa Verde (Peru)
Costa Verde (Peru),features,Terraces,Costa Verde (Peru)
Costa Verde (Peru),hasRoomType,Suite,Costa Verde (Peru)
Costa Verde (Peru),hasRoomType,Double Room,Costa Verde (Peru)
Costa Verde (Peru),hasRoomType,Single Room,Costa Verde (Peru)
Costa Verde (Peru),website,www.costaverde.com.pe,Costa Verde (Peru)
Costa Verde (Peru),address,"Km 9 del Circuito Mágico del Agua, Lima, Peru",Costa Verde (Peru)
Costa Verde (Peru),influenced,Brazilian architecture,Costa Verde (Peru)
Costa Verde (Peru),influenced,Peruvian culture,Costa Verde (Peru)
Costa Verde (Peru),partOf,Circuito Mágico del Agua,Costa Verde (Peru)
Costa Verde (Peru),hasView,Pacific Ocean,Costa Verde (Peru)
Costa Verde (Peru),hasView,Mountains,Costa Verde (Peru)
Costa Verde (Peru),hasView,Gardens,Costa Verde (Peru)
Costa Verde (Peru),isA,Luxury Hotel,Costa Verde (Peru)
Costa Verde (Peru),hasAmbiance,Romantic,Costa Verde (Peru)
Costa Verde (Peru),hasAmbiance,Relaxing,Costa Verde (Peru)
Costa Verde (Peru),hasAmbiance,Unique,Costa Verde (Peru)
Owen Wright,instanceOf,guitarist,Owen Wright (guitarist)
Owen Wright,born,1987-04-13,Owen Wright (guitarist)
Owen Wright,nationality,Australian,Owen Wright (guitarist)
Owen Wright,memberOf,The Living End,Owen Wright (guitarist)
Owen Wright,instrument,guitar,Owen Wright (guitarist)
Owen Wright,plays,guitar,Owen Wright (guitarist)
Owen Wright,genre,rock,Owen Wright (guitarist)
Owen Wright,location,Melbourne,Owen Wright (guitarist)
Owen Wright,occupation,musician,Owen Wright (guitarist)
Owen Wright,band,The Living End,Owen Wright (guitarist)
Owen Wright,debut album,The Modern State,Owen Wright (guitarist)
Owen Wright,album,The Modern State,Owen Wright (guitarist)
Owen Wright,album,Workaday Wonders,Owen Wright (guitarist)
Owen Wright,album,The End of Fade Out,Owen Wright (guitarist)
Owen Wright,album,One Day Alone,Owen Wright (guitarist)
Owen Wright,album,The Colour of Sound,Owen Wright (guitarist)
Owen Wright,album,The Living End,Owen Wright (guitarist)
Owen Wright,song,Down By The Water,Owen Wright (guitarist)
Owen Wright,song,One Day Alone,Owen Wright (guitarist)
Owen Wright,song,The Modern State,Owen Wright (guitarist)
Owen Wright,song,Head On,Owen Wright (guitarist)
Owen Wright,song,Goodbye Guys,Owen Wright (guitarist)
Klagetoh (Leegito) Chapter House,instanceOf,Chapter House,Klagetoh (Leegito) Chapter House
Klagetoh (Leegito) Chapter House,locatedIn,"Klagetoh, Arizona",Klagetoh (Leegito) Chapter House
Klagetoh (Leegito) Chapter House,affiliatedWith,Benedictine Order,Klagetoh (Leegito) Chapter House
Klagetoh (Leegito) Chapter House,founded,1929,Klagetoh (Leegito) Chapter House
Klagetoh (Leegito) Chapter House,operatedBy,Benedictine monks,Klagetoh (Leegito) Chapter House
Klagetoh (Leegito) Chapter House,purpose,Education and religious retreat,Klagetoh (Leegito) Chapter House
Klagetoh (Leegito) Chapter House,partOf,Leegito Abbey,Klagetoh (Leegito) Chapter House
Klagetoh (Leegito) Chapter House,address,"Klagetoh, Arizona",Klagetoh (Leegito) Chapter House
Klagetoh (Leegito) Chapter House,coordinates,"35.3833° N, 110.2833° W",Klagetoh (Leegito) Chapter House
Klagetoh (Leegito) Chapter House,website,https://leegitoabbey.org/,Klagetoh (Leegito) Chapter House
Klagetoh (Leegito) Chapter House,type,Monastic Community,Klagetoh (Leegito) Chapter House
Klagetoh (Leegito) Chapter House,denomination,Roman Catholic,Klagetoh (Leegito) Chapter House
Raleigh DeGeer Amyx,instanceOf,Business Executive,Raleigh DeGeer Amyx
Raleigh DeGeer Amyx,instanceOf,Executive,Raleigh DeGeer Amyx
Raleigh DeGeer Amyx,worksFor,Leidos Corporation,Raleigh DeGeer Amyx
Raleigh DeGeer Amyx,title,Vice President,Raleigh DeGeer Amyx
Raleigh DeGeer Amyx,areaOfExpertise,Aerospace,Raleigh DeGeer Amyx
Raleigh DeGeer Amyx,areaOfExpertise,Defense,Raleigh DeGeer Amyx
Raleigh DeGeer Amyx,areaOfExpertise,Government Contracting,Raleigh DeGeer Amyx
Raleigh DeGeer Amyx,education,Massachusetts Institute of Technology,Raleigh DeGeer Amyx
Raleigh DeGeer Amyx,education,Bachelor's Degree,Raleigh DeGeer Amyx
Raleigh DeGeer Amyx,education,Systems Engineering,Raleigh DeGeer Amyx
Raleigh DeGeer Amyx,memberOf,National Defense Industrial Association,Raleigh DeGeer Amyx
Raleigh DeGeer Amyx,memberOf,Professional Services Council,Raleigh DeGeer Amyx
Raleigh DeGeer Amyx,location,"Arlington, Virginia",Raleigh DeGeer Amyx
Raleigh DeGeer Amyx,leadershipRole,Leidos Aeronautics and Mission Systems,Raleigh DeGeer Amyx
Raleigh DeGeer Amyx,leadershipRole,Leidos Government Solutions,Raleigh DeGeer Amyx
Raleigh DeGeer Amyx,leadershipRole,Leidos Health,Raleigh DeGeer Amyx
Raleigh DeGeer Amyx,speaks,English,Raleigh DeGeer Amyx
Nagao Station (Kagawa),instanceOf,Train Station,Nagao Station (Kagawa)
Nagao Station (Kagawa),locatedIn,"Nagao, Kagawa",Nagao Station (Kagawa)
Nagao Station (Kagawa),partOf,Seto Inland Sea Railway,Nagao Station (Kagawa)
Nagao Station (Kagawa),operator,JR Shikoku,Nagao Station (Kagawa)
Nagao Station (Kagawa),postalCode,761-0023,Nagao Station (Kagawa)
Nagao Station (Kagawa),latitude,34.333333,Nagao Station (Kagawa)
Nagao Station (Kagawa),longitude,134.833333,Nagao Station (Kagawa)
Nagao Station (Kagawa),elevation,2.9m,Nagao Station (Kagawa)
Nagao Station (Kagawa),yearOpened,1897,Nagao Station (Kagawa)
Nagao Station (Kagawa),platforms,2,Nagao Station (Kagawa)
Nagao Station (Kagawa),tracks,2,Nagao Station (Kagawa)
Nagao Station (Kagawa),adjacentStation,Katsura Station,Nagao Station (Kagawa)
Nagao Station (Kagawa),adjacentStation,Nagao-Ohashi Station,Nagao Station (Kagawa)
Nagao Station (Kagawa),adjacentStation,Takaragawa Station,Nagao Station (Kagawa)
Nagao Station (Kagawa),adjacentStation,Kōchi Station,Nagao Station (Kagawa)
Nagao Station (Kagawa),trainServices,Sanyo Main Line,Nagao Station (Kagawa)
Nagao Station (Kagawa),trainServices,Kotoku Line,Nagao Station (Kagawa)
2009 World Rhythmic Gymnastics Championships,location,Kyiv,2009 World Rhythmic Gymnastics Championships
2009 World Rhythmic Gymnastics Championships,location,Ukraine,2009 World Rhythmic Gymnastics Championships
2009 World Rhythmic Gymnastics Championships,date,2009-10-31,2009 World Rhythmic Gymnastics Championships
2009 World Rhythmic Gymnastics Championships,date,2009-11-01,2009 World Rhythmic Gymnastics Championships
2009 World Rhythmic Gymnastics Championships,organizer,International Gymnastics Federation,2009 World Rhythmic Gymnastics Championships
2009 World Rhythmic Gymnastics Championships,participant,Russia,2009 World Rhythmic Gymnastics Championships
2009 World Rhythmic Gymnastics Championships,participant,Ukraine,2009 World Rhythmic Gymnastics Championships
2009 World Rhythmic Gymnastics Championships,participant,Italy,2009 World Rhythmic Gymnastics Championships
2009 World Rhythmic Gymnastics Championships,participant,Belarus,2009 World Rhythmic Gymnastics Championships
2009 World Rhythmic Gymnastics Championships,participant,Spain,2009 World Rhythmic Gymnastics Championships
2009 World Rhythmic Gymnastics Championships,participant,Romania,2009 World Rhythmic Gymnastics Championships
2009 World Rhythmic Gymnastics Championships,participant,Kazakhstan,2009 World Rhythmic Gymnastics Championships
2009 World Rhythmic Gymnastics Championships,medal,Gold (Russia),2009 World Rhythmic Gymnastics Championships
2009 World Rhythmic Gymnastics Championships,medal,Silver (Ukraine),2009 World Rhythmic Gymnastics Championships
2009 World Rhythmic Gymnastics Championships,medal,Bronze (Italy),2009 World Rhythmic Gymnastics Championships
2009 World Rhythmic Gymnastics Championships,sport,Rhythmic Gymnastics,2009 World Rhythmic Gymnastics Championships
2009 World Rhythmic Gymnastics Championships,event_type,Competition,2009 World Rhythmic Gymnastics Championships
2009 World Rhythmic Gymnastics Championships,instanceOf,Sports Event,2009 World Rhythmic Gymnastics Championships
2009 World Rhythmic Gymnastics Championships,instanceOf,Gymnastics Competition,2009 World Rhythmic Gymnastics Championships
Gracie Mansion Gallery,instanceOf,museum,Gracie Mansion Gallery
Gracie Mansion Gallery,locatedIn,New York City,Gracie Mansion Gallery
Gracie Mansion Gallery,locatedIn,Manhattan,Gracie Mansion Gallery
Gracie Mansion Gallery,locatedAt,Gracie Mansion,Gracie Mansion Gallery
Gracie Mansion Gallery,displays,furniture,Gracie Mansion Gallery
Gracie Mansion Gallery,displays,paintings,Gracie Mansion Gallery
Gracie Mansion Gallery,displays,artifacts,Gracie Mansion Gallery
Gracie Mansion Gallery,features,period rooms,Gracie Mansion Gallery
Gracie Mansion Gallery,operatedBy,New York City Department of Parks & Recreation,Gracie Mansion Gallery
Gracie Mansion Gallery,partOf,Gracie Mansion,Gracie Mansion Gallery
Gracie Mansion Gallery,architect,James Renwick Jr.,Gracie Mansion Gallery
Gracie Mansion Gallery,opened,1896,Gracie Mansion Gallery
Gracie Mansion Gallery,closed,1930s,Gracie Mansion Gallery
Gracie Mansion Gallery,reopened,1997,Gracie Mansion Gallery
Gracie Mansion Gallery,managedBy,Gracie Mansion Preservation Society,Gracie Mansion Gallery
Gracie Mansion Gallery,collectionType,historical,Gracie Mansion Gallery
Gracie Mansion Gallery,collectionTheme,presidency,Gracie Mansion Gallery
Gracie Mansion Gallery,collectionTheme,New York history,Gracie Mansion Gallery
Gracie Mansion Gallery,address,"7 E 60th St, New York, NY 10022",Gracie Mansion Gallery
Gracie Mansion Gallery,website,https://www.nycgovparks.org/parks/gracie-mansion,Gracie Mansion Gallery
Gracie Mansion Gallery,telephone,(212) 860-2900,Gracie Mansion Gallery
Gracie Mansion,instanceOf,residence,Gracie Mansion Gallery
Gracie Mansion,instanceOf,historic house,Gracie Mansion Gallery
Gracie Mansion,locatedIn,New York City,Gracie Mansion Gallery
Gracie Mansion,locatedIn,Manhattan,Gracie Mansion Gallery
Gracie Mansion,locatedAt,"7 E 60th St, New York, NY 10022",Gracie Mansion Gallery
Gracie Mansion,residenceOf,First Families of New York,Gracie Mansion Gallery
Gracie Mansion Gallery,architecturalStyle,Gothic Revival,Gracie Mansion Gallery
Gracie Mansion Gallery,architecturalStyle,Italianate,Gracie Mansion Gallery
Crystal chemistry,instanceOf,Branch of chemistry,Crystal chemistry
Crystal chemistry,dealsWith,Structure of crystalline solids,Crystal chemistry
Crystal chemistry,involves,Bonding,Crystal chemistry
Crystal chemistry,studies,Ionic bonding,Crystal chemistry
Crystal chemistry,studies,Covalent bonding,Crystal chemistry
Crystal chemistry,studies,Metallic bonding,Crystal chemistry
Crystal chemistry,dealsWith,Crystal lattice,Crystal chemistry
Crystal chemistry,dealsWith,Crystal structure,Crystal chemistry
Crystal chemistry,dealsWith,Solid-state physics,Crystal chemistry
Crystal chemistry,dealsWith,Materials science,Crystal chemistry
Crystal chemistry,uses,X-ray diffraction,Crystal chemistry
Crystal chemistry,uses,Neutron diffraction,Crystal chemistry
Crystal chemistry,relatesTo,Mineralogy,Crystal chemistry
Crystal chemistry,relatesTo,Solid solutions,Crystal chemistry
Crystal chemistry,relatesTo,Polymorphism,Crystal chemistry
Crystal chemistry,relatesTo,Phase diagrams,Crystal chemistry
Crystal chemistry,isA,Scientific discipline,Crystal chemistry
Silicon,isA,Material studied in crystal chemistry,Crystal chemistry
Aluminum,isA,Material studied in crystal chemistry,Crystal chemistry
Titanium,isA,Material studied in crystal chemistry,Crystal chemistry
Zirconium,isA,Material studied in crystal chemistry,Crystal chemistry
Magnesium,isA,Material studied in crystal chemistry,Crystal chemistry
Calcium,isA,Material studied in crystal chemistry,Crystal chemistry
Sodium,isA,Material studied in crystal chemistry,Crystal chemistry
Potassium,isA,Material studied in crystal chemistry,Crystal chemistry
Lithium,isA,Material studied in crystal chemistry,Crystal chemistry
Copper,isA,Material studied in crystal chemistry,Crystal chemistry
Gold,isA,Material studied in crystal chemistry,Crystal chemistry
Platinum,isA,Material studied in crystal chemistry,Crystal chemistry
Nickel,isA,Material studied in crystal chemistry,Crystal chemistry
Iron,isA,Material studied in crystal chemistry,Crystal chemistry
Chromium,isA,Material studied in crystal chemistry,Crystal chemistry
Vanadium,isA,Material studied in crystal chemistry,Crystal chemistry
Manganese,isA,Material studied in crystal chemistry,Crystal chemistry
Zinc,isA,Material studied in crystal chemistry,Crystal chemistry
Lead,isA,Material studied in crystal chemistry,Crystal chemistry
Tin,isA,Material studied in crystal chemistry,Crystal chemistry
Cobalt,isA,Material studied in crystal chemistry,Crystal chemistry
Ruthenium,isA,Material studied in crystal chemistry,Crystal chemistry
Rhenium,isA,Material studied in crystal chemistry,Crystal chemistry
Osmium,isA,Material studied in crystal chemistry,Crystal chemistry
Iridium,isA,Material studied in crystal chemistry,Crystal chemistry
Palladium,isA,Material studied in crystal chemistry,Crystal chemistry
Silver,isA,Material studied in crystal chemistry,Crystal chemistry
Germanium,isA,Material studied in crystal chemistry,Crystal chemistry
Gallium,isA,Material studied in crystal chemistry,Crystal chemistry
Indium,isA,Material studied in crystal chemistry,Crystal chemistry
Arsenic,isA,Material studied in crystal chemistry,Crystal chemistry
Antimony,isA,Material studied in crystal chemistry,Crystal chemistry
Tellurium,isA,Material studied in crystal chemistry,Crystal chemistry
Bismuth,isA,Material studied in crystal chemistry,Crystal chemistry
Tibetan serin,instanceOf,bird,Tibetan serin
Tibetan serin,instanceOf,Passeridae,Tibetan serin
Tibetan serin,scientificName,Carduelis mongolica,Tibetan serin
Tibetan serin,commonName,Tibetan serin,Tibetan serin
Tibetan serin,nativeRange,Himalayan region,Tibetan serin
Tibetan serin,nativeRange,Central Asia,Tibetan serin
Tibetan serin,nativeRange,Western China,Tibetan serin
Tibetan serin,habitat,Alpine meadows,Tibetan serin
Tibetan serin,habitat,Subalpine forests,Tibetan serin
Tibetan serin,diet,Seeds,Tibetan serin
Tibetan serin,diet,Insects,Tibetan serin
Tibetan serin,size,11–12 cm,Tibetan serin
Tibetan serin,weight,16–20 g,Tibetan serin
Tibetan serin,wingspan,18–21 cm,Tibetan serin
Tibetan serin,conservationStatus,Least Concern,Tibetan serin
Tibetan serin,breedingSeason,May–August,Tibetan serin
Tibetan serin,nestingHeight,2–7 m,Tibetan serin
Tibetan serin,nestingLocation,Shrubs and bushes,Tibetan serin
Tibetan serin,plumage,Yellow head and breast,Tibetan serin
Tibetan serin,plumage,Gray back and wings,Tibetan serin
Tibetan serin,plumage,Red rump,Tibetan serin
Tibetan serin,vocalization,Chirping,Tibetan serin
Tibetan serin,socialBehavior,Small flocks,Tibetan serin
Tibetan serin,lifespan,5–8 years,Tibetan serin
Tibetan serin,migration,Short-distance migrant,Tibetan serin
Tibetan serin,threats,Habitat loss,Tibetan serin
Tibetan serin,threats,Climate change,Tibetan serin
Tibetan serin,relatedSpecies,Common serin,Tibetan serin
Tibetan serin,relatedSpecies,Red serin,Tibetan serin
Tibetan serin,conservationOrganizations,BirdLife International,Tibetan serin
Tibetan serin,conservationOrganizations,IUCN,Tibetan serin
Tibetan serin,conservationStatusDetails,"Population stable, but vulnerable to habitat degradation.",Tibetan serin
Swimming at the 2013 World Aquatics Championships – Men's 50 metre backstroke,instanceOf,Competition,Swimming at the 2013 World Aquatics Championships – Men's 50 metre backstroke
Swimming at the 2013 World Aquatics Championships – Men's 50 metre backstroke,hasEvent,Backstroke,Swimming at the 2013 World Aquatics Championships – Men's 50 metre backstroke
Swimming at the 2013 World Aquatics Championships – Men's 50 metre backstroke,hasEvent,Swimming,Swimming at the 2013 World Aquatics Championships – Men's 50 metre backstroke
Swimming at the 2013 World Aquatics Championships – Men's 50 metre backstroke,hasEvent,50 metre,Swimming at the 2013 World Aquatics Championships – Men's 50 metre backstroke
Swimming at the 2013 World Aquatics Championships – Men's 50 metre backstroke,hasEvent,World Aquatics Championships,Swimming at the 2013 World Aquatics Championships – Men's 50 metre backstroke
Swimming at the 2013 World Aquatics Championships – Men's 50 metre backstroke,heldIn,Barracuda Stadium,Swimming at the 2013 World Aquatics Championships – Men's 50 metre backstroke
Swimming at the 2013 World Aquatics Championships – Men's 50 metre backstroke,heldIn,Shanghai,Swimming at the 2013 World Aquatics Championships – Men's 50 metre backstroke
Swimming at the 2013 World Aquatics Championships – Men's 50 metre backstroke,date,2013,Swimming at the 2013 World Aquatics Championships – Men's 50 metre backstroke
Michael Phelps,participatedIn,Swimming at the 2013 World Aquatics Championships – Men's 50 metre backstroke,Swimming at the 2013 World Aquatics Championships – Men's 50 metre backstroke
Ryan Lochte,participatedIn,Swimming at the 2013 World Aquatics Championships – Men's 50 metre backstroke,Swimming at the 2013 World Aquatics Championships – Men's 50 metre backstroke
Pei Webo,participatedIn,Swimming at the 2013 World Aquatics Championships – Men's 50 metre backstroke,Swimming at the 2013 World Aquatics Championships – Men's 50 metre backstroke
Nick Davis,participatedIn,Swimming at the 2013 World Aquatics Championships – Men's 50 metre backstroke,Swimming at the 2013 World Aquatics Championships – Men's 50 metre backstroke
Swimming at the 2013 World Aquatics Championships – Men's 50 metre backstroke,resultedIn,Michael Phelps won,Swimming at the 2013 World Aquatics Championships – Men's 50 metre backstroke
Swimming at the 2013 World Aquatics Championships – Men's 50 metre backstroke,resultedIn,Ryan Lochte won,Swimming at the 2013 World Aquatics Championships – Men's 50 metre backstroke
Swimming at the 2013 World Aquatics Championships – Men's 50 metre backstroke,resultedIn,Pei Webo won,Swimming at the 2013 World Aquatics Championships – Men's 50 metre backstroke
Swimming at the 2013 World Aquatics Championships – Men's 50 metre backstroke,resultedIn,Nick Davis won,Swimming at the 2013 World Aquatics Championships – Men's 50 metre backstroke
Swimming at the 2013 World Aquatics Championships – Men's 50 metre backstroke,hasDistance,50 metres,Swimming at the 2013 World Aquatics Championships – Men's 50 metre backstroke
Swimming at the 2013 World Aquatics Championships – Men's 50 metre backstroke,hasStrokeType,Backstroke,Swimming at the 2013 World Aquatics Championships – Men's 50 metre backstroke
Swimming at the 2013 World Aquatics Championships – Men's 50 metre backstroke,isA,Swimming Event,Swimming at the 2013 World Aquatics Championships – Men's 50 metre backstroke
Swimming at the 2013 World Aquatics Championships – Men's 50 metre backstroke,isPartOf,World Aquatics Championships 2013,Swimming at the 2013 World Aquatics Championships – Men's 50 metre backstroke
Barracuda Stadium,locatedIn,Shanghai,Swimming at the 2013 World Aquatics Championships – Men's 50 metre backstroke
Shanghai,isA,City,Swimming at the 2013 World Aquatics Championships – Men's 50 metre backstroke
Shanghai,isLocatedIn,China,Swimming at the 2013 World Aquatics Championships – Men's 50 metre backstroke
China,isA,Country,Swimming at the 2013 World Aquatics Championships – Men's 50 metre backstroke
2013 World Aquatics Championships,isA,Aquatics Competition,Swimming at the 2013 World Aquatics Championships – Men's 50 metre backstroke
Backstroke,isA,Swimming Stroke,Swimming at the 2013 World Aquatics Championships – Men's 50 metre backstroke
Swimming,isA,Sport,Swimming at the 2013 World Aquatics Championships – Men's 50 metre backstroke
50 metre,isA,Distance,Swimming at the 2013 World Aquatics Championships – Men's 50 metre backstroke
World Aquatics Championships,isA,International Competition,Swimming at the 2013 World Aquatics Championships – Men's 50 metre backstroke
Michael Phelps,nationality,USA,Swimming at the 2013 World Aquatics Championships – Men's 50 metre backstroke
Ryan Lochte,nationality,USA,Swimming at the 2013 World Aquatics Championships – Men's 50 metre backstroke
Pei Webo,nationality,China,Swimming at the 2013 World Aquatics Championships – Men's 50 metre backstroke
Nick Davis,nationality,USA,Swimming at the 2013 World Aquatics Championships – Men's 50 metre backstroke
Swimming at the 2013 World Aquatics Championships – Men's 50 metre backstroke,hasParticipants,Michael Phelps,Swimming at the 2013 World Aquatics Championships – Men's 50 metre backstroke
Swimming at the 2013 World Aquatics Championships – Men's 50 metre backstroke,hasParticipants,Ryan Lochte,Swimming at the 2013 World Aquatics Championships – Men's 50 metre backstroke
Swimming at the 2013 World Aquatics Championships – Men's 50 metre backstroke,hasParticipants,Pei Webo,Swimming at the 2013 World Aquatics Championships – Men's 50 metre backstroke
Swimming at the 2013 World Aquatics Championships – Men's 50 metre backstroke,hasParticipants,Nick Davis,Swimming at the 2013 World Aquatics Championships – Men's 50 metre backstroke
Brackwede station,instanceOf,Train station,Brackwede station
Brackwede station,locatedIn,Brackwede,Brackwede station
Brackwede station,operator,Nordbahn,Brackwede station
Brackwede station,connectedTo,Bad Homburg (Main),Brackwede station
Brackwede station,connectedTo,Gronau (Ruhr),Brackwede station
Brackwede station,hasPlatform,Platform 1,Brackwede station
Brackwede station,hasPlatform,Platform 2,Brackwede station
Brackwede station,postalCode,65286,Brackwede station
Brackwede station,latitude,50.7733,Brackwede station
Brackwede station,longitude,9.3469,Brackwede station
Brackwede station,yearOpened,1866,Brackwede station
Brackwede station,railways,Wuppertaler Nordbahn,Brackwede station
Brackwede station,trainLines,RB 52,Brackwede station
Brackwede station,trainLines,RB 53,Brackwede station
Brackwede station,trainLines,RB 54,Brackwede station
Brackwede station,trainLines,RB 55,Brackwede station
Brackwede station,trainLines,RB 56,Brackwede station
Brackwede station,trainLines,RB 57,Brackwede station
Brackwede station,trainLines,RB 58,Brackwede station
Brackwede station,trainLines,RB 59,Brackwede station
Brackwede station,trainLines,RB 60,Brackwede station
Brackwede station,trainLines,RB 61,Brackwede station
Brackwede station,trainLines,RB 62,Brackwede station
Brackwede station,trainLines,RB 63,Brackwede station
Brackwede station,trainLines,RB 64,Brackwede station
Brackwede station,trainLines,RB 65,Brackwede station
Brackwede station,trainLines,RB 66,Brackwede station
Brackwede station,trainLines,RB 67,Brackwede station
Brackwede station,trainLines,RB 68,Brackwede station
Brackwede station,trainLines,RB 69,Brackwede station
Brackwede station,trainLines,RB 70,Brackwede station
Brackwede station,trainLines,RB 71,Brackwede station
Brackwede station,trainLines,RB 72,Brackwede station
Brackwede station,trainLines,RB 73,Brackwede station
Brackwede station,trainLines,RB 74,Brackwede station
Brackwede station,trainLines,RB 75,Brackwede station
Brackwede station,trainLines,RB 76,Brackwede station
Brackwede station,trainLines,RB 77,Brackwede station
Brackwede station,trainLines,RB 78,Brackwede station
Brackwede station,trainLines,RB 79,Brackwede station
Brackwede station,trainLines,RB 80,Brackwede station
Brackwede station,trainLines,RB 81,Brackwede station
Brackwede station,trainLines,RB 82,Brackwede station
Brackwede station,trainLines,RB 83,Brackwede station
Brackwede station,trainLines,RB 84,Brackwede station
Brackwede station,trainLines,RB 85,Brackwede station
Brackwede station,trainLines,RB 86,Brackwede station
Brackwede station,trainLines,RB 87,Brackwede station
Brackwede station,trainLines,RB 88,Brackwede station
Brackwede station,trainLines,RB 89,Brackwede station
Brackwede station,trainLines,RB 90,Brackwede station
Brackwede station,trainLines,RB 91,Brackwede station
Brackwede station,trainLines,RB 92,Brackwede station
Brackwede station,trainLines,RB 93,Brackwede station
Brackwede station,trainLines,RB 94,Brackwede station
Brackwede station,trainLines,RB 95,Brackwede station
Brackwede station,trainLines,RB 96,Brackwede station
Brackwede station,trainLines,RB 97,Brackwede station
Brackwede station,trainLines,RB 98,Brackwede station
Brackwede station,trainLines,RB 99,Brackwede station
Brackwede station,trainLines,RB 100,Brackwede station
1997–98 Országos Bajnokság I (men's water polo),instanceOf,sports league,1997–98 Országos Bajnokság I (men's water polo)
1997–98 Országos Bajnokság I (men's water polo),instanceOf,water polo,1997–98 Országos Bajnokság I (men's water polo)
1997–98 Országos Bajnokság I (men's water polo),location,Hungary,1997–98 Országos Bajnokság I (men's water polo)
1997–98 Országos Bajnokság I (men's water polo),organizedBy,Újpesti Miskolc,1997–98 Országos Bajnokság I (men's water polo)
1997–98 Országos Bajnokság I (men's water polo),winner,Újpesti Miskolc,1997–98 Országos Bajnokság I (men's water polo)
1997–98 Országos Bajnokság I (men's water polo),runnerUp,MTK Budapest,1997–98 Országos Bajnokság I (men's water polo)
1997–98 Országos Bajnokság I (men's water polo),participants,Újpesti Miskolc,1997–98 Országos Bajnokság I (men's water polo)
1997–98 Országos Bajnokság I (men's water polo),participants,MTK Budapest,1997–98 Országos Bajnokság I (men's water polo)
1997–98 Országos Bajnokság I (men's water polo),participants,Vasas SC,1997–98 Országos Bajnokság I (men's water polo)
1997–98 Országos Bajnokság I (men's water polo),participants,Ferencvárosi TC,1997–98 Országos Bajnokság I (men's water polo)
1997–98 Országos Bajnokság I (men's water polo),participants,Pécsi Mór,1997–98 Országos Bajnokság I (men's water polo)
1997–98 Országos Bajnokság I (men's water polo),participants,Haladás SC,1997–98 Országos Bajnokság I (men's water polo)
1997–98 Országos Bajnokság I (men's water polo),participants,Budapest Honvéd,1997–98 Országos Bajnokság I (men's water polo)
1997–98 Országos Bajnokság I (men's water polo),participants,Railway Sport Club,1997–98 Országos Bajnokság I (men's water polo)
1997–98 Országos Bajnokság I (men's water polo),season,1997–1998,1997–98 Országos Bajnokság I (men's water polo)
1997–98 Országos Bajnokság I (men's water polo),leagueType,professional,1997–98 Országos Bajnokság I (men's water polo)
1997–98 Országos Bajnokság I (men's water polo),level,top division,1997–98 Országos Bajnokság I (men's water polo)
1997–98 Országos Bajnokság I (men's water polo),governingBody,Új Magyar Sportügyi Föderáció,1997–98 Országos Bajnokság I (men's water polo)
1997–98 Országos Bajnokság I (men's water polo),format,round robin,1997–98 Országos Bajnokság I (men's water polo)
1997–98 Országos Bajnokság I (men's water polo),matchesPlayed,22,1997–98 Országos Bajnokság I (men's water polo)
1997–98 Országos Bajnokság I (men's water polo),pointsSystem,"2 points for a win, 1 point for a draw, 0 points for a loss",1997–98 Országos Bajnokság I (men's water polo)
1997–98 Országos Bajnokság I (men's water polo),referee,Zoltán Szabó,1997–98 Országos Bajnokság I (men's water polo)
1997–98 Országos Bajnokság I (men's water polo),referee,Tamás Kovács,1997–98 Országos Bajnokság I (men's water polo)
1997–98 Országos Bajnokság I (men's water polo),referee,János Horváth,1997–98 Országos Bajnokság I (men's water polo)
Tulane Green Wave women's basketball,instanceOf,College athletic teams,Tulane Green Wave women's basketball
Tulane Green Wave women's basketball,playsIn,Conference USA,Tulane Green Wave women's basketball
Tulane Green Wave women's basketball,headCoach,Jaime Weise,Tulane Green Wave women's basketball
Tulane Green Wave women's basketball,location,"New Orleans, Louisiana",Tulane Green Wave women's basketball
Tulane Green Wave women's basketball,conference,Conference USA,Tulane Green Wave women's basketball
Tulane Green Wave women's basketball,season,2023-2024,Tulane Green Wave women's basketball
Tulane Green Wave women's basketball,opponent,Southern Miss,Tulane Green Wave women's basketball
Tulane Green Wave women's basketball,opponent,UAB,Tulane Green Wave women's basketball
Tulane Green Wave women's basketball,opponent,Rice,Tulane Green Wave women's basketball
Tulane Green Wave women's basketball,opponent,East Carolina,Tulane Green Wave women's basketball
Tulane Green Wave women's basketball,opponent,UTSA,Tulane Green Wave women's basketball
Tulane Green Wave women's basketball,opponent,Memphis,Tulane Green Wave women's basketball
Tulane Green Wave women's basketball,opponent,Charlotte,Tulane Green Wave women's basketball
Tulane Green Wave women's basketball,opponent,Florida Atlantic,Tulane Green Wave women's basketball
Tulane Green Wave women's basketball,opponent,North Texas,Tulane Green Wave women's basketball
Tulane Green Wave women's basketball,opponent,Western Kentucky,Tulane Green Wave women's basketball
Tulane Green Wave women's basketball,opponent,Liberty,Tulane Green Wave women's basketball
Tulane Green Wave women's basketball,opponent,Old Dominion,Tulane Green Wave women's basketball
Tulane Green Wave women's basketball,opponent,Saint Louis,Tulane Green Wave women's basketball
Tulane Green Wave women's basketball,opponent,South Alabama,Tulane Green Wave women's basketball
Tulane Green Wave women's basketball,opponent,Troy,Tulane Green Wave women's basketball
Tulane Green Wave women's basketball,opponent,La Tech,Tulane Green Wave women's basketball
Tulane Green Wave women's basketball,opponent,Georgia State,Tulane Green Wave women's basketball
Tulane Green Wave women's basketball,opponent,App State,Tulane Green Wave women's basketball
Tulane Green Wave women's basketball,opponent,Northwestern,Tulane Green Wave women's basketball
Tulane Green Wave women's basketball,opponent,UConn,Tulane Green Wave women's basketball
Tulane Green Wave women's basketball,opponent,SMU,Tulane Green Wave women's basketball
Tulane Green Wave women's basketball,opponent,Texas,Tulane Green Wave women's basketball
Boomerang (2015 film),instanceOf,film,Boomerang (2015 film)
Boomerang (2015 film),directedBy,Chris Renaud,Boomerang (2015 film)
Boomerang (2015 film),starring,Adam Sandler,Boomerang (2015 film)
Boomerang (2015 film),starring,Jennifer Aniston,Boomerang (2015 film)
Boomerang (2015 film),starring,Danny DeVito,Boomerang (2015 film)
Boomerang (2015 film),starring,Andy Garcia,Boomerang (2015 film)
Boomerang (2015 film),genre,comedy,Boomerang (2015 film)
Boomerang (2015 film),releaseDate,2016-07-01,Boomerang (2015 film)
Boomerang (2015 film),plot,A young man tries to win back his ex-girlfriend.,Boomerang (2015 film)
Boomerang (2015 film),runtime,95 minutes,Boomerang (2015 film)
Boomerang (2015 film),productionCompany,"Columbia Pictures, DreamWorks Animation",Boomerang (2015 film)
Boomerang (2015 film),basedOn,The Boomerang (1992 film),Boomerang (2015 film)
Boomerang (2015 film),rated,PG,Boomerang (2015 film)
Boomerang (2015 film),budget,$70 million,Boomerang (2015 film)
Boomerang (2015 film),boxOfficeRevenue,$186 million,Boomerang (2015 film)
Boomerang (2015 film),featuring,Poppy,Boomerang (2015 film)
Boomerang (2015 film),featuring,Mr. Dinkles,Boomerang (2015 film)
Boomerang (2015 film),featuring,George,Boomerang (2015 film)
Boomerang (2015 film),featuring,Sly,Boomerang (2015 film)
Boomerang (2015 film),featuring,Mr. Fox,Boomerang (2015 film)
Boomerang (2015 film),featuring,Max,Boomerang (2015 film)
Boomerang (2015 film),featuring,Pipsqueak,Boomerang (2015 film)
Boomerang (2015 film),featuring,Rico,Boomerang (2015 film)
Boomerang (2015 film),featuring,Gus,Boomerang (2015 film)
Boomerang (2015 film),featuring,Shifu,Boomerang (2015 film)
Boomerang (2015 film),featuring,Ling,Boomerang (2015 film)
Boomerang (2015 film),featuring,Monkey,Boomerang (2015 film)
Boomerang (2015 film),featuring,Tiger,Boomerang (2015 film)
Boomerang (2015 film),featuring,Crane,Boomerang (2015 film)
Boomerang (2015 film),featuring,Porcupine,Boomerang (2015 film)
Boomerang (2015 film),featuring,Rabbit,Boomerang (2015 film)
Boomerang (2015 film),featuring,Snake,Boomerang (2015 film)
Boomerang (2015 film),featuring,Turtle,Boomerang (2015 film)
Boomerang (2015 film),featuring,Pig,Boomerang (2015 film)
Boomerang (2015 film),featuring,Sheep,Boomerang (2015 film)
Boomerang (2015 film),featuring,Chicken,Boomerang (2015 film)
Boomerang (2015 film),featuring,Duck,Boomerang (2015 film)
Boomerang (2015 film),featuring,Goat,Boomerang (2015 film)
Boomerang (2015 film),featuring,Horse,Boomerang (2015 film)
Boomerang (2015 film),featuring,Cow,Boomerang (2015 film)
Boomerang (2015 film),featuring,Buffalo,Boomerang (2015 film)
Boomerang (2015 film),featuring,Bear,Boomerang (2015 film)
Boomerang (2015 film),featuring,Wolf,Boomerang (2015 film)
Boomerang (2015 film),featuring,Fox,Boomerang (2015 film)
Boomerang (2015 film),featuring,Lion,Boomerang (2015 film)
Boomerang (2015 film),featuring,Elephant,Boomerang (2015 film)
Boomerang (2015 film),featuring,Rhino,Boomerang (2015 film)
Boomerang (2015 film),featuring,Zebra,Boomerang (2015 film)
Boomerang (2015 film),featuring,Giraffe,Boomerang (2015 film)
Boomerang (2015 film),featuring,Hippo,Boomerang (2015 film)
Boomerang (2015 film),featuring,Gorilla,Boomerang (2015 film)
Boomerang (2015 film),featuring,Cheetah,Boomerang (2015 film)
Boomerang (2015 film),featuring,Jaguar,Boomerang (2015 film)
Boomerang (2015 film),featuring,Panther,Boomerang (2015 film)
Boomerang (2015 film),featuring,Leopard,Boomerang (2015 film)
Alex Allan (footballer),instanceOf,Footballer,Alex Allan (footballer)
Alex Allan (footballer),playsFor,Queen of the South,Alex Allan (footballer)
Alex Allan (footballer),position,Defender,Alex Allan (footballer)
Alex Allan (footballer),dateOfBirth,1988-03-14,Alex Allan (footballer)
Alex Allan (footballer),nationality,Scottish,Alex Allan (footballer)
Alex Allan (footballer),height,1.83 m,Alex Allan (footballer)
Alex Allan (footballer),contractUntil,2021-06-30,Alex Allan (footballer)
Alex Allan (footballer),number,6,Alex Allan (footballer)
Alex Allan (footballer),formerClub,Dunfermline Athletic,Alex Allan (footballer)
Alex Allan (footballer),formerClub,Hamilton Academical,Alex Allan (footballer)
Alex Allan (footballer),formerClub,St Mirren,Alex Allan (footballer)
Alex Allan (footballer),formerClub,Partick Thistle,Alex Allan (footballer)
Alex Allan (footballer),playedFor,Raith Rovers,Alex Allan (footballer)
Alex Allan (footballer),shirtNumber,6,Alex Allan (footballer)
Alex Allan (footballer),bornIn,Glasgow,Alex Allan (footballer)
Bayerisches Armeemuseum,instanceOf,Museum,Bayerisches Armeemuseum
Bayerisches Armeemuseum,locatedIn,Munich,Bayerisches Armeemuseum
Bayerisches Armeemuseum,locatedIn,Germany,Bayerisches Armeemuseum
Bayerisches Armeemuseum,focusesOn,Bavarian Army history,Bayerisches Armeemuseum
Bayerisches Armeemuseum,displays,Military equipment,Bayerisches Armeemuseum
Bayerisches Armeemuseum,displays,Uniforms,Bayerisches Armeemuseum
Bayerisches Armeemuseum,displays,Weapons,Bayerisches Armeemuseum
Bayerisches Armeemuseum,displays,Armor,Bayerisches Armeemuseum
Bayerisches Armeemuseum,displays,Historical documents,Bayerisches Armeemuseum
Bayerisches Armeemuseum,displays,Flags,Bayerisches Armeemuseum
Bayerisches Armeemuseum,hasCollection,Collection of Bavarian military artifacts,Bayerisches Armeemuseum
Bayerisches Armeemuseum,opened,1892,Bayerisches Armeemuseum
Bayerisches Armeemuseum,address,"Museumstraße 5, 80538 Munich",Bayerisches Armeemuseum
Bayerisches Armeemuseum,website,https://www.armeemuseum.de/,Bayerisches Armeemuseum
Bayerisches Armeemuseum,partOf,State Museums of Bavaria,Bayerisches Armeemuseum
Bayerisches Armeemuseum,type,Military museum,Bayerisches Armeemuseum
Bayerisches Armeemuseum,exhibits,Napoleonic War artifacts,Bayerisches Armeemuseum
Bayerisches Armeemuseum,exhibits,Franco-Prussian War artifacts,Bayerisches Armeemuseum
Bayerisches Armeemuseum,exhibits,World War I artifacts,Bayerisches Armeemuseum
Bayerisches Armeemuseum,exhibits,World War II artifacts,Bayerisches Armeemuseum
Bayerisches Armeemuseum,offers,Guided tours,Bayerisches Armeemuseum
Bayerisches Armeemuseum,offers,Educational programs,Bayerisches Armeemuseum
Bayerisches Armeemuseum,has,Research department,Bayerisches Armeemuseum
Bayerisches Armeemuseum,has,Archive,Bayerisches Armeemuseum
Bayerisches Armeemuseum,isManagedBy,State Museums of Bavaria,Bayerisches Armeemuseum
Bayerisches Armeemuseum,coordinates,"48.1372° N, 11.5755° E",Bayerisches Armeemuseum
Bayerisches Armeemuseum,telephone,+49 89 2381-3030,Bayerisches Armeemuseum
Peter Laurence,instanceOf,Diplomat,Peter Laurence (diplomat)
Peter Laurence,bornIn,New York City,Peter Laurence (diplomat)
Peter Laurence,dateOfBirth,1941-03-19,Peter Laurence (diplomat)
Peter Laurence,nationality,American,Peter Laurence (diplomat)
Peter Laurence,spouse,Mary Laurence,Peter Laurence (diplomat)
Peter Laurence,children,Peter Laurence Jr.,Peter Laurence (diplomat)
Peter Laurence,education,Yale University,Peter Laurence (diplomat)
Peter Laurence,occupation,Diplomat,Peter Laurence (diplomat)
Peter Laurence,servedIn,United States Mission to the United Nations,Peter Laurence (diplomat)
Peter Laurence,servedIn,United States Embassy in London,Peter Laurence (diplomat)
Peter Laurence,servedIn,United States Embassy in Paris,Peter Laurence (diplomat)
Peter Laurence,servedIn,United States Embassy in Rome,Peter Laurence (diplomat)
Peter Laurence,servedIn,United States Ambassador to China,Peter Laurence (diplomat)
Peter Laurence,dateOfAppointment,2001-02-17,Peter Laurence (diplomat)
Peter Laurence,dateOfDeparture,2003-01-16,Peter Laurence (diplomat)
Peter Laurence,academicAffiliation,Columbia University,Peter Laurence (diplomat)
Peter Laurence,academicAffiliation,Princeton University,Peter Laurence (diplomat)
Peter Laurence,academicAffiliation,Harvard University,Peter Laurence (diplomat)
Peter Laurence,academicDegree,Ph.D.,Peter Laurence (diplomat)
Peter Laurence,academicField,Political Science,Peter Laurence (diplomat)
Peter Laurence,awards,Medal of Freedom,Peter Laurence (diplomat)
Peter Laurence,books,The People's Republic of China,Peter Laurence (diplomat)
Peter Laurence,books,China's Emerging Middle Class,Peter Laurence (diplomat)
Church of St. Elizabeth of Hungary in Łódź,instanceOf,Church,Church of St. Elizabeth of Hungary in Łódź
Church of St. Elizabeth of Hungary in Łódź,locatedIn,Łódź,Church of St. Elizabeth of Hungary in Łódź
Church of St. Elizabeth of Hungary in Łódź,architecturalStyle,Neo-Gothic,Church of St. Elizabeth of Hungary in Łódź
Church of St. Elizabeth of Hungary in Łódź,constructionStart,1896,Church of St. Elizabeth of Hungary in Łódź
Church of St. Elizabeth of Hungary in Łódź,constructionEnd,1898,Church of St. Elizabeth of Hungary in Łódź
Church of St. Elizabeth of Hungary in Łódź,dedicatedTo,Saint Elizabeth of Hungary,Church of St. Elizabeth of Hungary in Łódź
Church of St. Elizabeth of Hungary in Łódź,hasAltar,Altar of Saint Elizabeth of Hungary,Church of St. Elizabeth of Hungary in Łódź
Church of St. Elizabeth of Hungary in Łódź,hasOrgan,Organ,Church of St. Elizabeth of Hungary in Łódź
Church of St. Elizabeth of Hungary in Łódź,hasBell,Bell,Church of St. Elizabeth of Hungary in Łódź
Church of St. Elizabeth of Hungary in Łódź,hasBaptistery,Baptistery,Church of St. Elizabeth of Hungary in Łódź
Church of St. Elizabeth of Hungary in Łódź,hasSacristy,Sacristy,Church of St. Elizabeth of Hungary in Łódź
Church of St. Elizabeth of Hungary in Łódź,parish,Łódź,Church of St. Elizabeth of Hungary in Łódź
Saint Elizabeth of Hungary,bornIn,Eisenberg,Church of St. Elizabeth of Hungary in Łódź
Saint Elizabeth of Hungary,diedIn,Eisenberg,Church of St. Elizabeth of Hungary in Łódź
Saint Elizabeth of Hungary,title,Patron Saint of the poor,Church of St. Elizabeth of Hungary in Łódź
Łódź,isA,City,Church of St. Elizabeth of Hungary in Łódź
Łódź,locatedIn,Poland,Church of St. Elizabeth of Hungary in Łódź
Neo-Gothic,isA,Architectural Style,Church of St. Elizabeth of Hungary in Łódź
Church of St. Elizabeth of Hungary in Łódź,hasStainedGlassWindows,Stained Glass Windows,Church of St. Elizabeth of Hungary in Łódź
Church of St. Elizabeth of Hungary in Łódź,hasCrypt,Crypt,Church of St. Elizabeth of Hungary in Łódź
Church of St. Elizabeth of Hungary in Łódź,hasTower,Tower,Church of St. Elizabeth of Hungary in Łódź
Church of St. Elizabeth of Hungary in Łódź,hasRectory,Rectory,Church of St. Elizabeth of Hungary in Łódź
Church of St. Elizabeth of Hungary in Łódź,hasVestry,Vestry,Church of St. Elizabeth of Hungary in Łódź
Church of St. Elizabeth of Hungary in Łódź,hasChoir,Choir,Church of St. Elizabeth of Hungary in Łódź
Church of St. Elizabeth of Hungary in Łódź,hasGallery,Gallery,Church of St. Elizabeth of Hungary in Łódź
Church of St. Elizabeth of Hungary in Łódź,hasChapel,Chapel,Church of St. Elizabeth of Hungary in Łódź
Church of St. Elizabeth of Hungary in Łódź,hasConfessional,Confessional,Church of St. Elizabeth of Hungary in Łódź
Church of St. Elizabeth of Hungary in Łódź,hasVestments,Vestments,Church of St. Elizabeth of Hungary in Łódź
Church of St. Elizabeth of Hungary in Łódź,hasReligiousArtifacts,Religious Artifacts,Church of St. Elizabeth of Hungary in Łódź
Judo at the 2023 Pan American Games – Women's 63 kg,instanceOf,Sport,Judo at the 2023 Pan American Games – Women's 63 kg
Judo at the 2023 Pan American Games – Women's 63 kg,partOf,2023 Pan American Games,Judo at the 2023 Pan American Games – Women's 63 kg
Judo at the 2023 Pan American Games – Women's 63 kg,gender,Women,Judo at the 2023 Pan American Games – Women's 63 kg
Judo at the 2023 Pan American Games – Women's 63 kg,weightClass,63 kg,Judo at the 2023 Pan American Games – Women's 63 kg
Judo at the 2023 Pan American Games – Women's 63 kg,location,Chile,Judo at the 2023 Pan American Games – Women's 63 kg
Judo at the 2023 Pan American Games – Women's 63 kg,dates,"October 20-30, 2023",Judo at the 2023 Pan American Games – Women's 63 kg
Judo at the 2023 Pan American Games – Women's 63 kg,organizer,Chilean Judo Federation,Judo at the 2023 Pan American Games – Women's 63 kg
Judo at the 2023 Pan American Games – Women's 63 kg,sportType,Combat sport,Judo at the 2023 Pan American Games – Women's 63 kg
Judo at the 2023 Pan American Games – Women's 63 kg,medalists,Several,Judo at the 2023 Pan American Games – Women's 63 kg
Judo at the 2023 Pan American Games – Women's 63 kg,competitors,Numerous,Judo at the 2023 Pan American Games – Women's 63 kg
Judo at the 2023 Pan American Games – Women's 63 kg,rules,IJF Rules,Judo at the 2023 Pan American Games – Women's 63 kg
Judo at the 2023 Pan American Games – Women's 63 kg,governingBody,Pan American Judo Confederation,Judo at the 2023 Pan American Games – Women's 63 kg
Never Never (TV series),instanceOf,TV series,Never Never (TV series)
Never Never (TV series),broadcastBy,Seven Network,Never Never (TV series)
Never Never (TV series),firstAired,2007-03-16,Never Never (TV series)
Never Never (TV series),setIn,Australia,Never Never (TV series)
Never Never (TV series),genre,Drama,Never Never (TV series)
Never Never (TV series),genre,Melodrama,Never Never (TV series)
Never Never (TV series),creator,Janeen Young,Never Never (TV series)
Never Never (TV series),writer,Janeen Young,Never Never (TV series)
Never Never (TV series),starring,Kate Raison,Never Never (TV series)
Never Never (TV series),starring,Guy Pearce,Never Never (TV series)
Never Never (TV series),starring,Priscilla Pointer,Never Never (TV series)
Never Never (TV series),starring,John Brumby,Never Never (TV series)
Never Never (TV series),starring,Linette McGregor,Never Never (TV series)
Never Never (TV series),starring,Chris Lilley,Never Never (TV series)
Never Never (TV series),starring,Koby James,Never Never (TV series)
Never Never (TV series),starring,Kate Gordon,Never Never (TV series)
Never Never (TV series),starring,John Leary,Never Never (TV series)
Never Never (TV series),starring,Debra Lawton,Never Never (TV series)
Never Never (TV series),starring,Samara Day,Never Never (TV series)
Never Never (TV series),starring,Peter Phelps,Never Never (TV series)
Never Never (TV series),starring,Ryan Creed,Never Never (TV series)
Never Never (TV series),starring,Sarah Warn,Never Never (TV series)
Never Never (TV series),starring,Simon Burke,Never Never (TV series)
Never Never (TV series),starring,Jodi Anners,Never Never (TV series)
Never Never (TV series),starring,David Field,Never Never (TV series)
Never Never (TV series),starring,Bruce Berglund,Never Never (TV series)
Never Never (TV series),starring,Noni Hazlehurst,Never Never (TV series)
Never Never (TV series),starring,Jack Thompson,Never Never (TV series)
Never Never (TV series),starring,Kate Herbert,Never Never (TV series)
Never Never (TV series),starring,Richard Davies,Never Never (TV series)
Never Never (TV series),starring,Kym Florey,Never Never (TV series)
Never Never (TV series),starring,Steve Bisley,Never Never (TV series)
Never Never (TV series),starring,Julian McMahon,Never Never (TV series)
Never Never (TV series),starring,Rebecca Gibney,Never Never (TV series)
Never Never (TV series),episode,The Wedding,Never Never (TV series)
Never Never (TV series),episode,The Funeral,Never Never (TV series)
Never Never (TV series),episode,The Inheritance,Never Never (TV series)
Never Never (TV series),episode,The Secret,Never Never (TV series)
Never Never (TV series),episode,The Past,Never Never (TV series)
Never Never (TV series),episode,The Lies,Never Never (TV series)
Never Never (TV series),episode,The Return,Never Never (TV series)
Never Never (TV series),episode,The Truth,Never Never (TV series)
Never Never (TV series),episode,The Family,Never Never (TV series)
Never Never (TV series),episode,The Betrayal,Never Never (TV series)
Never Never (TV series),episode,The Revelation,Never Never (TV series)
The Adventures of Nicholas Nickleby,instanceOf,Novel,The Adventures of Nicholas Nickleby
The Adventures of Nicholas Nickleby,author,Charles Dickens,The Adventures of Nicholas Nickleby
The Adventures of Nicholas Nickleby,publicationYear,1839,The Adventures of Nicholas Nickleby
The Adventures of Nicholas Nickleby,setting,Yorkshire,The Adventures of Nicholas Nickleby
The Adventures of Nicholas Nickleby,characters,Nicholas Nickleby,The Adventures of Nicholas Nickleby
The Adventures of Nicholas Nickleby,characters,Smike,The Adventures of Nicholas Nickleby
The Adventures of Nicholas Nickleby,characters,Wackford Squeers,The Adventures of Nicholas Nickleby
The Adventures of Nicholas Nickleby,characters,Ralph Nickleby,The Adventures of Nicholas Nickleby
The Adventures of Nicholas Nickleby,themes,Social injustice,The Adventures of Nicholas Nickleby
The Adventures of Nicholas Nickleby,themes,Poverty,The Adventures of Nicholas Nickleby
The Adventures of Nicholas Nickleby,themes,Family,The Adventures of Nicholas Nickleby
The Adventures of Nicholas Nickleby,plot,Nicholas's struggles against his miserly uncle,The Adventures of Nicholas Nickleby
The Adventures of Nicholas Nickleby,plot,Smike's journey to find a home,The Adventures of Nicholas Nickleby
The Adventures of Nicholas Nickleby,genre,Bildungsroman,The Adventures of Nicholas Nickleby
The Adventures of Nicholas Nickleby,genre,Social satire,The Adventures of Nicholas Nickleby
The Adventures of Nicholas Nickleby,adaptation,1990 Film,The Adventures of Nicholas Nickleby
The Adventures of Nicholas Nickleby,adaptation,2009 Stage Production,The Adventures of Nicholas Nickleby
The Adventures of Nicholas Nickleby,adaptation,1971 BBC Television Serial,The Adventures of Nicholas Nickleby
Charles Dickens,knownFor,The Adventures of Nicholas Nickleby,The Adventures of Nicholas Nickleby
The Adventures of Nicholas Nickleby,inspired,Oliver Twist,The Adventures of Nicholas Nickleby
The Adventures of Nicholas Nickleby,influenced,Later Victorian novels,The Adventures of Nicholas Nickleby
Yorkshire,featuredIn,The Adventures of Nicholas Nickleby,The Adventures of Nicholas Nickleby
Smike,protagonistOf,The Adventures of Nicholas Nickleby,The Adventures of Nicholas Nickleby
Wackford Squeers,characterIn,The Adventures of Nicholas Nickleby,The Adventures of Nicholas Nickleby
Ralph Nickleby,characterIn,The Adventures of Nicholas Nickleby,The Adventures of Nicholas Nickleby
The Adventures of Nicholas Nickleby,criticizedFor,Sentimentality,The Adventures of Nicholas Nickleby
The Adventures of Nicholas Nickleby,praisedFor,Social commentary,The Adventures of Nicholas Nickleby
Dorothea Waley Singer,instanceOf,Translator,Dorothea Waley Singer
Dorothea Waley Singer,instanceOf,Scholar,Dorothea Waley Singer
Dorothea Waley Singer,instanceOf,Author,Dorothea Waley Singer
Dorothea Waley Singer,birthDate,1899-03-23,Dorothea Waley Singer
Dorothea Waley Singer,deathDate,1995-06-14,Dorothea Waley Singer
Dorothea Waley Singer,birthPlace,London,Dorothea Waley Singer
Dorothea Waley Singer,deathPlace,Cambridge,Dorothea Waley Singer
Dorothea Waley Singer,nationality,British,Dorothea Waley Singer
Dorothea Waley Singer,occupation,Translator and Scholar,Dorothea Waley Singer
Dorothea Waley Singer,translated,The Heart of Asia,Dorothea Waley Singer
Dorothea Waley Singer,translated,The Book of Jade,Dorothea Waley Singer
Dorothea Waley Singer,translated,The Tale of Genji,Dorothea Waley Singer
Dorothea Waley Singer,translated,The Pillow Book,Dorothea Waley Singer
Dorothea Waley Singer,influenced,Edward Heron Browne,Dorothea Waley Singer
Dorothea Waley Singer,academicAffiliation,University of Cambridge,Dorothea Waley Singer
Dorothea Waley Singer,academicAffiliation,University of Oxford,Dorothea Waley Singer
Dorothea Waley Singer,publication,The Heart of Asia: A Romance,Dorothea Waley Singer
Dorothea Waley Singer,publication,The Book of Jade,Dorothea Waley Singer
Dorothea Waley Singer,publication,The Tale of Genji: Wide Stories from Japan,Dorothea Waley Singer
Dorothea Waley Singer,publication,The Pillow Book of Chi-Lung,Dorothea Waley Singer
Dorothea Waley Singer,academicField,East Asian Studies,Dorothea Waley Singer
Dorothea Waley Singer,academicField,Japanese Literature,Dorothea Waley Singer
Dorothea Waley Singer,academicField,Chinese Literature,Dorothea Waley Singer
Dorothea Waley Singer,award,Order of Merit,Dorothea Waley Singer
Dorothea Waley Singer,spouse,Edward Heron Browne,Dorothea Waley Singer
Dorothea Waley Singer,sibling,Edward Heron Browne,Dorothea Waley Singer
E. Talbot Donaldson,instanceOf,Person,E. Talbot Donaldson
E. Talbot Donaldson,bornIn,New York City,E. Talbot Donaldson
E. Talbot Donaldson,deathDate,1972-07-27,E. Talbot Donaldson
E. Talbot Donaldson,deathPlace,New York City,E. Talbot Donaldson
E. Talbot Donaldson,occupation,Lawyer,E. Talbot Donaldson
E. Talbot Donaldson,occupation,Judge,E. Talbot Donaldson
E. Talbot Donaldson,lawSchool,Yale Law School,E. Talbot Donaldson
E. Talbot Donaldson,judgeShip,United States District Court for the Southern District of New York,E. Talbot Donaldson
E. Talbot Donaldson,judgeShip,United States Court of Appeals for the Second Circuit,E. Talbot Donaldson
E. Talbot Donaldson,spouse,Mary Donaldson,E. Talbot Donaldson
E. Talbot Donaldson,child,Donald Trump,E. Talbot Donaldson
E. Talbot Donaldson,child,Ivanka Trump,E. Talbot Donaldson
E. Talbot Donaldson,child,Eric Trump,E. Talbot Donaldson
E. Talbot Donaldson,child,Tiffany Trump,E. Talbot Donaldson
E. Talbot Donaldson,child,Barron Trump,E. Talbot Donaldson
E. Talbot Donaldson,birthDate,1929-10-19,E. Talbot Donaldson
E. Talbot Donaldson,father,Talbot Donaldson,E. Talbot Donaldson
E. Talbot Donaldson,mother,Mary Elizabeth (née Smith) Donaldson,E. Talbot Donaldson
2011–12 Harvard Crimson men's basketball team,instanceOf,College Sports Team,2011–12 Harvard Crimson men's basketball team
2011–12 Harvard Crimson men's basketball team,memberOf,Harvard University,2011–12 Harvard Crimson men's basketball team
2011–12 Harvard Crimson men's basketball team,headCoach,Amr Sawalhi,2011–12 Harvard Crimson men's basketball team
2011–12 Harvard Crimson men's basketball team,conference,Ivy League,2011–12 Harvard Crimson men's basketball team
2011–12 Harvard Crimson men's basketball team,record,35-5,2011–12 Harvard Crimson men's basketball team
2011–12 Harvard Crimson men's basketball team,Ivy League Tournament Result,Semifinalist,2011–12 Harvard Crimson men's basketball team
2011–12 Harvard Crimson men's basketball team,defeated,Yale Bulldogs,2011–12 Harvard Crimson men's basketball team
2011–12 Harvard Crimson men's basketball team,lostTo,Princeton Tigers,2011–12 Harvard Crimson men's basketball team
2011–12 Harvard Crimson men's basketball team,players,Jeff Vasser,2011–12 Harvard Crimson men's basketball team
2011–12 Harvard Crimson men's basketball team,players,Chris Lewis,2011–12 Harvard Crimson men's basketball team
2011–12 Harvard Crimson men's basketball team,players,Ryan Murphy,2011–12 Harvard Crimson men's basketball team
2011–12 Harvard Crimson men's basketball team,players,Brian Voelkel,2011–12 Harvard Crimson men's basketball team
2011–12 Harvard Crimson men's basketball team,players,Kevin Shaw,2011–12 Harvard Crimson men's basketball team
2011–12 Harvard Crimson men's basketball team,players,Caleb Shafer,2011–12 Harvard Crimson men's basketball team
2011–12 Harvard Crimson men's basketball team,players,Matt Johnson,2011–12 Harvard Crimson men's basketball team
2011–12 Harvard Crimson men's basketball team,players,Alex Meadows,2011–12 Harvard Crimson men's basketball team
2011–12 Harvard Crimson men's basketball team,players,Chris Toomey,2011–12 Harvard Crimson men's basketball team
2011–12 Harvard Crimson men's basketball team,players,Jared Lawrence,2011–12 Harvard Crimson men's basketball team
2011–12 Harvard Crimson men's basketball team,players,Mike Turecko,2011–12 Harvard Crimson men's basketball team
2011–12 Harvard Crimson men's basketball team,players,Ryan O’Connor,2011–12 Harvard Crimson men's basketball team
2011–12 Harvard Crimson men's basketball team,players,David Brown,2011–12 Harvard Crimson men's basketball team
2011–12 Harvard Crimson men's basketball team,players,Mike Jarmacz,2011–12 Harvard Crimson men's basketball team
2011–12 Harvard Crimson men's basketball team,players,Dan Garnder,2011–12 Harvard Crimson men's basketball team
2011–12 Harvard Crimson men's basketball team,players,Mark O’Brien,2011–12 Harvard Crimson men's basketball team
2011–12 Harvard Crimson men's basketball team,players,Chris Cowie,2011–12 Harvard Crimson men's basketball team
2011–12 Harvard Crimson men's basketball team,players,John Bongiorno,2011–12 Harvard Crimson men's basketball team
2011–12 Harvard Crimson men's basketball team,players,David Scearce,2011–12 Harvard Crimson men's basketball team
2011–12 Harvard Crimson men's basketball team,players,Michael J. O’Brien,2011–12 Harvard Crimson men's basketball team
2011–12 Harvard Crimson men's basketball team,location,"Cambridge, Massachusetts",2011–12 Harvard Crimson men's basketball team
2011–12 Harvard Crimson men's basketball team,season,2011–12 NCAA Division I men's basketball season,2011–12 Harvard Crimson men's basketball team
2011–12 Harvard Crimson men's basketball team,opponent,Yale Bulldogs,2011–12 Harvard Crimson men's basketball team
2011–12 Harvard Crimson men's basketball team,opponent,Princeton Tigers,2011–12 Harvard Crimson men's basketball team
2011–12 Harvard Crimson men's basketball team,opponent,Brown University,2011–12 Harvard Crimson men's basketball team
2011–12 Harvard Crimson men's basketball team,opponent,Penn State Nittany Lions,2011–12 Harvard Crimson men's basketball team
2011–12 Harvard Crimson men's basketball team,opponent,Cornell Big Red,2011–12 Harvard Crimson men's basketball team
2011–12 Harvard Crimson men's basketball team,opponent,Dartmouth Big Green,2011–12 Harvard Crimson men's basketball team
2011–12 Harvard Crimson men's basketball team,opponent,Columbia University,2011–12 Harvard Crimson men's basketball team
2011–12 Harvard Crimson men's basketball team,opponent,University of Rochester,2011–12 Harvard Crimson men's basketball team
2011–12 Harvard Crimson men's basketball team,opponent,University of Massachusetts Lowell,2011–12 Harvard Crimson men's basketball team
2011–12 Harvard Crimson men's basketball team,opponent,University of New Hampshire,2011–12 Harvard Crimson men's basketball team
2011–12 Harvard Crimson men's basketball team,opponent,University of Vermont,2011–12 Harvard Crimson men's basketball team
2011–12 Harvard Crimson men's basketball team,opponent,University of Rhode Island,2011–12 Harvard Crimson men's basketball team
2011–12 Harvard Crimson men's basketball team,opponent,Syracuse Orange,2011–12 Harvard Crimson men's basketball team
2011–12 Harvard Crimson men's basketball team,opponent,University of Miami,2011–12 Harvard Crimson men's basketball team
2011–12 Harvard Crimson men's basketball team,opponent,University of Connecticut,2011–12 Harvard Crimson men's basketball team
2011–12 Harvard Crimson men's basketball team,opponent,University of Pennsylvania,2011–12 Harvard Crimson men's basketball team
Luis González Maté,instanceOf,Footballer,Luis González Maté
Luis González Maté,playsFor,Real Betis,Luis González Maté
Luis González Maté,position,Right-back,Luis González Maté
Luis González Maté,dateOfBirth,1993-07-17,Luis González Maté
Luis González Maté,nationality,Spanish,Luis González Maté
Luis González Maté,height,1.83 m,Luis González Maté
Luis González Maté,jerseyNumber,3,Luis González Maté
Luis González Maté,marketValue,3000000 €,Luis González Maté
Luis González Maté,clubCareer,Real Betis (2018–present),Luis González Maté
Luis González Maté,youthClub,Racing de Ferrol,Luis González Maté
Luis González Maté,internationalDebut,2018-09-05,Luis González Maté
Luis González Maté,internationalGoal,0,Luis González Maté
Luis González Maté,cupTitles,Copa del Rey 2021–22,Luis González Maté
Luis González Maté,LaLigaTitles,0,Luis González Maté
Luis González Maté,nickname,Lolo,Luis González Maté
1995–96 Arkansas Razorbacks men's basketball team,instanceOf,Basketball Team,1995–96 Arkansas Razorbacks men's basketball team
1995–96 Arkansas Razorbacks men's basketball team,headCoach,Nolan Richardson,1995–96 Arkansas Razorbacks men's basketball team
1995–96 Arkansas Razorbacks men's basketball team,conference,Southeastern Conference,1995–96 Arkansas Razorbacks men's basketball team
1995–96 Arkansas Razorbacks men's basketball team,record,41–3,1995–96 Arkansas Razorbacks men's basketball team
1995–96 Arkansas Razorbacks men's basketball team,NCAA Tournament,Sweet Sixteen,1995–96 Arkansas Razorbacks men's basketball team
1995–96 Arkansas Razorbacks men's basketball team,location,"Fayetteville, Arkansas",1995–96 Arkansas Razorbacks men's basketball team
1995–96 Arkansas Razorbacks men's basketball team,opponent,Florida,1995–96 Arkansas Razorbacks men's basketball team
1995–96 Arkansas Razorbacks men's basketball team,opponent,Kansas,1995–96 Arkansas Razorbacks men's basketball team
1995–96 Arkansas Razorbacks men's basketball team,opponent,North Carolina,1995–96 Arkansas Razorbacks men's basketball team
1995–96 Arkansas Razorbacks men's basketball team,opponent,Syracuse,1995–96 Arkansas Razorbacks men's basketball team
1995–96 Arkansas Razorbacks men's basketball team,member,Ronnie Brewer,1995–96 Arkansas Razorbacks men's basketball team
1995–96 Arkansas Razorbacks men's basketball team,member,Todd Day,1995–96 Arkansas Razorbacks men's basketball team
1995–96 Arkansas Razorbacks men's basketball team,member,Des Moines,1995–96 Arkansas Razorbacks men's basketball team
1995–96 Arkansas Razorbacks men's basketball team,member,Joe Johnson,1995–96 Arkansas Razorbacks men's basketball team
1995–96 Arkansas Razorbacks men's basketball team,member,Reggie Sims,1995–96 Arkansas Razorbacks men's basketball team
1995–96 Arkansas Razorbacks men's basketball team,member,Alvin Robertson,1995–96 Arkansas Razorbacks men's basketball team
1995–96 Arkansas Razorbacks men's basketball team,member,Terrence Ford,1995–96 Arkansas Razorbacks men's basketball team
1995–96 Arkansas Razorbacks men's basketball team,member,Ricky Wallace,1995–96 Arkansas Razorbacks men's basketball team
1995–96 Arkansas Razorbacks men's basketball team,member,Sam McGee,1995–96 Arkansas Razorbacks men's basketball team
1995–96 Arkansas Razorbacks men's basketball team,member,Derrick Джекобсон,1995–96 Arkansas Razorbacks men's basketball team
1995–96 Arkansas Razorbacks men's basketball team,defeated,Florida,1995–96 Arkansas Razorbacks men's basketball team
1995–96 Arkansas Razorbacks men's basketball team,defeated,Kansas,1995–96 Arkansas Razorbacks men's basketball team
1995–96 Arkansas Razorbacks men's basketball team,defeated,North Carolina,1995–96 Arkansas Razorbacks men's basketball team
1995–96 Arkansas Razorbacks men's basketball team,defeated,Syracuse,1995–96 Arkansas Razorbacks men's basketball team
Nolan Richardson,occupation,Basketball Coach,1995–96 Arkansas Razorbacks men's basketball team
"Fayetteville, Arkansas",locationType,City,1995–96 Arkansas Razorbacks men's basketball team
Southeastern Conference,type,College Athletic Conference,1995–96 Arkansas Razorbacks men's basketball team
Basketball Team,partOf,Sport,1995–96 Arkansas Razorbacks men's basketball team
Sport,instanceOf,Activity,1995–96 Arkansas Razorbacks men's basketball team
Activity,instanceOf,Human Endeavor,1995–96 Arkansas Razorbacks men's basketball team
Anne Buttimer,instanceOf,Politician,Anne Buttimer
Anne Buttimer,instanceOf,Irish politician,Anne Buttimer
Anne Buttimer,instanceOf,Labour Party politician,Anne Buttimer
Anne Buttimer,bornIn,Cork City,Anne Buttimer
Anne Buttimer,occupation,Councillor,Anne Buttimer
Anne Buttimer,memberOf,Cork City Council,Anne Buttimer
Anne Buttimer,servedOn,Cork City Council,Anne Buttimer
Anne Buttimer,dateOfBirth,1959,Anne Buttimer
Anne Buttimer,politicalParty,Labour Party,Anne Buttimer
Anne Buttimer,spouse,Michael Buttimer,Anne Buttimer
Anne Buttimer,children,Michael Buttimer,Anne Buttimer
Anne Buttimer,education,University College Cork,Anne Buttimer
Anne Buttimer,academicDegree,BA,Anne Buttimer
Anne Buttimer,academicDegree,MPhil,Anne Buttimer
Anne Buttimer,areaOfExpertise,Social Policy,Anne Buttimer
Anne Buttimer,areaOfExpertise,Housing Policy,Anne Buttimer
Anne Buttimer,areaOfExpertise,Community Development,Anne Buttimer
Anne Buttimer,politicalAffiliation,Labour Representation Committee,Anne Buttimer
Anne Buttimer,politicalAffiliation,Irish Labour,Anne Buttimer
IBTE Jefri Bolkiah Campus,instanceOf,Higher Education Institution,IBTE Jefri Bolkiah Campus
IBTE Jefri Bolkiah Campus,locatedIn,"Tanjung Pelajar, Johor Bahru",IBTE Jefri Bolkiah Campus
IBTE Jefri Bolkiah Campus,established,2006,IBTE Jefri Bolkiah Campus
IBTE Jefri Bolkiah Campus,offers,Diploma in Business,IBTE Jefri Bolkiah Campus
IBTE Jefri Bolkiah Campus,offers,Diploma in Logistics and Supply Chain Management,IBTE Jefri Bolkiah Campus
IBTE Jefri Bolkiah Campus,offers,Diploma in Hospitality Management,IBTE Jefri Bolkiah Campus
IBTE Jefri Bolkiah Campus,offers,Diploma in Early Childhood Care and Education,IBTE Jefri Bolkiah Campus
IBTE Jefri Bolkiah Campus,managedBy,Institut Pelatihan Tinggi Entrepreneurship (IBTE),IBTE Jefri Bolkiah Campus
IBTE Jefri Bolkiah Campus,website,https://ibte.edu.my/jefri-bolkiah/,IBTE Jefri Bolkiah Campus
IBTE Jefri Bolkiah Campus,telephone,+607-256 5555,IBTE Jefri Bolkiah Campus
IBTE Jefri Bolkiah Campus,email,jefri@ibte.edu.my,IBTE Jefri Bolkiah Campus
IBTE Jefri Bolkiah Campus,postalCode,81100,IBTE Jefri Bolkiah Campus
IBTE Jefri Bolkiah Campus,address,"Jalan Lingkaran Dalam, Taman Pelajar, Tanjung Pelajar, 81100 Johor Bahru, Johor, Malaysia",IBTE Jefri Bolkiah Campus
Emily Appleton,instanceOf,tennis player,Emily Appleton (tennis)
Emily Appleton,bornIn,1998-07-08,Emily Appleton (tennis)
Emily Appleton,nationality,American,Emily Appleton (tennis)
Emily Appleton,height,1.73 m,Emily Appleton (tennis)
Emily Appleton,weight,61 kg,Emily Appleton (tennis)
Emily Appleton,professionalDebut,2015,Emily Appleton (tennis)
Emily Appleton,highestRank,167,Emily Appleton (tennis)
Emily Appleton,currentRank,320,Emily Appleton (tennis)
Emily Appleton,wonGrandslam,Wimbledon 2023,Emily Appleton (tennis)
Emily Appleton,reachedGrandslamFinal,Australian Open 2022,Emily Appleton (tennis)
Emily Appleton,playedFor,Stanford University,Emily Appleton (tennis)
Emily Appleton,coach,Anne Bondarenko,Emily Appleton (tennis)
Emily Appleton,partner,Ellenaina O'Reilly,Emily Appleton (tennis)
Emily Appleton,defeated,Anastasia Potapova,Emily Appleton (tennis)
Emily Appleton,defeated,Maria Timofeeva,Emily Appleton (tennis)
Emily Appleton,defeated,Katie Boulter,Emily Appleton (tennis)
Emily Appleton,defeated,Leylah Fernandez,Emily Appleton (tennis)
Emily Appleton,defeated,Danielle Collins,Emily Appleton (tennis)
Emily Appleton,defeated,Coco Gauff,Emily Appleton (tennis)
Matraman railway station,instanceOf,railway station,Matraman railway station
Matraman railway station,locatedIn,Jakarta,Matraman railway station
Matraman railway station,partOf,South Jakarta Line,Matraman railway station
Matraman railway station,connectedTo,Manggarai Station,Matraman railway station
Matraman railway station,connectedTo,Pondok Ambon Station,Matraman railway station
Matraman railway station,connectedTo,Lebak Bulus Station,Matraman railway station
Matraman railway station,connectedTo,Tanah Abang Station,Matraman railway station
Matraman railway station,connectedTo,Jatinegara Station,Matraman railway station
Matraman railway station,operatedBy,PT KAI,Matraman railway station
Matraman railway station,postalCode,13531,Matraman railway station
Matraman railway station,latitude,-6.2244,Matraman railway station
Matraman railway station,longitude,106.7763,Matraman railway station
Matraman railway station,established,1918,Matraman railway station
Matraman railway station,type,passenger station,Matraman railway station
Matraman railway station,adjacentTo,Matraman,Matraman railway station
Matraman railway station,nearby,Pasar Rebo,Matraman railway station
Matraman railway station,nearby,Jakarta Fair,Matraman railway station
Matraman railway station,serves,Commuter Line,Matraman railway station
Matraman railway station,hasPlatform,Yes,Matraman railway station
Matraman railway station,hasTicketCounter,Yes,Matraman railway station
Matraman railway station,hasWaitingRoom,Yes,Matraman railway station
Matraman railway station,hasRestroom,Yes,Matraman railway station
Matraman railway station,hasSecurity,Yes,Matraman railway station
Matraman railway station,hasInformationBoard,Yes,Matraman railway station
Matraman railway station,hasParkingArea,No,Matraman railway station
Matraman railway station,hasElevator,No,Matraman railway station
Matraman railway station,hasEscalator,No,Matraman railway station
Matraman railway station,isLocatedNear,Matraman Square,Matraman railway station
Edward Magruder Tutwiler,instanceOf,Politician,Edward Magruder Tutwiler
Edward Magruder Tutwiler,instanceOf,American politician,Edward Magruder Tutwiler
Edward Magruder Tutwiler,instanceOf,Confederate States Army officer,Edward Magruder Tutwiler
Edward Magruder Tutwiler,instanceOf,Brigadier General,Edward Magruder Tutwiler
Edward Magruder Tutwiler,bornIn,Georgia,Edward Magruder Tutwiler
Edward Magruder Tutwiler,diedIn,"Washington, D.C.",Edward Magruder Tutwiler
Edward Magruder Tutwiler,deathDate,1889-06-14,Edward Magruder Tutwiler
Edward Magruder Tutwiler,birthDate,1829-03-23,Edward Magruder Tutwiler
Edward Magruder Tutwiler,servedIn,American Civil War,Edward Magruder Tutwiler
Edward Magruder Tutwiler,commanded,1st Confederate Cavalry Division,Edward Magruder Tutwiler
Edward Magruder Tutwiler,foughtIn,Battle of Missionary Ridge,Edward Magruder Tutwiler
Edward Magruder Tutwiler,foughtIn,Battle of Chickamauga,Edward Magruder Tutwiler
Edward Magruder Tutwiler,foughtIn,Battle of Resaca,Edward Magruder Tutwiler
Edward Magruder Tutwiler,foughtIn,Battle of Atlanta,Edward Magruder Tutwiler
Edward Magruder Tutwiler,educatedAt,University of Virginia,Edward Magruder Tutwiler
Edward Magruder Tutwiler,occupation,Lawyer,Edward Magruder Tutwiler
Edward Magruder Tutwiler,occupation,Military Officer,Edward Magruder Tutwiler
Edward Magruder Tutwiler,family,William Tutwiler,Edward Magruder Tutwiler
Edward Magruder Tutwiler,family,Mary Tutwiler,Edward Magruder Tutwiler
Edward Magruder Tutwiler,wife,Mary Tutwiler,Edward Magruder Tutwiler
Edward Magruder Tutwiler,father,Magruder,Edward Magruder Tutwiler
Edward Magruder Tutwiler,mother,Tutwiler,Edward Magruder Tutwiler
Edward Magruder Tutwiler,servedUnder,Nathan Bedford Forrest,Edward Magruder Tutwiler
Edward Magruder Tutwiler,memberOf,Confederate States Congress,Edward Magruder Tutwiler
Edward Magruder Tutwiler,representedDistrict,Georgia,Edward Magruder Tutwiler
Edward Magruder Tutwiler,residedIn,Alabama,Edward Magruder Tutwiler
Edward Magruder Tutwiler,residedIn,Georgia,Edward Magruder Tutwiler
Bitter Sweet,instanceOf,TV series,Bitter Sweet (TV series)
Bitter Sweet,directedBy,David Dobkin,Bitter Sweet (TV series)
Bitter Sweet,starring,Jim Carrey,Bitter Sweet (TV series)
Bitter Sweet,starring,Marisa Tomei,Bitter Sweet (TV series)
Bitter Sweet,starring,Seymour Hoffman,Bitter Sweet (TV series)
Bitter Sweet,starring,Frances McDormand,Bitter Sweet (TV series)
Bitter Sweet,genre,Romantic comedy,Bitter Sweet (TV series)
Bitter Sweet,broadcastOn,ABC,Bitter Sweet (TV series)
Bitter Sweet,firstAired,2009-09-22,Bitter Sweet (TV series)
Bitter Sweet,plot,"A man with a rare neurological disorder that causes him to experience intense, vivid flashbacks to his past.",Bitter Sweet (TV series)
Bitter Sweet,setting,Chicago,Bitter Sweet (TV series)
Bitter Sweet,themes,"Memory, loss, regret",Bitter Sweet (TV series)
Bitter Sweet,productionCompany,20th Century Fox Television,Bitter Sweet (TV series)
Bitter Sweet,writer,David Dobkin,Bitter Sweet (TV series)
Bitter Sweet,executiveProducer,Brian Grazer,Bitter Sweet (TV series)
Bitter Sweet,executiveProducer,Mark Johnson,Bitter Sweet (TV series)
Bitter Sweet,episodeCount,13,Bitter Sweet (TV series)
Bitter Sweet,awards,Primetime Emmy Award for Outstanding Visual Effects,Bitter Sweet (TV series)
Bitter Sweet,criticRating,68%,Bitter Sweet (TV series)
Bitter Sweet,imdbRating,7.0,Bitter Sweet (TV series)
Bitter Sweet,relatedTo,The Riches,Bitter Sweet (TV series)
Bitter Sweet,relatedTo,Splash,Bitter Sweet (TV series)
National Route 217 (Costa Rica),instanceOf,highway,National Route 217 (Costa Rica)
National Route 217 (Costa Rica),locatedIn,Costa Rica,National Route 217 (Costa Rica)
National Route 217 (Costa Rica),connects,San José,National Route 217 (Costa Rica)
National Route 217 (Costa Rica),connects,Cartago,National Route 217 (Costa Rica)
National Route 217 (Costa Rica),connects,Turrialba,National Route 217 (Costa Rica)
National Route 217 (Costa Rica),length,103 km,National Route 217 (Costa Rica)
National Route 217 (Costa Rica),begins,San José,National Route 217 (Costa Rica)
National Route 217 (Costa Rica),ends,Turrialba,National Route 217 (Costa Rica)
National Route 217 (Costa Rica),established,1970,National Route 217 (Costa Rica)
National Route 217 (Costa Rica),partOf,National Road Network of Costa Rica,National Route 217 (Costa Rica)
National Route 217 (Costa Rica),passesThrough,Rural areas,National Route 217 (Costa Rica)
National Route 217 (Costa Rica),crosses,Volcán Turrialba,National Route 217 (Costa Rica)
National Route 217 (Costa Rica),trafficType,Passenger vehicles,National Route 217 (Costa Rica)
National Route 217 (Costa Rica),roadClassification,Primary Road,National Route 217 (Costa Rica)
National Route 217 (Costa Rica),elevation,"1,200 m",National Route 217 (Costa Rica)
National Route 217 (Costa Rica),surfaceType,Asphalt,National Route 217 (Costa Rica)
National Route 217 (Costa Rica),signage,Spanish,National Route 217 (Costa Rica)
National Route 217 (Costa Rica),maintenance,Ministry of Public Works and Transport of Costa Rica,National Route 217 (Costa Rica)
National Route 217 (Costa Rica),importance,Regional connectivity,National Route 217 (Costa Rica)
National Route 217 (Costa Rica),economicImpact,Agricultural trade,National Route 217 (Costa Rica)
National Route 217 (Costa Rica),tourism,Scenic route,National Route 217 (Costa Rica)
National Route 217 (Costa Rica),historicalSignificance,Early transportation route,National Route 217 (Costa Rica)
National Route 217 (Costa Rica),adjacentRoute,National Route 218,National Route 217 (Costa Rica)
National Route 217 (Costa Rica),adjacentRoute,National Route 216,National Route 217 (Costa Rica)
So Fine (film),instanceOf,film,So Fine (film)
So Fine (film),directedBy,Stanley Donen,So Fine (film)
So Fine (film),writtenBy,Stanley Donen,So Fine (film)
So Fine (film),starring,Cyd Charisse,So Fine (film)
So Fine (film),starring,Fred Astaire,So Fine (film)
So Fine (film),genre,musical,So Fine (film)
So Fine (film),releaseDate,1961-03-24,So Fine (film)
So Fine (film),runtime,91 minutes,So Fine (film)
So Fine (film),studio,RKO Pictures,So Fine (film)
So Fine (film),plot,A ballroom dancer falls for a woman who is engaged to another man.,So Fine (film)
So Fine (film),music,Irving Berlin,So Fine (film)
So Fine (film),locations,New York City,So Fine (film)
So Fine (film),awards,"Golden Globe Award for Best Music, Original Song",So Fine (film)
So Fine (film),boxOffice,$2.5 million,So Fine (film)
So Fine (film),sequel,An American in Paris,So Fine (film)
So Fine (film),prequel,The Gay Divorcee,So Fine (film)
1,2,3-triazole,"1,1'-Azobis-1,2,3-triazole"
