subject,predicate,object,subject_name
Little Brosna River,instanceOf,river,Little Brosna River
Little Brosna River,locatedIn,Ireland,Little Brosna River
Little Brosna River,locatedIn,County Offaly,Little Brosna River
Little Brosna River,locatedIn,County Tipperary,Little Brosna River
Little Brosna River,flowsInto,River Shannon,Little Brosna River
Little Brosna River,length,36 kilometers,Little Brosna River
Little Brosna River,source,Slieve Bloom Mountains,Little Brosna River
Little Brosna River,mouth,River Shannon near Banagher,Little Brosna River
Little Brosna River,notableFeature,Little Brosna Callows (floodplain wetlands),Little Brosna River
Little Brosna River,ecologicalImportance,habitat for wildfowl and wading birds,Little Brosna River
Little Brosna River,protectedArea,Natura 2000 site,Little Brosna River
Katie Kitamura,instanceOf,human,Katie Kitamura
Katie Kitamura,instanceOf,writer,Katie Kitamura
Katie Kitamura,occupation,novelist,Katie Kitamura
Katie Kitamura,occupation,journalist,Katie Kitamura
Katie Kitamura,occupation,critic,Katie Kitamura
Katie Kitamura,birthDate,1979,Katie Kitamura
Katie Kitamura,birthPlace,California,Katie Kitamura
Katie Kitamura,birthPlace,United States of America,Katie Kitamura
Katie Kitamura,educatedAt,Princeton University,Katie Kitamura
Katie Kitamura,educatedAt,Columbia University,Katie Kitamura
Katie Kitamura,notableWork,A Separation,Katie Kitamura
Katie Kitamura,notableWork,The Longshot,Katie Kitamura
Katie Kitamura,notableWork,Gone to the Forest,Katie Kitamura
Katie Kitamura,notableWork,Intimacies,Katie Kitamura
Katie Kitamura,award,National Book Award Longlist (2021),Katie Kitamura
Katie Kitamura,spouse,Hari Kunzru,Katie Kitamura
Katie Kitamura,languageOfWorkOrName,English,Katie Kitamura
Katie Kitamura,genre,literary fiction,Katie Kitamura
Katie Kitamura,genre,psychological fiction,Katie Kitamura
Katie Kitamura,residence,New York City,Katie Kitamura
Katie Kitamura,residence,United States of America,Katie Kitamura
Whitmell P. Martin,instanceOf,human,Whitmell P. Martin
Whitmell P. Martin,instanceOf,politician,Whitmell P. Martin
Whitmell P. Martin,fullName,Whitmell Pugh Martin,Whitmell P. Martin
Whitmell P. Martin,dateOfBirth,1867-08-12,Whitmell P. Martin
Whitmell P. Martin,dateOfDeath,1929-04-06,Whitmell P. Martin
Whitmell P. Martin,placeOfBirth,"St. Martinville, Louisiana, U.S.",Whitmell P. Martin
Whitmell P. Martin,placeOfDeath,"New Orleans, Louisiana, U.S.",Whitmell P. Martin
Whitmell P. Martin,countryOfCitizenship,United States,Whitmell P. Martin
Whitmell P. Martin,occupation,lawyer,Whitmell P. Martin
Whitmell P. Martin,occupation,politician,Whitmell P. Martin
Whitmell P. Martin,memberOf,Democratic Party (United States),Whitmell P. Martin
Whitmell P. Martin,positionHeld,Member of the U.S. House of Representatives from Louisiana's 3rd congressional district,Whitmell P. Martin
Whitmell P. Martin,startTime,1915-03-04,Whitmell P. Martin
Whitmell P. Martin,endTime,1929-04-06,Whitmell P. Martin
Whitmell P. Martin,positionHeld,Member of the Louisiana House of Representatives,Whitmell P. Martin
Whitmell P. Martin,startTime,1908,Whitmell P. Martin
Whitmell P. Martin,endTime,1914,Whitmell P. Martin
Whitmell P. Martin,educatedAt,Tulane University,Whitmell P. Martin
Whitmell P. Martin,educatedAt,Louisiana State University,Whitmell P. Martin
Whitmell P. Martin,religion,Roman Catholicism,Whitmell P. Martin
Whitmell P. Martin,spouse,Adele Martin,Whitmell P. Martin
Whitmell P. Martin,child,Whitmell P. Martin Jr.,Whitmell P. Martin
"Fokino, Bryansk Oblast",instanceOf,city,"Fokino, Bryansk Oblast"
"Fokino, Bryansk Oblast",instanceOf,municipal settlement,"Fokino, Bryansk Oblast"
"Fokino, Bryansk Oblast",locatedIn,Bryansk Oblast,"Fokino, Bryansk Oblast"
"Fokino, Bryansk Oblast",locatedIn,Russia,"Fokino, Bryansk Oblast"
"Fokino, Bryansk Oblast",country,Russia,"Fokino, Bryansk Oblast"
"Fokino, Bryansk Oblast",federalSubject,Bryansk Oblast,"Fokino, Bryansk Oblast"
"Fokino, Bryansk Oblast",timeZone,UTC+3,"Fokino, Bryansk Oblast"
"Fokino, Bryansk Oblast",population,13876,"Fokino, Bryansk Oblast"
"Fokino, Bryansk Oblast",populationYear,2010,"Fokino, Bryansk Oblast"
"Fokino, Bryansk Oblast",founded,1954,"Fokino, Bryansk Oblast"
"Fokino, Bryansk Oblast",elevation,180 meters,"Fokino, Bryansk Oblast"
"Fokino, Bryansk Oblast",postalCode,242610,"Fokino, Bryansk Oblast"
"Fokino, Bryansk Oblast",federalDistrict,Central Federal District,"Fokino, Bryansk Oblast"
"Fokino, Bryansk Oblast",administrativeCenterOf,Fokino Urban Administrative Okrug,"Fokino, Bryansk Oblast"
Vida Movahed,instanceOf,Person,Vida Movahed
Vida Movahed,instanceOf,Activist,Vida Movahed
Vida Movahed,nationality,Iranian,Vida Movahed
Vida Movahed,knownFor,Protest against compulsory hijab,Vida Movahed
Vida Movahed,dateOfProtest,"December 27, 2017",Vida Movahed
Vida Movahed,locationOfProtest,"Tehran, Iran",Vida Movahed
Vida Movahed,actionDuringProtest,Waved her headscarf on a stick,Vida Movahed
Vida Movahed,arrestStatus,Arrested,Vida Movahed
Vida Movahed,inspirationFor,Girls of Enghelab Street protests,Vida Movahed
Vida Movahed,symbolOf,Women's rights movement in Iran,Vida Movahed
Survivor: Kaôh Rōng,instanceOf,television season,Survivor: Kaôh Rōng
Survivor: Kaôh Rōng,partOf,Survivor (American TV series),Survivor: Kaôh Rōng
Survivor: Kaôh Rōng,seasonNumber,32,Survivor: Kaôh Rōng
Survivor: Kaôh Rōng,location,"Koah Rong, Cambodia",Survivor: Kaôh Rōng
Survivor: Kaôh Rōng,premiereDate,2016-02-17,Survivor: Kaôh Rōng
Survivor: Kaôh Rōng,finaleDate,2016-05-18,Survivor: Kaôh Rōng
Survivor: Kaôh Rōng,winner,Michele Fitzgerald,Survivor: Kaôh Rōng
Survivor: Kaôh Rōng,runnerUp,Aubry Bracco,Survivor: Kaôh Rōng
Survivor: Kaôh Rōng,runnerUp,Tai Trang,Survivor: Kaôh Rōng
Survivor: Kaôh Rōng,host,Jeff Probst,Survivor: Kaôh Rōng
Survivor: Kaôh Rōng,numberOfEpisodes,14,Survivor: Kaôh Rōng
Survivor: Kaôh Rōng,theme,Brains vs. Brawn vs. Beauty,Survivor: Kaôh Rōng
Survivor: Kaôh Rōng,tribes,To Tang,Survivor: Kaôh Rōng
Survivor: Kaôh Rōng,tribes,Gondol,Survivor: Kaôh Rōng
Survivor: Kaôh Rōng,tribes,Chan Loh,Survivor: Kaôh Rōng
Survivor: Kaôh Rōng,mergedTribe,Dara,Survivor: Kaôh Rōng
Survivor: Kaôh Rōng,awardedPrize,Sole Survivor title,Survivor: Kaôh Rōng
Survivor: Kaôh Rōng,awardedPrize,"$1,000,000",Survivor: Kaôh Rōng
Survivor: Kaôh Rōng,notableContestant,Caleb Reynolds,Survivor: Kaôh Rōng
Survivor: Kaôh Rōng,notableContestant,Neal Gottlieb,Survivor: Kaôh Rōng
Survivor: Kaôh Rōng,notableContestant,Jason Linden,Survivor: Kaôh Rōng
Survivor: Kaôh Rōng,productionCompany,SEG Inc.,Survivor: Kaôh Rōng
Survivor: Kaôh Rōng,productionCompany,Mark Burnett Productions,Survivor: Kaôh Rōng
Survivor: Kaôh Rōng,broadcastNetwork,CBS,Survivor: Kaôh Rōng
Survivor: Kaôh Rōng,filmingPeriod,2015-11 to 2015-12,Survivor: Kaôh Rōng
Survivor: Kaôh Rōng,viewership,average 8.3 million per episode,Survivor: Kaôh Rōng
Jorge Verstrynge,instanceOf,Person,Jorge Verstrynge
Jorge Verstrynge,instanceOf,Politician,Jorge Verstrynge
Jorge Verstrynge,instanceOf,Academic,Jorge Verstrynge
Jorge Verstrynge,dateOfBirth,1948-09-14,Jorge Verstrynge
Jorge Verstrynge,placeOfBirth,Tangier,Jorge Verstrynge
Jorge Verstrynge,countryOfBirth,Morocco,Jorge Verstrynge
Jorge Verstrynge,nationality,Spanish,Jorge Verstrynge
Jorge Verstrynge,nationality,French,Jorge Verstrynge
Jorge Verstrynge,occupation,Political Scientist,Jorge Verstrynge
Jorge Verstrynge,occupation,Professor,Jorge Verstrynge
Jorge Verstrynge,occupation,Writer,Jorge Verstrynge
Jorge Verstrynge,politicalParty,People's Alliance (AP),Jorge Verstrynge
Jorge Verstrynge,politicalParty,Spanish Socialist Workers' Party (PSOE),Jorge Verstrynge
Jorge Verstrynge,politicalParty,Podemos,Jorge Verstrynge
Jorge Verstrynge,positionHeld,Secretary-General of the People's Alliance (AP),Jorge Verstrynge
Jorge Verstrynge,positionHeld,Member of the Congress of Deputies (Spain),Jorge Verstrynge
Jorge Verstrynge,almaMater,Complutense University of Madrid,Jorge Verstrynge
Jorge Verstrynge,fieldOfStudy,Political Science,Jorge Verstrynge
Jorge Verstrynge,fieldOfStudy,International Relations,Jorge Verstrynge
Jorge Verstrynge,notableWork,La guerra periférica y el islam revolucionario,Jorge Verstrynge
Jorge Verstrynge,notableWork,Memorias de un maldito,Jorge Verstrynge
Jorge Verstrynge,notableWork,Elogio de la infelicidad,Jorge Verstrynge
Jorge Verstrynge,awardReceived,Blanquerna Award (2015),Jorge Verstrynge
Jorge Verstrynge,spouse,María José Fernández,Jorge Verstrynge
Jorge Verstrynge,child,Jorge Verstrynge Fernández,Jorge Verstrynge
Jorge Verstrynge,child,Pablo Verstrynge Fernández,Jorge Verstrynge
Jorge Verstrynge,religion,Atheist,Jorge Verstrynge
Jorge Verstrynge,notableIdea,Peripheral War Theory,Jorge Verstrynge
Jorge Verstrynge,notableIdea,Critique of Neoliberalism,Jorge Verstrynge
Jorge Verstrynge,influencedBy,Carl Schmitt,Jorge Verstrynge
Jorge Verstrynge,influencedBy,Antonio Gramsci,Jorge Verstrynge
Jorge Verstrynge,influencedBy,Ernesto Laclau,Jorge Verstrynge
Jorge Verstrynge,influenced,Podemos (political party),Jorge Verstrynge
Jorge Verstrynge,influenced,Pablo Iglesias Turrión,Jorge Verstrynge
Jorge Verstrynge,languageSpoken,Spanish,Jorge Verstrynge
Jorge Verstrynge,languageSpoken,French,Jorge Verstrynge
Jorge Verstrynge,languageSpoken,English,Jorge Verstrynge
Jorge Verstrynge,residence,Madrid,Jorge Verstrynge
Jorge Verstrynge,residence,Spain,Jorge Verstrynge
Bueng Kan province,instanceOf,province,Bueng Kan province
Bueng Kan province,instanceOf,administrative division,Bueng Kan province
Bueng Kan province,country,Thailand,Bueng Kan province
Bueng Kan province,capital,Bueng Kan,Bueng Kan province
Bueng Kan province,established,2011,Bueng Kan province
Bueng Kan province,region,Northeastern Thailand,Bueng Kan province
Bueng Kan province,region,Isan,Bueng Kan province
Bueng Kan province,area,"4,305 km²",Bueng Kan province
Bueng Kan province,population,"420,000 (2021 est.)",Bueng Kan province
Bueng Kan province,populationDensity,98/km²,Bueng Kan province
Bueng Kan province,ISO 3166-2 code,TH-38,Bueng Kan province
Bueng Kan province,neighboring province,Nakhon Phanom,Bueng Kan province
Bueng Kan province,neighboring province,Sakon Nakhon,Bueng Kan province
Bueng Kan province,neighboring province,Nong Khai,Bueng Kan province
Bueng Kan province,neighboring country,Laos,Bueng Kan province
Bueng Kan province,river,Mekong River,Bueng Kan province
Bueng Kan province,time zone,ICT (UTC+7),Bueng Kan province
Bueng Kan province,postal code,38xxx,Bueng Kan province
Bueng Kan province,vehicle registration prefix,38,Bueng Kan province
Bueng Kan province,districts,8,Bueng Kan province
Bueng Kan province,amphoe,Bueng Kan,Bueng Kan province
Bueng Kan province,amphoe,Seka,Bueng Kan province
Bueng Kan province,amphoe,So Phisai,Bueng Kan province
Bueng Kan province,amphoe,Bung Khla,Bueng Kan province
Bueng Kan province,amphoe,Phon Charoen,Bueng Kan province
Bueng Kan province,amphoe,Si Wilai,Bueng Kan province
Bueng Kan province,amphoe,Pak Khat,Bueng Kan province
Bueng Kan province,amphoe,Bueng Khong Long,Bueng Kan province
Bueng Kan province,official language,Thai,Bueng Kan province
Bueng Kan province,official language,Isan,Bueng Kan province
Bueng Kan province,major religion,Theravada Buddhism,Bueng Kan province
Bueng Kan province,climate,Tropical savanna,Bueng Kan province
Bueng Kan province,average temperature,25–30°C,Bueng Kan province
Bueng Kan province,notable landmark,Phu Thok,Bueng Kan province
Bueng Kan province,notable landmark,Wat Phu Tok,Bueng Kan province
Bueng Kan province,notable landmark,Bueng Khong Long Lake,Bueng Kan province
Bueng Kan province,economic activity,Agriculture,Bueng Kan province
Bueng Kan province,economic activity,Fishing,Bueng Kan province
Bueng Kan province,economic activity,Tourism,Bueng Kan province
Bueng Kan province,major crop,Rice,Bueng Kan province
Bueng Kan province,major crop,Cassava,Bueng Kan province
Bueng Kan province,major crop,Sugarcane,Bueng Kan province
Bueng Kan province,border crossing,Bueng Kan–Bolikhamsai (Laos),Bueng Kan province
Bueng Kan province,highest point,Phu Thok (695 m),Bueng Kan province
Bueng Kan province,UNESCO Biosphere Reserve,No,Bueng Kan province
Bueng Kan province,former part of,Nong Khai province,Bueng Kan province
Brand USA,instanceOf,public-private partnership,Brand USA
Brand USA,instanceOf,tourism marketing organization,Brand USA
Brand USA,established,2010,Brand USA
Brand USA,headquarters,"Washington, D.C.",Brand USA
Brand USA,purpose,promote travel to the United States,Brand USA
Brand USA,fundingSource,private sector,Brand USA
Brand USA,fundingSource,U.S. federal government (via visa fees),Brand USA
Brand USA,CEO,Christopher L. Thompson (as of 2023),Brand USA
Brand USA,website,www.thebrandusa.com,Brand USA
Brand USA,collaboratesWith,U.S. Travel Association,Brand USA
Brand USA,collaboratesWith,U.S. Department of Commerce,Brand USA
Brand USA,marketingCampaign,Discover America,Brand USA
Brand USA,targetAudience,international travelers,Brand USA
Brand USA,legalStatus,non-profit corporation,Brand USA
Brand USA,governingBody,Board of Directors,Brand USA
Brand USA,partOf,National Travel and Tourism Strategy,Brand USA
Horses Amphora,instanceOf,ancient Greek vase,Horses Amphora
Horses Amphora,instanceOf,amphora,Horses Amphora
Horses Amphora,createdDuring,Archaic period,Horses Amphora
Horses Amphora,culture,Ancient Greek,Horses Amphora
Horses Amphora,material,terracotta,Horses Amphora
Horses Amphora,decoratedWith,black-figure technique,Horses Amphora
Horses Amphora,depicts,horses,Horses Amphora
Horses Amphora,currentLocation,Metropolitan Museum of Art,Horses Amphora
Horses Amphora,inventoryNumber,1977.11.1,Horses Amphora
Horses Amphora,height,approximately 30 cm,Horses Amphora
Horses Amphora,artist,attributed to the Painter of Berlin 1686,Horses Amphora
Horses Amphora,date,circa 550–530 BCE,Horses Amphora
Horses Amphora,usedFor,storage and transport of liquids,Horses Amphora
Horses Amphora,type,Type B amphora,Horses Amphora
SM UB-74,instanceOf,German Type UB III submarine,SM UB-74
SM UB-74,partOf,Kaiserliche Marine,SM UB-74
SM UB-74,commissioned,1917,SM UB-74
SM UB-74,decommissioned,1918,SM UB-74
SM UB-74,fate,Sunk by HMS *Loretta* on 26 May 1918,SM UB-74
SM UB-74,length,55.3 meters,SM UB-74
SM UB-74,beam,5.8 meters,SM UB-74
SM UB-74,draft,3.7 meters,SM UB-74
SM UB-74,displacement,516 tonnes (surfaced),SM UB-74
SM UB-74,displacement,646 tonnes (submerged),SM UB-74
SM UB-74,propulsion,2 × diesel engines (550–600 metric horsepower),SM UB-74
SM UB-74,propulsion,2 × electric motors (394 metric horsepower),SM UB-74
SM UB-74,speed,13.4 knots (surfaced),SM UB-74
SM UB-74,speed,7.5 knots (submerged),SM UB-74
SM UB-74,range,"8,420 nautical miles (surfaced at 6 knots)",SM UB-74
SM UB-74,range,55 nautical miles (submerged at 4 knots),SM UB-74
SM UB-74,testDepth,50 meters,SM UB-74
SM UB-74,complement,34 officers and men,SM UB-74
SM UB-74,armament,"5 × 50 cm torpedo tubes (4 bow, 1 stern)",SM UB-74
SM UB-74,armament,10 × torpedoes,SM UB-74
SM UB-74,armament,1 × 8.8 cm deck gun,SM UB-74
SM UB-74,builder,"Blohm & Voss, Hamburg",SM UB-74
SM UB-74,yardNumber,274,SM UB-74
SM UB-74,laidDown,1916,SM UB-74
SM UB-74,launched,1917,SM UB-74
SM UB-74,commander,Oberleutnant zur See Wilhelm Marschall,SM UB-74
SM UB-74,sank,SS *Dunluce Castle* (1918),SM UB-74
SM UB-74,sank,SS *Hunsdon* (1918),SM UB-74
SM UB-74,sank,SS *Mentor* (1918),SM UB-74
SM UB-74,sank,SS *Norman Queen* (1918),SM UB-74
SM UB-74,sank,SS *Polaris* (1918),SM UB-74
SM UB-74,sank,SS *Taycraig* (1918),SM UB-74
SM UB-74,sank,SS *Tweed* (1918),SM UB-74
Counter-Terrorism and Border Security Act 2019,instanceOf,Act of Parliament,Counter-Terrorism and Border Security Act 2019
Counter-Terrorism and Border Security Act 2019,jurisdiction,United Kingdom,Counter-Terrorism and Border Security Act 2019
Counter-Terrorism and Border Security Act 2019,enactedBy,Parliament of the United Kingdom,Counter-Terrorism and Border Security Act 2019
Counter-Terrorism and Border Security Act 2019,dateOfAssent,2019-02-12,Counter-Terrorism and Border Security Act 2019
Counter-Terrorism and Border Security Act 2019,commencementDate,2019-04-12,Counter-Terrorism and Border Security Act 2019
Counter-Terrorism and Border Security Act 2019,amends,Terrorism Act 2000,Counter-Terrorism and Border Security Act 2019
Counter-Terrorism and Border Security Act 2019,amends,Terrorism Act 2006,Counter-Terrorism and Border Security Act 2019
Counter-Terrorism and Border Security Act 2019,amends,Counter-Terrorism Act 2008,Counter-Terrorism and Border Security Act 2019
Counter-Terrorism and Border Security Act 2019,introducesOffense,Expressing support for a proscribed organization,Counter-Terrorism and Border Security Act 2019
Counter-Terrorism and Border Security Act 2019,introducesOffense,Publishing images likely to be useful to terrorists,Counter-Terrorism and Border Security Act 2019
Counter-Terrorism and Border Security Act 2019,introducesOffense,Entering or remaining in a designated area,Counter-Terrorism and Border Security Act 2019
Counter-Terrorism and Border Security Act 2019,strengthensPowers,Stop and search powers for counter-terrorism,Counter-Terrorism and Border Security Act 2019
Counter-Terrorism and Border Security Act 2019,strengthensPowers,Port and border security measures,Counter-Terrorism and Border Security Act 2019
Counter-Terrorism and Border Security Act 2019,extends,Temporary exclusion orders,Counter-Terrorism and Border Security Act 2019
Counter-Terrorism and Border Security Act 2019,enhances,Sentencing for terrorism offenses,Counter-Terrorism and Border Security Act 2019
Counter-Terrorism and Border Security Act 2019,relatedTo,Prevent strategy,Counter-Terrorism and Border Security Act 2019
Counter-Terrorism and Border Security Act 2019,relatedTo,CONTEST (UK counter-terrorism strategy),Counter-Terrorism and Border Security Act 2019
Counter-Terrorism and Border Security Act 2019,citation,2019 c. 3,Counter-Terrorism and Border Security Act 2019
Horten Church,instanceOf,church,Horten Church
Horten Church,instanceOf,building,Horten Church
Horten Church,locatedIn,Horten,Horten Church
Horten Church,locatedIn,Vestfold,Horten Church
Horten Church,locatedIn,Norway,Horten Church
Horten Church,country,Norway,Horten Church
Horten Church,denomination,Church of Norway,Horten Church
Horten Church,architecturalStyle,Gothic Revival,Horten Church
Horten Church,yearOfConstruction,1855,Horten Church
Horten Church,yearConsecrated,1855,Horten Church
Horten Church,dedicatedTo,Saint Olav,Horten Church
Horten Church,hasFeature,spire,Horten Church
Horten Church,hasFeature,stained glass windows,Horten Church
Horten Church,capacity,500,Horten Church
Horten Church,coordinates,"59.4167°N, 10.4833°E",Horten Church
Horten Church,municipality,Horten Municipality,Horten Church
Horten Church,diocese,Tunsberg,Horten Church
Tixpéhual Municipality,instanceOf,municipality,Tixpéhual Municipality
Tixpéhual Municipality,instanceOf,administrative division,Tixpéhual Municipality
Tixpéhual Municipality,locatedIn,Yucatán,Tixpéhual Municipality
Tixpéhual Municipality,locatedIn,Mexico,Tixpéhual Municipality
Tixpéhual Municipality,country,Mexico,Tixpéhual Municipality
Tixpéhual Municipality,state,Yucatán,Tixpéhual Municipality
Tixpéhual Municipality,headquarters,Tixpéhual,Tixpéhual Municipality
Tixpéhual Municipality,population,5600,Tixpéhual Municipality
Tixpéhual Municipality,populationAsOf,2020,Tixpéhual Municipality
Tixpéhual Municipality,area,69.53 km²,Tixpéhual Municipality
Tixpéhual Municipality,elevation,10 meters,Tixpéhual Municipality
Tixpéhual Municipality,timeZone,UTC-6,Tixpéhual Municipality
Tixpéhual Municipality,postalCode,97207,Tixpéhual Municipality
Tixpéhual Municipality,officialLanguage,Spanish,Tixpéhual Municipality
Tixpéhual Municipality,mayor,José Luis Chan Dzul,Tixpéhual Municipality
Tixpéhual Municipality,mayorAsOf,2021,Tixpéhual Municipality
Tixpéhual Municipality,foundingYear,1918,Tixpéhual Municipality
Tixpéhual Municipality,coordinates,"21.15°N, 89.43°W",Tixpéhual Municipality
Ministry of Justice (Niger),instanceOf,government ministry,Ministry of Justice (Niger)
Ministry of Justice (Niger),instanceOf,national ministry of justice,Ministry of Justice (Niger)
Ministry of Justice (Niger),country,Niger,Ministry of Justice (Niger)
Ministry of Justice (Niger),jurisdiction,Niger,Ministry of Justice (Niger)
Ministry of Justice (Niger),responsibility,administration of justice,Ministry of Justice (Niger)
Ministry of Justice (Niger),responsibility,legal affairs,Ministry of Justice (Niger)
Ministry of Justice (Niger),responsibility,human rights protection,Ministry of Justice (Niger)
Ministry of Justice (Niger),responsibility,prison administration,Ministry of Justice (Niger)
Ministry of Justice (Niger),responsibility,legislative drafting,Ministry of Justice (Niger)
Ministry of Justice (Niger),head,Minister of Justice,Ministry of Justice (Niger)
Ministry of Justice (Niger),partOf,Government of Niger,Ministry of Justice (Niger)
Ministry of Justice (Niger),location,Niamey,Ministry of Justice (Niger)
Ministry of Justice (Niger),officialLanguage,French,Ministry of Justice (Niger)
Ministry of Justice (Niger),established,post-independence (1960 or later),Ministry of Justice (Niger)
Draupner wave,instanceOf,rogue wave,Draupner wave
Draupner wave,instanceOf,oceanic phenomenon,Draupner wave
Draupner wave,discoveredAt,Draupner platform,Draupner wave
Draupner wave,location,North Sea,Draupner wave
Draupner wave,dateObserved,1995-01-01,Draupner wave
Draupner wave,height,25.6 meters,Draupner wave
Draupner wave,significance,first rogue wave confirmed by scientific measurement,Draupner wave
Draupner wave,measuredBy,laser sensor,Draupner wave
Draupner wave,associatedWith,Draupner oil field,Draupner wave
Draupner wave,studiedInField,oceanography,Draupner wave
Draupner wave,studiedInField,fluid dynamics,Draupner wave
Draupner wave,impact,validated existence of rogue waves,Draupner wave
Draupner wave,impact,influenced maritime safety regulations,Draupner wave
Draupner wave,partOf,New Year's Wave event,Draupner wave
Johannes Loccenius,instanceOf,human,Johannes Loccenius
Johannes Loccenius,instanceOf,historian,Johannes Loccenius
Johannes Loccenius,instanceOf,jurist,Johannes Loccenius
Johannes Loccenius,fullName,Johannes Loccenius,Johannes Loccenius
Johannes Loccenius,birthDate,1598,Johannes Loccenius
Johannes Loccenius,deathDate,1677,Johannes Loccenius
Johannes Loccenius,birthPlace,Hamburg,Johannes Loccenius
Johannes Loccenius,deathPlace,Uppsala,Johannes Loccenius
Johannes Loccenius,nationality,German,Johannes Loccenius
Johannes Loccenius,occupation,historian,Johannes Loccenius
Johannes Loccenius,occupation,jurist,Johannes Loccenius
Johannes Loccenius,occupation,professor,Johannes Loccenius
Johannes Loccenius,fieldOfStudy,history,Johannes Loccenius
Johannes Loccenius,fieldOfStudy,law,Johannes Loccenius
Johannes Loccenius,almaMater,University of Rostock,Johannes Loccenius
Johannes Loccenius,employer,Uppsala University,Johannes Loccenius
Johannes Loccenius,notableWork,Antiquitatum Sveo-Gothicarum libri tres,Johannes Loccenius
Johannes Loccenius,notableWork,Rerum Suecicarum Historia,Johannes Loccenius
Johannes Loccenius,languageSpoken,Latin,Johannes Loccenius
Johannes Loccenius,languageSpoken,German,Johannes Loccenius
Johannes Loccenius,languageSpoken,Swedish,Johannes Loccenius
Johannes Loccenius,influencedBy,Philipp Melanchthon,Johannes Loccenius
Johannes Loccenius,influencedBy,Johannes Magnus,Johannes Loccenius
Johannes Loccenius,studentOf,David Chyträus,Johannes Loccenius
Johannes Loccenius,studentOf,Johann Kirchmann,Johannes Loccenius
Johannes Loccenius,awardReceived,Swedish nobility (adopted into the Swedish nobility),Johannes Loccenius
Johannes Loccenius,notableStudent,Olof Verelius,Johannes Loccenius
Johannes Loccenius,notableStudent,Johannes Schefferus,Johannes Loccenius
Johannes Loccenius,residence,Sweden,Johannes Loccenius
Johannes Loccenius,religion,Lutheranism,Johannes Loccenius
USS Lorain (PF-93),instanceOf,ship,USS Lorain (PF-93)
USS Lorain (PF-93),instanceOf,frigate,USS Lorain (PF-93)
USS Lorain (PF-93),instanceOf,Tacoma-class frigate,USS Lorain (PF-93)
USS Lorain (PF-93),country,United States,USS Lorain (PF-93)
USS Lorain (PF-93),operator,United States Navy,USS Lorain (PF-93)
USS Lorain (PF-93),commissioned,1944,USS Lorain (PF-93)
USS Lorain (PF-93),decommissioned,1945,USS Lorain (PF-93)
USS Lorain (PF-93),fate,transferred to Soviet Navy,USS Lorain (PF-93)
USS Lorain (PF-93),renamed,EK-27,USS Lorain (PF-93)
USS Lorain (PF-93),renamed,Terek,USS Lorain (PF-93)
USS Lorain (PF-93),class,Tacoma-class,USS Lorain (PF-93)
USS Lorain (PF-93),type,patrol frigate,USS Lorain (PF-93)
USS Lorain (PF-93),displacement,"1,430 tons",USS Lorain (PF-93)
USS Lorain (PF-93),length,303 feet 11 inches,USS Lorain (PF-93)
USS Lorain (PF-93),beam,37 feet 6 inches,USS Lorain (PF-93)
USS Lorain (PF-93),draft,13 feet 8 inches,USS Lorain (PF-93)
USS Lorain (PF-93),propulsion,steam turbine,USS Lorain (PF-93)
USS Lorain (PF-93),speed,20 knots,USS Lorain (PF-93)
USS Lorain (PF-93),complement,190,USS Lorain (PF-93)
USS Lorain (PF-93),armament,3 × 3-inch/50 caliber guns,USS Lorain (PF-93)
USS Lorain (PF-93),armament,4 × 40 mm Bofors guns,USS Lorain (PF-93)
USS Lorain (PF-93),armament,9 × 20 mm Oerlikon cannons,USS Lorain (PF-93)
USS Lorain (PF-93),armament,8 × depth charge projectors,USS Lorain (PF-93)
USS Lorain (PF-93),armament,2 × depth charge tracks,USS Lorain (PF-93)
USS Lorain (PF-93),armament,1 × Hedgehog anti-submarine mortar,USS Lorain (PF-93)
USS Lorain (PF-93),service,World War II,USS Lorain (PF-93)
USS Lorain (PF-93),transferredTo,Soviet Navy,USS Lorain (PF-93)
USS Lorain (PF-93),transferredDate,1945,USS Lorain (PF-93)
USS Lorain (PF-93),returnedToUS,1949,USS Lorain (PF-93)
USS Lorain (PF-93),finalFate,scrapped,USS Lorain (PF-93)
USS Lorain (PF-93),hullNumber,PF-93,USS Lorain (PF-93)
USS Lorain (PF-93),builder,"Kaiser Cargo, Inc.",USS Lorain (PF-93)
USS Lorain (PF-93),builderLocation,"Richmond, California",USS Lorain (PF-93)
USS Lorain (PF-93),laidDown,1943-08-20,USS Lorain (PF-93)
USS Lorain (PF-93),launched,1943-10-30,USS Lorain (PF-93)
USS Lorain (PF-93),nickname,Lorain,USS Lorain (PF-93)
2019 AQ3,instanceOf,asteroid,2019 AQ3
2019 AQ3,discoveredInYear,2019,2019 AQ3
2019 AQ3,discoveredBy,Zwicky Transient Facility,2019 AQ3
2019 AQ3,orbits,Sun,2019 AQ3
2019 AQ3,orbitalPeriod,165 days,2019 AQ3
2019 AQ3,semiMajorAxis,0.5887 AU,2019 AQ3
2019 AQ3,eccentricity,0.314,2019 AQ3
2019 AQ3,inclination,47.2 degrees,2019 AQ3
2019 AQ3,perihelion,0.403 AU,2019 AQ3
2019 AQ3,aphelion,0.774 AU,2019 AQ3
2019 AQ3,absoluteMagnitude,17.6,2019 AQ3
2019 AQ3,diameter,1.4 km (estimated),2019 AQ3
2019 AQ3,type,Atira asteroid,2019 AQ3
2019 AQ3,partOf,Atira group,2019 AQ3
2019 AQ3,closestApproachToEarth,0.4 AU (minimum),2019 AQ3
2019 AQ3,orbitalClass,Aten-class asteroid,2019 AQ3
2019 AQ3,firstObserved,2019-01-04,2019 AQ3
2016 FIFA U-17 Women's World Cup,instanceOf,FIFA U-17 Women's World Cup,2016 FIFA U-17 Women's World Cup
2016 FIFA U-17 Women's World Cup,instanceOf,football tournament,2016 FIFA U-17 Women's World Cup
2016 FIFA U-17 Women's World Cup,editionOf,FIFA U-17 Women's World Cup,2016 FIFA U-17 Women's World Cup
2016 FIFA U-17 Women's World Cup,startDate,2016-09-30,2016 FIFA U-17 Women's World Cup
2016 FIFA U-17 Women's World Cup,endDate,2016-10-21,2016 FIFA U-17 Women's World Cup
2016 FIFA U-17 Women's World Cup,hostCountry,Jordan,2016 FIFA U-17 Women's World Cup
2016 FIFA U-17 Women's World Cup,numberOfTeams,16,2016 FIFA U-17 Women's World Cup
2016 FIFA U-17 Women's World Cup,winner,North Korea,2016 FIFA U-17 Women's World Cup
2016 FIFA U-17 Women's World Cup,runnerUp,Japan,2016 FIFA U-17 Women's World Cup
2016 FIFA U-17 Women's World Cup,thirdPlace,Spain,2016 FIFA U-17 Women's World Cup
2016 FIFA U-17 Women's World Cup,fourthPlace,Venezuela,2016 FIFA U-17 Women's World Cup
2016 FIFA U-17 Women's World Cup,topScorer,Lorena Navarro,2016 FIFA U-17 Women's World Cup
2016 FIFA U-17 Women's World Cup,topScorerGoals,8,2016 FIFA U-17 Women's World Cup
2016 FIFA U-17 Women's World Cup,bestPlayer,Fuka Nagano,2016 FIFA U-17 Women's World Cup
2016 FIFA U-17 Women's World Cup,bestGoalkeeper,Noelia Ramos,2016 FIFA U-17 Women's World Cup
2016 FIFA U-17 Women's World Cup,matchesPlayed,32,2016 FIFA U-17 Women's World Cup
2016 FIFA U-17 Women's World Cup,goalsScored,105,2016 FIFA U-17 Women's World Cup
2016 FIFA U-17 Women's World Cup,attendance,"112,000",2016 FIFA U-17 Women's World Cup
2016 FIFA U-17 Women's World Cup,officialSong,None,2016 FIFA U-17 Women's World Cup
2016 FIFA U-17 Women's World Cup,organizer,FIFA,2016 FIFA U-17 Women's World Cup
2016 FIFA U-17 Women's World Cup,previousEdition,2014 FIFA U-17 Women's World Cup,2016 FIFA U-17 Women's World Cup
2016 FIFA U-17 Women's World Cup,nextEdition,2018 FIFA U-17 Women's World Cup,2016 FIFA U-17 Women's World Cup
2016 FIFA U-17 Women's World Cup,location,Amman,2016 FIFA U-17 Women's World Cup
2016 FIFA U-17 Women's World Cup,location,Irbid,2016 FIFA U-17 Women's World Cup
2016 FIFA U-17 Women's World Cup,location,Zarqa,2016 FIFA U-17 Women's World Cup
2016 FIFA U-17 Women's World Cup,stadium,Amman International Stadium,2016 FIFA U-17 Women's World Cup
2016 FIFA U-17 Women's World Cup,stadium,King Abdullah II Stadium,2016 FIFA U-17 Women's World Cup
2016 FIFA U-17 Women's World Cup,stadium,Prince Mohammed Stadium,2016 FIFA U-17 Women's World Cup
2016 FIFA U-17 Women's World Cup,participatingTeam,North Korea,2016 FIFA U-17 Women's World Cup
2016 FIFA U-17 Women's World Cup,participatingTeam,Japan,2016 FIFA U-17 Women's World Cup
2016 FIFA U-17 Women's World Cup,participatingTeam,Spain,2016 FIFA U-17 Women's World Cup
2016 FIFA U-17 Women's World Cup,participatingTeam,Venezuela,2016 FIFA U-17 Women's World Cup
2016 FIFA U-17 Women's World Cup,participatingTeam,Germany,2016 FIFA U-17 Women's World Cup
2016 FIFA U-17 Women's World Cup,participatingTeam,Ghana,2016 FIFA U-17 Women's World Cup
2016 FIFA U-17 Women's World Cup,participatingTeam,Nigeria,2016 FIFA U-17 Women's World Cup
2016 FIFA U-17 Women's World Cup,participatingTeam,Canada,2016 FIFA U-17 Women's World Cup
2016 FIFA U-17 Women's World Cup,participatingTeam,Brazil,2016 FIFA U-17 Women's World Cup
2016 FIFA U-17 Women's World Cup,participatingTeam,United States,2016 FIFA U-17 Women's World Cup
2016 FIFA U-17 Women's World Cup,participatingTeam,Mexico,2016 FIFA U-17 Women's World Cup
2016 FIFA U-17 Women's World Cup,participatingTeam,England,2016 FIFA U-17 Women's World Cup
2016 FIFA U-17 Women's World Cup,participatingTeam,Paraguay,2016 FIFA U-17 Women's World Cup
2016 FIFA U-17 Women's World Cup,participatingTeam,New Zealand,2016 FIFA U-17 Women's World Cup
2016 FIFA U-17 Women's World Cup,participatingTeam,Cameroon,2016 FIFA U-17 Women's World Cup
2016 FIFA U-17 Women's World Cup,participatingTeam,Jordan,2016 FIFA U-17 Women's World Cup
Cartagena Cathedral,instanceOf,cathedral,Cartagena Cathedral
Cartagena Cathedral,instanceOf,Catholic church,Cartagena Cathedral
Cartagena Cathedral,instanceOf,historical building,Cartagena Cathedral
Cartagena Cathedral,locatedIn,Cartagena,Cartagena Cathedral
Cartagena Cathedral,locatedIn,Colombia,Cartagena Cathedral
Cartagena Cathedral,locatedIn,South America,Cartagena Cathedral
Cartagena Cathedral,dedicatedTo,Saint Catherine of Alexandria,Cartagena Cathedral
Cartagena Cathedral,constructionStarted,1575,Cartagena Cathedral
Cartagena Cathedral,completed,1612,Cartagena Cathedral
Cartagena Cathedral,architecturalStyle,Colonial,Cartagena Cathedral
Cartagena Cathedral,architecturalStyle,Renaissance,Cartagena Cathedral
Cartagena Cathedral,architecturalStyle,Baroque,Cartagena Cathedral
Cartagena Cathedral,hasFeature,bell tower,Cartagena Cathedral
Cartagena Cathedral,hasFeature,nave,Cartagena Cathedral
Cartagena Cathedral,hasFeature,altarpiece,Cartagena Cathedral
Cartagena Cathedral,hasFeature,choir,Cartagena Cathedral
Cartagena Cathedral,hasFeature,baptismal font,Cartagena Cathedral
Cartagena Cathedral,hasStatus,Basilica,Cartagena Cathedral
Cartagena Cathedral,hasStatus,National Monument of Colombia,Cartagena Cathedral
Cartagena Cathedral,damagedBy,Sir Francis Drake's raid,Cartagena Cathedral
Cartagena Cathedral,restoredIn,19th century,Cartagena Cathedral
Cartagena Cathedral,restoredIn,20th century,Cartagena Cathedral
Cartagena Cathedral,partOf,Roman Catholic Archdiocese of Cartagena,Cartagena Cathedral
Cartagena Cathedral,servesAs,seat of the Archbishop of Cartagena,Cartagena Cathedral
Cartagena Cathedral,visitedBy,tourists,Cartagena Cathedral
Cartagena Cathedral,visitedBy,pilgrims,Cartagena Cathedral
Cartagena Cathedral,hasMaterial,stone,Cartagena Cathedral
Cartagena Cathedral,hasMaterial,brick,Cartagena Cathedral
Cartagena Cathedral,hasMaterial,wood,Cartagena Cathedral
Cartagena Cathedral,hasHeight,approximately 30 meters,Cartagena Cathedral
Cartagena Cathedral,hasCapacity,several hundred people,Cartagena Cathedral
Cartagena Cathedral,nearbyLandmark,Plaza de la Proclamación,Cartagena Cathedral
Cartagena Cathedral,nearbyLandmark,Palacio de la Inquisición,Cartagena Cathedral
Cartagena Cathedral,nearbyLandmark,Cartagena's historic center,Cartagena Cathedral
Cartagena Cathedral,influencedBy,Spanish colonial architecture,Cartagena Cathedral
Cartagena Cathedral,influencedBy,European religious architecture,Cartagena Cathedral
Cartagena Cathedral,hasEvent,religious ceremonies,Cartagena Cathedral
Cartagena Cathedral,hasEvent,weddings,Cartagena Cathedral
Cartagena Cathedral,hasEvent,baptisms,Cartagena Cathedral
Cartagena Cathedral,hasEvent,Easter celebrations,Cartagena Cathedral
Cartagena Cathedral,hasEvent,Christmas Mass,Cartagena Cathedral
WeTransfer,instanceOf,Company,WeTransfer
WeTransfer,instanceOf,File hosting service,WeTransfer
WeTransfer,foundedIn,2009,WeTransfer
WeTransfer,foundedBy,Bas Beerens,WeTransfer
WeTransfer,foundedBy,Ronald Hans,WeTransfer
WeTransfer,headquarteredIn,Amsterdam,WeTransfer
WeTransfer,headquarteredIn,Netherlands,WeTransfer
WeTransfer,industry,Technology,WeTransfer
WeTransfer,industry,Cloud storage,WeTransfer
WeTransfer,offersService,File sharing,WeTransfer
WeTransfer,offersService,File transfer,WeTransfer
WeTransfer,offersService,Cloud storage,WeTransfer
WeTransfer,hasWebsite,https://wetransfer.com,WeTransfer
WeTransfer,hasParentCompany,WeTransfer B.V.,WeTransfer
WeTransfer,hasRevenueModel,Freemium,WeTransfer
WeTransfer,hasRevenueModel,Subscription,WeTransfer
WeTransfer,hasFeature,Large file transfer,WeTransfer
WeTransfer,hasFeature,Password protection,WeTransfer
WeTransfer,hasFeature,Expiry date for files,WeTransfer
WeTransfer,hasFeature,Email notifications,WeTransfer
WeTransfer,hasFeature,Customizable download pages,WeTransfer
WeTransfer,hasCompetitor,Dropbox,WeTransfer
WeTransfer,hasCompetitor,Google Drive,WeTransfer
WeTransfer,hasCompetitor,SendGB,WeTransfer
WeTransfer,hasCompetitor,Filemail,WeTransfer
WeTransfer,hasCompetitor,Hightail,WeTransfer
WeTransfer,hasUserBase,Global,WeTransfer
WeTransfer,hasUserBase,Creative professionals,WeTransfer
WeTransfer,hasUserBase,Businesses,WeTransfer
WeTransfer,hasAcquisition,Paper by WeTransfer,WeTransfer
WeTransfer,hasAcquisition,Collect by WeTransfer,WeTransfer
WeTransfer,hasPartnership,Adobe,WeTransfer
WeTransfer,hasPartnership,Apple,WeTransfer
WeTransfer,hasAward,Red Dot Design Award,WeTransfer
WeTransfer,hasAward,Webby Award,WeTransfer
WeTransfer,hasEmployeeCount,Approximately 200,WeTransfer
WeTransfer,hasSlogan,The simplest way to send your files around the world,WeTransfer
WeTransfer,usesTechnology,Cloud computing,WeTransfer
WeTransfer,usesTechnology,Encryption,WeTransfer
WeTransfer,hasDataCenter,Europe,WeTransfer
WeTransfer,hasDataCenter,United States,WeTransfer
WeTransfer,supportsFileFormat,All major file formats,WeTransfer
WeTransfer,hasMobileApp,iOS,WeTransfer
WeTransfer,hasMobileApp,Android,WeTransfer
WeTransfer,hasSubscriptionPlan,WeTransfer Free,WeTransfer
WeTransfer,hasSubscriptionPlan,WeTransfer Pro,WeTransfer
WeTransfer,hasSubscriptionPlan,WeTransfer Premium,WeTransfer
WeTransfer,hasMaxFileSize,2GB (Free),WeTransfer
WeTransfer,hasMaxFileSize,200GB (Pro),WeTransfer
WeTransfer,hasStorageCapacity,1TB (Pro),WeTransfer
WeTransfer,hasStorageCapacity,Unlimited (Premium),WeTransfer
WeTransfer,hasCustomerSupport,Email support,WeTransfer
WeTransfer,hasCustomerSupport,Help center,WeTransfer
WeTransfer,hasSocialMediaPresence,Twitter,WeTransfer
WeTransfer,hasSocialMediaPresence,Facebook,WeTransfer
WeTransfer,hasSocialMediaPresence,Instagram,WeTransfer
WeTransfer,hasSocialMediaPresence,LinkedIn,WeTransfer
"Milbank Arms, Barningham",instanceOf,public house,"Milbank Arms, Barningham"
"Milbank Arms, Barningham",instanceOf,historic building,"Milbank Arms, Barningham"
"Milbank Arms, Barningham",locatedIn,Barningham,"Milbank Arms, Barningham"
"Milbank Arms, Barningham",locatedIn,Richmondshire,"Milbank Arms, Barningham"
"Milbank Arms, Barningham",locatedIn,North Yorkshire,"Milbank Arms, Barningham"
"Milbank Arms, Barningham",locatedIn,England,"Milbank Arms, Barningham"
"Milbank Arms, Barningham",locatedIn,United Kingdom,"Milbank Arms, Barningham"
"Milbank Arms, Barningham",type,country inn,"Milbank Arms, Barningham"
"Milbank Arms, Barningham",established,18th century,"Milbank Arms, Barningham"
"Milbank Arms, Barningham",offers,accommodation,"Milbank Arms, Barningham"
"Milbank Arms, Barningham",offers,dining,"Milbank Arms, Barningham"
"Milbank Arms, Barningham",architecturalStyle,traditional Yorkshire,"Milbank Arms, Barningham"
"Milbank Arms, Barningham",nearbyAttraction,Barningham Moor,"Milbank Arms, Barningham"
"Milbank Arms, Barningham",nearbyAttraction,Swaledale,"Milbank Arms, Barningham"
Forever (Bon Jovi album),instanceOf,music album,Forever (Bon Jovi album)
Forever (Bon Jovi album),artist,Bon Jovi,Forever (Bon Jovi album)
Forever (Bon Jovi album),releaseDate,2009-11-02,Forever (Bon Jovi album)
Forever (Bon Jovi album),genre,rock,Forever (Bon Jovi album)
Forever (Bon Jovi album),genre,hard rock,Forever (Bon Jovi album)
Forever (Bon Jovi album),label,Island Records,Forever (Bon Jovi album)
Forever (Bon Jovi album),producer,John Shanks,Forever (Bon Jovi album)
Forever (Bon Jovi album),producer,Dann Huff,Forever (Bon Jovi album)
Forever (Bon Jovi album),partOfSeries,"100,000,000 Bon Jovi Fans Can't Be Wrong",Forever (Bon Jovi album)
Forever (Bon Jovi album),trackCount,15,Forever (Bon Jovi album)
Forever (Bon Jovi album),length,57:03,Forever (Bon Jovi album)
Forever (Bon Jovi album),containsTrack,The Radio Saved My Life Tonight,Forever (Bon Jovi album)
Forever (Bon Jovi album),containsTrack,Miss Fourth of July,Forever (Bon Jovi album)
Forever (Bon Jovi album),containsTrack,I Love This Town,Forever (Bon Jovi album)
Forever (Bon Jovi album),containsTrack,Put the Boy Back in Cowboy,Forever (Bon Jovi album)
Forever (Bon Jovi album),containsTrack,Real Life,Forever (Bon Jovi album)
Forever (Bon Jovi album),containsTrack,Memphis Lives in Me,Forever (Bon Jovi album)
Forever (Bon Jovi album),containsTrack,Too Much of a Good Thing,Forever (Bon Jovi album)
Forever (Bon Jovi album),containsTrack,Only in My Dreams,Forever (Bon Jovi album)
Forever (Bon Jovi album),containsTrack,The Last Night,Forever (Bon Jovi album)
Forever (Bon Jovi album),containsTrack,Stranger in This Town,Forever (Bon Jovi album)
Forever (Bon Jovi album),containsTrack,Why Aren't You Dead?,Forever (Bon Jovi album)
Forever (Bon Jovi album),containsTrack,Just Older,Forever (Bon Jovi album)
Forever (Bon Jovi album),containsTrack,Someday I'll Be Saturday Night,Forever (Bon Jovi album)
Forever (Bon Jovi album),containsTrack,Good Guys Don't Always Wear White,Forever (Bon Jovi album)
Forever (Bon Jovi album),containsTrack,We Rule the Night,Forever (Bon Jovi album)
2012 World Junior Ice Hockey Championships,instanceOf,sports tournament,2012 World Junior Ice Hockey Championships
2012 World Junior Ice Hockey Championships,instanceOf,IIHF World Junior Championship,2012 World Junior Ice Hockey Championships
2012 World Junior Ice Hockey Championships,sport,ice hockey,2012 World Junior Ice Hockey Championships
2012 World Junior Ice Hockey Championships,edition,36th,2012 World Junior Ice Hockey Championships
2012 World Junior Ice Hockey Championships,startDate,2011-12-26,2012 World Junior Ice Hockey Championships
2012 World Junior Ice Hockey Championships,endDate,2012-01-05,2012 World Junior Ice Hockey Championships
2012 World Junior Ice Hockey Championships,hostCountry,Canada,2012 World Junior Ice Hockey Championships
2012 World Junior Ice Hockey Championships,hostCity,Calgary,2012 World Junior Ice Hockey Championships
2012 World Junior Ice Hockey Championships,hostCity,Edmonton,2012 World Junior Ice Hockey Championships
2012 World Junior Ice Hockey Championships,venue,Scotiabank Saddledome,2012 World Junior Ice Hockey Championships
2012 World Junior Ice Hockey Championships,venue,Rexall Place,2012 World Junior Ice Hockey Championships
2012 World Junior Ice Hockey Championships,participatingTeams,10,2012 World Junior Ice Hockey Championships
2012 World Junior Ice Hockey Championships,champion,Sweden,2012 World Junior Ice Hockey Championships
2012 World Junior Ice Hockey Championships,runnerUp,Russia,2012 World Junior Ice Hockey Championships
2012 World Junior Ice Hockey Championships,thirdPlace,Canada,2012 World Junior Ice Hockey Championships
2012 World Junior Ice Hockey Championships,fourthPlace,Finland,2012 World Junior Ice Hockey Championships
2012 World Junior Ice Hockey Championships,topScorer,Evgeny Kuznetsov,2012 World Junior Ice Hockey Championships
2012 World Junior Ice Hockey Championships,bestGoaltender,Petr Mrázek,2012 World Junior Ice Hockey Championships
2012 World Junior Ice Hockey Championships,bestDefenseman,Brandon Gormley,2012 World Junior Ice Hockey Championships
2012 World Junior Ice Hockey Championships,bestForward,Evgeny Kuznetsov,2012 World Junior Ice Hockey Championships
2012 World Junior Ice Hockey Championships,mostValuablePlayer,Evgeny Kuznetsov,2012 World Junior Ice Hockey Championships
2012 World Junior Ice Hockey Championships,attendance,"455,342",2012 World Junior Ice Hockey Championships
2012 World Junior Ice Hockey Championships,organizer,International Ice Hockey Federation,2012 World Junior Ice Hockey Championships
2012 World Junior Ice Hockey Championships,previousEvent,2011 World Junior Ice Hockey Championships,2012 World Junior Ice Hockey Championships
2012 World Junior Ice Hockey Championships,nextEvent,2013 World Junior Ice Hockey Championships,2012 World Junior Ice Hockey Championships
2012 World Junior Ice Hockey Championships,groupAWinner,Sweden,2012 World Junior Ice Hockey Championships
2012 World Junior Ice Hockey Championships,groupBWinner,Canada,2012 World Junior Ice Hockey Championships
2012 World Junior Ice Hockey Championships,goldMedalGameScore,1-0 (OT),2012 World Junior Ice Hockey Championships
2012 World Junior Ice Hockey Championships,bronzeMedalGameScore,4-0,2012 World Junior Ice Hockey Championships
2012 World Junior Ice Hockey Championships,mascot,Hammer the Hockey Puck,2012 World Junior Ice Hockey Championships
2012 World Junior Ice Hockey Championships,officialSong,None (no official song recorded),2012 World Junior Ice Hockey Championships
2012 World Junior Ice Hockey Championships,broadcastPartner,TSN,2012 World Junior Ice Hockey Championships
2012 World Junior Ice Hockey Championships,broadcastPartner,NHL Network,2012 World Junior Ice Hockey Championships
2012 World Junior Ice Hockey Championships,broadcastPartner,EuroSport,2012 World Junior Ice Hockey Championships
Ohio State Route 292,instanceOf,state highway,Ohio State Route 292
Ohio State Route 292,instanceOf,road,Ohio State Route 292
Ohio State Route 292,locatedIn,Ohio,Ohio State Route 292
Ohio State Route 292,locatedIn,United States,Ohio State Route 292
Ohio State Route 292,routeNumber,292,Ohio State Route 292
Ohio State Route 292,maintainedBy,Ohio Department of Transportation,Ohio State Route 292
Ohio State Route 292,length,10.5 miles,Ohio State Route 292
Ohio State Route 292,length,16.9 kilometers,Ohio State Route 292
Ohio State Route 292,terminus,Ohio State Route 125,Ohio State Route 292
Ohio State Route 292,terminus,Ohio State Route 136,Ohio State Route 292
Ohio State Route 292,passesThrough,Brown County,Ohio State Route 292
Ohio State Route 292,passesThrough,Clermont County,Ohio State Route 292
Ohio State Route 292,established,1939,Ohio State Route 292
Bob Charles (footballer),instanceOf,human,Bob Charles (footballer)
Bob Charles (footballer),instanceOf,footballer,Bob Charles (footballer)
Bob Charles (footballer),fullName,Robert Charles,Bob Charles (footballer)
Bob Charles (footballer),dateOfBirth,1941-03-11,Bob Charles (footballer)
Bob Charles (footballer),placeOfBirth,Wellington,Bob Charles (footballer)
Bob Charles (footballer),countryOfBirth,New Zealand,Bob Charles (footballer)
Bob Charles (footballer),positionPlayed,defender,Bob Charles (footballer)
Bob Charles (footballer),memberOfSportsTeam,Wellington United,Bob Charles (footballer)
Bob Charles (footballer),memberOfSportsTeam,New Zealand national football team,Bob Charles (footballer)
Bob Charles (footballer),sport,association football,Bob Charles (footballer)
Bob Charles (footballer),careerStartYear,1958,Bob Charles (footballer)
Bob Charles (footballer),careerEndYear,1974,Bob Charles (footballer)
Bob Charles (footballer),notableWork,1966 FIFA World Cup qualification,Bob Charles (footballer)
Bob Charles (footballer),awardReceived,New Zealand Football Hall of Fame,Bob Charles (footballer)
Bob Charles (footballer),yearOfInduction,2005,Bob Charles (footballer)
Bob Charles (footballer),nationality,New Zealand,Bob Charles (footballer)
Jim Spencer (curler),instanceOf,Person,Jim Spencer (curler)
Jim Spencer (curler),instanceOf,Curler,Jim Spencer (curler)
Jim Spencer (curler),sport,Curling,Jim Spencer (curler)
Jim Spencer (curler),country,Canada,Jim Spencer (curler)
Jim Spencer (curler),birthPlace,Winnipeg,Jim Spencer (curler)
Jim Spencer (curler),birthPlace,Manitoba,Jim Spencer (curler)
Jim Spencer (curler),birthDate,1950s (exact year unknown),Jim Spencer (curler)
Jim Spencer (curler),team,Manitoba,Jim Spencer (curler)
Jim Spencer (curler),position,Skip,Jim Spencer (curler)
Jim Spencer (curler),event,Brier,Jim Spencer (curler)
Jim Spencer (curler),event,World Men's Curling Championship,Jim Spencer (curler)
Jim Spencer (curler),medal,Gold (1972 Brier),Jim Spencer (curler)
Jim Spencer (curler),medal,Silver (1972 World Men's Curling Championship),Jim Spencer (curler)
Jim Spencer (curler),teammate,Mike Riley,Jim Spencer (curler)
Jim Spencer (curler),teammate,Brian Toews,Jim Spencer (curler)
Jim Spencer (curler),teammate,John Usackis,Jim Spencer (curler)
Jim Spencer (curler),coach,None (self-coached),Jim Spencer (curler)
Jim Spencer (curler),retired,Yes,Jim Spencer (curler)
Jim Spencer (curler),notableFor,Winning the 1972 Brier as skip,Jim Spencer (curler)
Großkrotzenburg,instanceOf,municipality,Großkrotzenburg
Großkrotzenburg,instanceOf,town,Großkrotzenburg
Großkrotzenburg,locatedIn,Main-Kinzig-Kreis,Großkrotzenburg
Großkrotzenburg,locatedIn,Hesse,Großkrotzenburg
Großkrotzenburg,locatedIn,Germany,Großkrotzenburg
Großkrotzenburg,locatedIn,Europe,Großkrotzenburg
Großkrotzenburg,hasPopulation,7500,Großkrotzenburg
Großkrotzenburg,hasPostalCode,63538,Großkrotzenburg
Großkrotzenburg,hasArea,7.45 km²,Großkrotzenburg
Großkrotzenburg,bordersWith,Hainburg,Großkrotzenburg
Großkrotzenburg,bordersWith,Seligenstadt,Großkrotzenburg
Großkrotzenburg,bordersWith,Kahl am Main,Großkrotzenburg
Großkrotzenburg,nearRiver,Main,Großkrotzenburg
Großkrotzenburg,hasMayor,Thorsten Siebert,Großkrotzenburg
Großkrotzenburg,partOf,Frankfurt Rhine-Main Metropolitan Region,Großkrotzenburg
Großkrotzenburg,hasOfficialWebsite,https://www.grosskrotzenburg.de,Großkrotzenburg
Großkrotzenburg,hasDialingCode,+49 6186,Großkrotzenburg
Großkrotzenburg,hasElevation,110 m,Großkrotzenburg
Großkrotzenburg,foundedIn,754 AD,Großkrotzenburg
Großkrotzenburg,hasTwinTown,Bretteville-l'Orgueilleuse (France),Großkrotzenburg
Großkrotzenburg,hasLandmark,St. Laurentius Church,Großkrotzenburg
Großkrotzenburg,hasLandmark,Roman Limes,Großkrotzenburg
Großkrotzenburg,hasEvent,Kerb (annual fair),Großkrotzenburg
Großkrotzenburg,hasSchool,Grundschule Großkrotzenburg,Großkrotzenburg
The Squeaker (1963 film),instanceOf,film,The Squeaker (1963 film)
The Squeaker (1963 film),instanceOf,crime film,The Squeaker (1963 film)
The Squeaker (1963 film),releaseYear,1963,The Squeaker (1963 film)
The Squeaker (1963 film),countryOfOrigin,United Kingdom,The Squeaker (1963 film)
The Squeaker (1963 film),language,English,The Squeaker (1963 film)
The Squeaker (1963 film),director,Wolf Rilla,The Squeaker (1963 film)
The Squeaker (1963 film),screenplayBy,Wolf Rilla,The Squeaker (1963 film)
The Squeaker (1963 film),screenplayBy,Robert Muller,The Squeaker (1963 film)
The Squeaker (1963 film),basedOn,The Squeaker (novel),The Squeaker (1963 film)
The Squeaker (1963 film),authorOfSourceMaterial,Edgar Wallace,The Squeaker (1963 film)
The Squeaker (1963 film),producer,Steven Pallos,The Squeaker (1963 film)
The Squeaker (1963 film),productionCompany,Anglo-Amalgamated,The Squeaker (1963 film)
The Squeaker (1963 film),cinematographyBy,Ernest Day,The Squeaker (1963 film)
The Squeaker (1963 film),editor,Russell Lloyd,The Squeaker (1963 film)
The Squeaker (1963 film),musicBy,Malcolm Lockyer,The Squeaker (1963 film)
The Squeaker (1963 film),starring,Murray Melvin,The Squeaker (1963 film)
The Squeaker (1963 film),starring,Derek Nimmo,The Squeaker (1963 film)
The Squeaker (1963 film),starring,Colin Tapley,The Squeaker (1963 film)
The Squeaker (1963 film),starring,Fritz Tillmann,The Squeaker (1963 film)
The Squeaker (1963 film),starring,Nadia Gray,The Squeaker (1963 film)
The Squeaker (1963 film),genre,crime,The Squeaker (1963 film)
The Squeaker (1963 film),genre,drama,The Squeaker (1963 film)
The Squeaker (1963 film),genre,mystery,The Squeaker (1963 film)
The Squeaker (1963 film),runtimeMinutes,93,The Squeaker (1963 film)
The Squeaker (1963 film),color,black and white,The Squeaker (1963 film)
The Squeaker (1963 film),alternativeTitle,Der Zinker (German release),The Squeaker (1963 film)
Durga Shanker Mishra,instanceOf,Person,Durga Shanker Mishra
Durga Shanker Mishra,instanceOf,Indian Administrative Service Officer,Durga Shanker Mishra
Durga Shanker Mishra,occupation,Civil Servant,Durga Shanker Mishra
Durga Shanker Mishra,birthDate,1960-07-15,Durga Shanker Mishra
Durga Shanker Mishra,birthPlace,"Uttar Pradesh, India",Durga Shanker Mishra
Durga Shanker Mishra,nationality,Indian,Durga Shanker Mishra
Durga Shanker Mishra,education,Indian Institute of Technology (IIT) Kanpur,Durga Shanker Mishra
Durga Shanker Mishra,education,University of Oxford,Durga Shanker Mishra
Durga Shanker Mishra,positionHeld,"Secretary, Ministry of Housing and Urban Affairs, Government of India",Durga Shanker Mishra
Durga Shanker Mishra,positionHeld,"Chief Secretary, Government of Uttar Pradesh",Durga Shanker Mishra
Durga Shanker Mishra,positionHeld,"Divisional Commissioner, Gorakhpur Division",Durga Shanker Mishra
Durga Shanker Mishra,awardReceived,Prime Minister's Award for Excellence in Public Administration,Durga Shanker Mishra
Durga Shanker Mishra,notableWork,Implementation of Pradhan Mantri Awas Yojana (PMAY),Durga Shanker Mishra
Durga Shanker Mishra,notableWork,Smart Cities Mission,Durga Shanker Mishra
Durga Shanker Mishra,notableWork,Atal Mission for Rejuvenation and Urban Transformation (AMRUT),Durga Shanker Mishra
Nuraghe Genna Maria,instanceOf,nuraghe,Nuraghe Genna Maria
Nuraghe Genna Maria,instanceOf,archaeological site,Nuraghe Genna Maria
Nuraghe Genna Maria,locatedIn,Villanovaforru,Nuraghe Genna Maria
Nuraghe Genna Maria,locatedIn,Sardinia,Nuraghe Genna Maria
Nuraghe Genna Maria,locatedIn,Italy,Nuraghe Genna Maria
Nuraghe Genna Maria,country,Italy,Nuraghe Genna Maria
Nuraghe Genna Maria,region,Sardinia,Nuraghe Genna Maria
Nuraghe Genna Maria,province,South Sardinia,Nuraghe Genna Maria
Nuraghe Genna Maria,municipality,Villanovaforru,Nuraghe Genna Maria
Nuraghe Genna Maria,coordinates,"39.6333°N, 8.8667°E",Nuraghe Genna Maria
Nuraghe Genna Maria,culturalPeriod,Nuragic civilization,Nuraghe Genna Maria
Nuraghe Genna Maria,timePeriod,Bronze Age,Nuraghe Genna Maria
Nuraghe Genna Maria,constructionDate,circa 1500–1200 BCE,Nuraghe Genna Maria
Nuraghe Genna Maria,architecturalStyle,Nuragic architecture,Nuraghe Genna Maria
Nuraghe Genna Maria,material,basalt,Nuraghe Genna Maria
Nuraghe Genna Maria,material,limestone,Nuraghe Genna Maria
Nuraghe Genna Maria,type,complex nuraghe,Nuraghe Genna Maria
Nuraghe Genna Maria,features,central tower,Nuraghe Genna Maria
Nuraghe Genna Maria,features,courtyard,Nuraghe Genna Maria
Nuraghe Genna Maria,features,surrounding village,Nuraghe Genna Maria
Nuraghe Genna Maria,discoveryDate,19th century,Nuraghe Genna Maria
Nuraghe Genna Maria,excavationDate,20th century,Nuraghe Genna Maria
Nuraghe Genna Maria,managedBy,"Soprintendenza Archeologia, Belle Arti e Paesaggio per la città metropolitana di Cagliari e le province di Oristano e Sud Sardegna",Nuraghe Genna Maria
Nuraghe Genna Maria,accessibility,public,Nuraghe Genna Maria
Nuraghe Genna Maria,nearbyAttractions,Archaeological Museum of Villanovaforru,Nuraghe Genna Maria
Nuraghe Genna Maria,significance,important example of Nuragic civilization,Nuraghe Genna Maria
Park Ji-hyun (curler),instanceOf,human,Park Ji-hyun (curler)
Park Ji-hyun (curler),instanceOf,athlete,Park Ji-hyun (curler)
Park Ji-hyun (curler),instanceOf,curler,Park Ji-hyun (curler)
Park Ji-hyun (curler),occupation,curler,Park Ji-hyun (curler)
Park Ji-hyun (curler),sport,curling,Park Ji-hyun (curler)
Park Ji-hyun (curler),countryOfCitizenship,South Korea,Park Ji-hyun (curler)
Park Ji-hyun (curler),birthDate,1994-01-07,Park Ji-hyun (curler)
Park Ji-hyun (curler),memberOfSportsTeam,South Korean national curling team,Park Ji-hyun (curler)
Park Ji-hyun (curler),participatedIn,2018 Winter Olympics,Park Ji-hyun (curler)
Park Ji-hyun (curler),awardReceived,Olympic silver medal,Park Ji-hyun (curler)
Park Ji-hyun (curler),awardReceivedEvent,2018 Winter Olympics (women's curling),Park Ji-hyun (curler)
Park Ji-hyun (curler),positionPlayedOnTeam,lead,Park Ji-hyun (curler)
Park Ji-hyun (curler),teammate,Kim Eun-jung (curler),Park Ji-hyun (curler)
Park Ji-hyun (curler),teammate,Kim Kyeong-ae (curler),Park Ji-hyun (curler)
Park Ji-hyun (curler),teammate,Kim Seon-yeong (curler),Park Ji-hyun (curler)
Park Ji-hyun (curler),teammate,Kim Cho-hi (curler),Park Ji-hyun (curler)
Zapolyariye,instanceOf,geographical region,Zapolyariye
Zapolyariye,instanceOf,administrative division,Zapolyariye
Zapolyariye,locatedIn,Russia,Zapolyariye
Zapolyariye,locatedIn,Nenets Autonomous Okrug,Zapolyariye
Zapolyariye,partOf,Arkhangelsk Oblast,Zapolyariye
Zapolyariye,type,urban locality,Zapolyariye
Zapolyariye,administrativeCenterOf,Zapolyarny District,Zapolyariye
Zapolyariye,population,"approximately 1,500 (as of recent estimates)",Zapolyariye
Zapolyariye,locatedNear,Barents Sea,Zapolyariye
Zapolyariye,climate,Arctic,Zapolyariye
Zapolyariye,timeZone,"Moscow Time (MSK, UTC+3)",Zapolyariye
Zapolyariye,federalSubject,Nenets Autonomous Okrug,Zapolyariye
Saxton Oval,instanceOf,cricket ground,Saxton Oval
Saxton Oval,instanceOf,sports venue,Saxton Oval
Saxton Oval,location,"Nelson, New Zealand",Saxton Oval
Saxton Oval,coordinates,41°17′20″S 173°13′10″E,Saxton Oval
Saxton Oval,opened,2009,Saxton Oval
Saxton Oval,capacity,"6,000",Saxton Oval
Saxton Oval,homeTo,Central Districts cricket team,Saxton Oval
Saxton Oval,hostedEvent,2015 Cricket World Cup,Saxton Oval
Saxton Oval,hostedEvent,2022 Women's Cricket World Cup,Saxton Oval
Saxton Oval,surface,grass,Saxton Oval
Saxton Oval,alsoKnownAs,Saxton Field,Saxton Oval
Saxton Oval,partOf,Saxton Sports Complex,Saxton Oval
Rodriguésia (journal),instanceOf,scientific journal,Rodriguésia (journal)
Rodriguésia (journal),field,botany,Rodriguésia (journal)
Rodriguésia (journal),field,taxonomy,Rodriguésia (journal)
Rodriguésia (journal),publisher,Rio de Janeiro Botanical Garden,Rodriguésia (journal)
Rodriguésia (journal),language,Portuguese,Rodriguésia (journal)
Rodriguésia (journal),language,English,Rodriguésia (journal)
Rodriguésia (journal),founded,1935,Rodriguésia (journal)
Rodriguésia (journal),frequency,quarterly,Rodriguésia (journal)
Rodriguésia (journal),openAccess,yes,Rodriguésia (journal)
Rodriguésia (journal),ISSN,0370-6583 (print),Rodriguésia (journal)
Rodriguésia (journal),ISSN,2175-7860 (online),Rodriguésia (journal)
Rodriguésia (journal),indexedIn,Scopus,Rodriguésia (journal)
Rodriguésia (journal),indexedIn,Web of Science,Rodriguésia (journal)
Rodriguésia (journal),indexedIn,Latindex,Rodriguésia (journal)
Rodriguésia (journal),indexedIn,DOAJ,Rodriguésia (journal)
Rodriguésia (journal),country,Brazil,Rodriguésia (journal)
Rodriguésia (journal),website,https://rodriguesia.jbrj.gov.br/,Rodriguésia (journal)
Rodriguésia (journal),namedAfter,João Barbosa Rodrigues,Rodriguésia (journal)
Rodriguésia (journal),subjectArea,plant systematics,Rodriguésia (journal)
Rodriguésia (journal),subjectArea,floristics,Rodriguésia (journal)
Rodriguésia (journal),subjectArea,ethnobotany,Rodriguésia (journal)
Rodriguésia (journal),subjectArea,conservation,Rodriguésia (journal)
Dunfermline and Dollar,instanceOf,Scottish parliamentary constituency,Dunfermline and Dollar
Dunfermline and Dollar,instanceOf,former constituency,Dunfermline and Dollar
Dunfermline and Dollar,country,United Kingdom,Dunfermline and Dollar
Dunfermline and Dollar,partOf,Scotland,Dunfermline and Dollar
Dunfermline and Dollar,replacedBy,Dunfermline,Dunfermline and Dollar
Dunfermline and Dollar,replacedBy,Ochil,Dunfermline and Dollar
Dunfermline and Dollar,existedFrom,1983,Dunfermline and Dollar
Dunfermline and Dollar,existedUntil,2005,Dunfermline and Dollar
Dunfermline and Dollar,electoralSystem,First-past-the-post,Dunfermline and Dollar
Dunfermline and Dollar,memberOfParliament,Dick Douglas (1983–1987),Dunfermline and Dollar
Dunfermline and Dollar,memberOfParliament,Rachel Squire (1992–2005),Dunfermline and Dollar
Dunfermline and Dollar,successorConstituency,Dunfermline,Dunfermline and Dollar
Dunfermline and Dollar,successorConstituency,Ochil,Dunfermline and Dollar
Dunfermline and Dollar,includesArea,Dunfermline,Dunfermline and Dollar
Dunfermline and Dollar,includesArea,Dollar,Dunfermline and Dollar
Dunfermline and Dollar,includesArea,Inverkeithing,Dunfermline and Dollar
Dunfermline and Dollar,includesArea,Rosyth,Dunfermline and Dollar
Dunfermline and Dollar,includesArea,Kincardine,Dunfermline and Dollar
Lesser amberjack,instanceOf,fish,Lesser amberjack
Lesser amberjack,instanceOf,marine animal,Lesser amberjack
Lesser amberjack,scientificName,Seriola fasciata,Lesser amberjack
Lesser amberjack,family,Carangidae,Lesser amberjack
Lesser amberjack,genus,Seriola,Lesser amberjack
Lesser amberjack,habitat,tropical and subtropical waters,Lesser amberjack
Lesser amberjack,habitat,Atlantic Ocean,Lesser amberjack
Lesser amberjack,habitat,Gulf of Mexico,Lesser amberjack
Lesser amberjack,habitat,Mediterranean Sea,Lesser amberjack
Lesser amberjack,diet,small fish,Lesser amberjack
Lesser amberjack,diet,squid,Lesser amberjack
Lesser amberjack,diet,crustaceans,Lesser amberjack
Lesser amberjack,predators,larger fish,Lesser amberjack
Lesser amberjack,predators,sharks,Lesser amberjack
Lesser amberjack,averageLength,up to 50 cm,Lesser amberjack
Lesser amberjack,averageWeight,up to 1.5 kg,Lesser amberjack
Lesser amberjack,coloration,silvery with a yellowish or amber stripe,Lesser amberjack
Lesser amberjack,lifespan,up to 10 years,Lesser amberjack
Lesser amberjack,conservationStatus,Least Concern,Lesser amberjack
Lesser amberjack,commercialImportance,minor commercial fishery,Lesser amberjack
Lesser amberjack,recreationalImportance,game fish,Lesser amberjack
Robert Hurley (swimmer),instanceOf,human,Robert Hurley (swimmer)
Robert Hurley (swimmer),instanceOf,swimmer,Robert Hurley (swimmer)
Robert Hurley (swimmer),birthDate,1988-09-26,Robert Hurley (swimmer)
Robert Hurley (swimmer),birthPlace,Melbourne,Robert Hurley (swimmer)
Robert Hurley (swimmer),birthPlace,Australia,Robert Hurley (swimmer)
Robert Hurley (swimmer),countryRepresented,Australia,Robert Hurley (swimmer)
Robert Hurley (swimmer),sport,swimming,Robert Hurley (swimmer)
Robert Hurley (swimmer),event,backstroke,Robert Hurley (swimmer)
Robert Hurley (swimmer),event,freestyle,Robert Hurley (swimmer)
Robert Hurley (swimmer),event,medley,Robert Hurley (swimmer)
Robert Hurley (swimmer),medal,"gold (2006 Commonwealth Games, 4x100m freestyle relay)",Robert Hurley (swimmer)
Robert Hurley (swimmer),medal,"silver (2006 Commonwealth Games, 4x200m freestyle relay)",Robert Hurley (swimmer)
Robert Hurley (swimmer),medal,"bronze (2010 Commonwealth Games, 50m backstroke)",Robert Hurley (swimmer)
Robert Hurley (swimmer),medal,"bronze (2010 Commonwealth Games, 4x100m medley relay)",Robert Hurley (swimmer)
Robert Hurley (swimmer),coach,Leigh Nugent,Robert Hurley (swimmer)
Robert Hurley (swimmer),club,Nunawading Swimming Club,Robert Hurley (swimmer)
Robert Hurley (swimmer),height,1.93 m,Robert Hurley (swimmer)
Robert Hurley (swimmer),retired,2016,Robert Hurley (swimmer)
Robert Hurley (swimmer),education,Deakin University,Robert Hurley (swimmer)
Robert Hurley (swimmer),award,Australian Swimming Championships (multiple medals),Robert Hurley (swimmer)
Robert Hurley (swimmer),worldRecord,"4x100m freestyle relay (2008, short course)",Robert Hurley (swimmer)
Robert Hurley (swimmer),olympicParticipation,2008 Beijing Olympics,Robert Hurley (swimmer)
Robert Hurley (swimmer),olympicParticipation,2012 London Olympics,Robert Hurley (swimmer)
Robert Hurley (swimmer),worldChampionships,"2009 Rome (4x100m freestyle relay, 4th place)",Robert Hurley (swimmer)
Robert Hurley (swimmer),worldChampionships,"2011 Shanghai (4x100m medley relay, 5th place)",Robert Hurley (swimmer)
2012 Stockport Metropolitan Borough Council election,instanceOf,local election,2012 Stockport Metropolitan Borough Council election
2012 Stockport Metropolitan Borough Council election,instanceOf,political event,2012 Stockport Metropolitan Borough Council election
2012 Stockport Metropolitan Borough Council election,location,Stockport Metropolitan Borough Council,2012 Stockport Metropolitan Borough Council election
2012 Stockport Metropolitan Borough Council election,location,Greater Manchester,2012 Stockport Metropolitan Borough Council election
2012 Stockport Metropolitan Borough Council election,location,England,2012 Stockport Metropolitan Borough Council election
2012 Stockport Metropolitan Borough Council election,date,2012-05-03,2012 Stockport Metropolitan Borough Council election
2012 Stockport Metropolitan Borough Council election,partOf,2012 United Kingdom local elections,2012 Stockport Metropolitan Borough Council election
2012 Stockport Metropolitan Borough Council election,elects,councillors of Stockport Metropolitan Borough Council,2012 Stockport Metropolitan Borough Council election
2012 Stockport Metropolitan Borough Council election,numberOfSeats,21,2012 Stockport Metropolitan Borough Council election
2012 Stockport Metropolitan Borough Council election,votingSystem,first-past-the-post,2012 Stockport Metropolitan Borough Council election
2012 Stockport Metropolitan Borough Council election,previousEvent,2011 Stockport Metropolitan Borough Council election,2012 Stockport Metropolitan Borough Council election
2012 Stockport Metropolitan Borough Council election,nextEvent,2014 Stockport Metropolitan Borough Council election,2012 Stockport Metropolitan Borough Council election
2012 Stockport Metropolitan Borough Council election,result,Liberal Democrats retained control,2012 Stockport Metropolitan Borough Council election
2012 Stockport Metropolitan Borough Council election,seatsWonByParty,Liberal Democrats: 9,2012 Stockport Metropolitan Borough Council election
2012 Stockport Metropolitan Borough Council election,seatsWonByParty,Labour: 7,2012 Stockport Metropolitan Borough Council election
2012 Stockport Metropolitan Borough Council election,seatsWonByParty,Conservative: 4,2012 Stockport Metropolitan Borough Council election
2012 Stockport Metropolitan Borough Council election,seatsWonByParty,People Matter: 1,2012 Stockport Metropolitan Borough Council election
2010–11 Kent State Golden Flashes men's basketball team,instanceOf,college basketball team,2010–11 Kent State Golden Flashes men's basketball team
2010–11 Kent State Golden Flashes men's basketball team,sport,basketball,2010–11 Kent State Golden Flashes men's basketball team
2010–11 Kent State Golden Flashes men's basketball team,gender,men's,2010–11 Kent State Golden Flashes men's basketball team
2010–11 Kent State Golden Flashes men's basketball team,season,2010–11,2010–11 Kent State Golden Flashes men's basketball team
2010–11 Kent State Golden Flashes men's basketball team,affiliation,Kent State University,2010–11 Kent State Golden Flashes men's basketball team
2010–11 Kent State Golden Flashes men's basketball team,conference,Mid-American Conference (MAC),2010–11 Kent State Golden Flashes men's basketball team
2010–11 Kent State Golden Flashes men's basketball team,headCoach,Geno Ford,2010–11 Kent State Golden Flashes men's basketball team
2010–11 Kent State Golden Flashes men's basketball team,homeVenue,Memorial Athletic and Convocation Center,2010–11 Kent State Golden Flashes men's basketball team
2010–11 Kent State Golden Flashes men's basketball team,record,23–12,2010–11 Kent State Golden Flashes men's basketball team
2010–11 Kent State Golden Flashes men's basketball team,conferenceRecord,12–4,2010–11 Kent State Golden Flashes men's basketball team
2010–11 Kent State Golden Flashes men's basketball team,conferenceTournamentResult,champion,2010–11 Kent State Golden Flashes men's basketball team
2010–11 Kent State Golden Flashes men's basketball team,NCAATournamentResult,First Round,2010–11 Kent State Golden Flashes men's basketball team
2010–11 Kent State Golden Flashes men's basketball team,NCAASeed,15,2010–11 Kent State Golden Flashes men's basketball team
2010–11 Kent State Golden Flashes men's basketball team,notablePlayer,Justin Greene,2010–11 Kent State Golden Flashes men's basketball team
2010–11 Kent State Golden Flashes men's basketball team,notablePlayer,Carlton Guyton,2010–11 Kent State Golden Flashes men's basketball team
2010–11 Kent State Golden Flashes men's basketball team,notablePlayer,Rodney Hawkins,2010–11 Kent State Golden Flashes men's basketball team
2010–11 Kent State Golden Flashes men's basketball team,awardWinner,Justin Greene (MAC Player of the Year),2010–11 Kent State Golden Flashes men's basketball team
Kent State University,instanceOf,public university,2010–11 Kent State Golden Flashes men's basketball team
Kent State University,location,"Kent, Ohio",2010–11 Kent State Golden Flashes men's basketball team
Kent State University,mascot,Golden Flashes,2010–11 Kent State Golden Flashes men's basketball team
Geno Ford,instanceOf,basketball coach,2010–11 Kent State Golden Flashes men's basketball team
Geno Ford,position,head coach,2010–11 Kent State Golden Flashes men's basketball team
Memorial Athletic and Convocation Center,instanceOf,sports arena,2010–11 Kent State Golden Flashes men's basketball team
Memorial Athletic and Convocation Center,location,"Kent, Ohio",2010–11 Kent State Golden Flashes men's basketball team
Memorial Athletic and Convocation Center,capacity,"6,327",2010–11 Kent State Golden Flashes men's basketball team
Mid-American Conference (MAC),instanceOf,collegiate athletic conference,2010–11 Kent State Golden Flashes men's basketball team
Mid-American Conference (MAC),sport,multi-sport,2010–11 Kent State Golden Flashes men's basketball team
Justin Greene,instanceOf,basketball player,2010–11 Kent State Golden Flashes men's basketball team
Justin Greene,position,forward,2010–11 Kent State Golden Flashes men's basketball team
Carlton Guyton,instanceOf,basketball player,2010–11 Kent State Golden Flashes men's basketball team
Carlton Guyton,position,guard,2010–11 Kent State Golden Flashes men's basketball team
Rodney Hawkins,instanceOf,basketball player,2010–11 Kent State Golden Flashes men's basketball team
Rodney Hawkins,position,forward,2010–11 Kent State Golden Flashes men's basketball team
North Central Hardwood Forests,instanceOf,temperate broadleaf and mixed forest ecoregion,North Central Hardwood Forests
North Central Hardwood Forests,instanceOf,ecological region,North Central Hardwood Forests
North Central Hardwood Forests,locatedIn,United States,North Central Hardwood Forests
North Central Hardwood Forests,locatedIn,Upper Midwest,North Central Hardwood Forests
North Central Hardwood Forests,spans,Minnesota,North Central Hardwood Forests
North Central Hardwood Forests,spans,Wisconsin,North Central Hardwood Forests
North Central Hardwood Forests,spans,Michigan,North Central Hardwood Forests
North Central Hardwood Forests,dominantTreeSpecies,sugar maple,North Central Hardwood Forests
North Central Hardwood Forests,dominantTreeSpecies,American basswood,North Central Hardwood Forests
North Central Hardwood Forests,dominantTreeSpecies,red oak,North Central Hardwood Forests
North Central Hardwood Forests,dominantTreeSpecies,white oak,North Central Hardwood Forests
North Central Hardwood Forests,dominantTreeSpecies,eastern white pine,North Central Hardwood Forests
North Central Hardwood Forests,climateType,humid continental,North Central Hardwood Forests
North Central Hardwood Forests,soilType,alfisols,North Central Hardwood Forests
North Central Hardwood Forests,soilType,spodosols,North Central Hardwood Forests
North Central Hardwood Forests,notableFeature,Great Lakes influence on climate,North Central Hardwood Forests
North Central Hardwood Forests,notableFeature,glacial landforms,North Central Hardwood Forests
North Central Hardwood Forests,threatenedBy,deforestation,North Central Hardwood Forests
North Central Hardwood Forests,threatenedBy,urbanization,North Central Hardwood Forests
North Central Hardwood Forests,threatenedBy,invasive species,North Central Hardwood Forests
North Central Hardwood Forests,conservationStatus,vulnerable,North Central Hardwood Forests
North Central Hardwood Forests,partOf,Eastern Temperate Forests,North Central Hardwood Forests
North Central Hardwood Forests,biodiversityHotspotFor,mammals,North Central Hardwood Forests
North Central Hardwood Forests,biodiversityHotspotFor,birds,North Central Hardwood Forests
North Central Hardwood Forests,biodiversityHotspotFor,amphibians,North Central Hardwood Forests
North Central Hardwood Forests,notableSpecies,white-tailed deer,North Central Hardwood Forests
North Central Hardwood Forests,notableSpecies,black bear,North Central Hardwood Forests
North Central Hardwood Forests,notableSpecies,ruffed grouse,North Central Hardwood Forests
North Central Hardwood Forests,notableSpecies,wood thrush,North Central Hardwood Forests
North Central Hardwood Forests,notableSpecies,eastern chipmunk,North Central Hardwood Forests
North Central Hardwood Forests,humanUse,timber production,North Central Hardwood Forests
North Central Hardwood Forests,humanUse,recreation,North Central Hardwood Forests
North Central Hardwood Forests,humanUse,hunting,North Central Hardwood Forests
North Central Hardwood Forests,protectedAreaWithin,Chequamegon-Nicolet National Forest,North Central Hardwood Forests
North Central Hardwood Forests,protectedAreaWithin,Huron-Manistee National Forests,North Central Hardwood Forests
North Central Hardwood Forests,protectedAreaWithin,Porcupine Mountains Wilderness State Park,North Central Hardwood Forests
Gaspar de Bono,instanceOf,human,Gaspar de Bono
Gaspar de Bono,instanceOf,saint,Gaspar de Bono
Gaspar de Bono,fullName,Gaspar de Bono y Monte,Gaspar de Bono
Gaspar de Bono,dateOfBirth,1530-01-05,Gaspar de Bono
Gaspar de Bono,placeOfBirth,Valencia,Gaspar de Bono
Gaspar de Bono,dateOfDeath,1604-07-14,Gaspar de Bono
Gaspar de Bono,placeOfDeath,Valencia,Gaspar de Bono
Gaspar de Bono,countryOfCitizenship,Spain,Gaspar de Bono
Gaspar de Bono,religion,Catholicism,Gaspar de Bono
Gaspar de Bono,occupation,priest,Gaspar de Bono
Gaspar de Bono,occupation,monk,Gaspar de Bono
Gaspar de Bono,memberOf,Order of Minims,Gaspar de Bono
Gaspar de Bono,canonizationStatus,beatified,Gaspar de Bono
Gaspar de Bono,beatifiedBy,Pope Pius VI,Gaspar de Bono
Gaspar de Bono,beatificationDate,1786-09-10,Gaspar de Bono
Gaspar de Bono,feastDay,July 14,Gaspar de Bono
Gaspar de Bono,notableWork,Spiritual writings,Gaspar de Bono
Gaspar de Bono,associatedWith,Francis of Paola,Gaspar de Bono
Gaspar de Bono,language,Spanish,Gaspar de Bono
Gaspar de Bono,educatedAt,University of Valencia,Gaspar de Bono
Black-capped foliage-gleaner,instanceOf,bird,Black-capped foliage-gleaner
Black-capped foliage-gleaner,instanceOf,species,Black-capped foliage-gleaner
Black-capped foliage-gleaner,scientificName,Philydor atricapillus,Black-capped foliage-gleaner
Black-capped foliage-gleaner,family,Furnariidae,Black-capped foliage-gleaner
Black-capped foliage-gleaner,order,Passeriformes,Black-capped foliage-gleaner
Black-capped foliage-gleaner,habitat,tropical forests,Black-capped foliage-gleaner
Black-capped foliage-gleaner,habitat,subtropical forests,Black-capped foliage-gleaner
Black-capped foliage-gleaner,nativeTo,South America,Black-capped foliage-gleaner
Black-capped foliage-gleaner,nativeTo,Brazil,Black-capped foliage-gleaner
Black-capped foliage-gleaner,nativeTo,Paraguay,Black-capped foliage-gleaner
Black-capped foliage-gleaner,nativeTo,Argentina,Black-capped foliage-gleaner
Black-capped foliage-gleaner,diet,insects,Black-capped foliage-gleaner
Black-capped foliage-gleaner,diet,arthropods,Black-capped foliage-gleaner
Black-capped foliage-gleaner,foragingBehavior,gleaning,Black-capped foliage-gleaner
Black-capped foliage-gleaner,conservationStatus,Least Concern,Black-capped foliage-gleaner
Black-capped foliage-gleaner,length,18 cm,Black-capped foliage-gleaner
Black-capped foliage-gleaner,distinctiveFeature,black cap,Black-capped foliage-gleaner
Black-capped foliage-gleaner,distinctiveFeature,rufous-brown plumage,Black-capped foliage-gleaner
Black-capped foliage-gleaner,vocalization,series of sharp notes,Black-capped foliage-gleaner
Tony Ford (rugby league),instanceOf,Person,Tony Ford (rugby league)
Tony Ford (rugby league),instanceOf,Rugby league footballer,Tony Ford (rugby league)
Tony Ford (rugby league),fullName,Anthony Ford,Tony Ford (rugby league)
Tony Ford (rugby league),dateOfBirth,1964-03-12,Tony Ford (rugby league)
Tony Ford (rugby league),placeOfBirth,"Wigan, England",Tony Ford (rugby league)
Tony Ford (rugby league),position,Scrum-half,Tony Ford (rugby league)
Tony Ford (rugby league),playedFor,Wigan Warriors,Tony Ford (rugby league)
Tony Ford (rugby league),playedFor,Widnes Vikings,Tony Ford (rugby league)
Tony Ford (rugby league),playedFor,St. Helens R.F.C.,Tony Ford (rugby league)
Tony Ford (rugby league),playedFor,Oldham R.L.F.C.,Tony Ford (rugby league)
Tony Ford (rugby league),playedFor,Leigh Centurions,Tony Ford (rugby league)
Tony Ford (rugby league),careerStartYear,1982,Tony Ford (rugby league)
Tony Ford (rugby league),careerEndYear,1998,Tony Ford (rugby league)
Tony Ford (rugby league),notableAchievement,"Won the Challenge Cup with Wigan in 1985, 1988, 1989, and 1990",Tony Ford (rugby league)
Tony Ford (rugby league),notableAchievement,"Won the League Championship with Wigan in 1987, 1990, 1991, and 1992",Tony Ford (rugby league)
Tony Ford (rugby league),notableAchievement,Won the World Club Challenge with Wigan in 1987 and 1991,Tony Ford (rugby league)
Tony Ford (rugby league),award,Man of Steel Award (1989),Tony Ford (rugby league)
Tony Ford (rugby league),award,Lance Todd Trophy (1985),Tony Ford (rugby league)
Tony Ford (rugby league),nationality,British,Tony Ford (rugby league)
Tony Ford (rugby league),height,1.73 m (5 ft 8 in),Tony Ford (rugby league)
Chengdu J-20,instanceOf,fighter aircraft,Chengdu J-20
Chengdu J-20,instanceOf,stealth aircraft,Chengdu J-20
Chengdu J-20,manufacturer,Chengdu Aerospace Corporation,Chengdu J-20
Chengdu J-20,country of origin,China,Chengdu J-20
Chengdu J-20,role,air superiority fighter,Chengdu J-20
Chengdu J-20,role,multirole fighter,Chengdu J-20
Chengdu J-20,introduced,2017,Chengdu J-20
Chengdu J-20,status,in service,Chengdu J-20
Chengdu J-20,primary user,People's Liberation Army Air Force,Chengdu J-20
Chengdu J-20,crew,1,Chengdu J-20
Chengdu J-20,length,20.4 meters,Chengdu J-20
Chengdu J-20,wingspan,13.5 meters,Chengdu J-20
Chengdu J-20,height,4.45 meters,Chengdu J-20
Chengdu J-20,empty weight,17000 kilograms,Chengdu J-20
Chengdu J-20,max takeoff weight,37000 kilograms,Chengdu J-20
Chengdu J-20,engine type,turbofan,Chengdu J-20
Chengdu J-20,engine model,WS-10C,Chengdu J-20
Chengdu J-20,engine model,AL-31FM2,Chengdu J-20
Chengdu J-20,thrust,142 kN (with afterburner),Chengdu J-20
Chengdu J-20,max speed,Mach 2.5+,Chengdu J-20
Chengdu J-20,combat range,1200 kilometers,Chengdu J-20
Chengdu J-20,ferry range,5500 kilometers,Chengdu J-20
Chengdu J-20,service ceiling,20000 meters,Chengdu J-20
Chengdu J-20,g limits,+9/-3,Chengdu J-20
Chengdu J-20,armament,20mm cannon,Chengdu J-20
Chengdu J-20,armament,PL-10 short-range air-to-air missile,Chengdu J-20
Chengdu J-20,armament,PL-15 beyond-visual-range air-to-air missile,Chengdu J-20
Chengdu J-20,armament,air-to-surface missiles,Chengdu J-20
Chengdu J-20,avionics,AESA radar,Chengdu J-20
Chengdu J-20,avionics,infrared search and track (IRST) system,Chengdu J-20
Chengdu J-20,avionics,electro-optical targeting system,Chengdu J-20
Chengdu J-20,first flight,2011-01-11,Chengdu J-20
Chengdu J-20,designer,Yang Wei,Chengdu J-20
Chengdu J-20,predecessor,Chengdu J-10,Chengdu J-20
Chengdu J-20,similar aircraft,Lockheed Martin F-22 Raptor,Chengdu J-20
Chengdu J-20,similar aircraft,Sukhoi Su-57,Chengdu J-20
Chengdu J-20,similar aircraft,Chengdu J-35,Chengdu J-20
Chengdu J-20,nickname,Mighty Dragon,Chengdu J-20
Chengdu J-20,development program,J-XX,Chengdu J-20
Chengdu J-20,operational unit,176th Brigade (PLAAF),Chengdu J-20
Chengdu J-20,operational unit,9th Brigade (PLAAF),Chengdu J-20
Chengdu J-20,stealth features,radar-absorbent materials,Chengdu J-20
Chengdu J-20,stealth features,serrated edges on panels,Chengdu J-20
Chengdu J-20,stealth features,internal weapons bays,Chengdu J-20
Chengdu J-20,upgraded variant,J-20A,Chengdu J-20
Chengdu J-20,upgraded variant,J-20B,Chengdu J-20
Chengdu J-20,upgraded variant,J-20S (twin-seat),Chengdu J-20
Chengdu J-20,notable feature,canard-delta configuration,Chengdu J-20
Chengdu J-20,notable feature,divertless supersonic inlet (DSI),Chengdu J-20
Chengdu J-20,operational status,combat-ready,Chengdu J-20
Rådmandsgade,instanceOf,street,Rådmandsgade
Rådmandsgade,locatedIn,Copenhagen,Rådmandsgade
Rådmandsgade,locatedIn,Denmark,Rådmandsgade
Rådmandsgade,locatedInDistrict,Nørrebro,Rådmandsgade
Rådmandsgade,postalCode,2200,Rådmandsgade
Rådmandsgade,namedAfter,alderman (rådmand),Rådmandsgade
Rådmandsgade,lengthInMeters,approximately 1000,Rådmandsgade
Rådmandsgade,crosses,Nørrebrogade,Rådmandsgade
Rådmandsgade,crosses,Tagensvej,Rådmandsgade
Rådmandsgade,notableFeature,Rådmandsgade School,Rådmandsgade
Rådmandsgade,notableFeature,Nørrebro Park,Rådmandsgade
Rådmandsgade,publicTransport,"Bus lines 5C, 6A, and 18",Rådmandsgade
National Route 306 (Costa Rica),instanceOf,highway,National Route 306 (Costa Rica)
National Route 306 (Costa Rica),instanceOf,national route,National Route 306 (Costa Rica)
National Route 306 (Costa Rica),locatedIn,Costa Rica,National Route 306 (Costa Rica)
National Route 306 (Costa Rica),connects,San José,National Route 306 (Costa Rica)
National Route 306 (Costa Rica),connects,Cartago,National Route 306 (Costa Rica)
National Route 306 (Costa Rica),connects,Paraíso,National Route 306 (Costa Rica)
National Route 306 (Costa Rica),length,approximately 20 kilometers,National Route 306 (Costa Rica)
National Route 306 (Costa Rica),administeredBy,Consejo Nacional de Vialidad (CONAVI),National Route 306 (Costa Rica)
National Route 306 (Costa Rica),partOf,Costa Rican road network,National Route 306 (Costa Rica)
National Route 306 (Costa Rica),routeNumber,306,National Route 306 (Costa Rica)
National Route 306 (Costa Rica),passesThrough,Orosi Valley,National Route 306 (Costa Rica)
National Route 306 (Costa Rica),surfaceType,paved,National Route 306 (Costa Rica)
Études (journal),instanceOf,academic journal,Études (journal)
Études (journal),field,social sciences,Études (journal)
Études (journal),field,humanities,Études (journal)
Études (journal),language,French,Études (journal)
Études (journal),publisher,Centre Sèvres - Facultés jésuites de Paris,Études (journal)
Études (journal),founded,1856,Études (journal)
Études (journal),country,France,Études (journal)
Études (journal),ISSN,0014-1941,Études (journal)
Études (journal),website,https://www.revue-etudes.com/,Études (journal)
Études (journal),editor,Jesuits of France,Études (journal)
Études (journal),frequency,monthly,Études (journal)
Études (journal),focus,philosophy,Études (journal)
Études (journal),focus,theology,Études (journal)
Études (journal),focus,current affairs,Études (journal)
Études (journal),focus,culture,Études (journal)
Études (journal),relatedOrganization,Society of Jesus,Études (journal)
Songpyong-guyok,instanceOf,administrative district,Songpyong-guyok
Songpyong-guyok,instanceOf,gu (North Korean administrative division),Songpyong-guyok
Songpyong-guyok,locatedIn,Hamhung,Songpyong-guyok
Songpyong-guyok,locatedIn,South Hamgyong Province,Songpyong-guyok
Songpyong-guyok,locatedIn,North Korea,Songpyong-guyok
Songpyong-guyok,country,North Korea,Songpyong-guyok
Songpyong-guyok,administrativeStatus,gu (district),Songpyong-guyok
Songpyong-guyok,partOf,Hamhung,Songpyong-guyok
"Friary Church of St Francis and St Anthony, Crawley",instanceOf,church,"Friary Church of St Francis and St Anthony, Crawley"
"Friary Church of St Francis and St Anthony, Crawley",instanceOf,Catholic church,"Friary Church of St Francis and St Anthony, Crawley"
"Friary Church of St Francis and St Anthony, Crawley",locatedIn,Crawley,"Friary Church of St Francis and St Anthony, Crawley"
"Friary Church of St Francis and St Anthony, Crawley",locatedIn,West Sussex,"Friary Church of St Francis and St Anthony, Crawley"
"Friary Church of St Francis and St Anthony, Crawley",locatedIn,England,"Friary Church of St Francis and St Anthony, Crawley"
"Friary Church of St Francis and St Anthony, Crawley",locatedIn,United Kingdom,"Friary Church of St Francis and St Anthony, Crawley"
"Friary Church of St Francis and St Anthony, Crawley",denomination,Roman Catholic,"Friary Church of St Francis and St Anthony, Crawley"
"Friary Church of St Francis and St Anthony, Crawley",dedicatedTo,Saint Francis of Assisi,"Friary Church of St Francis and St Anthony, Crawley"
"Friary Church of St Francis and St Anthony, Crawley",dedicatedTo,Saint Anthony of Padua,"Friary Church of St Francis and St Anthony, Crawley"
"Friary Church of St Francis and St Anthony, Crawley",affiliation,Diocese of Arundel and Brighton,"Friary Church of St Francis and St Anthony, Crawley"
"Friary Church of St Francis and St Anthony, Crawley",architecturalStyle,Modernist,"Friary Church of St Francis and St Anthony, Crawley"
"Friary Church of St Francis and St Anthony, Crawley",completed,1960s,"Friary Church of St Francis and St Anthony, Crawley"
"Friary Church of St Francis and St Anthony, Crawley",servedBy,Franciscan Order,"Friary Church of St Francis and St Anthony, Crawley"
"Friary Church of St Francis and St Anthony, Crawley",hasFeature,friary,"Friary Church of St Francis and St Anthony, Crawley"
"Friary Church of St Francis and St Anthony, Crawley",hasFeature,parish hall,"Friary Church of St Francis and St Anthony, Crawley"
"Friary Church of St Francis and St Anthony, Crawley",hasFeature,garden,"Friary Church of St Francis and St Anthony, Crawley"
"Friary Church of St Francis and St Anthony, Crawley",serves,Crawley Catholic community,"Friary Church of St Francis and St Anthony, Crawley"
Salmo ciscaucasicus,instanceOf,species,Salmo ciscaucasicus
Salmo ciscaucasicus,instanceOf,fish,Salmo ciscaucasicus
Salmo ciscaucasicus,commonName,Ciscaucasian trout,Salmo ciscaucasicus
Salmo ciscaucasicus,taxonRank,species,Salmo ciscaucasicus
Salmo ciscaucasicus,kingdom,Animalia,Salmo ciscaucasicus
Salmo ciscaucasicus,phylum,Chordata,Salmo ciscaucasicus
Salmo ciscaucasicus,class,Actinopterygii,Salmo ciscaucasicus
Salmo ciscaucasicus,order,Salmoniformes,Salmo ciscaucasicus
Salmo ciscaucasicus,family,Salmonidae,Salmo ciscaucasicus
Salmo ciscaucasicus,genus,Salmo,Salmo ciscaucasicus
Salmo ciscaucasicus,nativeTo,Caucasus region,Salmo ciscaucasicus
Salmo ciscaucasicus,nativeTo,Russia,Salmo ciscaucasicus
Salmo ciscaucasicus,habitat,freshwater rivers,Salmo ciscaucasicus
Salmo ciscaucasicus,habitat,mountain streams,Salmo ciscaucasicus
Salmo ciscaucasicus,conservationStatus,Data Deficient (IUCN),Salmo ciscaucasicus
Salmo ciscaucasicus,scientificName,Salmo ciscaucasicus,Salmo ciscaucasicus
Salmo ciscaucasicus,describedBy,"Dorofeeva, 1967",Salmo ciscaucasicus
Salmo ciscaucasicus,relatedTo,Salmo trutta (brown trout),Salmo ciscaucasicus
Salmo ciscaucasicus,diet,invertebrates,Salmo ciscaucasicus
Salmo ciscaucasicus,diet,small fish,Salmo ciscaucasicus
Haris Hajradinović,instanceOf,Person,Haris Hajradinović
Haris Hajradinović,instanceOf,FootballPlayer,Haris Hajradinović
Haris Hajradinović,dateOfBirth,1994-02-18,Haris Hajradinović
Haris Hajradinović,placeOfBirth,Sarajevo,Haris Hajradinović
Haris Hajradinović,countryOfBirth,Bosnia and Herzegovina,Haris Hajradinović
Haris Hajradinović,positionPlayed,Midfielder,Haris Hajradinović
Haris Hajradinović,currentClub,Kasımpaşa,Haris Hajradinović
Haris Hajradinović,clubCountry,Turkey,Haris Hajradinović
Haris Hajradinović,nationalTeam,Bosnia and Herzegovina,Haris Hajradinović
Haris Hajradinović,height,1.83 m,Haris Hajradinović
Haris Hajradinović,formerClub,Željezničar,Haris Hajradinović
Haris Hajradinović,formerClub,Olimpik,Haris Hajradinović
Haris Hajradinović,formerClub,Gent,Haris Hajradinović
Haris Hajradinović,formerClub,Osijek,Haris Hajradinović
Haris Hajradinović,formerClub,Konyaspor,Haris Hajradinović
Haris Hajradinović,debutYear,2010,Haris Hajradinović
2–8a Rutland Gate,instanceOf,residential building,2–8a Rutland Gate
2–8a Rutland Gate,instanceOf,address,2–8a Rutland Gate
2–8a Rutland Gate,locatedIn,London,2–8a Rutland Gate
2–8a Rutland Gate,locatedIn,Kensington and Chelsea,2–8a Rutland Gate
2–8a Rutland Gate,locatedIn,United Kingdom,2–8a Rutland Gate
2–8a Rutland Gate,postalCode,SW7 1BX,2–8a Rutland Gate
2–8a Rutland Gate,architecturalStyle,Victorian,2–8a Rutland Gate
2–8a Rutland Gate,notableResident,Mohammed bin Rashid Al Maktoum,2–8a Rutland Gate
2–8a Rutland Gate,notableResident,Hamdan bin Mohammed Al Maktoum,2–8a Rutland Gate
2–8a Rutland Gate,purchasedBy,Mohammed bin Rashid Al Maktoum,2–8a Rutland Gate
2–8a Rutland Gate,purchaseYear,2015,2–8a Rutland Gate
2–8a Rutland Gate,purchasePrice,£180 million,2–8a Rutland Gate
2–8a Rutland Gate,numberOfFloors,6,2–8a Rutland Gate
2–8a Rutland Gate,numberOfBedrooms,10,2–8a Rutland Gate
2–8a Rutland Gate,hasFeature,indoor swimming pool,2–8a Rutland Gate
2–8a Rutland Gate,hasFeature,private cinema,2–8a Rutland Gate
2–8a Rutland Gate,hasFeature,underground parking,2–8a Rutland Gate
2–8a Rutland Gate,renovatedIn,2016,2–8a Rutland Gate
2–8a Rutland Gate,renovationCost,£50 million,2–8a Rutland Gate
2–8a Rutland Gate,nearbyLandmark,Hyde Park,2–8a Rutland Gate
2–8a Rutland Gate,nearbyLandmark,Harrods,2–8a Rutland Gate
Arp 273,instanceOf,galaxy group,Arp 273
Arp 273,instanceOf,interacting galaxies,Arp 273
Arp 273,locatedIn,Andromeda constellation,Arp 273
Arp 273,partOf,Arp Atlas of Peculiar Galaxies,Arp 273
Arp 273,discoveredBy,Halton Arp,Arp 273
Arp 273,discoveryYear,1966,Arp 273
Arp 273,distanceFromEarth,approximately 300 million light-years,Arp 273
Arp 273,contains,UGC 1810,Arp 273
Arp 273,contains,UGC 1813,Arp 273
UGC 1810,instanceOf,spiral galaxy,Arp 273
UGC 1813,instanceOf,dwarf galaxy,Arp 273
UGC 1810,interactsWith,UGC 1813,Arp 273
Arp 273,shapeDescription,rose-like structure,Arp 273
Arp 273,notableFeature,tidal tails,Arp 273
Arp 273,notableFeature,starburst regions,Arp 273
Arp 273,observedBy,Hubble Space Telescope,Arp 273
Arp 273,imageReleaseYear,2011,Arp 273
Kapantay Ay Langit (film),instanceOf,film,Kapantay Ay Langit (film)
Kapantay Ay Langit (film),genre,drama,Kapantay Ay Langit (film)
Kapantay Ay Langit (film),genre,romance,Kapantay Ay Langit (film)
Kapantay Ay Langit (film),director,Lamberto V. Avellana,Kapantay Ay Langit (film)
Kapantay Ay Langit (film),releaseYear,1953,Kapantay Ay Langit (film)
Kapantay Ay Langit (film),countryOfOrigin,Philippines,Kapantay Ay Langit (film)
Kapantay Ay Langit (film),language,Tagalog,Kapantay Ay Langit (film)
Kapantay Ay Langit (film),basedOn,a novel by Stevan Javellana,Kapantay Ay Langit (film)
Kapantay Ay Langit (film),starring,Alicia Vergel,Kapantay Ay Langit (film)
Kapantay Ay Langit (film),starring,Van de León,Kapantay Ay Langit (film)
Kapantay Ay Langit (film),productionCompany,LVN Pictures,Kapantay Ay Langit (film)
Kapantay Ay Langit (film),award,Best Picture at the 1954 FAMAS Awards,Kapantay Ay Langit (film)
Kapantay Ay Langit (film),award,Best Director (Lamberto V. Avellana) at the 1954 FAMAS Awards,Kapantay Ay Langit (film)
Kapantay Ay Langit (film),award,Best Actress (Alicia Vergel) at the 1954 FAMAS Awards,Kapantay Ay Langit (film)
Qihoo 360,instanceOf,company,Qihoo 360
Qihoo 360,instanceOf,technology company,Qihoo 360
Qihoo 360,headquartersLocation,Beijing,Qihoo 360
Qihoo 360,headquartersLocation,China,Qihoo 360
Qihoo 360,foundedBy,Zhou Hongyi,Qihoo 360
Qihoo 360,foundedBy,Qi Xiangdong,Qihoo 360
Qihoo 360,foundedIn,2005,Qihoo 360
Qihoo 360,industry,cybersecurity,Qihoo 360
Qihoo 360,industry,internet services,Qihoo 360
Qihoo 360,industry,software,Qihoo 360
Qihoo 360,knownFor,360 Safeguard,Qihoo 360
Qihoo 360,knownFor,360 Mobile Safe,Qihoo 360
Qihoo 360,knownFor,360 Search,Qihoo 360
Qihoo 360,knownFor,360 Browser,Qihoo 360
Qihoo 360,subsidiaryOf,360 Security Technology Inc.,Qihoo 360
Qihoo 360,website,www.360.cn,Qihoo 360
Qihoo 360,stockSymbol,601360,Qihoo 360
Qihoo 360,listedOn,Shanghai Stock Exchange,Qihoo 360
Qihoo 360,CEO,Zhou Hongyi,Qihoo 360
Qihoo 360,revenue,CN¥12.5 billion (2020),Qihoo 360
Qihoo 360,numberOfEmployees,"over 5,000",Qihoo 360
Qihoo 360,parentOrganization,360 Security Technology Inc.,Qihoo 360
Qihoo 360,acquired,Anvisoft,Qihoo 360
Qihoo 360,acquired,Psafe,Qihoo 360
Qihoo 360,acquired,Quihoo 360 Technology Co. (private),Qihoo 360
Qihoo 360,product,360 Total Security,Qihoo 360
Qihoo 360,product,360 Antivirus,Qihoo 360
Qihoo 360,product,360 Secure Browser,Qihoo 360
Qihoo 360,product,360 Mobile Assistant,Qihoo 360
Qihoo 360,product,360 WiFi,Qihoo 360
Qihoo 360,product,360 Cloud Drive,Qihoo 360
Qihoo 360,product,360 OS,Qihoo 360
Qihoo 360,competitor,Tencent,Qihoo 360
Qihoo 360,competitor,Baidu,Qihoo 360
Qihoo 360,competitor,Alibaba,Qihoo 360
Qihoo 360,competitor,Kaspersky Lab,Qihoo 360
Qihoo 360,competitor,NortonLifeLock,Qihoo 360
Qihoo 360,legalIssue,antitrust investigation (2014),Qihoo 360
Qihoo 360,legalIssue,privacy concerns,Qihoo 360
Qihoo 360,award,Top 100 Chinese Internet Companies (2019),Qihoo 360
Qihoo 360,partnership,Microsoft,Qihoo 360
Qihoo 360,partnership,Intel,Qihoo 360
Qihoo 360,partnership,Qualcomm,Qihoo 360
Qihoo 360,operatingSystem,360 OS,Qihoo 360
Qihoo 360,operatingSystem,360 Mobile OS,Qihoo 360
Qihoo 360,service,360 Search,Qihoo 360
Qihoo 360,service,360 Cloud,Qihoo 360
Qihoo 360,service,360 Game Center,Qihoo 360
Qihoo 360,service,360 AI,Qihoo 360
Chief Justice of Hungary,instanceOf,judicial position,Chief Justice of Hungary
Chief Justice of Hungary,instanceOf,highest judicial office,Chief Justice of Hungary
Chief Justice of Hungary,partOf,Hungarian judicial system,Chief Justice of Hungary
Chief Justice of Hungary,headOf,Kúria (Supreme Court of Hungary),Chief Justice of Hungary
Chief Justice of Hungary,appointedBy,President of Hungary,Chief Justice of Hungary
Chief Justice of Hungary,termLength,9 years,Chief Justice of Hungary
Chief Justice of Hungary,responsibleFor,ensuring uniform application of law,Chief Justice of Hungary
Chief Justice of Hungary,responsibleFor,overseeing judicial administration,Chief Justice of Hungary
Chief Justice of Hungary,responsibleFor,representing the judiciary,Chief Justice of Hungary
Chief Justice of Hungary,currentHolder,András Varga (as of 2024),Chief Justice of Hungary
Chief Justice of Hungary,predecessor,Péter Darák,Chief Justice of Hungary
Chief Justice of Hungary,establishedIn,1949 (modern form),Chief Justice of Hungary
Chief Justice of Hungary,legalBasis,Hungarian Fundamental Law (Constitution),Chief Justice of Hungary
Chief Justice of Hungary,legalBasis,Act CLXI of 2011 on the Organization and Administration of Courts,Chief Justice of Hungary
Chief Justice of Hungary,reportsTo,National Judicial Council (in some administrative matters),Chief Justice of Hungary
Municipality of Izola,instanceOf,municipality,Municipality of Izola
Municipality of Izola,instanceOf,administrative territorial entity,Municipality of Izola
Municipality of Izola,locatedIn,Slovenia,Municipality of Izola
Municipality of Izola,locatedIn,Istria Statistical Region,Municipality of Izola
Municipality of Izola,hasOfficialName,Občina Izola,Municipality of Izola
Municipality of Izola,hasOfficialLanguage,Slovene,Municipality of Izola
Municipality of Izola,hasMayor,Tomaž Gantar,Municipality of Izola
Municipality of Izola,hasPopulation,16000,Municipality of Izola
Municipality of Izola,hasArea,28.6 km²,Municipality of Izola
Municipality of Izola,hasWebsite,https://www.izola.si,Municipality of Izola
Municipality of Izola,partOf,Coastal-Karst Statistical Region,Municipality of Izola
Municipality of Izola,bordersWith,Municipality of Koper,Municipality of Izola
Municipality of Izola,bordersWith,Municipality of Piran,Municipality of Izola
Municipality of Izola,hasSettlement,Izola,Municipality of Izola
Municipality of Izola,hasSettlement,Dobrava,Municipality of Izola
Municipality of Izola,hasSettlement,Jagodje,Municipality of Izola
Municipality of Izola,hasSettlement,Baredi,Municipality of Izola
Municipality of Izola,hasSettlement,Cetore,Municipality of Izola
Municipality of Izola,hasSettlement,Korte,Municipality of Izola
Municipality of Izola,hasSettlement,Malahorna,Municipality of Izola
Municipality of Izola,hasSettlement,Nožed,Municipality of Izola
Municipality of Izola,hasSettlement,Šared,Municipality of Izola
Municipality of Izola,hasCoastline,Adriatic Sea,Municipality of Izola
Municipality of Izola,hasClimate,Mediterranean climate,Municipality of Izola
Municipality of Izola,hasElevation,28 meters,Municipality of Izola
Municipality of Izola,hasPostalCode,6310,Municipality of Izola
Municipality of Izola,hasDialingCode,+386 5,Municipality of Izola
Municipality of Izola,hasTimeZone,CET (UTC+1),Municipality of Izola
Municipality of Izola,hasTimeZone,CEST (UTC+2),Municipality of Izola
Municipality of Izola,hasTouristAttraction,Parenzana Trail,Municipality of Izola
Municipality of Izola,hasTouristAttraction,Izola Marina,Municipality of Izola
Municipality of Izola,hasTouristAttraction,Manzioli Square,Municipality of Izola
Municipality of Izola,hasTouristAttraction,St. Maurus Church,Municipality of Izola
Municipality of Izola,hasEvent,Izola Fish Festival,Municipality of Izola
Municipality of Izola,hasEvent,Izola Film Festival,Municipality of Izola
Municipality of Izola,hasIndustry,Tourism,Municipality of Izola
Municipality of Izola,hasIndustry,Fishing,Municipality of Izola
Municipality of Izola,hasIndustry,Wine production,Municipality of Izola
Municipality of Izola,hasTransport,Bus,Municipality of Izola
Municipality of Izola,hasTransport,Bicycle paths,Municipality of Izola
Municipality of Izola,hasNearbyAirport,Portorož Airport,Municipality of Izola
Municipality of Izola,hasNearbyCity,Koper,Municipality of Izola
Municipality of Izola,hasNearbyCity,Trieste (Italy),Municipality of Izola
Municipality of Izola,hasNearbyCity,Piran,Municipality of Izola
Saxifraga rufescens,instanceOf,species,Saxifraga rufescens
Saxifraga rufescens,instanceOf,plant,Saxifraga rufescens
Saxifraga rufescens,kingdom,Plantae,Saxifraga rufescens
Saxifraga rufescens,clade,Tracheophytes,Saxifraga rufescens
Saxifraga rufescens,clade,Angiosperms,Saxifraga rufescens
Saxifraga rufescens,clade,Eudicots,Saxifraga rufescens
Saxifraga rufescens,order,Saxifragales,Saxifraga rufescens
Saxifraga rufescens,family,Saxifragaceae,Saxifraga rufescens
Saxifraga rufescens,genus,Saxifraga,Saxifraga rufescens
Saxifraga rufescens,commonName,Reddish Saxifrage,Saxifraga rufescens
Saxifraga rufescens,nativeTo,China,Saxifraga rufescens
Saxifraga rufescens,nativeTo,Himalayas,Saxifraga rufescens
Saxifraga rufescens,habitat,rocky slopes,Saxifraga rufescens
Saxifraga rufescens,habitat,alpine meadows,Saxifraga rufescens
Saxifraga rufescens,flowerColor,white,Saxifraga rufescens
Saxifraga rufescens,flowerColor,pink,Saxifraga rufescens
Saxifraga rufescens,leafArrangement,rosette,Saxifraga rufescens
Saxifraga rufescens,growthForm,perennial,Saxifraga rufescens
Saxifraga rufescens,synonym,Saxifraga rufescens var. flabellifolia,Saxifraga rufescens
Saxifraga rufescens,synonym,Saxifraga rufescens var. uninervia,Saxifraga rufescens
HMS Reindeer (1883),instanceOf,ship,HMS Reindeer (1883)
HMS Reindeer (1883),instanceOf,naval vessel,HMS Reindeer (1883)
HMS Reindeer (1883),instanceOf,gunboat,HMS Reindeer (1883)
HMS Reindeer (1883),country,United Kingdom,HMS Reindeer (1883)
HMS Reindeer (1883),operator,Royal Navy,HMS Reindeer (1883)
HMS Reindeer (1883),class,Algerine-class gunboat,HMS Reindeer (1883)
HMS Reindeer (1883),launched,1883,HMS Reindeer (1883)
HMS Reindeer (1883),displacement,810 tons,HMS Reindeer (1883)
HMS Reindeer (1883),length,155 feet,HMS Reindeer (1883)
HMS Reindeer (1883),beam,29 feet,HMS Reindeer (1883)
HMS Reindeer (1883),draught,10 feet 6 inches,HMS Reindeer (1883)
HMS Reindeer (1883),propulsion,steam engine,HMS Reindeer (1883)
HMS Reindeer (1883),speed,10.5 knots,HMS Reindeer (1883)
HMS Reindeer (1883),complement,91,HMS Reindeer (1883)
HMS Reindeer (1883),armament,2 × 6-inch guns,HMS Reindeer (1883)
HMS Reindeer (1883),armament,4 × 5-inch guns,HMS Reindeer (1883)
HMS Reindeer (1883),armament,2 × machine guns,HMS Reindeer (1883)
HMS Reindeer (1883),fate,Sold for scrap in 1905,HMS Reindeer (1883)
Armadillidae,instanceOf,family of animals,Armadillidae
Armadillidae,instanceOf,taxonomic family,Armadillidae
Armadillidae,commonName,pill bugs,Armadillidae
Armadillidae,commonName,roly-polies,Armadillidae
Armadillidae,kingdom,Animalia,Armadillidae
Armadillidae,phylum,Arthropoda,Armadillidae
Armadillidae,class,Malacostraca,Armadillidae
Armadillidae,order,Isopoda,Armadillidae
Armadillidae,suborder,Oniscidea,Armadillidae
Armadillidae,superfamily,Armadilloidea,Armadillidae
Armadillidae,habitat,terrestrial environments,Armadillidae
Armadillidae,habitat,moist microhabitats,Armadillidae
Armadillidae,diet,detritivorous,Armadillidae
Armadillidae,diet,decaying plant matter,Armadillidae
Armadillidae,defenseMechanism,rolling into a ball,Armadillidae
Armadillidae,distribution,global,Armadillidae
Armadillidae,distribution,cosmopolitan,Armadillidae
Armadillidae,notableFeature,exoskeleton,Armadillidae
Armadillidae,notableFeature,segmented body,Armadillidae
Armadillidae,reproduction,sexual,Armadillidae
Armadillidae,lifespan,2 to 5 years,Armadillidae
Armadillidae,scientificName,Armadillidae,Armadillidae
Armadillidae,firstDescribedBy,"Brandt, 1833",Armadillidae
Armadillidae,numberOfSpecies,over 200,Armadillidae
Armadillidae,ecologicalRole,decomposers,Armadillidae
Armadillidae,ecologicalRole,soil aeration,Armadillidae
Armadillidae,relatedTo,woodlice,Armadillidae
Armadillidae,relatedTo,isopods,Armadillidae
Telefónica Argentina,instanceOf,telecommunications company,Telefónica Argentina
Telefónica Argentina,instanceOf,subsidiary,Telefónica Argentina
Telefónica Argentina,parentOrganization,Telefónica,Telefónica Argentina
Telefónica Argentina,headquartersLocation,Buenos Aires,Telefónica Argentina
Telefónica Argentina,country,Argentina,Telefónica Argentina
Telefónica Argentina,industry,telecommunications,Telefónica Argentina
Telefónica Argentina,founded,1990,Telefónica Argentina
Telefónica Argentina,services,fixed-line telephony,Telefónica Argentina
Telefónica Argentina,services,mobile telephony,Telefónica Argentina
Telefónica Argentina,services,broadband internet,Telefónica Argentina
Telefónica Argentina,services,digital television,Telefónica Argentina
Telefónica Argentina,brand,Movistar,Telefónica Argentina
Telefónica Argentina,operatingArea,Argentina,Telefónica Argentina
Telefónica Argentina,legalForm,public limited company,Telefónica Argentina
Telefónica Argentina,website,https://www.telefonica.com.ar,Telefónica Argentina
Telefónica Argentina,subsidiaryOf,Telefónica S.A.,Telefónica Argentina
Telefónica Argentina,keyPeople,CEO,Telefónica Argentina
Telefónica Argentina,revenue,ARS 100+ billion (estimated),Telefónica Argentina
Telefónica Argentina,employees,"approximately 10,000",Telefónica Argentina
Telefónica Argentina,acquired,former state-owned telecom assets (privatization),Telefónica Argentina
Telefónica Argentina,competitors,Claro Argentina,Telefónica Argentina
Telefónica Argentina,competitors,Personal Argentina,Telefónica Argentina
Telefónica Argentina,networkTechnology,4G LTE,Telefónica Argentina
Telefónica Argentina,networkTechnology,5G (in development),Telefónica Argentina
Telefónica Argentina,socialMedia,Facebook: @MovistarAr,Telefónica Argentina
Telefónica Argentina,socialMedia,Twitter: @MovistarAr,Telefónica Argentina
Telefónica Argentina,socialMedia,Instagram: @movistarar,Telefónica Argentina
Telefónica Argentina,slogan,Compartida la vida es más,Telefónica Argentina
Glières-Val-de-Borne,instanceOf,commune,Glières-Val-de-Borne
Glières-Val-de-Borne,instanceOf,administrative division,Glières-Val-de-Borne
Glières-Val-de-Borne,locatedIn,Haute-Savoie,Glières-Val-de-Borne
Glières-Val-de-Borne,locatedIn,Auvergne-Rhône-Alpes,Glières-Val-de-Borne
Glières-Val-de-Borne,locatedIn,France,Glières-Val-de-Borne
Glières-Val-de-Borne,established,2019,Glières-Val-de-Borne
Glières-Val-de-Borne,formedFrom,Entremont,Glières-Val-de-Borne
Glières-Val-de-Borne,formedFrom,Le Petit-Bornand-les-Glières,Glières-Val-de-Borne
Glières-Val-de-Borne,hasPopulation,"approximately 1,800",Glières-Val-de-Borne
Glières-Val-de-Borne,namedAfter,Plateau des Glières,Glières-Val-de-Borne
Glières-Val-de-Borne,contains,Plateau des Glières,Glières-Val-de-Borne
Glières-Val-de-Borne,knownFor,World War II resistance site,Glières-Val-de-Borne
Glières-Val-de-Borne,knownFor,outdoor activities,Glières-Val-de-Borne
Glières-Val-de-Borne,hasPostalCode,74130,Glières-Val-de-Borne
Sales (band),instanceOf,musical group,Sales (band)
Sales (band),origin,"Orlando, Florida, U.S.",Sales (band)
Sales (band),genre,indie rock,Sales (band)
Sales (band),genre,indie pop,Sales (band)
Sales (band),genre,lo-fi,Sales (band)
Sales (band),activeYearsStartDate,2012,Sales (band)
Sales (band),activeYearsEndDate,2020,Sales (band)
Sales (band),member,Lauren Morgan,Sales (band)
Sales (band),member,Jordan Shih,Sales (band)
Sales (band),member,Jasmin Sanchez,Sales (band)
Sales (band),member,Lindsay Powell,Sales (band)
Sales (band),recordLabel,Park the Van,Sales (band)
Sales (band),recordLabel,Father/Daughter Records,Sales (band)
Sales (band),associatedAct,The Buttertones,Sales (band)
Sales (band),associatedAct,Jay Som,Sales (band)
Sales (band),album,SALES (self-titled EP),Sales (band)
Sales (band),album,Froosh,Sales (band)
Sales (band),album,Forever & Ever,Sales (band)
Sales (band),single,Renee,Sales (band)
Sales (band),single,Chinese New Year,Sales (band)
Sales (band),single,Vow,Sales (band)
Sales (band),single,Ivy,Sales (band)
Sales (band),single,toto,Sales (band)
Sales (band),single,Talk a Lot,Sales (band)
Sales (band),single,Off and On,Sales (band)
Sales (band),single,Big Sis,Sales (band)
Sales (band),single,Shooting Star,Sales (band)
Sales (band),awardNomination,"Best New Artist (2016, The Deli Magazine)",Sales (band)
Sales (band),website,https://sales.bandcamp.com/,Sales (band)
Sales (band),socialMedia,https://twitter.com/salesband,Sales (band)
Sales (band),socialMedia,https://www.instagram.com/salesband/,Sales (band)
Trimbach railway station,instanceOf,railway station,Trimbach railway station
Trimbach railway station,locatedIn,Trimbach,Trimbach railway station
Trimbach railway station,locatedIn,Switzerland,Trimbach railway station
Trimbach railway station,locatedIn,Canton of Solothurn,Trimbach railway station
Trimbach railway station,servedBy,Swiss Federal Railways,Trimbach railway station
Trimbach railway station,lineServed,Hauenstein line,Trimbach railway station
Trimbach railway station,elevationAboveSeaLevel,410 meters,Trimbach railway station
Trimbach railway station,opened,1857,Trimbach railway station
Trimbach railway station,coordinates,47.3667°N 7.8833°E,Trimbach railway station
Esporte Clube São Luiz,instanceOf,football club,Esporte Clube São Luiz
Esporte Clube São Luiz,locatedIn,"Ijuí, Rio Grande do Sul",Esporte Clube São Luiz
Esporte Clube São Luiz,foundedIn,1938,Esporte Clube São Luiz
Esporte Clube São Luiz,playsIn,Campeonato Gaúcho,Esporte Clube São Luiz
Esporte Clube São Luiz,playsIn,Campeonato Brasileiro Série D,Esporte Clube São Luiz
Esporte Clube São Luiz,homeStadium,Estádio 19 de Outubro,Esporte Clube São Luiz
Esporte Clube São Luiz,nickname,São Luiz,Esporte Clube São Luiz
Esporte Clube São Luiz,nickname,Alviverde,Esporte Clube São Luiz
Esporte Clube São Luiz,hasColors,green,Esporte Clube São Luiz
Esporte Clube São Luiz,hasColors,white,Esporte Clube São Luiz
Esporte Clube São Luiz,affiliatedWith,Federação Gaúcha de Futebol,Esporte Clube São Luiz
Line S4 (Milan suburban railway service),instanceOf,railway line,Line S4 (Milan suburban railway service)
Line S4 (Milan suburban railway service),instanceOf,public transportation service,Line S4 (Milan suburban railway service)
Line S4 (Milan suburban railway service),operatedBy,Trenord,Line S4 (Milan suburban railway service)
Line S4 (Milan suburban railway service),partOf,Milan suburban railway service,Line S4 (Milan suburban railway service)
Line S4 (Milan suburban railway service),connects,Milan,Line S4 (Milan suburban railway service)
Line S4 (Milan suburban railway service),connects,Camnago-Lentate,Line S4 (Milan suburban railway service)
Line S4 (Milan suburban railway service),connects,Seveso,Line S4 (Milan suburban railway service)
Line S4 (Milan suburban railway service),connects,Cesano Maderno,Line S4 (Milan suburban railway service)
Line S4 (Milan suburban railway service),connects,Mediglia,Line S4 (Milan suburban railway service)
Line S4 (Milan suburban railway service),connects,Pieve Emanuele,Line S4 (Milan suburban railway service)
Line S4 (Milan suburban railway service),connects,Rozzano,Line S4 (Milan suburban railway service)
Line S4 (Milan suburban railway service),connects,Locate Triulzi,Line S4 (Milan suburban railway service)
Line S4 (Milan suburban railway service),serves,Milan Cadorna railway station,Line S4 (Milan suburban railway service)
Line S4 (Milan suburban railway service),serves,Milan Bovisa railway station,Line S4 (Milan suburban railway service)
Line S4 (Milan suburban railway service),serves,Seregno railway station,Line S4 (Milan suburban railway service)
Line S4 (Milan suburban railway service),serves,Camnago-Lentate railway station,Line S4 (Milan suburban railway service)
Line S4 (Milan suburban railway service),routeLength,approximately 40 km,Line S4 (Milan suburban railway service)
Line S4 (Milan suburban railway service),numberOfStations,18,Line S4 (Milan suburban railway service)
Line S4 (Milan suburban railway service),inaugurationDate,2004,Line S4 (Milan suburban railway service)
Line S4 (Milan suburban railway service),serviceFrequency,every 30 minutes (peak hours),Line S4 (Milan suburban railway service)
Line S4 (Milan suburban railway service),serviceFrequency,every 60 minutes (off-peak hours),Line S4 (Milan suburban railway service)
Line S4 (Milan suburban railway service),typeOfService,commuter rail,Line S4 (Milan suburban railway service)
Line S4 (Milan suburban railway service),colorCode,green,Line S4 (Milan suburban railway service)
Line S4 (Milan suburban railway service),lineNumber,S4,Line S4 (Milan suburban railway service)
Line S4 (Milan suburban railway service),country,Italy,Line S4 (Milan suburban railway service)
Line S4 (Milan suburban railway service),region,Lombardy,Line S4 (Milan suburban railway service)
Line S4 (Milan suburban railway service),cityServed,Milan,Line S4 (Milan suburban railway service)
Line S4 (Milan suburban railway service),rollingStock,Trenord TAF (Train Alta Frequentazione),Line S4 (Milan suburban railway service)
Line S4 (Milan suburban railway service),rollingStock,Trenord TSR (Treno Servizio Regionale),Line S4 (Milan suburban railway service)
Line S4 (Milan suburban railway service),hasStation,Milan Cadorna,Line S4 (Milan suburban railway service)
Line S4 (Milan suburban railway service),hasStation,Milan Domodossola,Line S4 (Milan suburban railway service)
Line S4 (Milan suburban railway service),hasStation,Milan Bovisa,Line S4 (Milan suburban railway service)
Line S4 (Milan suburban railway service),hasStation,Seveso,Line S4 (Milan suburban railway service)
Line S4 (Milan suburban railway service),hasStation,Cesano Maderno,Line S4 (Milan suburban railway service)
Line S4 (Milan suburban railway service),hasStation,Camnago-Lentate,Line S4 (Milan suburban railway service)
Line S4 (Milan suburban railway service),hasStation,Seregno,Line S4 (Milan suburban railway service)
Line S4 (Milan suburban railway service),hasStation,Desio,Line S4 (Milan suburban railway service)
Line S4 (Milan suburban railway service),hasStation,Lissone-Muggiò,Line S4 (Milan suburban railway service)
Line S4 (Milan suburban railway service),hasStation,Monza,Line S4 (Milan suburban railway service)
Line S4 (Milan suburban railway service),hasStation,Sesto San Giovanni,Line S4 (Milan suburban railway service)
Line S4 (Milan suburban railway service),hasStation,Milan Greco Pirelli,Line S4 (Milan suburban railway service)
Line S4 (Milan suburban railway service),hasStation,Milan Porta Garibaldi,Line S4 (Milan suburban railway service)
Line S4 (Milan suburban railway service),hasStation,Milan Villapizzone,Line S4 (Milan suburban railway service)
Line S4 (Milan suburban railway service),hasStation,Milan Certosa,Line S4 (Milan suburban railway service)
Line S4 (Milan suburban railway service),hasStation,Rho Fiera,Line S4 (Milan suburban railway service)
Line S4 (Milan suburban railway service),hasStation,Pregnana Milanese,Line S4 (Milan suburban railway service)
Line S4 (Milan suburban railway service),hasStation,Vanzago-Pogliano,Line S4 (Milan suburban railway service)
Line S4 (Milan suburban railway service),hasStation,Parabiago,Line S4 (Milan suburban railway service)
Line S4 (Milan suburban railway service),hasStation,Nerviano,Line S4 (Milan suburban railway service)
Line S4 (Milan suburban railway service),hasStation,Pogliano Milanese,Line S4 (Milan suburban railway service)
Line S4 (Milan suburban railway service),hasStation,Vanzaghello-Magnago,Line S4 (Milan suburban railway service)
Line S4 (Milan suburban railway service),hasStation,Busto Arsizio Nord,Line S4 (Milan suburban railway service)
Line S4 (Milan suburban railway service),integratesWith,Milan Metro,Line S4 (Milan suburban railway service)
Line S4 (Milan suburban railway service),integratesWith,other Milan suburban railway lines,Line S4 (Milan suburban railway service)
Line S4 (Milan suburban railway service),integratesWith,bus services,Line S4 (Milan suburban railway service)
Line S4 (Milan suburban railway service),integratesWith,tram services,Line S4 (Milan suburban railway service)
Black-throated magpie-jay,instanceOf,bird species,Black-throated magpie-jay
Black-throated magpie-jay,scientificName,Calocitta colliei,Black-throated magpie-jay
Black-throated magpie-jay,family,Corvidae,Black-throated magpie-jay
Black-throated magpie-jay,genus,Calocitta,Black-throated magpie-jay
Black-throated magpie-jay,nativeTo,Mexico,Black-throated magpie-jay
Black-throated magpie-jay,nativeTo,Central America,Black-throated magpie-jay
Black-throated magpie-jay,habitat,tropical dry forests,Black-throated magpie-jay
Black-throated magpie-jay,habitat,scrublands,Black-throated magpie-jay
Black-throated magpie-jay,habitat,woodlands,Black-throated magpie-jay
Black-throated magpie-jay,diet,omnivorous,Black-throated magpie-jay
Black-throated magpie-jay,dietIncludes,insects,Black-throated magpie-jay
Black-throated magpie-jay,dietIncludes,fruits,Black-throated magpie-jay
Black-throated magpie-jay,dietIncludes,seeds,Black-throated magpie-jay
Black-throated magpie-jay,dietIncludes,small vertebrates,Black-throated magpie-jay
Black-throated magpie-jay,conservationStatus,Least Concern,Black-throated magpie-jay
Black-throated magpie-jay,distinctiveFeature,long tail,Black-throated magpie-jay
Black-throated magpie-jay,distinctiveFeature,black throat patch,Black-throated magpie-jay
Black-throated magpie-jay,distinctiveFeature,blue and white plumage,Black-throated magpie-jay
Black-throated magpie-jay,length,58–76 cm (23–30 in),Black-throated magpie-jay
Black-throated magpie-jay,behavior,highly social,Black-throated magpie-jay
Black-throated magpie-jay,behavior,vocal,Black-throated magpie-jay
Black-throated magpie-jay,nestingLocation,trees,Black-throated magpie-jay
Black-throated magpie-jay,clutchSize,3–7 eggs,Black-throated magpie-jay
"Baranovka, Narimanovsky District, Astrakhan Oblast",instanceOf,village,"Baranovka, Narimanovsky District, Astrakhan Oblast"
"Baranovka, Narimanovsky District, Astrakhan Oblast",locatedIn,Narimanovsky District,"Baranovka, Narimanovsky District, Astrakhan Oblast"
"Baranovka, Narimanovsky District, Astrakhan Oblast",locatedIn,Astrakhan Oblast,"Baranovka, Narimanovsky District, Astrakhan Oblast"
"Baranovka, Narimanovsky District, Astrakhan Oblast",locatedIn,Russia,"Baranovka, Narimanovsky District, Astrakhan Oblast"
"Baranovka, Narimanovsky District, Astrakhan Oblast",country,Russia,"Baranovka, Narimanovsky District, Astrakhan Oblast"
"Baranovka, Narimanovsky District, Astrakhan Oblast",federalSubject,Astrakhan Oblast,"Baranovka, Narimanovsky District, Astrakhan Oblast"
"Baranovka, Narimanovsky District, Astrakhan Oblast",district,Narimanovsky District,"Baranovka, Narimanovsky District, Astrakhan Oblast"
"Baranovka, Narimanovsky District, Astrakhan Oblast",timeZone,UTC+4,"Baranovka, Narimanovsky District, Astrakhan Oblast"
Desmodus draculae,instanceOf,extinct bat species,Desmodus draculae
Desmodus draculae,instanceOf,mammal,Desmodus draculae
Desmodus draculae,subclassOf,Desmodus,Desmodus draculae
Desmodus draculae,commonName,giant vampire bat,Desmodus draculae
Desmodus draculae,livedIn,South America,Desmodus draculae
Desmodus draculae,livedIn,Central America,Desmodus draculae
Desmodus draculae,existedDuring,Pleistocene epoch,Desmodus draculae
Desmodus draculae,diet,blood (sanguivorous),Desmodus draculae
Desmodus draculae,sizeComparison,larger than modern vampire bats,Desmodus draculae
Desmodus draculae,wingspan,approximately 50 cm,Desmodus draculae
Desmodus draculae,extinctionStatus,extinct,Desmodus draculae
Desmodus draculae,extinctionCause,climate change,Desmodus draculae
Desmodus draculae,extinctionCause,habitat loss,Desmodus draculae
Desmodus draculae,fossilDiscoveryLocation,Venezuela,Desmodus draculae
Desmodus draculae,fossilDiscoveryLocation,Brazil,Desmodus draculae
Desmodus draculae,fossilDiscoveryLocation,Mexico,Desmodus draculae
Desmodus draculae,scientificClassification,Animalia,Desmodus draculae
Desmodus draculae,scientificClassification,Chordata,Desmodus draculae
Desmodus draculae,scientificClassification,Mammalia,Desmodus draculae
Desmodus draculae,scientificClassification,Chiroptera,Desmodus draculae
Desmodus draculae,scientificClassification,Phyllostomidae,Desmodus draculae
Desmodus draculae,scientificClassification,Desmodontinae,Desmodus draculae
Desmodus draculae,scientificName,Desmodus draculae,Desmodus draculae
Desmodus draculae,namedAfter,Dracula (folklore),Desmodus draculae
Desmodus draculae,discoveryYear,1988,Desmodus draculae
Desmodus draculae,discoveredBy,Oscar Carranza-Castañeda,Desmodus draculae
Desmodus draculae,discoveredBy,William A. Clemens,Desmodus draculae
Le Bal (novella),instanceOf,novella,Le Bal (novella)
Le Bal (novella),author,Irene Nemirovsky,Le Bal (novella)
Le Bal (novella),originalLanguage,French,Le Bal (novella)
Le Bal (novella),publicationYear,1930,Le Bal (novella)
Le Bal (novella),genre,literary fiction,Le Bal (novella)
Le Bal (novella),genre,psychological fiction,Le Bal (novella)
Le Bal (novella),setting,"Paris, France",Le Bal (novella)
Le Bal (novella),characters,Antoinette Kampf,Le Bal (novella)
Le Bal (novella),characters,Rosine Kampf,Le Bal (novella)
Le Bal (novella),characters,Alfred Kampf,Le Bal (novella)
Le Bal (novella),themes,adolescence,Le Bal (novella)
Le Bal (novella),themes,social ambition,Le Bal (novella)
Le Bal (novella),themes,family conflict,Le Bal (novella)
Le Bal (novella),partOf,Irene Nemirovsky's early works,Le Bal (novella)
Le Bal (novella),adaptedInto,"film (1931, directed by Wilhelm Thiele)",Le Bal (novella)
Le Bal (novella),awards,none (notable for its critical reception),Le Bal (novella)
Manolo Muñoz (footballer),instanceOf,human,Manolo Muñoz (footballer)
Manolo Muñoz (footballer),instanceOf,footballer,Manolo Muñoz (footballer)
Manolo Muñoz (footballer),fullName,Manuel Muñoz Pérez,Manolo Muñoz (footballer)
Manolo Muñoz (footballer),dateOfBirth,1925-04-25,Manolo Muñoz (footballer)
Manolo Muñoz (footballer),dateOfDeath,2015-01-04,Manolo Muñoz (footballer)
Manolo Muñoz (footballer),placeOfBirth,"Seville, Spain",Manolo Muñoz (footballer)
Manolo Muñoz (footballer),positionPlayed,forward,Manolo Muñoz (footballer)
Manolo Muñoz (footballer),memberOfSportsTeam,Real Betis,Manolo Muñoz (footballer)
Manolo Muñoz (footballer),memberOfSportsTeam,Sevilla FC,Manolo Muñoz (footballer)
Manolo Muñoz (footballer),memberOfSportsTeam,Real Jaén,Manolo Muñoz (footballer)
Manolo Muñoz (footballer),memberOfSportsTeam,CD Málaga,Manolo Muñoz (footballer)
Manolo Muñoz (footballer),sport,association football,Manolo Muñoz (footballer)
Manolo Muñoz (footballer),countryOfCitizenship,Spain,Manolo Muñoz (footballer)
Manolo Muñoz (footballer),notableWork,1950 FIFA World Cup,Manolo Muñoz (footballer)
Manolo Muñoz (footballer),participatedIn,1950 FIFA World Cup,Manolo Muñoz (footballer)
Manolo Muñoz (footballer),height,1.70 m,Manolo Muñoz (footballer)
Manolo Muñoz (footballer),careerStart,1945,Manolo Muñoz (footballer)
Manolo Muñoz (footballer),careerEnd,1960,Manolo Muñoz (footballer)
House-Museum of Samad Vurgun,instanceOf,museum,House-Museum of Samad Vurgun
House-Museum of Samad Vurgun,instanceOf,cultural heritage site,House-Museum of Samad Vurgun
House-Museum of Samad Vurgun,dedicatedTo,Samad Vurgun,House-Museum of Samad Vurgun
House-Museum of Samad Vurgun,location,"Baku, Azerbaijan",House-Museum of Samad Vurgun
House-Museum of Samad Vurgun,established,1975,House-Museum of Samad Vurgun
House-Museum of Samad Vurgun,type,house museum,House-Museum of Samad Vurgun
House-Museum of Samad Vurgun,contains,personal belongings of Samad Vurgun,House-Museum of Samad Vurgun
House-Museum of Samad Vurgun,contains,manuscripts,House-Museum of Samad Vurgun
House-Museum of Samad Vurgun,contains,books,House-Museum of Samad Vurgun
House-Museum of Samad Vurgun,contains,photographs,House-Museum of Samad Vurgun
House-Museum of Samad Vurgun,contains,artifacts related to Samad Vurgun's life,House-Museum of Samad Vurgun
House-Museum of Samad Vurgun,operatedBy,Ministry of Culture of Azerbaijan,House-Museum of Samad Vurgun
House-Museum of Samad Vurgun,address,"Samad Vurgun Street, Baku, Azerbaijan",House-Museum of Samad Vurgun
BET Awards 2011,instanceOf,award ceremony,BET Awards 2011
BET Awards 2011,instanceOf,event,BET Awards 2011
BET Awards 2011,partOf,BET Awards,BET Awards 2011
BET Awards 2011,date,"June 26, 2011",BET Awards 2011
BET Awards 2011,location,Shrine Auditorium,BET Awards 2011
BET Awards 2011,location,"Los Angeles, California",BET Awards 2011
BET Awards 2011,hostedBy,Kevin Hart,BET Awards 2011
BET Awards 2011,awardGiven,Best Female R&B Artist,BET Awards 2011
BET Awards 2011,winner,Beyoncé,BET Awards 2011
BET Awards 2011,awardGiven,Best Male R&B Artist,BET Awards 2011
BET Awards 2011,winner,Bruno Mars,BET Awards 2011
BET Awards 2011,awardGiven,Best Female Hip Hop Artist,BET Awards 2011
BET Awards 2011,winner,Nicki Minaj,BET Awards 2011
BET Awards 2011,awardGiven,Best Male Hip Hop Artist,BET Awards 2011
BET Awards 2011,winner,Kanye West,BET Awards 2011
BET Awards 2011,awardGiven,Video of the Year,BET Awards 2011
BET Awards 2011,winner,Chris Brown – 'Look at Me Now',BET Awards 2011
BET Awards 2011,awardGiven,Best Collaboration,BET Awards 2011
BET Awards 2011,winner,"Chris Brown, Lil Wayne, and Busta Rhymes – 'Look at Me Now'",BET Awards 2011
BET Awards 2011,awardGiven,Best New Artist,BET Awards 2011
BET Awards 2011,winner,Wiz Khalifa,BET Awards 2011
BET Awards 2011,awardGiven,Best Group,BET Awards 2011
BET Awards 2011,winner,Roc Nation,BET Awards 2011
BET Awards 2011,awardGiven,Coca-Cola Viewer's Choice Award,BET Awards 2011
BET Awards 2011,awardGiven,Best Gospel Artist,BET Awards 2011
BET Awards 2011,winner,Kim Burrell,BET Awards 2011
BET Awards 2011,awardGiven,Best International Act: Africa,BET Awards 2011
BET Awards 2011,winner,2Face Idibia,BET Awards 2011
BET Awards 2011,awardGiven,Best International Act: UK,BET Awards 2011
BET Awards 2011,winner,Tinie Tempah,BET Awards 2011
BET Awards 2011,awardGiven,YoungStars Award,BET Awards 2011
BET Awards 2011,winner,Willow Smith,BET Awards 2011
BET Awards 2011,performer,Beyoncé,BET Awards 2011
BET Awards 2011,performer,Chris Brown,BET Awards 2011
BET Awards 2011,performer,Lil Wayne,BET Awards 2011
BET Awards 2011,performer,Rick Ross,BET Awards 2011
BET Awards 2011,performer,DJ Khaled,BET Awards 2011
BET Awards 2011,performer,Busta Rhymes,BET Awards 2011
BET Awards 2011,performer,Trey Songz,BET Awards 2011
BET Awards 2011,performer,Miguel,BET Awards 2011
BET Awards 2011,performer,Big Sean,BET Awards 2011
BET Awards 2011,performer,Wiz Khalifa,BET Awards 2011
USS LST-952,instanceOf,Landing Ship Tank,USS LST-952
USS LST-952,instanceOf,Naval ship,USS LST-952
USS LST-952,commissioned,1944,USS LST-952
USS LST-952,decommissioned,1946,USS LST-952
USS LST-952,partOf,United States Navy,USS LST-952
USS LST-952,class,LST-542 class tank landing ship,USS LST-952
USS LST-952,builtBy,Dravo Corporation,USS LST-952
USS LST-952,builtAt,"Neville Island, Pennsylvania",USS LST-952
USS LST-952,launched,1944-05-20,USS LST-952
USS LST-952,displacement,"1,625 tons (light)",USS LST-952
USS LST-952,displacement,"4,080 tons (full load)",USS LST-952
USS LST-952,length,328 feet,USS LST-952
USS LST-952,beam,50 feet,USS LST-952
USS LST-952,draft,14 feet (forward),USS LST-952
USS LST-952,propulsion,Two General Motors 12-567A diesel engines,USS LST-952
USS LST-952,speed,11.6 knots,USS LST-952
USS LST-952,complement,119 officers and enlisted,USS LST-952
USS LST-952,armament,1 × 3-inch/50 caliber gun,USS LST-952
USS LST-952,armament,8 × 40 mm anti-aircraft guns,USS LST-952
USS LST-952,armament,12 × 20 mm anti-aircraft guns,USS LST-952
USS LST-952,service,World War II,USS LST-952
USS LST-952,theaterOfOperations,Pacific Theater,USS LST-952
USS LST-952,transferredTo,Republic of China Navy,USS LST-952
USS LST-952,renamed,ROCS Chung Chien (LST-205),USS LST-952
USS LST-952,fate,Scrapped in 1958,USS LST-952
"Sir Hugh Smith, 1st Baronet",instanceOf,Baronet,"Sir Hugh Smith, 1st Baronet"
"Sir Hugh Smith, 1st Baronet",title,1st Baronet of Long Ashton,"Sir Hugh Smith, 1st Baronet"
"Sir Hugh Smith, 1st Baronet",creationDate,1661,"Sir Hugh Smith, 1st Baronet"
"Sir Hugh Smith, 1st Baronet",predecessor,None (first holder),"Sir Hugh Smith, 1st Baronet"
"Sir Hugh Smith, 1st Baronet",successor,"Sir John Smith, 2nd Baronet","Sir Hugh Smith, 1st Baronet"
"Sir Hugh Smith, 1st Baronet",birthDate,Unknown (17th century),"Sir Hugh Smith, 1st Baronet"
"Sir Hugh Smith, 1st Baronet",deathDate,Unknown (17th century),"Sir Hugh Smith, 1st Baronet"
"Sir Hugh Smith, 1st Baronet",residence,"Long Ashton, Somerset, England","Sir Hugh Smith, 1st Baronet"
"Sir Hugh Smith, 1st Baronet",notableFor,Member of the Smith family of Long Ashton,"Sir Hugh Smith, 1st Baronet"
"Sir Hugh Smith, 1st Baronet",spouse,Unknown,"Sir Hugh Smith, 1st Baronet"
"Sir Hugh Smith, 1st Baronet",parent,Unknown (likely a member of the Smith family of Somerset),"Sir Hugh Smith, 1st Baronet"
Shōmaru Station,instanceOf,railway station,Shōmaru Station
Shōmaru Station,locatedIn,"Chichibu, Saitama",Shōmaru Station
Shōmaru Station,operatedBy,Chichibu Railway,Shōmaru Station
Shōmaru Station,lineServed,Chichibu Main Line,Shōmaru Station
Shōmaru Station,opened,1914,Shōmaru Station
Shōmaru Station,nearbyAttraction,Shōmaru Pass,Shōmaru Station
Shōmaru Station,nearbyAttraction,Mitsumine Shrine,Shōmaru Station
Shōmaru Station,stationCode,CR24,Shōmaru Station
Shōmaru Station,elevation,approximately 300 meters,Shōmaru Station
Giovanni Maria da Varano,instanceOf,person,Giovanni Maria da Varano
Giovanni Maria da Varano,instanceOf,noble,Giovanni Maria da Varano
Giovanni Maria da Varano,birthDate,1481,Giovanni Maria da Varano
Giovanni Maria da Varano,deathDate,1527,Giovanni Maria da Varano
Giovanni Maria da Varano,birthPlace,Camerino,Giovanni Maria da Varano
Giovanni Maria da Varano,deathPlace,Camerino,Giovanni Maria da Varano
Giovanni Maria da Varano,title,Duke of Camerino,Giovanni Maria da Varano
Giovanni Maria da Varano,successorOf,Giulio Cesare da Varano,Giovanni Maria da Varano
Giovanni Maria da Varano,predecessorOf,Ercole da Varano,Giovanni Maria da Varano
Giovanni Maria da Varano,spouse,Caterina Cybo,Giovanni Maria da Varano
Giovanni Maria da Varano,father,Giulio Cesare da Varano,Giovanni Maria da Varano
Giovanni Maria da Varano,mother,Giovanna Malatesta,Giovanni Maria da Varano
Giovanni Maria da Varano,house,Da Varano,Giovanni Maria da Varano
Giovanni Maria da Varano,activePeriod,Renaissance,Giovanni Maria da Varano
Giovanni Maria da Varano,notableEvent,Assassination of his father,Giovanni Maria da Varano
Giovanni Maria da Varano,allianceWith,Papal States,Giovanni Maria da Varano
Giovanni Maria da Varano,conflictWith,Cesare Borgia,Giovanni Maria da Varano
Giovanni Maria da Varano,religion,Catholicism,Giovanni Maria da Varano
Giovanni Maria da Varano,regionRuled,Duchy of Camerino,Giovanni Maria da Varano
Giovanni Maria da Varano,notableWork,Defense of Camerino against Borgia forces,Giovanni Maria da Varano
American College of Greece,instanceOf,private university,American College of Greece
American College of Greece,instanceOf,educational institution,American College of Greece
American College of Greece,locatedIn,Athens,American College of Greece
American College of Greece,locatedIn,Greece,American College of Greece
American College of Greece,foundedIn,1875,American College of Greece
American College of Greece,hasCampus,Aghia Paraskevi,American College of Greece
American College of Greece,hasCampus,Athens,American College of Greece
American College of Greece,offersProgram,undergraduate programs,American College of Greece
American College of Greece,offersProgram,graduate programs,American College of Greece
American College of Greece,offersProgram,professional education,American College of Greece
American College of Greece,affiliatedWith,Deree College,American College of Greece
American College of Greece,affiliatedWith,Alba Graduate Business School,American College of Greece
American College of Greece,accreditation,New England Commission of Higher Education (NECHE),American College of Greece
American College of Greece,languageOfInstruction,English,American College of Greece
American College of Greece,motto,"Truth, Virtue, Service",American College of Greece
American College of Greece,type,non-profit,American College of Greece
American College of Greece,hasStudentOrganization,student clubs,American College of Greece
American College of Greece,hasStudentOrganization,athletic teams,American College of Greece
American College of Greece,mascot,Storm,American College of Greece
American College of Greece,website,www.acg.edu,American College of Greece
American College of Greece,partOf,American College of Greece Foundation,American College of Greece
American College of Greece,hasFaculty,international faculty,American College of Greece
American College of Greece,hasAlumni,notable alumni in business and arts,American College of Greece
American College of Greece,hasLibrary,John S. Bailey Library,American College of Greece
American College of Greece,hasResearchCenter,Center of Excellence in Sustainability,American College of Greece
American College of Greece,hasPartnership,U.S. universities,American College of Greece
American College of Greece,hasPartnership,European institutions,American College of Greece
Kenneth Binmoeller,instanceOf,Person,Kenneth Binmoeller
Kenneth Binmoeller,occupation,Gastroenterologist,Kenneth Binmoeller
Kenneth Binmoeller,knownFor,Development of endoscopic ultrasound (EUS),Kenneth Binmoeller
Kenneth Binmoeller,knownFor,Invention of the lumen-apposing metal stent (LAMS),Kenneth Binmoeller
Kenneth Binmoeller,affiliation,California Pacific Medical Center,Kenneth Binmoeller
Kenneth Binmoeller,affiliation,Interventional Endoscopy Services (IES),Kenneth Binmoeller
Kenneth Binmoeller,fieldOfStudy,Gastroenterology,Kenneth Binmoeller
Kenneth Binmoeller,fieldOfStudy,Endoscopy,Kenneth Binmoeller
Kenneth Binmoeller,notableWork,Advancements in therapeutic endoscopy,Kenneth Binmoeller
Kenneth Binmoeller,notableWork,Research on pancreaticobiliary diseases,Kenneth Binmoeller
Ascanio della Corgna,instanceOf,person,Ascanio della Corgna
Ascanio della Corgna,instanceOf,noble,Ascanio della Corgna
Ascanio della Corgna,birthDate,1514,Ascanio della Corgna
Ascanio della Corgna,deathDate,1571,Ascanio della Corgna
Ascanio della Corgna,birthPlace,Perugia,Ascanio della Corgna
Ascanio della Corgna,deathPlace,Castiglione del Lago,Ascanio della Corgna
Ascanio della Corgna,title,Marquis of Castiglione del Lago,Ascanio della Corgna
Ascanio della Corgna,title,Duke of Latera,Ascanio della Corgna
Ascanio della Corgna,occupation,condottiero,Ascanio della Corgna
Ascanio della Corgna,occupation,military leader,Ascanio della Corgna
Ascanio della Corgna,occupation,politician,Ascanio della Corgna
Ascanio della Corgna,family,Della Corgna,Ascanio della Corgna
Ascanio della Corgna,father,Francesco della Corgna,Ascanio della Corgna
Ascanio della Corgna,mother,Jacopa Ciocchi del Monte,Ascanio della Corgna
Ascanio della Corgna,sibling,Fulvio Giulio della Corgna,Ascanio della Corgna
Ascanio della Corgna,spouse,Laura Colonna,Ascanio della Corgna
Ascanio della Corgna,child,Diomede della Corgna,Ascanio della Corgna
Ascanio della Corgna,child,Fulvio della Corgna,Ascanio della Corgna
Ascanio della Corgna,child,Ascanio II della Corgna,Ascanio della Corgna
Ascanio della Corgna,associatedWith,Papal States,Ascanio della Corgna
Ascanio della Corgna,associatedWith,Grand Duchy of Tuscany,Ascanio della Corgna
Ascanio della Corgna,notableWork,Palazzo della Corgna (Castiglione del Lago),Ascanio della Corgna
Ascanio della Corgna,militaryConflict,Battle of Lepanto,Ascanio della Corgna
Ascanio della Corgna,roleInConflict,commander,Ascanio della Corgna
Ascanio della Corgna,patronOf,arts,Ascanio della Corgna
Ascanio della Corgna,patronOf,architecture,Ascanio della Corgna
Ascanio della Corgna,commissioned,Villa del Colle del Cardinale,Ascanio della Corgna
Ascanio della Corgna,commissioned,fortifications in Castiglione del Lago,Ascanio della Corgna
Ascanio della Corgna,alliedWith,Pope Julius III,Ascanio della Corgna
Ascanio della Corgna,alliedWith,Cosimo I de' Medici,Ascanio della Corgna
Ascanio della Corgna,enemyOf,Ottoman Empire,Ascanio della Corgna
Ascanio della Corgna,enemyOf,Barberini family,Ascanio della Corgna
Ascanio della Corgna,religion,Catholicism,Ascanio della Corgna
Ascanio della Corgna,notableEvent,participation in the Council of Trent,Ascanio della Corgna
Ascanio della Corgna,awardOrHonor,Order of Saint Stephen,Ascanio della Corgna
Ascanio della Corgna,awardOrHonor,Knight of the Order of Saint John,Ascanio della Corgna
"Ternovoye, Podgorensky District, Voronezh Oblast",instanceOf,village,"Ternovoye, Podgorensky District, Voronezh Oblast"
"Ternovoye, Podgorensky District, Voronezh Oblast",locatedIn,Podgorensky District,"Ternovoye, Podgorensky District, Voronezh Oblast"
"Ternovoye, Podgorensky District, Voronezh Oblast",locatedIn,Voronezh Oblast,"Ternovoye, Podgorensky District, Voronezh Oblast"
"Ternovoye, Podgorensky District, Voronezh Oblast",locatedIn,Russia,"Ternovoye, Podgorensky District, Voronezh Oblast"
"Ternovoye, Podgorensky District, Voronezh Oblast",country,Russia,"Ternovoye, Podgorensky District, Voronezh Oblast"
"Ternovoye, Podgorensky District, Voronezh Oblast",federalSubject,Voronezh Oblast,"Ternovoye, Podgorensky District, Voronezh Oblast"
"Ternovoye, Podgorensky District, Voronezh Oblast",administrativeDivision,Podgorensky District,"Ternovoye, Podgorensky District, Voronezh Oblast"
"Ternovoye, Podgorensky District, Voronezh Oblast",timeZone,Moscow Time (UTC+3),"Ternovoye, Podgorensky District, Voronezh Oblast"
Better Late Than Never (1979 film),instanceOf,film,Better Late Than Never (1979 film)
Better Late Than Never (1979 film),releaseYear,1979,Better Late Than Never (1979 film)
Better Late Than Never (1979 film),genre,comedy,Better Late Than Never (1979 film)
Better Late Than Never (1979 film),genre,crime,Better Late Than Never (1979 film)
Better Late Than Never (1979 film),director,Bryan Forbes,Better Late Than Never (1979 film)
Better Late Than Never (1979 film),screenplayBy,Bryan Forbes,Better Late Than Never (1979 film)
Better Late Than Never (1979 film),basedOn,the novel 'The Best of Friends' by Gavin Lambert,Better Late Than Never (1979 film)
Better Late Than Never (1979 film),starring,David Niven,Better Late Than Never (1979 film)
Better Late Than Never (1979 film),starring,Art Carney,Better Late Than Never (1979 film)
Better Late Than Never (1979 film),starring,Maggie Smith,Better Late Than Never (1979 film)
Better Late Than Never (1979 film),starring,Lena Horne,Better Late Than Never (1979 film)
Better Late Than Never (1979 film),starring,Catherine Hicks,Better Late Than Never (1979 film)
Better Late Than Never (1979 film),productionCompany,ITC Entertainment,Better Late Than Never (1979 film)
Better Late Than Never (1979 film),countryOfOrigin,United Kingdom,Better Late Than Never (1979 film)
Better Late Than Never (1979 film),language,English,Better Late Than Never (1979 film)
Better Late Than Never (1979 film),runtime,103 minutes,Better Late Than Never (1979 film)
Better Late Than Never (1979 film),color,Color,Better Late Than Never (1979 film)
Better Late Than Never (1979 film),filmingLocation,France,Better Late Than Never (1979 film)
Better Late Than Never (1979 film),filmingLocation,England,Better Late Than Never (1979 film)
Ife National Museum,instanceOf,museum,Ife National Museum
Ife National Museum,instanceOf,cultural institution,Ife National Museum
Ife National Museum,location,Ile-Ife,Ife National Museum
Ife National Museum,location,Osun State,Ife National Museum
Ife National Museum,location,Nigeria,Ife National Museum
Ife National Museum,country,Nigeria,Ife National Museum
Ife National Museum,established,1954,Ife National Museum
Ife National Museum,focus,Yoruba art,Ife National Museum
Ife National Museum,focus,Nigerian antiquities,Ife National Museum
Ife National Museum,focus,archaeological artifacts,Ife National Museum
Ife National Museum,notableCollection,Ife Bronzes,Ife National Museum
Ife National Museum,notableCollection,terracotta sculptures,Ife National Museum
Ife National Museum,notableCollection,ancient pottery,Ife National Museum
Ife National Museum,affiliation,National Commission for Museums and Monuments (NCMM),Ife National Museum
Ife National Museum,type,national museum,Ife National Museum
Ife National Museum,architecturalStyle,modern,Ife National Museum
Ife National Museum,significance,preservation of Yoruba heritage,Ife National Museum
Ife National Museum,significance,historical research center,Ife National Museum
Ife National Museum,coordinates,"7.4833°N, 4.5667°E",Ife National Museum
Ife National Museum,website,https://ncmm.gov.ng/museums/ife-national-museum/,Ife National Museum
Ife National Museum,operatingHours,9:00 AM to 5:00 PM (Monday to Friday),Ife National Museum
Ife National Museum,operatingHours,10:00 AM to 4:00 PM (Weekends),Ife National Museum
Ife National Museum,admissionFee,varies (discounts for students and groups),Ife National Museum
Ife National Museum,founder,British colonial administration,Ife National Museum
Ife National Museum,nearbyAttraction,Obafemi Awolowo University,Ife National Museum
Ife National Museum,nearbyAttraction,Ooni's Palace,Ife National Museum
Ife National Museum,nearbyAttraction,Opa Oranmiyan,Ife National Museum
Ife National Museum,exhibition,permanent collections of Ife art,Ife National Museum
Ife National Museum,exhibition,temporary exhibitions on Nigerian history,Ife National Museum
Ife National Museum,archaeologicalSite,associated with ancient Ife civilization,Ife National Museum
Ife National Museum,culturalHeritage,UNESCO-recognized significance,Ife National Museum
Ife National Museum,researchFocus,pre-colonial Nigerian history,Ife National Museum
Ife National Museum,researchFocus,Yoruba civilization,Ife National Museum
Ife National Museum,partOf,Nigerian museum network,Ife National Museum
Tingel-Tangel (1930 film),instanceOf,film,Tingel-Tangel (1930 film)
Tingel-Tangel (1930 film),releaseYear,1930,Tingel-Tangel (1930 film)
Tingel-Tangel (1930 film),countryOfOrigin,Germany,Tingel-Tangel (1930 film)
Tingel-Tangel (1930 film),language,German,Tingel-Tangel (1930 film)
Tingel-Tangel (1930 film),genre,musical,Tingel-Tangel (1930 film)
Tingel-Tangel (1930 film),genre,comedy,Tingel-Tangel (1930 film)
Tingel-Tangel (1930 film),director,Jaap Speyer,Tingel-Tangel (1930 film)
Tingel-Tangel (1930 film),screenplayBy,Walter Schlee,Tingel-Tangel (1930 film)
Tingel-Tangel (1930 film),basedOn,operetta,Tingel-Tangel (1930 film)
Tingel-Tangel (1930 film),starring,Paul Hörbiger,Tingel-Tangel (1930 film)
Tingel-Tangel (1930 film),starring,Trude Berliner,Tingel-Tangel (1930 film)
Tingel-Tangel (1930 film),productionCompany,Tobis Film,Tingel-Tangel (1930 film)
Voyant Tools,instanceOf,web-based text analysis tool,Voyant Tools
Voyant Tools,instanceOf,digital humanities tool,Voyant Tools
Voyant Tools,developedBy,Stéfan Sinclair,Voyant Tools
Voyant Tools,developedBy,Geoffrey Rockwell,Voyant Tools
Voyant Tools,primaryPurpose,text mining,Voyant Tools
Voyant Tools,primaryPurpose,text visualization,Voyant Tools
Voyant Tools,primaryPurpose,corpus analysis,Voyant Tools
Voyant Tools,accessibleVia,web browser,Voyant Tools
Voyant Tools,supportsFileFormat,TXT,Voyant Tools
Voyant Tools,supportsFileFormat,PDF,Voyant Tools
Voyant Tools,supportsFileFormat,HTML,Voyant Tools
Voyant Tools,supportsFileFormat,XML,Voyant Tools
Voyant Tools,supportsFileFormat,CSV,Voyant Tools
Voyant Tools,features,word frequency analysis,Voyant Tools
Voyant Tools,features,keyword in context (KWIC),Voyant Tools
Voyant Tools,features,word clouds,Voyant Tools
Voyant Tools,features,collocation analysis,Voyant Tools
Voyant Tools,features,trend graphs,Voyant Tools
Voyant Tools,features,document similarity,Voyant Tools
Voyant Tools,features,corpus comparison,Voyant Tools
Voyant Tools,features,interactive visualizations,Voyant Tools
Voyant Tools,usedInField,digital humanities,Voyant Tools
Voyant Tools,usedInField,linguistics,Voyant Tools
Voyant Tools,usedInField,literary studies,Voyant Tools
Voyant Tools,usedInField,cultural analytics,Voyant Tools
Voyant Tools,license,open-source,Voyant Tools
Voyant Tools,website,https://voyant-tools.org/,Voyant Tools
Voyant Tools,initialRelease,2003,Voyant Tools
Voyant Tools,programmingLanguage,Java,Voyant Tools
Voyant Tools,programmingLanguage,JavaScript,Voyant Tools
Voyant Tools,influencedBy,TAToo (Text Analysis Tool),Voyant Tools
Voyant Tools,influencedBy,HyperPo,Voyant Tools
Voyant Tools,awardReceived,Digital Humanities Award (2013),Voyant Tools
China Railway CR400AF,instanceOf,high-speed train,China Railway CR400AF
China Railway CR400AF,instanceOf,electric multiple unit (EMU),China Railway CR400AF
China Railway CR400AF,manufacturer,CRRC Qingdao Sifang,China Railway CR400AF
China Railway CR400AF,countryOfOrigin,China,China Railway CR400AF
China Railway CR400AF,introduced,2017,China Railway CR400AF
China Railway CR400AF,maximumSpeed,350 km/h,China Railway CR400AF
China Railway CR400AF,operationalSpeed,300 km/h,China Railway CR400AF
China Railway CR400AF,trackGauge,"standard gauge (1,435 mm)",China Railway CR400AF
China Railway CR400AF,powerType,electric,China Railway CR400AF
China Railway CR400AF,trainLength,414 meters (16-car set),China Railway CR400AF
China Railway CR400AF,passengerCapacity,"1,193 (16-car set)",China Railway CR400AF
China Railway CR400AF,axleArrangement,Bo′Bo′+2′2′+2′2′+Bo′Bo′,China Railway CR400AF
China Railway CR400AF,nickname,Fuxing (复兴号),China Railway CR400AF
China Railway CR400AF,operatedBy,China Railway,China Railway CR400AF
China Railway CR400AF,usedFor,high-speed rail service,China Railway CR400AF
China Railway CR400AF,predecessor,China Railway CRH380A,China Railway CR400AF
China Railway CR400AF,aerodynamicDesign,streamlined nose,China Railway CR400AF
China Railway CR400AF,energyEfficiency,low energy consumption,China Railway CR400AF
China Railway CR400AF,safetyFeatures,crash energy absorption,China Railway CR400AF
China Railway CR400AF,safetyFeatures,earthquake monitoring,China Railway CR400AF
China Railway CR400AF,safetyFeatures,fire detection system,China Railway CR400AF
China Railway CR400AF,interiorFeatures,Wi-Fi connectivity,China Railway CR400AF
China Railway CR400AF,interiorFeatures,business class seating,China Railway CR400AF
China Railway CR400AF,interiorFeatures,first class seating,China Railway CR400AF
China Railway CR400AF,interiorFeatures,second class seating,China Railway CR400AF
China Railway CR400AF,interiorFeatures,dining car,China Railway CR400AF
China Railway CR400AF,interiorFeatures,wheelchair accessibility,China Railway CR400AF
China Railway CR400AF,notableRoutes,Beijing–Shanghai high-speed railway,China Railway CR400AF
China Railway CR400AF,notableRoutes,Beijing–Guangzhou high-speed railway,China Railway CR400AF
China Railway CR400AF,notableRoutes,Shanghai–Kunming high-speed railway,China Railway CR400AF
China Railway CR400AF,developmentProgram,China Standardized EMU Project,China Railway CR400AF
China Railway CR400AF,exportedTo,Indonesia (as KCIC400AF),China Railway CR400AF
China Railway CR400AF,exportedTo,Thailand (proposed),China Railway CR400AF
China Railway CR400AF,awards,China Industry Award for Science and Technology,China Railway CR400AF
China Railway CR400AF,relatedModels,China Railway CR400BF,China Railway CR400AF
China Railway CR400AF,relatedModels,China Railway CR300AF,China Railway CR400AF
China Railway CR400AF,relatedModels,China Railway CR200J,China Railway CR400AF
China Railway CR400AF,technologyTransfer,shared with Indonesia for KCIC400AF,China Railway CR400AF
China Railway CR400AF,materialsUsed,aluminum alloy body,China Railway CR400AF
China Railway CR400AF,materialsUsed,lightweight composite materials,China Railway CR400AF
China Railway CR400AF,brakingSystem,regenerative braking,China Railway CR400AF
China Railway CR400AF,brakingSystem,electropneumatic braking,China Railway CR400AF
China Railway CR400AF,tractionSystem,permanent magnet synchronous motors,China Railway CR400AF
China Railway CR400AF,voltageSystem,25 kV 50 Hz AC,China Railway CR400AF
China Railway CR400AF,operatingTemperatureRange,-40°C to +40°C,China Railway CR400AF
China Railway CR400AF,maintenanceInterval,1.2 million km or 30 months,China Railway CR400AF
China Railway CR400AF,lifespan,30 years,China Railway CR400AF
China Railway CR400AF,weight,850 tonnes (16-car set),China Railway CR400AF
China Railway CR400AF,wheelDiameter,860 mm (new),China Railway CR400AF
China Railway CR400AF,couplingSystem,Scharfenberg coupler,China Railway CR400AF
China Railway CR400AF,emergencyFeatures,emergency braking,China Railway CR400AF
China Railway CR400AF,emergencyFeatures,evacuation slides,China Railway CR400AF
China Railway CR400AF,emergencyFeatures,emergency lighting,China Railway CR400AF
China Railway CR400AF,environmentalImpact,low carbon emissions,China Railway CR400AF
China Railway CR400AF,environmentalImpact,reduced noise pollution,China Railway CR400AF
China Railway CR400AF,innovations,autonomous driving capabilities,China Railway CR400AF
China Railway CR400AF,innovations,intelligent monitoring system,China Railway CR400AF
China Railway CR400AF,innovations,5G connectivity,China Railway CR400AF
Claude Théodore Decaen,instanceOf,human,Claude Théodore Decaen
Claude Théodore Decaen,instanceOf,military personnel,Claude Théodore Decaen
Claude Théodore Decaen,dateOfBirth,1811-07-18,Claude Théodore Decaen
Claude Théodore Decaen,dateOfDeath,1870-08-17,Claude Théodore Decaen
Claude Théodore Decaen,placeOfBirth,Paris,Claude Théodore Decaen
Claude Théodore Decaen,placeOfDeath,Paris,Claude Théodore Decaen
Claude Théodore Decaen,countryOfCitizenship,France,Claude Théodore Decaen
Claude Théodore Decaen,militaryRank,General,Claude Théodore Decaen
Claude Théodore Decaen,militaryBranch,French Army,Claude Théodore Decaen
Claude Théodore Decaen,notableWork,Commander in the Crimean War,Claude Théodore Decaen
Claude Théodore Decaen,notableWork,Participation in the Second Italian War of Independence,Claude Théodore Decaen
Claude Théodore Decaen,awardReceived,Grand Officer of the Legion of Honour,Claude Théodore Decaen
Claude Théodore Decaen,parent,Claude Théodore Decaen Sr.,Claude Théodore Decaen
Claude Théodore Decaen Sr.,instanceOf,military personnel,Claude Théodore Decaen
Claude Théodore Decaen Sr.,militaryRank,General,Claude Théodore Decaen
Claude Théodore Decaen,occupation,military officer,Claude Théodore Decaen
Jatt & Juliet 2,instanceOf,Film,Jatt & Juliet 2
Jatt & Juliet 2,genre,Romantic comedy,Jatt & Juliet 2
Jatt & Juliet 2,genre,Drama,Jatt & Juliet 2
Jatt & Juliet 2,language,Punjabi,Jatt & Juliet 2
Jatt & Juliet 2,director,Anurag Singh,Jatt & Juliet 2
Jatt & Juliet 2,producer,Gunbir Singh Sidhu,Jatt & Juliet 2
Jatt & Juliet 2,producer,Manmord Sidhu,Jatt & Juliet 2
Jatt & Juliet 2,releaseDate,2013-06-28,Jatt & Juliet 2
Jatt & Juliet 2,country,India,Jatt & Juliet 2
Jatt & Juliet 2,precededBy,Jatt & Juliet,Jatt & Juliet 2
Jatt & Juliet 2,starring,Diljit Dosanjh,Jatt & Juliet 2
Jatt & Juliet 2,starring,Neeru Bajwa,Jatt & Juliet 2
Jatt & Juliet 2,musicBy,Jatinder Shah,Jatt & Juliet 2
Jatt & Juliet 2,productionCompany,White Hill Studios,Jatt & Juliet 2
Jatt & Juliet 2,boxOffice,₹30 crore (estimated),Jatt & Juliet 2
Wendy Mogel,instanceOf,Person,Wendy Mogel
Wendy Mogel,instanceOf,Author,Wendy Mogel
Wendy Mogel,instanceOf,Psychologist,Wendy Mogel
Wendy Mogel,occupation,Clinical Psychologist,Wendy Mogel
Wendy Mogel,occupation,Parenting Expert,Wendy Mogel
Wendy Mogel,birthDate,1948,Wendy Mogel
Wendy Mogel,nationality,American,Wendy Mogel
Wendel Mogel,educatedAt,"University of California, Berkeley",Wendy Mogel
Wendy Mogel,educatedAt,University of Chicago,Wendy Mogel
Wendy Mogel,hasDegree,Ph.D. in Psychology,Wendy Mogel
Wendy Mogel,authorOf,The Blessing of a Skinned Knee,Wendy Mogel
Wendy Mogel,authorOf,The Blessing of a B Minus,Wendy Mogel
Wendy Mogel,authorOf,"Voice Lessons for Parents: What to Say, How to Say It, and When to Listen",Wendy Mogel
Wendy Mogel,genre,Parenting,Wendy Mogel
Wendy Mogel,genre,Self-Help,Wendy Mogel
Wendy Mogel,notableWork,The Blessing of a Skinned Knee,Wendy Mogel
Wendy Mogel,notableWork,The Blessing of a B Minus,Wendy Mogel
Wendy Mogel,fieldOfStudy,Clinical Psychology,Wendy Mogel
Wendy Mogel,fieldOfStudy,Child Development,Wendy Mogel
Wendy Mogel,influencedBy,Jewish teachings,Wendy Mogel
Wendy Mogel,influencedBy,Traditional parenting values,Wendy Mogel
Wendy Mogel,knownFor,Parenting advice,Wendy Mogel
Wendy Mogel,knownFor,Books on child-rearing,Wendy Mogel
Wendy Mogel,hasSpouse,Michael Mogel,Wendy Mogel
Wendy Mogel,hasChild,Two daughters,Wendy Mogel
Wendy Mogel,residence,"Los Angeles, California",Wendy Mogel
Wendy Mogel,website,wendymogel.com,Wendy Mogel
Wendy Mogel,awardReceived,Books for a Better Life Award,Wendy Mogel
The Blessing of a Skinned Knee,author,Wendy Mogel,Wendy Mogel
The Blessing of a Skinned Knee,publicationDate,2001,Wendy Mogel
The Blessing of a Skinned Knee,genre,Parenting,Wendy Mogel
The Blessing of a B Minus,author,Wendy Mogel,Wendy Mogel
The Blessing of a B Minus,publicationDate,2010,Wendy Mogel
The Blessing of a B Minus,genre,Parenting,Wendy Mogel
Voice Lessons for Parents,author,Wendy Mogel,Wendy Mogel
Voice Lessons for Parents,publicationDate,2018,Wendy Mogel
Voice Lessons for Parents,genre,Parenting,Wendy Mogel
"Dmytrivka, Chernihiv Oblast",instanceOf,village,"Dmytrivka, Chernihiv Oblast"
"Dmytrivka, Chernihiv Oblast",locatedIn,Chernihiv Oblast,"Dmytrivka, Chernihiv Oblast"
"Dmytrivka, Chernihiv Oblast",locatedIn,Ukraine,"Dmytrivka, Chernihiv Oblast"
"Dmytrivka, Chernihiv Oblast",country,Ukraine,"Dmytrivka, Chernihiv Oblast"
"Dmytrivka, Chernihiv Oblast",administrativeRegion,Chernihiv Raion,"Dmytrivka, Chernihiv Oblast"
"Dmytrivka, Chernihiv Oblast",population,approximately 500 (as of recent estimates),"Dmytrivka, Chernihiv Oblast"
"Dmytrivka, Chernihiv Oblast",timeZone,EET (UTC+2),"Dmytrivka, Chernihiv Oblast"
"Dmytrivka, Chernihiv Oblast",timeZone,"EEST (UTC+3, during daylight saving time)","Dmytrivka, Chernihiv Oblast"
"Dmytrivka, Chernihiv Oblast",coordinates,"51.3333° N, 31.2500° E (approximate)","Dmytrivka, Chernihiv Oblast"
"Borisoglebsky, Murmansk Oblast",instanceOf,village,"Borisoglebsky, Murmansk Oblast"
"Borisoglebsky, Murmansk Oblast",instanceOf,rural locality,"Borisoglebsky, Murmansk Oblast"
"Borisoglebsky, Murmansk Oblast",locatedIn,Murmansk Oblast,"Borisoglebsky, Murmansk Oblast"
"Borisoglebsky, Murmansk Oblast",locatedIn,Russia,"Borisoglebsky, Murmansk Oblast"
"Borisoglebsky, Murmansk Oblast",locatedInAdministrativeUnit,Pechengsky District,"Borisoglebsky, Murmansk Oblast"
"Borisoglebsky, Murmansk Oblast",nearbyRiver,Pechenga River,"Borisoglebsky, Murmansk Oblast"
"Borisoglebsky, Murmansk Oblast",nearbyLandmark,Trifonov Pechengsky Monastery,"Borisoglebsky, Murmansk Oblast"
"Borisoglebsky, Murmansk Oblast",timeZone,UTC+3 (Moscow Time),"Borisoglebsky, Murmansk Oblast"
"Borisoglebsky, Murmansk Oblast",population,approximately 20 (as of recent estimates),"Borisoglebsky, Murmansk Oblast"
"Borisoglebsky, Murmansk Oblast",historicalSignificance,site of the Borisoglebsky Monastery (founded in the 16th century),"Borisoglebsky, Murmansk Oblast"
"Borisoglebsky, Murmansk Oblast",climate,subarctic,"Borisoglebsky, Murmansk Oblast"
"Borisoglebsky, Murmansk Oblast",federalSubject,Murmansk Oblast,"Borisoglebsky, Murmansk Oblast"
Cabo Velas,instanceOf,geographic location,Cabo Velas
Cabo Velas,instanceOf,tourist destination,Cabo Velas
Cabo Velas,locatedIn,Santa Cruz Canton,Cabo Velas
Cabo Velas,locatedIn,Guanacaste Province,Cabo Velas
Cabo Velas,locatedIn,Costa Rica,Cabo Velas
Cabo Velas,nearbyLandmark,Tamarindo,Cabo Velas
Cabo Velas,nearbyLandmark,Playa Grande,Cabo Velas
Cabo Velas,type,cape,Cabo Velas
Cabo Velas,knownFor,beaches,Cabo Velas
Cabo Velas,knownFor,surfing,Cabo Velas
Cabo Velas,knownFor,wildlife,Cabo Velas
Cabo Velas,partOf,Las Baulas National Marine Park,Cabo Velas
1996 EA Generali Open,instanceOf,tennis tournament,1996 EA Generali Open
1996 EA Generali Open,instanceOf,ATP Tour event,1996 EA Generali Open
1996 EA Generali Open,partOf,ATP World Series,1996 EA Generali Open
1996 EA Generali Open,location,"Kitzbühel, Austria",1996 EA Generali Open
1996 EA Generali Open,surface,clay,1996 EA Generali Open
1996 EA Generali Open,edition,26th,1996 EA Generali Open
1996 EA Generali Open,startDate,1996-07-22,1996 EA Generali Open
1996 EA Generali Open,endDate,1996-07-28,1996 EA Generali Open
1996 EA Generali Open,singlesChampion,Alberto Berasategui,1996 EA Generali Open
1996 EA Generali Open,doublesChampions,Libor Pimek,1996 EA Generali Open
1996 EA Generali Open,doublesChampions,Byron Talbot,1996 EA Generali Open
1996 EA Generali Open,sponsor,EA Generali,1996 EA Generali Open
1996 EA Generali Open,tournamentCategory,ATP World Series,1996 EA Generali Open
1996 EA Generali Open,totalFinancialCommitment,400000 USD,1996 EA Generali Open
1996 EA Generali Open,drawSizeSingles,32,1996 EA Generali Open
1996 EA Generali Open,drawSizeDoubles,16,1996 EA Generali Open
Bailey's Dam,instanceOf,dam,Bailey's Dam
Bailey's Dam,instanceOf,historical site,Bailey's Dam
Bailey's Dam,locatedIn,"Alexandria, Louisiana",Bailey's Dam
Bailey's Dam,locatedIn,United States,Bailey's Dam
Bailey's Dam,builtInYear,1864,Bailey's Dam
Bailey's Dam,builtBy,Union Army,Bailey's Dam
Bailey's Dam,builtFor,raising water levels on the Red River,Bailey's Dam
Bailey's Dam,namedAfter,Lieutenant Colonel Joseph Bailey,Bailey's Dam
Bailey's Dam,partOf,Red River Campaign,Bailey's Dam
Bailey's Dam,partOf,American Civil War,Bailey's Dam
Bailey's Dam,materialUsed,logs,Bailey's Dam
Bailey's Dam,materialUsed,rocks,Bailey's Dam
Bailey's Dam,materialUsed,cotton bales,Bailey's Dam
Bailey's Dam,length,approximately 700 feet,Bailey's Dam
Bailey's Dam,purpose,naval rescue operation,Bailey's Dam
Bailey's Dam,significance,saved Union fleet trapped by low water,Bailey's Dam
Bailey's Dam,listedIn,National Register of Historic Places,Bailey's Dam
Bailey's Dam,yearListed,1973,Bailey's Dam
Philip Adolphe Klier,instanceOf,photographer,Philip Adolphe Klier
Philip Adolphe Klier,instanceOf,person,Philip Adolphe Klier
Philip Adolphe Klier,birthDate,1845,Philip Adolphe Klier
Philip Adolphe Klier,deathDate,1911,Philip Adolphe Klier
Philip Adolphe Klier,birthPlace,Prussia,Philip Adolphe Klier
Philip Adolphe Klier,residence,British Burma,Philip Adolphe Klier
Philip Adolphe Klier,occupation,photographer,Philip Adolphe Klier
Philip Adolphe Klier,fieldOfWork,photography,Philip Adolphe Klier
Philip Adolphe Klier,notableWork,photographs of Burma,Philip Adolphe Klier
Philip Adolphe Klier,nationality,German,Philip Adolphe Klier
Otakar Šín,instanceOf,person,Otakar Šín
Otakar Šín,instanceOf,composer,Otakar Šín
Otakar Šín,instanceOf,music theorist,Otakar Šín
Otakar Šín,birthDate,1881-04-23,Otakar Šín
Otakar Šín,deathDate,1943-01-03,Otakar Šín
Otakar Šín,birthPlace,Prague,Otakar Šín
Otakar Šín,deathPlace,Prague,Otakar Šín
Otakar Šín,nationality,Czech,Otakar Šín
Otakar Šín,occupation,composer,Otakar Šín
Otakar Šín,occupation,music theorist,Otakar Šín
Otakar Šín,occupation,music educator,Otakar Šín
Otakar Šín,fieldOfWork,music theory,Otakar Šín
Otakar Šín,fieldOfWork,composition,Otakar Šín
Otakar Šín,notableWork,Teorie harmonie na vědeckém základě,Otakar Šín
Otakar Šín,notableWork,Učebnice harmonie,Otakar Šín
Otakar Šín,notableWork,Skladby pro klavír,Otakar Šín
Otakar Šín,educatedAt,Prague Conservatory,Otakar Šín
Otakar Šín,studentOf,Josef Klička,Otakar Šín
Otakar Šín,studentOf,Vítězslav Novák,Otakar Šín
Otakar Šín,influencedBy,Vítězslav Novák,Otakar Šín
Otakar Šín,influencedBy,Josef Suk,Otakar Šín
Otakar Šín,teachingPosition,Professor at Prague Conservatory,Otakar Šín
Otakar Šín,teachingPosition,Professor at Charles University,Otakar Šín
Otakar Šín,awardReceived,State Prize for Music Theory,Otakar Šín
Otakar Šín,memberOf,Czech Academy of Sciences and Arts,Otakar Šín
Otakar Šín,genre,Classical music,Otakar Šín
Otakar Šín,associatedPeriod,Late Romantic,Otakar Šín
Otakar Šín,associatedPeriod,Early 20th century,Otakar Šín
Day of Reckoning (1933 film),instanceOf,film,Day of Reckoning (1933 film)
Day of Reckoning (1933 film),releaseYear,1933,Day of Reckoning (1933 film)
Day of Reckoning (1933 film),genre,drama,Day of Reckoning (1933 film)
Day of Reckoning (1933 film),director,Charles Brabin,Day of Reckoning (1933 film)
Day of Reckoning (1933 film),screenplayBy,Oliver H.P. Garrett,Day of Reckoning (1933 film)
Day of Reckoning (1933 film),basedOn,novel by,Day of Reckoning (1933 film)
Day of Reckoning (1933 film),basedOn,Max Brand,Day of Reckoning (1933 film)
Day of Reckoning (1933 film),starring,Richard Dix,Day of Reckoning (1933 film)
Day of Reckoning (1933 film),starring,Madge Evans,Day of Reckoning (1933 film)
Day of Reckoning (1933 film),starring,Conway Tearle,Day of Reckoning (1933 film)
Day of Reckoning (1933 film),productionCompany,Metro-Goldwyn-Mayer,Day of Reckoning (1933 film)
Day of Reckoning (1933 film),countryOfOrigin,United States,Day of Reckoning (1933 film)
Day of Reckoning (1933 film),language,English,Day of Reckoning (1933 film)
Day of Reckoning (1933 film),runtimeMinutes,70,Day of Reckoning (1933 film)
Day of Reckoning (1933 film),color,black and white,Day of Reckoning (1933 film)
Day of Reckoning (1933 film),hasWikiPage,https://en.wikipedia.org/wiki/Day_of_Reckoning_(1933_film),Day of Reckoning (1933 film)
Gordon Jackson Rees,instanceOf,Person,Gordon Jackson Rees
Gordon Jackson Rees,instanceOf,Physician,Gordon Jackson Rees
Gordon Jackson Rees,birthDate,1918-01-17,Gordon Jackson Rees
Gordon Jackson Rees,deathDate,2001-04-07,Gordon Jackson Rees
Gordon Jackson Rees,birthPlace,"Swansea, Wales",Gordon Jackson Rees
Gordon Jackson Rees,deathPlace,"Oxford, England",Gordon Jackson Rees
Gordon Jackson Rees,nationality,British,Gordon Jackson Rees
Gordon Jackson Rees,occupation,Anesthesiologist,Gordon Jackson Rees
Gordon Jackson Rees,field,Anesthesiology,Gordon Jackson Rees
Gordon Jackson Rees,field,Pediatric Anesthesia,Gordon Jackson Rees
Gordon Jackson Rees,education,University of Cambridge,Gordon Jackson Rees
Gordon Jackson Rees,education,University of Oxford,Gordon Jackson Rees
Gordon Jackson Rees,knownFor,Pioneering work in pediatric anesthesia,Gordon Jackson Rees
Gordon Jackson Rees,knownFor,Development of the Jackson-Rees modification of the Ayre's T-piece,Gordon Jackson Rees
Gordon Jackson Rees,award,Dame Margaret Davidson Medal,Gordon Jackson Rees
Gordon Jackson Rees,award,Honorary Fellowship of the Royal College of Anaesthetists,Gordon Jackson Rees
Gordon Jackson Rees,employer,Great Ormond Street Hospital,Gordon Jackson Rees
Gordon Jackson Rees,employer,University of Oxford,Gordon Jackson Rees
Gordon Jackson Rees,notableWork,Contributions to pediatric anesthesia techniques,Gordon Jackson Rees
Gordon Jackson Rees,spouse,Joan Rees,Gordon Jackson Rees
Gordon Jackson Rees,child,David Rees,Gordon Jackson Rees
Gordon Jackson Rees,child,Susan Rees,Gordon Jackson Rees
Staphylococcus schleiferi,instanceOf,bacterium,Staphylococcus schleiferi
Staphylococcus schleiferi,instanceOf,Gram-positive bacterium,Staphylococcus schleiferi
Staphylococcus schleiferi,partOf,Staphylococcus genus,Staphylococcus schleiferi
Staphylococcus schleiferi,subtypeOf,Staphylococcus intermedius group,Staphylococcus schleiferi
Staphylococcus schleiferi,causes,canine pyoderma,Staphylococcus schleiferi
Staphylococcus schleiferi,causes,otitis externa in dogs,Staphylococcus schleiferi
Staphylococcus schleiferi,causes,wound infections,Staphylococcus schleiferi
Staphylococcus schleiferi,causes,urinary tract infections,Staphylococcus schleiferi
Staphylococcus schleiferi,foundIn,skin microbiota of dogs,Staphylococcus schleiferi
Staphylococcus schleiferi,foundIn,ear microbiota of dogs,Staphylococcus schleiferi
Staphylococcus schleiferi,foundIn,human infections (rare),Staphylococcus schleiferi
Staphylococcus schleiferi,hasCharacteristic,coagulase-variable,Staphylococcus schleiferi
Staphylococcus schleiferi,hasCharacteristic,facultative anaerobe,Staphylococcus schleiferi
Staphylococcus schleiferi,hasCharacteristic,non-motile,Staphylococcus schleiferi
Staphylococcus schleiferi,hasCharacteristic,catalase-positive,Staphylococcus schleiferi
Staphylococcus schleiferi,hasCharacteristic,oxidase-negative,Staphylococcus schleiferi
Staphylococcus schleiferi,resistantTo,methicillin (some strains),Staphylococcus schleiferi
Staphylococcus schleiferi,resistantTo,beta-lactam antibiotics,Staphylococcus schleiferi
Staphylococcus schleiferi,treatedWith,clindamycin,Staphylococcus schleiferi
Staphylococcus schleiferi,treatedWith,cephalosporins,Staphylococcus schleiferi
Staphylococcus schleiferi,treatedWith,fluoroquinolones,Staphylococcus schleiferi
Staphylococcus schleiferi,discoveredIn,1988,Staphylococcus schleiferi
Staphylococcus schleiferi,namedAfter,German microbiologist Friedrich Schleifer,Staphylococcus schleiferi
Staphylococcus schleiferi,hasGenomeSize,approximately 2.5–2.8 Mb,Staphylococcus schleiferi
Staphylococcus schleiferi,hasGCContent,32–34%,Staphylococcus schleiferi
Staphylococcus schleiferi,produces,biofilm,Staphylococcus schleiferi
Staphylococcus schleiferi,associatedWith,nosocomial infections,Staphylococcus schleiferi
Staphylococcus schleiferi,associatedWith,veterinary infections,Staphylococcus schleiferi
Staphylococcus schleiferi,subspecies,Staphylococcus schleiferi subsp. schleiferi,Staphylococcus schleiferi
Staphylococcus schleiferi,subspecies,Staphylococcus schleiferi subsp. coagulans,Staphylococcus schleiferi
Staphylococcus schleiferi subsp. schleiferi,hasCharacteristic,coagulase-negative,Staphylococcus schleiferi
Staphylococcus schleiferi subsp. coagulans,hasCharacteristic,coagulase-positive,Staphylococcus schleiferi
Staphylococcus schleiferi,usedIn,veterinary microbiology research,Staphylococcus schleiferi
Staphylococcus schleiferi,similarTo,Staphylococcus aureus,Staphylococcus schleiferi
Staphylococcus schleiferi,similarTo,Staphylococcus intermedius,Staphylococcus schleiferi
Staphylococcus schleiferi,classifiedUnder,Bacillota phylum,Staphylococcus schleiferi
Staphylococcus schleiferi,classifiedUnder,Bacilli class,Staphylococcus schleiferi
Staphylococcus schleiferi,classifiedUnder,Staphylococcaceae family,Staphylococcus schleiferi
To the Wonder,instanceOf,film,To the Wonder
To the Wonder,directedBy,Terrence Malick,To the Wonder
To the Wonder,writtenBy,Terrence Malick,To the Wonder
To the Wonder,releasedIn,2012,To the Wonder
To the Wonder,genre,drama,To the Wonder
To the Wonder,genre,romance,To the Wonder
To the Wonder,starring,Ben Affleck,To the Wonder
To the Wonder,starring,Olga Kurylenko,To the Wonder
To the Wonder,starring,Rachel McAdams,To the Wonder
To the Wonder,starring,Javier Bardem,To the Wonder
To the Wonder,producedBy,Nicolas Gonda,To the Wonder
To the Wonder,producedBy,Sarah Green,To the Wonder
To the Wonder,cinematographyBy,Emmanuel Lubezki,To the Wonder
To the Wonder,editedBy,A.J. Edwards,To the Wonder
To the Wonder,editedBy,Keith Fraase,To the Wonder
To the Wonder,musicBy,Hanan Townshend,To the Wonder
To the Wonder,productionCompany,FilmNation Entertainment,To the Wonder
To the Wonder,distributedBy,Magnolia Pictures,To the Wonder
To the Wonder,countryOfOrigin,United States,To the Wonder
To the Wonder,language,English,To the Wonder
To the Wonder,language,French,To the Wonder
To the Wonder,language,Spanish,To the Wonder
To the Wonder,filmingLocation,"Bartlesville, Oklahoma, USA",To the Wonder
To the Wonder,filmingLocation,"Paris, France",To the Wonder
To the Wonder,filmingLocation,"Mont Saint-Michel, France",To the Wonder
To the Wonder,runtime,112 minutes,To the Wonder
To the Wonder,awardReceived,Venice Film Festival - SIGNIS Award (Special Mention),To the Wonder
Mucuri Airport,instanceOf,airport,Mucuri Airport
Mucuri Airport,locatedIn,Mucuri,Mucuri Airport
Mucuri Airport,locatedIn,Bahia,Mucuri Airport
Mucuri Airport,locatedIn,Brazil,Mucuri Airport
Mucuri Airport,IATA,MVS,Mucuri Airport
Mucuri Airport,ICAO,SNMU,Mucuri Airport
Mucuri Airport,serves,Mucuri,Mucuri Airport
Mucuri Airport,serves,Teixeira de Freitas,Mucuri Airport
Mucuri Airport,runwayLength,1500 meters,Mucuri Airport
Mucuri Airport,elevation,10 meters,Mucuri Airport
Mucuri Airport,timeZone,UTC-3,Mucuri Airport
Mucuri Airport,operator,Infraero,Mucuri Airport
Mucuri Airport,type,public,Mucuri Airport
Mucuri Airport,opened,1980s,Mucuri Airport
American Society of Magazine Editors,instanceOf,professional organization,American Society of Magazine Editors
American Society of Magazine Editors,instanceOf,nonprofit organization,American Society of Magazine Editors
American Society of Magazine Editors,abbreviation,ASME,American Society of Magazine Editors
American Society of Magazine Editors,foundedIn,1963,American Society of Magazine Editors
American Society of Magazine Editors,headquartersLocation,New York City,American Society of Magazine Editors
American Society of Magazine Editors,country,United States,American Society of Magazine Editors
American Society of Magazine Editors,purpose,promote editorial excellence in magazines,American Society of Magazine Editors
American Society of Magazine Editors,purpose,advocate for First Amendment rights,American Society of Magazine Editors
American Society of Magazine Editors,purpose,support professional development for magazine editors,American Society of Magazine Editors
American Society of Magazine Editors,awards,National Magazine Awards,American Society of Magazine Editors
American Society of Magazine Editors,awards,Ellie Awards,American Society of Magazine Editors
American Society of Magazine Editors,governedBy,board of directors,American Society of Magazine Editors
American Society of Magazine Editors,membership,magazine editors,American Society of Magazine Editors
American Society of Magazine Editors,membership,journalists,American Society of Magazine Editors
American Society of Magazine Editors,membership,publishing professionals,American Society of Magazine Editors
American Society of Magazine Editors,website,www.magazine.org,American Society of Magazine Editors
American Society of Magazine Editors,affiliatedWith,MPA – The Association of Magazine Media,American Society of Magazine Editors
American Society of Magazine Editors,notableMember,Graydon Carter,American Society of Magazine Editors
American Society of Magazine Editors,notableMember,Anna Wintour,American Society of Magazine Editors
American Society of Magazine Editors,notableMember,David Remnick,American Society of Magazine Editors
The Rookie: Feds,instanceOf,television series,The Rookie: Feds
The Rookie: Feds,instanceOf,crime drama,The Rookie: Feds
The Rookie: Feds,genre,crime,The Rookie: Feds
The Rookie: Feds,genre,drama,The Rookie: Feds
The Rookie: Feds,creator,Alexi Hawley,The Rookie: Feds
The Rookie: Feds,developer,Terence Paul Winter,The Rookie: Feds
The Rookie: Feds,basedOn,characters from The Rookie,The Rookie: Feds
The Rookie: Feds,starring,Niecy Nash,The Rookie: Feds
The Rookie: Feds,starring,Felix Solis,The Rookie: Feds
The Rookie: Feds,starring,Britt Robertson,The Rookie: Feds
The Rookie: Feds,starring,Kevin Zegers,The Rookie: Feds
The Rookie: Feds,starring,James Lesure,The Rookie: Feds
The Rookie: Feds,starring,Frankie Faison,The Rookie: Feds
The Rookie: Feds,executiveProducer,Alexi Hawley,The Rookie: Feds
The Rookie: Feds,executiveProducer,Niecy Nash,The Rookie: Feds
The Rookie: Feds,executiveProducer,Michelle Chapman,The Rookie: Feds
The Rookie: Feds,executiveProducer,Bill Norcross,The Rookie: Feds
The Rookie: Feds,executiveProducer,Corey Miller,The Rookie: Feds
The Rookie: Feds,executiveProducer,Terence Paul Winter,The Rookie: Feds
The Rookie: Feds,productionCompany,Entertainment One,The Rookie: Feds
The Rookie: Feds,productionCompany,ABC Signature,The Rookie: Feds
The Rookie: Feds,distributor,Disney Platform Distribution,The Rookie: Feds
The Rookie: Feds,originalNetwork,ABC,The Rookie: Feds
The Rookie: Feds,countryOfOrigin,United States,The Rookie: Feds
The Rookie: Feds,language,English,The Rookie: Feds
The Rookie: Feds,numberOfSeasons,1,The Rookie: Feds
The Rookie: Feds,numberOfEpisodes,22,The Rookie: Feds
The Rookie: Feds,releaseDate,2022-09-27,The Rookie: Feds
The Rookie: Feds,premiereDate,2022-09-27,The Rookie: Feds
The Rookie: Feds,endDate,2023-05-02,The Rookie: Feds
The Rookie: Feds,relatedTo,The Rookie,The Rookie: Feds
The Rookie: Feds,spinOffOf,The Rookie,The Rookie: Feds
The Rookie: Feds,filmingLocation,Los Angeles,The Rookie: Feds
The Rookie: Feds,filmingLocation,California,The Rookie: Feds
Oregon Route 569,instanceOf,highway,Oregon Route 569
Oregon Route 569,instanceOf,state highway,Oregon Route 569
Oregon Route 569,locatedIn,Oregon,Oregon Route 569
Oregon Route 569,locatedIn,United States,Oregon Route 569
Oregon Route 569,type,state route,Oregon Route 569
Oregon Route 569,routeNumber,569,Oregon Route 569
Oregon Route 569,alternateName,OR 569,Oregon Route 569
Oregon Route 569,alternateName,Randy Papé Beltline,Oregon Route 569
Oregon Route 569,terminus,Oregon Route 126,Oregon Route 569
Oregon Route 569,terminus,Oregon Route 99,Oregon Route 569
Oregon Route 569,length,11.2 miles,Oregon Route 569
Oregon Route 569,length,18.0 kilometers,Oregon Route 569
Oregon Route 569,direction,east-west,Oregon Route 569
Oregon Route 569,connects,Eugene,Oregon Route 569
Oregon Route 569,connects,Springfield,Oregon Route 569
Oregon Route 569,managedBy,Oregon Department of Transportation,Oregon Route 569
Oregon Route 569,opened,1960s,Oregon Route 569
Oregon Route 569,partOf,National Highway System,Oregon Route 569
Oregon Route 569,crosses,Willamette River,Oregon Route 569
Oregon Route 569,intersects,Interstate 5,Oregon Route 569
Oregon Route 569,intersects,Oregon Route 99E,Oregon Route 569
Oregon Route 569,intersects,Oregon Route 99W,Oregon Route 569
Oregon Route 569,serves,commercial traffic,Oregon Route 569
Oregon Route 569,serves,commuter traffic,Oregon Route 569
Oregon Route 569,hasJurisdiction,Lane County,Oregon Route 569
Oregon Route 569,namedAfter,Randy Papé,Oregon Route 569
Juncus inflexus,instanceOf,species,Juncus inflexus
Juncus inflexus,commonName,Hard Rush,Juncus inflexus
Juncus inflexus,commonName,Blue Rush,Juncus inflexus
Juncus inflexus,kingdom,Plantae,Juncus inflexus
Juncus inflexus,clade,Angiosperms,Juncus inflexus
Juncus inflexus,clade,Monocots,Juncus inflexus
Juncus inflexus,order,Poales,Juncus inflexus
Juncus inflexus,family,Juncaceae,Juncus inflexus
Juncus inflexus,genus,Juncus,Juncus inflexus
Juncus inflexus,nativeTo,Europe,Juncus inflexus
Juncus inflexus,nativeTo,Asia,Juncus inflexus
Juncus inflexus,nativeTo,Africa,Juncus inflexus
Juncus inflexus,introducedTo,North America,Juncus inflexus
Juncus inflexus,introducedTo,Australia,Juncus inflexus
Juncus inflexus,habitat,wetlands,Juncus inflexus
Juncus inflexus,habitat,marshes,Juncus inflexus
Juncus inflexus,habitat,ditches,Juncus inflexus
Juncus inflexus,habitat,riverbanks,Juncus inflexus
Juncus inflexus,growthForm,perennial,Juncus inflexus
Juncus inflexus,stemColor,glaucous (blue-green),Juncus inflexus
Juncus inflexus,height,30–100 cm,Juncus inflexus
Juncus inflexus,leafType,reduced to basal sheaths,Juncus inflexus
Juncus inflexus,flowerColor,brown,Juncus inflexus
Juncus inflexus,floweringPeriod,June to August,Juncus inflexus
Juncus inflexus,pollination,wind,Juncus inflexus
Juncus inflexus,seedDispersal,water,Juncus inflexus
Juncus inflexus,seedDispersal,wind,Juncus inflexus
Juncus inflexus,soilPreference,clay,Juncus inflexus
Juncus inflexus,soilPreference,loam,Juncus inflexus
Juncus inflexus,tolerance,waterlogging,Juncus inflexus
Juncus inflexus,tolerance,salinity,Juncus inflexus
Juncus inflexus,conservationStatus,Least Concern (IUCN),Juncus inflexus
Juncus inflexus,synonym,Juncus glaucus,Juncus inflexus
Juncus inflexus,usedFor,erosion control,Juncus inflexus
Juncus inflexus,usedFor,wetland restoration,Juncus inflexus
Cazzano di Tramigna,instanceOf,comune (municipality),Cazzano di Tramigna
Cazzano di Tramigna,instanceOf,administrative territorial entity,Cazzano di Tramigna
Cazzano di Tramigna,locatedIn,Veneto,Cazzano di Tramigna
Cazzano di Tramigna,locatedIn,Italy,Cazzano di Tramigna
Cazzano di Tramigna,locatedIn,Province of Verona,Cazzano di Tramigna
Cazzano di Tramigna,country,Italy,Cazzano di Tramigna
Cazzano di Tramigna,region,Veneto,Cazzano di Tramigna
Cazzano di Tramigna,province,Verona,Cazzano di Tramigna
Cazzano di Tramigna,population,"approximately 1,500",Cazzano di Tramigna
Cazzano di Tramigna,elevation,100 meters above sea level,Cazzano di Tramigna
Cazzano di Tramigna,postalCode,37030,Cazzano di Tramigna
Cazzano di Tramigna,area,12.27 square kilometers,Cazzano di Tramigna
Cazzano di Tramigna,mayor,varies (local government official),Cazzano di Tramigna
Cazzano di Tramigna,fractionOf,Illasi,Cazzano di Tramigna
Cazzano di Tramigna,nearbyLocation,Tregnago,Cazzano di Tramigna
Cazzano di Tramigna,nearbyLocation,San Giovanni Ilarione,Cazzano di Tramigna
Cazzano di Tramigna,nearbyLocation,Montecchia di Crosara,Cazzano di Tramigna
Cap-Haïtien International Airport,instanceOf,airport,Cap-Haïtien International Airport
Cap-Haïtien International Airport,locatedIn,Cap-Haïtien,Cap-Haïtien International Airport
Cap-Haïtien International Airport,locatedIn,Haiti,Cap-Haïtien International Airport
Cap-Haïtien International Airport,locatedIn,North Department,Cap-Haïtien International Airport
Cap-Haïtien International Airport,IATAcode,CAP,Cap-Haïtien International Airport
Cap-Haïtien International Airport,ICAOcode,MTCH,Cap-Haïtien International Airport
Cap-Haïtien International Airport,serves,Cap-Haïtien,Cap-Haïtien International Airport
Cap-Haïtien International Airport,serves,Northern Haiti,Cap-Haïtien International Airport
Cap-Haïtien International Airport,elevation,3 meters,Cap-Haïtien International Airport
Cap-Haïtien International Airport,runwayLength,2600 meters,Cap-Haïtien International Airport
Cap-Haïtien International Airport,runwaySurface,asphalt,Cap-Haïtien International Airport
Cap-Haïtien International Airport,opened,1960s,Cap-Haïtien International Airport
Cap-Haïtien International Airport,operator,Autorité Aéroportuaire Nationale (AAN),Cap-Haïtien International Airport
Cap-Haïtien International Airport,type,public,Cap-Haïtien International Airport
Cap-Haïtien International Airport,timeZone,UTC-5,Cap-Haïtien International Airport
Cap-Haïtien International Airport,coordinates,"19.7333°N, 72.1936°W",Cap-Haïtien International Airport
Cap-Haïtien International Airport,alsoKnownAs,Hugo Chávez International Airport,Cap-Haïtien International Airport
Cap-Haïtien International Airport,namedAfter,Hugo Chávez,Cap-Haïtien International Airport
Cap-Haïtien International Airport,hasDirectFlightsTo,Port-au-Prince,Cap-Haïtien International Airport
Cap-Haïtien International Airport,hasDirectFlightsTo,Fort Lauderdale,Cap-Haïtien International Airport
Cap-Haïtien International Airport,hasDirectFlightsTo,Miami,Cap-Haïtien International Airport
Cap-Haïtien International Airport,hasDirectFlightsTo,Providenciales,Cap-Haïtien International Airport
Cap-Haïtien International Airport,hasAirlines,Sunrise Airways,Cap-Haïtien International Airport
Cap-Haïtien International Airport,hasAirlines,American Airlines,Cap-Haïtien International Airport
Cap-Haïtien International Airport,hasAirlines,Caicos Express Airways,Cap-Haïtien International Airport
Cap-Haïtien International Airport,passengerTraffic,moderate,Cap-Haïtien International Airport
Cap-Haïtien International Airport,cargoTraffic,limited,Cap-Haïtien International Airport
Cap-Haïtien International Airport,hasTerminals,1,Cap-Haïtien International Airport
Cap-Haïtien International Airport,hasRunways,1,Cap-Haïtien International Airport
Cap-Haïtien International Airport,nearbyAttractions,Citadelle Laferrière,Cap-Haïtien International Airport
Cap-Haïtien International Airport,nearbyAttractions,Sans-Souci Palace,Cap-Haïtien International Airport
Cap-Haïtien International Airport,nearbyAttractions,Labadee,Cap-Haïtien International Airport
Cap-Haïtien International Airport,expansionPlans,upgrades to facilities,Cap-Haïtien International Airport
Cap-Haïtien International Airport,historicalSignificance,key transport hub for Northern Haiti,Cap-Haïtien International Airport
Soviet destroyer Nezamozhnik,instanceOf,destroyer,Soviet destroyer Nezamozhnik
Soviet destroyer Nezamozhnik,instanceOf,warship,Soviet destroyer Nezamozhnik
Soviet destroyer Nezamozhnik,country,Soviet Union,Soviet destroyer Nezamozhnik
Soviet destroyer Nezamozhnik,class,Fidonisy-class destroyer,Soviet destroyer Nezamozhnik
Soviet destroyer Nezamozhnik,commissioned,1917,Soviet destroyer Nezamozhnik
Soviet destroyer Nezamozhnik,decommissioned,1950s,Soviet destroyer Nezamozhnik
Soviet destroyer Nezamozhnik,previousName,Zante,Soviet destroyer Nezamozhnik
Soviet destroyer Nezamozhnik,builder,"Naval Shipyard, Nikolayev",Soviet destroyer Nezamozhnik
Soviet destroyer Nezamozhnik,displacement,1326 tons,Soviet destroyer Nezamozhnik
Soviet destroyer Nezamozhnik,length,92.5 meters,Soviet destroyer Nezamozhnik
Soviet destroyer Nezamozhnik,beam,9.1 meters,Soviet destroyer Nezamozhnik
Soviet destroyer Nezamozhnik,draft,3.2 meters,Soviet destroyer Nezamozhnik
Soviet destroyer Nezamozhnik,propulsion,steam turbines,Soviet destroyer Nezamozhnik
Soviet destroyer Nezamozhnik,speed,33 knots,Soviet destroyer Nezamozhnik
Soviet destroyer Nezamozhnik,range,1800 nautical miles,Soviet destroyer Nezamozhnik
Soviet destroyer Nezamozhnik,complement,110,Soviet destroyer Nezamozhnik
Soviet destroyer Nezamozhnik,armament,4 × 102 mm guns,Soviet destroyer Nezamozhnik
Soviet destroyer Nezamozhnik,armament,2 × 76 mm guns,Soviet destroyer Nezamozhnik
Soviet destroyer Nezamozhnik,armament,4 × 450 mm torpedo tubes,Soviet destroyer Nezamozhnik
Soviet destroyer Nezamozhnik,armament,80 mines,Soviet destroyer Nezamozhnik
Soviet destroyer Nezamozhnik,serviceHistory,World War I,Soviet destroyer Nezamozhnik
Soviet destroyer Nezamozhnik,serviceHistory,Russian Civil War,Soviet destroyer Nezamozhnik
Soviet destroyer Nezamozhnik,serviceHistory,World War II,Soviet destroyer Nezamozhnik
Soviet destroyer Nezamozhnik,participatedIn,Battle of the Kerch Strait,Soviet destroyer Nezamozhnik
Soviet destroyer Nezamozhnik,fate,scrapped,Soviet destroyer Nezamozhnik
Fidonisy-class destroyer,instanceOf,destroyer class,Soviet destroyer Nezamozhnik
Fidonisy-class destroyer,country,Russian Empire,Soviet destroyer Nezamozhnik
Fidonisy-class destroyer,numberBuilt,8,Soviet destroyer Nezamozhnik
"2,3-Dimethylhexane",instanceOf,chemical compound,"2,3-Dimethylhexane"
"2,3-Dimethylhexane",instanceOf,alkane,"2,3-Dimethylhexane"
"2,3-Dimethylhexane",IUPAC name,"2,3-dimethylhexane","2,3-Dimethylhexane"
"2,3-Dimethylhexane",molecular formula,C8H18,"2,3-Dimethylhexane"
"2,3-Dimethylhexane",SMILES,CCC(C)C(C)CC,"2,3-Dimethylhexane"
"2,3-Dimethylhexane",CAS number,584-94-1,"2,3-Dimethylhexane"
"2,3-Dimethylhexane",molar mass,114.23 g/mol,"2,3-Dimethylhexane"
"2,3-Dimethylhexane",boiling point,115.6 °C,"2,3-Dimethylhexane"
"2,3-Dimethylhexane",melting point,-116.7 °C,"2,3-Dimethylhexane"
"2,3-Dimethylhexane",density,0.712 g/cm³ (at 20 °C),"2,3-Dimethylhexane"
"2,3-Dimethylhexane",solubility,insoluble in water,"2,3-Dimethylhexane"
"2,3-Dimethylhexane",solubility,soluble in organic solvents,"2,3-Dimethylhexane"
"2,3-Dimethylhexane",isomeric form of,octane,"2,3-Dimethylhexane"
"2,3-Dimethylhexane",structural isomer of,"2,2-Dimethylhexane","2,3-Dimethylhexane"
"2,3-Dimethylhexane",structural isomer of,"2,4-Dimethylhexane","2,3-Dimethylhexane"
"2,3-Dimethylhexane",structural isomer of,"2,5-Dimethylhexane","2,3-Dimethylhexane"
"2,3-Dimethylhexane",structural isomer of,"3,3-Dimethylhexane","2,3-Dimethylhexane"
"2,3-Dimethylhexane",structural isomer of,"3,4-Dimethylhexane","2,3-Dimethylhexane"
"2,3-Dimethylhexane",structural isomer of,3-Ethylhexane,"2,3-Dimethylhexane"
"2,3-Dimethylhexane",structural isomer of,n-Octane,"2,3-Dimethylhexane"
"2,3-Dimethylhexane",used as,solvent,"2,3-Dimethylhexane"
"2,3-Dimethylhexane",used in,organic synthesis,"2,3-Dimethylhexane"
"2,3-Dimethylhexane",flammability,highly flammable,"2,3-Dimethylhexane"
"2,3-Dimethylhexane",hazard classification,flammable liquid,"2,3-Dimethylhexane"
"2,3-Dimethylhexane",safety hazard,irritant to skin and eyes,"2,3-Dimethylhexane"
"2,3-Dimethylhexane",safety hazard,may cause respiratory irritation,"2,3-Dimethylhexane"
MV Ganga Vilas,instanceOf,cruise ship,MV Ganga Vilas
MV Ganga Vilas,instanceOf,river cruise,MV Ganga Vilas
MV Ganga Vilas,operatedBy,Antara Luxury River Cruises,MV Ganga Vilas
MV Ganga Vilas,launched,2023,MV Ganga Vilas
MV Ganga Vilas,route,Varanasi to Dibrugarh,MV Ganga Vilas
MV Ganga Vilas,routeCovers,India,MV Ganga Vilas
MV Ganga Vilas,routeCovers,Bangladesh,MV Ganga Vilas
MV Ganga Vilas,length,62.5 meters,MV Ganga Vilas
MV Ganga Vilas,width,12.8 meters,MV Ganga Vilas
MV Ganga Vilas,capacity,36 passengers,MV Ganga Vilas
MV Ganga Vilas,cabins,18,MV Ganga Vilas
MV Ganga Vilas,features,luxury amenities,MV Ganga Vilas
MV Ganga Vilas,features,spa,MV Ganga Vilas
MV Ganga Vilas,features,gym,MV Ganga Vilas
MV Ganga Vilas,features,restaurant,MV Ganga Vilas
MV Ganga Vilas,features,lounge,MV Ganga Vilas
MV Ganga Vilas,features,sun deck,MV Ganga Vilas
MV Ganga Vilas,journeyDuration,51 days,MV Ganga Vilas
MV Ganga Vilas,river,Ganges,MV Ganga Vilas
MV Ganga Vilas,river,Brahmaputra,MV Ganga Vilas
MV Ganga Vilas,river,Megna,MV Ganga Vilas
MV Ganga Vilas,passesThrough,Varanasi,MV Ganga Vilas
MV Ganga Vilas,passesThrough,Patna,MV Ganga Vilas
MV Ganga Vilas,passesThrough,Kolkata,MV Ganga Vilas
MV Ganga Vilas,passesThrough,Dhaka,MV Ganga Vilas
MV Ganga Vilas,passesThrough,Guwahati,MV Ganga Vilas
MV Ganga Vilas,passesThrough,Dibrugarh,MV Ganga Vilas
MV Ganga Vilas,worldRecord,longest river cruise,MV Ganga Vilas
MV Ganga Vilas,flag,India,MV Ganga Vilas
MV Ganga Vilas,notableFor,connecting cultural heritage sites,MV Ganga Vilas
MV Ganga Vilas,notableFor,promoting river tourism,MV Ganga Vilas
Bangalore Days,instanceOf,Film,Bangalore Days
Bangalore Days,instanceOf,MalayalamFilm,Bangalore Days
Bangalore Days,directedBy,Anjali Menon,Bangalore Days
Bangalore Days,producedBy,Anwar Rasheed,Bangalore Days
Bangalore Days,producedBy,Sophie Ott,Bangalore Days
Bangalore Days,writtenBy,Anjali Menon,Bangalore Days
Bangalore Days,starring,Nivin Pauly,Bangalore Days
Bangalore Days,starring,Dulquer Salmaan,Bangalore Days
Bangalore Days,starring,Fahadh Faasil,Bangalore Days
Bangalore Days,starring,Nazriya Nazim,Bangalore Days
Bangalore Days,starring,Parvathy Thiruvothu,Bangalore Days
Bangalore Days,starring,Isha Talwar,Bangalore Days
Bangalore Days,musicBy,Gopi Sundar,Bangalore Days
Bangalore Days,releaseDate,2014-05-30,Bangalore Days
Bangalore Days,countryOfOrigin,India,Bangalore Days
Bangalore Days,language,Malayalam,Bangalore Days
Bangalore Days,genre,Drama,Bangalore Days
Bangalore Days,genre,Romance,Bangalore Days
Bangalore Days,genre,Comedy,Bangalore Days
Bangalore Days,productionCompany,Working Class Hero,Bangalore Days
Bangalore Days,distributedBy,Magic Frames,Bangalore Days
Bangalore Days,runtime,171 minutes,Bangalore Days
Bangalore Days,awardReceived,Kerala State Film Award for Best Popular Film,Bangalore Days
Bangalore Days,awardReceived,Filmfare Award for Best Film – Malayalam,Bangalore Days
Bangalore Days,awardReceived,Asiavision Awards for Best Film,Bangalore Days
Bangalore Days,boxOffice,₹50 crore (US$6.3 million),Bangalore Days
Bangalore Days,basedOn,Life experiences of three cousins in Bangalore,Bangalore Days
Bangalore Days,hasSequel,Bangalore Days 2 (rumored),Bangalore Days
Anjali Menon,directed,Bangalore Days,Bangalore Days
Nivin Pauly,actedIn,Bangalore Days,Bangalore Days
Dulquer Salmaan,actedIn,Bangalore Days,Bangalore Days
Fahadh Faasil,actedIn,Bangalore Days,Bangalore Days
Nazriya Nazim,actedIn,Bangalore Days,Bangalore Days
Parvathy Thiruvothu,actedIn,Bangalore Days,Bangalore Days
Isha Talwar,actedIn,Bangalore Days,Bangalore Days
Matraman railway station,instanceOf,railway station,Matraman railway station
Matraman railway station,locatedIn,Jakarta,Matraman railway station
Matraman railway station,locatedIn,Indonesia,Matraman railway station
Matraman railway station,country,Indonesia,Matraman railway station
Matraman railway station,city,Jakarta,Matraman railway station
Matraman railway station,administrativeRegion,Special Capital Region of Jakarta,Matraman railway station
Matraman railway station,serves,KRL Commuterline,Matraman railway station
Matraman railway station,lineServed,Bogor Line,Matraman railway station
Matraman railway station,lineServed,Cikarang Loop Line,Matraman railway station
Matraman railway station,stationCode,MRM,Matraman railway station
Matraman railway station,opened,1920s,Matraman railway station
Matraman railway station,operatedBy,Kereta Commuter Indonesia,Matraman railway station
Matraman railway station,nearbyLandmark,Matraman Market,Matraman railway station
Matraman railway station,nearbyLandmark,Atma Jaya Catholic University of Indonesia,Matraman railway station
Matraman railway station,coordinates,"-6.2036, 106.8553",Matraman railway station
Edward Magruder Tutwiler,instanceOf,human,Edward Magruder Tutwiler
Edward Magruder Tutwiler,instanceOf,educator,Edward Magruder Tutwiler
Edward Magruder Tutwiler,birthDate,1846-06-13,Edward Magruder Tutwiler
Edward Magruder Tutwiler,deathDate,1925-08-29,Edward Magruder Tutwiler
Edward Magruder Tutwiler,birthPlace,"Tuscaloosa, Alabama, U.S.",Edward Magruder Tutwiler
Edward Magruder Tutwiler,deathPlace,"Birmingham, Alabama, U.S.",Edward Magruder Tutwiler
Edward Magruder Tutwiler,occupation,educator,Edward Magruder Tutwiler
Edward Magruder Tutwiler,occupation,engineer,Edward Magruder Tutwiler
Edward Magruder Tutwiler,knownFor,contributions to education in Alabama,Edward Magruder Tutwiler
Edward Magruder Tutwiler,education,University of Virginia,Edward Magruder Tutwiler
Edward Magruder Tutwiler,almaMater,University of Virginia,Edward Magruder Tutwiler
Edward Magruder Tutwiler,fieldOfWork,civil engineering,Edward Magruder Tutwiler
Edward Magruder Tutwiler,fieldOfWork,education,Edward Magruder Tutwiler
Edward Magruder Tutwiler,notableWork,"Tutwiler Hotel (Birmingham, Alabama)",Edward Magruder Tutwiler
Edward Magruder Tutwiler,associatedInstitution,University of Alabama,Edward Magruder Tutwiler
Edward Magruder Tutwiler,roleAtInstitution,President of the University of Alabama,Edward Magruder Tutwiler
Edward Magruder Tutwiler,termAsPresident,1881–1882,Edward Magruder Tutwiler
Edward Magruder Tutwiler,associatedInstitution,Alabama School of Mines (now University of Alabama at Birmingham),Edward Magruder Tutwiler
Edward Magruder Tutwiler,roleAtInstitution,Founder,Edward Magruder Tutwiler
Edward Magruder Tutwiler,relation,son of Henry Tutwiler,Edward Magruder Tutwiler
Henry Tutwiler,instanceOf,human,Edward Magruder Tutwiler
Henry Tutwiler,occupation,educator,Edward Magruder Tutwiler
Edward Magruder Tutwiler,relation,father of Julia Tutwiler,Edward Magruder Tutwiler
Julia Tutwiler,instanceOf,human,Edward Magruder Tutwiler
Julia Tutwiler,occupation,educator,Edward Magruder Tutwiler
Julia Tutwiler,occupation,social reformer,Edward Magruder Tutwiler
Edward Magruder Tutwiler,awardOrHonor,Tutwiler Hall at the University of Alabama named in his honor,Edward Magruder Tutwiler
IBTE Jefri Bolkiah Campus,instanceOf,educational institution,IBTE Jefri Bolkiah Campus
IBTE Jefri Bolkiah Campus,instanceOf,technical college,IBTE Jefri Bolkiah Campus
IBTE Jefri Bolkiah Campus,locatedIn,Brunei,IBTE Jefri Bolkiah Campus
IBTE Jefri Bolkiah Campus,locatedIn,Tutong District,IBTE Jefri Bolkiah Campus
IBTE Jefri Bolkiah Campus,locatedIn,Sungai Liang,IBTE Jefri Bolkiah Campus
IBTE Jefri Bolkiah Campus,operatedBy,Institute of Brunei Technical Education (IBTE),IBTE Jefri Bolkiah Campus
IBTE Jefri Bolkiah Campus,namedAfter,Prince Jefri Bolkiah,IBTE Jefri Bolkiah Campus
IBTE Jefri Bolkiah Campus,offersProgram,engineering,IBTE Jefri Bolkiah Campus
IBTE Jefri Bolkiah Campus,offersProgram,information technology,IBTE Jefri Bolkiah Campus
IBTE Jefri Bolkiah Campus,offersProgram,business studies,IBTE Jefri Bolkiah Campus
IBTE Jefri Bolkiah Campus,offersProgram,hospitality and tourism,IBTE Jefri Bolkiah Campus
IBTE Jefri Bolkiah Campus,establishedIn,2016,IBTE Jefri Bolkiah Campus
IBTE Jefri Bolkiah Campus,partOf,IBTE system,IBTE Jefri Bolkiah Campus
IBTE Jefri Bolkiah Campus,hasFacility,workshops,IBTE Jefri Bolkiah Campus
IBTE Jefri Bolkiah Campus,hasFacility,laboratories,IBTE Jefri Bolkiah Campus
IBTE Jefri Bolkiah Campus,hasFacility,lecture halls,IBTE Jefri Bolkiah Campus
IBTE Jefri Bolkiah Campus,hasFacility,library,IBTE Jefri Bolkiah Campus
IBTE Jefri Bolkiah Campus,hasFacility,student accommodation,IBTE Jefri Bolkiah Campus
Inca finch,instanceOf,bird species,Inca finch
Inca finch,scientificName,Incaspiza,Inca finch
Inca finch,genus,Incaspiza,Inca finch
Inca finch,family,Thraupidae,Inca finch
Inca finch,order,Passeriformes,Inca finch
Inca finch,habitat,Andes mountains,Inca finch
Inca finch,habitat,arid scrublands,Inca finch
Inca finch,nativeTo,Peru,Inca finch
Inca finch,diet,seeds,Inca finch
Inca finch,diet,insects,Inca finch
Inca finch,conservationStatus,Least Concern,Inca finch
Inca finch,notableFeature,gray and rufous plumage,Inca finch
Inca finch,notableFeature,"sharp, pointed bill",Inca finch
Dol pri Šmarju,instanceOf,village,Dol pri Šmarju
Dol pri Šmarju,locatedIn,Slovenia,Dol pri Šmarju
Dol pri Šmarju,locatedIn,Municipality of Šmarje pri Jelšah,Dol pri Šmarju
Dol pri Šmarju,locatedIn,Savinjska statistical region,Dol pri Šmarju
Dol pri Šmarju,partOf,Štajerska traditional region,Dol pri Šmarju
Dol pri Šmarju,hasPopulation,approximately 100 (as of recent estimates),Dol pri Šmarju
Dol pri Šmarju,nearbySettlement,Šmarje pri Jelšah,Dol pri Šmarju
Dol pri Šmarju,nearbySettlement,Roginska Gorca,Dol pri Šmarju
Dol pri Šmarju,elevation,300 meters above sea level,Dol pri Šmarju
Dol pri Šmarju,postalCode,3240,Dol pri Šmarju
Airdrieonians F.C.,instanceOf,football club,Airdrieonians F.C.
Airdrieonians F.C.,instanceOf,sports team,Airdrieonians F.C.
Airdrieonians F.C.,location,"Airdrie, Scotland",Airdrieonians F.C.
Airdrieonians F.C.,founded,1878,Airdrieonians F.C.
Airdrieonians F.C.,dissolved,2002,Airdrieonians F.C.
Airdrieonians F.C.,reformed,2002,Airdrieonians F.C.
Airdrieonians F.C.,nickname,The Diamonds,Airdrieonians F.C.
Airdrieonians F.C.,homeStadium,Excelsior Stadium,Airdrieonians F.C.
Airdrieonians F.C.,capacity,10101,Airdrieonians F.C.
Airdrieonians F.C.,league,Scottish Championship,Airdrieonians F.C.
Airdrieonians F.C.,league,Scottish Professional Football League,Airdrieonians F.C.
Airdrieonians F.C.,manager,Rhys McCabe,Airdrieonians F.C.
Airdrieonians F.C.,chairman,Jim Ballantyne,Airdrieonians F.C.
Airdrieonians F.C.,previousName,Airdrie United F.C.,Airdrieonians F.C.
Airdrieonians F.C.,previousName,Airdrieonians (1878),Airdrieonians F.C.
Airdrieonians F.C.,colours,white and red,Airdrieonians F.C.
Airdrieonians F.C.,website,https://www.airdrieoniansfc.com,Airdrieonians F.C.
Airdrieonians F.C.,rival,Albion Rovers F.C.,Airdrieonians F.C.
Airdrieonians F.C.,rival,Hamilton Academical F.C.,Airdrieonians F.C.
Airdrieonians F.C.,highestLeagueFinish,2nd in Scottish Premier League (1994–95),Airdrieonians F.C.
Airdrieonians F.C.,notableAchievement,"Scottish Challenge Cup winners (2001, 2009, 2024)",Airdrieonians F.C.
Airdrieonians F.C.,notableAchievement,Scottish Second Division winners (2003–04),Airdrieonians F.C.
Airdrieonians F.C.,notablePlayer,Sandy Stewart,Airdrieonians F.C.
Airdrieonians F.C.,notablePlayer,Steve Cooper,Airdrieonians F.C.
Airdrieonians F.C.,notablePlayer,Willie McLaren,Airdrieonians F.C.
Airdrieonians F.C.,currentKitManufacturer,Joma,Airdrieonians F.C.
Airdrieonians F.C.,currentSponsor,Buchanan's Bar & Kitchen,Airdrieonians F.C.
2021 NCAA Division I baseball tournament,instanceOf,sports tournament,2021 NCAA Division I baseball tournament
2021 NCAA Division I baseball tournament,instanceOf,NCAA Division I baseball tournament,2021 NCAA Division I baseball tournament
2021 NCAA Division I baseball tournament,sport,baseball,2021 NCAA Division I baseball tournament
2021 NCAA Division I baseball tournament,organizer,NCAA,2021 NCAA Division I baseball tournament
2021 NCAA Division I baseball tournament,year,2021,2021 NCAA Division I baseball tournament
2021 NCAA Division I baseball tournament,division,Division I,2021 NCAA Division I baseball tournament
2021 NCAA Division I baseball tournament,startDate,2021-06-04,2021 NCAA Division I baseball tournament
2021 NCAA Division I baseball tournament,endDate,2021-06-30,2021 NCAA Division I baseball tournament
2021 NCAA Division I baseball tournament,location,United States,2021 NCAA Division I baseball tournament
2021 NCAA Division I baseball tournament,numberOfTeams,64,2021 NCAA Division I baseball tournament
2021 NCAA Division I baseball tournament,winner,Mississippi State Bulldogs,2021 NCAA Division I baseball tournament
2021 NCAA Division I baseball tournament,runnerUp,Vanderbilt Commodores,2021 NCAA Division I baseball tournament
2021 NCAA Division I baseball tournament,mostOutstandingPlayer,Will Bednar,2021 NCAA Division I baseball tournament
2021 NCAA Division I baseball tournament,hostSites,TD Ameritrade Park Omaha,2021 NCAA Division I baseball tournament
2021 NCAA Division I baseball tournament,hostCity,Omaha,2021 NCAA Division I baseball tournament
2021 NCAA Division I baseball tournament,hostState,Nebraska,2021 NCAA Division I baseball tournament
2021 NCAA Division I baseball tournament,finalGameLocation,TD Ameritrade Park Omaha,2021 NCAA Division I baseball tournament
2021 NCAA Division I baseball tournament,broadcastNetwork,ESPN,2021 NCAA Division I baseball tournament
2021 NCAA Division I baseball tournament,broadcastNetwork,ESPN2,2021 NCAA Division I baseball tournament
2021 NCAA Division I baseball tournament,broadcastNetwork,SEC Network,2021 NCAA Division I baseball tournament
2021 NCAA Division I baseball tournament,format,double-elimination,2021 NCAA Division I baseball tournament
2021 NCAA Division I baseball tournament,regionNames,Starkville,2021 NCAA Division I baseball tournament
2021 NCAA Division I baseball tournament,regionNames,Fayetteville,2021 NCAA Division I baseball tournament
2021 NCAA Division I baseball tournament,regionNames,Lubbock,2021 NCAA Division I baseball tournament
2021 NCAA Division I baseball tournament,regionNames,Nashville,2021 NCAA Division I baseball tournament
2021 NCAA Division I baseball tournament,regionNames,Greenville,2021 NCAA Division I baseball tournament
2021 NCAA Division I baseball tournament,regionNames,Gainesville,2021 NCAA Division I baseball tournament
2021 NCAA Division I baseball tournament,regionNames,Tucson,2021 NCAA Division I baseball tournament
2021 NCAA Division I baseball tournament,regionNames,Austin,2021 NCAA Division I baseball tournament
2021 NCAA Division I baseball tournament,numberOfGames,165,2021 NCAA Division I baseball tournament
2021 NCAA Division I baseball tournament,attendance,"112,036",2021 NCAA Division I baseball tournament
2021 NCAA Division I baseball tournament,previousEvent,2019 NCAA Division I baseball tournament,2021 NCAA Division I baseball tournament
2021 NCAA Division I baseball tournament,nextEvent,2022 NCAA Division I baseball tournament,2021 NCAA Division I baseball tournament
2021 NCAA Division I baseball tournament,notableParticipants,Mississippi State Bulldogs,2021 NCAA Division I baseball tournament
2021 NCAA Division I baseball tournament,notableParticipants,Vanderbilt Commodores,2021 NCAA Division I baseball tournament
2021 NCAA Division I baseball tournament,notableParticipants,Texas Tech Red Raiders,2021 NCAA Division I baseball tournament
2021 NCAA Division I baseball tournament,notableParticipants,Arizona Wildcats,2021 NCAA Division I baseball tournament
2021 NCAA Division I baseball tournament,notableParticipants,Tennessee Volunteers,2021 NCAA Division I baseball tournament
2021 NCAA Division I baseball tournament,notableParticipants,Stanford Cardinal,2021 NCAA Division I baseball tournament
Mark Nepo,instanceOf,Person,Mark Nepo
Mark Nepo,instanceOf,Author,Mark Nepo
Mark Nepo,instanceOf,Poet,Mark Nepo
Mark Nepo,instanceOf,Spiritual Teacher,Mark Nepo
Mark Nepo,birthDate,1951,Mark Nepo
Mark Nepo,birthPlace,United States of America,Mark Nepo
Mark Nepo,occupation,Writer,Mark Nepo
Mark Nepo,occupation,Philosopher,Mark Nepo
Mark Nepo,notableWork,The Book of Awakening,Mark Nepo
Mark Nepo,notableWork,Seven Thousand Ways to Listen,Mark Nepo
Mark Nepo,notableWork,The Exquisite Risk,Mark Nepo
Mark Nepo,notableWork,Finding Inner Courage,Mark Nepo
Mark Nepo,notableWork,More Together Than Alone,Mark Nepo
Mark Nepo,genre,Poetry,Mark Nepo
Mark Nepo,genre,Spiritual Literature,Mark Nepo
Mark Nepo,genre,Self-Help,Mark Nepo
Mark Nepo,award,Books for a Better Life Award,Mark Nepo
Mark Nepo,education,State University of New York at Binghamton,Mark Nepo
Mark Nepo,education,Goddard College,Mark Nepo
Mark Nepo,fieldOfStudy,English Literature,Mark Nepo
Mark Nepo,fieldOfStudy,Poetry,Mark Nepo
Mark Nepo,influencedBy,Rumi,Mark Nepo
Mark Nepo,influencedBy,Rainer Maria Rilke,Mark Nepo
Mark Nepo,influencedBy,David Whyte,Mark Nepo
Mark Nepo,collaboratedWith,Oprah Winfrey,Mark Nepo
Mark Nepo,appearedIn,Super Soul Sunday (TV series),Mark Nepo
Dynatrace,instanceOf,Company,Dynatrace
Dynatrace,instanceOf,SoftwareCompany,Dynatrace
Dynatrace,industry,InformationTechnology,Dynatrace
Dynatrace,industry,Software,Dynatrace
Dynatrace,foundedIn,2005,Dynatrace
Dynatrace,headquarters,"Waltham, Massachusetts, United States",Dynatrace
Dynatrace,founder,Bernd Greifeneder,Dynatrace
Dynatrace,founder,Sofiane Ouali,Dynatrace
Dynatrace,founder,Alois Reitbauer,Dynatrace
Dynatrace,CEO,Rick McConnell,Dynatrace
Dynatrace,product,Dynatrace Software Intelligence Platform,Dynatrace
Dynatrace,service,ApplicationPerformanceManagement,Dynatrace
Dynatrace,service,InfrastructureMonitoring,Dynatrace
Dynatrace,service,DigitalExperienceManagement,Dynatrace
Dynatrace,service,CloudMonitoring,Dynatrace
Dynatrace,service,AIOps,Dynatrace
Dynatrace,technology,ArtificialIntelligence,Dynatrace
Dynatrace,technology,MachineLearning,Dynatrace
Dynatrace,owns,Ruxit,Dynatrace
Dynatrace,acquired,Qumram,Dynatrace
Dynatrace,acquired,SpectX,Dynatrace
Dynatrace,acquired,KeynoteSystems,Dynatrace
Dynatrace,stockSymbol,DT,Dynatrace
Dynatrace,stockExchange,NewYorkStockExchange,Dynatrace
Dynatrace,website,https://www.dynatrace.com,Dynatrace
Dynatrace,revenue,Approximately $1 billion (2023),Dynatrace
Dynatrace,employees,"Approximately 3,600 (2023)",Dynatrace
Dynatrace,parentOrganization,Thoma Bravo (Private Equity Firm),Dynatrace
Dynatrace,competitor,New Relic,Dynatrace
Dynatrace,competitor,AppDynamics,Dynatrace
Dynatrace,competitor,Datadog,Dynatrace
Dynatrace,competitor,Splunk,Dynatrace
Dynatrace,award,Gartner Magic Quadrant Leader for APM (multiple years),Dynatrace
Dynatrace,partnership,Microsoft,Dynatrace
Dynatrace,partnership,Amazon Web Services,Dynatrace
Dynatrace,partnership,Google Cloud,Dynatrace
Dynatrace,partnership,Red Hat,Dynatrace
Dynatrace,focus,Observability,Dynatrace
Dynatrace,focus,DevOps,Dynatrace
Dynatrace,focus,CloudNativeTechnologies,Dynatrace
Taisan-ji (Matsuyama),instanceOf,Buddhist temple,Taisan-ji (Matsuyama)
Taisan-ji (Matsuyama),locatedIn,"Matsuyama, Ehime Prefecture",Taisan-ji (Matsuyama)
Taisan-ji (Matsuyama),locatedIn,Japan,Taisan-ji (Matsuyama)
Taisan-ji (Matsuyama),affiliatedWith,Shingon Buddhism,Taisan-ji (Matsuyama)
Taisan-ji (Matsuyama),partOf,Shikoku Pilgrimage,Taisan-ji (Matsuyama)
Taisan-ji (Matsuyama),pilgrimageNumber,52,Taisan-ji (Matsuyama)
Taisan-ji (Matsuyama),dedicatedTo,Kōbō Daishi (Kūkai),Taisan-ji (Matsuyama)
Taisan-ji (Matsuyama),foundedBy,Kūkai,Taisan-ji (Matsuyama)
Taisan-ji (Matsuyama),foundedInCentury,9th century,Taisan-ji (Matsuyama)
Taisan-ji (Matsuyama),notableFeature,Three-story pagoda,Taisan-ji (Matsuyama)
Taisan-ji (Matsuyama),notableFeature,Main hall (Hondō),Taisan-ji (Matsuyama)
Taisan-ji (Matsuyama),architecturalStyle,Japanese Buddhist architecture,Taisan-ji (Matsuyama)
Taisan-ji (Matsuyama),elevation,Approximately 200 meters above sea level,Taisan-ji (Matsuyama)
Taisan-ji (Matsuyama),hasCulturalProperty,Important Cultural Property of Japan (Three-story pagoda),Taisan-ji (Matsuyama)
Taisan-ji (Matsuyama),hasCulturalProperty,Prefecturally designated cultural property (Main hall),Taisan-ji (Matsuyama)
Taisan-ji (Matsuyama),accessibleBy,Hiking trail,Taisan-ji (Matsuyama)
Taisan-ji (Matsuyama),accessibleBy,Ropeway (Matsuyama Ropeway),Taisan-ji (Matsuyama)
Taisan-ji (Matsuyama),nearbyAttraction,Ishite-ji (Temple 51 of the Shikoku Pilgrimage),Taisan-ji (Matsuyama)
Taisan-ji (Matsuyama),nearbyAttraction,Matsuyama Castle,Taisan-ji (Matsuyama)
Bellatrix Lestrange,instanceOf,fictional character,Bellatrix Lestrange
Bellatrix Lestrange,instanceOf,witch,Bellatrix Lestrange
Bellatrix Lestrange,appearsIn,Harry Potter series,Bellatrix Lestrange
Bellatrix Lestrange,createdBy,J.K. Rowling,Bellatrix Lestrange
Bellatrix Lestrange,gender,female,Bellatrix Lestrange
Bellatrix Lestrange,species,human,Bellatrix Lestrange
Bellatrix Lestrange,house,Slytherin,Bellatrix Lestrange
Bellatrix Lestrange,affiliation,Death Eaters,Bellatrix Lestrange
Bellatrix Lestrange,loyalty,Lord Voldemort,Bellatrix Lestrange
Bellatrix Lestrange,occupation,Dark witch,Bellatrix Lestrange
Bellatrix Lestrange,familyName,Lestrange,Bellatrix Lestrange
Bellatrix Lestrange,sibling,Andromeda Tonks,Bellatrix Lestrange
Bellatrix Lestrange,sibling,Narcissa Malfoy,Bellatrix Lestrange
Bellatrix Lestrange,spouse,Rodolphus Lestrange,Bellatrix Lestrange
Bellatrix Lestrange,niece,Nymphadora Tonks,Bellatrix Lestrange
Bellatrix Lestrange,nephew,Draco Malfoy,Bellatrix Lestrange
Bellatrix Lestrange,portrayedBy,Helena Bonham Carter,Bellatrix Lestrange
Bellatrix Lestrange,firstAppearance,Harry Potter and the Goblet of Fire,Bellatrix Lestrange
Bellatrix Lestrange,lastAppearance,Harry Potter and the Deathly Hallows,Bellatrix Lestrange
Bellatrix Lestrange,killedBy,Molly Weasley,Bellatrix Lestrange
Bellatrix Lestrange,killed,Sirius Black,Bellatrix Lestrange
Bellatrix Lestrange,killed,Dobby,Bellatrix Lestrange
Bellatrix Lestrange,tortured,Hermione Granger,Bellatrix Lestrange
Bellatrix Lestrange,tortured,Neville Longbottom's parents,Bellatrix Lestrange
Bellatrix Lestrange,wandCore,dragon heartstring,Bellatrix Lestrange
Bellatrix Lestrange,wandWood,walnut,Bellatrix Lestrange
Bellatrix Lestrange,wandLength,12.75 inches,Bellatrix Lestrange
Bellatrix Lestrange,signatureSpell,Cruciatus Curse,Bellatrix Lestrange
Bellatrix Lestrange,signatureSpell,Avada Kedavra,Bellatrix Lestrange
Bellatrix Lestrange,imprisonedIn,Azkaban,Bellatrix Lestrange
Bellatrix Lestrange,escapedFrom,Azkaban,Bellatrix Lestrange
Bellatrix Lestrange,participatedIn,Battle of the Department of Mysteries,Bellatrix Lestrange
Bellatrix Lestrange,participatedIn,Battle of the Seven Potters,Bellatrix Lestrange
Bellatrix Lestrange,participatedIn,Battle of Hogwarts,Bellatrix Lestrange
Bellatrix Lestrange,residence,Malfoy Manor,Bellatrix Lestrange
Bellatrix Lestrange,bloodStatus,pure-blood,Bellatrix Lestrange
Bellatrix Lestrange,notableTrait,sadistic,Bellatrix Lestrange
Bellatrix Lestrange,notableTrait,fanatically loyal to Voldemort,Bellatrix Lestrange
Bellatrix Lestrange,notableTrait,highly skilled in dark magic,Bellatrix Lestrange
"Union Bethel A.M.E. Church (New Orleans, Louisiana)",instanceOf,church,"Union Bethel A.M.E. Church (New Orleans, Louisiana)"
"Union Bethel A.M.E. Church (New Orleans, Louisiana)",instanceOf,African Methodist Episcopal church,"Union Bethel A.M.E. Church (New Orleans, Louisiana)"
"Union Bethel A.M.E. Church (New Orleans, Louisiana)",locatedIn,New Orleans,"Union Bethel A.M.E. Church (New Orleans, Louisiana)"
"Union Bethel A.M.E. Church (New Orleans, Louisiana)",locatedIn,Louisiana,"Union Bethel A.M.E. Church (New Orleans, Louisiana)"
"Union Bethel A.M.E. Church (New Orleans, Louisiana)",locatedIn,United States,"Union Bethel A.M.E. Church (New Orleans, Louisiana)"
"Union Bethel A.M.E. Church (New Orleans, Louisiana)",denomination,African Methodist Episcopal Church,"Union Bethel A.M.E. Church (New Orleans, Louisiana)"
"Union Bethel A.M.E. Church (New Orleans, Louisiana)",foundedIn,1865,"Union Bethel A.M.E. Church (New Orleans, Louisiana)"
"Union Bethel A.M.E. Church (New Orleans, Louisiana)",architecturalStyle,Greek Revival,"Union Bethel A.M.E. Church (New Orleans, Louisiana)"
"Union Bethel A.M.E. Church (New Orleans, Louisiana)",listedOn,National Register of Historic Places,"Union Bethel A.M.E. Church (New Orleans, Louisiana)"
"Union Bethel A.M.E. Church (New Orleans, Louisiana)",address,"1125 North Robertson Street, New Orleans, Louisiana","Union Bethel A.M.E. Church (New Orleans, Louisiana)"
"Union Bethel A.M.E. Church (New Orleans, Louisiana)",significance,historic African American church,"Union Bethel A.M.E. Church (New Orleans, Louisiana)"
"Union Bethel A.M.E. Church (New Orleans, Louisiana)",significance,civil rights landmark,"Union Bethel A.M.E. Church (New Orleans, Louisiana)"
"Union Bethel A.M.E. Church (New Orleans, Louisiana)",associatedWith,Reconstruction Era,"Union Bethel A.M.E. Church (New Orleans, Louisiana)"
"Union Bethel A.M.E. Church (New Orleans, Louisiana)",associatedWith,African American community,"Union Bethel A.M.E. Church (New Orleans, Louisiana)"
Microcotyle tampicensis,instanceOf,species,Microcotyle tampicensis
Microcotyle tampicensis,taxonRank,species,Microcotyle tampicensis
Microcotyle tampicensis,kingdom,Animalia,Microcotyle tampicensis
Microcotyle tampicensis,phylum,Platyhelminthes,Microcotyle tampicensis
Microcotyle tampicensis,class,Monogenea,Microcotyle tampicensis
Microcotyle tampicensis,order,Polyopisthocotylea,Microcotyle tampicensis
Microcotyle tampicensis,family,Microcotylidae,Microcotyle tampicensis
Microcotyle tampicensis,genus,Microcotyle,Microcotyle tampicensis
Microcotyle tampicensis,parasiticOn,marine fish,Microcotyle tampicensis
Microcotyle tampicensis,habitat,gills of fish,Microcotyle tampicensis
Microcotyle tampicensis,describedBy,Hargis,Microcotyle tampicensis
Microcotyle tampicensis,yearDescribed,1955,Microcotyle tampicensis
Microcotyle tampicensis,hostSpecies,Cynoscion nebulosus (spotted seatrout),Microcotyle tampicensis
Microcotyle tampicensis,geographicDistribution,Gulf of Mexico,Microcotyle tampicensis
Dermot Kelly (actor),instanceOf,person,Dermot Kelly (actor)
Dermot Kelly (actor),instanceOf,actor,Dermot Kelly (actor)
Dermot Kelly (actor),occupation,actor,Dermot Kelly (actor)
Dermot Kelly (actor),birthName,Dermot Kelly,Dermot Kelly (actor)
Dermot Kelly (actor),dateOfBirth,1917,Dermot Kelly (actor)
Dermot Kelly (actor),placeOfBirth,"Dublin, Ireland",Dermot Kelly (actor)
Dermot Kelly (actor),dateOfDeath,1980,Dermot Kelly (actor)
Dermot Kelly (actor),placeOfDeath,"Dublin, Ireland",Dermot Kelly (actor)
Dermot Kelly (actor),notableWork,The Quare Fellow,Dermot Kelly (actor)
Dermot Kelly (actor),notableWork,Ulysses,Dermot Kelly (actor)
Dermot Kelly (actor),notableWork,Zardoz,Dermot Kelly (actor)
Dermot Kelly (actor),notableWork,The Italian Job,Dermot Kelly (actor)
Dermot Kelly (actor),award,Jacob's Award,Dermot Kelly (actor)
Dermot Kelly (actor),awardYear,1966,Dermot Kelly (actor)
Dermot Kelly (actor),associatedWith,Abbey Theatre,Dermot Kelly (actor)
Dermot Kelly (actor),associatedWith,Gate Theatre,Dermot Kelly (actor)
Dermot Kelly (actor),nationality,Irish,Dermot Kelly (actor)
Dermot Kelly (actor),genre,theatre,Dermot Kelly (actor)
Dermot Kelly (actor),genre,film,Dermot Kelly (actor)
Dermot Kelly (actor),genre,television,Dermot Kelly (actor)
1950 Dutch Grand Prix,instanceOf,Grand Prix motor racing event,1950 Dutch Grand Prix
1950 Dutch Grand Prix,partOf,1950 Formula One World Championship,1950 Dutch Grand Prix
1950 Dutch Grand Prix,location,Zandvoort Circuit,1950 Dutch Grand Prix
1950 Dutch Grand Prix,date,1950-07-23,1950 Dutch Grand Prix
1950 Dutch Grand Prix,winner,Louis Rosier,1950 Dutch Grand Prix
1950 Dutch Grand Prix,winningConstructor,Talbot-Lago,1950 Dutch Grand Prix
1950 Dutch Grand Prix,polePosition,Giuseppe Farina,1950 Dutch Grand Prix
1950 Dutch Grand Prix,fastestLap,Raymond Sommer,1950 Dutch Grand Prix
1950 Dutch Grand Prix,laps,90,1950 Dutch Grand Prix
1950 Dutch Grand Prix,distance,377.31 km,1950 Dutch Grand Prix
1950 Dutch Grand Prix,attendance,"estimated 100,000",1950 Dutch Grand Prix
1950 Dutch Grand Prix,organizer,Royal Dutch Motorcycle Association,1950 Dutch Grand Prix
1950 Dutch Grand Prix,firstEdition,1948,1950 Dutch Grand Prix
1950 Dutch Grand Prix,previousEvent,1949 Dutch Grand Prix,1950 Dutch Grand Prix
1950 Dutch Grand Prix,nextEvent,1951 Dutch Grand Prix,1950 Dutch Grand Prix
1950 Dutch Grand Prix,notableEntrant,Juan Manuel Fangio,1950 Dutch Grand Prix
1950 Dutch Grand Prix,notableEntrant,Giuseppe Farina,1950 Dutch Grand Prix
1950 Dutch Grand Prix,notableEntrant,Alberto Ascari,1950 Dutch Grand Prix
1950 Dutch Grand Prix,notableEntrant,Luigi Villoresi,1950 Dutch Grand Prix
1950 Dutch Grand Prix,podiumFinishers,Louis Rosier,1950 Dutch Grand Prix
1950 Dutch Grand Prix,podiumFinishers,Luigi Villoresi,1950 Dutch Grand Prix
1950 Dutch Grand Prix,podiumFinishers,Alberto Ascari,1950 Dutch Grand Prix
1950 Dutch Grand Prix,pointsAwarded,8 (winner),1950 Dutch Grand Prix
1950 Dutch Grand Prix,pointsAwarded,6 (2nd place),1950 Dutch Grand Prix
1950 Dutch Grand Prix,pointsAwarded,4 (3rd place),1950 Dutch Grand Prix
1950 Dutch Grand Prix,pointsAwarded,3 (4th place),1950 Dutch Grand Prix
1950 Dutch Grand Prix,pointsAwarded,2 (5th place),1950 Dutch Grand Prix
1950 Dutch Grand Prix,pointsSystem,1950 Formula One points system,1950 Dutch Grand Prix
1950 Dutch Grand Prix,raceLength,4.193 km per lap,1950 Dutch Grand Prix
1950 Dutch Grand Prix,circuitType,Permanent road course,1950 Dutch Grand Prix
1950 Dutch Grand Prix,surface,Asphalt,1950 Dutch Grand Prix
1950 Dutch Grand Prix,country,Netherlands,1950 Dutch Grand Prix
1950 Dutch Grand Prix,timezone,CET (UTC+1),1950 Dutch Grand Prix
1950 Dutch Grand Prix,broadcast,Limited radio coverage,1950 Dutch Grand Prix
1950 Dutch Grand Prix,sponsor,None (early Formula One era),1950 Dutch Grand Prix
1950 Dutch Grand Prix,weatherConditions,Dry and sunny,1950 Dutch Grand Prix
1950 Dutch Grand Prix,safetyStandards,Minimal by modern standards,1950 Dutch Grand Prix
1950 Dutch Grand Prix,incident,None reported,1950 Dutch Grand Prix
1950 Dutch Grand Prix,notableFact,First Dutch Grand Prix to count toward the Formula One World Championship,1950 Dutch Grand Prix
1950 Dutch Grand Prix,notableFact,Louis Rosier won despite driving a non-works Talbot-Lago,1950 Dutch Grand Prix
Hugh Scott (architect),instanceOf,architect,Hugh Scott (architect)
Hugh Scott (architect),instanceOf,person,Hugh Scott (architect)
Hugh Scott (architect),fullName,Hugh Scott,Hugh Scott (architect)
Hugh Scott (architect),profession,architect,Hugh Scott (architect)
Hugh Scott (architect),nationality,British,Hugh Scott (architect)
Hugh Scott (architect),birthDate,1925,Hugh Scott (architect)
Hugh Scott (architect),deathDate,2011,Hugh Scott (architect)
Hugh Scott (architect),notableWork,"St. Mary's Cathedral, Edinburgh",Hugh Scott (architect)
Hugh Scott (architect),notableWork,"St. Bride's Church, East Kilbride",Hugh Scott (architect)
Hugh Scott (architect),notableWork,"Our Lady of the Assumption Church, Glasgow",Hugh Scott (architect)
Hugh Scott (architect),education,Glasgow School of Art,Hugh Scott (architect)
Hugh Scott (architect),award,Royal Scottish Academy Gold Medal,Hugh Scott (architect)
Hugh Scott (architect),style,Modernist,Hugh Scott (architect)
Hugh Scott (architect),style,Brutalist,Hugh Scott (architect)
Hugh Scott (architect),collaboratedWith,"Gillespie, Kidd & Coia",Hugh Scott (architect)
Hugh Scott (architect),influencedBy,Le Corbusier,Hugh Scott (architect)
Hugh Scott (architect),influencedBy,Frank Lloyd Wright,Hugh Scott (architect)
"St. Mary's Cathedral, Edinburgh",architect,Hugh Scott (architect),Hugh Scott (architect)
"St. Bride's Church, East Kilbride",architect,Hugh Scott (architect),Hugh Scott (architect)
"Our Lady of the Assumption Church, Glasgow",architect,Hugh Scott (architect),Hugh Scott (architect)
Spartaco Fontanot,instanceOf,Person,Spartaco Fontanot
Spartaco Fontanot,instanceOf,ResistanceFighter,Spartaco Fontanot
Spartaco Fontanot,birthDate,1922-05-18,Spartaco Fontanot
Spartaco Fontanot,birthPlace,Monfalcone,Spartaco Fontanot
Spartaco Fontanot,birthPlace,Italy,Spartaco Fontanot
Spartaco Fontanot,deathDate,1944-02-07,Spartaco Fontanot
Spartaco Fontanot,deathPlace,Milan,Spartaco Fontanot
Spartaco Fontanot,deathCause,Execution,Spartaco Fontanot
Spartaco Fontanot,nationality,Italian,Spartaco Fontanot
Spartaco Fontanot,occupation,Partisan,Spartaco Fontanot
Spartaco Fontanot,memberOf,Italian Resistance Movement,Spartaco Fontanot
Spartaco Fontanot,memberOf,Gruppi di Azione Patriottica (GAP),Spartaco Fontanot
Spartaco Fontanot,associatedWith,World War II,Spartaco Fontanot
Spartaco Fontanot,notableFor,Anti-fascist resistance,Spartaco Fontanot
Spartaco Fontanot,awardReceived,Medaglia d'Oro al Valor Militare (posthumous),Spartaco Fontanot
Spartaco Fontanot,parentOf,Unknown (historical records incomplete),Spartaco Fontanot
Spartaco Fontanot,siblingOf,Unknown (historical records incomplete),Spartaco Fontanot
Spartaco Fontanot,educatedAt,Unknown (historical records incomplete),Spartaco Fontanot
Spartaco Fontanot,participatedIn,Resistance activities in Milan,Spartaco Fontanot
Spartaco Fontanot,executedBy,Fascist Italian authorities,Spartaco Fontanot
Spartaco Fontanot,commemoratedIn,Monfalcone,Spartaco Fontanot
Spartaco Fontanot,commemoratedIn,Milan,Spartaco Fontanot
Spartaco Fontanot,hasMonument,Monument in Monfalcone,Spartaco Fontanot
Spartaco Fontanot,hasStreetNamedAfter,Via Spartaco Fontanot (Milan),Spartaco Fontanot
Spartaco Fontanot,hasStreetNamedAfter,Via Spartaco Fontanot (Monfalcone),Spartaco Fontanot
Bitter Sweet (TV series),instanceOf,TV series,Bitter Sweet (TV series)
Bitter Sweet (TV series),genre,Romance,Bitter Sweet (TV series)
Bitter Sweet (TV series),genre,Drama,Bitter Sweet (TV series)
Bitter Sweet (TV series),countryOfOrigin,South Korea,Bitter Sweet (TV series)
Bitter Sweet (TV series),originalLanguage,Korean,Bitter Sweet (TV series)
Bitter Sweet (TV series),createdBy,So Hyeon-kyeong,Bitter Sweet (TV series)
Bitter Sweet (TV series),directedBy,Choi Yi-seo,Bitter Sweet (TV series)
Bitter Sweet (TV series),starring,Jang Na-ra,Bitter Sweet (TV series)
Bitter Sweet (TV series),starring,Yoo Yeon-seok,Bitter Sweet (TV series)
Bitter Sweet (TV series),starring,Lee Joo-young,Bitter Sweet (TV series)
Bitter Sweet (TV series),starring,Nam Ji-hyun,Bitter Sweet (TV series)
Bitter Sweet (TV series),numberOfEpisodes,16,Bitter Sweet (TV series)
Bitter Sweet (TV series),releaseDate,2023-05-22,Bitter Sweet (TV series)
Bitter Sweet (TV series),endDate,2023-07-11,Bitter Sweet (TV series)
Bitter Sweet (TV series),originalNetwork,MBC,Bitter Sweet (TV series)
Bitter Sweet (TV series),productionCompany,Story & Pictures Media,Bitter Sweet (TV series)
Bitter Sweet (TV series),basedOn,Webtoon 'Bitter Sweet' by Kang Full,Bitter Sweet (TV series)
Dushdi Mala Medal,instanceOf,military decoration,Dushdi Mala Medal
Dushdi Mala Medal,awardedBy,Thailand,Dushdi Mala Medal
Dushdi Mala Medal,established,1882,Dushdi Mala Medal
Dushdi Mala Medal,namedAfter,King Chulalongkorn (Rama V),Dushdi Mala Medal
Dushdi Mala Medal,type,civil and military service medal,Dushdi Mala Medal
Dushdi Mala Medal,awardedFor,distinguished service to the nation,Dushdi Mala Medal
Dushdi Mala Medal,awardedFor,long and faithful service,Dushdi Mala Medal
Dushdi Mala Medal,precedence,one of Thailand's highest honors,Dushdi Mala Medal
Dushdi Mala Medal,ribbonColor,red with white edges,Dushdi Mala Medal
Dushdi Mala Medal,classes,civil class,Dushdi Mala Medal
Dushdi Mala Medal,classes,military class,Dushdi Mala Medal
Filip Brattbakk,instanceOf,Person,Filip Brattbakk
Filip Brattbakk,instanceOf,FootballPlayer,Filip Brattbakk
Filip Brattbakk,dateOfBirth,1995-11-08,Filip Brattbakk
Filip Brattbakk,placeOfBirth,Trondheim,Filip Brattbakk
Filip Brattbakk,countryOfBirth,Norway,Filip Brattbakk
Filip Brattbakk,positionPlayed,Forward,Filip Brattbakk
Filip Brattbakk,currentClub,Rosenborg BK,Filip Brattbakk
Filip Brattbakk,previousClub,Ranheim Fotball,Filip Brattbakk
Filip Brattbakk,previousClub,Kristiansund BK,Filip Brattbakk
Filip Brattbakk,height,1.83 meters,Filip Brattbakk
Filip Brattbakk,nationality,Norwegian,Filip Brattbakk
Filip Brattbakk,league,Eliteserien,Filip Brattbakk
National Route 217 (Costa Rica),instanceOf,highway,National Route 217 (Costa Rica)
National Route 217 (Costa Rica),instanceOf,national road,National Route 217 (Costa Rica)
National Route 217 (Costa Rica),locatedIn,Costa Rica,National Route 217 (Costa Rica)
National Route 217 (Costa Rica),administeredBy,Ministry of Public Works and Transport (Costa Rica),National Route 217 (Costa Rica)
National Route 217 (Costa Rica),connects,San José,National Route 217 (Costa Rica)
National Route 217 (Costa Rica),connects,Desamparados,National Route 217 (Costa Rica)
National Route 217 (Costa Rica),connects,Aserrí,National Route 217 (Costa Rica)
National Route 217 (Costa Rica),length,approximately 20 kilometers,National Route 217 (Costa Rica)
National Route 217 (Costa Rica),routeNumber,217,National Route 217 (Costa Rica)
National Route 217 (Costa Rica),type,secondary road,National Route 217 (Costa Rica)
National Route 217 (Costa Rica),serves,Greater Metropolitan Area (Costa Rica),National Route 217 (Costa Rica)
So Fine (film),instanceOf,film,So Fine (film)
So Fine (film),releaseYear,1981,So Fine (film)
So Fine (film),director,Andrew Bergman,So Fine (film)
So Fine (film),screenplayBy,Andrew Bergman,So Fine (film)
So Fine (film),genre,comedy,So Fine (film)
So Fine (film),genre,romance,So Fine (film)
So Fine (film),starring,Ryan O'Neal,So Fine (film)
So Fine (film),starring,Jack Warden,So Fine (film)
So Fine (film),starring,Mariangela Melato,So Fine (film)
So Fine (film),starring,Richard Kiel,So Fine (film)
So Fine (film),starring,Fred Gwynne,So Fine (film)
So Fine (film),producer,Mike Lobell,So Fine (film)
So Fine (film),productionCompany,Warner Bros.,So Fine (film)
So Fine (film),countryOfOrigin,United States,So Fine (film)
So Fine (film),language,English,So Fine (film)
So Fine (film),runtimeMinutes,91,So Fine (film)
So Fine (film),distributor,Warner Bros.,So Fine (film)
So Fine (film),musicBy,Ennio Morricone,So Fine (film)
So Fine (film),cinematographyBy,James A. Contner,So Fine (film)
So Fine (film),editedBy,Barry Malkin,So Fine (film)
So Fine (film),basedOn,original screenplay,So Fine (film)
So Fine (film),plotSummary,A fashion designer inherits a struggling clothing company and tries to save it by creating risqué jeans.,So Fine (film)
BMD-4,instanceOf,infantry fighting vehicle,BMD-4
BMD-4,instanceOf,military vehicle,BMD-4
BMD-4,manufacturer,Kurganmashzavod,BMD-4
BMD-4,countryOfOrigin,Russia,BMD-4
BMD-4,introduced,2004,BMD-4
BMD-4,weight,13.6 tonnes,BMD-4
BMD-4,length,6.51 metres,BMD-4
BMD-4,width,3.134 metres,BMD-4
BMD-4,height,2.17 metres,BMD-4
BMD-4,crew,3,BMD-4
BMD-4,passengers,5,BMD-4
BMD-4,armorType,aluminum,BMD-4
BMD-4,primaryArmament,100mm 2A70 gun-launcher,BMD-4
BMD-4,secondaryArmament,30mm 2A72 autocannon,BMD-4
BMD-4,secondaryArmament,7.62mm PKTM machine gun,BMD-4
BMD-4,engineType,2V-06-2 diesel engine,BMD-4
BMD-4,enginePower,450 horsepower,BMD-4
BMD-4,suspension,hydropneumatic,BMD-4
BMD-4,operationalRange,500 kilometres,BMD-4
BMD-4,speed,70 km/h (road),BMD-4
BMD-4,speed,10 km/h (water),BMD-4
BMD-4,predecessor,BMD-3,BMD-4
BMD-4,successor,BMD-4M,BMD-4
BMD-4,usedBy,Russian Airborne Troops,BMD-4
BMD-4,amphibious,yes,BMD-4
BMD-4,NBCProtection,yes,BMD-4
BMD-4,nightVisionCapability,yes,BMD-4
BMD-4,fireControlSystem,Bakhcha-U,BMD-4
BMD-4,armorThickness,up to 15-20mm (estimated),BMD-4
BMD-4,mainGunCalibre,100mm,BMD-4
BMD-4,coaxialGun,30mm 2A72 autocannon,BMD-4
BMD-4,antiTankMissile,9M117M1 Arkan,BMD-4
BMD-4,smokeGrenadeLaunchers,yes,BMD-4
The Music and Theater Folk High School,instanceOf,folk high school,The Music and Theater Folk High School
The Music and Theater Folk High School,instanceOf,educational institution,The Music and Theater Folk High School
The Music and Theater Folk High School,location,Sweden,The Music and Theater Folk High School
The Music and Theater Folk High School,specialization,music,The Music and Theater Folk High School
The Music and Theater Folk High School,specialization,theater,The Music and Theater Folk High School
The Music and Theater Folk High School,type,boarding school,The Music and Theater Folk High School
The Music and Theater Folk High School,languageOfInstruction,Swedish,The Music and Theater Folk High School
The Music and Theater Folk High School,foundedIn,1960s,The Music and Theater Folk High School
The Music and Theater Folk High School,offersCoursesIn,instrumental music,The Music and Theater Folk High School
The Music and Theater Folk High School,offersCoursesIn,vocal music,The Music and Theater Folk High School
The Music and Theater Folk High School,offersCoursesIn,acting,The Music and Theater Folk High School
The Music and Theater Folk High School,offersCoursesIn,dance,The Music and Theater Folk High School
The Music and Theater Folk High School,offersCoursesIn,music production,The Music and Theater Folk High School
The Music and Theater Folk High School,associatedWith,Swedish folk high school system,The Music and Theater Folk High School
Techniques (album),instanceOf,music album,Techniques (album)
Techniques (album),artist,New Order,Techniques (album)
Techniques (album),releaseDate,1982,Techniques (album)
Techniques (album),genre,post-punk,Techniques (album)
Techniques (album),genre,synth-pop,Techniques (album)
Techniques (album),recordLabel,Factory Records,Techniques (album)
Techniques (album),producer,New Order,Techniques (album)
Techniques (album),producer,Martin Hannett,Techniques (album)
Techniques (album),track,Everything's Gone Green,Techniques (album)
Techniques (album),track,Procession,Techniques (album)
Techniques (album),track,Cries and Whispers,Techniques (album)
Techniques (album),track,Hurt,Techniques (album)
Techniques (album),track,Mesh,Techniques (album)
Techniques (album),track,Denial,Techniques (album)
Techniques (album),track,Temptation,Techniques (album)
Techniques (album),track,Dream Attack,Techniques (album)
Techniques (album),follows,Movement (album),Techniques (album)
Techniques (album),precedes,"Power, Corruption & Lies",Techniques (album)
"Nowa Góra, Lesser Poland Voivodeship",instanceOf,village,"Nowa Góra, Lesser Poland Voivodeship"
"Nowa Góra, Lesser Poland Voivodeship",instanceOf,administrative unit,"Nowa Góra, Lesser Poland Voivodeship"
"Nowa Góra, Lesser Poland Voivodeship",locatedIn,Krzeszowice,"Nowa Góra, Lesser Poland Voivodeship"
"Nowa Góra, Lesser Poland Voivodeship",locatedIn,Kraków County,"Nowa Góra, Lesser Poland Voivodeship"
"Nowa Góra, Lesser Poland Voivodeship",locatedIn,Lesser Poland Voivodeship,"Nowa Góra, Lesser Poland Voivodeship"
"Nowa Góra, Lesser Poland Voivodeship",locatedIn,Poland,"Nowa Góra, Lesser Poland Voivodeship"
"Nowa Góra, Lesser Poland Voivodeship",country,Poland,"Nowa Góra, Lesser Poland Voivodeship"
"Nowa Góra, Lesser Poland Voivodeship",partOf,Gmina Krzeszowice,"Nowa Góra, Lesser Poland Voivodeship"
"Nowa Góra, Lesser Poland Voivodeship",population,"approximately 1,500","Nowa Góra, Lesser Poland Voivodeship"
"Nowa Góra, Lesser Poland Voivodeship",historicalSignificance,former mining center,"Nowa Góra, Lesser Poland Voivodeship"
"Nowa Góra, Lesser Poland Voivodeship",historicalSignificance,site of lead and silver mining,"Nowa Góra, Lesser Poland Voivodeship"
"Nowa Góra, Lesser Poland Voivodeship",notableFeature,Church of St. Bartholomew,"Nowa Góra, Lesser Poland Voivodeship"
"Nowa Góra, Lesser Poland Voivodeship",coordinates,"50.1333°N, 19.6167°E","Nowa Góra, Lesser Poland Voivodeship"
Towards Zero (TV series),instanceOf,television series,Towards Zero (TV series)
Towards Zero (TV series),basedOn,Towards Zero (novel),Towards Zero (TV series)
Towards Zero (TV series),authorOfSourceMaterial,Agatha Christie,Towards Zero (TV series)
Towards Zero (TV series),genre,mystery,Towards Zero (TV series)
Towards Zero (TV series),genre,crime drama,Towards Zero (TV series)
Towards Zero (TV series),releaseYear,2007,Towards Zero (TV series)
Towards Zero (TV series),countryOfOrigin,United Kingdom,Towards Zero (TV series)
Towards Zero (TV series),language,English,Towards Zero (TV series)
Towards Zero (TV series),director,David Grindley,Towards Zero (TV series)
Towards Zero (TV series),starring,Geraldine McEwan,Towards Zero (TV series)
Towards Zero (TV series),starring,Sophia Myles,Towards Zero (TV series)
Towards Zero (TV series),starring,Eamon Boland,Towards Zero (TV series)
Towards Zero (TV series),starring,Julian Sands,Towards Zero (TV series)
Towards Zero (TV series),network,ITV,Towards Zero (TV series)
Towards Zero (TV series),partOfSeries,Agatha Christie's Marple,Towards Zero (TV series)
Towards Zero (TV series),episodeCount,1,Towards Zero (TV series)
Towards Zero (TV series),runtimeMinutes,90,Towards Zero (TV series)
Towards Zero (TV series),productionCompany,Chorion,Towards Zero (TV series)
Towards Zero (TV series),productionCompany,WGBH Boston,Towards Zero (TV series)
Port of Kherson,instanceOf,seaport,Port of Kherson
Port of Kherson,instanceOf,transportation hub,Port of Kherson
Port of Kherson,locatedIn,Kherson,Port of Kherson
Port of Kherson,locatedIn,Ukraine,Port of Kherson
Port of Kherson,locatedIn,Kherson Oblast,Port of Kherson
Port of Kherson,locatedOn,Dnieper River,Port of Kherson
Port of Kherson,near,Black Sea,Port of Kherson
Port of Kherson,operatedBy,Ukrainian Sea Ports Authority,Port of Kherson
Port of Kherson,hasFunction,cargo handling,Port of Kherson
Port of Kherson,hasFunction,passenger transportation,Port of Kherson
Port of Kherson,hasFunction,ship repair,Port of Kherson
Port of Kherson,established,1778,Port of Kherson
Port of Kherson,significance,historical trade hub,Port of Kherson
Port of Kherson,significance,key port in southern Ukraine,Port of Kherson
Port of Kherson,affectedBy,Russian occupation (2022),Port of Kherson
Port of Kherson,status,partially operational (as of 2023),Port of Kherson
Port of Kherson,handlesCargoType,grain,Port of Kherson
Port of Kherson,handlesCargoType,metals,Port of Kherson
Port of Kherson,handlesCargoType,containers,Port of Kherson
Port of Kherson,handlesCargoType,fertilizers,Port of Kherson
Port of Kherson,connectsTo,Black Sea shipping routes,Port of Kherson
Port of Kherson,connectsTo,Dnieper River inland waterways,Port of Kherson
2016 Tajik constitutional referendum,instanceOf,referendum,2016 Tajik constitutional referendum
2016 Tajik constitutional referendum,instanceOf,political event,2016 Tajik constitutional referendum
2016 Tajik constitutional referendum,country,Tajikistan,2016 Tajik constitutional referendum
2016 Tajik constitutional referendum,date,2016-05-22,2016 Tajik constitutional referendum
2016 Tajik constitutional referendum,proposedBy,President Emomali Rahmon,2016 Tajik constitutional referendum
2016 Tajik constitutional referendum,purpose,amendments to the Constitution of Tajikistan,2016 Tajik constitutional referendum
2016 Tajik constitutional referendum,amendmentProposed,removal of presidential term limits,2016 Tajik constitutional referendum
2016 Tajik constitutional referendum,amendmentProposed,lowering the minimum age for presidential candidates,2016 Tajik constitutional referendum
2016 Tajik constitutional referendum,amendmentProposed,banning religious-based political parties,2016 Tajik constitutional referendum
2016 Tajik constitutional referendum,voterTurnout,92%,2016 Tajik constitutional referendum
2016 Tajik constitutional referendum,approvalRate,96.6%,2016 Tajik constitutional referendum
2016 Tajik constitutional referendum,result,passed,2016 Tajik constitutional referendum
2016 Tajik constitutional referendum,followedBy,2020 Tajik presidential election,2016 Tajik constitutional referendum
2016 Tajik constitutional referendum,legalEffect,enabled Emomali Rahmon to run for unlimited presidential terms,2016 Tajik constitutional referendum
2016 Tajik constitutional referendum,legalEffect,lowered the minimum presidential candidate age from 35 to 30,2016 Tajik constitutional referendum
2016 Tajik constitutional referendum,legalEffect,reinforced secularism in Tajik politics,2016 Tajik constitutional referendum
2016 Tajik constitutional referendum,organizedBy,Central Commission for Elections and Referendums of Tajikistan,2016 Tajik constitutional referendum
2016 Tajik constitutional referendum,internationalObservers,Organization for Security and Co-operation in Europe (OSCE),2016 Tajik constitutional referendum
2016 Tajik constitutional referendum,criticism,lack of genuine opposition,2016 Tajik constitutional referendum
2016 Tajik constitutional referendum,criticism,allegations of electoral fraud,2016 Tajik constitutional referendum
2016 Tajik constitutional referendum,relatedTo,Tajikistani constitutional history,2016 Tajik constitutional referendum
2016 Tajik constitutional referendum,precededBy,2003 Tajik constitutional referendum,2016 Tajik constitutional referendum
Harumafuji Kōhei,instanceOf,sumo wrestler,Harumafuji Kōhei
Harumafuji Kōhei,instanceOf,yokozuna,Harumafuji Kōhei
Harumafuji Kōhei,birthName,Davaanyamyn Byambadorj,Harumafuji Kōhei
Harumafuji Kōhei,dateOfBirth,1984-04-14,Harumafuji Kōhei
Harumafuji Kōhei,placeOfBirth,"Ulaanbaatar, Mongolia",Harumafuji Kōhei
Harumafuji Kōhei,nationality,Mongolian,Harumafuji Kōhei
Harumafuji Kōhei,height,185 cm,Harumafuji Kōhei
Harumafuji Kōhei,weight,137 kg,Harumafuji Kōhei
Harumafuji Kōhei,debut,March 2001,Harumafuji Kōhei
Harumafuji Kōhei,retirement,November 2017,Harumafuji Kōhei
Harumafuji Kōhei,highestRank,yokozuna,Harumafuji Kōhei
Harumafuji Kōhei,promotedToYokozuna,September 2012,Harumafuji Kōhei
Harumafuji Kōhei,stable,Isegahama stable,Harumafuji Kōhei
Harumafuji Kōhei,championships,9 (Makuuchi division),Harumafuji Kōhei
Harumafuji Kōhei,fightingStyle,yotsu-sumo,Harumafuji Kōhei
Harumafuji Kōhei,shikona,Ama,Harumafuji Kōhei
Harumafuji Kōhei,shikona,Harumafuji,Harumafuji Kōhei
Harumafuji Kōhei,predecessor,Hakuho,Harumafuji Kōhei
Harumafuji Kōhei,successor,Kakuryu,Harumafuji Kōhei
Harumafuji Kōhei,awards,Technique Prize (Gino-sho),Harumafuji Kōhei
Harumafuji Kōhei,awards,Outstanding Performance Prize (Shukun-sho),Harumafuji Kōhei
Harumafuji Kōhei,awards,Fighting Spirit Prize (Kanto-sho),Harumafuji Kōhei
Harumafuji Kōhei,involvement,2017 assault incident,Harumafuji Kōhei
Harumafuji Kōhei,resultOfIncident,retirement,Harumafuji Kōhei
Harumafuji Kōhei,mentor,Asahifuji Seiya,Harumafuji Kōhei
Harumafuji Kōhei,careerRecord,"673 wins, 312 losses, 108 absences",Harumafuji Kōhei
Harumafuji Kōhei,careerRecordInMakuuchi,"593 wins, 232 losses, 108 absences",Harumafuji Kōhei
Nathan Stewart-Jarrett,instanceOf,human,Nathan Stewart-Jarrett
Nathan Stewart-Jarrett,instanceOf,actor,Nathan Stewart-Jarrett
Nathan Stewart-Jarrett,dateOfBirth,1985-12-04,Nathan Stewart-Jarrett
Nathan Stewart-Jarrett,placeOfBirth,"London, England",Nathan Stewart-Jarrett
Nathan Stewart-Jarrett,occupation,actor,Nathan Stewart-Jarrett
Nathan Stewart-Jarrett,notableWork,Misfits,Nathan Stewart-Jarrett
Nathan Stewart-Jarrett,notableWork,Candyman,Nathan Stewart-Jarrett
Nathan Stewart-Jarrett,notableWork,Utopia,Nathan Stewart-Jarrett
Nathan Stewart-Jarrett,notableWork,The Trial of the Chicago 7,Nathan Stewart-Jarrett
Nathan Stewart-Jarrett,characterRole,Curtis Donovan in Misfits,Nathan Stewart-Jarrett
Nathan Stewart-Jarrett,characterRole,Anthony McCoy in Candyman,Nathan Stewart-Jarrett
Nathan Stewart-Jarrett,characterRole,Ian Johnson in Utopia,Nathan Stewart-Jarrett
Nathan Stewart-Jarrett,awardNomination,BAFTA TV Award for Best Supporting Actor (2011),Nathan Stewart-Jarrett
Nathan Stewart-Jarrett,education,Central School of Speech and Drama,Nathan Stewart-Jarrett
Nathan Stewart-Jarrett,nationality,British,Nathan Stewart-Jarrett
Bacillus aminovorans,instanceOf,bacterium,Bacillus aminovorans
Bacillus aminovorans,instanceOf,Gram-positive bacterium,Bacillus aminovorans
Bacillus aminovorans,domain,Bacteria,Bacillus aminovorans
Bacillus aminovorans,phylum,Firmicutes,Bacillus aminovorans
Bacillus aminovorans,class,Bacilli,Bacillus aminovorans
Bacillus aminovorans,order,Bacillales,Bacillus aminovorans
Bacillus aminovorans,family,Bacillaceae,Bacillus aminovorans
Bacillus aminovorans,genus,Bacillus,Bacillus aminovorans
Bacillus aminovorans,species,Bacillus aminovorans,Bacillus aminovorans
Bacillus aminovorans,discoveredIn,20th century,Bacillus aminovorans
Bacillus aminovorans,habitat,soil,Bacillus aminovorans
Bacillus aminovorans,metabolism,aerobic,Bacillus aminovorans
Bacillus aminovorans,shape,rod-shaped,Bacillus aminovorans
Bacillus aminovorans,motility,motile,Bacillus aminovorans
Bacillus aminovorans,sporeFormation,endospore-forming,Bacillus aminovorans
Bacillus aminovorans,notableFeature,utilizes amines as a nitrogen source,Bacillus aminovorans
2018 Hualien earthquake,instanceOf,earthquake,2018 Hualien earthquake
2018 Hualien earthquake,instanceOf,natural disaster,2018 Hualien earthquake
2018 Hualien earthquake,occurredIn,Hualien County,2018 Hualien earthquake
2018 Hualien earthquake,occurredIn,Taiwan,2018 Hualien earthquake
2018 Hualien earthquake,date,2018-02-06,2018 Hualien earthquake
2018 Hualien earthquake,time,23:50:41 (CST),2018 Hualien earthquake
2018 Hualien earthquake,magnitude,6.4,2018 Hualien earthquake
2018 Hualien earthquake,depth,10.6 km,2018 Hualien earthquake
2018 Hualien earthquake,epicenter,near Hualien City,2018 Hualien earthquake
2018 Hualien earthquake,casualties,17 deaths,2018 Hualien earthquake
2018 Hualien earthquake,casualties,285 injuries,2018 Hualien earthquake
2018 Hualien earthquake,buildingsDamaged,multiple buildings collapsed,2018 Hualien earthquake
2018 Hualien earthquake,aftershocks,over 200 recorded,2018 Hualien earthquake
2018 Hualien earthquake,cause,tectonic activity,2018 Hualien earthquake
2018 Hualien earthquake,relatedTo,Pacific Ring of Fire,2018 Hualien earthquake
2018 Hualien earthquake,response,emergency rescue operations,2018 Hualien earthquake
2018 Hualien earthquake,response,Taiwanese government aid,2018 Hualien earthquake
2018 Hualien earthquake,economicImpact,infrastructure damage,2018 Hualien earthquake
2018 Hualien earthquake,notableEvent,collapse of Yun Men Tsui Ti building,2018 Hualien earthquake
2018 Hualien earthquake,notableEvent,Marshal Hotel collapse,2018 Hualien earthquake
2018 Hualien earthquake,mediaCoverage,international news,2018 Hualien earthquake
2018 Hualien earthquake,precededBy,foreshocks,2018 Hualien earthquake
2018 Hualien earthquake,followedBy,aftershock sequence,2018 Hualien earthquake
USS Chester T. O'Brien,instanceOf,ship,USS Chester T. O'Brien
USS Chester T. O'Brien,instanceOf,Liberty ship,USS Chester T. O'Brien
USS Chester T. O'Brien,type,cargo ship,USS Chester T. O'Brien
USS Chester T. O'Brien,operator,United States Navy,USS Chester T. O'Brien
USS Chester T. O'Brien,operator,United States Maritime Commission,USS Chester T. O'Brien
USS Chester T. O'Brien,builder,Permanente Metals Corporation,USS Chester T. O'Brien
USS Chester T. O'Brien,yardNumber,571,USS Chester T. O'Brien
USS Chester T. O'Brien,laidDown,1943-05-10,USS Chester T. O'Brien
USS Chester T. O'Brien,launched,1943-06-05,USS Chester T. O'Brien
USS Chester T. O'Brien,acquired,1943-06-25,USS Chester T. O'Brien
USS Chester T. O'Brien,commissioned,1943-06-25,USS Chester T. O'Brien
USS Chester T. O'Brien,decommissioned,1946-01-18,USS Chester T. O'Brien
USS Chester T. O'Brien,fate,scrapped,USS Chester T. O'Brien
USS Chester T. O'Brien,homeport,"San Francisco, California",USS Chester T. O'Brien
USS Chester T. O'Brien,displacement,"14,245 tons (full load)",USS Chester T. O'Brien
USS Chester T. O'Brien,length,441 feet 6 inches (134.57 meters),USS Chester T. O'Brien
USS Chester T. O'Brien,beam,56 feet 10 inches (17.32 meters),USS Chester T. O'Brien
USS Chester T. O'Brien,draft,27 feet 9 inches (8.46 meters),USS Chester T. O'Brien
USS Chester T. O'Brien,propulsion,steam turbine,USS Chester T. O'Brien
USS Chester T. O'Brien,speed,11 knots,USS Chester T. O'Brien
USS Chester T. O'Brien,complement,approximately 40-50,USS Chester T. O'Brien
USS Chester T. O'Brien,armament,1 × 5-inch (127 mm) gun,USS Chester T. O'Brien
USS Chester T. O'Brien,armament,1 × 3-inch (76 mm) gun,USS Chester T. O'Brien
USS Chester T. O'Brien,armament,8 × 20 mm Oerlikon anti-aircraft guns,USS Chester T. O'Brien
USS Chester T. O'Brien,namedAfter,Chester T. O'Brien,USS Chester T. O'Brien
Chester T. O'Brien,instanceOf,person,USS Chester T. O'Brien
Chester T. O'Brien,occupation,merchant mariner,USS Chester T. O'Brien
Chester T. O'Brien,deathCause,killed in action during World War II,USS Chester T. O'Brien
USS Chester T. O'Brien,serviceYears,1943–1946,USS Chester T. O'Brien
USS Chester T. O'Brien,partOf,World War II,USS Chester T. O'Brien
USS Chester T. O'Brien,route,Pacific Theater,USS Chester T. O'Brien
USS Chester T. O'Brien,award,World War II Victory Medal,USS Chester T. O'Brien
USS Chester T. O'Brien,award,American Campaign Medal,USS Chester T. O'Brien
USS Chester T. O'Brien,award,Asiatic-Pacific Campaign Medal,USS Chester T. O'Brien
Jenny Bowen (filmmaker),instanceOf,person,Jenny Bowen (filmmaker)
Jenny Bowen (filmmaker),instanceOf,filmmaker,Jenny Bowen (filmmaker)
Jenny Bowen (filmmaker),occupation,director,Jenny Bowen (filmmaker)
Jenny Bowen (filmmaker),occupation,screenwriter,Jenny Bowen (filmmaker)
Jenny Bowen (filmmaker),occupation,producer,Jenny Bowen (filmmaker)
Jenny Bowen (filmmaker),occupation,social activist,Jenny Bowen (filmmaker)
Jenny Bowen (filmmaker),knownFor,adoption advocacy,Jenny Bowen (filmmaker)
Jenny Bowen (filmmaker),knownFor,documentary filmmaking,Jenny Bowen (filmmaker)
Jenny Bowen (filmmaker),founded,Half the Sky Foundation,Jenny Bowen (filmmaker)
Jenny Bowen (filmmaker),birthName,Jenny Bowen,Jenny Bowen (filmmaker)
Jenny Bowen (filmmaker),nationality,American,Jenny Bowen (filmmaker)
Jenny Bowen (filmmaker),spouse,Richard Bowen,Jenny Bowen (filmmaker)
Jenny Bowen (filmmaker),child,Maya Bowen,Jenny Bowen (filmmaker)
Jenny Bowen (filmmaker),child,Annie Bowen,Jenny Bowen (filmmaker)
Jenny Bowen (filmmaker),awardReceived,Skoll Award for Social Entrepreneurship,Jenny Bowen (filmmaker)
Jenny Bowen (filmmaker),awardReceived,Women of Vision Award,Jenny Bowen (filmmaker)
Jenny Bowen (filmmaker),directed,Streetwise,Jenny Bowen (filmmaker)
Jenny Bowen (filmmaker),directed,The Lucky Ones,Jenny Bowen (filmmaker)
Jenny Bowen (filmmaker),wrote,The Lucky Ones,Jenny Bowen (filmmaker)
Jenny Bowen (filmmaker),produced,The Lucky Ones,Jenny Bowen (filmmaker)
Jenny Bowen (filmmaker),subjectOf,Half the Sky Movement,Jenny Bowen (filmmaker)
Jenny Bowen (filmmaker),associatedWith,OneSky,Jenny Bowen (filmmaker)
Jenny Bowen (filmmaker),associatedWith,China Care Foundation,Jenny Bowen (filmmaker)
Jenny Bowen (filmmaker),educatedAt,"University of California, Berkeley",Jenny Bowen (filmmaker)
Jenny Bowen (filmmaker),fieldOfWork,child welfare,Jenny Bowen (filmmaker)
Jenny Bowen (filmmaker),fieldOfWork,orphan care,Jenny Bowen (filmmaker)
Jenny Bowen (filmmaker),fieldOfWork,documentary film,Jenny Bowen (filmmaker)
Jenny Bowen (filmmaker),notableWork,Streetwise (1984),Jenny Bowen (filmmaker)
Jenny Bowen (filmmaker),notableWork,The Lucky Ones (2009),Jenny Bowen (filmmaker)
Jenny Bowen (filmmaker),birthDate,1947,Jenny Bowen (filmmaker)
Half the Sky Foundation,foundedBy,Jenny Bowen (filmmaker),Jenny Bowen (filmmaker)
Half the Sky Foundation,instanceOf,nonprofit organization,Jenny Bowen (filmmaker)
Half the Sky Foundation,focus,orphan care,Jenny Bowen (filmmaker)
Half the Sky Foundation,focus,child welfare,Jenny Bowen (filmmaker)
Half the Sky Foundation,location,China,Jenny Bowen (filmmaker)
OneSky,previouslyKnownAs,Half the Sky Foundation,Jenny Bowen (filmmaker)
OneSky,foundedBy,Jenny Bowen (filmmaker),Jenny Bowen (filmmaker)
The King's Case Note,instanceOf,film,The King's Case Note
The King's Case Note,releaseYear,2017,The King's Case Note
The King's Case Note,genre,historical drama,The King's Case Note
The King's Case Note,genre,mystery,The King's Case Note
The King's Case Note,countryOfOrigin,South Korea,The King's Case Note
The King's Case Note,language,Korean,The King's Case Note
The King's Case Note,director,Moon Hyun-sung,The King's Case Note
The King's Case Note,screenplayBy,Moon Hyun-sung,The King's Case Note
The King's Case Note,basedOn,historical events in Joseon Dynasty,The King's Case Note
The King's Case Note,starring,Lee Sun-kyun,The King's Case Note
The King's Case Note,starring,Ahn Sung-ki,The King's Case Note
The King's Case Note,starring,Kim Hee-won,The King's Case Note
The King's Case Note,productionCompany,CJ Entertainment,The King's Case Note
The King's Case Note,distributedBy,CJ Entertainment,The King's Case Note
The King's Case Note,runtime,110 minutes,The King's Case Note
The King's Case Note,awardReceived,Best Supporting Actor (Ahn Sung-ki) at the 54th Baeksang Arts Awards,The King's Case Note
1940–41 Buffalo Bulls men's basketball team,instanceOf,college basketball team,1940–41 Buffalo Bulls men's basketball team
1940–41 Buffalo Bulls men's basketball team,instanceOf,sports team season,1940–41 Buffalo Bulls men's basketball team
1940–41 Buffalo Bulls men's basketball team,sport,basketball,1940–41 Buffalo Bulls men's basketball team
1940–41 Buffalo Bulls men's basketball team,gender,male,1940–41 Buffalo Bulls men's basketball team
1940–41 Buffalo Bulls men's basketball team,affiliation,University at Buffalo,1940–41 Buffalo Bulls men's basketball team
1940–41 Buffalo Bulls men's basketball team,conference,Independent,1940–41 Buffalo Bulls men's basketball team
1940–41 Buffalo Bulls men's basketball team,season,1940–41,1940–41 Buffalo Bulls men's basketball team
1940–41 Buffalo Bulls men's basketball team,headCoach,Art Powell,1940–41 Buffalo Bulls men's basketball team
1940–41 Buffalo Bulls men's basketball team,record,10–6,1940–41 Buffalo Bulls men's basketball team
1940–41 Buffalo Bulls men's basketball team,homeVenue,Clark Gym,1940–41 Buffalo Bulls men's basketball team
University at Buffalo,instanceOf,public university,1940–41 Buffalo Bulls men's basketball team
University at Buffalo,location,"Buffalo, New York",1940–41 Buffalo Bulls men's basketball team
Art Powell,instanceOf,basketball coach,1940–41 Buffalo Bulls men's basketball team
Art Powell,instanceOf,person,1940–41 Buffalo Bulls men's basketball team
Clark Gym,instanceOf,indoor arena,1940–41 Buffalo Bulls men's basketball team
Clark Gym,location,"Buffalo, New York",1940–41 Buffalo Bulls men's basketball team
Ivor Robinson (physicist),instanceOf,person,Ivor Robinson (physicist)
Ivor Robinson (physicist),instanceOf,physicist,Ivor Robinson (physicist)
Ivor Robinson (physicist),fieldOfStudy,theoretical physics,Ivor Robinson (physicist)
Ivor Robinson (physicist),fieldOfStudy,general relativity,Ivor Robinson (physicist)
Ivor Robinson (physicist),knownFor,Robinson-Trautman solutions,Ivor Robinson (physicist)
Ivor Robinson (physicist),knownFor,Robinson's theorem,Ivor Robinson (physicist)
Ivor Robinson (physicist),birthDate,1923,Ivor Robinson (physicist)
Ivor Robinson (physicist),deathDate,2016,Ivor Robinson (physicist)
Ivor Robinson (physicist),nationality,British,Ivor Robinson (physicist)
Ivor Robinson (physicist),nationality,American,Ivor Robinson (physicist)
Ivor Robinson (physicist),almaMater,University of Cambridge,Ivor Robinson (physicist)
Ivor Robinson (physicist),academicAdvisor,Paul Dirac,Ivor Robinson (physicist)
Ivor Robinson (physicist),employer,University of Texas at Dallas,Ivor Robinson (physicist)
Ivor Robinson (physicist),collaboratedWith,Andrzej Trautman,Ivor Robinson (physicist)
Ivor Robinson (physicist),collaboratedWith,Ezra T. Newman,Ivor Robinson (physicist)
Ivor Robinson (physicist),awardReceived,Gravity Research Foundation Award,Ivor Robinson (physicist)
Ivor Robinson (physicist),notableWork,Exact Degenerate Solutions of Einstein's Field Equations,Ivor Robinson (physicist)
Ivor Robinson (physicist),notableWork,Null Tetrad Approach to General Relativity,Ivor Robinson (physicist)
Gmina Bobowa,instanceOf,administrative territorial entity,Gmina Bobowa
Gmina Bobowa,instanceOf,gmina,Gmina Bobowa
Gmina Bobowa,locatedIn,Lesser Poland Voivodeship,Gmina Bobowa
Gmina Bobowa,locatedIn,Poland,Gmina Bobowa
Gmina Bobowa,hasAdministrativeStatus,rural gmina,Gmina Bobowa
Gmina Bobowa,seatOf,Bobowa,Gmina Bobowa
Gmina Bobowa,partOf,Gorlice County,Gmina Bobowa
Gmina Bobowa,establishedIn,1973,Gmina Bobowa
Gmina Bobowa,hasPopulation,9500,Gmina Bobowa
Gmina Bobowa,hasArea,49.84 km²,Gmina Bobowa
Gmina Bobowa,containsSettlement,Bobowa,Gmina Bobowa
Gmina Bobowa,containsSettlement,Brzana Dolna,Gmina Bobowa
Gmina Bobowa,containsSettlement,Brzana Górna,Gmina Bobowa
Gmina Bobowa,containsSettlement,Janczowa,Gmina Bobowa
Gmina Bobowa,containsSettlement,Sędziszowa,Gmina Bobowa
Gmina Bobowa,containsSettlement,Stróżna,Gmina Bobowa
Gmina Bobowa,containsSettlement,Wilczyska,Gmina Bobowa
Gmina Bobowa,neighboringGmina,Gmina Łużna,Gmina Bobowa
Gmina Bobowa,neighboringGmina,Gmina Grybów,Gmina Bobowa
Gmina Bobowa,neighboringGmina,Gmina Gorlice,Gmina Bobowa
Gmina Bobowa,neighboringGmina,Gmina Ciężkowice,Gmina Bobowa
Gmina Bobowa,officialWebsite,http://www.bobowa.pl,Gmina Bobowa
1942 Croatian First League,instanceOf,football league,1942 Croatian First League
1942 Croatian First League,instanceOf,sports competition,1942 Croatian First League
1942 Croatian First League,partOf,Independent State of Croatia,1942 Croatian First League
1942 Croatian First League,startDate,1942-03-22,1942 Croatian First League
1942 Croatian First League,endDate,1942-11-22,1942 Croatian First League
1942 Croatian First League,organizingBody,Croatian Football Federation,1942 Croatian First League
1942 Croatian First League,numberOfTeams,10,1942 Croatian First League
1942 Croatian First League,champion,HŠK Građanski Zagreb,1942 Croatian First League
1942 Croatian First League,runnerUp,HŠK Concordia Zagreb,1942 Croatian First League
1942 Croatian First League,thirdPlace,HŠK Hajduk Osijek,1942 Croatian First League
1942 Croatian First League,topScorer,Franjo Wölfl,1942 Croatian First League
1942 Croatian First League,topScorerGoals,28,1942 Croatian First League
1942 Croatian First League,country,Independent State of Croatia,1942 Croatian First League
1942 Croatian First League,precededBy,1941 Croatian First League,1942 Croatian First League
1942 Croatian First League,succeededBy,1943 Croatian First League,1942 Croatian First League
1942 Croatian First League,format,round-robin,1942 Croatian First League
1942 Croatian First League,mostAppearances,HŠK Građanski Zagreb,1942 Croatian First League
1942 Croatian First League,notableEvent,disrupted by World War II,1942 Croatian First League
HŠK Građanski Zagreb,winnerOf,1942 Croatian First League,1942 Croatian First League
Franjo Wölfl,topScorerOf,1942 Croatian First League,1942 Croatian First League
F.C. De Kampioenen (comic),instanceOf,comic series,F.C. De Kampioenen (comic)
F.C. De Kampioenen (comic),instanceOf,Belgian comic,F.C. De Kampioenen (comic)
F.C. De Kampioenen (comic),basedOn,F.C. De Kampioenen (TV series),F.C. De Kampioenen (comic)
F.C. De Kampioenen (comic),creator,Hec Leemans,F.C. De Kampioenen (comic)
F.C. De Kampioenen (comic),publisher,Standaard Uitgeverij,F.C. De Kampioenen (comic)
F.C. De Kampioenen (comic),language,Dutch,F.C. De Kampioenen (comic)
F.C. De Kampioenen (comic),firstPublished,1997,F.C. De Kampioenen (comic)
F.C. De Kampioenen (comic),genre,comedy,F.C. De Kampioenen (comic)
F.C. De Kampioenen (comic),genre,sports,F.C. De Kampioenen (comic)
F.C. De Kampioenen (comic),mainCharacter,Balthazar Boma,F.C. De Kampioenen (comic)
F.C. De Kampioenen (comic),mainCharacter,Pascale De Backer,F.C. De Kampioenen (comic)
F.C. De Kampioenen (comic),mainCharacter,Dimitri De Tremmerie,F.C. De Kampioenen (comic)
F.C. De Kampioenen (comic),mainCharacter,Marc Vertongen,F.C. De Kampioenen (comic)
F.C. De Kampioenen (comic),mainCharacter,Pol De Tremmerie,F.C. De Kampioenen (comic)
F.C. De Kampioenen (comic),mainCharacter,Doortje Van Hoeck,F.C. De Kampioenen (comic)
F.C. De Kampioenen (comic),mainCharacter,Fernand Costermans,F.C. De Kampioenen (comic)
F.C. De Kampioenen (comic),mainCharacter,Xavier Waterslaeghers,F.C. De Kampioenen (comic)
F.C. De Kampioenen (comic),setting,Belgium,F.C. De Kampioenen (comic)
F.C. De Kampioenen (comic),illustrator,Hec Leemans,F.C. De Kampioenen (comic)
F.C. De Kampioenen (comic),numberOfAlbums,over 100,F.C. De Kampioenen (comic)
1981 Soviet Cup,instanceOf,football tournament,1981 Soviet Cup
1981 Soviet Cup,instanceOf,sports event,1981 Soviet Cup
1981 Soviet Cup,partOf,Soviet Cup,1981 Soviet Cup
1981 Soviet Cup,year,1981,1981 Soviet Cup
1981 Soviet Cup,country,Soviet Union,1981 Soviet Cup
1981 Soviet Cup,sport,football,1981 Soviet Cup
1981 Soviet Cup,organizer,Football Federation of the Soviet Union,1981 Soviet Cup
1981 Soviet Cup,winner,SKA Rostov-on-Don,1981 Soviet Cup
1981 Soviet Cup,runnerUp,Spartak Moscow,1981 Soviet Cup
1981 Soviet Cup,numberOfTeams,48,1981 Soviet Cup
1981 Soviet Cup,finalVenue,Lenin Central Stadium,1981 Soviet Cup
1981 Soviet Cup,finalDate,1981-08-09,1981 Soviet Cup
1981 Soviet Cup,topScorer,Ramaz Shengelia,1981 Soviet Cup
1981 Soviet Cup,topScorerGoals,5,1981 Soviet Cup
1981 Soviet Cup,previousEdition,1980 Soviet Cup,1981 Soviet Cup
1981 Soviet Cup,nextEdition,1982 Soviet Cup,1981 Soviet Cup
Ventilator (2018 film),instanceOf,Film,Ventilator (2018 film)
Ventilator (2018 film),releaseYear,2018,Ventilator (2018 film)
Ventilator (2018 film),genre,Drama,Ventilator (2018 film)
Ventilator (2018 film),genre,Comedy,Ventilator (2018 film)
Ventilator (2018 film),country,India,Ventilator (2018 film)
Ventilator (2018 film),language,Marathi,Ventilator (2018 film)
Ventilator (2018 film),director,Rajesh Mapuskar,Ventilator (2018 film)
Ventilator (2018 film),producer,Priyanka Chopra,Ventilator (2018 film)
Ventilator (2018 film),producer,Madhur Bhandarkar,Ventilator (2018 film)
Ventilator (2018 film),screenplay,Rajesh Mapuskar,Ventilator (2018 film)
Ventilator (2018 film),story,Rajesh Mapuskar,Ventilator (2018 film)
Ventilator (2018 film),musicComposer,Rohit Nagavkar,Ventilator (2018 film)
Ventilator (2018 film),cinematography,Archana Borhade,Ventilator (2018 film)
Ventilator (2018 film),editor,Rameshwar S. Bhagat,Ventilator (2018 film)
Ventilator (2018 film),productionCompany,Purple Pebble Pictures,Ventilator (2018 film)
Ventilator (2018 film),starring,Jitendra Joshi,Ventilator (2018 film)
Ventilator (2018 film),starring,Sulbha Arya,Ventilator (2018 film)
Ventilator (2018 film),starring,Ashutosh Gowariker,Ventilator (2018 film)
Ventilator (2018 film),starring,Sukanya Kulkarni Mone,Ventilator (2018 film)
Ventilator (2018 film),award,National Film Award for Best Feature Film in Marathi,Ventilator (2018 film)
Ventilator (2018 film),awardNomination,Filmfare Award for Best Film (Marathi),Ventilator (2018 film)
Ventilator (2018 film),awardNomination,Filmfare Award for Best Director (Marathi),Ventilator (2018 film)
Ventilator (2018 film),boxOffice,Commercial success,Ventilator (2018 film)
Jerome Messam,instanceOf,Person,Jerome Messam
Jerome Messam,instanceOf,American Football Player,Jerome Messam
Jerome Messam,dateOfBirth,1985-04-02,Jerome Messam
Jerome Messam,placeOfBirth,North York,Jerome Messam
Jerome Messam,placeOfBirth,Ontario,Jerome Messam
Jerome Messam,placeOfBirth,Canada,Jerome Messam
Jerome Messam,positionPlayed,Running Back,Jerome Messam
Jerome Messam,height,1.91 meters,Jerome Messam
Jerome Messam,weight,111 kilograms,Jerome Messam
Jerome Messam,college,Graceland University,Jerome Messam
Jerome Messam,draftedBy,Green Bay Packers,Jerome Messam
Jerome Messam,draftYear,2011,Jerome Messam
Jerome Messam,draftRound,Undrafted,Jerome Messam
Jerome Messam,playedFor,Green Bay Packers,Jerome Messam
Jerome Messam,playedFor,Edmonton Eskimos,Jerome Messam
Jerome Messam,playedFor,Montreal Alouettes,Jerome Messam
Jerome Messam,playedFor,BC Lions,Jerome Messam
Jerome Messam,playedFor,Saskatchewan Roughriders,Jerome Messam
Jerome Messam,awardReceived,Grey Cup Champion,Jerome Messam
Jerome Messam,awardYear,2011,Jerome Messam
Jerome Messam,awardReceived,CFL Most Outstanding Canadian,Jerome Messam
Jerome Messam,awardYear,2017,Jerome Messam
Bert Wright (cricketer),instanceOf,Person,Bert Wright (cricketer)
Bert Wright (cricketer),instanceOf,Cricketer,Bert Wright (cricketer)
Bert Wright (cricketer),fullName,Herbert Wright,Bert Wright (cricketer)
Bert Wright (cricketer),dateOfBirth,1926-03-10,Bert Wright (cricketer)
Bert Wright (cricketer),dateOfDeath,2010-01-12,Bert Wright (cricketer)
Bert Wright (cricketer),countryOfCitizenship,United Kingdom,Bert Wright (cricketer)
Bert Wright (cricketer),countryOfBirth,United Kingdom,Bert Wright (cricketer)
Bert Wright (cricketer),placeOfBirth,Leeds,Bert Wright (cricketer)
Bert Wright (cricketer),placeOfDeath,Leeds,Bert Wright (cricketer)
Bert Wright (cricketer),sport,Cricket,Bert Wright (cricketer)
Bert Wright (cricketer),role,Bowler,Bert Wright (cricketer)
Bert Wright (cricketer),battingStyle,Right-handed,Bert Wright (cricketer)
Bert Wright (cricketer),bowlingStyle,Right-arm off break,Bert Wright (cricketer)
Bert Wright (cricketer),teamsPlayedFor,Yorkshire County Cricket Club,Bert Wright (cricketer)
Bert Wright (cricketer),debutYear,1949,Bert Wright (cricketer)
Bert Wright (cricketer),lastAppearanceYear,1958,Bert Wright (cricketer)
Bert Wright (cricketer),matchesPlayed,102,Bert Wright (cricketer)
Bert Wright (cricketer),firstClassRuns,1023,Bert Wright (cricketer)
Bert Wright (cricketer),firstClassWickets,212,Bert Wright (cricketer)
Bert Wright (cricketer),bestBowlingFigures,7/49,Bert Wright (cricketer)
Bert Wright (cricketer),awardOrHonor,Yorkshire County Cricket Club Player,Bert Wright (cricketer)
"Seo Dong-won (footballer, born 1973)",instanceOf,person,"Seo Dong-won (footballer, born 1973)"
"Seo Dong-won (footballer, born 1973)",instanceOf,footballer,"Seo Dong-won (footballer, born 1973)"
"Seo Dong-won (footballer, born 1973)",birthDate,1973,"Seo Dong-won (footballer, born 1973)"
"Seo Dong-won (footballer, born 1973)",birthPlace,South Korea,"Seo Dong-won (footballer, born 1973)"
"Seo Dong-won (footballer, born 1973)",positionPlayed,midfielder,"Seo Dong-won (footballer, born 1973)"
"Seo Dong-won (footballer, born 1973)",playedFor,Pohang Steelers,"Seo Dong-won (footballer, born 1973)"
"Seo Dong-won (footballer, born 1973)",playedFor,Suwon Samsung Bluewings,"Seo Dong-won (footballer, born 1973)"
"Seo Dong-won (footballer, born 1973)",playedFor,Ulsan Hyundai,"Seo Dong-won (footballer, born 1973)"
"Seo Dong-won (footballer, born 1973)",playedFor,Jeonbuk Hyundai Motors,"Seo Dong-won (footballer, born 1973)"
"Seo Dong-won (footballer, born 1973)",nationalTeam,South Korea national football team,"Seo Dong-won (footballer, born 1973)"
"Seo Dong-won (footballer, born 1973)",careerStartYear,1995,"Seo Dong-won (footballer, born 1973)"
"Seo Dong-won (footballer, born 1973)",careerEndYear,2008,"Seo Dong-won (footballer, born 1973)"
Pluriarc,instanceOf,Musical instrument,Pluriarc
Pluriarc,instanceOf,String instrument,Pluriarc
Pluriarc,instanceOf,Chordophone,Pluriarc
Pluriarc,originatedIn,Central Africa,Pluriarc
Pluriarc,originatedIn,West Africa,Pluriarc
Pluriarc,usedBy,Bantu peoples,Pluriarc
Pluriarc,usedBy,Pygmy peoples,Pluriarc
Pluriarc,hasFeature,Multiple strings,Pluriarc
Pluriarc,hasFeature,Bowed or plucked,Pluriarc
Pluriarc,hasFeature,Resonator made from gourd or wood,Pluriarc
Pluriarc,relatedTo,Bow harp,Pluriarc
Pluriarc,relatedTo,Kora,Pluriarc
Pluriarc,relatedTo,Ngombi,Pluriarc
Pluriarc,material,Wood,Pluriarc
Pluriarc,material,Animal gut or plant fiber (for strings),Pluriarc
Pluriarc,material,Gourd (for resonator),Pluriarc
Dharmapatni (1987 film),instanceOf,Film,Dharmapatni (1987 film)
Dharmapatni (1987 film),releaseYear,1987,Dharmapatni (1987 film)
Dharmapatni (1987 film),language,Telugu,Dharmapatni (1987 film)
Dharmapatni (1987 film),country,India,Dharmapatni (1987 film)
Dharmapatni (1987 film),genre,Drama,Dharmapatni (1987 film)
Dharmapatni (1987 film),director,K. Raghavendra Rao,Dharmapatni (1987 film)
Dharmapatni (1987 film),producer,K. S. Rama Rao,Dharmapatni (1987 film)
Dharmapatni (1987 film),productionCompany,Creative Commercials,Dharmapatni (1987 film)
Dharmapatni (1987 film),musicComposer,Chakravarthy,Dharmapatni (1987 film)
Dharmapatni (1987 film),storyBy,Yandamoori Veerendranath,Dharmapatni (1987 film)
Dharmapatni (1987 film),screenplayBy,K. Raghavendra Rao,Dharmapatni (1987 film)
Dharmapatni (1987 film),starring,Krishnam Raju,Dharmapatni (1987 film)
Dharmapatni (1987 film),starring,Jayasudha,Dharmapatni (1987 film)
Dharmapatni (1987 film),starring,Suman,Dharmapatni (1987 film)
Dharmapatni (1987 film),starring,Rajani,Dharmapatni (1987 film)
Dharmapatni (1987 film),cinematography,S. Gopala Reddy,Dharmapatni (1987 film)
Dharmapatni (1987 film),editingBy,K. A. Marthand,Dharmapatni (1987 film)
Dharmapatni (1987 film),basedOn,Novel by Yandamoori Veerendranath,Dharmapatni (1987 film)
Alberto Siliotti,instanceOf,Person,Alberto Siliotti
Alberto Siliotti,instanceOf,Author,Alberto Siliotti
Alberto Siliotti,occupation,Writer,Alberto Siliotti
Alberto Siliotti,occupation,Photographer,Alberto Siliotti
Alberto Siliotti,occupation,Egyptologist,Alberto Siliotti
Alberto Siliotti,nationality,Italian,Alberto Siliotti
Alberto Siliotti,fieldOfStudy,Egyptology,Alberto Siliotti
Alberto Siliotti,fieldOfStudy,Archaeology,Alberto Siliotti
Alberto Siliotti,notableWork,Egypt Pocket Guide,Alberto Siliotti
Alberto Siliotti,notableWork,The Discovery of Ancient Egypt,Alberto Siliotti
Alberto Siliotti,notableWork,Guide to the Valley of the Kings,Alberto Siliotti
Alberto Siliotti,notableWork,The Treasures of Ancient Egypt,Alberto Siliotti
Alberto Siliotti,notableWork,Egypt: The Land of the Pharaohs,Alberto Siliotti
Alberto Siliotti,collaboratedWith,Zahi Hawass,Alberto Siliotti
Alberto Siliotti,hasPublishedIn,White Star Publishers,Alberto Siliotti
Alberto Siliotti,hasPublishedIn,The American University in Cairo Press,Alberto Siliotti
Alberto Siliotti,subjectOf,Documentaries on ancient Egypt,Alberto Siliotti
Alberto Siliotti,awardReceived,Recognition for contributions to Egyptology,Alberto Siliotti
Alberto Siliotti,activeYearsStartDate,1980s,Alberto Siliotti
Alberto Siliotti,residence,Italy,Alberto Siliotti
Alberto Siliotti,residence,Egypt,Alberto Siliotti
Gran Turismo Sport,instanceOf,video game,Gran Turismo Sport
Gran Turismo Sport,instanceOf,racing simulation game,Gran Turismo Sport
Gran Turismo Sport,developer,Polyphony Digital,Gran Turismo Sport
Gran Turismo Sport,publisher,Sony Interactive Entertainment,Gran Turismo Sport
Gran Turismo Sport,platform,PlayStation 4,Gran Turismo Sport
Gran Turismo Sport,releaseDate,2017-10-17,Gran Turismo Sport
Gran Turismo Sport,genre,racing,Gran Turismo Sport
Gran Turismo Sport,genre,simulation,Gran Turismo Sport
Gran Turismo Sport,series,Gran Turismo,Gran Turismo Sport
Gran Turismo Sport,gameMode,single-player,Gran Turismo Sport
Gran Turismo Sport,gameMode,multiplayer,Gran Turismo Sport
Gran Turismo Sport,esrbRating,E (Everyone),Gran Turismo Sport
Gran Turismo Sport,pegRating,3,Gran Turismo Sport
Gran Turismo Sport,director,Kazunori Yamauchi,Gran Turismo Sport
Gran Turismo Sport,composer,Joris de Man,Gran Turismo Sport
Gran Turismo Sport,composer,Andy Tudor,Gran Turismo Sport
Gran Turismo Sport,composer,Mick Gordon,Gran Turismo Sport
Gran Turismo Sport,engine,proprietary,Gran Turismo Sport
Gran Turismo Sport,onlineFeatures,yes,Gran Turismo Sport
Gran Turismo Sport,fiaCertified,yes,Gran Turismo Sport
Gran Turismo Sport,carCount,over 300,Gran Turismo Sport
Gran Turismo Sport,trackCount,over 30,Gran Turismo Sport
Gran Turismo Sport,physicsEngine,proprietary,Gran Turismo Sport
Gran Turismo Sport,vrSupport,yes,Gran Turismo Sport
Gran Turismo Sport,dlc,yes,Gran Turismo Sport
Gran Turismo Sport,award,Best Racing Game (The Game Awards 2017),Gran Turismo Sport
Gran Turismo Sport,award,Excellence in Visual Arts (SXSW Gaming Awards 2018),Gran Turismo Sport
Gran Turismo Sport,awardNomination,Best PS4 Game (Golden Joystick Awards 2017),Gran Turismo Sport
Gran Turismo Sport,setting,global,Gran Turismo Sport
Gran Turismo Sport,languageSupport,multiple,Gran Turismo Sport
Gran Turismo Sport,gameplayFeature,time trials,Gran Turismo Sport
Gran Turismo Sport,gameplayFeature,driving school,Gran Turismo Sport
Gran Turismo Sport,gameplayFeature,sports mode,Gran Turismo Sport
Gran Turismo Sport,gameplayFeature,arcade mode,Gran Turismo Sport
Gran Turismo Sport,gameplayFeature,online championships,Gran Turismo Sport
Gran Turismo Sport,gameplayFeature,livery editor,Gran Turismo Sport
Gran Turismo Sport,gameplayFeature,photo mode,Gran Turismo Sport
Gran Turismo Sport,gameplayFeature,scapes mode,Gran Turismo Sport
Gran Turismo Sport,gameplayFeature,brand central,Gran Turismo Sport
Gran Turismo Sport,gameplayFeature,discover mode,Gran Turismo Sport
Gran Turismo Sport,gameplayFeature,replay theater,Gran Turismo Sport
Gran Turismo Sport,gameplayFeature,daily races,Gran Turismo Sport
Gran Turismo Sport,gameplayFeature,weekly events,Gran Turismo Sport
Gran Turismo Sport,gameplayFeature,custom races,Gran Turismo Sport
Gran Turismo Sport,gameplayFeature,split-screen multiplayer,Gran Turismo Sport
Gran Turismo Sport,inspiredBy,real-world motorsport,Gran Turismo Sport
Gran Turismo Sport,collaboration,FIA (Fédération Internationale de l'Automobile),Gran Turismo Sport
Gran Turismo Sport,collaboration,Toyota,Gran Turismo Sport
Gran Turismo Sport,collaboration,Nissan,Gran Turismo Sport
Gran Turismo Sport,collaboration,Ford,Gran Turismo Sport
Gran Turismo Sport,collaboration,Porsche,Gran Turismo Sport
Gran Turismo Sport,collaboration,Mercedes-Benz,Gran Turismo Sport
Gran Turismo Sport,collaboration,BMW,Gran Turismo Sport
Gran Turismo Sport,collaboration,Audi,Gran Turismo Sport
Gran Turismo Sport,collaboration,Ferrari,Gran Turismo Sport
Gran Turismo Sport,collaboration,Lamborghini,Gran Turismo Sport
Gran Turismo Sport,collaboration,McLaren,Gran Turismo Sport
Gran Turismo Sport,collaboration,Subaru,Gran Turismo Sport
Gran Turismo Sport,collaboration,Mazda,Gran Turismo Sport
Gran Turismo Sport,collaboration,Honda,Gran Turismo Sport
Gran Turismo Sport,collaboration,Lexus,Gran Turismo Sport
Gran Turismo Sport,collaboration,Bugatti,Gran Turismo Sport
Gran Turismo Sport,collaboration,Aston Martin,Gran Turismo Sport
Gran Turismo Sport,collaboration,Jaguar,Gran Turismo Sport
Gran Turismo Sport,collaboration,Land Rover,Gran Turismo Sport
Gran Turismo Sport,collaboration,Volkswagen,Gran Turismo Sport
Gran Turismo Sport,collaboration,Chevrolet,Gran Turismo Sport
Gran Turismo Sport,collaboration,Dodge,Gran Turismo Sport
Gran Turismo Sport,predecessor,Gran Turismo 6,Gran Turismo Sport
Gran Turismo Sport,successor,Gran Turismo 7,Gran Turismo Sport
Gran Turismo Sport,inputDevice,DualShock 4,Gran Turismo Sport
Gran Turismo Sport,inputDevice,PlayStation Move,Gran Turismo Sport
Gran Turismo Sport,inputDevice,steering wheel,Gran Turismo Sport
Gran Turismo Sport,inputDevice,racing wheel,Gran Turismo Sport
Vulcan Centaur,instanceOf,rocket,Vulcan Centaur
Vulcan Centaur,instanceOf,launch vehicle,Vulcan Centaur
Vulcan Centaur,manufacturer,United Launch Alliance,Vulcan Centaur
Vulcan Centaur,developmentStarted,2014,Vulcan Centaur
Vulcan Centaur,firstFlight,2024-01-08,Vulcan Centaur
Vulcan Centaur,height,61.6 meters,Vulcan Centaur
Vulcan Centaur,diameter,5.4 meters,Vulcan Centaur
Vulcan Centaur,mass,"546,700 kg",Vulcan Centaur
Vulcan Centaur,stages,2,Vulcan Centaur
Vulcan Centaur,payloadToLEO,"27,200 kg",Vulcan Centaur
Vulcan Centaur,payloadToGTO,"14,400 kg",Vulcan Centaur
Vulcan Centaur,enginesFirstStage,2x BE-4,Vulcan Centaur
Vulcan Centaur,enginesSecondStage,2x RL10,Vulcan Centaur
Vulcan Centaur,propellantFirstStage,liquid methane / liquid oxygen (methalox),Vulcan Centaur
Vulcan Centaur,propellantSecondStage,liquid hydrogen / liquid oxygen (hydrolox),Vulcan Centaur
Vulcan Centaur,status,active,Vulcan Centaur
Vulcan Centaur,replaces,Atlas V,Vulcan Centaur
Vulcan Centaur,replaces,Delta IV,Vulcan Centaur
Vulcan Centaur,launchSite,Cape Canaveral Space Force Station,Vulcan Centaur
Vulcan Centaur,launchSite,Vandenberg Space Force Base,Vulcan Centaur
Vulcan Centaur,notableMissions,Peregrine Mission One (Astrobotic lunar lander),Vulcan Centaur
Vulcan Centaur,notableMissions,Cert-1 (maiden flight),Vulcan Centaur
Vulcan Centaur,certificationRequired,U.S. Space Force National Security Space Launch (NSSL) program,Vulcan Centaur
Vulcan Centaur,solidRocketBoosters,0 to 6 GEM 63XL,Vulcan Centaur
Vulcan Centaur,fairingDiameter,5.4 meters,Vulcan Centaur
Vulcan Centaur,fairingHeight,21.3 meters,Vulcan Centaur
Col du Berthiand,instanceOf,mountain pass,Col du Berthiand
Col du Berthiand,locatedIn,France,Col du Berthiand
Col du Berthiand,locatedIn,Auvergne-Rhône-Alpes,Col du Berthiand
Col du Berthiand,locatedIn,Ain department,Col du Berthiand
Col du Berthiand,elevation,780 meters,Col du Berthiand
Col du Berthiand,connects,Hauteville-Lompnes,Col du Berthiand
Col du Berthiand,connects,Briord,Col du Berthiand
Col du Berthiand,partOf,Jura Mountains,Col du Berthiand
Col du Berthiand,usedFor,cycling,Col du Berthiand
Col du Berthiand,usedFor,hiking,Col du Berthiand
Bahau River,instanceOf,river,Bahau River
Bahau River,locatedIn,Borneo,Bahau River
Bahau River,locatedIn,Indonesia,Bahau River
Bahau River,locatedIn,North Kalimantan,Bahau River
Bahau River,flowsThrough,Malinau Regency,Bahau River
Bahau River,flowsInto,Kayan River,Bahau River
Bahau River,hasTributary,Pujungan River,Bahau River
Bahau River,hasLength,approximately 200 kilometers,Bahau River
Bahau River,knownFor,biodiversity,Bahau River
Bahau River,knownFor,Dayak indigenous communities,Bahau River
Bahau River,partOfWatershed,Kayan River watershed,Bahau River
Geogarypus connatus,instanceOf,species,Geogarypus connatus
Geogarypus connatus,subclassOf,Geogarypus,Geogarypus connatus
Geogarypus connatus,subclassOf,Garypidae,Geogarypus connatus
Geogarypus connatus,subclassOf,Pseudoscorpiones,Geogarypus connatus
Geogarypus connatus,subclassOf,Arachnida,Geogarypus connatus
Geogarypus connatus,commonName,false scorpion,Geogarypus connatus
Geogarypus connatus,habitat,leaf litter,Geogarypus connatus
Geogarypus connatus,habitat,soil,Geogarypus connatus
Geogarypus connatus,habitat,under bark,Geogarypus connatus
Geogarypus connatus,distribution,Europe,Geogarypus connatus
Geogarypus connatus,distribution,North Africa,Geogarypus connatus
Geogarypus connatus,size,1.5–2.5 mm,Geogarypus connatus
Geogarypus connatus,diet,small arthropods,Geogarypus connatus
Geogarypus connatus,reproduction,sexual,Geogarypus connatus
Geogarypus connatus,lifespan,1–2 years,Geogarypus connatus
Geogarypus connatus,firstDescribedBy,Eugène Simon,Geogarypus connatus
Geogarypus connatus,yearDescribed,1878,Geogarypus connatus
Gouda triptych of the Life of Mary,instanceOf,triptych,Gouda triptych of the Life of Mary
Gouda triptych of the Life of Mary,instanceOf,religious artwork,Gouda triptych of the Life of Mary
Gouda triptych of the Life of Mary,createdBy,Master of the Virgo inter Virgines,Gouda triptych of the Life of Mary
Gouda triptych of the Life of Mary,dateCreated,circa 1480-1490,Gouda triptych of the Life of Mary
Gouda triptych of the Life of Mary,locationCreated,"Gouda, Netherlands",Gouda triptych of the Life of Mary
Gouda triptych of the Life of Mary,currentLocation,"Rijksmuseum, Amsterdam",Gouda triptych of the Life of Mary
Gouda triptych of the Life of Mary,material,oil on panel,Gouda triptych of the Life of Mary
Gouda triptych of the Life of Mary,dimensions,105 cm × 145 cm (center panel),Gouda triptych of the Life of Mary
Gouda triptych of the Life of Mary,depicts,Life of the Virgin Mary,Gouda triptych of the Life of Mary
Gouda triptych of the Life of Mary,style,Northern Renaissance,Gouda triptych of the Life of Mary
Gouda triptych of the Life of Mary,partOf,Netherlandish art,Gouda triptych of the Life of Mary
Gouda triptych of the Life of Mary,notableFeature,detailed depiction of daily life in the background,Gouda triptych of the Life of Mary
Gouda triptych of the Life of Mary,subjectMatter,Annunciation,Gouda triptych of the Life of Mary
Gouda triptych of the Life of Mary,subjectMatter,Visitation,Gouda triptych of the Life of Mary
Gouda triptych of the Life of Mary,subjectMatter,Adoration of the Magi,Gouda triptych of the Life of Mary
Gouda triptych of the Life of Mary,subjectMatter,Presentation at the Temple,Gouda triptych of the Life of Mary
Gouda triptych of the Life of Mary,influencedBy,Early Netherlandish painting,Gouda triptych of the Life of Mary
Krzysztof Piątek,instanceOf,Person,Krzysztof Piątek
Krzysztof Piątek,instanceOf,FootballPlayer,Krzysztof Piątek
Krzysztof Piątek,fullName,Krzysztof Piątek,Krzysztof Piątek
Krzysztof Piątek,dateOfBirth,1995-07-01,Krzysztof Piątek
Krzysztof Piątek,placeOfBirth,"Dzierżoniów, Poland",Krzysztof Piątek
Krzysztof Piątek,nationality,Polish,Krzysztof Piątek
Krzysztof Piątek,height,1.83 m,Krzysztof Piątek
Krzysztof Piątek,position,Striker,Krzysztof Piątek
Krzysztof Piątek,currentClub,Istanbul Başakşehir F.K.,Krzysztof Piątek
Krzysztof Piątek,jerseyNumber,19,Krzysztof Piątek
Krzysztof Piątek,formerClub,AC Milan,Krzysztof Piątek
Krzysztof Piątek,formerClub,Hertha BSC,Krzysztof Piątek
Krzysztof Piątek,formerClub,Genoa CFC,Krzysztof Piątek
Krzysztof Piątek,formerClub,Cracovia,Krzysztof Piątek
Krzysztof Piątek,formerClub,Zagłębie Lubin,Krzysztof Piątek
Krzysztof Piątek,formerClub,Dolcan Ząbki,Krzysztof Piątek
Krzysztof Piątek,debutYear,2012,Krzysztof Piątek
Krzysztof Piątek,internationalTeam,Poland national football team,Krzysztof Piątek
Krzysztof Piątek,caps,24,Krzysztof Piątek
Krzysztof Piątek,goalsForNationalTeam,9,Krzysztof Piątek
Krzysztof Piątek,award,Ekstraklasa Young Player of the Season (2017–18),Krzysztof Piątek
Krzysztof Piątek,award,Serie A Player of the Month (October 2018),Krzysztof Piątek
Krzysztof Piątek,transfer,AC Milan (2019),Krzysztof Piątek
Krzysztof Piątek,transferFee,€35 million,Krzysztof Piątek
Krzysztof Piątek,socialMedia,Instagram (@krzysztofpiatek),Krzysztof Piątek
Krzysztof Piątek,socialMedia,Twitter (@krzysztofpiatek),Krzysztof Piątek
Krzysztof Piątek,nickname,The Goal Machine,Krzysztof Piątek
Krzysztof Piątek,nickname,Piatek9,Krzysztof Piątek
Krzysztof Piątek,agent,Bartłomiej Pawłowski,Krzysztof Piątek
Krzysztof Piątek,contractUntil,2025 (with Istanbul Başakşehir),Krzysztof Piątek
Krzysztof Piątek,league,Süper Lig,Krzysztof Piątek
Krzysztof Piątek,youthClub,Dziewiątka Dzierżoniów,Krzysztof Piątek
Krzysztof Piątek,youthClub,Lechia Dzierżoniów,Krzysztof Piątek
Tigrovaya Balka Nature Reserve,instanceOf,nature reserve,Tigrovaya Balka Nature Reserve
Tigrovaya Balka Nature Reserve,instanceOf,protected area,Tigrovaya Balka Nature Reserve
Tigrovaya Balka Nature Reserve,locatedIn,Tajikistan,Tigrovaya Balka Nature Reserve
Tigrovaya Balka Nature Reserve,locatedIn,Khatlon Region,Tigrovaya Balka Nature Reserve
Tigrovaya Balka Nature Reserve,established,1938,Tigrovaya Balka Nature Reserve
Tigrovaya Balka Nature Reserve,area,460 square kilometers,Tigrovaya Balka Nature Reserve
Tigrovaya Balka Nature Reserve,notableFor,biodiversity,Tigrovaya Balka Nature Reserve
Tigrovaya Balka Nature Reserve,notableFor,tugai forests,Tigrovaya Balka Nature Reserve
Tigrovaya Balka Nature Reserve,notableFor,wildlife conservation,Tigrovaya Balka Nature Reserve
Tigrovaya Balka Nature Reserve,contains,Amu Darya River,Tigrovaya Balka Nature Reserve
Tigrovaya Balka Nature Reserve,contains,Pyanj River,Tigrovaya Balka Nature Reserve
Tigrovaya Balka Nature Reserve,habitatFor,Bukhara deer,Tigrovaya Balka Nature Reserve
Tigrovaya Balka Nature Reserve,habitatFor,striped hyena,Tigrovaya Balka Nature Reserve
Tigrovaya Balka Nature Reserve,habitatFor,goitered gazelle,Tigrovaya Balka Nature Reserve
Tigrovaya Balka Nature Reserve,habitatFor,Central Asian cobra,Tigrovaya Balka Nature Reserve
Tigrovaya Balka Nature Reserve,habitatFor,Pallas's cat,Tigrovaya Balka Nature Reserve
Tigrovaya Balka Nature Reserve,habitatFor,over 200 bird species,Tigrovaya Balka Nature Reserve
Tigrovaya Balka Nature Reserve,designatedAs,Ramsar Wetland of International Importance,Tigrovaya Balka Nature Reserve
Tigrovaya Balka Nature Reserve,designatedAs,IUCN Category Ia (Strict Nature Reserve),Tigrovaya Balka Nature Reserve
Tigrovaya Balka Nature Reserve,threatenedBy,habitat loss,Tigrovaya Balka Nature Reserve
Tigrovaya Balka Nature Reserve,threatenedBy,poaching,Tigrovaya Balka Nature Reserve
Tigrovaya Balka Nature Reserve,threatenedBy,water diversion,Tigrovaya Balka Nature Reserve
Tigrovaya Balka Nature Reserve,managedBy,Tajik Ministry of Environment,Tigrovaya Balka Nature Reserve
Tigrovaya Balka Nature Reserve,alsoKnownAs,Tigrovaya Balka Zapovednik,Tigrovaya Balka Nature Reserve
Tigrovaya Balka Nature Reserve,namedAfter,Tigrovaya Balka (local name for the area),Tigrovaya Balka Nature Reserve
Tigrovaya Balka Nature Reserve,partOf,Amu Darya River Basin,Tigrovaya Balka Nature Reserve
Moor Bridge tram stop,instanceOf,tram stop,Moor Bridge tram stop
Moor Bridge tram stop,instanceOf,public transport infrastructure,Moor Bridge tram stop
Moor Bridge tram stop,locatedIn,Sheffield,Moor Bridge tram stop
Moor Bridge tram stop,locatedIn,South Yorkshire,Moor Bridge tram stop
Moor Bridge tram stop,locatedIn,England,Moor Bridge tram stop
Moor Bridge tram stop,locatedIn,United Kingdom,Moor Bridge tram stop
Moor Bridge tram stop,servedBy,Sheffield Supertram,Moor Bridge tram stop
Moor Bridge tram stop,servesLine,Yellow Line,Moor Bridge tram stop
Moor Bridge tram stop,servesLine,Blue Line,Moor Bridge tram stop
Moor Bridge tram stop,opened,1995,Moor Bridge tram stop
Moor Bridge tram stop,hasFeature,shelter,Moor Bridge tram stop
Moor Bridge tram stop,hasFeature,ticket machine,Moor Bridge tram stop
Moor Bridge tram stop,hasFeature,CCTV,Moor Bridge tram stop
Moor Bridge tram stop,nearbyLandmark,Moor Market,Moor Bridge tram stop
Moor Bridge tram stop,nearbyLandmark,Sheffield City Hall,Moor Bridge tram stop
Moor Bridge tram stop,accessible,wheelchair accessible,Moor Bridge tram stop
Moor Bridge tram stop,coordinates,"53.3797° N, 1.4686° W",Moor Bridge tram stop
Moor Bridge tram stop,type,surface-level tram stop,Moor Bridge tram stop
Moor Bridge tram stop,operatedBy,Stagecoach Supertram,Moor Bridge tram stop
Czech Republic Davis Cup team,instanceOf,national tennis team,Czech Republic Davis Cup team
Czech Republic Davis Cup team,instanceOf,Davis Cup team,Czech Republic Davis Cup team
Czech Republic Davis Cup team,competesIn,Davis Cup,Czech Republic Davis Cup team
Czech Republic Davis Cup team,represents,Czech Republic,Czech Republic Davis Cup team
Czech Republic Davis Cup team,governingBody,Czech Tennis Association,Czech Republic Davis Cup team
Czech Republic Davis Cup team,founded,1921,Czech Republic Davis Cup team
Czech Republic Davis Cup team,homeVenue,various (Czech Republic),Czech Republic Davis Cup team
Czech Republic Davis Cup team,captain,Jaroslav Navrátil (as of 2023),Czech Republic Davis Cup team
Czech Republic Davis Cup team,wonTitle,1980,Czech Republic Davis Cup team
Czech Republic Davis Cup team,wonTitle,2012,Czech Republic Davis Cup team
Czech Republic Davis Cup team,wonTitle,2013,Czech Republic Davis Cup team
Czech Republic Davis Cup team,finalist,1975,Czech Republic Davis Cup team
Czech Republic Davis Cup team,finalist,1981,Czech Republic Davis Cup team
Czech Republic Davis Cup team,finalist,2009,Czech Republic Davis Cup team
Czech Republic Davis Cup team,finalist,2012 (as part of Czechoslovakia),Czech Republic Davis Cup team
Czech Republic Davis Cup team,notablePlayer,Ivan Lendl,Czech Republic Davis Cup team
Czech Republic Davis Cup team,notablePlayer,Tomáš Berdych,Czech Republic Davis Cup team
Czech Republic Davis Cup team,notablePlayer,Radek Štěpánek,Czech Republic Davis Cup team
Czech Republic Davis Cup team,notablePlayer,Lukáš Rosol,Czech Republic Davis Cup team
Czech Republic Davis Cup team,notablePlayer,Jiří Veselý,Czech Republic Davis Cup team
Czech Republic Davis Cup team,currentRanking,varies (Davis Cup rankings),Czech Republic Davis Cup team
Czech Republic Davis Cup team,partOf,Czechoslovakia Davis Cup team (historically),Czech Republic Davis Cup team
Czech Republic Davis Cup team,successorOf,Czechoslovakia Davis Cup team,Czech Republic Davis Cup team
Czech Republic Davis Cup team,firstAppearance,1921 (as Czechoslovakia),Czech Republic Davis Cup team
Czech Republic Davis Cup team,zone,Europe/Africa Zone,Czech Republic Davis Cup team
Czech Republic Davis Cup team,surfacePreference,"varies (hard, clay, grass)",Czech Republic Davis Cup team
Czech Republic Davis Cup team,headquarters,"Prague, Czech Republic",Czech Republic Davis Cup team
Czech Republic Davis Cup team,officialWebsite,https://www.cztennis.cz,Czech Republic Davis Cup team
Czech Republic Davis Cup team,socialMedia,@CzechTennis (Twitter),Czech Republic Davis Cup team
Czech Republic Davis Cup team,associatedWith,Czech Fed Cup team,Czech Republic Davis Cup team
Czech Republic Davis Cup team,associatedWith,ATP Tour,Czech Republic Davis Cup team
Czech Republic Davis Cup team,associatedWith,ITF (International Tennis Federation),Czech Republic Davis Cup team
Czech Republic Davis Cup team,recordWin,"vs. Italy (2013, 4-1)",Czech Republic Davis Cup team
Czech Republic Davis Cup team,recordLoss,"vs. Spain (2009, 0-5)",Czech Republic Davis Cup team
Canton of Le Diois,instanceOf,canton of France,Canton of Le Diois
Canton of Le Diois,locatedIn,Drôme department,Canton of Le Diois
Canton of Le Diois,locatedIn,Auvergne-Rhône-Alpes region,Canton of Le Diois
Canton of Le Diois,country,France,Canton of Le Diois
Canton of Le Diois,containsMunicipality,Die,Canton of Le Diois
Canton of Le Diois,containsMunicipality,Aurel,Canton of Le Diois
Canton of Le Diois,containsMunicipality,Barnave,Canton of Le Diois
Canton of Le Diois,containsMunicipality,Beaufort-sur-Gervanne,Canton of Le Diois
Canton of Le Diois,containsMunicipality,Châtillon-en-Diois,Canton of Le Diois
Canton of Le Diois,containsMunicipality,Laval-d'Aix,Canton of Le Diois
Canton of Le Diois,containsMunicipality,Luc-en-Diois,Canton of Le Diois
Canton of Le Diois,containsMunicipality,Menglon,Canton of Le Diois
Canton of Le Diois,containsMunicipality,Molières-Glandaz,Canton of Le Diois
Canton of Le Diois,containsMunicipality,Montlaur-en-Diois,Canton of Le Diois
Canton of Le Diois,containsMunicipality,Montmaur-en-Diois,Canton of Le Diois
Canton of Le Diois,containsMunicipality,Poyols,Canton of Le Diois
Canton of Le Diois,containsMunicipality,Recoubeau-Jansac,Canton of Le Diois
Canton of Le Diois,containsMunicipality,Saint-Agnan-en-Vercors,Canton of Le Diois
Canton of Le Diois,containsMunicipality,Saint-Roman,Canton of Le Diois
Canton of Le Diois,containsMunicipality,Sainte-Croix,Canton of Le Diois
Canton of Le Diois,containsMunicipality,Val-Maravel,Canton of Le Diois
Canton of Le Diois,capital,Die,Canton of Le Diois
Canton of Le Diois,area,approximately 500 km²,Canton of Le Diois
Canton of Le Diois,population,"approximately 6,000 (as of recent estimates)",Canton of Le Diois
Canton of Le Diois,knownFor,vineyards and wine production,Canton of Le Diois
Canton of Le Diois,knownFor,natural landscapes and hiking trails,Canton of Le Diois
Canton of Le Diois,partOfHistoricalRegion,Dauphiné,Canton of Le Diois
Ali Abbasi (director),instanceOf,person,Ali Abbasi (director)
Ali Abbasi (director),instanceOf,film director,Ali Abbasi (director)
Ali Abbasi (director),birthDate,1981-12-22,Ali Abbasi (director)
Ali Abbasi (director),birthPlace,"Tehran, Iran",Ali Abbasi (director)
Ali Abbasi (director),nationality,Iranian,Ali Abbasi (director)
Ali Abbasi (director),nationality,Danish,Ali Abbasi (director)
Ali Abbasi (director),education,"Royal Institute of Technology (KTH), Stockholm",Ali Abbasi (director)
Ali Abbasi (director),education,National Film School of Denmark,Ali Abbasi (director)
Ali Abbasi (director),occupation,film director,Ali Abbasi (director)
Ali Abbasi (director),occupation,screenwriter,Ali Abbasi (director)
Ali Abbasi (director),notableWork,Shelley (2016),Ali Abbasi (director)
Ali Abbasi (director),notableWork,Border (2018),Ali Abbasi (director)
Ali Abbasi (director),notableWork,Holy Spider (2022),Ali Abbasi (director)
Ali Abbasi (director),award,Un Certain Regard Award for Best Director (2022),Ali Abbasi (director)
Ali Abbasi (director),award,Nordic Council Film Prize (2018),Ali Abbasi (director)
Ali Abbasi (director),spouse,Johanne Algren,Ali Abbasi (director)
Ali Abbasi (director),residence,"Copenhagen, Denmark",Ali Abbasi (director)
Ali Abbasi (director),languageSpoken,Persian,Ali Abbasi (director)
Ali Abbasi (director),languageSpoken,Danish,Ali Abbasi (director)
Ali Abbasi (director),languageSpoken,English,Ali Abbasi (director)
Ali Abbasi (director),genre,horror,Ali Abbasi (director)
Ali Abbasi (director),genre,thriller,Ali Abbasi (director)
Ali Abbasi (director),genre,crime,Ali Abbasi (director)
Border (2018),director,Ali Abbasi (director),Ali Abbasi (director)
Border (2018),screenplay,Ali Abbasi (director),Ali Abbasi (director)
Border (2018),award,"Un Certain Regard Prize (Cannes Film Festival, 2018)",Ali Abbasi (director)
Holy Spider (2022),director,Ali Abbasi (director),Ali Abbasi (director)
Holy Spider (2022),screenplay,Ali Abbasi (director),Ali Abbasi (director)
Holy Spider (2022),award,Un Certain Regard Award for Best Director (2022),Ali Abbasi (director)
Shelley (2016),director,Ali Abbasi (director),Ali Abbasi (director)
Ali Abbasi (director),collaborator,Eva Melander,Ali Abbasi (director)
Ali Abbasi (director),collaborator,Zar Amir Ebrahimi,Ali Abbasi (director)
Ali Abbasi (director),influencedBy,David Lynch,Ali Abbasi (director)
Ali Abbasi (director),influencedBy,Lars von Trier,Ali Abbasi (director)
Romain Glèlè Kakaï,instanceOf,Person,Romain Glèlè Kakaï
Romain Glèlè Kakaï,instanceOf,Footballer,Romain Glèlè Kakaï
Romain Glèlè Kakaï,birthDate,1992-11-07,Romain Glèlè Kakaï
Romain Glèlè Kakaï,birthPlace,"Allada, Benin",Romain Glèlè Kakaï
Romain Glèlè Kakaï,nationality,Beninese,Romain Glèlè Kakaï
Romain Glèlè Kakaï,positionPlayed,Defender,Romain Glèlè Kakaï
Romain Glèlè Kakaï,currentClub,Al-Tai FC,Romain Glèlè Kakaï
Romain Glèlè Kakaï,previousClub,FC Lorient,Romain Glèlè Kakaï
Romain Glèlè Kakaï,previousClub,Chamois Niortais FC,Romain Glèlè Kakaï
Romain Glèlè Kakaï,previousClub,US Orléans,Romain Glèlè Kakaï
Romain Glèlè Kakaï,height,1.83 meters,Romain Glèlè Kakaï
Romain Glèlè Kakaï,playsFor,Benin national football team,Romain Glèlè Kakaï
Ramal de Braga,instanceOf,railway line,Ramal de Braga
Ramal de Braga,locatedIn,Portugal,Ramal de Braga
Ramal de Braga,connects,Braga,Ramal de Braga
Ramal de Braga,connects,Nine,Ramal de Braga
Ramal de Braga,partOf,Minho Line,Ramal de Braga
Ramal de Braga,length,15.7 km,Ramal de Braga
Ramal de Braga,opened,1875,Ramal de Braga
Ramal de Braga,operator,Comboios de Portugal (CP),Ramal de Braga
Ramal de Braga,serves,urban passenger trains,Ramal de Braga
Ramal de Braga,serves,regional trains,Ramal de Braga
Ramal de Braga,electrified,yes,Ramal de Braga
Ramal de Braga,trackGauge,"1,668 mm (Iberian gauge)",Ramal de Braga
Ramal de Braga,terminus,Braga railway station,Ramal de Braga
Ramal de Braga,junction,Nine railway station,Ramal de Braga
Salix pyrenaica,instanceOf,plant species,Salix pyrenaica
Salix pyrenaica,instanceOf,willow,Salix pyrenaica
Salix pyrenaica,commonName,Pyrenean willow,Salix pyrenaica
Salix pyrenaica,scientificName,Salix pyrenaica,Salix pyrenaica
Salix pyrenaica,kingdom,Plantae,Salix pyrenaica
Salix pyrenaica,clade,Tracheophytes,Salix pyrenaica
Salix pyrenaica,clade,Angiosperms,Salix pyrenaica
Salix pyrenaica,clade,Eudicots,Salix pyrenaica
Salix pyrenaica,order,Malpighiales,Salix pyrenaica
Salix pyrenaica,family,Salicaceae,Salix pyrenaica
Salix pyrenaica,genus,Salix,Salix pyrenaica
Salix pyrenaica,nativeTo,Pyrenees,Salix pyrenaica
Salix pyrenaica,nativeTo,Spain,Salix pyrenaica
Salix pyrenaica,nativeTo,France,Salix pyrenaica
Salix pyrenaica,habitat,alpine regions,Salix pyrenaica
Salix pyrenaica,habitat,subalpine regions,Salix pyrenaica
Salix pyrenaica,growthForm,shrub,Salix pyrenaica
Salix pyrenaica,leafArrangement,alternate,Salix pyrenaica
Salix pyrenaica,leafShape,lanceolate,Salix pyrenaica
Salix pyrenaica,leafMargin,serrate,Salix pyrenaica
Salix pyrenaica,flowerType,catkin,Salix pyrenaica
Salix pyrenaica,flowerColor,yellowish,Salix pyrenaica
Salix pyrenaica,floweringSeason,spring,Salix pyrenaica
Salix pyrenaica,pollinationMethod,wind-pollinated,Salix pyrenaica
Salix pyrenaica,pollinationMethod,insect-pollinated,Salix pyrenaica
Salix pyrenaica,conservationStatus,Least Concern,Salix pyrenaica
Salix pyrenaica,IUCNRedListCategory,LC,Salix pyrenaica
Salix pyrenaica,synonym,Salix pyrenaica Gouan,Salix pyrenaica
Salix pyrenaica,firstDescribedBy,Antoine Gouan,Salix pyrenaica
Salix pyrenaica,publicationYear,1773,Salix pyrenaica
Athletics at the 2024 Summer Paralympics – Women's marathon T12,instanceOf,Paralympic athletics event,Athletics at the 2024 Summer Paralympics – Women's marathon T12
Athletics at the 2024 Summer Paralympics – Women's marathon T12,partOf,2024 Summer Paralympics,Athletics at the 2024 Summer Paralympics – Women's marathon T12
Athletics at the 2024 Summer Paralympics – Women's marathon T12,sport,Athletics,Athletics at the 2024 Summer Paralympics – Women's marathon T12
Athletics at the 2024 Summer Paralympics – Women's marathon T12,eventType,Marathon,Athletics at the 2024 Summer Paralympics – Women's marathon T12
Athletics at the 2024 Summer Paralympics – Women's marathon T12,gender,Women's,Athletics at the 2024 Summer Paralympics – Women's marathon T12
Athletics at the 2024 Summer Paralympics – Women's marathon T12,classification,T12,Athletics at the 2024 Summer Paralympics – Women's marathon T12
Athletics at the 2024 Summer Paralympics – Women's marathon T12,location,"Paris, France",Athletics at the 2024 Summer Paralympics – Women's marathon T12
Athletics at the 2024 Summer Paralympics – Women's marathon T12,scheduledFor,2024,Athletics at the 2024 Summer Paralympics – Women's marathon T12
Athletics at the 2024 Summer Paralympics – Women's marathon T12,governingBody,World Para Athletics,Athletics at the 2024 Summer Paralympics – Women's marathon T12
Athletics at the 2024 Summer Paralympics – Women's marathon T12,distance,42.195 kilometers,Athletics at the 2024 Summer Paralympics – Women's marathon T12
T12 classification,instanceOf,Paralympic sport classification,Athletics at the 2024 Summer Paralympics – Women's marathon T12
T12 classification,appliesTo,Athletes with visual impairment,Athletics at the 2024 Summer Paralympics – Women's marathon T12
T12 classification,description,Athletes have low vision but can recognize the shape of a hand and have some visual acuity,Athletics at the 2024 Summer Paralympics – Women's marathon T12
Cap Blanc rock shelter,instanceOf,archaeological site,Cap Blanc rock shelter
Cap Blanc rock shelter,instanceOf,cave,Cap Blanc rock shelter
Cap Blanc rock shelter,locatedIn,Dordogne,Cap Blanc rock shelter
Cap Blanc rock shelter,locatedIn,France,Cap Blanc rock shelter
Cap Blanc rock shelter,locatedInAdministrativeEntity,Nouvelle-Aquitaine,Cap Blanc rock shelter
Cap Blanc rock shelter,discoveredBy,Raymond Peyrille,Cap Blanc rock shelter
Cap Blanc rock shelter,discoveryDate,1909,Cap Blanc rock shelter
Cap Blanc rock shelter,contains,Magdalenian-era sculptures,Cap Blanc rock shelter
Cap Blanc rock shelter,notableFor,prehistoric carvings,Cap Blanc rock shelter
Cap Blanc rock shelter,notableFor,frise sculptée (sculpted frieze),Cap Blanc rock shelter
Cap Blanc rock shelter,depicts,horses,Cap Blanc rock shelter
Cap Blanc rock shelter,depicts,bison,Cap Blanc rock shelter
Cap Blanc rock shelter,culturalPeriod,Upper Paleolithic,Cap Blanc rock shelter
Cap Blanc rock shelter,culturalPeriod,Magdalenian,Cap Blanc rock shelter
Cap Blanc rock shelter,protectedStatus,Monument historique (France),Cap Blanc rock shelter
Cap Blanc rock shelter,nearbyLocation,Les Eyzies-de-Tayac-Sireuil,Cap Blanc rock shelter
Cap Blanc rock shelter,elevationAboveSeaLevel,approximately 70 meters,Cap Blanc rock shelter
Cap Blanc rock shelter,hasFeature,limestone cliff,Cap Blanc rock shelter
Cap Blanc rock shelter,associatedWith,prehistoric art,Cap Blanc rock shelter
Cap Blanc rock shelter,visitedBy,tourists,Cap Blanc rock shelter
Cap Blanc rock shelter,studiedBy,archaeologists,Cap Blanc rock shelter
Cap Blanc rock shelter,partOf,Vézère Valley UNESCO World Heritage Site,Cap Blanc rock shelter
"Forest House, Chester",instanceOf,building,"Forest House, Chester"
"Forest House, Chester",instanceOf,historic house,"Forest House, Chester"
"Forest House, Chester",location,"Chester, Cheshire, England","Forest House, Chester"
"Forest House, Chester",architecturalStyle,Georgian,"Forest House, Chester"
"Forest House, Chester",yearConstructed,18th century,"Forest House, Chester"
"Forest House, Chester",currentUse,residential,"Forest House, Chester"
"Forest House, Chester",currentUse,private property,"Forest House, Chester"
"Forest House, Chester",notableFeature,landscaped gardens,"Forest House, Chester"
"Forest House, Chester",locatedInArea,"Hoole, Chester","Forest House, Chester"
"Forest House, Chester",nearbyLandmark,Chester Cathedral,"Forest House, Chester"
"Forest House, Chester",nearbyLandmark,Chester City Walls,"Forest House, Chester"
Kapelludden Lighthouse,instanceOf,lighthouse,Kapelludden Lighthouse
Kapelludden Lighthouse,locatedIn,Öland,Kapelludden Lighthouse
Kapelludden Lighthouse,locatedIn,Sweden,Kapelludden Lighthouse
Kapelludden Lighthouse,locatedIn,Borgholm Municipality,Kapelludden Lighthouse
Kapelludden Lighthouse,country,Sweden,Kapelludden Lighthouse
Kapelludden Lighthouse,constructionYear,1872,Kapelludden Lighthouse
Kapelludden Lighthouse,height,21 meters,Kapelludden Lighthouse
Kapelludden Lighthouse,status,active,Kapelludden Lighthouse
Kapelludden Lighthouse,architecturalStyle,functionalist,Kapelludden Lighthouse
Kapelludden Lighthouse,operatedBy,Swedish Maritime Administration,Kapelludden Lighthouse
Kapelludden Lighthouse,coordinates,56.8333°N 16.6500°E,Kapelludden Lighthouse
Kapelludden Lighthouse,nearbyLandmark,Kapelludden Nature Reserve,Kapelludden Lighthouse
Kapelludden Lighthouse,lightCharacteristic,Fl W 5s,Kapelludden Lighthouse
Kapelludden Lighthouse,range,12 nautical miles,Kapelludden Lighthouse
Easy (2017 film),instanceOf,film,Easy (2017 film)
Easy (2017 film),instanceOf,comedy-drama,Easy (2017 film)
Easy (2017 film),releaseYear,2017,Easy (2017 film)
Easy (2017 film),director,Andrea Magnani,Easy (2017 film)
Easy (2017 film),screenwriter,Andrea Magnani,Easy (2017 film)
Easy (2017 film),countryOfOrigin,Italy,Easy (2017 film)
Easy (2017 film),language,Italian,Easy (2017 film)
Easy (2017 film),genre,comedy,Easy (2017 film)
Easy (2017 film),genre,drama,Easy (2017 film)
Easy (2017 film),starring,Nicoletta Braschi,Easy (2017 film)
Easy (2017 film),starring,Lino Musella,Easy (2017 film)
Easy (2017 film),starring,Vincenzo Nemolato,Easy (2017 film)
Easy (2017 film),productionCompany,Indigo Film,Easy (2017 film)
Easy (2017 film),productionCompany,Rai Cinema,Easy (2017 film)
Easy (2017 film),distributor,01 Distribution,Easy (2017 film)
Easy (2017 film),runtime,90 minutes,Easy (2017 film)
Easy (2017 film),award,David di Donatello for Best New Director,Easy (2017 film)
Easy (2017 film),awardNomination,David di Donatello for Best Actress,Easy (2017 film)
Easy (2017 film),awardNomination,David di Donatello for Best Supporting Actor,Easy (2017 film)
Easy (2017 film),plotSummary,A story about a man who tries to transport his deceased mother's body across Italy to fulfill her last wish.,Easy (2017 film)
Backstage (1927 film),instanceOf,film,Backstage (1927 film)
Backstage (1927 film),instanceOf,silent film,Backstage (1927 film)
Backstage (1927 film),releaseYear,1927,Backstage (1927 film)
Backstage (1927 film),genre,comedy,Backstage (1927 film)
Backstage (1927 film),genre,drama,Backstage (1927 film)
Backstage (1927 film),director,Roscoe Arbuckle,Backstage (1927 film)
Backstage (1927 film),producer,Joseph M. Schenck,Backstage (1927 film)
Backstage (1927 film),productionCompany,Feature Productions,Backstage (1927 film)
Backstage (1927 film),distributor,Paramount Pictures,Backstage (1927 film)
Backstage (1927 film),screenplayBy,Roscoe Arbuckle,Backstage (1927 film)
Backstage (1927 film),starring,Roscoe Arbuckle,Backstage (1927 film)
Backstage (1927 film),starring,Betty Compson,Backstage (1927 film)
Backstage (1927 film),starring,Mary Astor,Backstage (1927 film)
Backstage (1927 film),cinematographyBy,George Barnes,Backstage (1927 film)
Backstage (1927 film),countryOfOrigin,United States,Backstage (1927 film)
Backstage (1927 film),language,English,Backstage (1927 film)
Backstage (1927 film),runtime,60 minutes,Backstage (1927 film)
Backstage (1927 film),basedOn,a story by Roscoe Arbuckle,Backstage (1927 film)
Backstage (1927 film),follows,The Life of Riley (1927 film),Backstage (1927 film)
Backstage (1927 film),precededBy,Special Delivery (1927 film),Backstage (1927 film)
German submarine U-106 (1940),instanceOf,German Type IXB submarine,German submarine U-106 (1940)
German submarine U-106 (1940),instanceOf,military submarine,German submarine U-106 (1940)
German submarine U-106 (1940),partOf,Kriegsmarine,German submarine U-106 (1940)
German submarine U-106 (1940),commissioned,1940-09-24,German submarine U-106 (1940)
German submarine U-106 (1940),decommissioned,1944-07-02,German submarine U-106 (1940)
German submarine U-106 (1940),sank,1944-07-02,German submarine U-106 (1940)
German submarine U-106 (1940),causeOfSinking,aerial depth charges,German submarine U-106 (1940)
German submarine U-106 (1940),locationOfSinking,Bay of Biscay,German submarine U-106 (1940)
German submarine U-106 (1940),commandedBy,Jürgen Oesten,German submarine U-106 (1940)
German submarine U-106 (1940),commandedBy,Hermann Rasch,German submarine U-106 (1940)
German submarine U-106 (1940),displacement,"1,051 tonnes (surfaced)",German submarine U-106 (1940)
German submarine U-106 (1940),displacement,"1,178 tonnes (submerged)",German submarine U-106 (1940)
German submarine U-106 (1940),length,76.5 meters,German submarine U-106 (1940)
German submarine U-106 (1940),beam,6.76 meters,German submarine U-106 (1940)
German submarine U-106 (1940),draft,4.7 meters,German submarine U-106 (1940)
German submarine U-106 (1940),propulsion,diesel-electric,German submarine U-106 (1940)
German submarine U-106 (1940),speed,18.2 knots (surfaced),German submarine U-106 (1940)
German submarine U-106 (1940),speed,7.3 knots (submerged),German submarine U-106 (1940)
German submarine U-106 (1940),range,"12,000 nautical miles (surfaced at 10 knots)",German submarine U-106 (1940)
German submarine U-106 (1940),range,64 nautical miles (submerged at 4 knots),German submarine U-106 (1940)
German submarine U-106 (1940),testDepth,230 meters,German submarine U-106 (1940)
German submarine U-106 (1940),complement,48-56 crew members,German submarine U-106 (1940)
German submarine U-106 (1940),armament,"6 × torpedo tubes (4 bow, 2 stern)",German submarine U-106 (1940)
German submarine U-106 (1940),armament,22 × torpedoes,German submarine U-106 (1940)
German submarine U-106 (1940),armament,1 × 10.5 cm SK C/32 naval gun,German submarine U-106 (1940)
German submarine U-106 (1940),armament,1 × 3.7 cm SK C/30 anti-aircraft gun,German submarine U-106 (1940)
German submarine U-106 (1940),armament,1 × 2 cm C/30 anti-aircraft gun,German submarine U-106 (1940)
German submarine U-106 (1940),sankShip,SS Oronsay,German submarine U-106 (1940)
German submarine U-106 (1940),sankShip,SS Memnon,German submarine U-106 (1940)
German submarine U-106 (1940),sankShip,SS Sabor,German submarine U-106 (1940)
German submarine U-106 (1940),sankShip,SS Traveller,German submarine U-106 (1940)
German submarine U-106 (1940),sankShip,SS Empire Wildebeeste,German submarine U-106 (1940)
German submarine U-106 (1940),sankShip,SS Sacramento Valley,German submarine U-106 (1940)
German submarine U-106 (1940),sankShip,SS Andalucia Star,German submarine U-106 (1940)
German submarine U-106 (1940),sankShip,SS Bennevis,German submarine U-106 (1940)
German submarine U-106 (1940),sankShip,SS St. Usk,German submarine U-106 (1940)
German submarine U-106 (1940),sankShip,SS West Humhaw,German submarine U-106 (1940)
German submarine U-106 (1940),sankShip,SS Ocean Courage,German submarine U-106 (1940)
German submarine U-106 (1940),sankShip,SS Ocean Venus,German submarine U-106 (1940)
German submarine U-106 (1940),sankShip,SS Ocean Crusader,German submarine U-106 (1940)
German submarine U-106 (1940),damagedShip,SS Clan Macdougall,German submarine U-106 (1940)
German submarine U-106 (1940),damagedShip,SS Empire Thunder,German submarine U-106 (1940)
German submarine U-106 (1940),totalTonnageSunk,"224,953 GRT",German submarine U-106 (1940)
German submarine U-106 (1940),totalTonnageDamaged,"13,945 GRT",German submarine U-106 (1940)
German submarine U-106 (1940),patrols,10,German submarine U-106 (1940)
German submarine U-106 (1940),operationalArea,North Atlantic,German submarine U-106 (1940)
German submarine U-106 (1940),operationalArea,South Atlantic,German submarine U-106 (1940)
German submarine U-106 (1940),operationalArea,Caribbean Sea,German submarine U-106 (1940)
German submarine U-106 (1940),operationalArea,West African coast,German submarine U-106 (1940)
German submarine U-106 (1940),builder,AG Weser,German submarine U-106 (1940)
German submarine U-106 (1940),laidDown,1939-12-26,German submarine U-106 (1940)
German submarine U-106 (1940),launched,1940-07-17,German submarine U-106 (1940)
German submarine U-106 (1940),fate,Sunk by British aircraft,German submarine U-106 (1940)
German submarine U-106 (1940),casualties,22 dead,German submarine U-106 (1940)
German submarine U-106 (1940),survivors,36,German submarine U-106 (1940)
Platanos railway station,instanceOf,railway station,Platanos railway station
Platanos railway station,locatedIn,"Platanos, Greece",Platanos railway station
Platanos railway station,locatedIn,"Achaea, Greece",Platanos railway station
Platanos railway station,locatedIn,"Peloponnese, Greece",Platanos railway station
Platanos railway station,operatedBy,Hellenic Train,Platanos railway station
Platanos railway station,lineServed,Patras–Kyparissia railway,Platanos railway station
Platanos railway station,opened,1888,Platanos railway station
Platanos railway station,status,active,Platanos railway station
Platanos railway station,coordinates,"38.1500°N, 21.5333°E",Platanos railway station
"Ann, Lady Fanshawe",instanceOf,person,"Ann, Lady Fanshawe"
"Ann, Lady Fanshawe",instanceOf,historical figure,"Ann, Lady Fanshawe"
"Ann, Lady Fanshawe",fullName,Ann Harrison Fanshawe,"Ann, Lady Fanshawe"
"Ann, Lady Fanshawe",birthDate,1625-03-25,"Ann, Lady Fanshawe"
"Ann, Lady Fanshawe",deathDate,1680-01-20,"Ann, Lady Fanshawe"
"Ann, Lady Fanshawe",birthPlace,"London, England","Ann, Lady Fanshawe"
"Ann, Lady Fanshawe",deathPlace,"Ware, Hertfordshire, England","Ann, Lady Fanshawe"
"Ann, Lady Fanshawe",occupation,writer,"Ann, Lady Fanshawe"
"Ann, Lady Fanshawe",occupation,diplomat's wife,"Ann, Lady Fanshawe"
"Ann, Lady Fanshawe",spouse,Sir Richard Fanshawe,"Ann, Lady Fanshawe"
"Ann, Lady Fanshawe",notableWork,Memoirs of Lady Fanshawe,"Ann, Lady Fanshawe"
"Ann, Lady Fanshawe",nationality,English,"Ann, Lady Fanshawe"
"Ann, Lady Fanshawe",parent,Sir John Harrison,"Ann, Lady Fanshawe"
"Ann, Lady Fanshawe",parent,Margaret Fanshawe,"Ann, Lady Fanshawe"
"Ann, Lady Fanshawe",child,Richard Fanshawe,"Ann, Lady Fanshawe"
"Ann, Lady Fanshawe",child,Margaret Fanshawe,"Ann, Lady Fanshawe"
"Ann, Lady Fanshawe",child,Ann Fanshawe,"Ann, Lady Fanshawe"
"Ann, Lady Fanshawe",child,Elizabeth Fanshawe,"Ann, Lady Fanshawe"
"Ann, Lady Fanshawe",child,Catherine Fanshawe,"Ann, Lady Fanshawe"
"Ann, Lady Fanshawe",era,17th century,"Ann, Lady Fanshawe"
"Ann, Lady Fanshawe",associatedWith,English Civil War,"Ann, Lady Fanshawe"
"Ann, Lady Fanshawe",associatedWith,Royalist cause,"Ann, Lady Fanshawe"
Sir Richard Fanshawe,instanceOf,person,"Ann, Lady Fanshawe"
Sir Richard Fanshawe,occupation,diplomat,"Ann, Lady Fanshawe"
Sir Richard Fanshawe,occupation,translator,"Ann, Lady Fanshawe"
Sir Richard Fanshawe,occupation,poet,"Ann, Lady Fanshawe"
Memoirs of Lady Fanshawe,instanceOf,book,"Ann, Lady Fanshawe"
Memoirs of Lady Fanshawe,author,"Ann, Lady Fanshawe","Ann, Lady Fanshawe"
Memoirs of Lady Fanshawe,genre,autobiography,"Ann, Lady Fanshawe"
Memoirs of Lady Fanshawe,publicationYear,1829,"Ann, Lady Fanshawe"
Memoirs of Lady Fanshawe,language,English,"Ann, Lady Fanshawe"
Creed II,instanceOf,Film,Creed II
Creed II,releaseDate,2018-11-21,Creed II
Creed II,director,Steven Caple Jr.,Creed II
Creed II,screenplayBy,Juel Taylor,Creed II
Creed II,screenplayBy,Sylvester Stallone,Creed II
Creed II,screenplayBy,Cheo Hodari Coker,Creed II
Creed II,storyBy,Sylvester Stallone,Creed II
Creed II,producedBy,Irwin Winkler,Creed II
Creed II,producedBy,Charles Winkler,Creed II
Creed II,producedBy,William Chartoff,Creed II
Creed II,producedBy,David Winkler,Creed II
Creed II,producedBy,Kevin King-Templeton,Creed II
Creed II,starring,Michael B. Jordan,Creed II
Creed II,starring,Sylvester Stallone,Creed II
Creed II,starring,Tessa Thompson,Creed II
Creed II,starring,Dolph Lundgren,Creed II
Creed II,starring,Florian Munteanu,Creed II
Creed II,musicBy,Ludwig Göransson,Creed II
Creed II,cinematographyBy,Kramer Morgenthau,Creed II
Creed II,editedBy,Dana E. Glauberman,Creed II
Creed II,editedBy,Saira Haider,Creed II
Creed II,productionCompany,Metro-Goldwyn-Mayer,Creed II
Creed II,productionCompany,New Line Cinema,Creed II
Creed II,productionCompany,Chartoff-Winkler Productions,Creed II
Creed II,distributedBy,Metro-Goldwyn-Mayer,Creed II
Creed II,distributedBy,Warner Bros. Pictures,Creed II
Creed II,countryOfOrigin,United States,Creed II
Creed II,language,English,Creed II
Creed II,genre,Sports,Creed II
Creed II,genre,Drama,Creed II
Creed II,runtime,130 minutes,Creed II
Creed II,follows,Creed,Creed II
Creed II,followedBy,Creed III,Creed II
Creed II,basedOn,Characters by Sylvester Stallone,Creed II
Creed II,boxOffice,$214 million,Creed II
Creed II,awardReceived,NAACP Image Award for Outstanding Motion Picture,Creed II
Creed II,awardReceived,Saturn Award for Best Action or Adventure Film,Creed II
Edward Raquello,instanceOf,human,Edward Raquello
Edward Raquello,instanceOf,actor,Edward Raquello
Edward Raquello,birthName,Edward Zraqullowicz,Edward Raquello
Edward Raquello,dateOfBirth,1900-05-14,Edward Raquello
Edward Raquello,placeOfBirth,"Warsaw, Poland",Edward Raquello
Edward Raquello,dateOfDeath,1976-08-02,Edward Raquello
Edward Raquello,placeOfDeath,"Los Angeles, California, U.S.",Edward Raquello
Edward Raquello,occupation,actor,Edward Raquello
Edward Raquello,occupation,film director,Edward Raquello
Edward Raquello,nationality,Polish,Edward Raquello
Edward Raquello,nationality,American,Edward Raquello
Edward Raquello,notableWork,The Gay Caballero,Edward Raquello
Edward Raquello,notableWork,The Three Musketeers,Edward Raquello
Edward Raquello,notableWork,Charlie Chan in Rio,Edward Raquello
Edward Raquello,spouse,Lya Lys,Edward Raquello
Edward Raquello,activeYearsStartYear,1927,Edward Raquello
Edward Raquello,activeYearsEndYear,1950,Edward Raquello
2011 European Wrestling Championships,instanceOf,sports event,2011 European Wrestling Championships
2011 European Wrestling Championships,instanceOf,wrestling competition,2011 European Wrestling Championships
2011 European Wrestling Championships,partOf,European Wrestling Championships,2011 European Wrestling Championships
2011 European Wrestling Championships,location,"Dortmund, Germany",2011 European Wrestling Championships
2011 European Wrestling Championships,startDate,2011-03-29,2011 European Wrestling Championships
2011 European Wrestling Championships,endDate,2011-04-03,2011 European Wrestling Championships
2011 European Wrestling Championships,sport,wrestling,2011 European Wrestling Championships
2011 European Wrestling Championships,organizer,United World Wrestling (UWW),2011 European Wrestling Championships
2011 European Wrestling Championships,edition,63rd,2011 European Wrestling Championships
2011 European Wrestling Championships,competitionType,men's freestyle,2011 European Wrestling Championships
2011 European Wrestling Championships,competitionType,men's Greco-Roman,2011 European Wrestling Championships
2011 European Wrestling Championships,competitionType,women's freestyle,2011 European Wrestling Championships
2011 European Wrestling Championships,participatingNations,38,2011 European Wrestling Championships
2011 European Wrestling Championships,goldMedalist,Russia (team),2011 European Wrestling Championships
2011 European Wrestling Championships,silverMedalist,Azerbaijan (team),2011 European Wrestling Championships
2011 European Wrestling Championships,bronzeMedalist,Turkey (team),2011 European Wrestling Championships
2011 European Wrestling Championships,notableParticipant,Aleksandr Karelin (honorary guest),2011 European Wrestling Championships
2011 European Wrestling Championships,venue,Westfalenhallen,2011 European Wrestling Championships
HDMS Peder Skram (1864),instanceOf,ship,HDMS Peder Skram (1864)
HDMS Peder Skram (1864),instanceOf,warship,HDMS Peder Skram (1864)
HDMS Peder Skram (1864),instanceOf,ironclad monitor,HDMS Peder Skram (1864)
HDMS Peder Skram (1864),country,Denmark,HDMS Peder Skram (1864)
HDMS Peder Skram (1864),operator,Royal Danish Navy,HDMS Peder Skram (1864)
HDMS Peder Skram (1864),type,monitor,HDMS Peder Skram (1864)
HDMS Peder Skram (1864),launched,1864,HDMS Peder Skram (1864)
HDMS Peder Skram (1864),commissioned,1866,HDMS Peder Skram (1864)
HDMS Peder Skram (1864),decommissioned,1897,HDMS Peder Skram (1864)
HDMS Peder Skram (1864),displacement,"2,100 tons",HDMS Peder Skram (1864)
HDMS Peder Skram (1864),length,67.1 meters,HDMS Peder Skram (1864)
HDMS Peder Skram (1864),beam,13.2 meters,HDMS Peder Skram (1864)
HDMS Peder Skram (1864),draught,4.5 meters,HDMS Peder Skram (1864)
HDMS Peder Skram (1864),propulsion,steam engine,HDMS Peder Skram (1864)
HDMS Peder Skram (1864),speed,8 knots,HDMS Peder Skram (1864)
HDMS Peder Skram (1864),armament,2 × 229 mm guns,HDMS Peder Skram (1864)
HDMS Peder Skram (1864),armament,4 × 152 mm guns,HDMS Peder Skram (1864)
HDMS Peder Skram (1864),armor,belt: 114–127 mm,HDMS Peder Skram (1864)
HDMS Peder Skram (1864),armor,turret: 114 mm,HDMS Peder Skram (1864)
HDMS Peder Skram (1864),namedAfter,Peder Skram,HDMS Peder Skram (1864)
HDMS Peder Skram (1864),builder,Orlogsværftet (Royal Danish Naval Shipyard),HDMS Peder Skram (1864)
HDMS Peder Skram (1864),fate,scrapped in 1908,HDMS Peder Skram (1864)
1997 Singapore Open,instanceOf,badminton tournament,1997 Singapore Open
1997 Singapore Open,instanceOf,sporting event,1997 Singapore Open
1997 Singapore Open,partOf,BWF World Grand Prix,1997 Singapore Open
1997 Singapore Open,location,Singapore,1997 Singapore Open
1997 Singapore Open,startDate,1997-07-22,1997 Singapore Open
1997 Singapore Open,endDate,1997-07-27,1997 Singapore Open
1997 Singapore Open,sport,badminton,1997 Singapore Open
1997 Singapore Open,organizer,Badminton World Federation (BWF),1997 Singapore Open
1997 Singapore Open,edition,10th,1997 Singapore Open
1997 Singapore Open,men's singles winner,Ardy Wiranata,1997 Singapore Open
1997 Singapore Open,women's singles winner,Mia Audina,1997 Singapore Open
1997 Singapore Open,men's doubles winners,Candra Wijaya,1997 Singapore Open
1997 Singapore Open,men's doubles winners,Sigit Budiarto,1997 Singapore Open
1997 Singapore Open,women's doubles winners,Zelin Resiana,1997 Singapore Open
1997 Singapore Open,women's doubles winners,Eliza Nathanael,1997 Singapore Open
1997 Singapore Open,mixed doubles winners,Tri Kusharjanto,1997 Singapore Open
1997 Singapore Open,mixed doubles winners,Minarti Timur,1997 Singapore Open
Trinity Jo-Li Bliss,instanceOf,human,Trinity Jo-Li Bliss
Trinity Jo-Li Bliss,instanceOf,actor,Trinity Jo-Li Bliss
Trinity Jo-Li Bliss,dateOfBirth,2009-05-04,Trinity Jo-Li Bliss
Trinity Jo-Li Bliss,placeOfBirth,"Los Angeles, California, U.S.",Trinity Jo-Li Bliss
Trinity Jo-Li Bliss,occupation,actress,Trinity Jo-Li Bliss
Trinity Jo-Li Bliss,occupation,voice actress,Trinity Jo-Li Bliss
Trinity Jo-Li Bliss,notableWork,Avatar: The Way of Water,Trinity Jo-Li Bliss
Trinity Jo-Li Bliss,notableWork,Avatar,Trinity Jo-Li Bliss
Trinity Jo-Li Bliss,characterPortrayed,Tuk,Trinity Jo-Li Bliss
Trinity Jo-Li Bliss,characterPortrayed,Neteyam,Trinity Jo-Li Bliss
Trinity Jo-Li Bliss,parent,Dante Basco,Trinity Jo-Li Bliss
Trinity Jo-Li Bliss,parent,Valerie Wolfman Basco,Trinity Jo-Li Bliss
Trinity Jo-Li Bliss,sibling,Zelda Basco,Trinity Jo-Li Bliss
Trinity Jo-Li Bliss,sibling,Isaiah Basco,Trinity Jo-Li Bliss
Trinity Jo-Li Bliss,sibling,Dante Basco Jr.,Trinity Jo-Li Bliss
Trinity Jo-Li Bliss,awardNomination,Saturn Award for Best Performance by a Younger Actor (2023),Trinity Jo-Li Bliss
Trinity Jo-Li Bliss,awardNominationWork,Avatar: The Way of Water,Trinity Jo-Li Bliss
Malkhaz Abdushelishvili,instanceOf,Person,Malkhaz Abdushelishvili
Malkhaz Abdushelishvili,instanceOf,Scientist,Malkhaz Abdushelishvili
Malkhaz Abdushelishvili,nationality,Georgian,Malkhaz Abdushelishvili
Malkhaz Abdushelishvili,fieldOfStudy,Anthropology,Malkhaz Abdushelishvili
Malkhaz Abdushelishvili,fieldOfStudy,Archaeology,Malkhaz Abdushelishvili
Malkhaz Abdushelishvili,occupation,Anthropologist,Malkhaz Abdushelishvili
Malkhaz Abdushelishvili,occupation,Archaeologist,Malkhaz Abdushelishvili
Malkhaz Abdushelishvili,birthDate,1926,Malkhaz Abdushelishvili
Malkhaz Abdushelishvili,deathDate,1998,Malkhaz Abdushelishvili
Malkhaz Abdushelishvili,knownFor,Research on Georgian and Caucasian anthropology,Malkhaz Abdushelishvili
Malkhaz Abdushelishvili,affiliation,Georgian National Academy of Sciences,Malkhaz Abdushelishvili
Malkhaz Abdushelishvili,authored,Studies on the physical anthropology of Georgia,Malkhaz Abdushelishvili
Richard Worsley (cricketer),instanceOf,Person,Richard Worsley (cricketer)
Richard Worsley (cricketer),instanceOf,Cricketer,Richard Worsley (cricketer)
Richard Worsley (cricketer),fullName,Richard Edward Worsley,Richard Worsley (cricketer)
Richard Worsley (cricketer),dateOfBirth,1935-05-29,Richard Worsley (cricketer)
Richard Worsley (cricketer),dateOfDeath,2011-11-23,Richard Worsley (cricketer)
Richard Worsley (cricketer),countryOfCitizenship,United Kingdom,Richard Worsley (cricketer)
Richard Worsley (cricketer),placeOfBirth,Winchester,Richard Worsley (cricketer)
Richard Worsley (cricketer),placeOfDeath,Hampshire,Richard Worsley (cricketer)
Richard Worsley (cricketer),occupation,Cricketer,Richard Worsley (cricketer)
Richard Worsley (cricketer),occupation,British Army Officer,Richard Worsley (cricketer)
Richard Worsley (cricketer),militaryRank,Lieutenant Colonel,Richard Worsley (cricketer)
Richard Worsley (cricketer),sport,Cricket,Richard Worsley (cricketer)
Richard Worsley (cricketer),memberOfSportsTeam,Hampshire County Cricket Club,Richard Worsley (cricketer)
Richard Worsley (cricketer),memberOfSportsTeam,Oxford University Cricket Club,Richard Worsley (cricketer)
Richard Worsley (cricketer),battingStyle,Right-handed,Richard Worsley (cricketer)
Richard Worsley (cricketer),bowlingStyle,Right-arm medium,Richard Worsley (cricketer)
Richard Worsley (cricketer),educatedAt,Winchester College,Richard Worsley (cricketer)
Richard Worsley (cricketer),educatedAt,"New College, Oxford",Richard Worsley (cricketer)
Richard Worsley (cricketer),notableWork,Cricket player for Hampshire (1955–1969),Richard Worsley (cricketer)
Richard Worsley (cricketer),awardReceived,Military Cross,Richard Worsley (cricketer)
Richard Worsley (cricketer),militaryBranch,British Army,Richard Worsley (cricketer)
Richard Worsley (cricketer),serviceStartYear,1954,Richard Worsley (cricketer)
Richard Worsley (cricketer),serviceEndYear,1976,Richard Worsley (cricketer)
Richard Worsley (cricketer),conflict,Cyprus Emergency,Richard Worsley (cricketer)
Richard Worsley (cricketer),conflict,Aden Emergency,Richard Worsley (cricketer)
Richard Worsley (cricketer),conflict,Northern Ireland Troubles,Richard Worsley (cricketer)
Hovea montana,instanceOf,plant species,Hovea montana
Hovea montana,kingdom,Plantae,Hovea montana
Hovea montana,clade,Angiosperms,Hovea montana
Hovea montana,clade,Eudicots,Hovea montana
Hovea montana,order,Fabales,Hovea montana
Hovea montana,family,Fabaceae,Hovea montana
Hovea montana,genus,Hovea,Hovea montana
Hovea montana,commonName,Mountain Hovea,Hovea montana
Hovea montana,nativeTo,Australia,Hovea montana
Hovea montana,habitat,montane regions,Hovea montana
Hovea montana,habitat,alpine areas,Hovea montana
Hovea montana,growthForm,shrub,Hovea montana
Hovea montana,leafArrangement,alternate,Hovea montana
Hovea montana,flowerColor,blue,Hovea montana
Hovea montana,flowerColor,purple,Hovea montana
Hovea montana,floweringSeason,spring,Hovea montana
Hovea montana,conservationStatus,not evaluated,Hovea montana
Pungalina (spider),instanceOf,genus of spiders,Pungalina (spider)
Pungalina (spider),kingdom,Animalia,Pungalina (spider)
Pungalina (spider),phylum,Arthropoda,Pungalina (spider)
Pungalina (spider),class,Arachnida,Pungalina (spider)
Pungalina (spider),order,Araneae,Pungalina (spider)
Pungalina (spider),family,Salticidae,Pungalina (spider)
Pungalina (spider),subfamily,Salticinae,Pungalina (spider)
Pungalina (spider),describedBy,Maddison & Szűts,Pungalina (spider)
Pungalina (spider),yearDescribed,2019,Pungalina (spider)
Pungalina (spider),nativeTo,Australia,Pungalina (spider)
Pungalina (spider),habitat,forests,Pungalina (spider)
Pungalina (spider),habitat,woodlands,Pungalina (spider)
Pungalina (spider),typeSpecies,Pungalina albobarbata,Pungalina (spider)
Pungalina (spider),species,Pungalina albobarbata,Pungalina (spider)
Pungalina (spider),species,Pungalina semiatra,Pungalina (spider)
Pungalina (spider),distinguishingFeature,jumping behavior,Pungalina (spider)
Kagerup railway station,instanceOf,railway station,Kagerup railway station
Kagerup railway station,locatedIn,Gribskov Municipality,Kagerup railway station
Kagerup railway station,locatedIn,Denmark,Kagerup railway station
Kagerup railway station,servedBy,Gribskovbanen,Kagerup railway station
Kagerup railway station,opened,1896,Kagerup railway station
Kagerup railway station,operatedBy,Lokaltog,Kagerup railway station
Kagerup railway station,hasPlatforms,2,Kagerup railway station
Kagerup railway station,hasTracks,2,Kagerup railway station
Kagerup railway station,nearbyAttraction,Gribskov Forest,Kagerup railway station
Kagerup railway station,nearbySettlement,Kagerup,Kagerup railway station
Kagerup railway station,coordinates,55.9936°N 12.2314°E,Kagerup railway station
Kagerup railway station,partOfLine,Hillerød–Gilleleje Line,Kagerup railway station
1892 United States presidential election in New York,instanceOf,United States presidential election by state,1892 United States presidential election in New York
1892 United States presidential election in New York,partOf,1892 United States presidential election,1892 United States presidential election in New York
1892 United States presidential election in New York,location,New York,1892 United States presidential election in New York
1892 United States presidential election in New York,date,1892-11-08,1892 United States presidential election in New York
1892 United States presidential election in New York,winner,Grover Cleveland,1892 United States presidential election in New York
1892 United States presidential election in New York,candidate,Grover Cleveland,1892 United States presidential election in New York
1892 United States presidential election in New York,candidate,Benjamin Harrison,1892 United States presidential election in New York
1892 United States presidential election in New York,candidate,James B. Weaver,1892 United States presidential election in New York
1892 United States presidential election in New York,partyOfCandidate,Democratic Party,1892 United States presidential election in New York
Grover Cleveland,party,Democratic Party,1892 United States presidential election in New York
1892 United States presidential election in New York,partyOfCandidate,Republican Party,1892 United States presidential election in New York
Benjamin Harrison,party,Republican Party,1892 United States presidential election in New York
1892 United States presidential election in New York,partyOfCandidate,People's Party,1892 United States presidential election in New York
James B. Weaver,party,People's Party,1892 United States presidential election in New York
1892 United States presidential election in New York,electoralVotes,36,1892 United States presidential election in New York
1892 United States presidential election in New York,popularVote,654868,1892 United States presidential election in New York
Grover Cleveland,popularVoteInState,654868,1892 United States presidential election in New York
1892 United States presidential election in New York,popularVote,527762,1892 United States presidential election in New York
Benjamin Harrison,popularVoteInState,527762,1892 United States presidential election in New York
1892 United States presidential election in New York,popularVote,81937,1892 United States presidential election in New York
James B. Weaver,popularVoteInState,81937,1892 United States presidential election in New York
1892 United States presidential election in New York,voterTurnout,78.2%,1892 United States presidential election in New York
Forrest N. Iandola,instanceOf,Person,Forrest N. Iandola
Forrest N. Iandola,occupation,Computer Scientist,Forrest N. Iandola
Forrest N. Iandola,occupation,Researcher,Forrest N. Iandola
Forrest N. Iandola,occupation,Entrepreneur,Forrest N. Iandola
Forrest N. Iandola,knownFor,Deep Learning,Forrest N. Iandola
Forrest N. Iandola,knownFor,Efficient Neural Networks,Forrest N. Iandola
Forrest N. Iandola,knownFor,TinyML,Forrest N. Iandola
Forrest N. Iandola,co-founderOf,DeepScale,Forrest N. Iandola
Forrest N. Iandola,education,"University of California, Berkeley",Forrest N. Iandola
Forrest N. Iandola,degree,PhD in Electrical Engineering and Computer Sciences,Forrest N. Iandola
Forrest N. Iandola,fieldOfStudy,Artificial Intelligence,Forrest N. Iandola
Forrest N. Iandola,fieldOfStudy,Machine Learning,Forrest N. Iandola
Forrest N. Iandola,fieldOfStudy,Computer Vision,Forrest N. Iandola
Forrest N. Iandola,advisor,Kurt Keutzer,Forrest N. Iandola
Forrest N. Iandola,thesisTitle,SqueezeNet: AlexNet-level accuracy with 50x fewer parameters and <0.5MB model size,Forrest N. Iandola
Forrest N. Iandola,employer,DeepScale,Forrest N. Iandola
Forrest N. Iandola,employer,Tesla,Forrest N. Iandola
Forrest N. Iandola,position,CEO at DeepScale,Forrest N. Iandola
Forrest N. Iandola,position,Senior Staff Engineer at Tesla,Forrest N. Iandola
Forrest N. Iandola,researchInterest,Model Compression,Forrest N. Iandola
Forrest N. Iandola,researchInterest,Neural Architecture Search,Forrest N. Iandola
Forrest N. Iandola,researchInterest,Autonomous Vehicles,Forrest N. Iandola
Forrest N. Iandola,publication,SqueezeNet: AlexNet-level accuracy with 50x fewer parameters and <0.5MB model size,Forrest N. Iandola
Forrest N. Iandola,publication,"Deep Compression: Compressing Deep Neural Networks with Pruning, Trained Quantization and Huffman Coding",Forrest N. Iandola
Forrest N. Iandola,publication,ShuffleNet: An Extremely Efficient Convolutional Neural Network for Mobile Devices,Forrest N. Iandola
Forrest N. Iandola,award,Best Paper Award at ICLR 2017 (for SqueezeNet),Forrest N. Iandola
Forrest N. Iandola,collaborator,Song Han,Forrest N. Iandola
Forrest N. Iandola,collaborator,Matthew W. Moskewicz,Forrest N. Iandola
Forrest N. Iandola,collaborator,Khalid Ashraf,Forrest N. Iandola
Forrest N. Iandola,affiliation,IEEE,Forrest N. Iandola
Forrest N. Iandola,affiliation,ACM,Forrest N. Iandola
Forrest N. Iandola,nationality,American,Forrest N. Iandola
Leverkusen Mitte station,instanceOf,railway station,Leverkusen Mitte station
Leverkusen Mitte station,locatedIn,Leverkusen,Leverkusen Mitte station
Leverkusen Mitte station,locatedIn,North Rhine-Westphalia,Leverkusen Mitte station
Leverkusen Mitte station,locatedIn,Germany,Leverkusen Mitte station
Leverkusen Mitte station,servedBy,S-Bahn Rhein-Ruhr,Leverkusen Mitte station
Leverkusen Mitte station,servedBy,Regionalbahn,Leverkusen Mitte station
Leverkusen Mitte station,lineServed,S6,Leverkusen Mitte station
Leverkusen Mitte station,lineServed,RB48,Leverkusen Mitte station
Leverkusen Mitte station,opened,1903,Leverkusen Mitte station
Leverkusen Mitte station,operatedBy,Deutsche Bahn,Leverkusen Mitte station
Leverkusen Mitte station,hasPlatforms,2,Leverkusen Mitte station
Leverkusen Mitte station,elevation,45 meters,Leverkusen Mitte station
Leverkusen Mitte station,coordinates,"51.0333°N, 6.9833°E",Leverkusen Mitte station
Microsoft Band 2,instanceOf,smartwatch,Microsoft Band 2
Microsoft Band 2,instanceOf,fitness tracker,Microsoft Band 2
Microsoft Band 2,manufacturer,Microsoft,Microsoft Band 2
Microsoft Band 2,releaseDate,2015-10-30,Microsoft Band 2
Microsoft Band 2,discontinuedDate,2016-10-03,Microsoft Band 2
Microsoft Band 2,predecessor,Microsoft Band,Microsoft Band 2
Microsoft Band 2,operatingSystem,Microsoft Band software,Microsoft Band 2
Microsoft Band 2,displayType,Curved AMOLED,Microsoft Band 2
Microsoft Band 2,displaySize,1.42 inches,Microsoft Band 2
Microsoft Band 2,resolution,320 x 128 pixels,Microsoft Band 2
Microsoft Band 2,batteryLife,up to 48 hours,Microsoft Band 2
Microsoft Band 2,sensors,optical heart rate monitor,Microsoft Band 2
Microsoft Band 2,sensors,3-axis accelerometer,Microsoft Band 2
Microsoft Band 2,sensors,gyrometer,Microsoft Band 2
Microsoft Band 2,sensors,GPS,Microsoft Band 2
Microsoft Band 2,sensors,ambient light sensor,Microsoft Band 2
Microsoft Band 2,sensors,skin temperature sensor,Microsoft Band 2
Microsoft Band 2,sensors,UV sensor,Microsoft Band 2
Microsoft Band 2,sensors,capacitive sensor,Microsoft Band 2
Microsoft Band 2,sensors,barometer,Microsoft Band 2
Microsoft Band 2,connectivity,Bluetooth 4.0,Microsoft Band 2
Microsoft Band 2,compatibleWith,Windows Phone,Microsoft Band 2
Microsoft Band 2,compatibleWith,iOS,Microsoft Band 2
Microsoft Band 2,compatibleWith,Android,Microsoft Band 2
Microsoft Band 2,colorOptions,Black,Microsoft Band 2
Microsoft Band 2,colorOptions,Silver,Microsoft Band 2
Microsoft Band 2,weight,51 grams,Microsoft Band 2
Microsoft Band 2,waterResistance,IP68,Microsoft Band 2
Microsoft Band 2,features,sleep tracking,Microsoft Band 2
Microsoft Band 2,features,calorie tracking,Microsoft Band 2
Microsoft Band 2,features,step counting,Microsoft Band 2
Microsoft Band 2,features,guided workouts,Microsoft Band 2
Microsoft Band 2,features,notifications,Microsoft Band 2
Microsoft Band 2,features,Cortana integration,Microsoft Band 2
Microsoft Band 2,features,mobile payments (via Microsoft Wallet),Microsoft Band 2
Portsmouth Historic Dockyard,instanceOf,museum,Portsmouth Historic Dockyard
Portsmouth Historic Dockyard,instanceOf,historic site,Portsmouth Historic Dockyard
Portsmouth Historic Dockyard,instanceOf,tourist attraction,Portsmouth Historic Dockyard
Portsmouth Historic Dockyard,location,Portsmouth,Portsmouth Historic Dockyard
Portsmouth Historic Dockyard,location,Hampshire,Portsmouth Historic Dockyard
Portsmouth Historic Dockyard,location,England,Portsmouth Historic Dockyard
Portsmouth Historic Dockyard,location,United Kingdom,Portsmouth Historic Dockyard
Portsmouth Historic Dockyard,established,1984,Portsmouth Historic Dockyard
Portsmouth Historic Dockyard,operatedBy,National Museum of the Royal Navy,Portsmouth Historic Dockyard
Portsmouth Historic Dockyard,contains,HMS Victory,Portsmouth Historic Dockyard
Portsmouth Historic Dockyard,contains,HMS Warrior,Portsmouth Historic Dockyard
Portsmouth Historic Dockyard,contains,Mary Rose Museum,Portsmouth Historic Dockyard
Portsmouth Historic Dockyard,contains,Action Stations,Portsmouth Historic Dockyard
Portsmouth Historic Dockyard,contains,National Museum of the Royal Navy Portsmouth,Portsmouth Historic Dockyard
Portsmouth Historic Dockyard,contains,Royal Navy Submarine Museum,Portsmouth Historic Dockyard
Portsmouth Historic Dockyard,contains,Harbour Tours,Portsmouth Historic Dockyard
Portsmouth Historic Dockyard,website,https://www.historicdockyard.co.uk,Portsmouth Historic Dockyard
Portsmouth Historic Dockyard,significance,home to some of the most famous ships in British naval history,Portsmouth Historic Dockyard
Portsmouth Historic Dockyard,visitorAttraction,yes,Portsmouth Historic Dockyard
Portsmouth Historic Dockyard,annualVisitors,"approximately 500,000",Portsmouth Historic Dockyard
Portsmouth Historic Dockyard,partOf,Portsmouth Naval Base,Portsmouth Historic Dockyard
Portsmouth Historic Dockyard,nearbyAttraction,Spinnaker Tower,Portsmouth Historic Dockyard
Portsmouth Historic Dockyard,nearbyAttraction,Portsmouth Cathedral,Portsmouth Historic Dockyard
Portsmouth Historic Dockyard,accessibleBy,road,Portsmouth Historic Dockyard
Portsmouth Historic Dockyard,accessibleBy,rail,Portsmouth Historic Dockyard
Portsmouth Historic Dockyard,accessibleBy,ferry,Portsmouth Historic Dockyard
Portsmouth Historic Dockyard,hasFeature,gift shops,Portsmouth Historic Dockyard
Portsmouth Historic Dockyard,hasFeature,cafés,Portsmouth Historic Dockyard
Portsmouth Historic Dockyard,hasFeature,restaurants,Portsmouth Historic Dockyard
Portsmouth Historic Dockyard,hasFeature,educational programs,Portsmouth Historic Dockyard
Portsmouth Historic Dockyard,hasFeature,guided tours,Portsmouth Historic Dockyard
Cinema Management Group,instanceOf,company,Cinema Management Group
Cinema Management Group,industry,cinema exhibition,Cinema Management Group
Cinema Management Group,headquartersLocation,"Dallas, Texas, United States",Cinema Management Group
Cinema Management Group,founded,2004,Cinema Management Group
Cinema Management Group,founder,Lee Roy Mitchell,Cinema Management Group
Cinema Management Group,parentOrganization,"Cinemark Holdings, Inc.",Cinema Management Group
Cinema Management Group,operatesIn,United States,Cinema Management Group
Cinema Management Group,operatesIn,Latin America,Cinema Management Group
Cinema Management Group,services,movie theater operations,Cinema Management Group
Cinema Management Group,services,film distribution,Cinema Management Group
Cinema Management Group,services,cinema advertising,Cinema Management Group
Cinema Management Group,subsidiaryOf,"Cinemark USA, Inc.",Cinema Management Group
Cinema Management Group,knownFor,theater management,Cinema Management Group
Cinema Management Group,website,https://www.cinemark.com,Cinema Management Group
Cilejit railway station,instanceOf,railway station,Cilejit railway station
Cilejit railway station,locatedIn,Indonesia,Cilejit railway station
Cilejit railway station,locatedIn,West Java,Cilejit railway station
Cilejit railway station,locatedIn,Purwakarta Regency,Cilejit railway station
Cilejit railway station,serves,Purwakarta,Cilejit railway station
Cilejit railway station,operatedBy,Kereta Api Indonesia,Cilejit railway station
Cilejit railway station,railwayLine,Padalarang–Kasugihan railway,Cilejit railway station
Cilejit railway station,stationCode,CLJ,Cilejit railway station
Cilejit railway station,opened,1884,Cilejit railway station
Ignacy Tłoczyński,instanceOf,human,Ignacy Tłoczyński
Ignacy Tłoczyński,instanceOf,tennis player,Ignacy Tłoczyński
Ignacy Tłoczyński,dateOfBirth,1908-05-14,Ignacy Tłoczyński
Ignacy Tłoczyński,dateOfDeath,1995-01-25,Ignacy Tłoczyński
Ignacy Tłoczyński,countryOfCitizenship,Poland,Ignacy Tłoczyński
Ignacy Tłoczyński,sport,tennis,Ignacy Tłoczyński
Ignacy Tłoczyński,notableWork,Polish tennis champion,Ignacy Tłoczyński
Ignacy Tłoczyński,awardReceived,Polish Tennis Championship titles,Ignacy Tłoczyński
Ignacy Tłoczyński,participatedIn,Davis Cup (Poland team),Ignacy Tłoczyński
Israel Abanikanda,instanceOf,Person,Israel Abanikanda
Israel Abanikanda,instanceOf,American Football Player,Israel Abanikanda
Israel Abanikanda,dateOfBirth,2002-10-05,Israel Abanikanda
Israel Abanikanda,placeOfBirth,"Brooklyn, New York, U.S.",Israel Abanikanda
Israel Abanikanda,positionPlayed,Running Back,Israel Abanikanda
Israel Abanikanda,college,University of Pittsburgh,Israel Abanikanda
Israel Abanikanda,team,Pittsburgh Panthers,Israel Abanikanda
Israel Abanikanda,draftedBy,New York Jets,Israel Abanikanda
Israel Abanikanda,draftYear,2023,Israel Abanikanda
Israel Abanikanda,draftRound,5,Israel Abanikanda
Israel Abanikanda,draftPick,143,Israel Abanikanda
Israel Abanikanda,height,5 ft 10 in (1.78 m),Israel Abanikanda
Israel Abanikanda,weight,216 lb (98 kg),Israel Abanikanda
Israel Abanikanda,highSchool,Abraham Lincoln High School (Brooklyn),Israel Abanikanda
Israel Abanikanda,award,ACC Offensive Rookie of the Year (2022),Israel Abanikanda
Israel Abanikanda,award,First-team All-ACC (2022),Israel Abanikanda
Israel Abanikanda,rushingYardsSingleGameRecord,"320 (vs. Virginia, 2022)",Israel Abanikanda
Israel Abanikanda,rushingAttemptsSingleGameRecord,"31 (vs. Virginia, 2022)",Israel Abanikanda
Israel Abanikanda,rushingTouchdownsSingleGameRecord,"6 (vs. Virginia, 2022)",Israel Abanikanda
Mikhail Pashnin,instanceOf,Person,Mikhail Pashnin
Mikhail Pashnin,instanceOf,Ice Hockey Player,Mikhail Pashnin
Mikhail Pashnin,dateOfBirth,1986-10-11,Mikhail Pashnin
Mikhail Pashnin,placeOfBirth,"Moscow, Russian SFSR, Soviet Union",Mikhail Pashnin
Mikhail Pashnin,positionPlayed,Defenseman,Mikhail Pashnin
Mikhail Pashnin,height,1.83 m,Mikhail Pashnin
Mikhail Pashnin,weight,90 kg,Mikhail Pashnin
Mikhail Pashnin,shoots,Left,Mikhail Pashnin
Mikhail Pashnin,careerStart,2004,Mikhail Pashnin
Mikhail Pashnin,currentTeam,HC CSKA Moscow,Mikhail Pashnin
Mikhail Pashnin,formerTeam,HC Spartak Moscow,Mikhail Pashnin
Mikhail Pashnin,formerTeam,HC Dynamo Moscow,Mikhail Pashnin
Mikhail Pashnin,formerTeam,Lokomotiv Yaroslavl,Mikhail Pashnin
Mikhail Pashnin,league,Kontinental Hockey League (KHL),Mikhail Pashnin
Mikhail Pashnin,nationality,Russian,Mikhail Pashnin
Mikhail Pashnin,award,"Gagarin Cup (2019, 2022, 2023)",Mikhail Pashnin
Zhongyuan Bank,instanceOf,commercial bank,Zhongyuan Bank
Zhongyuan Bank,instanceOf,financial institution,Zhongyuan Bank
Zhongyuan Bank,headquartersLocation,"Zhengzhou, Henan, China",Zhongyuan Bank
Zhongyuan Bank,country,China,Zhongyuan Bank
Zhongyuan Bank,founded,2014,Zhongyuan Bank
Zhongyuan Bank,legalForm,joint-stock commercial bank,Zhongyuan Bank
Zhongyuan Bank,industry,banking,Zhongyuan Bank
Zhongyuan Bank,industry,financial services,Zhongyuan Bank
Zhongyuan Bank,parentOrganization,Henan Provincial Government,Zhongyuan Bank
Zhongyuan Bank,chairman,Li Hongxin,Zhongyuan Bank
Zhongyuan Bank,CEO,Wang Xuejun,Zhongyuan Bank
Zhongyuan Bank,totalAssets,approximately CNY 1.2 trillion (2023),Zhongyuan Bank
Zhongyuan Bank,numberOfEmployees,"over 10,000",Zhongyuan Bank
Zhongyuan Bank,stockExchange,Shanghai Stock Exchange,Zhongyuan Bank
Zhongyuan Bank,tickerSymbol,601375,Zhongyuan Bank
Zhongyuan Bank,website,www.zybank.com,Zhongyuan Bank
Zhongyuan Bank,subsidiaryOf,Henan Financial Holdings Group,Zhongyuan Bank
Zhongyuan Bank,operatingRegion,Henan Province,Zhongyuan Bank
Zhongyuan Bank,operatingRegion,other parts of China,Zhongyuan Bank
Zhongyuan Bank,services,retail banking,Zhongyuan Bank
Zhongyuan Bank,services,corporate banking,Zhongyuan Bank
Zhongyuan Bank,services,wealth management,Zhongyuan Bank
Zhongyuan Bank,services,credit cards,Zhongyuan Bank
Zhongyuan Bank,services,loans,Zhongyuan Bank
Zhongyuan Bank,services,investment banking,Zhongyuan Bank
Zhongyuan Bank,awards,Top 100 Chinese Commercial Banks (2022),Zhongyuan Bank
Zhongyuan Bank,partOf,China Banking Association,Zhongyuan Bank
Zhongyuan Bank,regulator,China Banking and Insurance Regulatory Commission (CBIRC),Zhongyuan Bank
Zhongyuan Bank,SWIFTCode,ZYBKCNBJ,Zhongyuan Bank
Zhongyuan Bank,rating,A (by domestic credit rating agencies),Zhongyuan Bank
Zhongyuan Bank,majorShareholders,Henan Financial Holdings Group,Zhongyuan Bank
Zhongyuan Bank,majorShareholders,Henan Provincial Government,Zhongyuan Bank
Zhongyuan Bank,branches,over 300 (2023),Zhongyuan Bank
Zhongyuan Bank,ATMs,"over 1,000 (2023)",Zhongyuan Bank
Zhongyuan Bank,digitalBanking,mobile banking app,Zhongyuan Bank
Zhongyuan Bank,digitalBanking,online banking platform,Zhongyuan Bank
Zhongyuan Bank,slogan,"Serving the Central Plains, Connecting the World",Zhongyuan Bank
Zhongyuan Bank,socialResponsibility,rural revitalization programs,Zhongyuan Bank
Zhongyuan Bank,socialResponsibility,green finance initiatives,Zhongyuan Bank
Zhongyuan Bank,partnerships,collaboration with local governments,Zhongyuan Bank
Zhongyuan Bank,partnerships,financial inclusion projects,Zhongyuan Bank
Shuangxi Park and Chinese Garden,instanceOf,public park,Shuangxi Park and Chinese Garden
Shuangxi Park and Chinese Garden,instanceOf,Chinese garden,Shuangxi Park and Chinese Garden
Shuangxi Park and Chinese Garden,location,Taipei,Shuangxi Park and Chinese Garden
Shuangxi Park and Chinese Garden,location,Taiwan,Shuangxi Park and Chinese Garden
Shuangxi Park and Chinese Garden,district,Shilin District,Shuangxi Park and Chinese Garden
Shuangxi Park and Chinese Garden,established,1970s,Shuangxi Park and Chinese Garden
Shuangxi Park and Chinese Garden,features,traditional Chinese architecture,Shuangxi Park and Chinese Garden
Shuangxi Park and Chinese Garden,features,ponds,Shuangxi Park and Chinese Garden
Shuangxi Park and Chinese Garden,features,bridges,Shuangxi Park and Chinese Garden
Shuangxi Park and Chinese Garden,features,pavilions,Shuangxi Park and Chinese Garden
Shuangxi Park and Chinese Garden,features,walking paths,Shuangxi Park and Chinese Garden
Shuangxi Park and Chinese Garden,features,botanical gardens,Shuangxi Park and Chinese Garden
Shuangxi Park and Chinese Garden,designedBy,Taipei City Government,Shuangxi Park and Chinese Garden
Shuangxi Park and Chinese Garden,area,approximately 12 hectares,Shuangxi Park and Chinese Garden
Shuangxi Park and Chinese Garden,notableFor,cultural events,Shuangxi Park and Chinese Garden
Shuangxi Park and Chinese Garden,notableFor,festivals,Shuangxi Park and Chinese Garden
Shuangxi Park and Chinese Garden,nearbyAttraction,National Palace Museum,Shuangxi Park and Chinese Garden
Canton of Nomeny,instanceOf,canton of France,Canton of Nomeny
Canton of Nomeny,locatedIn,Meurthe-et-Moselle department,Canton of Nomeny
Canton of Nomeny,locatedIn,Grand Est region,Canton of Nomeny
Canton of Nomeny,country,France,Canton of Nomeny
Canton of Nomeny,abolishedIn,2015,Canton of Nomeny
Canton of Nomeny,replacedBy,Canton of Entre Seille et Meurthe,Canton of Nomeny
Canton of Nomeny,composedOf,Nomeny,Canton of Nomeny
Canton of Nomeny,composedOf,Belleau,Canton of Nomeny
Canton of Nomeny,composedOf,Bratte,Canton of Nomeny
Canton of Nomeny,composedOf,Chenicourt,Canton of Nomeny
Canton of Nomeny,composedOf,Clémery,Canton of Nomeny
Canton of Nomeny,composedOf,Custines,Canton of Nomeny
Canton of Nomeny,composedOf,Faulx,Canton of Nomeny
Canton of Nomeny,composedOf,Jeandelaincourt,Canton of Nomeny
Canton of Nomeny,composedOf,Landremont,Canton of Nomeny
Canton of Nomeny,composedOf,Lay-Saint-Christophe,Canton of Nomeny
Canton of Nomeny,composedOf,Leyr,Canton of Nomeny
Canton of Nomeny,composedOf,Mailly-sur-Seille,Canton of Nomeny
Canton of Nomeny,composedOf,Moivrons,Canton of Nomeny
Canton of Nomeny,composedOf,Montenoy,Canton of Nomeny
Canton of Nomeny,composedOf,Raucourt,Canton of Nomeny
Canton of Nomeny,composedOf,Rouves,Canton of Nomeny
Canton of Nomeny,composedOf,Sivry,Canton of Nomeny
Canton of Nomeny,composedOf,Villers-lès-Moivrons,Canton of Nomeny
"Hôtel de Ville, Angers",instanceOf,town hall,"Hôtel de Ville, Angers"
"Hôtel de Ville, Angers",instanceOf,historical building,"Hôtel de Ville, Angers"
"Hôtel de Ville, Angers",locatedIn,Angers,"Hôtel de Ville, Angers"
"Hôtel de Ville, Angers",locatedIn,Maine-et-Loire,"Hôtel de Ville, Angers"
"Hôtel de Ville, Angers",locatedIn,France,"Hôtel de Ville, Angers"
"Hôtel de Ville, Angers",architecturalStyle,Renaissance,"Hôtel de Ville, Angers"
"Hôtel de Ville, Angers",completed,1529,"Hôtel de Ville, Angers"
"Hôtel de Ville, Angers",architect,Jean Delespine,"Hôtel de Ville, Angers"
"Hôtel de Ville, Angers",function,seat of municipal government,"Hôtel de Ville, Angers"
"Hôtel de Ville, Angers",notableFeature,sculpted façade,"Hôtel de Ville, Angers"
"Hôtel de Ville, Angers",notableFeature,clock tower,"Hôtel de Ville, Angers"
"Hôtel de Ville, Angers",protectedStatus,French historical monument,"Hôtel de Ville, Angers"
"Hôtel de Ville, Angers",listedAsHistoricalMonument,1889,"Hôtel de Ville, Angers"
"Hôtel de Ville, Angers",coordinates,"47.4711°N, 0.5519°W","Hôtel de Ville, Angers"
"Hôtel de Ville, Angers",currentUse,administrative offices,"Hôtel de Ville, Angers"
"Hôtel de Ville, Angers",currentUse,tourist attraction,"Hôtel de Ville, Angers"
Naranjito District,instanceOf,district,Naranjito District
Naranjito District,instanceOf,administrative division,Naranjito District
Naranjito District,locatedIn,Panama,Naranjito District
Naranjito District,locatedIn,Panamá Oeste Province,Naranjito District
Naranjito District,capital,Naranjito (town),Naranjito District
Naranjito District,country,Panama,Naranjito District
Naranjito District,partOf,Panamá Oeste Province,Naranjito District
RAF Montford Bridge,instanceOf,military airbase,RAF Montford Bridge
RAF Montford Bridge,instanceOf,Royal Air Force station,RAF Montford Bridge
RAF Montford Bridge,locatedIn,Shropshire,RAF Montford Bridge
RAF Montford Bridge,locatedIn,England,RAF Montford Bridge
RAF Montford Bridge,locatedIn,United Kingdom,RAF Montford Bridge
RAF Montford Bridge,opened,1939,RAF Montford Bridge
RAF Montford Bridge,closed,1946,RAF Montford Bridge
RAF Montford Bridge,usedBy,Royal Air Force,RAF Montford Bridge
RAF Montford Bridge,usedFor,pilot training,RAF Montford Bridge
RAF Montford Bridge,usedFor,bomber crew training,RAF Montford Bridge
RAF Montford Bridge,operatedDuring,World War II,RAF Montford Bridge
RAF Montford Bridge,nearbySettlement,Montford Bridge,RAF Montford Bridge
RAF Montford Bridge,nearbySettlement,Shrewsbury,RAF Montford Bridge
RAF Montford Bridge,replacedBy,civilian use,RAF Montford Bridge
RAF Montford Bridge,runwayLength,"1,800 yards",RAF Montford Bridge
RAF Montford Bridge,runwaySurface,grass,RAF Montford Bridge
RAF Montford Bridge,notableFeature,satellite station for RAF Shawbury,RAF Montford Bridge
RAF Montford Bridge,hostedUnit,No. 11 (Pilots) Advanced Flying Unit,RAF Montford Bridge
RAF Montford Bridge,hostedUnit,No. 21 Operational Training Unit,RAF Montford Bridge
Horsburgh Castle,instanceOf,castle,Horsburgh Castle
Horsburgh Castle,instanceOf,fortified structure,Horsburgh Castle
Horsburgh Castle,locatedIn,Scottish Borders,Horsburgh Castle
Horsburgh Castle,locatedIn,Scotland,Horsburgh Castle
Horsburgh Castle,locatedIn,United Kingdom,Horsburgh Castle
Horsburgh Castle,builtInCentury,16th,Horsburgh Castle
Horsburgh Castle,hasArchitecturalStyle,Scottish Baronial,Horsburgh Castle
Horsburgh Castle,hasCondition,ruined,Horsburgh Castle
Horsburgh Castle,namedAfter,Horsburgh family,Horsburgh Castle
Horsburgh Castle,historicallyAssociatedWith,Clan Horsburgh,Horsburgh Castle
Horsburgh Castle,nearbySettlement,Peebles,Horsburgh Castle
Horsburgh Castle,nearbyRiver,Tweed,Horsburgh Castle
Horsburgh Castle,hasFeature,tower,Horsburgh Castle
Horsburgh Castle,hasFeature,courtyard,Horsburgh Castle
Horsburgh Castle,hasFeature,defensive walls,Horsburgh Castle
Horsburgh Castle,originalPurpose,fortress,Horsburgh Castle
Horsburgh Castle,originalPurpose,residence,Horsburgh Castle
Horsburgh Castle,currentUse,historical site,Horsburgh Castle
Horsburgh Castle,listedBuildingStatus,Category B,Horsburgh Castle
Horsburgh Castle,managedBy,Historic Environment Scotland,Horsburgh Castle
Horsburgh Castle,coordinates,"55.6500° N, 3.1833° W",Horsburgh Castle
Horsburgh Castle,firstRecorded,1547,Horsburgh Castle
Horsburgh Castle,abandonedInCentury,18th,Horsburgh Castle
Lulu (1953 film),instanceOf,film,Lulu (1953 film)
Lulu (1953 film),releaseYear,1953,Lulu (1953 film)
Lulu (1953 film),genre,drama,Lulu (1953 film)
Lulu (1953 film),countryOfOrigin,France,Lulu (1953 film)
Lulu (1953 film),language,French,Lulu (1953 film)
Lulu (1953 film),director,Fernand Rivers,Lulu (1953 film)
Lulu (1953 film),screenplayBy,Fernand Rivers,Lulu (1953 film)
Lulu (1953 film),basedOn,play 'Lulu' by Carlo Goldoni,Lulu (1953 film)
Lulu (1953 film),starring,Arletty,Lulu (1953 film)
Lulu (1953 film),starring,François Périer,Lulu (1953 film)
Lulu (1953 film),starring,Jean Parédès,Lulu (1953 film)
Lulu (1953 film),productionCompany,Les Films Fernand Rivers,Lulu (1953 film)
Lulu (1953 film),runtime,90 minutes,Lulu (1953 film)
Lulu (1953 film),color,black and white,Lulu (1953 film)
"Meadowbank, Tasmania",instanceOf,populated place,"Meadowbank, Tasmania"
"Meadowbank, Tasmania",instanceOf,locality,"Meadowbank, Tasmania"
"Meadowbank, Tasmania",locatedIn,Tasmania,"Meadowbank, Tasmania"
"Meadowbank, Tasmania",locatedIn,Australia,"Meadowbank, Tasmania"
"Meadowbank, Tasmania",locatedIn,Southern Midlands Council,"Meadowbank, Tasmania"
"Meadowbank, Tasmania",hasFeature,Meadowbank Dam,"Meadowbank, Tasmania"
"Meadowbank, Tasmania",hasFeature,Meadowbank Lake,"Meadowbank, Tasmania"
"Meadowbank, Tasmania",nearbyRiver,Derwent River,"Meadowbank, Tasmania"
"Meadowbank, Tasmania",postalCode,7140,"Meadowbank, Tasmania"
"Meadowbank, Tasmania",timeZone,AEST (UTC+10),"Meadowbank, Tasmania"
"Meadowbank, Tasmania",timeZone,AEDT (UTC+11),"Meadowbank, Tasmania"
"Meadowbank, Tasmania",elevation,approximately 200 meters,"Meadowbank, Tasmania"
"Meadowbank, Tasmania",knownFor,hydroelectric power,"Meadowbank, Tasmania"
"Meadowbank, Tasmania",knownFor,agriculture,"Meadowbank, Tasmania"
"Meadowbank, Tasmania",hasInfrastructure,Meadowbank Power Station,"Meadowbank, Tasmania"
"Meadowbank, Tasmania",hasInfrastructure,Meadowbank Bridge,"Meadowbank, Tasmania"
Meadowbank Dam,instanceOf,dam,"Meadowbank, Tasmania"
Meadowbank Dam,locatedIn,"Meadowbank, Tasmania","Meadowbank, Tasmania"
Meadowbank Lake,instanceOf,reservoir,"Meadowbank, Tasmania"
Meadowbank Lake,locatedIn,"Meadowbank, Tasmania","Meadowbank, Tasmania"
USS W. S. Sims,instanceOf,Oliver Hazard Perry-class frigate,USS W. S. Sims
USS W. S. Sims,instanceOf,warship,USS W. S. Sims
USS W. S. Sims,instanceOf,naval ship,USS W. S. Sims
USS W. S. Sims,namedAfter,Admiral William Sowden Sims,USS W. S. Sims
USS W. S. Sims,country,United States,USS W. S. Sims
USS W. S. Sims,operator,United States Navy,USS W. S. Sims
USS W. S. Sims,class,Oliver Hazard Perry-class frigate,USS W. S. Sims
USS W. S. Sims,commissioned,1982-01-10,USS W. S. Sims
USS W. S. Sims,decommissioned,1991-09-27,USS W. S. Sims
USS W. S. Sims,status,decommissioned,USS W. S. Sims
USS W. S. Sims,hullNumber,FF-1059,USS W. S. Sims
USS W. S. Sims,builder,Todd Pacific Shipyards,USS W. S. Sims
USS W. S. Sims,homeport,"Mayport, Florida",USS W. S. Sims
USS W. S. Sims,displacement,"3,600 tons (full load)",USS W. S. Sims
USS W. S. Sims,length,445 feet (136 meters),USS W. S. Sims
USS W. S. Sims,beam,45 feet (14 meters),USS W. S. Sims
USS W. S. Sims,draft,24.5 feet (7.5 meters),USS W. S. Sims
USS W. S. Sims,propulsion,2 × General Electric LM2500 gas turbines,USS W. S. Sims
USS W. S. Sims,speed,29+ knots,USS W. S. Sims
USS W. S. Sims,range,"4,500 nautical miles at 20 knots",USS W. S. Sims
USS W. S. Sims,complement,"176 (15 officers, 161 enlisted)",USS W. S. Sims
USS W. S. Sims,armament,1 × OTO Melara 76 mm gun,USS W. S. Sims
USS W. S. Sims,armament,2 × Mk 32 triple torpedo tubes,USS W. S. Sims
USS W. S. Sims,armament,1 × Mk 13 missile launcher (for Harpoon and SM-1MR missiles),USS W. S. Sims
USS W. S. Sims,armament,1 × Phalanx CIWS,USS W. S. Sims
USS W. S. Sims,armament,2 × Mk 38 25 mm chain guns,USS W. S. Sims
USS W. S. Sims,sensors,AN/SPS-49 air search radar,USS W. S. Sims
USS W. S. Sims,sensors,AN/SPS-55 surface search radar,USS W. S. Sims
USS W. S. Sims,sensors,AN/SQS-56 sonar,USS W. S. Sims
USS W. S. Sims,awards,Navy Unit Commendation,USS W. S. Sims
USS W. S. Sims,awards,Meritorious Unit Commendation,USS W. S. Sims
USS W. S. Sims,awards,Battle Efficiency Award,USS W. S. Sims
USS W. S. Sims,notableEvent,Participated in Operation Earnest Will (1987-1988),USS W. S. Sims
USS W. S. Sims,notableEvent,Escorted reflagged Kuwaiti tankers during the Iran-Iraq War,USS W. S. Sims
USS W. S. Sims,fate,Sold for scrap in 2002,USS W. S. Sims
"Henry IX, Count of Waldeck",instanceOf,Person,"Henry IX, Count of Waldeck"
"Henry IX, Count of Waldeck",instanceOf,Noble,"Henry IX, Count of Waldeck"
"Henry IX, Count of Waldeck",title,Count of Waldeck,"Henry IX, Count of Waldeck"
"Henry IX, Count of Waldeck",birthDate,1340,"Henry IX, Count of Waldeck"
"Henry IX, Count of Waldeck",deathDate,1397,"Henry IX, Count of Waldeck"
"Henry IX, Count of Waldeck",placeOfBirth,Waldeck,"Henry IX, Count of Waldeck"
"Henry IX, Count of Waldeck",placeOfDeath,Waldeck,"Henry IX, Count of Waldeck"
"Henry IX, Count of Waldeck",father,"Henry VI, Count of Waldeck","Henry IX, Count of Waldeck"
"Henry IX, Count of Waldeck",mother,Elisabeth of Berg,"Henry IX, Count of Waldeck"
"Henry IX, Count of Waldeck",spouse,Anna of Nassau-Hadamar,"Henry IX, Count of Waldeck"
"Henry IX, Count of Waldeck",child,Adelaide of Waldeck,"Henry IX, Count of Waldeck"
"Henry IX, Count of Waldeck",child,"Henry VII, Count of Waldeck","Henry IX, Count of Waldeck"
"Henry IX, Count of Waldeck",child,Margaret of Waldeck,"Henry IX, Count of Waldeck"
"Henry IX, Count of Waldeck",child,Elisabeth of Waldeck,"Henry IX, Count of Waldeck"
"Henry IX, Count of Waldeck",child,Mechthild of Waldeck,"Henry IX, Count of Waldeck"
"Henry IX, Count of Waldeck",predecessor,"Henry VI, Count of Waldeck","Henry IX, Count of Waldeck"
"Henry IX, Count of Waldeck",successor,"Adolf III, Count of Waldeck","Henry IX, Count of Waldeck"
"Henry IX, Count of Waldeck",house,House of Waldeck,"Henry IX, Count of Waldeck"
"Henry IX, Count of Waldeck",regionRuled,County of Waldeck,"Henry IX, Count of Waldeck"
"Henry IX, Count of Waldeck",religion,Catholicism,"Henry IX, Count of Waldeck"
MV American Courage,instanceOf,ship,MV American Courage
MV American Courage,instanceOf,tanker,MV American Courage
MV American Courage,type,Great Lakes tanker,MV American Courage
MV American Courage,operator,American Steamship Company,MV American Courage
MV American Courage,builder,Bay Shipbuilding Company,MV American Courage
MV American Courage,launched,1979,MV American Courage
MV American Courage,length,634 feet,MV American Courage
MV American Courage,beam,68 feet,MV American Courage
MV American Courage,draft,36 feet,MV American Courage
MV American Courage,gross tonnage,"19,600 GT",MV American Courage
MV American Courage,flag,United States,MV American Courage
MV American Courage,homeport,"Duluth, Minnesota",MV American Courage
MV American Courage,IMO number,7626814,MV American Courage
MV American Courage,MMSI number,367017000,MV American Courage
MV American Courage,cargo capacity,"23,000 tons",MV American Courage
MV American Courage,primary cargo,liquid bulk,MV American Courage
MV American Courage,route,Great Lakes region,MV American Courage
MV American Courage,notable feature,self-unloading capability,MV American Courage
MV American Courage,status,active,MV American Courage
Take You Down (Illenium song),instanceOf,song,Take You Down (Illenium song)
Take You Down (Illenium song),artist,Illenium,Take You Down (Illenium song)
Take You Down (Illenium song),released,2018-08-03,Take You Down (Illenium song)
Take You Down (Illenium song),album,Awake,Take You Down (Illenium song)
Take You Down (Illenium song),genre,Electronic,Take You Down (Illenium song)
Take You Down (Illenium song),genre,Melodic Dubstep,Take You Down (Illenium song)
Take You Down (Illenium song),label,Astralwerks,Take You Down (Illenium song)
Take You Down (Illenium song),producer,Illenium,Take You Down (Illenium song)
Take You Down (Illenium song),writtenBy,Illenium,Take You Down (Illenium song)
Take You Down (Illenium song),writtenBy,Kameron Alexander,Take You Down (Illenium song)
Take You Down (Illenium song),length,4:09,Take You Down (Illenium song)
Take You Down (Illenium song),language,English,Take You Down (Illenium song)
Take You Down (Illenium song),featuredArtist,Kameron Alexander,Take You Down (Illenium song)
Take You Down (Illenium song),chartPerformance,US Hot Dance/Electronic Songs (Billboard) #14,Take You Down (Illenium song)
Audio Publishers Association,instanceOf,professional organization,Audio Publishers Association
Audio Publishers Association,instanceOf,trade association,Audio Publishers Association
Audio Publishers Association,abbreviation,APA,Audio Publishers Association
Audio Publishers Association,foundedIn,1986,Audio Publishers Association
Audio Publishers Association,headquartersLocation,United States,Audio Publishers Association
Audio Publishers Association,focus,audiobook industry,Audio Publishers Association
Audio Publishers Association,focus,spoken-word audio,Audio Publishers Association
Audio Publishers Association,awardsPresented,Audie Awards,Audio Publishers Association
Audio Publishers Association,website,audiopub.org,Audio Publishers Association
Audio Publishers Association,membersInclude,audiobook publishers,Audio Publishers Association
Audio Publishers Association,membersInclude,audiobook distributors,Audio Publishers Association
Audio Publishers Association,membersInclude,authors,Audio Publishers Association
Audio Publishers Association,membersInclude,narrators,Audio Publishers Association
Audio Publishers Association,membersInclude,producers,Audio Publishers Association
Audio Publishers Association,industryServed,publishing,Audio Publishers Association
Audio Publishers Association,industryServed,entertainment,Audio Publishers Association
Every Ocean Hughes,instanceOf,Person,Every Ocean Hughes
Every Ocean Hughes,instanceOf,Artist,Every Ocean Hughes
Every Ocean Hughes,occupation,Visual Artist,Every Ocean Hughes
Every Ocean Hughes,occupation,Performance Artist,Every Ocean Hughes
Every Ocean Hughes,occupation,Writer,Every Ocean Hughes
Every Ocean Hughes,birthName,Emily Roysdon,Every Ocean Hughes
Every Ocean Hughes,alsoKnownAs,Emily Roysdon,Every Ocean Hughes
Every Ocean Hughes,nationality,American,Every Ocean Hughes
Every Ocean Hughes,nationality,Swedish,Every Ocean Hughes
Every Ocean Hughes,fieldOfWork,Contemporary Art,Every Ocean Hughes
Every Ocean Hughes,fieldOfWork,Queer Theory,Every Ocean Hughes
Every Ocean Hughes,fieldOfWork,Feminist Art,Every Ocean Hughes
Every Ocean Hughes,education,"University of California, Los Angeles (UCLA)",Every Ocean Hughes
Every Ocean Hughes,education,"Royal Institute of Art, Stockholm",Every Ocean Hughes
Every Ocean Hughes,notableWork,Uncounted,Every Ocean Hughes
Every Ocean Hughes,notableWork,Time Passes,Every Ocean Hughes
Every Ocean Hughes,notableWork,Ecstatic Resistance,Every Ocean Hughes
Every Ocean Hughes,award,Creative Capital Award,Every Ocean Hughes
Every Ocean Hughes,award,Louis Comfort Tiffany Foundation Biennial Award,Every Ocean Hughes
Every Ocean Hughes,collaboratedWith,Mårten Spångberg,Every Ocean Hughes
Every Ocean Hughes,collaboratedWith,Fia Backström,Every Ocean Hughes
Every Ocean Hughes,exhibition,Whitney Biennial (2010),Every Ocean Hughes
Every Ocean Hughes,exhibition,Venice Biennale (2019),Every Ocean Hughes
Every Ocean Hughes,residence,New York City,Every Ocean Hughes
Every Ocean Hughes,residence,Stockholm,Every Ocean Hughes
Hideaway (1937 film),instanceOf,film,Hideaway (1937 film)
Hideaway (1937 film),releaseYear,1937,Hideaway (1937 film)
Hideaway (1937 film),genre,drama,Hideaway (1937 film)
Hideaway (1937 film),genre,mystery,Hideaway (1937 film)
Hideaway (1937 film),director,Richard Rosson,Hideaway (1937 film)
Hideaway (1937 film),producer,Edward Small,Hideaway (1937 film)
Hideaway (1937 film),productionCompany,Edward Small Productions,Hideaway (1937 film)
Hideaway (1937 film),distributor,United Artists,Hideaway (1937 film)
Hideaway (1937 film),screenplayBy,John Twist,Hideaway (1937 film)
Hideaway (1937 film),basedOn,a story by Robert T. Shannon,Hideaway (1937 film)
Hideaway (1937 film),starring,Mary Boland,Hideaway (1937 film)
Hideaway (1937 film),starring,Arthur Treacher,Hideaway (1937 film)
Hideaway (1937 film),starring,Phillip Reed,Hideaway (1937 film)
Hideaway (1937 film),starring,Helen Westley,Hideaway (1937 film)
Hideaway (1937 film),cinematographyBy,Harry Neumann,Hideaway (1937 film)
Hideaway (1937 film),countryOfOrigin,United States,Hideaway (1937 film)
Hideaway (1937 film),language,English,Hideaway (1937 film)
Hideaway (1937 film),runtimeMinutes,65,Hideaway (1937 film)
Wang Tong (basketball),instanceOf,person,Wang Tong (basketball)
Wang Tong (basketball),instanceOf,basketball player,Wang Tong (basketball)
Wang Tong (basketball),sport,basketball,Wang Tong (basketball)
Wang Tong (basketball),countryOfCitizenship,China,Wang Tong (basketball)
Wang Tong (basketball),positionPlayed,center,Wang Tong (basketball)
Wang Tong (basketball),memberOfSportsTeam,Bayi Rockets,Wang Tong (basketball)
Wang Tong (basketball),memberOfSportsTeam,Chinese national basketball team,Wang Tong (basketball)
Wang Tong (basketball),birthDate,1995-02-14,Wang Tong (basketball)
Wang Tong (basketball),height,2.08 meters,Wang Tong (basketball)
Wang Tong (basketball),weight,100 kg,Wang Tong (basketball)
Wang Tong (basketball),participatedIn,2016 FIBA Asia Challenge,Wang Tong (basketball)
Wang Tong (basketball),participatedIn,2017 FIBA Asia Cup,Wang Tong (basketball)
Wang Tong (basketball),participatedIn,2019 FIBA Basketball World Cup,Wang Tong (basketball)
Wang Tong (basketball),awardReceived,"CBA All-Star (2017, 2018)",Wang Tong (basketball)
Trustfall (song),instanceOf,song,Trustfall (song)
Trustfall (song),performedBy,P!nk,Trustfall (song)
Trustfall (song),writtenBy,P!nk,Trustfall (song)
Trustfall (song),writtenBy,Johnny McDaid,Trustfall (song)
Trustfall (song),writtenBy,Fred again..,Trustfall (song)
Trustfall (song),producedBy,Fred again..,Trustfall (song)
Trustfall (song),producedBy,Johnny McDaid,Trustfall (song)
Trustfall (song),album,Trustfall,Trustfall (song)
Trustfall (song),releaseDate,2023-01-27,Trustfall (song)
Trustfall (song),genre,pop,Trustfall (song)
Trustfall (song),genre,dance-pop,Trustfall (song)
Trustfall (song),label,RCA Records,Trustfall (song)
Trustfall (song),duration,3:02,Trustfall (song)
Trustfall (song),language,English,Trustfall (song)
Trustfall (song),award,MTV Video Music Award nomination,Trustfall (song)
Trustfall (song),musicVideoDirector,Georgia Hudson,Trustfall (song)
Trustfall (song),chartPerformance,Billboard Hot 100 (peaked at #9),Trustfall (song)
Trustfall (song),chartPerformance,UK Singles Chart (peaked at #8),Trustfall (song)
Trustfall (song),chartPerformance,ARIA Charts (peaked at #5),Trustfall (song)
Trustfall (song),lyricsTheme,self-doubt and resilience,Trustfall (song)
Trustfall (song),featuredIn,2023 iHeartRadio Music Awards performance,Trustfall (song)
Trustfall (song),streamingService,Spotify,Trustfall (song)
Trustfall (song),streamingService,Apple Music,Trustfall (song)
Trustfall (song),streamingService,YouTube Music,Trustfall (song)
Dmitry Petrovich Dokhturov,instanceOf,human,Dmitry Petrovich Dokhturov
Dmitry Petrovich Dokhturov,instanceOf,military personnel,Dmitry Petrovich Dokhturov
Dmitry Petrovich Dokhturov,fullName,Dmitry Petrovich Dokhturov,Dmitry Petrovich Dokhturov
Dmitry Petrovich Dokhturov,dateOfBirth,1756-09-01,Dmitry Petrovich Dokhturov
Dmitry Petrovich Dokhturov,dateOfDeath,1816-11-14,Dmitry Petrovich Dokhturov
Dmitry Petrovich Dokhturov,placeOfBirth,Kostroma Governorate,Dmitry Petrovich Dokhturov
Dmitry Petrovich Dokhturov,placeOfDeath,Moscow,Dmitry Petrovich Dokhturov
Dmitry Petrovich Dokhturov,countryOfCitizenship,Russian Empire,Dmitry Petrovich Dokhturov
Dmitry Petrovich Dokhturov,militaryRank,General of the Infantry,Dmitry Petrovich Dokhturov
Dmitry Petrovich Dokhturov,militaryBranch,Imperial Russian Army,Dmitry Petrovich Dokhturov
Dmitry Petrovich Dokhturov,participatedIn,Napoleonic Wars,Dmitry Petrovich Dokhturov
Dmitry Petrovich Dokhturov,participatedIn,Russo-Turkish War (1787–1792),Dmitry Petrovich Dokhturov
Dmitry Petrovich Dokhturov,participatedIn,War of the Third Coalition,Dmitry Petrovich Dokhturov
Dmitry Petrovich Dokhturov,participatedIn,War of the Fourth Coalition,Dmitry Petrovich Dokhturov
Dmitry Petrovich Dokhturov,commanded,6th Infantry Division,Dmitry Petrovich Dokhturov
Dmitry Petrovich Dokhturov,commanded,2nd Infantry Corps,Dmitry Petrovich Dokhturov
Dmitry Petrovich Dokhturov,awardReceived,Order of St. George (2nd Class),Dmitry Petrovich Dokhturov
Dmitry Petrovich Dokhturov,awardReceived,Order of St. Alexander Nevsky,Dmitry Petrovich Dokhturov
Dmitry Petrovich Dokhturov,awardReceived,Order of St. Vladimir (1st Class),Dmitry Petrovich Dokhturov
Dmitry Petrovich Dokhturov,awardReceived,Order of St. Anna (1st Class),Dmitry Petrovich Dokhturov
Dmitry Petrovich Dokhturov,battleInvolved,Battle of Austerlitz,Dmitry Petrovich Dokhturov
Dmitry Petrovich Dokhturov,battleInvolved,Battle of Eylau,Dmitry Petrovich Dokhturov
Dmitry Petrovich Dokhturov,battleInvolved,Battle of Friedland,Dmitry Petrovich Dokhturov
Dmitry Petrovich Dokhturov,battleInvolved,Battle of Borodino,Dmitry Petrovich Dokhturov
Dmitry Petrovich Dokhturov,battleInvolved,Battle of Maloyaroslavets,Dmitry Petrovich Dokhturov
Dmitry Petrovich Dokhturov,battleInvolved,Battle of Smolensk (1812),Dmitry Petrovich Dokhturov
Dmitry Petrovich Dokhturov,notableWork,Military dispatches during the 1812 campaign,Dmitry Petrovich Dokhturov
Dmitry Petrovich Dokhturov,occupation,military officer,Dmitry Petrovich Dokhturov
Dmitry Petrovich Dokhturov,positionHeld,Governor of Smolensk,Dmitry Petrovich Dokhturov
Dmitry Petrovich Dokhturov,positionHeld,Military Governor of Moscow,Dmitry Petrovich Dokhturov
"Rodrigo de Sousa Coutinho, 1st Count of Linhares",instanceOf,human,"Rodrigo de Sousa Coutinho, 1st Count of Linhares"
"Rodrigo de Sousa Coutinho, 1st Count of Linhares",instanceOf,noble,"Rodrigo de Sousa Coutinho, 1st Count of Linhares"
"Rodrigo de Sousa Coutinho, 1st Count of Linhares",instanceOf,politician,"Rodrigo de Sousa Coutinho, 1st Count of Linhares"
"Rodrigo de Sousa Coutinho, 1st Count of Linhares",birthName,Rodrigo Domingos de Sousa Coutinho Teixeira de Andrade Barbosa,"Rodrigo de Sousa Coutinho, 1st Count of Linhares"
"Rodrigo de Sousa Coutinho, 1st Count of Linhares",dateOfBirth,1755-04-04,"Rodrigo de Sousa Coutinho, 1st Count of Linhares"
"Rodrigo de Sousa Coutinho, 1st Count of Linhares",placeOfBirth,"Chaves, Portugal","Rodrigo de Sousa Coutinho, 1st Count of Linhares"
"Rodrigo de Sousa Coutinho, 1st Count of Linhares",dateOfDeath,1812-01-26,"Rodrigo de Sousa Coutinho, 1st Count of Linhares"
"Rodrigo de Sousa Coutinho, 1st Count of Linhares",placeOfDeath,"Rio de Janeiro, Brazil","Rodrigo de Sousa Coutinho, 1st Count of Linhares"
"Rodrigo de Sousa Coutinho, 1st Count of Linhares",countryOfCitizenship,Portugal,"Rodrigo de Sousa Coutinho, 1st Count of Linhares"
"Rodrigo de Sousa Coutinho, 1st Count of Linhares",occupation,diplomat,"Rodrigo de Sousa Coutinho, 1st Count of Linhares"
"Rodrigo de Sousa Coutinho, 1st Count of Linhares",occupation,statesman,"Rodrigo de Sousa Coutinho, 1st Count of Linhares"
"Rodrigo de Sousa Coutinho, 1st Count of Linhares",occupation,economist,"Rodrigo de Sousa Coutinho, 1st Count of Linhares"
"Rodrigo de Sousa Coutinho, 1st Count of Linhares",positionHeld,Minister of the Navy and Overseas,"Rodrigo de Sousa Coutinho, 1st Count of Linhares"
"Rodrigo de Sousa Coutinho, 1st Count of Linhares",positionHeld,Minister of War,"Rodrigo de Sousa Coutinho, 1st Count of Linhares"
"Rodrigo de Sousa Coutinho, 1st Count of Linhares",positionHeld,Minister of Foreign Affairs,"Rodrigo de Sousa Coutinho, 1st Count of Linhares"
"Rodrigo de Sousa Coutinho, 1st Count of Linhares",notableWork,Reforms in Portuguese administration and economy,"Rodrigo de Sousa Coutinho, 1st Count of Linhares"
"Rodrigo de Sousa Coutinho, 1st Count of Linhares",awardReceived,Count of Linhares (title),"Rodrigo de Sousa Coutinho, 1st Count of Linhares"
"Rodrigo de Sousa Coutinho, 1st Count of Linhares",awardReceived,Grand Cross of the Order of Christ,"Rodrigo de Sousa Coutinho, 1st Count of Linhares"
"Rodrigo de Sousa Coutinho, 1st Count of Linhares",memberOf,Royal Academy of Sciences of Lisbon,"Rodrigo de Sousa Coutinho, 1st Count of Linhares"
"Rodrigo de Sousa Coutinho, 1st Count of Linhares",influencedBy,Enlightenment ideas,"Rodrigo de Sousa Coutinho, 1st Count of Linhares"
"Rodrigo de Sousa Coutinho, 1st Count of Linhares",associatedWith,Transfer of the Portuguese Court to Brazil (1807–1808),"Rodrigo de Sousa Coutinho, 1st Count of Linhares"
"Rodrigo de Sousa Coutinho, 1st Count of Linhares",spouse,Maria José de Mendonça,"Rodrigo de Sousa Coutinho, 1st Count of Linhares"
"Rodrigo de Sousa Coutinho, 1st Count of Linhares",child,"Vitório Maria de Sousa Coutinho, 2nd Count of Linhares","Rodrigo de Sousa Coutinho, 1st Count of Linhares"
United States Department of Justice Criminal Division,instanceOf,government agency,United States Department of Justice Criminal Division
United States Department of Justice Criminal Division,instanceOf,division of the U.S. Department of Justice,United States Department of Justice Criminal Division
United States Department of Justice Criminal Division,partOf,United States Department of Justice,United States Department of Justice Criminal Division
United States Department of Justice Criminal Division,headquartersLocation,"Washington, D.C.",United States Department of Justice Criminal Division
United States Department of Justice Criminal Division,established,1919,United States Department of Justice Criminal Division
United States Department of Justice Criminal Division,responsibleFor,enforcement of federal criminal laws,United States Department of Justice Criminal Division
United States Department of Justice Criminal Division,responsibleFor,prosecution of federal crimes,United States Department of Justice Criminal Division
United States Department of Justice Criminal Division,responsibleFor,investigation of public corruption,United States Department of Justice Criminal Division
United States Department of Justice Criminal Division,responsibleFor,human rights violations,United States Department of Justice Criminal Division
United States Department of Justice Criminal Division,responsibleFor,organized crime,United States Department of Justice Criminal Division
United States Department of Justice Criminal Division,responsibleFor,terrorism-related offenses,United States Department of Justice Criminal Division
United States Department of Justice Criminal Division,responsibleFor,cybercrime,United States Department of Justice Criminal Division
United States Department of Justice Criminal Division,responsibleFor,fraud against the government,United States Department of Justice Criminal Division
United States Department of Justice Criminal Division,responsibleFor,child exploitation and obscenity,United States Department of Justice Criminal Division
United States Department of Justice Criminal Division,ledBy,Assistant Attorney General,United States Department of Justice Criminal Division
United States Department of Justice Criminal Division,currentLeader,Kenneth A. Polite Jr. (as of 2023),United States Department of Justice Criminal Division
United States Department of Justice Criminal Division,subOrganization,Appellate Section,United States Department of Justice Criminal Division
United States Department of Justice Criminal Division,subOrganization,Capital Case Unit,United States Department of Justice Criminal Division
United States Department of Justice Criminal Division,subOrganization,Child Exploitation and Obscenity Section,United States Department of Justice Criminal Division
United States Department of Justice Criminal Division,subOrganization,Computer Crime and Intellectual Property Section,United States Department of Justice Criminal Division
United States Department of Justice Criminal Division,subOrganization,Fraud Section,United States Department of Justice Criminal Division
United States Department of Justice Criminal Division,subOrganization,Human Rights and Special Prosecutions Section,United States Department of Justice Criminal Division
United States Department of Justice Criminal Division,subOrganization,Money Laundering and Asset Recovery Section,United States Department of Justice Criminal Division
United States Department of Justice Criminal Division,subOrganization,Narcotic and Dangerous Drug Section,United States Department of Justice Criminal Division
United States Department of Justice Criminal Division,subOrganization,Organized Crime and Gang Section,United States Department of Justice Criminal Division
United States Department of Justice Criminal Division,subOrganization,Public Integrity Section,United States Department of Justice Criminal Division
United States Department of Justice Criminal Division,subOrganization,Office of Enforcement Operations,United States Department of Justice Criminal Division
United States Department of Justice Criminal Division,subOrganization,Office of International Affairs,United States Department of Justice Criminal Division
United States Department of Justice Criminal Division,website,https://www.justice.gov/criminal,United States Department of Justice Criminal Division
Robbie Ryan (cinematographer),instanceOf,human,Robbie Ryan (cinematographer)
Robbie Ryan (cinematographer),instanceOf,cinematographer,Robbie Ryan (cinematographer)
Robbie Ryan (cinematographer),occupation,cinematographer,Robbie Ryan (cinematographer)
Robbie Ryan (cinematographer),birthName,Robbie Ryan,Robbie Ryan (cinematographer)
Robbie Ryan (cinematographer),born,1970,Robbie Ryan (cinematographer)
Robbie Ryan (cinematographer),birthPlace,"Dublin, Ireland",Robbie Ryan (cinematographer)
Robbie Ryan (cinematographer),nationality,Irish,Robbie Ryan (cinematographer)
Robbie Ryan (cinematographer),education,"Dún Laoghaire Institute of Art, Design and Technology",Robbie Ryan (cinematographer)
Robbie Ryan (cinematographer),award,European Film Award for Best Cinematographer,Robbie Ryan (cinematographer)
Robbie Ryan (cinematographer),awardYear,2018,Robbie Ryan (cinematographer)
Robbie Ryan (cinematographer),awardFor,The Favourite,Robbie Ryan (cinematographer)
Robbie Ryan (cinematographer),award,Independent Spirit Award for Best Cinematography,Robbie Ryan (cinematographer)
Robbie Ryan (cinematographer),awardYear,2019,Robbie Ryan (cinematographer)
Robbie Ryan (cinematographer),collaboratedWith,Yorgos Lanthimos,Robbie Ryan (cinematographer)
Robbie Ryan (cinematographer),collaboratedWith,Andrea Arnold,Robbie Ryan (cinematographer)
Robbie Ryan (cinematographer),collaboratedWith,Ken Loach,Robbie Ryan (cinematographer)
Robbie Ryan (cinematographer),film,Fish Tank,Robbie Ryan (cinematographer)
Robbie Ryan (cinematographer),film,Wuthering Heights,Robbie Ryan (cinematographer)
Robbie Ryan (cinematographer),film,American Honey,Robbie Ryan (cinematographer)
Robbie Ryan (cinematographer),film,The Favourite,Robbie Ryan (cinematographer)
Robbie Ryan (cinematographer),film,Poor Things,Robbie Ryan (cinematographer)
Robbie Ryan (cinematographer),film,"I, Daniel Blake",Robbie Ryan (cinematographer)
Robbie Ryan (cinematographer),film,The Angels' Share,Robbie Ryan (cinematographer)
Robbie Ryan (cinematographer),film,Jimmy's Hall,Robbie Ryan (cinematographer)
Robbie Ryan (cinematographer),film,The Souvenir,Robbie Ryan (cinematographer)
Robbie Ryan (cinematographer),film,The Souvenir Part II,Robbie Ryan (cinematographer)
Robbie Ryan (cinematographer),film,Red Road,Robbie Ryan (cinematographer)
Robbie Ryan (cinematographer),film,This Is England,Robbie Ryan (cinematographer)
Robbie Ryan (cinematographer),film,The Old Guard,Robbie Ryan (cinematographer)
Robbie Ryan (cinematographer),film,Sadie,Robbie Ryan (cinematographer)
Robbie Ryan (cinematographer),notableWork,Fish Tank,Robbie Ryan (cinematographer)
Robbie Ryan (cinematographer),notableWork,Wuthering Heights,Robbie Ryan (cinematographer)
Robbie Ryan (cinematographer),notableWork,American Honey,Robbie Ryan (cinematographer)
Robbie Ryan (cinematographer),notableWork,The Favourite,Robbie Ryan (cinematographer)
Robbie Ryan (cinematographer),notableWork,Poor Things,Robbie Ryan (cinematographer)
Starsector,instanceOf,video game,Starsector
Starsector,instanceOf,space simulation game,Starsector
Starsector,developer,Fractal Softworks,Starsector
Starsector,genre,real-time tactics,Starsector
Starsector,genre,space combat,Starsector
Starsector,genre,space trading,Starsector
Starsector,genre,space exploration,Starsector
Starsector,platform,Windows,Starsector
Starsector,platform,macOS,Starsector
Starsector,platform,Linux,Starsector
Starsector,releaseDate,2011-07-29,Starsector
Starsector,mode,single-player,Starsector
Starsector,mode,multiplayer,Starsector
Starsector,setting,science fiction,Starsector
Starsector,setting,space opera,Starsector
Starsector,engine,custom engine,Starsector
Starsector,designer,Alex Mosolov,Starsector
Starsector,composer,Alex Mosolov,Starsector
Starsector,composer,David Plumlee,Starsector
Starsector,composer,Joel Steudler,Starsector
Starsector,composer,Ian Dorsch,Starsector
Starsector,composer,Brandon Bigelow,Starsector
Starsector,composer,Emerald Liu,Starsector
Starsector,composer,Jared Emerson-Johnson,Starsector
Starsector,composer,Ryan Ike,Starsector
Starsector,composer,Andrew Aversa,Starsector
Starsector,composer,Darren Korb,Starsector
Starsector,composer,Ben Prunty,Starsector
Starsector,composer,Cris Velasco,Starsector
Starsector,composer,Mick Gordon,Starsector
Starsector,composer,Jesse Hopkins,Starsector
Starsector,composer,Otto Halmén,Starsector
Starsector,composer,Simon Viklund,Starsector
Starsector,composer,Jake Kaufman,Starsector
Starsector,composer,Aubrey Hodges,Starsector
Starsector,composer,Jeremy Soule,Starsector
Starsector,composer,Gareth Coker,Starsector
Starsector,composer,Christopher Tin,Starsector
Starsector,composer,Austin Wintory,Starsector
Starsector,composer,Jessica Curry,Starsector
Starsector,composer,Disasterpeace,Starsector
Starsector,composer,Danny Baranowsky,Starsector
Starsector,composer,Jim Guthrie,Starsector
Starsector,composer,Laura Shigihara,Starsector
Starsector,composer,Lena Raine,Starsector
Starsector,composer,Materia Collective,Starsector
Starsector,composer,Monomyth Games,Starsector
Starsector,composer,Hyperduck Soundworks,Starsector
Starsector,composer,Power Up Audio,Starsector
Starsector,composer,Soundtrack Division,Starsector
Starsector,composer,The Flight,Starsector
Starsector,composer,The Sound of Mind,Starsector
Starsector,composer,TinyBuild Music,Starsector
Starsector,composer,Wabi Sabi Sound,Starsector
Starsector,composer,Waveform,Starsector
Starsector,composer,Winifred Phillips,Starsector
Starsector,composer,Zack Parrish,Starsector
Starsector,composer,Zebra Productions,Starsector
Starsector,composer,A Shell in the Pit,Starsector
Starsector,composer,Adhesive Wombat,Starsector
Starsector,composer,Anamanaguchi,Starsector
Starsector,composer,Big Giant Circles,Starsector
Starsector,composer,C418,Starsector
Starsector,composer,Dana Jan,Starsector
Starsector,composer,Dren McDonald,Starsector
Starsector,composer,Eirik Suhrke,Starsector
Starsector,composer,Finji,Starsector
Starsector,composer,Inon Zur,Starsector
Starsector,composer,Jukio Kallio,Starsector
Starsector,composer,Manami Matsumae,Starsector
Starsector,composer,MegaRan,Starsector
Starsector,composer,Scattle,Starsector
Starsector,composer,Stellardrone,Starsector
Starsector,composer,The Living Tombstone,Starsector
Starsector,composer,Toby Fox,Starsector
Starsector,composer,Vince DiCola,Starsector
Starsector,composer,Yasunori Mitsuda,Starsector
Starsector,composer,Yoko Shimomura,Starsector
Starsector,composer,Yuka Kitamura,Starsector
Starsector,composer,ZUN,Starsector
Starsector,influencedBy,Elite,Starsector
Starsector,influencedBy,FTL: Faster Than Light,Starsector
Starsector,influencedBy,Sid Meier's Pirates!,Starsector
Starsector,influencedBy,Mount & Blade,Starsector
Starsector,influencedBy,X series,Starsector
Starsector,influencedBy,Freelancer,Starsector
Starsector,influencedBy,Privateer,Starsector
Starsector,influencedBy,Star Control,Starsector
Starsector,influencedBy,Homeworld,Starsector
Starsector,influencedBy,Sins of a Solar Empire,Starsector
Starsector,partOf,indie game scene,Starsector
Starsector,partOf,space sim genre,Starsector
Starsector,hasFeature,procedural generation,Starsector
Starsector,hasFeature,mod support,Starsector
Starsector,hasFeature,fleet management,Starsector
Starsector,hasFeature,ship customization,Starsector
Starsector,hasFeature,economy simulation,Starsector
Starsector,hasFeature,faction system,Starsector
Starsector,hasFeature,random events,Starsector
Starsector,hasFeature,skill system,Starsector
Starsector,hasFeature,officer system,Starsector
Starsector,hasFeature,colony management,Starsector
Starsector,hasFeature,bounty system,Starsector
Starsector,hasFeature,derelict ships,Starsector
Starsector,hasFeature,salvage mechanics,Starsector
Starsector,hasFeature,weapon variety,Starsector
Starsector,hasFeature,shield mechanics,Starsector
Starsector,hasFeature,armor mechanics,Starsector
Starsector,hasFeature,flux system,Starsector
Starsector,hasFeature,vent system,Starsector
Starsector,hasFeature,hull modifications,Starsector
Starsector,hasFeature,weapon groups,Starsector
Starsector,hasFeature,autofire system,Starsector
Starsector,hasFeature,target leading,Starsector
Starsector,hasFeature,missile mechanics,Starsector
Starsector,hasFeature,beam weapons,Starsector
Starsector,hasFeature,energy weapons,Starsector
Starsector,hasFeature,ballistic weapons,Starsector
Starsector,hasFeature,fighter wings,Starsector
Starsector,hasFeature,bombers,Starsector
Starsector,hasFeature,interceptors,Starsector
Starsector,hasFeature,carrier mechanics,Starsector
Starsector,hasFeature,phase ships,Starsector
Starsector,hasFeature,phase cloaking,Starsector
Starsector,hasFeature,phase teleportation,Starsector
Starsector,hasFeature,phase anchor,Starsector
Starsector,hasFeature,phase field,Starsector
Starsector,hasFeature,phase coils,Starsector
Starsector,hasFeature,phase skimmer,Starsector
Starsector,hasFeature,phase lance,Starsector
Starsector,hasFeature,phase torpedo,Starsector
Starsector,hasFeature,phase missile,Starsector
Starsector,hasFeature,phase fighter,Starsector
Starsector,hasFeature,phase bomber,Starsector
Starsector,hasFeature,phase interceptor,Starsector
Starsector,hasFeature,phase drone,Starsector
Starsector,hasFeature,phase cloak,Starsector
Starsector,hasFeature,phase teleporter,Starsector
Starsector,hasFeature,AI behavior,Starsector
Starsector,hasFeature,tactical combat,Starsector
Starsector,hasFeature,strategic layer,Starsector
Starsector,hasFeature,sector map,Starsector
Starsector,hasFeature,star system generation,Starsector
Starsector,hasFeature,planet generation,Starsector
Starsector,hasFeature,asteroid field generation,Starsector
Starsector,hasFeature,nebula generation,Starsector
Starsector,hasFeature,black hole generation,Starsector
Starsector,hasFeature,pulsar generation,Starsector
Starsector,hasFeature,wormhole generation,Starsector
Starsector,hasFeature,hyperspace mechanics,Starsector
Starsector,hasFeature,fuel mechanics,Starsector
Starsector,hasFeature,supplies mechanics,Starsector
Starsector,hasFeature,crew mechanics,Starsector
Starsector,hasFeature,marines mechanics,Starsector
Starsector,hasFeature,boarding mechanics,Starsector
Starsector,hasFeature,cryosleeper mechanics,Starsector
Starsector,hasFeature,domain-era artifacts,Starsector
Starsector,hasFeature,luddic church,Starsector
Starsector,hasFeature,luddic path,Starsector
Starsector,hasFeature,hegemony,Starsector
Starsector,hasFeature,persean league,Starsector
Starsector,hasFeature,tri-tachyon,Starsector
Starsector,hasFeature,pirates,Starsector
Starsector,hasFeature,independent,Starsector
Starsector,hasFeature,derelict,Starsector
Starsector,hasFeature,remnant,Starsector
Starsector,hasFeature,omega,Starsector
Starsector,hasFeature,diktat,Starsector
Starsector,hasFeature,sindrian diktat,Starsector
Starsector,hasFeature,sindrian fuel,Starsector
Starsector,hasFeature,sindrian heavy industries,Starsector
Starsector,hasFeature,sindrian arms,Starsector
Starsector,hasFeature,sindrian mining,Starsector
Starsector,hasFeature,sindrian research,Starsector
Starsector,hasFeature,sindrian trade,Starsector
Starsector,hasFeature,sindrian diplomacy,Starsector
Starsector,hasFeature,sindrian war,Starsector
Starsector,hasFeature,sindrian blockade,Starsector
Starsector,hasFeature,sindrian invasion,Starsector
Starsector,hasFeature,sindrian rebellion,Starsector
Starsector,hasFeature,sindrian revolution,Starsector
Starsector,hasFeature,sindrian civil war,Starsector
Starsector,hasFeature,sindrian coup,Starsector
Starsector,hasFeature,sindrian assassination,Starsector
Starsector,hasFeature,sindrian espionage,Starsector
Starsector,hasFeature,sindrian sabotage,Starsector
Starsector,hasFeature,sindrian propaganda,Starsector
Starsector,hasFeature,sindrian religion,Starsector
Starsector,hasFeature,sindrian culture,Starsector
Starsector,hasFeature,sindrian history,Starsector
Starsector,hasFeature,sindrian technology,Starsector
Starsector,hasFeature,sindrian ships,Starsector
Starsector,hasFeature,sindrian weapons,Starsector
Starsector,hasFeature,sindrian armor,Starsector
Starsector,hasFeature,sindrian shields,Starsector
Starsector,hasFeature,sindrian fighters,Starsector
Starsector,hasFeature,sindrian bombers,Starsector
Starsector,hasFeature,sindrian interceptors,Starsector
Starsector,hasFeature,sindrian carriers,Starsector
Starsector,hasFeature,sindrian phase ships,Starsector
Starsector,hasFeature,sindrian phase cloaking,Starsector
Starsector,hasFeature,sindrian phase teleportation,Starsector
Starsector,hasFeature,sindrian phase anchor,Starsector
Starsector,hasFeature,sindrian phase field,Starsector
Starsector,hasFeature,sindrian phase coils,Starsector
Starsector,hasFeature,sindrian phase skimmer,Starsector
Starsector,hasFeature,sindrian phase lance,Starsector
Starsector,hasFeature,sindrian phase torpedo,Starsector
Starsector,hasFeature,sindrian phase missile,Starsector
Starsector,hasFeature,sindrian phase fighter,Starsector
Starsector,hasFeature,sindrian phase bomber,Starsector
Starsector,hasFeature,sindrian phase interceptor,Starsector
Starsector,hasFeature,sindrian phase drone,Starsector
Starsector,hasFeature,sindrian AI,Starsector
Starsector,hasFeature,sindrian economy,Starsector
Starsector,hasFeature,sindrian politics,Starsector
Starsector,hasFeature,sindrian military,Starsector
Starsector,hasFeature,sindrian society,Starsector
Starsector,hasFeature,sindrian industry,Starsector
Starsector,hasFeature,sindrian science,Starsector
Starsector,hasFeature,sindrian exploration,Starsector
Starsector,hasFeature,sindrian colonization,Starsector
Starsector,hasFeature,sindrian expansion,Starsector
Starsector,hasFeature,sindrian trade routes,Starsector
Starsector,hasFeature,sindrian smuggling,Starsector
Starsector,hasFeature,sindrian piracy,Starsector
Starsector,hasFeature,sindrian bounty hunting,Starsector
Starsector,hasFeature,sindrian mercenaries,Starsector
Starsector,hasFeature,sindrian privateers,Starsector
Starsector,hasFeature,sindrian navy,Starsector
Starsector,hasFeature,sindrian marines,Starsector
Starsector,hasFeature,sindrian army,Starsector
Starsector,hasFeature,sindrian intelligence,Starsector
Starsector,hasFeature,sindrian special forces,Starsector
Starsector,hasFeature,sindrian black ops,Starsector
Starsector,hasFeature,sindrian cyber warfare,Starsector
Starsector,hasFeature,sindrian disinformation,Starsector
Starsector,hasFeature,sindrian psychological warfare,Starsector
Starsector,hasFeature,sindrian biological warfare,Starsector
Starsector,hasFeature,sindrian chemical warfare,Starsector
Starsector,hasFeature,sindrian nuclear warfare,Starsector
Starsector,hasFeature,sindrian orbital bombardment,Starsector
Starsector,hasFeature,sindrian planetary invasion,Starsector
Starsector,hasFeature,sindrian space warfare,Starsector
Starsector,hasFeature,sindrian ground warfare,Starsector
Starsector,hasFeature,sindrian naval warfare,Starsector
Starsector,hasFeature,sindrian air warfare,Starsector
Starsector,hasFeature,sindrian electronic warfare,Starsector
Starsector,hasFeature,sindrian information warfare,Starsector
Starsector,hasFeature,sindrian economic warfare,Starsector
Starsector,hasFeature,sindrian trade wars,Starsector
Starsector,hasFeature,sindrian sanctions,Starsector
Starsector,hasFeature,sindrian embargoes,Starsector
Starsector,hasFeature,sindrian blockades,Starsector
Starsector,hasFeature,sindrian raids,Starsector
Starsector,hasFeature,sindrian coups,Starsector
Starsector,hasFeature,sindrian revolutions,Starsector
Starsector,hasFeature,sindrian rebellions,Starsector
Starsector,hasFeature,sindrian civil wars,Starsector
Starsector,hasFeature,sindrian insurgencies,Starsector
Starsector,hasFeature,sindrian terrorism,Starsector
Starsector,hasFeature,sindrian guerrilla warfare,Starsector
Starsector,hasFeature,sindrian unconventional warfare,Starsector
Starsector,hasFeature,sindrian asymmetric warfare,Starsector
Starsector,hasFeature,sindrian hybrid warfare,Starsector
Starsector,hasFeature,sindrian fourth generation warfare,Starsector
Starsector,hasFeature,sindrian fifth generation warfare,Starsector
Starsector,hasFeature,sindrian sixth generation warfare,Starsector
Starsector,hasFeature,sindrian space superiority,Starsector
Starsector,hasFeature,sindrian space denial,Starsector
Starsector,hasFeature,sindrian space control,Starsector
Starsector,hasFeature,sindrian space dominance,Starsector
Starsector,hasFeature,sindrian space supremacy,Starsector
Starsector,hasFeature,sindrian space power,Starsector
Starsector,hasFeature,sindrian space force,Starsector
Starsector,hasFeature,sindrian space fleet,Starsector
Starsector,hasFeature,sindrian space navy,Starsector
Starsector,hasFeature,sindrian space marines,Starsector
Starsector,hasFeature,sindrian space army,Starsector
Starsector,hasFeature,sindrian space air force,Starsector
Starsector,hasFeature,sindrian space special forces,Starsector
Starsector,hasFeature,sindrian space intelligence,Starsector
Starsector,hasFeature,sindrian space cyber warfare,Starsector
Starsector,hasFeature,sindrian space electronic warfare,Starsector
Starsector,hasFeature,sindrian space information warfare,Starsector
Starsector,hasFeature,sindrian space economic warfare,Starsector
Starsector,hasFeature,sindrian space trade wars,Starsector
Starsector,hasFeature,sindrian space sanctions,Starsector
Starsector,hasFeature,sindrian space embargoes,Starsector
Starsector,hasFeature,sindrian space blockades,Starsector
Starsector,hasFeature,sindrian space raids,Starsector
Starsector,hasFeature,sindrian space sabotage,Starsector
Starsector,hasFeature,sindrian space espionage,Starsector
Starsector,hasFeature,sindrian space assassination,Starsector
Starsector,hasFeature,sindrian space coups,Starsector
Starsector,hasFeature,sindrian space revolutions,Starsector
Starsector,hasFeature,sindrian space rebellions,Starsector
Starsector,hasFeature,sindrian space civil wars,Starsector
Starsector,hasFeature,sindrian space insurgencies,Starsector
Starsector,hasFeature,sindrian space terrorism,Starsector
Starsector,hasFeature,sindrian space guerrilla warfare,Starsector
Starsector,hasFeature,sindrian space unconventional warfare,Starsector
Starsector,hasFeature,sindrian space asymmetric warfare,Starsector
Starsector,hasFeature,sindrian space hybrid warfare,Starsector
Starsector,hasFeature,sindrian space fourth generation warfare,Starsector
Starsector,hasFeature,sindrian space fifth generation warfare,Starsector
Starsector,hasFeature,sindrian space sixth generation warfare,Starsector
Starsector,hasFeature,modding community,Starsector
Starsector,hasFeature,workshop support,Starsector
Starsector,hasFeature,mod database,Starsector
Starsector,hasFeature,mod manager,Starsector
Starsector,hasFeature,modding tools,Starsector
Starsector,hasFeature,modding API,Starsector
Starsector,hasFeature,modding documentation,Starsector
Starsector,hasFeature,modding tutorials,Starsector
Starsector,hasFeature,modding forums,Starsector
Starsector,hasFeature,modding Discord,Starsector
Starsector,hasFeature,modding Reddit,Starsector
Starsector,hasFeature,modding Steam,Starsector
Starsector,hasFeature,modding Nexus Mods,Starsector
Starsector,hasFeature,modding Mod DB,Starsector
Starsector,hasFeature,modding GitHub,Starsector
Starsector,hasFeature,modding Patreon,Starsector
Starsector,hasFeature,modding Ko-fi,Starsector
Starsector,hasFeature,modding PayPal,Starsector
Starsector,hasFeature,modding support,Starsector
Starsector,hasFeature,modding updates,Starsector
Starsector,hasFeature,modding patches,Starsector
Starsector,hasFeature,modding fixes,Starsector
Starsector,hasFeature,modding improvements,Starsector
Starsector,hasFeature,modding optimizations,Starsector
Starsector,hasFeature,modding balance changes,Starsector
Starsector,hasFeature,modding new content,Starsector
Starsector,hasFeature,modding new factions,Starsector
Starsector,hasFeature,modding new ships,Starsector
Starsector,hasFeature,modding new weapons,Starsector
Starsector,hasFeature,modding new systems,Starsector
Starsector,hasFeature,modding new mechanics,Starsector
Starsector,hasFeature,modding new features,Starsector
Starsector,hasFeature,modding new campaigns,Starsector
Starsector,hasFeature,modding new missions,Starsector
Starsector,hasFeature,modding new quests,Starsector
Starsector,hasFeature,modding new events,Starsector
Starsector,hasFeature,modding new planets,Starsector
Starsector,hasFeature,modding new stars,Starsector
Starsector,hasFeature,modding new nebulae,Starsector
Starsector,hasFeature,modding new black holes,Starsector
Starsector,hasFeature,modding new pulsars,Starsector
Starsector,hasFeature,modding new wormholes,Starsector
Starsector,hasFeature,modding new hyperspace,Starsector
Starsector,hasFeature,modding new fuel,Starsector
Starsector,hasFeature,modding new supplies,Starsector
Starsector,hasFeature,modding new crew,Starsector
Starsector,hasFeature,modding new marines,Starsector
Starsector,hasFeature,modding new officers,Starsector
Starsector,hasFeature,modding new skills,Starsector
Starsector,hasFeature,modding new hull mods,Starsector
Starsector,hasFeature,modding new weapons groups,Starsector
Starsector,hasFeature,modding new autofire,Starsector
Starsector,hasFeature,modding new target leading,Starsector
Starsector,hasFeature,modding new missiles,Starsector
Starsector,hasFeature,modding new beams,Starsector
Starsector,hasFeature,modding new energy weapons,Starsector
Starsector,hasFeature,modding new ballistic weapons,Starsector
Starsector,hasFeature,modding new fighters,Starsector
Starsector,hasFeature,modding new bombers,Starsector
Starsector,hasFeature,modding new interceptors,Starsector
Starsector,hasFeature,modding new carriers,Starsector
Starsector,hasFeature,modding new phase ships,Starsector
Starsector,hasFeature,modding new phase cloaking,Starsector
Starsector,hasFeature,modding new phase teleportation,Starsector
Starsector,hasFeature,modding new phase anchor,Starsector
Starsector,hasFeature,modding new phase field,Starsector
Starsector,hasFeature,modding new phase coils,Starsector
Starsector,hasFeature,modding new phase skimmer,Starsector
Starsector,hasFeature,modding new phase lance,Starsector
Starsector,hasFeature,modding new phase torpedo,Starsector
Starsector,hasFeature,modding new phase missile,Starsector
Starsector,hasFeature,modding new phase fighter,Starsector
Starsector,hasFeature,modding new phase bomber,Starsector
Starsector,hasFeature,modding new phase interceptor,Starsector
Starsector,hasFeature,modding new phase drone,Starsector
Starsector,hasFeature,modding new AI,Starsector
Starsector,hasFeature,modding new tactical combat,Starsector
Starsector,hasFeature,modding new strategic layer,Starsector
Starsector,hasFeature,modding new sector map,Starsector
Starsector,hasFeature,modding new star system generation,Starsector
Starsector,hasFeature,modding new planet generation,Starsector
Starsector,hasFeature,modding new asteroid field generation,Starsector
Starsector,hasFeature,modding new nebula generation,Starsector
Starsector,hasFeature,modding new black hole generation,Starsector
Starsector,hasFeature,modding new pulsar generation,Starsector
Starsector,hasFeature,modding new wormhole generation,Starsector
Starsector,hasFeature,modding new hyperspace mechanics,Starsector
Starsector,hasFeature,modding new fuel mechanics,Starsector
Starsector,hasFeature,modding new supplies mechanics,Starsector
Starsector,hasFeature,modding new crew mechanics,Starsector
Starsector,hasFeature,modding new marines mechanics,Starsector
Starsector,hasFeature,modding new boarding mechanics,Starsector
Starsector,hasFeature,modding new cryosleeper mechanics,Starsector
Starsector,hasFeature,modding new domain-era artifacts,Starsector
Starsector,hasFeature,modding new luddic church,Starsector
Starsector,hasFeature,modding new luddic path,Starsector
Starsector,hasFeature,modding new hegemony,Starsector
Starsector,hasFeature,modding new persean league,Starsector
Starsector,hasFeature,modding new tri-tachyon,Starsector
Starsector,hasFeature,modding new pirates,Starsector
Starsector,hasFeature,modding new independent,Starsector
Starsector,hasFeature,modding new derelict,Starsector
Starsector,hasFeature,modding new remnant,Starsector
Starsector,hasFeature,modding new omega,Starsector
Starsector,hasFeature,modding new diktat,Starsector
Starsector,hasFeature,modding new sindrian diktat,Starsector
Starsector,hasFeature,modding new sindrian fuel,Starsector
Starsector,hasFeature,modding new sindrian heavy industries,Starsector
Starsector,hasFeature,modding new sindrian arms,Starsector
Starsector,hasFeature,modding new sindrian mining,Starsector
Starsector,hasFeature,modding new sindrian research,Starsector
Starsector,hasFeature,modding new sindrian trade,Starsector
Starsector,hasFeature,modding new sindrian diplomacy,Starsector
Starsector,hasFeature,modding new sindrian war,Starsector
Starsector,hasFeature,modding new sindrian blockade,Starsector
Starsector,hasFeature,modding new sindrian invasion,Starsector
Starsector,hasFeature,modding new sindrian rebellion,Starsector
Starsector,hasFeature,modding new sindrian revolution,Starsector
Starsector,hasFeature,modding new sindrian civil war,Starsector
Starsector,hasFeature,modding new sindrian coup,Starsector
Starsector,hasFeature,modding new sindrian assassination,Starsector
Starsector,hasFeature,modding new sindrian espionage,Starsector
Starsector,hasFeature,modding new sindrian sabotage,Starsector
Starsector,hasFeature,modding new sindrian propaganda,Starsector
Starsector,hasFeature,modding new sindrian religion,Starsector
Starsector,hasFeature,modding new sindrian culture,Starsector
Starsector,hasFeature,modding new sindrian history,Starsector
Starsector,hasFeature,modding new sindrian technology,Starsector
Starsector,hasFeature,modding new sindrian ships,Starsector
Starsector,hasFeature,modding new sindrian weapons,Starsector
Starsector,hasFeature,modding new sindrian armor,Starsector
Starsector,hasFeature,modding new sindrian shields,Starsector
Starsector,hasFeature,modding new sindrian fighters,Starsector
Starsector,hasFeature,modding new sindrian bombers,Starsector
Starsector,hasFeature,modding new sindrian interceptors,Starsector
Starsector,hasFeature,modding new sindrian carriers,Starsector
Starsector,hasFeature,modding new sindrian phase ships,Starsector
Starsector,hasFeature,modding new sindrian phase cloaking,Starsector
Starsector,hasFeature,modding new sindrian phase teleportation,Starsector
Starsector,hasFeature,modding new sindrian phase anchor,Starsector
Starsector,hasFeature,modding new sindrian phase field,Starsector
Starsector,hasFeature,modding new sindrian phase coils,Starsector
Starsector,hasFeature,modding new sindrian phase skimmer,Starsector
Starsector,hasFeature,modding new sindrian phase lance,Starsector
Starsector,hasFeature,modding new sindrian phase torpedo,Starsector
Starsector,hasFeature,modding new sindrian phase missile,Starsector
Starsector,hasFeature,modding new sindrian phase fighter,Starsector
Starsector,hasFeature,modding new sindrian phase bomber,Starsector
Starsector,hasFeature,modding new sindrian phase interceptor,Starsector
Starsector,hasFeature,modding new sindrian phase drone,Starsector
Acta Zoologica Cracoviensia,instanceOf,scientific journal,Acta Zoologica Cracoviensia
Acta Zoologica Cracoviensia,field,zoology,Acta Zoologica Cracoviensia
Acta Zoologica Cracoviensia,publisher,Polish Academy of Sciences,Acta Zoologica Cracoviensia
Acta Zoologica Cracoviensia,language,English,Acta Zoologica Cracoviensia
Acta Zoologica Cracoviensia,publicationFrequency,quarterly,Acta Zoologica Cracoviensia
Acta Zoologica Cracoviensia,firstPublished,1956,Acta Zoologica Cracoviensia
Acta Zoologica Cracoviensia,ISSN,0065-1710,Acta Zoologica Cracoviensia
Acta Zoologica Cracoviensia,eISSN,1895-3106,Acta Zoologica Cracoviensia
Acta Zoologica Cracoviensia,subjectArea,animal systematics,Acta Zoologica Cracoviensia
Acta Zoologica Cracoviensia,subjectArea,morphology,Acta Zoologica Cracoviensia
Acta Zoologica Cracoviensia,subjectArea,ecology,Acta Zoologica Cracoviensia
Acta Zoologica Cracoviensia,subjectArea,behavior,Acta Zoologica Cracoviensia
Acta Zoologica Cracoviensia,indexedIn,Scopus,Acta Zoologica Cracoviensia
Acta Zoologica Cracoviensia,indexedIn,Web of Science,Acta Zoologica Cracoviensia
Acta Zoologica Cracoviensia,openAccess,yes,Acta Zoologica Cracoviensia
Acta Zoologica Cracoviensia,peerReviewed,yes,Acta Zoologica Cracoviensia
Roman amphitheatre of Italica,instanceOf,amphitheatre,Roman amphitheatre of Italica
Roman amphitheatre of Italica,instanceOf,Roman architectural structure,Roman amphitheatre of Italica
Roman amphitheatre of Italica,location,Italica,Roman amphitheatre of Italica
Roman amphitheatre of Italica,location,"Santiponce, Spain",Roman amphitheatre of Italica
Roman amphitheatre of Italica,country,Spain,Roman amphitheatre of Italica
Roman amphitheatre of Italica,builtIn,1st century AD,Roman amphitheatre of Italica
Roman amphitheatre of Italica,completedIn,2nd century AD,Roman amphitheatre of Italica
Roman amphitheatre of Italica,builtBy,Romans,Roman amphitheatre of Italica
Roman amphitheatre of Italica,capacity,"25,000",Roman amphitheatre of Italica
Roman amphitheatre of Italica,usedFor,gladiatorial games,Roman amphitheatre of Italica
Roman amphitheatre of Italica,usedFor,public spectacles,Roman amphitheatre of Italica
Roman amphitheatre of Italica,architecturalStyle,Roman,Roman amphitheatre of Italica
Roman amphitheatre of Italica,material,stone,Roman amphitheatre of Italica
Roman amphitheatre of Italica,material,brick,Roman amphitheatre of Italica
Roman amphitheatre of Italica,length,156 meters,Roman amphitheatre of Italica
Roman amphitheatre of Italica,width,134 meters,Roman amphitheatre of Italica
Roman amphitheatre of Italica,height,25 meters,Roman amphitheatre of Italica
Roman amphitheatre of Italica,partOf,Archaeological Ensemble of Italica,Roman amphitheatre of Italica
Roman amphitheatre of Italica,designatedAs,Bien de Interés Cultural,Roman amphitheatre of Italica
Roman amphitheatre of Italica,currentStatus,ruins,Roman amphitheatre of Italica
Roman amphitheatre of Italica,discoveredIn,18th century,Roman amphitheatre of Italica
Roman amphitheatre of Italica,excavatedBy,archaeologists,Roman amphitheatre of Italica
Roman amphitheatre of Italica,nearbyLandmark,Roman theatre of Italica,Roman amphitheatre of Italica
Roman amphitheatre of Italica,nearbyLandmark,Traianeum,Roman amphitheatre of Italica
Roman amphitheatre of Italica,historicalSignificance,one of the largest Roman amphitheatres in Hispania,Roman amphitheatre of Italica
Roman amphitheatre of Italica,associatedWith,Emperor Hadrian,Roman amphitheatre of Italica
Roman amphitheatre of Italica,associatedWith,Roman Empire,Roman amphitheatre of Italica
Roman amphitheatre of Italica,archaeologicalSite,yes,Roman amphitheatre of Italica
Roman amphitheatre of Italica,openToPublic,yes,Roman amphitheatre of Italica
Roman amphitheatre of Italica,UNESCOWorldHeritageSite,no,Roman amphitheatre of Italica
Roman amphitheatre of Italica,coordinates,"37.4422° N, 6.0406° W",Roman amphitheatre of Italica
Peking University First Hospital,instanceOf,hospital,Peking University First Hospital
Peking University First Hospital,instanceOf,teaching hospital,Peking University First Hospital
Peking University First Hospital,instanceOf,medical research institution,Peking University First Hospital
Peking University First Hospital,locatedIn,Beijing,Peking University First Hospital
Peking University First Hospital,locatedIn,China,Peking University First Hospital
Peking University First Hospital,affiliatedWith,Peking University,Peking University First Hospital
Peking University First Hospital,established,1915,Peking University First Hospital
Peking University First Hospital,type,tertiary care hospital,Peking University First Hospital
Peking University First Hospital,specialty,internal medicine,Peking University First Hospital
Peking University First Hospital,specialty,surgery,Peking University First Hospital
Peking University First Hospital,specialty,pediatrics,Peking University First Hospital
Peking University First Hospital,specialty,obstetrics and gynecology,Peking University First Hospital
Peking University First Hospital,specialty,oncology,Peking University First Hospital
Peking University First Hospital,hasDepartment,Department of Cardiology,Peking University First Hospital
Peking University First Hospital,hasDepartment,Department of Neurology,Peking University First Hospital
Peking University First Hospital,hasDepartment,Department of Orthopedics,Peking University First Hospital
Peking University First Hospital,hasDepartment,Department of Radiology,Peking University First Hospital
Peking University First Hospital,hasDepartment,Emergency Department,Peking University First Hospital
Peking University First Hospital,bedCount,approximately 1500,Peking University First Hospital
Peking University First Hospital,website,http://www.pufh.cn,Peking University First Hospital
Pennsylvania Railroad class C1,instanceOf,steam locomotive class,Pennsylvania Railroad class C1
Pennsylvania Railroad class C1,instanceOf,Mallet locomotive,Pennsylvania Railroad class C1
Pennsylvania Railroad class C1,manufacturer,Baldwin Locomotive Works,Pennsylvania Railroad class C1
Pennsylvania Railroad class C1,manufacturer,Altoona Works,Pennsylvania Railroad class C1
Pennsylvania Railroad class C1,introduced,1918,Pennsylvania Railroad class C1
Pennsylvania Railroad class C1,retired,1950s,Pennsylvania Railroad class C1
Pennsylvania Railroad class C1,wheel arrangement,2-8-8-0,Pennsylvania Railroad class C1
Pennsylvania Railroad class C1,gauge,standard gauge,Pennsylvania Railroad class C1
Pennsylvania Railroad class C1,operatedBy,Pennsylvania Railroad,Pennsylvania Railroad class C1
Pennsylvania Railroad class C1,primaryUse,freight service,Pennsylvania Railroad class C1
Pennsylvania Railroad class C1,tractiveEffort,"142,000 lbf",Pennsylvania Railroad class C1
Pennsylvania Railroad class C1,boilerPressure,250 psi,Pennsylvania Railroad class C1
Pennsylvania Railroad class C1,cylinders,4,Pennsylvania Railroad class C1
Pennsylvania Railroad class C1,cylinderDiameter,27 in (high-pressure),Pennsylvania Railroad class C1
Pennsylvania Railroad class C1,cylinderDiameter,41 in (low-pressure),Pennsylvania Railroad class C1
Pennsylvania Railroad class C1,cylinderStroke,32 in,Pennsylvania Railroad class C1
Pennsylvania Railroad class C1,drivingWheelDiameter,62 in,Pennsylvania Railroad class C1
Pennsylvania Railroad class C1,length,106 ft 6 in,Pennsylvania Railroad class C1
Pennsylvania Railroad class C1,weight,"614,000 lb",Pennsylvania Railroad class C1
Pennsylvania Railroad class C1,axleLoad,"70,000 lb",Pennsylvania Railroad class C1
Pennsylvania Railroad class C1,fuelType,coal,Pennsylvania Railroad class C1
Pennsylvania Railroad class C1,waterCapacity,"15,000 gallons",Pennsylvania Railroad class C1
Pennsylvania Railroad class C1,coalCapacity,25 tons,Pennsylvania Railroad class C1
Pennsylvania Railroad class C1,numberBuilt,10,Pennsylvania Railroad class C1
Pennsylvania Railroad class C1,classification,C1,Pennsylvania Railroad class C1
Pennsylvania Railroad class C1,predecessorClass,Pennsylvania Railroad class CC2,Pennsylvania Railroad class C1
Pennsylvania Railroad class C1,successorClass,Pennsylvania Railroad class C1a,Pennsylvania Railroad class C1
Pennsylvania Railroad class C1,notableFeature,articulated compound locomotive,Pennsylvania Railroad class C1
Pennsylvania Railroad class C1,notableFeature,used in heavy freight service,Pennsylvania Railroad class C1
Pennsylvania Railroad class C1,preservedExample,None (all scrapped),Pennsylvania Railroad class C1
Pennsylvania Railroad class C1,relatedClass,Pennsylvania Railroad class C1a,Pennsylvania Railroad class C1
Pennsylvania Railroad class C1,relatedClass,Pennsylvania Railroad class CC2,Pennsylvania Railroad class C1
Brian Altman (poker player),instanceOf,Person,Brian Altman (poker player)
Brian Altman (poker player),instanceOf,Professional Poker Player,Brian Altman (poker player)
Brian Altman (poker player),occupation,Poker Player,Brian Altman (poker player)
Brian Altman (poker player),birthDate,1988-03-15,Brian Altman (poker player)
Brian Altman (poker player),birthPlace,United States,Brian Altman (poker player)
Brian Altman (poker player),nationality,American,Brian Altman (poker player)
Brian Altman (poker player),notableWork,Poker Tournaments,Brian Altman (poker player)
Brian Altman (poker player),award,World Series of Poker Bracelet,Brian Altman (poker player)
Brian Altman (poker player),awardReceived,"2016 World Series of Poker $1,500 No-Limit Hold'em Event",Brian Altman (poker player)
Brian Altman (poker player),awardReceived,"2021 World Series of Poker $1,500 Pot-Limit Omaha Event",Brian Altman (poker player)
Brian Altman (poker player),careerStation,Full Tilt Poker,Brian Altman (poker player)
Brian Altman (poker player),careerStation,PokerStars,Brian Altman (poker player)
Brian Altman (poker player),totalLiveEarnings,"Over $5,000,000",Brian Altman (poker player)
Brian Altman (poker player),participatedIn,World Series of Poker,Brian Altman (poker player)
Brian Altman (poker player),participatedIn,World Poker Tour,Brian Altman (poker player)
Brian Altman (poker player),participatedIn,European Poker Tour,Brian Altman (poker player)
Brian Altman (poker player),hasWon,WSOP Bracelet,Brian Altman (poker player)
Brian Altman (poker player),hasWon,WPT Title,Brian Altman (poker player)
Brian Altman (poker player),education,University of Pittsburgh,Brian Altman (poker player)
Brian Altman (poker player),fieldOfStudy,Business,Brian Altman (poker player)
Lesser prairie-chicken,instanceOf,bird,Lesser prairie-chicken
Lesser prairie-chicken,instanceOf,species,Lesser prairie-chicken
Lesser prairie-chicken,scientificName,Tympanuchus pallidicinctus,Lesser prairie-chicken
Lesser prairie-chicken,family,Phasianidae,Lesser prairie-chicken
Lesser prairie-chicken,order,Galliformes,Lesser prairie-chicken
Lesser prairie-chicken,genus,Tympanuchus,Lesser prairie-chicken
Lesser prairie-chicken,conservationStatus,Vulnerable,Lesser prairie-chicken
Lesser prairie-chicken,habitat,shortgrass prairie,Lesser prairie-chicken
Lesser prairie-chicken,habitat,shrubland,Lesser prairie-chicken
Lesser prairie-chicken,nativeTo,United States,Lesser prairie-chicken
Lesser prairie-chicken,nativeTo,North America,Lesser prairie-chicken
Lesser prairie-chicken,diet,omnivorous,Lesser prairie-chicken
Lesser prairie-chicken,dietIncludes,seeds,Lesser prairie-chicken
Lesser prairie-chicken,dietIncludes,insects,Lesser prairie-chicken
Lesser prairie-chicken,dietIncludes,green vegetation,Lesser prairie-chicken
Lesser prairie-chicken,lifespan,1-2 years (wild),Lesser prairie-chicken
Lesser prairie-chicken,lifespan,up to 5 years (captive),Lesser prairie-chicken
Lesser prairie-chicken,reproduction,lek mating system,Lesser prairie-chicken
Lesser prairie-chicken,clutchSize,10-13 eggs,Lesser prairie-chicken
Lesser prairie-chicken,incubationPeriod,23-24 days,Lesser prairie-chicken
Lesser prairie-chicken,threats,habitat loss,Lesser prairie-chicken
Lesser prairie-chicken,threats,agricultural expansion,Lesser prairie-chicken
Lesser prairie-chicken,threats,energy development,Lesser prairie-chicken
Lesser prairie-chicken,threats,climate change,Lesser prairie-chicken
Lesser prairie-chicken,threats,predation,Lesser prairie-chicken
Lesser prairie-chicken,range,Kansas,Lesser prairie-chicken
Lesser prairie-chicken,range,Colorado,Lesser prairie-chicken
Lesser prairie-chicken,range,Oklahoma,Lesser prairie-chicken
Lesser prairie-chicken,range,Texas,Lesser prairie-chicken
Lesser prairie-chicken,range,New Mexico,Lesser prairie-chicken
Lesser prairie-chicken,distinctiveFeature,inflatable orange air sacs,Lesser prairie-chicken
Lesser prairie-chicken,distinctiveFeature,dark barring on feathers,Lesser prairie-chicken
Lesser prairie-chicken,behavior,ground-dwelling,Lesser prairie-chicken
Lesser prairie-chicken,behavior,non-migratory,Lesser prairie-chicken
Lesser prairie-chicken,size,15-16 inches (length),Lesser prairie-chicken
Lesser prairie-chicken,weight,1.5-2.5 pounds,Lesser prairie-chicken
Lesser prairie-chicken,wingspan,22-24 inches,Lesser prairie-chicken
Lesser prairie-chicken,sexualDimorphism,males larger than females,Lesser prairie-chicken
Lesser prairie-chicken,sexualDimorphism,males have brighter plumage,Lesser prairie-chicken
Lesser prairie-chicken,vocalization,booming calls during mating,Lesser prairie-chicken
Lesser prairie-chicken,predators,coyotes,Lesser prairie-chicken
Lesser prairie-chicken,predators,raptors,Lesser prairie-chicken
Lesser prairie-chicken,predators,foxes,Lesser prairie-chicken
Lesser prairie-chicken,predators,snakes,Lesser prairie-chicken
Lesser prairie-chicken,conservationEfforts,habitat restoration,Lesser prairie-chicken
Lesser prairie-chicken,conservationEfforts,land management agreements,Lesser prairie-chicken
Lesser prairie-chicken,conservationEfforts,captive breeding programs,Lesser prairie-chicken
Lesser prairie-chicken,relatedSpecies,Greater prairie-chicken,Lesser prairie-chicken
Lesser prairie-chicken,relatedSpecies,Sharp-tailed grouse,Lesser prairie-chicken
Jim Cox (baseball),instanceOf,Person,Jim Cox (baseball)
Jim Cox (baseball),instanceOf,BaseballPlayer,Jim Cox (baseball)
Jim Cox (baseball),fullName,James Edward Cox,Jim Cox (baseball)
Jim Cox (baseball),dateOfBirth,1950-08-28,Jim Cox (baseball)
Jim Cox (baseball),placeOfBirth,"Los Angeles, California, U.S.",Jim Cox (baseball)
Jim Cox (baseball),dateOfDeath,2023-01-11,Jim Cox (baseball)
Jim Cox (baseball),positionPlayed,Second baseman,Jim Cox (baseball)
Jim Cox (baseball),bats,Right,Jim Cox (baseball)
Jim Cox (baseball),throws,Right,Jim Cox (baseball)
Jim Cox (baseball),debutTeam,Montreal Expos,Jim Cox (baseball)
Jim Cox (baseball),debutDate,1973-09-05,Jim Cox (baseball)
Jim Cox (baseball),finalGameTeam,Montreal Expos,Jim Cox (baseball)
Jim Cox (baseball),finalGameDate,1975-09-28,Jim Cox (baseball)
Jim Cox (baseball),teamsPlayedFor,Montreal Expos,Jim Cox (baseball)
Jim Cox (baseball),careerYearsActive,1973–1975,Jim Cox (baseball)
Jim Cox (baseball),careerGamesPlayed,125,Jim Cox (baseball)
Jim Cox (baseball),careerAtBats,348,Jim Cox (baseball)
Jim Cox (baseball),careerHits,74,Jim Cox (baseball)
Jim Cox (baseball),careerHomeRuns,3,Jim Cox (baseball)
Jim Cox (baseball),careerRunsBattedIn,25,Jim Cox (baseball)
Jim Cox (baseball),careerBattingAverage,0.213,Jim Cox (baseball)
Krouna train accident,instanceOf,rail accident,Krouna train accident
Krouna train accident,location,"Krouna, Czech Republic",Krouna train accident
Krouna train accident,date,2003-06-24,Krouna train accident
Krouna train accident,cause,human error,Krouna train accident
Krouna train accident,cause,signal failure,Krouna train accident
Krouna train accident,number of fatalities,19,Krouna train accident
Krouna train accident,number of injuries,35,Krouna train accident
Krouna train accident,involved trains,Os 1516 (passenger train),Krouna train accident
Krouna train accident,involved trains,R 810 (freight train),Krouna train accident
Krouna train accident,railway line,Pardubice–Havlíčkův Brod,Krouna train accident
Krouna train accident,investigating authority,Czech Railway Inspection (Drážní inspekce),Krouna train accident
Krouna train accident,severity,one of the deadliest rail accidents in Czech history,Krouna train accident
Tamil Times,instanceOf,newspaper,Tamil Times
Tamil Times,instanceOf,Tamil-language publication,Tamil Times
Tamil Times,language,Tamil,Tamil Times
Tamil Times,language,English,Tamil Times
Tamil Times,country,United Kingdom,Tamil Times
Tamil Times,type,monthly newspaper,Tamil Times
Tamil Times,founded,1983,Tamil Times
Tamil Times,ceasedPublication,2016,Tamil Times
Tamil Times,targetAudience,Tamil diaspora,Tamil Times
Tamil Times,publisher,Tamil Times Ltd,Tamil Times
Tamil Times,headquarters,"London, United Kingdom",Tamil Times
Tamil Times,editor,S. C. C. Anthony Pillai (founder),Tamil Times
Tamil Times,contentFocus,Tamil community news,Tamil Times
Tamil Times,contentFocus,Sri Lankan Tamil issues,Tamil Times
Tamil Times,contentFocus,UK Tamil diaspora affairs,Tamil Times
Tamil Times,distribution,international,Tamil Times
Tamil Times,format,print,Tamil Times
Tamil Times,format,digital (later years),Tamil Times
John Ireland (cricketer),instanceOf,Person,John Ireland (cricketer)
John Ireland (cricketer),instanceOf,Cricketer,John Ireland (cricketer)
John Ireland (cricketer),fullName,John Ireland,John Ireland (cricketer)
John Ireland (cricketer),dateOfBirth,1850,John Ireland (cricketer)
John Ireland (cricketer),dateOfDeath,1927,John Ireland (cricketer)
John Ireland (cricketer),countryOfCitizenship,United Kingdom,John Ireland (cricketer)
John Ireland (cricketer),sport,Cricket,John Ireland (cricketer)
John Ireland (cricketer),playingRole,Bowler,John Ireland (cricketer)
John Ireland (cricketer),battingStyle,Right-handed,John Ireland (cricketer)
John Ireland (cricketer),bowlingStyle,Right-arm fast-medium,John Ireland (cricketer)
John Ireland (cricketer),teamsPlayedFor,Marylebone Cricket Club (MCC),John Ireland (cricketer)
John Ireland (cricketer),teamsPlayedFor,Middlesex County Cricket Club,John Ireland (cricketer)
John Ireland (cricketer),firstClassDebut,1872,John Ireland (cricketer)
John Ireland (cricketer),lastFirstClassMatch,1883,John Ireland (cricketer)
John Ireland (cricketer),matchesPlayed,50,John Ireland (cricketer)
John Ireland (cricketer),runsScored,500,John Ireland (cricketer)
John Ireland (cricketer),wicketsTaken,150,John Ireland (cricketer)
John Ireland (cricketer),bestBowlingFigures,7/35,John Ireland (cricketer)
John Ireland (cricketer),notableMatch,Middlesex vs. Yorkshire (1878),John Ireland (cricketer)
John Ireland (cricketer),placeOfBirth,"London, England",John Ireland (cricketer)
John Ireland (cricketer),placeOfDeath,"London, England",John Ireland (cricketer)
John Ireland (cricketer),occupation,Cricketer,John Ireland (cricketer)
John Ireland (cricketer),notableAchievement,Took 7 wickets for 35 runs in a match,John Ireland (cricketer)
Louth Museum,instanceOf,museum,Louth Museum
Louth Museum,location,"Louth, Lincolnshire, England",Louth Museum
Louth Museum,established,1910,Louth Museum
Louth Museum,type,local history museum,Louth Museum
Louth Museum,collectionFocus,local archaeology,Louth Museum
Louth Museum,collectionFocus,social history,Louth Museum
Louth Museum,collectionFocus,natural history,Louth Museum
Louth Museum,operatedBy,Louth Museum Trust,Louth Museum
Louth Museum,buildingType,historic building,Louth Museum
Louth Museum,notableExhibit,Manby Engine,Louth Museum
Louth Museum,notableExhibit,Roman artifacts from Ludford,Louth Museum
Louth Museum,notableExhibit,Victorian-era memorabilia,Louth Museum
Louth Museum,website,https://www.louthmuseum.org.uk/,Louth Museum
Louth Museum,address,"4 Broadbank, Louth, Lincolnshire, LN11 0EQ",Louth Museum
Louth Museum,openingHours,Seasonal (typically April–October),Louth Museum
Marcell Ateman,instanceOf,Person,Marcell Ateman
Marcell Ateman,instanceOf,AmericanFootballPlayer,Marcell Ateman
Marcell Ateman,dateOfBirth,1994-09-16,Marcell Ateman
Marcell Ateman,placeOfBirth,"Dallas, Texas",Marcell Ateman
Marcell Ateman,positionPlayed,Wide Receiver,Marcell Ateman
Marcell Ateman,college,Oklahoma State University,Marcell Ateman
Marcell Ateman,draftedBy,Oakland Raiders,Marcell Ateman
Marcell Ateman,draftYear,2018,Marcell Ateman
Marcell Ateman,draftRound,7,Marcell Ateman
Marcell Ateman,draftPick,228,Marcell Ateman
Marcell Ateman,playedFor,Oakland Raiders,Marcell Ateman
Marcell Ateman,playedFor,Dallas Cowboys,Marcell Ateman
Marcell Ateman,playedFor,New York Jets,Marcell Ateman
Marcell Ateman,playedFor,Arizona Cardinals,Marcell Ateman
Marcell Ateman,height,6 ft 3 in,Marcell Ateman
Marcell Ateman,weight,215 lbs,Marcell Ateman
Marcell Ateman,nflDebut,2018,Marcell Ateman
Marcell Ateman,highSchool,Wylie High School (Texas),Marcell Ateman
Marcell Ateman,sport,American Football,Marcell Ateman
Never Worn White,instanceOf,song,Never Worn White
Never Worn White,performedBy,Katy Perry,Never Worn White
Never Worn White,releasedIn,2020,Never Worn White
Never Worn White,genre,pop,Never Worn White
Never Worn White,writtenBy,Katy Perry,Never Worn White
Never Worn White,writtenBy,Johan Carlsson,Never Worn White
Never Worn White,writtenBy,Jacob Kasher Hindlin,Never Worn White
Never Worn White,producedBy,Johan Carlsson,Never Worn White
Never Worn White,album,Smile,Never Worn White
Never Worn White,announces,Katy Perry's pregnancy,Never Worn White
Never Worn White,musicVideoDirectedBy,Philippa Price,Never Worn White
Never Worn White,releaseDate,2020-03-05,Never Worn White
2012 OFC Nations Cup final,instanceOf,football match,2012 OFC Nations Cup final
2012 OFC Nations Cup final,instanceOf,sports event,2012 OFC Nations Cup final
2012 OFC Nations Cup final,partOf,2012 OFC Nations Cup,2012 OFC Nations Cup final
2012 OFC Nations Cup final,date,2012-06-10,2012 OFC Nations Cup final
2012 OFC Nations Cup final,location,"Honiara, Solomon Islands",2012 OFC Nations Cup final
2012 OFC Nations Cup final,venue,Lawson Tama Stadium,2012 OFC Nations Cup final
2012 OFC Nations Cup final,competitors,Tahiti,2012 OFC Nations Cup final
2012 OFC Nations Cup final,competitors,New Caledonia,2012 OFC Nations Cup final
2012 OFC Nations Cup final,winner,Tahiti,2012 OFC Nations Cup final
2012 OFC Nations Cup final,score,1-0,2012 OFC Nations Cup final
2012 OFC Nations Cup final,goalscorer,Steevy Chong Hue,2012 OFC Nations Cup final
2012 OFC Nations Cup final,attendance,"10,000",2012 OFC Nations Cup final
2012 OFC Nations Cup final,referee,Peter O'Leary,2012 OFC Nations Cup final
2012 OFC Nations Cup final,nextEvent,2016 OFC Nations Cup final,2012 OFC Nations Cup final
NGC 4999,instanceOf,galaxy,NGC 4999
NGC 4999,type,barred spiral galaxy,NGC 4999
NGC 4999,constellation,Virgo,NGC 4999
NGC 4999,rightAscension,13h 09m 34.7s,NGC 4999
NGC 4999,declination,+01° 40′ 21″,NGC 4999
NGC 4999,apparentMagnitude,12.2,NGC 4999
NGC 4999,redshift,0.0058,NGC 4999
NGC 4999,distance,~80 million light-years,NGC 4999
NGC 4999,discoverer,William Herschel,NGC 4999
NGC 4999,discoveryDate,1786-02-24,NGC 4999
NGC 4999,partOf,Virgo Cluster,NGC 4999
NGC 4999,morphologicalType,SB(r)b,NGC 4999
Brown-snouted blind snake,instanceOf,species,Brown-snouted blind snake
Brown-snouted blind snake,scientificName,Letheobia sudanensis,Brown-snouted blind snake
Brown-snouted blind snake,family,Typhlopidae,Brown-snouted blind snake
Brown-snouted blind snake,genus,Letheobia,Brown-snouted blind snake
Brown-snouted blind snake,commonName,Brown-snouted blind snake,Brown-snouted blind snake
Brown-snouted blind snake,habitat,sub-Saharan Africa,Brown-snouted blind snake
Brown-snouted blind snake,habitat,savannas,Brown-snouted blind snake
Brown-snouted blind snake,habitat,grasslands,Brown-snouted blind snake
Brown-snouted blind snake,diet,ants,Brown-snouted blind snake
Brown-snouted blind snake,diet,termites,Brown-snouted blind snake
Brown-snouted blind snake,lifestyle,fossorial,Brown-snouted blind snake
Brown-snouted blind snake,activityPeriod,nocturnal,Brown-snouted blind snake
Brown-snouted blind snake,conservationStatus,Least Concern,Brown-snouted blind snake
Brown-snouted blind snake,distinguishingFeature,reduced eyes covered by scales,Brown-snouted blind snake
Brown-snouted blind snake,distinguishingFeature,"smooth, cylindrical body",Brown-snouted blind snake
Brown-snouted blind snake,length,up to 30 cm,Brown-snouted blind snake
Brown-snouted blind snake,reproduction,oviparous,Brown-snouted blind snake
Australia at the 2018 Winter Olympics,instanceOf,Olympic participation,Australia at the 2018 Winter Olympics
Australia at the 2018 Winter Olympics,country,Australia,Australia at the 2018 Winter Olympics
Australia at the 2018 Winter Olympics,event,2018 Winter Olympics,Australia at the 2018 Winter Olympics
Australia at the 2018 Winter Olympics,hostCity,Pyeongchang,Australia at the 2018 Winter Olympics
Australia at the 2018 Winter Olympics,hostCountry,South Korea,Australia at the 2018 Winter Olympics
Australia at the 2018 Winter Olympics,startDate,2018-02-09,Australia at the 2018 Winter Olympics
Australia at the 2018 Winter Olympics,endDate,2018-02-25,Australia at the 2018 Winter Olympics
Australia at the 2018 Winter Olympics,flagBearerOpening,Scott James,Australia at the 2018 Winter Olympics
Australia at the 2018 Winter Olympics,flagBearerClosing,Jarryd Hughes,Australia at the 2018 Winter Olympics
Australia at the 2018 Winter Olympics,teamSize,51,Australia at the 2018 Winter Olympics
Australia at the 2018 Winter Olympics,medalsGold,0,Australia at the 2018 Winter Olympics
Australia at the 2018 Winter Olympics,medalsSilver,2,Australia at the 2018 Winter Olympics
Australia at the 2018 Winter Olympics,medalsBronze,1,Australia at the 2018 Winter Olympics
Australia at the 2018 Winter Olympics,totalMedals,3,Australia at the 2018 Winter Olympics
Australia at the 2018 Winter Olympics,medalRank,23,Australia at the 2018 Winter Olympics
Australia at the 2018 Winter Olympics,athletesMale,30,Australia at the 2018 Winter Olympics
Australia at the 2018 Winter Olympics,athletesFemale,21,Australia at the 2018 Winter Olympics
Australia at the 2018 Winter Olympics,sportsParticipated,Alpine skiing,Australia at the 2018 Winter Olympics
Australia at the 2018 Winter Olympics,sportsParticipated,Bobsleigh,Australia at the 2018 Winter Olympics
Australia at the 2018 Winter Olympics,sportsParticipated,Cross-country skiing,Australia at the 2018 Winter Olympics
Australia at the 2018 Winter Olympics,sportsParticipated,Figure skating,Australia at the 2018 Winter Olympics
Australia at the 2018 Winter Olympics,sportsParticipated,Freestyle skiing,Australia at the 2018 Winter Olympics
Australia at the 2018 Winter Olympics,sportsParticipated,Luge,Australia at the 2018 Winter Olympics
Australia at the 2018 Winter Olympics,sportsParticipated,Short track speed skating,Australia at the 2018 Winter Olympics
Australia at the 2018 Winter Olympics,sportsParticipated,Skeleton,Australia at the 2018 Winter Olympics
Australia at the 2018 Winter Olympics,sportsParticipated,Snowboarding,Australia at the 2018 Winter Olympics
Australia at the 2018 Winter Olympics,sportsParticipated,Speed skating,Australia at the 2018 Winter Olympics
Australia at the 2018 Winter Olympics,notableAthlete,Matt Graham,Australia at the 2018 Winter Olympics
Australia at the 2018 Winter Olympics,notableAthlete,Jarryd Hughes,Australia at the 2018 Winter Olympics
Australia at the 2018 Winter Olympics,notableAthlete,Scotty James,Australia at the 2018 Winter Olympics
Australia at the 2018 Winter Olympics,notableAthlete,Brittany Broben,Australia at the 2018 Winter Olympics
Australia at the 2018 Winter Olympics,silverMedalist,Matt Graham,Australia at the 2018 Winter Olympics
Australia at the 2018 Winter Olympics,silverMedalist,Jarryd Hughes,Australia at the 2018 Winter Olympics
Australia at the 2018 Winter Olympics,bronzeMedalist,Scotty James,Australia at the 2018 Winter Olympics
Australia at the 2018 Winter Olympics,medalEvent,Men's moguls (silver),Australia at the 2018 Winter Olympics
Australia at the 2018 Winter Olympics,medalEvent,Men's snowboard cross (silver),Australia at the 2018 Winter Olympics
Australia at the 2018 Winter Olympics,medalEvent,Men's halfpipe (bronze),Australia at the 2018 Winter Olympics
"St Peter Parmentergate, Norwich",instanceOf,church,"St Peter Parmentergate, Norwich"
"St Peter Parmentergate, Norwich",instanceOf,Grade I listed building,"St Peter Parmentergate, Norwich"
"St Peter Parmentergate, Norwich",locatedIn,Norwich,"St Peter Parmentergate, Norwich"
"St Peter Parmentergate, Norwich",locatedIn,Norfolk,"St Peter Parmentergate, Norwich"
"St Peter Parmentergate, Norwich",locatedIn,England,"St Peter Parmentergate, Norwich"
"St Peter Parmentergate, Norwich",locatedIn,United Kingdom,"St Peter Parmentergate, Norwich"
"St Peter Parmentergate, Norwich",denomination,Church of England,"St Peter Parmentergate, Norwich"
"St Peter Parmentergate, Norwich",architecturalStyle,Perpendicular Gothic,"St Peter Parmentergate, Norwich"
"St Peter Parmentergate, Norwich",dateBuilt,15th century,"St Peter Parmentergate, Norwich"
"St Peter Parmentergate, Norwich",hasFeature,tower,"St Peter Parmentergate, Norwich"
"St Peter Parmentergate, Norwich",hasFeature,nave,"St Peter Parmentergate, Norwich"
"St Peter Parmentergate, Norwich",hasFeature,chancel,"St Peter Parmentergate, Norwich"
"St Peter Parmentergate, Norwich",hasFeature,aisles,"St Peter Parmentergate, Norwich"
"St Peter Parmentergate, Norwich",currentStatus,disused,"St Peter Parmentergate, Norwich"
"St Peter Parmentergate, Norwich",managedBy,Norfolk Churches Trust,"St Peter Parmentergate, Norwich"
"St Peter Parmentergate, Norwich",notableFor,medieval architecture,"St Peter Parmentergate, Norwich"
"St Peter Parmentergate, Norwich",notableFor,historic significance,"St Peter Parmentergate, Norwich"
2010 Rochdale Metropolitan Borough Council election,instanceOf,local election,2010 Rochdale Metropolitan Borough Council election
2010 Rochdale Metropolitan Borough Council election,instanceOf,election,2010 Rochdale Metropolitan Borough Council election
2010 Rochdale Metropolitan Borough Council election,partOf,2010 United Kingdom local elections,2010 Rochdale Metropolitan Borough Council election
2010 Rochdale Metropolitan Borough Council election,location,Rochdale Metropolitan Borough Council,2010 Rochdale Metropolitan Borough Council election
2010 Rochdale Metropolitan Borough Council election,date,2010-05-06,2010 Rochdale Metropolitan Borough Council election
2010 Rochdale Metropolitan Borough Council election,elects,councillors,2010 Rochdale Metropolitan Borough Council election
2010 Rochdale Metropolitan Borough Council election,electsFor,Rochdale Metropolitan Borough Council,2010 Rochdale Metropolitan Borough Council election
2010 Rochdale Metropolitan Borough Council election,votingSystem,first-past-the-post,2010 Rochdale Metropolitan Borough Council election
2010 Rochdale Metropolitan Borough Council election,seatsContested,20,2010 Rochdale Metropolitan Borough Council election
2010 Rochdale Metropolitan Borough Council election,totalSeats,60,2010 Rochdale Metropolitan Borough Council election
2010 Rochdale Metropolitan Borough Council election,previousElection,2008 Rochdale Metropolitan Borough Council election,2010 Rochdale Metropolitan Borough Council election
2010 Rochdale Metropolitan Borough Council election,nextElection,2011 Rochdale Metropolitan Borough Council election,2010 Rochdale Metropolitan Borough Council election
2010 Rochdale Metropolitan Borough Council election,result,Labour Party gained control,2010 Rochdale Metropolitan Borough Council election
2010 Rochdale Metropolitan Borough Council election,LabourPartySeats,31,2010 Rochdale Metropolitan Borough Council election
2010 Rochdale Metropolitan Borough Council election,ConservativePartySeats,17,2010 Rochdale Metropolitan Borough Council election
2010 Rochdale Metropolitan Borough Council election,LiberalDemocratSeats,10,2010 Rochdale Metropolitan Borough Council election
2010 Rochdale Metropolitan Borough Council election,OtherPartiesSeats,2,2010 Rochdale Metropolitan Borough Council election
Shattered (Casey book),instanceOf,book,Shattered (Casey book)
Shattered (Casey book),author,Kathy Casey,Shattered (Casey book)
Shattered (Casey book),genre,mystery,Shattered (Casey book)
Shattered (Casey book),genre,thriller,Shattered (Casey book)
Shattered (Casey book),publicationDate,2010,Shattered (Casey book)
Shattered (Casey book),publisher,Berkley Books,Shattered (Casey book)
Shattered (Casey book),series,Food Lovers' Village Mysteries,Shattered (Casey book)
Shattered (Casey book),seriesPosition,1,Shattered (Casey book)
Shattered (Casey book),setting,"Jewel Bay, Montana",Shattered (Casey book)
Shattered (Casey book),mainCharacter,Erin Murphy,Shattered (Casey book)
Shattered (Casey book),mainCharacterOccupation,food shop owner,Shattered (Casey book)
Shattered (Casey book),awardNomination,Agatha Award for Best First Novel (2010),Shattered (Casey book)
Pilagás Department,instanceOf,Department of Argentina,Pilagás Department
Pilagás Department,locatedIn,Formosa Province,Pilagás Department
Pilagás Department,country,Argentina,Pilagás Department
Pilagás Department,capital,El Espinillo,Pilagás Department
Pilagás Department,population,"18,399 (2010 census)",Pilagás Department
Pilagás Department,area,"3,041 km²",Pilagás Department
Pilagás Department,borders,Pirané Department,Pilagás Department
Pilagás Department,borders,Patiño Department,Pilagás Department
Pilagás Department,borders,Bermejo Department,Pilagás Department
Pilagás Department,borders,Paraguay,Pilagás Department
Arnold Juklerød,instanceOf,Person,Arnold Juklerød
Arnold Juklerød,instanceOf,Activist,Arnold Juklerød
Arnold Juklerød,dateOfBirth,1925-05-17,Arnold Juklerød
Arnold Juklerød,dateOfDeath,1996-05-20,Arnold Juklerød
Arnold Juklerød,placeOfBirth,Norway,Arnold Juklerød
Arnold Juklerød,nationality,Norwegian,Arnold Juklerød
Arnold Juklerød,occupation,Whistleblower,Arnold Juklerød
Arnold Juklerød,knownFor,Exposing psychiatric abuses in Norway,Arnold Juklerød
Arnold Juklerød,associatedWith,Psychiatry reform,Arnold Juklerød
Arnold Juklerød,associatedWith,Mental health advocacy,Arnold Juklerød
Arnold Juklerød,involvedIn,Legal battles against Norwegian psychiatric institutions,Arnold Juklerød
Arnold Juklerød,spouse,Unni Juklerød,Arnold Juklerød
Arnold Juklerød,child,Dag Juklerød,Arnold Juklerød
Arnold Juklerød,child,Erik Juklerød,Arnold Juklerød
Arnold Juklerød,influencedBy,Human rights movements,Arnold Juklerød
Arnold Juklerød,awardReceived,Honorary recognition for activism (posthumous),Arnold Juklerød
Arnold Juklerød,notableWork,Campaign against forced psychiatric treatment,Arnold Juklerød
Arnold Juklerød,conflictWith,Norwegian psychiatric authorities,Arnold Juklerød
Arnold Juklerød,legalCase,Juklerød v. Norway (European Court of Human Rights),Arnold Juklerød
Arnold Juklerød,documentedIn,Norwegian media (1970s–1990s),Arnold Juklerød
Arnold Juklerød,documentedIn,Books on psychiatric ethics,Arnold Juklerød
White-headed wren,instanceOf,species,White-headed wren
White-headed wren,instanceOf,bird,White-headed wren
White-headed wren,scientificName,Campylorhynchus albobrunneus,White-headed wren
White-headed wren,family,Troglodytidae,White-headed wren
White-headed wren,genus,Campylorhynchus,White-headed wren
White-headed wren,kingdom,Animalia,White-headed wren
White-headed wren,phylum,Chordata,White-headed wren
White-headed wren,class,Aves,White-headed wren
White-headed wren,order,Passeriformes,White-headed wren
White-headed wren,habitat,tropical forests,White-headed wren
White-headed wren,habitat,subtropical forests,White-headed wren
White-headed wren,nativeTo,Colombia,White-headed wren
White-headed wren,nativeTo,Panama,White-headed wren
White-headed wren,nativeTo,Ecuador,White-headed wren
White-headed wren,diet,insects,White-headed wren
White-headed wren,diet,spiders,White-headed wren
White-headed wren,diet,small invertebrates,White-headed wren
White-headed wren,conservationStatus,Least Concern,White-headed wren
White-headed wren,distinctiveFeature,white head,White-headed wren
White-headed wren,distinctiveFeature,brown body,White-headed wren
White-headed wren,behavior,forages in groups,White-headed wren
White-headed wren,behavior,vocalizes frequently,White-headed wren
White-headed wren,length,18-20 cm,White-headed wren
White-headed wren,averageLifespan,unknown in the wild,White-headed wren
Gutsbezirk Reinhardswald,instanceOf,unincorporated area,Gutsbezirk Reinhardswald
Gutsbezirk Reinhardswald,instanceOf,forest district,Gutsbezirk Reinhardswald
Gutsbezirk Reinhardswald,locatedIn,Hesse,Gutsbezirk Reinhardswald
Gutsbezirk Reinhardswald,locatedIn,Germany,Gutsbezirk Reinhardswald
Gutsbezirk Reinhardswald,partOf,Kassel district,Gutsbezirk Reinhardswald
Gutsbezirk Reinhardswald,type,state forest,Gutsbezirk Reinhardswald
Gutsbezirk Reinhardswald,area,approximately 182 square kilometers,Gutsbezirk Reinhardswald
Gutsbezirk Reinhardswald,notableFeature,Reinhardswald forest,Gutsbezirk Reinhardswald
Gutsbezirk Reinhardswald,administrativeStatus,uninhabited,Gutsbezirk Reinhardswald
Gutsbezirk Reinhardswald,governedBy,state of Hesse,Gutsbezirk Reinhardswald
Jeanette Rodríguez (actress),instanceOf,person,Jeanette Rodríguez (actress)
Jeanette Rodríguez (actress),instanceOf,actress,Jeanette Rodríguez (actress)
Jeanette Rodríguez (actress),occupation,actress,Jeanette Rodríguez (actress)
Jeanette Rodríguez (actress),occupation,singer,Jeanette Rodríguez (actress)
Jeanette Rodríguez (actress),birthName,Jeanette Rodríguez del Valle,Jeanette Rodríguez (actress)
Jeanette Rodríguez (actress),dateOfBirth,1961-11-16,Jeanette Rodríguez (actress)
Jeanette Rodríguez (actress),placeOfBirth,"Mexico City, Mexico",Jeanette Rodríguez (actress)
Jeanette Rodríguez (actress),nationality,Mexican,Jeanette Rodríguez (actress)
Jeanette Rodríguez (actress),notableWork,Vivir un poco,Jeanette Rodríguez (actress)
Jeanette Rodríguez (actress),notableWork,El hogar que yo robé,Jeanette Rodríguez (actress)
Jeanette Rodríguez (actress),notableWork,La traición,Jeanette Rodríguez (actress)
Jeanette Rodríguez (actress),award,TVyNovelas Award for Best Young Lead Actress,Jeanette Rodríguez (actress)
Jeanette Rodríguez (actress),spouse,Juan Ferrara,Jeanette Rodríguez (actress)
Jeanette Rodríguez (actress),child,Juan Carlos Bonet,Jeanette Rodríguez (actress)
2003 Sundance Film Festival,instanceOf,film festival,2003 Sundance Film Festival
2003 Sundance Film Festival,instanceOf,cultural event,2003 Sundance Film Festival
2003 Sundance Film Festival,location,"Park City, Utah, U.S.",2003 Sundance Film Festival
2003 Sundance Film Festival,startDate,2003-01-16,2003 Sundance Film Festival
2003 Sundance Film Festival,endDate,2003-01-26,2003 Sundance Film Festival
2003 Sundance Film Festival,organizer,Sundance Institute,2003 Sundance Film Festival
2003 Sundance Film Festival,editionOf,Sundance Film Festival,2003 Sundance Film Festival
2003 Sundance Film Festival,editionNumber,19,2003 Sundance Film Festival
2003 Sundance Film Festival,awardWinner,American Splendor,2003 Sundance Film Festival
2003 Sundance Film Festival,awardWinner,The Station Agent,2003 Sundance Film Festival
2003 Sundance Film Festival,awardWinner,Thirteen,2003 Sundance Film Festival
2003 Sundance Film Festival,awardWinner,Capturing the Friedmans,2003 Sundance Film Festival
2003 Sundance Film Festival,awardWinner,The Shape of Things,2003 Sundance Film Festival
2003 Sundance Film Festival,awardWinner,Dopamine,2003 Sundance Film Festival
2003 Sundance Film Festival,awardWinner,The Woodsman,2003 Sundance Film Festival
2003 Sundance Film Festival,awardWinner,Monster,2003 Sundance Film Festival
2003 Sundance Film Festival,awardWinner,What Alice Found,2003 Sundance Film Festival
2003 Sundance Film Festival,awardWinner,The Yes Men,2003 Sundance Film Festival
2003 Sundance Film Festival,awardWinner,The Corporation,2003 Sundance Film Festival
2003 Sundance Film Festival,awardCategory,Grand Jury Prize: Dramatic,2003 Sundance Film Festival
2003 Sundance Film Festival,awardCategory,Grand Jury Prize: Documentary,2003 Sundance Film Festival
2003 Sundance Film Festival,awardCategory,Audience Award: Dramatic,2003 Sundance Film Festival
2003 Sundance Film Festival,awardCategory,Audience Award: Documentary,2003 Sundance Film Festival
2003 Sundance Film Festival,awardCategory,Directing Award: Dramatic,2003 Sundance Film Festival
2003 Sundance Film Festival,awardCategory,Directing Award: Documentary,2003 Sundance Film Festival
2003 Sundance Film Festival,awardCategory,Waldo Salt Screenwriting Award,2003 Sundance Film Festival
2003 Sundance Film Festival,awardCategory,Excellence in Cinematography Award: Dramatic,2003 Sundance Film Festival
2003 Sundance Film Festival,awardCategory,Excellence in Cinematography Award: Documentary,2003 Sundance Film Festival
2003 Sundance Film Festival,awardCategory,Special Jury Prize,2003 Sundance Film Festival
2003 Sundance Film Festival,notableFilm,American Splendor,2003 Sundance Film Festival
2003 Sundance Film Festival,notableFilm,The Station Agent,2003 Sundance Film Festival
2003 Sundance Film Festival,notableFilm,Thirteen,2003 Sundance Film Festival
2003 Sundance Film Festival,notableFilm,Capturing the Friedmans,2003 Sundance Film Festival
2003 Sundance Film Festival,notableFilm,Monster,2003 Sundance Film Festival
2003 Sundance Film Festival,notableFilm,The Shape of Things,2003 Sundance Film Festival
2003 Sundance Film Festival,notableFilm,Dopamine,2003 Sundance Film Festival
2003 Sundance Film Festival,notableFilm,The Yes Men,2003 Sundance Film Festival
2003 Sundance Film Festival,notableFilm,The Corporation,2003 Sundance Film Festival
2003 Sundance Film Festival,notableFilm,What Alice Found,2003 Sundance Film Festival
2003 Sundance Film Festival,notableFilm,The Woodsman,2003 Sundance Film Festival
2003 Sundance Film Festival,juryMember,Quentin Tarantino,2003 Sundance Film Festival
2003 Sundance Film Festival,juryMember,Gus Van Sant,2003 Sundance Film Festival
2003 Sundance Film Festival,juryMember,Miguel Arteta,2003 Sundance Film Festival
2003 Sundance Film Festival,juryMember,Allison Anders,2003 Sundance Film Festival
2003 Sundance Film Festival,juryMember,Danny Boyle,2003 Sundance Film Festival
2003 Sundance Film Festival,juryMember,Lisa Cholodenko,2003 Sundance Film Festival
2003 Sundance Film Festival,juryMember,Peter Gilbert,2003 Sundance Film Festival
2003 Sundance Film Festival,juryMember,Catherine Hardwicke,2003 Sundance Film Festival
2003 Sundance Film Festival,juryMember,Nelson George,2003 Sundance Film Festival
2022 Colombian presidential election,instanceOf,presidential election,2022 Colombian presidential election
2022 Colombian presidential election,instanceOf,election,2022 Colombian presidential election
2022 Colombian presidential election,country,Colombia,2022 Colombian presidential election
2022 Colombian presidential election,year,2022,2022 Colombian presidential election
2022 Colombian presidential election,date,29 May 2022 (first round),2022 Colombian presidential election
2022 Colombian presidential election,date,19 June 2022 (second round),2022 Colombian presidential election
2022 Colombian presidential election,follows,2018 Colombian presidential election,2022 Colombian presidential election
2022 Colombian presidential election,precedes,2026 Colombian presidential election,2022 Colombian presidential election
2022 Colombian presidential election,winner,Gustavo Petro,2022 Colombian presidential election
2022 Colombian presidential election,runner-up,Rodolfo Hernández Suárez,2022 Colombian presidential election
2022 Colombian presidential election,voterTurnout,58.09% (first round),2022 Colombian presidential election
2022 Colombian presidential election,voterTurnout,58.17% (second round),2022 Colombian presidential election
2022 Colombian presidential election,electoralSystem,two-round system,2022 Colombian presidential election
2022 Colombian presidential election,numberOfCandidates,6 (first round),2022 Colombian presidential election
2022 Colombian presidential election,numberOfCandidates,2 (second round),2022 Colombian presidential election
2022 Colombian presidential election,Gustavo Petro's vote share,40.34% (first round),2022 Colombian presidential election
2022 Colombian presidential election,Gustavo Petro's vote share,50.44% (second round),2022 Colombian presidential election
2022 Colombian presidential election,Rodolfo Hernández Suárez's vote share,28.17% (first round),2022 Colombian presidential election
2022 Colombian presidential election,Rodolfo Hernández Suárez's vote share,47.31% (second round),2022 Colombian presidential election
2022 Colombian presidential election,Federico Gutiérrez's vote share,23.94% (first round),2022 Colombian presidential election
2022 Colombian presidential election,Sergio Fajardo's vote share,4.18% (first round),2022 Colombian presidential election
2022 Colombian presidential election,John Milton Rodríguez's vote share,1.69% (first round),2022 Colombian presidential election
2022 Colombian presidential election,Ingrid Betancourt's vote share,0.54% (first round),2022 Colombian presidential election
2022 Colombian presidential election,partOf,2022 Colombian elections,2022 Colombian presidential election
2022 Colombian presidential election,significance,First leftist president elected in Colombia,2022 Colombian presidential election
2022 Colombian presidential election,significance,First Afro-Colombian vice president elected (Francia Márquez),2022 Colombian presidential election
2022 Colombian presidential election,vicePresidentialCandidate,Francia Márquez (with Gustavo Petro),2022 Colombian presidential election
2022 Colombian presidential election,vicePresidentialCandidate,Marelen Castillo (with Rodolfo Hernández Suárez),2022 Colombian presidential election
2022 Colombian presidential election,electoralAuthority,National Registry of Civil Status (Colombia),2022 Colombian presidential election
2022 Colombian presidential election,legislativeElectionConcurrentWith,2022 Colombian legislative election,2022 Colombian presidential election
"St John the Evangelist's Church, Abram",instanceOf,church,"St John the Evangelist's Church, Abram"
"St John the Evangelist's Church, Abram",locatedIn,"Abram, Greater Manchester","St John the Evangelist's Church, Abram"
"St John the Evangelist's Church, Abram",locatedIn,England,"St John the Evangelist's Church, Abram"
"St John the Evangelist's Church, Abram",locatedIn,United Kingdom,"St John the Evangelist's Church, Abram"
"St John the Evangelist's Church, Abram",denomination,Church of England,"St John the Evangelist's Church, Abram"
"St John the Evangelist's Church, Abram",dedicatedTo,John the Evangelist,"St John the Evangelist's Church, Abram"
"St John the Evangelist's Church, Abram",architecturalStyle,Gothic Revival,"St John the Evangelist's Church, Abram"
"St John the Evangelist's Church, Abram",completed,1893,"St John the Evangelist's Church, Abram"
"St John the Evangelist's Church, Abram",architect,J. Medland Taylor,"St John the Evangelist's Church, Abram"
"St John the Evangelist's Church, Abram",status,active,"St John the Evangelist's Church, Abram"
"St John the Evangelist's Church, Abram",parish,Abram,"St John the Evangelist's Church, Abram"
"St John the Evangelist's Church, Abram",diocese,Manchester,"St John the Evangelist's Church, Abram"
North Carolina Highway 125,instanceOf,highway,North Carolina Highway 125
North Carolina Highway 125,instanceOf,state highway,North Carolina Highway 125
North Carolina Highway 125,locatedIn,North Carolina,North Carolina Highway 125
North Carolina Highway 125,locatedIn,United States,North Carolina Highway 125
North Carolina Highway 125,routeNumber,125,North Carolina Highway 125
North Carolina Highway 125,maintainedBy,North Carolina Department of Transportation,North Carolina Highway 125
North Carolina Highway 125,startsAt,North Carolina Highway 12,North Carolina Highway 125
North Carolina Highway 125,endsAt,North Carolina Highway 94,North Carolina Highway 125
North Carolina Highway 125,length,approximately 10 miles,North Carolina Highway 125
North Carolina Highway 125,passesThrough,Hyde County,North Carolina Highway 125
North Carolina Highway 125,type,secondary road,North Carolina Highway 125
North Carolina Highway 125,established,1930s,North Carolina Highway 125
North Carolina Highway 125,connects,Swan Quarter,North Carolina Highway 125
North Carolina Highway 125,connects,Engelhard,North Carolina Highway 125
Linlithgow Sheriff Court,instanceOf,Sheriff Court,Linlithgow Sheriff Court
Linlithgow Sheriff Court,instanceOf,Court,Linlithgow Sheriff Court
Linlithgow Sheriff Court,instanceOf,Judicial Building,Linlithgow Sheriff Court
Linlithgow Sheriff Court,location,Linlithgow,Linlithgow Sheriff Court
Linlithgow Sheriff Court,location,West Lothian,Linlithgow Sheriff Court
Linlithgow Sheriff Court,location,Scotland,Linlithgow Sheriff Court
Linlithgow Sheriff Court,location,United Kingdom,Linlithgow Sheriff Court
Linlithgow Sheriff Court,jurisdiction,Scotland,Linlithgow Sheriff Court
Linlithgow Sheriff Court,jurisdiction,Sheriffdom of Lothian and Borders,Linlithgow Sheriff Court
Linlithgow Sheriff Court,type,Sheriff Court,Linlithgow Sheriff Court
Linlithgow Sheriff Court,established,19th century,Linlithgow Sheriff Court
Linlithgow Sheriff Court,function,Criminal cases,Linlithgow Sheriff Court
Linlithgow Sheriff Court,function,Civil cases,Linlithgow Sheriff Court
Linlithgow Sheriff Court,function,Summary proceedings,Linlithgow Sheriff Court
Linlithgow Sheriff Court,function,Solemn proceedings,Linlithgow Sheriff Court
Linlithgow Sheriff Court,operatedBy,Scottish Courts and Tribunals Service,Linlithgow Sheriff Court
Linlithgow Sheriff Court,address,"High Street, Linlithgow, West Lothian, EH49 7EX",Linlithgow Sheriff Court
Linlithgow Sheriff Court,architecturalStyle,Victorian,Linlithgow Sheriff Court
Linlithgow Sheriff Court,listedBuildingStatus,Category B,Linlithgow Sheriff Court
Linlithgow Sheriff Court,historicalSignificance,Part of Scotland's legal heritage,Linlithgow Sheriff Court
Linlithgow,country,United Kingdom,Linlithgow Sheriff Court
Linlithgow,partOf,West Lothian,Linlithgow Sheriff Court
West Lothian,partOf,Scotland,Linlithgow Sheriff Court
Scotland,partOf,United Kingdom,Linlithgow Sheriff Court
Sheriff Court,partOf,Scottish legal system,Linlithgow Sheriff Court
Scottish Courts and Tribunals Service,instanceOf,Government agency,Linlithgow Sheriff Court
Scottish Courts and Tribunals Service,jurisdiction,Scotland,Linlithgow Sheriff Court
Bembidion carolinense,instanceOf,species,Bembidion carolinense
Bembidion carolinense,instanceOf,beetle,Bembidion carolinense
Bembidion carolinense,kingdom,Animalia,Bembidion carolinense
Bembidion carolinense,phylum,Arthropoda,Bembidion carolinense
Bembidion carolinense,class,Insecta,Bembidion carolinense
Bembidion carolinense,order,Coleoptera,Bembidion carolinense
Bembidion carolinense,family,Carabidae,Bembidion carolinense
Bembidion carolinense,genus,Bembidion,Bembidion carolinense
Bembidion carolinense,commonName,ground beetle,Bembidion carolinense
Bembidion carolinense,habitat,riparian zones,Bembidion carolinense
Bembidion carolinense,habitat,wetlands,Bembidion carolinense
Bembidion carolinense,distribution,North America,Bembidion carolinense
Bembidion carolinense,distribution,eastern United States,Bembidion carolinense
Bembidion carolinense,diet,predatory,Bembidion carolinense
Bembidion carolinense,diet,small invertebrates,Bembidion carolinense
Bembidion carolinense,size,small,Bembidion carolinense
Bembidion carolinense,sizeRange,3-5 mm,Bembidion carolinense
Bembidion carolinense,coloration,dark metallic,Bembidion carolinense
Bembidion carolinense,activityPeriod,nocturnal,Bembidion carolinense
Bembidion carolinense,lifespan,1-2 years,Bembidion carolinense
Bembidion carolinense,reproduction,sexual,Bembidion carolinense
Bembidion carolinense,conservationStatus,not evaluated,Bembidion carolinense
Owston's Warehouse,instanceOf,building,Owston's Warehouse
Owston's Warehouse,instanceOf,historic site,Owston's Warehouse
Owston's Warehouse,locatedIn,Sheffield,Owston's Warehouse
Owston's Warehouse,locatedIn,South Yorkshire,Owston's Warehouse
Owston's Warehouse,locatedIn,England,Owston's Warehouse
Owston's Warehouse,locatedIn,United Kingdom,Owston's Warehouse
Owston's Warehouse,architecturalStyle,Victorian,Owston's Warehouse
Owston's Warehouse,dateConstructed,1874,Owston's Warehouse
Owston's Warehouse,originalUse,cutlery warehouse,Owston's Warehouse
Owston's Warehouse,currentUse,office space,Owston's Warehouse
Owston's Warehouse,currentUse,retail space,Owston's Warehouse
Owston's Warehouse,listedBuildingStatus,Grade II,Owston's Warehouse
Owston's Warehouse,architect,Samuel Worth,Owston's Warehouse
Owston's Warehouse,nearbyLandmark,Sheffield Cathedral,Owston's Warehouse
Owston's Warehouse,nearbyLandmark,Sheffield Town Hall,Owston's Warehouse
Georg Christoph Strattner,instanceOf,person,Georg Christoph Strattner
Georg Christoph Strattner,instanceOf,composer,Georg Christoph Strattner
Georg Christoph Strattner,instanceOf,musician,Georg Christoph Strattner
Georg Christoph Strattner,birthDate,1644 or 1645,Georg Christoph Strattner
Georg Christoph Strattner,deathDate,1704,Georg Christoph Strattner
Georg Christoph Strattner,birthPlace,Gols (now in Austria),Georg Christoph Strattner
Georg Christoph Strattner,deathPlace,Weimar (now in Germany),Georg Christoph Strattner
Georg Christoph Strattner,occupation,composer,Georg Christoph Strattner
Georg Christoph Strattner,occupation,church musician,Georg Christoph Strattner
Georg Christoph Strattner,occupation,Kapellmeister,Georg Christoph Strattner
Georg Christoph Strattner,notableWork,sacred vocal music,Georg Christoph Strattner
Georg Christoph Strattner,notableWork,church cantatas,Georg Christoph Strattner
Georg Christoph Strattner,employer,Duchy of Saxe-Weimar,Georg Christoph Strattner
Georg Christoph Strattner,associatedMusicalPeriod,Baroque,Georg Christoph Strattner
Georg Christoph Strattner,influencedBy,Johann Sebastian Bach (later in Weimar),Georg Christoph Strattner
Georg Christoph Strattner,collaboratedWith,Johann Pachelbel (early career),Georg Christoph Strattner
1988 NCAA Division II football season,instanceOf,NCAA Division II football season,1988 NCAA Division II football season
1988 NCAA Division II football season,partOf,NCAA Division II football,1988 NCAA Division II football season
1988 NCAA Division II football season,startDate,1988-09-01,1988 NCAA Division II football season
1988 NCAA Division II football season,endDate,1988-12-10,1988 NCAA Division II football season
1988 NCAA Division II football season,champion,North Dakota State Bison,1988 NCAA Division II football season
1988 NCAA Division II football season,runnerUp,Portland State Vikings,1988 NCAA Division II football season
1988 NCAA Division II football season,numberOfTeams,136,1988 NCAA Division II football season
1988 NCAA Division II football season,MVP,Stacey Robinson (North Dakota State),1988 NCAA Division II football season
1988 NCAA Division II football season,HeismanEquivalentAward,Harlon Hill Trophy,1988 NCAA Division II football season
1988 NCAA Division II football season,HarlonHillTrophyWinner,Chris Simdorn (Troy State),1988 NCAA Division II football season
1988 NCAA Division II football season,notableEvent,North Dakota State won its fourth NCAA Division II Football Championship,1988 NCAA Division II football season
1988 NCAA Division II football season,location,United States,1988 NCAA Division II football season
Hardcore Never Dies,instanceOf,music compilation album,Hardcore Never Dies
Hardcore Never Dies,releasedIn,2002,Hardcore Never Dies
Hardcore Never Dies,genre,hardcore techno,Hardcore Never Dies
Hardcore Never Dies,genre,gabber,Hardcore Never Dies
Hardcore Never Dies,compiledBy,DJ Ruffneck,Hardcore Never Dies
Hardcore Never Dies,label,Gangsta Audiovisuals,Hardcore Never Dies
Hardcore Never Dies,partOfSeries,Hardcore Never Dies series,Hardcore Never Dies
Hardcore Never Dies,containsTrack,Hardcore Will Never Die,Hardcore Never Dies
Hardcore Never Dies,containsTrack,Ruffneck Rules the Artcore Scene,Hardcore Never Dies
Hardcore Never Dies,containsTrack,The Ultimate Seduction,Hardcore Never Dies
Hardcore Never Dies,containsTrack,Fuckin' Hardcore,Hardcore Never Dies
Hardcore Never Dies,containsTrack,I Like It Loud,Hardcore Never Dies
Hardcore Never Dies,containsTrack,The Prophet's Voice,Hardcore Never Dies
Hardcore Never Dies,associatedWith,hardcore techno scene,Hardcore Never Dies
Hardcore Never Dies,associatedWith,Thunderdome,Hardcore Never Dies
Anna Glasier,instanceOf,person,Anna Glasier
Anna Glasier,instanceOf,medical researcher,Anna Glasier
Anna Glasier,profession,physician,Anna Glasier
Anna Glaser,profession,public health specialist,Anna Glasier
Anna Glasier,fieldOfStudy,reproductive health,Anna Glasier
Anna Glasier,fieldOfStudy,contraception,Anna Glasier
Anna Glasier,knownFor,research on emergency contraception,Anna Glasier
Anna Glasier,affiliation,University of Edinburgh,Anna Glasier
Anna Glasier,affiliation,NHS Lothian,Anna Glasier
Anna Glasier,award,Order of the British Empire (OBE),Anna Glasier
Anna Glasier,contribution,development of levonorgestrel for emergency contraception,Anna Glasier
200 (film),instanceOf,film,200 (film)
200 (film),director,Pål Øie,200 (film)
200 (film),screenwriter,Christopher Grøndahl,200 (film)
200 (film),screenwriter,Pål Øie,200 (film)
200 (film),producer,Jan Aksel Angeltvedt,200 (film)
200 (film),producer,John M. Jacobsen,200 (film)
200 (film),starring,Ingrid Bolsø Berdal,200 (film)
200 (film),starring,Rolf Kristian Larsen,200 (film)
200 (film),starring,Kåre Conradi,200 (film)
200 (film),genre,horror,200 (film)
200 (film),genre,thriller,200 (film)
200 (film),country,Norway,200 (film)
200 (film),language,Norwegian,200 (film)
200 (film),releaseDate,2008-10-10,200 (film)
200 (film),runtime,93 minutes,200 (film)
200 (film),productionCompany,Filmkameratene,200 (film)
200 (film),distributor,Scanbox Entertainment,200 (film)
200 (film),basedOn,Cold Prey (film series),200 (film)
200 (film),follows,Cold Prey 2,200 (film)
200 (film),precededBy,Cold Prey 2,200 (film)
200 (film),musicBy,Simon Boswell,200 (film)
200 (film),cinematography,Sjur Aarthun,200 (film)
200 (film),editedBy,Inge-Lise Langfeldt,200 (film)
200 (film),imdbId,tt1139429,200 (film)
200 (film),boxOffice,NOK 12.5 million (estimated),200 (film)
200 (film),awardReceived,Amanda Award for Best Visual Effects (nominated),200 (film)
Lycosoura Artemis,instanceOf,ancient Greek statue,Lycosoura Artemis
Lycosoura Artemis,instanceOf,cult statue,Lycosoura Artemis
Lycosoura Artemis,locatedIn,Temple of Despoina at Lycosoura,Lycosoura Artemis
Lycosoura Artemis,createdBy,Damophon,Lycosoura Artemis
Lycosoura Artemis,dateCreated,2nd century BCE,Lycosoura Artemis
Lycosoura Artemis,depicts,Artemis,Lycosoura Artemis
Lycosoura Artemis,material,marble,Lycosoura Artemis
Lycosoura Artemis,currentLocation,National Archaeological Museum of Athens,Lycosoura Artemis
Lycosoura Artemis,partOf,Lycosoura sculptural group,Lycosoura Artemis
Lycosoura Artemis,associatedWith,Despoina,Lycosoura Artemis
Lycosoura Artemis,associatedWith,Demeter,Lycosoura Artemis
Lycosoura Artemis,associatedWith,Anytos,Lycosoura Artemis
Lycosoura Artemis,discoveryLocation,"Lycosoura, Arcadia, Greece",Lycosoura Artemis
Lycosoura Artemis,discoveryDate,1889,Lycosoura Artemis
Lycosoura Artemis,significance,important example of Hellenistic sculpture,Lycosoura Artemis
Leucadendron salicifolium,instanceOf,plant species,Leucadendron salicifolium
Leucadendron salicifolium,instanceOf,angiosperm,Leucadendron salicifolium
Leucadendron salicifolium,commonName,Common Stream conebush,Leucadendron salicifolium
Leucadendron salicifolium,family,Proteaceae,Leucadendron salicifolium
Leucadendron salicifolium,genus,Leucadendron,Leucadendron salicifolium
Leucadendron salicifolium,nativeTo,South Africa,Leucadendron salicifolium
Leucadendron salicifolium,habitat,fynbos,Leucadendron salicifolium
Leucadendron salicifolium,habitat,mountain slopes,Leucadendron salicifolium
Leucadendron salicifolium,habitat,stream banks,Leucadendron salicifolium
Leucadendron salicifolium,growthForm,shrub,Leucadendron salicifolium
Leucadendron salicifolium,height,1-3 meters,Leucadendron salicifolium
Leucadendron salicifolium,leafShape,linear,Leucadendron salicifolium
Leucadendron salicifolium,leafArrangement,alternate,Leucadendron salicifolium
Leucadendron salicifolium,flowerColor,yellow,Leucadendron salicifolium
Leucadendron salicifolium,flowerType,inflorescence,Leucadendron salicifolium
Leucadendron salicifolium,floweringSeason,winter to spring,Leucadendron salicifolium
Leucadendron salicifolium,pollination,insect-pollinated,Leucadendron salicifolium
Leucadendron salicifolium,conservationStatus,Least Concern,Leucadendron salicifolium
Leucadendron salicifolium,synonym,Leucadendron salignum var. salicifolium,Leucadendron salicifolium
Leucadendron salicifolium,uses,ornamental plant,Leucadendron salicifolium
Leucadendron salicifolium,uses,cut foliage,Leucadendron salicifolium
Leucadendron salicifolium,droughtTolerance,high,Leucadendron salicifolium
Knight Moves (video game),instanceOf,video game,Knight Moves (video game)
Knight Moves (video game),developer,Microdeal,Knight Moves (video game)
Knight Moves (video game),publisher,Microdeal,Knight Moves (video game)
Knight Moves (video game),releaseDate,1987,Knight Moves (video game)
Knight Moves (video game),genre,puzzle,Knight Moves (video game)
Knight Moves (video game),platform,Atari ST,Knight Moves (video game)
Knight Moves (video game),platform,Amiga,Knight Moves (video game)
Knight Moves (video game),platform,Commodore 64,Knight Moves (video game)
Knight Moves (video game),platform,ZX Spectrum,Knight Moves (video game)
Knight Moves (video game),platform,Amstrad CPC,Knight Moves (video game)
Knight Moves (video game),gameplayMode,single-player,Knight Moves (video game)
Knight Moves (video game),inspiredBy,chess,Knight Moves (video game)
Knight Moves (video game),theme,chess puzzle,Knight Moves (video game)
Knight Moves (video game),designer,David M. Johnston,Knight Moves (video game)
Knight Moves (video game),programmer,David M. Johnston,Knight Moves (video game)
Knight Moves (video game),composer,unknown,Knight Moves (video game)
Knight Moves (video game),artDirector,unknown,Knight Moves (video game)
Knight Moves (video game),series,standalone,Knight Moves (video game)
Knight Moves (video game),setting,abstract,Knight Moves (video game)
Knight Moves (video game),perspective,top-down,Knight Moves (video game)
Knight Moves (video game),inputMethod,keyboard,Knight Moves (video game)
Knight Moves (video game),inputMethod,joystick,Knight Moves (video game)
Knight Moves (video game),countryOfOrigin,United Kingdom,Knight Moves (video game)
Knight Moves (video game),language,English,Knight Moves (video game)
Knight Moves (video game),distributor,Microdeal,Knight Moves (video game)
Knight Moves (video game),alternativeName,Knight's Move,Knight Moves (video game)
Knight Moves (video game),alternativeName,Knight Move,Knight Moves (video game)
Knight Moves (video game),partOf,1980s video games,Knight Moves (video game)
Knight Moves (video game),partOf,chess-based video games,Knight Moves (video game)
Jean Jaurès,instanceOf,human,Jean Jaurès
Jean Jaurès,instanceOf,politician,Jean Jaurès
Jean Jaurès,instanceOf,philosopher,Jean Jaurès
Jean Jaurès,instanceOf,journalist,Jean Jaurès
Jean Jaurès,dateOfBirth,1859-09-03,Jean Jaurès
Jean Jaurès,placeOfBirth,"Castres, France",Jean Jaurès
Jean Jaurès,dateOfDeath,1914-07-31,Jean Jaurès
Jean Jaurès,placeOfDeath,"Paris, France",Jean Jaurès
Jean Jaurès,causeOfDeath,assassination,Jean Jaurès
Jean Jaurès,occupation,politician,Jean Jaurès
Jean Jaurès,occupation,philosopher,Jean Jaurès
Jean Jaurès,occupation,journalist,Jean Jaurès
Jean Jaurès,occupation,historian,Jean Jaurès
Jean Jaurès,nationality,French,Jean Jaurès
Jean Jaurès,politicalParty,French Section of the Workers' International (SFIO),Jean Jaurès
Jean Jaurès,almaMater,École Normale Supérieure,Jean Jaurès
Jean Jaurès,notableWork,Histoire socialiste de la Révolution française,Jean Jaurès
Jean Jaurès,notableWork,Les Preuves,Jean Jaurès
Jean Jaurès,awardReceived,Legion of Honour,Jean Jaurès
Jean Jaurès,spouse,Louise Bois,Jean Jaurès
Jean Jaurès,child,Madeleine Jaurès,Jean Jaurès
Jean Jaurès,child,Jean-Louis Jaurès,Jean Jaurès
Jean Jaurès,influencedBy,Karl Marx,Jean Jaurès
Jean Jaurès,influencedBy,Jules Guesde,Jean Jaurès
Jean Jaurès,influenced,Léon Blum,Jean Jaurès
Jean Jaurès,influenced,François Mitterrand,Jean Jaurès
Jean Jaurès,positionHeld,Member of the Chamber of Deputies,Jean Jaurès
Jean Jaurès,founderOf,L'Humanité (newspaper),Jean Jaurès
Jean Jaurès,movement,Socialism,Jean Jaurès
Jean Jaurès,movement,Pacifism,Jean Jaurès
Jean Jaurès,assassinatedBy,Raoul Villain,Jean Jaurès
Jean Jaurès,notableIdea,Democratic socialism,Jean Jaurès
Jean Jaurès,notableIdea,Anti-militarism,Jean Jaurès
Jean Jaurès,fieldOfWork,Political theory,Jean Jaurès
Jean Jaurès,fieldOfWork,History,Jean Jaurès
Jean Jaurès,fieldOfWork,Philosophy,Jean Jaurès
Jean Jaurès,fieldOfWork,Journalism,Jean Jaurès
Jean Jaurès,notableSpeech,Discours à la jeunesse,Jean Jaurès
Jean Jaurès,memorial,Place Jean-Jaurès (Paris),Jean Jaurès
Jean Jaurès,memorial,Jean Jaurès Metro Station (Paris),Jean Jaurès
Jean Jaurès,memorial,Jean Jaurès Monument (Castres),Jean Jaurès
Jean Jaurès,relatedEvent,Dreyfus Affair,Jean Jaurès
Jean Jaurès,relatedEvent,First World War,Jean Jaurès
Jean Jaurès,relatedEvent,French Socialist Movement,Jean Jaurès
"Mount Holly (Foote, Mississippi)",instanceOf,unincorporated community,"Mount Holly (Foote, Mississippi)"
"Mount Holly (Foote, Mississippi)",instanceOf,populated place,"Mount Holly (Foote, Mississippi)"
"Mount Holly (Foote, Mississippi)",locatedIn,Yazoo County,"Mount Holly (Foote, Mississippi)"
"Mount Holly (Foote, Mississippi)",locatedIn,Mississippi,"Mount Holly (Foote, Mississippi)"
"Mount Holly (Foote, Mississippi)",locatedIn,United States,"Mount Holly (Foote, Mississippi)"
"Mount Holly (Foote, Mississippi)",namedAfter,Mount Holly Plantation,"Mount Holly (Foote, Mississippi)"
"Mount Holly (Foote, Mississippi)",nearbyRiver,Yazoo River,"Mount Holly (Foote, Mississippi)"
"Mount Holly (Foote, Mississippi)",historicalSignificance,Civil War skirmish site,"Mount Holly (Foote, Mississippi)"
"Mount Holly (Foote, Mississippi)",timeZone,Central Time Zone,"Mount Holly (Foote, Mississippi)"
"Mount Holly (Foote, Mississippi)",postalCode,39116,"Mount Holly (Foote, Mississippi)"
"Mount Holly (Foote, Mississippi)",countySeat,Yazoo City,"Mount Holly (Foote, Mississippi)"
Munsey's Magazine,instanceOf,magazine,Munsey's Magazine
Munsey's Magazine,instanceOf,periodical,Munsey's Magazine
Munsey's Magazine,foundedBy,Frank Munsey,Munsey's Magazine
Munsey's Magazine,foundedIn,1889,Munsey's Magazine
Munsey's Magazine,ceasedPublicationIn,1929,Munsey's Magazine
Munsey's Magazine,countryOfOrigin,United States,Munsey's Magazine
Munsey's Magazine,language,English,Munsey's Magazine
Munsey's Magazine,genre,general interest,Munsey's Magazine
Munsey's Magazine,genre,literary,Munsey's Magazine
Munsey's Magazine,publisher,Frank Munsey Company,Munsey's Magazine
Munsey's Magazine,precededBy,Golden Argosy,Munsey's Magazine
Munsey's Magazine,succeededBy,none,Munsey's Magazine
Munsey's Magazine,notableContributors,Stephen Crane,Munsey's Magazine
Munsey's Magazine,notableContributors,O. Henry,Munsey's Magazine
Munsey's Magazine,notableContributors,Jack London,Munsey's Magazine
Munsey's Magazine,notableContributors,Edgar Rice Burroughs,Munsey's Magazine
Munsey's Magazine,circulation,high,Munsey's Magazine
Munsey's Magazine,price,10 cents per issue,Munsey's Magazine
Munsey's Magazine,associatedWith,pulp magazines,Munsey's Magazine
Munsey's Magazine,associatedWith,mass-market publishing,Munsey's Magazine
Frank Munsey,founded,Munsey's Magazine,Munsey's Magazine
Johnny Test (2021 TV series),instanceOf,animated television series,Johnny Test (2021 TV series)
Johnny Test (2021 TV series),instanceOf,comedy television series,Johnny Test (2021 TV series)
Johnny Test (2021 TV series),instanceOf,children's television series,Johnny Test (2021 TV series)
Johnny Test (2021 TV series),creator,Scott Fellows,Johnny Test (2021 TV series)
Johnny Test (2021 TV series),developer,WildBrain Studios,Johnny Test (2021 TV series)
Johnny Test (2021 TV series),basedOn,Johnny Test (2005 TV series),Johnny Test (2021 TV series)
Johnny Test (2021 TV series),genre,comedy,Johnny Test (2021 TV series)
Johnny Test (2021 TV series),genre,action,Johnny Test (2021 TV series)
Johnny Test (2021 TV series),genre,adventure,Johnny Test (2021 TV series)
Johnny Test (2021 TV series),originalNetwork,Netflix,Johnny Test (2021 TV series)
Johnny Test (2021 TV series),releaseDate,2021-07-16,Johnny Test (2021 TV series)
Johnny Test (2021 TV series),numberOfSeasons,2,Johnny Test (2021 TV series)
Johnny Test (2021 TV series),numberOfEpisodes,26,Johnny Test (2021 TV series)
Johnny Test (2021 TV series),countryOfOrigin,Canada,Johnny Test (2021 TV series)
Johnny Test (2021 TV series),language,English,Johnny Test (2021 TV series)
Johnny Test (2021 TV series),executiveProducer,Scott Fellows,Johnny Test (2021 TV series)
Johnny Test (2021 TV series),executiveProducer,Joshua Scherba,Johnny Test (2021 TV series)
Johnny Test (2021 TV series),executiveProducer,Anne Loi,Johnny Test (2021 TV series)
Johnny Test (2021 TV series),productionCompany,WildBrain Studios,Johnny Test (2021 TV series)
Johnny Test (2021 TV series),productionCompany,DHX Media,Johnny Test (2021 TV series)
Johnny Test (2021 TV series),mainCharacter,Johnny Test,Johnny Test (2021 TV series)
Johnny Test (2021 TV series),mainCharacter,Dukey,Johnny Test (2021 TV series)
Johnny Test (2021 TV series),mainCharacter,Susan Test,Johnny Test (2021 TV series)
Johnny Test (2021 TV series),mainCharacter,Mary Test,Johnny Test (2021 TV series)
Johnny Test (2021 TV series),voiceActor,James Arnold Taylor,Johnny Test (2021 TV series)
Johnny Test (2021 TV series),voiceActor,Trevor Devall,Johnny Test (2021 TV series)
Johnny Test (2021 TV series),voiceActor,Emily Tennant,Johnny Test (2021 TV series)
Johnny Test (2021 TV series),voiceActor,Maryke Hendrikse,Johnny Test (2021 TV series)
Johnny Test (2021 TV series),themeMusicComposer,James Chapple,Johnny Test (2021 TV series)
Johnny Test (2021 TV series),precededBy,Johnny Test (2005 TV series),Johnny Test (2021 TV series)
Johnny Test (2021 TV series),followedBy,N/A,Johnny Test (2021 TV series)
Sandro Puppo,instanceOf,human,Sandro Puppo
Sandro Puppo,instanceOf,football manager,Sandro Puppo
Sandro Puppo,instanceOf,football player,Sandro Puppo
Sandro Puppo,dateOfBirth,1918-02-28,Sandro Puppo
Sandro Puppo,dateOfDeath,1986-10-16,Sandro Puppo
Sandro Puppo,placeOfBirth,"Piacenza, Italy",Sandro Puppo
Sandro Puppo,placeOfDeath,"Piacenza, Italy",Sandro Puppo
Sandro Puppo,nationality,Italian,Sandro Puppo
Sandro Puppo,positionPlayed,midfielder,Sandro Puppo
Sandro Puppo,memberOfSportsTeam,Piacenza Calcio,Sandro Puppo
Sandro Puppo,memberOfSportsTeam,Juventus F.C.,Sandro Puppo
Sandro Puppo,memberOfSportsTeam,A.S. Roma,Sandro Puppo
Sandro Puppo,managerOf,FC Barcelona,Sandro Puppo
Sandro Puppo,managerOf,Juventus F.C.,Sandro Puppo
Sandro Puppo,managerOf,A.S. Roma,Sandro Puppo
Sandro Puppo,managerOf,Piacenza Calcio,Sandro Puppo
Sandro Puppo,managerOf,Türkiye Millî Futbol Takımı (Turkey national football team),Sandro Puppo
Sandro Puppo,awardReceived,Serie A champion (as player with Juventus),Sandro Puppo
Cyprus Volleyball Division 1,instanceOf,volleyball league,Cyprus Volleyball Division 1
Cyprus Volleyball Division 1,instanceOf,sports league,Cyprus Volleyball Division 1
Cyprus Volleyball Division 1,country,Cyprus,Cyprus Volleyball Division 1
Cyprus Volleyball Division 1,sport,volleyball,Cyprus Volleyball Division 1
Cyprus Volleyball Division 1,governingBody,Cyprus Volleyball Federation,Cyprus Volleyball Division 1
Cyprus Volleyball Division 1,level,top tier,Cyprus Volleyball Division 1
Cyprus Volleyball Division 1,founded,1976,Cyprus Volleyball Division 1
Cyprus Volleyball Division 1,numberOfTeams,8,Cyprus Volleyball Division 1
Cyprus Volleyball Division 1,mostSuccessfulTeam,Anorthosis Famagusta,Cyprus Volleyball Division 1
Cyprus Volleyball Division 1,mostSuccessfulTeam,Omonia Nicosia,Cyprus Volleyball Division 1
Cyprus Volleyball Division 1,competitionFormat,round-robin,Cyprus Volleyball Division 1
Cyprus Volleyball Division 1,competitionFormat,playoffs,Cyprus Volleyball Division 1
Cyprus Volleyball Division 1,relatedCompetition,Cyprus Volleyball Cup,Cyprus Volleyball Division 1
Cyprus Volleyball Division 1,relatedCompetition,Cyprus Volleyball Super Cup,Cyprus Volleyball Division 1
Cyprus Volleyball Division 1,officialWebsite,https://www.volleyball.org.cy,Cyprus Volleyball Division 1
2023 Slough Borough Council election,instanceOf,local election,2023 Slough Borough Council election
2023 Slough Borough Council election,instanceOf,political event,2023 Slough Borough Council election
2023 Slough Borough Council election,location,Slough,2023 Slough Borough Council election
2023 Slough Borough Council election,location,Berkshire,2023 Slough Borough Council election
2023 Slough Borough Council election,location,United Kingdom,2023 Slough Borough Council election
2023 Slough Borough Council election,date,2023-05-04,2023 Slough Borough Council election
2023 Slough Borough Council election,elects,Slough Borough Council councillors,2023 Slough Borough Council election
2023 Slough Borough Council election,partOf,2023 United Kingdom local elections,2023 Slough Borough Council election
2023 Slough Borough Council election,votingSystem,First-past-the-post,2023 Slough Borough Council election
2023 Slough Borough Council election,totalSeats,42,2023 Slough Borough Council election
2023 Slough Borough Council election,previousElection,2019 Slough Borough Council election,2023 Slough Borough Council election
2023 Slough Borough Council election,nextElection,2024 Slough Borough Council election,2023 Slough Borough Council election
2023 Slough Borough Council election,result,Labour Party victory,2023 Slough Borough Council election
2023 Slough Borough Council election,seatsWonBy,Labour Party,2023 Slough Borough Council election
2023 Slough Borough Council election,seatsWonCount,33,2023 Slough Borough Council election
2023 Slough Borough Council election,seatsWonBy,Conservative Party,2023 Slough Borough Council election
2023 Slough Borough Council election,seatsWonCount,6,2023 Slough Borough Council election
2023 Slough Borough Council election,seatsWonBy,Independent,2023 Slough Borough Council election
2023 Slough Borough Council election,seatsWonCount,3,2023 Slough Borough Council election
2023 Slough Borough Council election,turnout,30.2%,2023 Slough Borough Council election
Acer oligocarpum,instanceOf,plant species,Acer oligocarpum
Acer oligocarpum,instanceOf,tree,Acer oligocarpum
Acer oligocarpum,commonName,Few-fruited Maple,Acer oligocarpum
Acer oligocarpum,genus,Acer,Acer oligocarpum
Acer oligocarpum,family,Sapindaceae,Acer oligocarpum
Acer oligocarpum,order,Sapindales,Acer oligocarpum
Acer oligocarpum,kingdom,Plantae,Acer oligocarpum
Acer oligocarpum,nativeTo,China,Acer oligocarpum
Acer oligocarpum,habitat,mountain forests,Acer oligocarpum
Acer oligocarpum,leafType,deciduous,Acer oligocarpum
Acer oligocarpum,leafArrangement,opposite,Acer oligocarpum
Acer oligocarpum,leafShape,palmately lobed,Acer oligocarpum
Acer oligocarpum,flowerColor,yellowish-green,Acer oligocarpum
Acer oligocarpum,fruitType,samara,Acer oligocarpum
Acer oligocarpum,conservationStatus,not evaluated (IUCN),Acer oligocarpum
United Nations Security Council Resolution 1426,instanceOf,United Nations Security Council Resolution,United Nations Security Council Resolution 1426
United Nations Security Council Resolution 1426,adoptedOn,2002-07-24,United Nations Security Council Resolution 1426
United Nations Security Council Resolution 1426,topic,admission of Switzerland as a member of the United Nations,United Nations Security Council Resolution 1426
United Nations Security Council Resolution 1426,recommends,General Assembly to admit Switzerland as a member of the United Nations,United Nations Security Council Resolution 1426
United Nations Security Council Resolution 1426,voteResult,unanimously adopted,United Nations Security Council Resolution 1426
United Nations Security Council Resolution 1426,session,4578th meeting,United Nations Security Council Resolution 1426
United Nations Security Council Resolution 1426,documentSymbol,S/RES/1426(2002),United Nations Security Council Resolution 1426
United Nations Security Council Resolution 1426,precededBy,United Nations Security Council Resolution 1425,United Nations Security Council Resolution 1426
United Nations Security Council Resolution 1426,followedBy,United Nations Security Council Resolution 1427,United Nations Security Council Resolution 1426
Breakout (Miley Cyrus album),instanceOf,music album,Breakout (Miley Cyrus album)
Breakout (Miley Cyrus album),artist,Miley Cyrus,Breakout (Miley Cyrus album)
Breakout (Miley Cyrus album),releaseDate,2008-07-22,Breakout (Miley Cyrus album)
Breakout (Miley Cyrus album),genre,pop,Breakout (Miley Cyrus album)
Breakout (Miley Cyrus album),genre,pop rock,Breakout (Miley Cyrus album)
Breakout (Miley Cyrus album),genre,teen pop,Breakout (Miley Cyrus album)
Breakout (Miley Cyrus album),recordLabel,Hollywood Records,Breakout (Miley Cyrus album)
Breakout (Miley Cyrus album),producer,Antonina Armato,Breakout (Miley Cyrus album)
Breakout (Miley Cyrus album),producer,Tim James,Breakout (Miley Cyrus album)
Breakout (Miley Cyrus album),producer,John Shanks,Breakout (Miley Cyrus album)
Breakout (Miley Cyrus album),producer,Derek Loughrey,Breakout (Miley Cyrus album)
Breakout (Miley Cyrus album),producer,Devrim Karaoglu,Breakout (Miley Cyrus album)
Breakout (Miley Cyrus album),producer,Scott Cutler,Breakout (Miley Cyrus album)
Breakout (Miley Cyrus album),producer,Anne Preven,Breakout (Miley Cyrus album)
Breakout (Miley Cyrus album),chartPosition,1 (US Billboard 200),Breakout (Miley Cyrus album)
Breakout (Miley Cyrus album),chartPosition,1 (Canadian Albums Chart),Breakout (Miley Cyrus album)
Breakout (Miley Cyrus album),chartPosition,10 (UK Albums Chart),Breakout (Miley Cyrus album)
Breakout (Miley Cyrus album),certification,Platinum (RIAA),Breakout (Miley Cyrus album)
Breakout (Miley Cyrus album),certification,2x Platinum (Music Canada),Breakout (Miley Cyrus album)
Breakout (Miley Cyrus album),certification,Gold (BPI),Breakout (Miley Cyrus album)
Breakout (Miley Cyrus album),trackCount,12,Breakout (Miley Cyrus album)
Breakout (Miley Cyrus album),containsSong,Breakout,Breakout (Miley Cyrus album)
Breakout (Miley Cyrus album),containsSong,7 Things,Breakout (Miley Cyrus album)
Breakout (Miley Cyrus album),containsSong,The Driveway,Breakout (Miley Cyrus album)
Breakout (Miley Cyrus album),containsSong,Girls Just Wanna Have Fun,Breakout (Miley Cyrus album)
Breakout (Miley Cyrus album),containsSong,Full Circle,Breakout (Miley Cyrus album)
Breakout (Miley Cyrus album),containsSong,Fly on the Wall,Breakout (Miley Cyrus album)
Breakout (Miley Cyrus album),containsSong,Bottom of the Ocean,Breakout (Miley Cyrus album)
Breakout (Miley Cyrus album),containsSong,Wake Up America,Breakout (Miley Cyrus album)
Breakout (Miley Cyrus album),containsSong,These Four Walls,Breakout (Miley Cyrus album)
Breakout (Miley Cyrus album),containsSong,Simple Song,Breakout (Miley Cyrus album)
Breakout (Miley Cyrus album),containsSong,Goodbye,Breakout (Miley Cyrus album)
Breakout (Miley Cyrus album),containsSong,See You Again (Rock Mafia Remix),Breakout (Miley Cyrus album)
Breakout (Miley Cyrus album),containsSong,Hovering (feat. Trace Cyrus),Breakout (Miley Cyrus album)
Breakout (Miley Cyrus album),containsSong,Someday,Breakout (Miley Cyrus album)
Breakout (Miley Cyrus album),followsAlbum,Hannah Montana 2: Meet Miley Cyrus,Breakout (Miley Cyrus album)
Breakout (Miley Cyrus album),precedesAlbum,The Time of Our Lives (EP),Breakout (Miley Cyrus album)
Breakout (Miley Cyrus album),award,Teen Choice Award for Choice Music Album (2009),Breakout (Miley Cyrus album)
Patagonian red octopus,instanceOf,species,Patagonian red octopus
Patagonian red octopus,scientificName,Enteroctopus megalocyathus,Patagonian red octopus
Patagonian red octopus,genus,Enteroctopus,Patagonian red octopus
Patagonian red octopus,family,Octopodidae,Patagonian red octopus
Patagonian red octopus,order,Octopoda,Patagonian red octopus
Patagonian red octopus,class,Cephalopoda,Patagonian red octopus
Patagonian red octopus,phylum,Mollusca,Patagonian red octopus
Patagonian red octopus,kingdom,Animalia,Patagonian red octopus
Patagonian red octopus,habitat,cold temperate waters,Patagonian red octopus
Patagonian red octopus,habitat,southern South America,Patagonian red octopus
Patagonian red octopus,habitat,coastal regions of Chile and Argentina,Patagonian red octopus
Patagonian red octopus,depthRange,0 to 200 meters,Patagonian red octopus
Patagonian red octopus,averageSize,up to 1 meter in arm span,Patagonian red octopus
Patagonian red octopus,averageWeight,up to 4 kilograms,Patagonian red octopus
Patagonian red octopus,lifespan,3 to 5 years,Patagonian red octopus
Patagonian red octopus,diet,carnivorous,Patagonian red octopus
Patagonian red octopus,prey,crustaceans,Patagonian red octopus
Patagonian red octopus,prey,mollusks,Patagonian red octopus
Patagonian red octopus,prey,small fish,Patagonian red octopus
Patagonian red octopus,predators,marine mammals,Patagonian red octopus
Patagonian red octopus,predators,large fish,Patagonian red octopus
Patagonian red octopus,reproduction,sexual,Patagonian red octopus
Patagonian red octopus,matingSeason,varies by region,Patagonian red octopus
Patagonian red octopus,gestationPeriod,several months,Patagonian red octopus
Patagonian red octopus,offspring,hundreds of eggs,Patagonian red octopus
Patagonian red octopus,behavior,solitary,Patagonian red octopus
Patagonian red octopus,behavior,nocturnal,Patagonian red octopus
Patagonian red octopus,coloration,reddish-brown,Patagonian red octopus
Patagonian red octopus,defenseMechanism,ink release,Patagonian red octopus
Patagonian red octopus,defenseMechanism,camouflage,Patagonian red octopus
Patagonian red octopus,conservationStatus,not evaluated (IUCN),Patagonian red octopus
Novo Celje Mansion,instanceOf,mansion,Novo Celje Mansion
Novo Celje Mansion,instanceOf,historical building,Novo Celje Mansion
Novo Celje Mansion,locatedIn,Celje,Novo Celje Mansion
Novo Celje Mansion,locatedIn,Slovenia,Novo Celje Mansion
Novo Celje Mansion,builtIn,18th century,Novo Celje Mansion
Novo Celje Mansion,architecturalStyle,Baroque,Novo Celje Mansion
Novo Celje Mansion,originalOwner,Count Anton Alexander von Auersperg,Novo Celje Mansion
Novo Celje Mansion,currentUse,cultural center,Novo Celje Mansion
Novo Celje Mansion,currentUse,museum,Novo Celje Mansion
Novo Celje Mansion,listedAs,cultural heritage site,Novo Celje Mansion
Novo Celje Mansion,hasFeature,garden,Novo Celje Mansion
Novo Celje Mansion,hasFeature,fountain,Novo Celje Mansion
Novo Celje Mansion,hasFeature,park,Novo Celje Mansion
Novo Celje Mansion,associatedWith,Celje Regional Museum,Novo Celje Mansion
Novo Celje Mansion,undergoes,restoration,Novo Celje Mansion
Novo Celje Mansion,partOf,Celje Old Town,Novo Celje Mansion
Changhe station (Hangzhou Metro),instanceOf,metro station,Changhe station (Hangzhou Metro)
Changhe station (Hangzhou Metro),instanceOf,public transit station,Changhe station (Hangzhou Metro)
Changhe station (Hangzhou Metro),locatedIn,Hangzhou,Changhe station (Hangzhou Metro)
Changhe station (Hangzhou Metro),locatedIn,Zhejiang Province,Changhe station (Hangzhou Metro)
Changhe station (Hangzhou Metro),locatedIn,China,Changhe station (Hangzhou Metro)
Changhe station (Hangzhou Metro),servedBy,Hangzhou Metro Line 1,Changhe station (Hangzhou Metro)
Changhe station (Hangzhou Metro),opened,2012-11-24,Changhe station (Hangzhou Metro)
Changhe station (Hangzhou Metro),hasFeature,elevator,Changhe station (Hangzhou Metro)
Changhe station (Hangzhou Metro),hasFeature,escalator,Changhe station (Hangzhou Metro)
Changhe station (Hangzhou Metro),hasFeature,platform screen doors,Changhe station (Hangzhou Metro)
Changhe station (Hangzhou Metro),stationCode,115,Changhe station (Hangzhou Metro)
Changhe station (Hangzhou Metro),nearbyLandmark,Hangzhou East Railway Station,Changhe station (Hangzhou Metro)
Changhe station (Hangzhou Metro),connectsTo,Hangzhou East Railway Station,Changhe station (Hangzhou Metro)
Changhe station (Hangzhou Metro),type,underground station,Changhe station (Hangzhou Metro)
Changhe station (Hangzhou Metro),operatedBy,"Hangzhou Metro Group Co., Ltd.",Changhe station (Hangzhou Metro)
Thornton Carle Fry,instanceOf,Person,Thornton Carle Fry
Thornton Carle Fry,instanceOf,Mathematician,Thornton Carle Fry
Thornton Carle Fry,dateOfBirth,1892-08-07,Thornton Carle Fry
Thornton Carle Fry,dateOfDeath,1991-11-14,Thornton Carle Fry
Thornton Carle Fry,placeOfBirth,United States of America,Thornton Carle Fry
Thornton Carle Fry,fieldOfStudy,Mathematics,Thornton Carle Fry
Thornton Carle Fry,fieldOfStudy,Statistics,Thornton Carle Fry
Thornton Carle Fry,fieldOfStudy,Operations Research,Thornton Carle Fry
Thornton Carle Fry,employer,Bell Telephone Laboratories,Thornton Carle Fry
Thornton Carle Fry,notableWork,Probability and Its Engineering Uses,Thornton Carle Fry
Thornton Carle Fry,awardReceived,John von Neumann Theory Prize,Thornton Carle Fry
Thornton Carle Fry,educatedAt,University of Wisconsin-Madison,Thornton Carle Fry
Thornton Carle Fry,academicDegree,PhD,Thornton Carle Fry
Thornton Carle Fry,doctoralAdvisor,Edward Burr Van Vleck,Thornton Carle Fry
Thornton Carle Fry,notableStudent,Claude Shannon,Thornton Carle Fry
Thornton Carle Fry,notableStudent,David Slepian,Thornton Carle Fry
Karakum (film),instanceOf,film,Karakum (film)
Karakum (film),director,Arkady Tigay,Karakum (film)
Karakum (film),screenplay,Arkady Tigay,Karakum (film)
Karakum (film),releaseYear,1994,Karakum (film)
Karakum (film),country,Kazakhstan,Karakum (film)
Karakum (film),language,Russian,Karakum (film)
Karakum (film),genre,drama,Karakum (film)
Karakum (film),genre,adventure,Karakum (film)
Karakum (film),genre,survival,Karakum (film)
Karakum (film),basedOn,true events,Karakum (film)
Karakum (film),plotSummary,A group of geologists and workers get stranded in the Karakum Desert after a plane crash and must survive the harsh conditions.,Karakum (film)
Karakum (film),productionCompany,Kazakhfilm,Karakum (film)
Karakum (film),awards,Nika Award for Best Film of the CIS and Baltic States (1995),Karakum (film)
Karakum (film),awards,Special Jury Prize at the Kinotavr Film Festival (1994),Karakum (film)
Karakum (film),cinematography,Sergei Machilsky,Karakum (film)
Karakum (film),music,Edison Denisov,Karakum (film)
Karakum (film),runtime,90 minutes,Karakum (film)
Karakum (film),filmingLocation,Karakum Desert,Karakum (film)
Karakum (film),filmingLocation,Kazakhstan,Karakum (film)
Karakum (film),starring,Viktor Sukhorukov,Karakum (film)
Karakum (film),starring,Aleksandr Baluev,Karakum (film)
Karakum (film),starring,Sergei Garmash,Karakum (film)
Karakum (film),starring,Natalya Danilova,Karakum (film)
Karakum (film),distributor,Kazakhfilm Studio,Karakum (film)
Karakum (film),inspiredBy,1950s Karakum Desert plane crash incident,Karakum (film)
Nigel Foster (kayaker),instanceOf,Person,Nigel Foster (kayaker)
Nigel Foster (kayaker),instanceOf,Kayaker,Nigel Foster (kayaker)
Nigel Foster (kayaker),occupation,Sea kayaker,Nigel Foster (kayaker)
Nigel Foster (kayaker),occupation,Author,Nigel Foster (kayaker)
Nigel Foster (kayaker),occupation,Instructor,Nigel Foster (kayaker)
Nigel Foster (kayaker),nationality,British,Nigel Foster (kayaker)
Nigel Foster (kayaker),birthDate,1952,Nigel Foster (kayaker)
Nigel Foster (kayaker),knownFor,Expedition kayaking,Nigel Foster (kayaker)
Nigel Foster (kayaker),knownFor,Kayak design,Nigel Foster (kayaker)
Nigel Foster (kayaker),knownFor,Instructional books and videos,Nigel Foster (kayaker)
Nigel Foster (kayaker),authorOf,Sea Kayaking,Nigel Foster (kayaker)
Nigel Foster (kayaker),authorOf,Nigel Foster's Sea Kayaking,Nigel Foster (kayaker)
Nigel Foster (kayaker),authorOf,The Complete Sea Kayaker's Handbook,Nigel Foster (kayaker)
Nigel Foster (kayaker),authorOf,Kayaking with Nigel Foster (video series),Nigel Foster (kayaker)
Nigel Foster (kayaker),designed,Foster Legend kayak,Nigel Foster (kayaker)
Nigel Foster (kayaker),designed,Foster Mythic kayak,Nigel Foster (kayaker)
Nigel Foster (kayaker),designed,Foster Quest kayak,Nigel Foster (kayaker)
Nigel Foster (kayaker),awardReceived,British Canoe Union's Award of Excellence,Nigel Foster (kayaker)
Nigel Foster (kayaker),notableWork,Circumnavigation of Iceland by kayak,Nigel Foster (kayaker)
Nigel Foster (kayaker),notableWork,Expedition to the Aleutian Islands,Nigel Foster (kayaker)
Nigel Foster (kayaker),notableWork,Greenland kayaking expeditions,Nigel Foster (kayaker)
Nigel Foster (kayaker),influencedBy,Traditional Inuit kayaking techniques,Nigel Foster (kayaker)
Nigel Foster (kayaker),collaboratedWith,Derek Hutchinson,Nigel Foster (kayaker)
Nigel Foster (kayaker),founded,Foster Kayaks,Nigel Foster (kayaker)
Nigel Foster (kayaker),residence,United States,Nigel Foster (kayaker)
Nigel Foster (kayaker),residence,Maine,Nigel Foster (kayaker)
Nigel Foster (kayaker),educatedAt,University of London,Nigel Foster (kayaker)
Nigel Foster (kayaker),fieldOfStudy,Geography,Nigel Foster (kayaker)
Nigel Foster (kayaker),website,https://www.nigelfoster.com,Nigel Foster (kayaker)
Nigel Foster (kayaker),socialMedia,YouTube (Nigel Foster Kayaking),Nigel Foster (kayaker)
Nigel Foster (kayaker),hasSpouse,Kristin Nelson,Nigel Foster (kayaker)
Nigel Foster (kayaker),hasChild,Two children,Nigel Foster (kayaker)
Nyamiviridae,instanceOf,virus family,Nyamiviridae
Nyamiviridae,partOf,order Mononegavirales,Nyamiviridae
Nyamiviridae,hasGenomeType,negative-sense single-stranded RNA,Nyamiviridae
Nyamiviridae,hasGenomeStructure,non-segmented,Nyamiviridae
Nyamiviridae,includesGenus,Nyamivirus,Nyamiviridae
Nyamiviridae,includesGenus,Berhavirus,Nyamiviridae
Nyamiviridae,includesGenus,Crustavirus,Nyamiviridae
Nyamiviridae,includesGenus,Orthonyamivirus,Nyamiviridae
Nyamiviridae,includesGenus,Socyvirus,Nyamiviridae
Nyamiviridae,includesGenus,Tapwovirus,Nyamiviridae
Nyamiviridae,hostType,invertebrates,Nyamiviridae
Nyamiviridae,hostType,vertebrates,Nyamiviridae
Nyamiviridae,transmissionMode,vector-borne,Nyamiviridae
Nyamiviridae,discoveryYear,2012,Nyamiviridae
Nyamiviridae,namedAfter,Nyamanini Pan (South Africa),Nyamiviridae
Nyamiviridae,associatedDisease,none (primarily infects ticks and other arthropods),Nyamiviridae
Nyamiviridae,viralEnvelope,present,Nyamiviridae
Nyamiviridae,viralShape,pleomorphic or filamentous,Nyamiviridae
Nyamiviridae,replicationSite,cytoplasm,Nyamiviridae
Nyamiviridae,taxonomicRank,family,Nyamiviridae
Duchess Elisabeth Alexandrine of Mecklenburg-Schwerin,instanceOf,nobleperson,Duchess Elisabeth Alexandrine of Mecklenburg-Schwerin
Duchess Elisabeth Alexandrine of Mecklenburg-Schwerin,instanceOf,woman,Duchess Elisabeth Alexandrine of Mecklenburg-Schwerin
Duchess Elisabeth Alexandrine of Mecklenburg-Schwerin,fullName,Elisabeth Alexandrine Mathilde of Mecklenburg-Schwerin,Duchess Elisabeth Alexandrine of Mecklenburg-Schwerin
Duchess Elisabeth Alexandrine of Mecklenburg-Schwerin,dateOfBirth,1869-08-10,Duchess Elisabeth Alexandrine of Mecklenburg-Schwerin
Duchess Elisabeth Alexandrine of Mecklenburg-Schwerin,dateOfDeath,1955-09-03,Duchess Elisabeth Alexandrine of Mecklenburg-Schwerin
Duchess Elisabeth Alexandrine of Mecklenburg-Schwerin,placeOfBirth,"Schwerin, Grand Duchy of Mecklenburg-Schwerin",Duchess Elisabeth Alexandrine of Mecklenburg-Schwerin
Duchess Elisabeth Alexandrine of Mecklenburg-Schwerin,placeOfDeath,"Schloss Schaumburg, Germany",Duchess Elisabeth Alexandrine of Mecklenburg-Schwerin
Duchess Elisabeth Alexandrine of Mecklenburg-Schwerin,father,"Frederick Francis II, Grand Duke of Mecklenburg-Schwerin",Duchess Elisabeth Alexandrine of Mecklenburg-Schwerin
Duchess Elisabeth Alexandrine of Mecklenburg-Schwerin,mother,Princess Marie of Schwarzburg-Rudolstadt,Duchess Elisabeth Alexandrine of Mecklenburg-Schwerin
Duchess Elisabeth Alexandrine of Mecklenburg-Schwerin,spouse,"Frederick Augustus II, Grand Duke of Oldenburg",Duchess Elisabeth Alexandrine of Mecklenburg-Schwerin
Duchess Elisabeth Alexandrine of Mecklenburg-Schwerin,marriageDate,1896-10-24,Duchess Elisabeth Alexandrine of Mecklenburg-Schwerin
Duchess Elisabeth Alexandrine of Mecklenburg-Schwerin,children,"Nicholas, Hereditary Grand Duke of Oldenburg",Duchess Elisabeth Alexandrine of Mecklenburg-Schwerin
Duchess Elisabeth Alexandrine of Mecklenburg-Schwerin,children,Alexandrine of Oldenburg,Duchess Elisabeth Alexandrine of Mecklenburg-Schwerin
Duchess Elisabeth Alexandrine of Mecklenburg-Schwerin,children,Ingeborg Alix of Oldenburg,Duchess Elisabeth Alexandrine of Mecklenburg-Schwerin
Duchess Elisabeth Alexandrine of Mecklenburg-Schwerin,children,Altburg of Oldenburg,Duchess Elisabeth Alexandrine of Mecklenburg-Schwerin
Duchess Elisabeth Alexandrine of Mecklenburg-Schwerin,house,House of Mecklenburg,Duchess Elisabeth Alexandrine of Mecklenburg-Schwerin
Duchess Elisabeth Alexandrine of Mecklenburg-Schwerin,title,Duchess of Oldenburg,Duchess Elisabeth Alexandrine of Mecklenburg-Schwerin
Duchess Elisabeth Alexandrine of Mecklenburg-Schwerin,religion,Lutheranism,Duchess Elisabeth Alexandrine of Mecklenburg-Schwerin
2003–04 Georgia Tech Yellow Jackets men's basketball team,instanceOf,College basketball team,2003–04 Georgia Tech Yellow Jackets men's basketball team
2003–04 Georgia Tech Yellow Jackets men's basketball team,instanceOf,Sports team season,2003–04 Georgia Tech Yellow Jackets men's basketball team
2003–04 Georgia Tech Yellow Jackets men's basketball team,sport,Basketball,2003–04 Georgia Tech Yellow Jackets men's basketball team
2003–04 Georgia Tech Yellow Jackets men's basketball team,gender,Men's,2003–04 Georgia Tech Yellow Jackets men's basketball team
2003–04 Georgia Tech Yellow Jackets men's basketball team,affiliation,Georgia Institute of Technology,2003–04 Georgia Tech Yellow Jackets men's basketball team
2003–04 Georgia Tech Yellow Jackets men's basketball team,conference,Atlantic Coast Conference,2003–04 Georgia Tech Yellow Jackets men's basketball team
2003–04 Georgia Tech Yellow Jackets men's basketball team,season,2003–04,2003–04 Georgia Tech Yellow Jackets men's basketball team
2003–04 Georgia Tech Yellow Jackets men's basketball team,headCoach,Paul Hewitt,2003–04 Georgia Tech Yellow Jackets men's basketball team
2003–04 Georgia Tech Yellow Jackets men's basketball team,homeVenue,Alexander Memorial Coliseum,2003–04 Georgia Tech Yellow Jackets men's basketball team
2003–04 Georgia Tech Yellow Jackets men's basketball team,record,28–10,2003–04 Georgia Tech Yellow Jackets men's basketball team
2003–04 Georgia Tech Yellow Jackets men's basketball team,NCAA Tournament Result,Final Four,2003–04 Georgia Tech Yellow Jackets men's basketball team
2003–04 Georgia Tech Yellow Jackets men's basketball team,ACC Tournament Result,Runner-up,2003–04 Georgia Tech Yellow Jackets men's basketball team
2003–04 Georgia Tech Yellow Jackets men's basketball team,notablePlayer,Jarrett Jack,2003–04 Georgia Tech Yellow Jackets men's basketball team
2003–04 Georgia Tech Yellow Jackets men's basketball team,notablePlayer,Will Bynum,2003–04 Georgia Tech Yellow Jackets men's basketball team
2003–04 Georgia Tech Yellow Jackets men's basketball team,notablePlayer,Chris Bosh,2003–04 Georgia Tech Yellow Jackets men's basketball team
2003–04 Georgia Tech Yellow Jackets men's basketball team,notablePlayer,Luke Schenscher,2003–04 Georgia Tech Yellow Jackets men's basketball team
2003–04 Georgia Tech Yellow Jackets men's basketball team,finalAPRanking,4,2003–04 Georgia Tech Yellow Jackets men's basketball team
2003–04 Georgia Tech Yellow Jackets men's basketball team,finalCoachesRanking,4,2003–04 Georgia Tech Yellow Jackets men's basketball team
2003–04 Georgia Tech Yellow Jackets men's basketball team,NCAA Tournament Seed,3,2003–04 Georgia Tech Yellow Jackets men's basketball team
2003–04 Georgia Tech Yellow Jackets men's basketball team,defeatedInNCAA,Oklahoma State Cowboys,2003–04 Georgia Tech Yellow Jackets men's basketball team
2003–04 Georgia Tech Yellow Jackets men's basketball team,wonAgainstInNCAA,Northern Iowa Panthers,2003–04 Georgia Tech Yellow Jackets men's basketball team
2003–04 Georgia Tech Yellow Jackets men's basketball team,wonAgainstInNCAA,Boston College Eagles,2003–04 Georgia Tech Yellow Jackets men's basketball team
2003–04 Georgia Tech Yellow Jackets men's basketball team,wonAgainstInNCAA,Nevada Wolf Pack,2003–04 Georgia Tech Yellow Jackets men's basketball team
2003–04 Georgia Tech Yellow Jackets men's basketball team,wonAgainstInNCAA,Kansas Jayhawks,2003–04 Georgia Tech Yellow Jackets men's basketball team
2003–04 Georgia Tech Yellow Jackets men's basketball team,lostToInACCFinal,Duke Blue Devils,2003–04 Georgia Tech Yellow Jackets men's basketball team
2003–04 Georgia Tech Yellow Jackets men's basketball team,wonAgainstInACC,Wake Forest Demon Deacons,2003–04 Georgia Tech Yellow Jackets men's basketball team
2003–04 Georgia Tech Yellow Jackets men's basketball team,wonAgainstInACC,North Carolina Tar Heels,2003–04 Georgia Tech Yellow Jackets men's basketball team
2003–04 Georgia Tech Yellow Jackets men's basketball team,wonAgainstInACC,Maryland Terrapins,2003–04 Georgia Tech Yellow Jackets men's basketball team
2003–04 Georgia Tech Yellow Jackets men's basketball team,wonAgainstInACC,Clemson Tigers,2003–04 Georgia Tech Yellow Jackets men's basketball team
2003–04 Georgia Tech Yellow Jackets men's basketball team,wonAgainstInNonConference,Georgia Bulldogs,2003–04 Georgia Tech Yellow Jackets men's basketball team
2003–04 Georgia Tech Yellow Jackets men's basketball team,wonAgainstInNonConference,Michigan State Spartans,2003–04 Georgia Tech Yellow Jackets men's basketball team
2003–04 Georgia Tech Yellow Jackets men's basketball team,lostToInNonConference,Kentucky Wildcats,2003–04 Georgia Tech Yellow Jackets men's basketball team
Dwarf paradise fish,instanceOf,species of fish,Dwarf paradise fish
Dwarf paradise fish,scientificName,Macropodus opercularis,Dwarf paradise fish
Dwarf paradise fish,family,Osphronemidae,Dwarf paradise fish
Dwarf paradise fish,genus,Macropodus,Dwarf paradise fish
Dwarf paradise fish,commonName,Paradise fish,Dwarf paradise fish
Dwarf paradise fish,habitat,freshwater,Dwarf paradise fish
Dwarf paradise fish,nativeTo,East Asia,Dwarf paradise fish
Dwarf paradise fish,nativeTo,China,Dwarf paradise fish
Dwarf paradise fish,nativeTo,Vietnam,Dwarf paradise fish
Dwarf paradise fish,nativeTo,Korea,Dwarf paradise fish
Dwarf paradise fish,nativeTo,Taiwan,Dwarf paradise fish
Dwarf paradise fish,diet,omnivorous,Dwarf paradise fish
Dwarf paradise fish,lifespan,5 to 8 years,Dwarf paradise fish
Dwarf paradise fish,size,up to 10 cm (4 inches),Dwarf paradise fish
Dwarf paradise fish,reproduction,bubble nest builder,Dwarf paradise fish
Dwarf paradise fish,temperament,aggressive,Dwarf paradise fish
Dwarf paradise fish,waterTemperature,16–26°C (61–79°F),Dwarf paradise fish
Dwarf paradise fish,waterPH,6.0–8.0,Dwarf paradise fish
Dwarf paradise fish,conservationStatus,Least Concern,Dwarf paradise fish
Dwarf paradise fish,introducedTo,United States,Dwarf paradise fish
Dwarf paradise fish,introducedTo,Japan,Dwarf paradise fish
Dwarf paradise fish,introducedTo,Madagascar,Dwarf paradise fish
George Desmond Hodnett,instanceOf,human,George Desmond Hodnett
George Desmond Hodnett,instanceOf,journalist,George Desmond Hodnett
George Desmond Hodnett,instanceOf,music critic,George Desmond Hodnett
George Desmond Hodnett,birthName,George Desmond Hodnett,George Desmond Hodnett
George Desmond Hodnett,dateOfBirth,1919,George Desmond Hodnett
George Desmond Hodnett,dateOfDeath,1990,George Desmond Hodnett
George Desmond Hodnett,placeOfBirth,"Dublin, Ireland",George Desmond Hodnett
George Desmond Hodnett,occupation,journalist,George Desmond Hodnett
George Desmond Hodnett,occupation,music critic,George Desmond Hodnett
George Desmond Hodnett,occupation,author,George Desmond Hodnett
George Desmond Hodnett,notableWork,The Irish Times,George Desmond Hodnett
George Desmond Hodnett,pseudonym,George H.,George Desmond Hodnett
George Desmond Hodnett,fieldOfWork,music criticism,George Desmond Hodnett
George Desmond Hodnett,fieldOfWork,journalism,George Desmond Hodnett
George Desmond Hodnett,nationality,Irish,George Desmond Hodnett
We'll Be Together Again (Pat Martino album),instanceOf,music album,We'll Be Together Again (Pat Martino album)
We'll Be Together Again (Pat Martino album),artist,Pat Martino,We'll Be Together Again (Pat Martino album)
We'll Be Together Again (Pat Martino album),genre,jazz,We'll Be Together Again (Pat Martino album)
We'll Be Together Again (Pat Martino album),releaseYear,1976,We'll Be Together Again (Pat Martino album)
We'll Be Together Again (Pat Martino album),recordLabel,Muse Records,We'll Be Together Again (Pat Martino album)
We'll Be Together Again (Pat Martino album),producer,Don Schlitten,We'll Be Together Again (Pat Martino album)
We'll Be Together Again (Pat Martino album),trackList,We'll Be Together Again,We'll Be Together Again (Pat Martino album)
We'll Be Together Again (Pat Martino album),trackList,Oleo,We'll Be Together Again (Pat Martino album)
We'll Be Together Again (Pat Martino album),trackList,On the Stairs,We'll Be Together Again (Pat Martino album)
We'll Be Together Again (Pat Martino album),trackList,Two Not One,We'll Be Together Again (Pat Martino album)
We'll Be Together Again (Pat Martino album),trackList,Blue Bossa,We'll Be Together Again (Pat Martino album)
We'll Be Together Again (Pat Martino album),trackList,Impressions,We'll Be Together Again (Pat Martino album)
We'll Be Together Again (Pat Martino album),musicalInstrument,guitar,We'll Be Together Again (Pat Martino album)
We'll Be Together Again (Pat Martino album),musician,Pat Martino,We'll Be Together Again (Pat Martino album)
We'll Be Together Again (Pat Martino album),musician,Gil Goldstein,We'll Be Together Again (Pat Martino album)
We'll Be Together Again (Pat Martino album),musician,Willie Smith,We'll Be Together Again (Pat Martino album)
We'll Be Together Again (Pat Martino album),musician,Alphonse Mouzon,We'll Be Together Again (Pat Martino album)
We'll Be Together Again (Pat Martino album),musician,Richard Davis,We'll Be Together Again (Pat Martino album)
Cesante (film),instanceOf,film,Cesante (film)
Cesante (film),director,Ricardo Larraín,Cesante (film)
Cesante (film),screenplay,Ricardo Larraín,Cesante (film)
Cesante (film),screenplay,María José Galleguillos,Cesante (film)
Cesante (film),releaseYear,2003,Cesante (film)
Cesante (film),countryOfOrigin,Chile,Cesante (film)
Cesante (film),language,Spanish,Cesante (film)
Cesante (film),genre,drama,Cesante (film)
Cesante (film),genre,comedy,Cesante (film)
Cesante (film),starring,Boris Quercia,Cesante (film)
Cesante (film),starring,Tamara Acosta,Cesante (film)
Cesante (film),starring,Nelson Villagra,Cesante (film)
Cesante (film),productionCompany,Cine XXI,Cesante (film)
Cesante (film),productionCompany,Televisión Nacional de Chile,Cesante (film)
Cesante (film),award,Best Actor (Boris Quercia) at the Viña del Mar Film Festival,Cesante (film)
Cesante (film),award,Best Screenplay at the Viña del Mar Film Festival,Cesante (film)
Cesante (film),plotSummary,A dark comedy about a man who loses his job and struggles to find a new one in a difficult economic environment.,Cesante (film)
Waste Connections of Canada,instanceOf,company,Waste Connections of Canada
Waste Connections of Canada,instanceOf,waste management company,Waste Connections of Canada
Waste Connections of Canada,subsidiaryOf,Waste Connections,Waste Connections of Canada
Waste Connections of Canada,headquarteredIn,Canada,Waste Connections of Canada
Waste Connections of Canada,industry,waste management,Waste Connections of Canada
Waste Connections of Canada,industry,environmental services,Waste Connections of Canada
Waste Connections of Canada,services,solid waste collection,Waste Connections of Canada
Waste Connections of Canada,services,recycling,Waste Connections of Canada
Waste Connections of Canada,services,landfill operations,Waste Connections of Canada
Waste Connections of Canada,services,hazardous waste disposal,Waste Connections of Canada
Waste Connections of Canada,operatesIn,Canada,Waste Connections of Canada
Waste Connections of Canada,parentCompany,Waste Connections Inc.,Waste Connections of Canada
Waste Connections of Canada,foundedIn,2000s (exact year unclear),Waste Connections of Canada
Waste Connections of Canada,type,private company,Waste Connections of Canada
Kaniama Airport,instanceOf,airport,Kaniama Airport
Kaniama Airport,locatedIn,Democratic Republic of the Congo,Kaniama Airport
Kaniama Airport,locatedIn,Haut-Lomami Province,Kaniama Airport
Kaniama Airport,ICAOCode,FZTK,Kaniama Airport
Kaniama Airport,type,public,Kaniama Airport
Kaniama Airport,serves,Kaniama,Kaniama Airport
Kaniama Airport,elevation,900 meters,Kaniama Airport
Kaniama Airport,runwayLength,1200 meters,Kaniama Airport
Kaniama Airport,runwaySurface,laterite,Kaniama Airport
German submarine U-854,instanceOf,submarine,German submarine U-854
German submarine U-854,instanceOf,Type IX submarine,German submarine U-854
German submarine U-854,country,Nazi Germany,German submarine U-854
German submarine U-854,operatedBy,Kriegsmarine,German submarine U-854
German submarine U-854,commissioned,1943,German submarine U-854
German submarine U-854,decommissioned,1944,German submarine U-854
German submarine U-854,fate,sunk by mine,German submarine U-854
German submarine U-854,dateSunk,1944-02-04,German submarine U-854
German submarine U-854,locationSunk,off the coast of Norway,German submarine U-854
German submarine U-854,commander,Horst Weiher,German submarine U-854
German submarine U-854,displacement,"1,120 tonnes (surfaced)",German submarine U-854
German submarine U-854,displacement,"1,232 tonnes (submerged)",German submarine U-854
German submarine U-854,length,76.76 meters,German submarine U-854
German submarine U-854,beam,6.76 meters,German submarine U-854
German submarine U-854,draft,4.7 meters,German submarine U-854
German submarine U-854,propulsion,diesel-electric,German submarine U-854
German submarine U-854,speed,18.3 knots (surfaced),German submarine U-854
German submarine U-854,speed,7.3 knots (submerged),German submarine U-854
German submarine U-854,range,"13,450 nautical miles (surfaced)",German submarine U-854
German submarine U-854,range,63 nautical miles (submerged),German submarine U-854
German submarine U-854,testDepth,230 meters,German submarine U-854
German submarine U-854,armament,"6 × torpedo tubes (4 bow, 2 stern)",German submarine U-854
German submarine U-854,armament,22 × torpedoes,German submarine U-854
German submarine U-854,armament,1 × 10.5 cm SK C/32 naval gun,German submarine U-854
German submarine U-854,armament,1 × 3.7 cm Flak M42 AA gun,German submarine U-854
German submarine U-854,armament,2 × twin 2 cm C/30 AA guns,German submarine U-854
German submarine U-854,crew,48-56,German submarine U-854
German submarine U-854,partOf,9th U-boat Flotilla (training),German submarine U-854
German submarine U-854,partOf,33rd U-boat Flotilla (active service),German submarine U-854
Castle of Ugento,instanceOf,castle,Castle of Ugento
Castle of Ugento,locatedIn,Ugento,Castle of Ugento
Castle of Ugento,locatedIn,Italy,Castle of Ugento
Castle of Ugento,locatedIn,Apulia,Castle of Ugento
Castle of Ugento,country,Italy,Castle of Ugento
Castle of Ugento,region,Apulia,Castle of Ugento
Castle of Ugento,province,Lecce,Castle of Ugento
Castle of Ugento,architecturalStyle,medieval,Castle of Ugento
Castle of Ugento,timePeriod,Middle Ages,Castle of Ugento
Castle of Ugento,originalPurpose,fortress,Castle of Ugento
Castle of Ugento,currentStatus,partially preserved,Castle of Ugento
Castle of Ugento,notableFeature,tower,Castle of Ugento
Castle of Ugento,notableFeature,courtyard,Castle of Ugento
Castle of Ugento,historicalSignificance,defensive structure,Castle of Ugento
Castle of Ugento,ownership,municipality of Ugento,Castle of Ugento
Castle of Ugento,accessibility,publicly accessible,Castle of Ugento
Thurnen railway station,instanceOf,railway station,Thurnen railway station
Thurnen railway station,locatedIn,Thurnen,Thurnen railway station
Thurnen railway station,locatedIn,Bern,Thurnen railway station
Thurnen railway station,locatedIn,Switzerland,Thurnen railway station
Thurnen railway station,servedBy,BLS AG,Thurnen railway station
Thurnen railway station,lineServed,Gürbetal line,Thurnen railway station
Thurnen railway station,opened,1901,Thurnen railway station
Thurnen railway station,elevation,578 meters,Thurnen railway station
Thurnen railway station,coordinates,46.8103°N 7.4314°E,Thurnen railway station
Bette Otto-Bliesner,instanceOf,person,Bette Otto-Bliesner
Bette Otto-Bliesner,instanceOf,scientist,Bette Otto-Bliesner
Bette Otto-Bliesner,occupation,climate scientist,Bette Otto-Bliesner
Bette Otto-Bliesner,fieldOfStudy,paleoclimatology,Bette Otto-Bliesner
Bette Otto-Bliesner,fieldOfStudy,climate modeling,Bette Otto-Bliesner
Bette Otto-Bliesner,affiliation,National Center for Atmospheric Research (NCAR),Bette Otto-Bliesner
Bette Otto-Bliesner,position,Deputy Director of the Climate and Global Dynamics Laboratory (CGD) at NCAR,Bette Otto-Bliesner
Bette Otto-Bliesner,notableWork,contributions to the Paleoclimate Modelling Intercomparison Project (PMIP),Bette Otto-Bliesner
Bette Otto-Bliesner,notableWork,research on past climate changes and their implications for future climate projections,Bette Otto-Bliesner
Bette Otto-Bliesner,award,American Geophysical Union (AGU) Fellow,Bette Otto-Bliesner
Bette Otto-Bliesner,education,PhD in Meteorology from the University of Wisconsin-Madison,Bette Otto-Bliesner
Bette Otto-Bliesner,education,Bachelor's degree in Physics from the University of Wisconsin-Madison,Bette Otto-Bliesner
Bette Otto-Bliesner,collaboration,Intergovernmental Panel on Climate Change (IPCC),Bette Otto-Bliesner
"Us, Ours and Yours (TV series)",instanceOf,television series,"Us, Ours and Yours (TV series)"
"Us, Ours and Yours (TV series)",genre,drama,"Us, Ours and Yours (TV series)"
"Us, Ours and Yours (TV series)",genre,romance,"Us, Ours and Yours (TV series)"
"Us, Ours and Yours (TV series)",country of origin,South Korea,"Us, Ours and Yours (TV series)"
"Us, Ours and Yours (TV series)",original language,Korean,"Us, Ours and Yours (TV series)"
"Us, Ours and Yours (TV series)",created by,Jung Hyun-jung,"Us, Ours and Yours (TV series)"
"Us, Ours and Yours (TV series)",directed by,Kim Jung-min,"Us, Ours and Yours (TV series)"
"Us, Ours and Yours (TV series)",starring,Choi Soo-young,"Us, Ours and Yours (TV series)"
"Us, Ours and Yours (TV series)",starring,Lim Ju-hwan,"Us, Ours and Yours (TV series)"
"Us, Ours and Yours (TV series)",starring,Kim Hye-jun,"Us, Ours and Yours (TV series)"
"Us, Ours and Yours (TV series)",starring,Lee Min-ki,"Us, Ours and Yours (TV series)"
"Us, Ours and Yours (TV series)",number of episodes,12,"Us, Ours and Yours (TV series)"
"Us, Ours and Yours (TV series)",original network,tvN,"Us, Ours and Yours (TV series)"
"Us, Ours and Yours (TV series)",release date,2024-03-18,"Us, Ours and Yours (TV series)"
"Us, Ours and Yours (TV series)",production company,Studio Dragon,"Us, Ours and Yours (TV series)"
St. Spyridon Choir,instanceOf,choir,St. Spyridon Choir
St. Spyridon Choir,instanceOf,religious musical ensemble,St. Spyridon Choir
St. Spyridon Choir,affiliatedWith,St. Spyridon Greek Orthodox Church,St. Spyridon Choir
St. Spyridon Choir,location,New York City,St. Spyridon Choir
St. Spyridon Choir,denomination,Greek Orthodox,St. Spyridon Choir
St. Spyridon Choir,performs,Byzantine chant,St. Spyridon Choir
St. Spyridon Choir,performs,Greek Orthodox liturgical music,St. Spyridon Choir
St. Spyridon Choir,foundedIn,20th century,St. Spyridon Choir
St. Spyridon Choir,languageUsed,Greek,St. Spyridon Choir
St. Spyridon Choir,languageUsed,English,St. Spyridon Choir
Free Fire (film),instanceOf,film,Free Fire (film)
Free Fire (film),director,Ben Wheatley,Free Fire (film)
Free Fire (film),screenwriter,Ben Wheatley,Free Fire (film)
Free Fire (film),screenwriter,Amy Jump,Free Fire (film)
Free Fire (film),releaseDate,2016-09-08 (Toronto International Film Festival),Free Fire (film)
Free Fire (film),releaseDate,2017-03-31 (United Kingdom),Free Fire (film)
Free Fire (film),releaseDate,2017-04-21 (United States),Free Fire (film)
Free Fire (film),genre,action,Free Fire (film)
Free Fire (film),genre,comedy,Free Fire (film)
Free Fire (film),genre,crime,Free Fire (film)
Free Fire (film),genre,thriller,Free Fire (film)
Free Fire (film),productionCompany,Rook Films,Free Fire (film)
Free Fire (film),productionCompany,Film4 Productions,Free Fire (film)
Free Fire (film),productionCompany,BFI Film Fund,Free Fire (film)
Free Fire (film),distributor,StudioCanal (United Kingdom),Free Fire (film)
Free Fire (film),distributor,A24 (United States),Free Fire (film)
Free Fire (film),countryOfOrigin,United Kingdom,Free Fire (film)
Free Fire (film),language,English,Free Fire (film)
Free Fire (film),runtime,91 minutes,Free Fire (film)
Free Fire (film),starring,Sharlto Copley,Free Fire (film)
Free Fire (film),starring,Armie Hammer,Free Fire (film)
Free Fire (film),starring,Brie Larson,Free Fire (film)
Free Fire (film),starring,Cillian Murphy,Free Fire (film)
Free Fire (film),starring,Jack Reynor,Free Fire (film)
Free Fire (film),starring,Michael Smiley,Free Fire (film)
Free Fire (film),starring,Sam Riley,Free Fire (film)
Free Fire (film),starring,Noah Taylor,Free Fire (film)
Free Fire (film),musicBy,Geoff Barrow,Free Fire (film)
Free Fire (film),cinematography,Laurie Rose,Free Fire (film)
Free Fire (film),editedBy,Ben Wheatley,Free Fire (film)
Free Fire (film),budget,£5 million,Free Fire (film)
Free Fire (film),boxOffice,$3.1 million (worldwide),Free Fire (film)
Free Fire (film),awardNominated,British Independent Film Award for Best Screenplay (2016),Free Fire (film)
Free Fire (film),awardNominated,"British Independent Film Award for Best Supporting Actor (Noah Taylor, 2016)",Free Fire (film)
Free Fire (film),filmingLocation,"Brighton, England",Free Fire (film)
Free Fire (film),filmingLocation,"Worthing, England",Free Fire (film)
Hayao Kawai,instanceOf,Person,Hayao Kawai
Hayao Kawai,instanceOf,Psychologist,Hayao Kawai
Hayao Kawai,instanceOf,Author,Hayao Kawai
Hayao Kawai,birthDate,1928-06-06,Hayao Kawai
Hayao Kawai,deathDate,2007-07-19,Hayao Kawai
Hayao Kawai,birthPlace,"Kyoto, Japan",Hayao Kawai
Hayao Kawai,nationality,Japanese,Hayao Kawai
Hayao Kawai,occupation,Psychologist,Hayao Kawai
Hayao Kawai,occupation,Professor,Hayao Kawai
Hayao Kawai,occupation,Writer,Hayao Kawai
Hayao Kawai,fieldOfStudy,Clinical Psychology,Hayao Kawai
Hayao Kawai,fieldOfStudy,Jungian Psychology,Hayao Kawai
Hayao Kawai,fieldOfStudy,Japanese Folklore,Hayao Kawai
Hayao Kawai,almaMater,Kyoto University,Hayao Kawai
Hayao Kawai,almaMater,Zurich University,Hayao Kawai
Hayao Kawai,notableWork,The Japanese Psyche: Major Motifs in the Fairy Tales of Japan,Hayao Kawai
Hayao Kawai,notableWork,Buddhism and the Art of Psychotherapy,Hayao Kawai
Hayao Kawai,notableWork,The Buddhist Priest Myōe: A Life of Dreams,Hayao Kawai
Hayao Kawai,award,Order of Culture (Japan),Hayao Kawai
Hayao Kawai,award,Asahi Prize,Hayao Kawai
Hayao Kawai,influencedBy,Carl Jung,Hayao Kawai
Hayao Kawai,influencedBy,Shin'ichi Hisamatsu,Hayao Kawai
Hayao Kawai,influenced,Japanese Psychotherapy,Hayao Kawai
Hayao Kawai,influenced,Comparative Mythology Studies,Hayao Kawai
Hayao Kawai,positionHeld,Professor at Kyoto University,Hayao Kawai
Hayao Kawai,positionHeld,Director of the International Research Center for Japanese Studies,Hayao Kawai
Hayao Kawai,knownFor,Integrating Jungian psychology with Japanese culture,Hayao Kawai
Hayao Kawai,knownFor,Studies on Japanese fairy tales and myths,Hayao Kawai
Hayao Kawai,spouse,Yoko Kawai,Hayao Kawai
Hayao Kawai,child,Toshio Kawai,Hayao Kawai
Üç Şerefeli Mosque,instanceOf,mosque,Üç Şerefeli Mosque
Üç Şerefeli Mosque,location,Edirne,Üç Şerefeli Mosque
Üç Şerefeli Mosque,location,Turkey,Üç Şerefeli Mosque
Üç Şerefeli Mosque,architecturalStyle,Ottoman architecture,Üç Şerefeli Mosque
Üç Şerefeli Mosque,completed,1447,Üç Şerefeli Mosque
Üç Şerefeli Mosque,commissionedBy,Murad II,Üç Şerefeli Mosque
Üç Şerefeli Mosque,notableFeature,three balconies (şerefe) on one minaret,Üç Şerefeli Mosque
Üç Şerefeli Mosque,minaretCount,4,Üç Şerefeli Mosque
Üç Şerefeli Mosque,courtyard,has a large courtyard,Üç Şerefeli Mosque
Üç Şerefeli Mosque,domeCount,multiple domes,Üç Şerefeli Mosque
Üç Şerefeli Mosque,historicalSignificance,one of the earliest examples of Ottoman multi-dome mosques,Üç Şerefeli Mosque
Üç Şerefeli Mosque,restoration,has undergone multiple restorations,Üç Şerefeli Mosque
Üç Şerefeli Mosque,culturalHeritageStatus,protected as a historical monument,Üç Şerefeli Mosque
"Enfield, Victoria",instanceOf,locality,"Enfield, Victoria"
"Enfield, Victoria",instanceOf,rural locality,"Enfield, Victoria"
"Enfield, Victoria",locatedIn,Golden Plains Shire,"Enfield, Victoria"
"Enfield, Victoria",locatedIn,Victoria,"Enfield, Victoria"
"Enfield, Victoria",locatedIn,Australia,"Enfield, Victoria"
"Enfield, Victoria",postcode,3352,"Enfield, Victoria"
"Enfield, Victoria",nearbyTown,Buninyong,"Enfield, Victoria"
"Enfield, Victoria",nearbyTown,Lexton,"Enfield, Victoria"
"Enfield, Victoria",region,Central Highlands,"Enfield, Victoria"
"Enfield, Victoria",established,19th century,"Enfield, Victoria"
Wish You Were Here (Barbara Mandrell song),instanceOf,song,Wish You Were Here (Barbara Mandrell song)
Wish You Were Here (Barbara Mandrell song),artist,Barbara Mandrell,Wish You Were Here (Barbara Mandrell song)
Wish You Were Here (Barbara Mandrell song),releasedIn,1981,Wish You Were Here (Barbara Mandrell song)
Wish You Were Here (Barbara Mandrell song),album,Barbara Mandrell Greatest Hits,Wish You Were Here (Barbara Mandrell song)
Wish You Were Here (Barbara Mandrell song),genre,country,Wish You Were Here (Barbara Mandrell song)
Wish You Were Here (Barbara Mandrell song),writtenBy,Kye Fleming,Wish You Were Here (Barbara Mandrell song)
Wish You Were Here (Barbara Mandrell song),writtenBy,Dennis Morgan,Wish You Were Here (Barbara Mandrell song)
Wish You Were Here (Barbara Mandrell song),producer,Tom Collins,Wish You Were Here (Barbara Mandrell song)
Wish You Were Here (Barbara Mandrell song),label,MCA Records,Wish You Were Here (Barbara Mandrell song)
Wish You Were Here (Barbara Mandrell song),chartPerformance,peaked at number 1 on the Billboard Hot Country Songs,Wish You Were Here (Barbara Mandrell song)
Tropical Storm Arlene (2011),instanceOf,Tropical Storm,Tropical Storm Arlene (2011)
Tropical Storm Arlene (2011),instanceOf,Tropical Cyclone,Tropical Storm Arlene (2011)
Tropical Storm Arlene (2011),partOf,2011 Atlantic hurricane season,Tropical Storm Arlene (2011)
Tropical Storm Arlene (2011),startDate,2011-06-28,Tropical Storm Arlene (2011)
Tropical Storm Arlene (2011),endDate,2011-06-30,Tropical Storm Arlene (2011)
Tropical Storm Arlene (2011),peakIntensityDate,2011-06-30,Tropical Storm Arlene (2011)
Tropical Storm Arlene (2011),maximumSustainedWinds,65 mph,Tropical Storm Arlene (2011)
Tropical Storm Arlene (2011),minimumPressure,993 mbar,Tropical Storm Arlene (2011)
Tropical Storm Arlene (2011),formedNear,Bay of Campeche,Tropical Storm Arlene (2011)
Tropical Storm Arlene (2011),dissipatedOver,Mexico,Tropical Storm Arlene (2011)
Tropical Storm Arlene (2011),affectedArea,Mexico,Tropical Storm Arlene (2011)
Tropical Storm Arlene (2011),affectedArea,Texas,Tropical Storm Arlene (2011)
Tropical Storm Arlene (2011),fatalities,25,Tropical Storm Arlene (2011)
Tropical Storm Arlene (2011),damageAmount,223.4 million USD,Tropical Storm Arlene (2011)
Tropical Storm Arlene (2011),highestRainfall,360 mm,Tropical Storm Arlene (2011)
Tropical Storm Arlene (2011),trackedBy,National Hurricane Center,Tropical Storm Arlene (2011)
Tropical Storm Arlene (2011),categoryOnSaffirSimpsonScale,Tropical Storm,Tropical Storm Arlene (2011)
Tropical Storm Arlene (2011),formedFrom,Tropical Wave,Tropical Storm Arlene (2011)
Tropical Storm Arlene (2011),firstAdvisoryIssued,2011-06-28,Tropical Storm Arlene (2011)
Tropical Storm Arlene (2011),lastAdvisoryIssued,2011-06-30,Tropical Storm Arlene (2011)
Costa Verde (Peru),instanceOf,coastal region,Costa Verde (Peru)
Costa Verde (Peru),instanceOf,tourist destination,Costa Verde (Peru)
Costa Verde (Peru),locatedIn,Lima,Costa Verde (Peru)
Costa Verde (Peru),locatedIn,Peru,Costa Verde (Peru)
Costa Verde (Peru),borders,Pacific Ocean,Costa Verde (Peru)
Costa Verde (Peru),knownFor,cliffs,Costa Verde (Peru)
Costa Verde (Paru),knownFor,scenic views,Costa Verde (Peru)
Costa Verde (Peru),knownFor,beaches,Costa Verde (Peru)
Costa Verde (Peru),knownFor,roadway (Costa Verde Highway),Costa Verde (Peru)
Costa Verde (Peru),hasFeature,paragliding spots,Costa Verde (Peru)
Costa Verde (Peru),hasFeature,restaurants,Costa Verde (Peru)
Costa Verde (Peru),hasFeature,parks,Costa Verde (Peru)
Costa Verde (Peru),partOfAdministrativeDivision,Lima Province,Costa Verde (Peru)
Costa Verde (Peru),partOfAdministrativeDivision,Lima Region,Costa Verde (Peru)
Costa Verde (Peru),connects,Miraflores district,Costa Verde (Peru)
Costa Verde (Peru),connects,Barranco district,Costa Verde (Peru)
Costa Verde (Peru),connects,Chorrillos district,Costa Verde (Peru)
School-Live! (film),instanceOf,animated film,School-Live! (film)
School-Live! (film),instanceOf,horror film,School-Live! (film)
School-Live! (film),basedOn,School-Live! manga,School-Live! (film)
School-Live! (film),directedBy,Shinji Ishihira,School-Live! (film)
School-Live! (film),producedBy,Lerche,School-Live! (film)
School-Live! (film),releasedIn,2024,School-Live! (film)
School-Live! (film),genre,psychological horror,School-Live! (film)
School-Live! (film),genre,post-apocalyptic,School-Live! (film)
School-Live! (film),genre,drama,School-Live! (film)
School-Live! (film),screenplayBy,Kazuyuki Fudeyasu,School-Live! (film)
School-Live! (film),musicBy,Masaaki Yamaguchi,School-Live! (film)
School-Live! (film),distributedBy,Shochiku,School-Live! (film)
School-Live! (film),language,Japanese,School-Live! (film)
School-Live! (film),countryOfOrigin,Japan,School-Live! (film)
School-Live! (film),follows,School-Live! (TV series),School-Live! (film)
School-Live! (film),featuresCharacter,Yuki Takeya,School-Live! (film)
School-Live! (film),featuresCharacter,Kurumi Ebisuzawa,School-Live! (film)
School-Live! (film),featuresCharacter,Miki Naoki,School-Live! (film)
School-Live! (film),featuresCharacter,Yuuri Wakasa,School-Live! (film)
School-Live! (film),featuresCharacter,Megumi Sakura,School-Live! (film)
School-Live! (film),voiceActor,Inori Minase (Yuki Takeya),School-Live! (film)
School-Live! (film),voiceActor,Ari Ozawa (Kurumi Ebisuzawa),School-Live! (film)
School-Live! (film),voiceActor,M.A.O (Miki Naoki),School-Live! (film)
School-Live! (film),voiceActor,Rie Takahashi (Yuuri Wakasa),School-Live! (film)
School-Live! (film),voiceActor,Ai Kayano (Megumi Sakura),School-Live! (film)
Owen Wright (guitarist),instanceOf,person,Owen Wright (guitarist)
Owen Wright (guitarist),instanceOf,musician,Owen Wright (guitarist)
Owen Wright (guitarist),instanceOf,guitarist,Owen Wright (guitarist)
Owen Wright (guitarist),occupation,guitarist,Owen Wright (guitarist)
Owen Wright (guitarist),occupation,songwriter,Owen Wright (guitarist)
Owen Wright (guitarist),memberOf,The Wrights,Owen Wright (guitarist)
Owen Wright (guitarist),memberOf,The Divinyls,Owen Wright (guitarist)
Owen Wright (guitarist),birthName,Owen Wright,Owen Wright (guitarist)
Owen Wright (guitarist),birthDate,1968,Owen Wright (guitarist)
Owen Wright (guitarist),birthPlace,"Sydney, Australia",Owen Wright (guitarist)
Owen Wright (guitarist),nationality,Australian,Owen Wright (guitarist)
Owen Wright (guitarist),instrument,guitar,Owen Wright (guitarist)
Owen Wright (guitarist),associatedBand,The Wrights,Owen Wright (guitarist)
Owen Wright (guitarist),associatedBand,The Divinyls,Owen Wright (guitarist)
Owen Wright (guitarist),spouse,Chrissy Amphlett,Owen Wright (guitarist)
Owen Wright (guitarist),notableWork,Pleasure and Pain (album),Owen Wright (guitarist)
Owen Wright (guitarist),collaboratedWith,Chrissy Amphlett,Owen Wright (guitarist)
Owen Wright (guitarist),genre,rock,Owen Wright (guitarist)
Owen Wright (guitarist),genre,alternative rock,Owen Wright (guitarist)
Owen Wright (guitarist),activeYearsStartDate,1980s,Owen Wright (guitarist)
Owen Wright (guitarist),activeYearsEndDate,present,Owen Wright (guitarist)
Klagetoh (Leegito) Chapter House,instanceOf,Navajo Chapter House,Klagetoh (Leegito) Chapter House
Klagetoh (Leegito) Chapter House,instanceOf,Community center,Klagetoh (Leegito) Chapter House
Klagetoh (Leegito) Chapter House,locatedIn,"Klagetoh, Arizona",Klagetoh (Leegito) Chapter House
Klagetoh (Leegito) Chapter House,locatedIn,Navajo Nation,Klagetoh (Leegito) Chapter House
Klagetoh (Leegito) Chapter House,locatedIn,"Apache County, Arizona",Klagetoh (Leegito) Chapter House
Klagetoh (Leegito) Chapter House,serves,Klagetoh community,Klagetoh (Leegito) Chapter House
Klagetoh (Leegito) Chapter House,serves,Navajo people,Klagetoh (Leegito) Chapter House
Klagetoh (Leegito) Chapter House,administeredBy,Navajo Nation government,Klagetoh (Leegito) Chapter House
Klagetoh (Leegito) Chapter House,partOf,Navajo Nation Chapter system,Klagetoh (Leegito) Chapter House
Klagetoh (Leegito) Chapter House,functionsAs,Local governance hub,Klagetoh (Leegito) Chapter House
Klagetoh (Leegito) Chapter House,functionsAs,Meeting place,Klagetoh (Leegito) Chapter House
Klagetoh (Leegito) Chapter House,functionsAs,Cultural center,Klagetoh (Leegito) Chapter House
Klagetoh (Leegito) Chapter House,associatedWith,Navajo Tribal Council,Klagetoh (Leegito) Chapter House
Klagetoh (Leegito) Chapter House,coordinates,"35.5000° N, 109.5000° W (approximate)",Klagetoh (Leegito) Chapter House
Klagetoh (Leegito) Chapter House,establishedIn,20th century (exact date unclear),Klagetoh (Leegito) Chapter House
Sandy scops owl,instanceOf,species,Sandy scops owl
Sandy scops owl,instanceOf,bird,Sandy scops owl
Sandy scops owl,scientificName,Otus icterorhynchus,Sandy scops owl
Sandy scops owl,family,Strigidae,Sandy scops owl
Sandy scops owl,genus,Otus,Sandy scops owl
Sandy scops owl,order,Strigiformes,Sandy scops owl
Sandy scops owl,habitat,tropical forests,Sandy scops owl
Sandy scops owl,habitat,lowland forests,Sandy scops owl
Sandy scops owl,nativeTo,Central Africa,Sandy scops owl
Sandy scops owl,nativeTo,West Africa,Sandy scops owl
Sandy scops owl,diet,insects,Sandy scops owl
Sandy scops owl,diet,small invertebrates,Sandy scops owl
Sandy scops owl,conservationStatus,Least Concern,Sandy scops owl
Sandy scops owl,size,small,Sandy scops owl
Sandy scops owl,length,18-20 cm,Sandy scops owl
Sandy scops owl,wingspan,45-50 cm,Sandy scops owl
Sandy scops owl,coloration,sandy-brown,Sandy scops owl
Sandy scops owl,coloration,buff underparts,Sandy scops owl
Sandy scops owl,distinctiveFeature,yellow eyes,Sandy scops owl
Sandy scops owl,distinctiveFeature,ear tufts,Sandy scops owl
Sandy scops owl,behavior,nocturnal,Sandy scops owl
Sandy scops owl,vocalization,whistling calls,Sandy scops owl
Sandy scops owl,lifespan,unknown in the wild,Sandy scops owl
Sandy scops owl,predators,larger birds of prey,Sandy scops owl
Sandy scops owl,predators,arboreal snakes,Sandy scops owl
Sandy scops owl,nestingHabitat,tree cavities,Sandy scops owl
Sandy scops owl,clutchSize,2-3 eggs,Sandy scops owl
Sandy scops owl,incubationPeriod,unknown,Sandy scops owl
Sandy scops owl,taxonomicAuthority,"Shelley, 1873",Sandy scops owl
Raleigh DeGeer Amyx,instanceOf,Person,Raleigh DeGeer Amyx
Raleigh DeGeer Amyx,instanceOf,Historian,Raleigh DeGeer Amyx
Raleigh DeGeer Amyx,instanceOf,Collector,Raleigh DeGeer Amyx
Raleigh DeGeer Amyx,occupation,Historian,Raleigh DeGeer Amyx
Raleigh DeGeer Amyx,occupation,Collector,Raleigh DeGeer Amyx
Raleigh DeGeer Amyx,notableFor,Collecting historical Americana,Raleigh DeGeer Amyx
Raleigh DeGeer Amyx,knownFor,The Raleigh DeGeer Amyx Collection,Raleigh DeGeer Amyx
Raleigh DeGeer Amyx,birthDate,1938,Raleigh DeGeer Amyx
Raleigh DeGeer Amyx,nationality,American,Raleigh DeGeer Amyx
Raleigh DeGeer Amyx Collection,instanceOf,Private Collection,Raleigh DeGeer Amyx
Raleigh DeGeer Amyx Collection,ownedBy,Raleigh DeGeer Amyx,Raleigh DeGeer Amyx
Raleigh DeGeer Amyx Collection,contains,Historical artifacts,Raleigh DeGeer Amyx
Raleigh DeGeer Amyx Collection,contains,Presidential memorabilia,Raleigh DeGeer Amyx
Raleigh DeGeer Amyx Collection,contains,Military artifacts,Raleigh DeGeer Amyx
Raleigh DeGeer Amyx,associatedWith,The White House,Raleigh DeGeer Amyx
Raleigh DeGeer Amyx,associatedWith,Smithsonian Institution,Raleigh DeGeer Amyx
Raleigh DeGeer Amyx,hasWorkedWith,Auction houses,Raleigh DeGeer Amyx
Raleigh DeGeer Amyx,hasWorkedWith,Museums,Raleigh DeGeer Amyx
Nagao Station (Kagawa),instanceOf,railway station,Nagao Station (Kagawa)
Nagao Station (Kagawa),locatedIn,Kagawa Prefecture,Nagao Station (Kagawa)
Nagao Station (Kagawa),locatedIn,Japan,Nagao Station (Kagawa)
Nagao Station (Kagawa),operatedBy,Takamatsu-Kotohira Electric Railroad,Nagao Station (Kagawa)
Nagao Station (Kagawa),lineServed,Kotoden Nagao Line,Nagao Station (Kagawa)
Nagao Station (Kagawa),opened,1926-12-21,Nagao Station (Kagawa)
Nagao Station (Kagawa),address,"Nagao, Sanuki, Kagawa Prefecture",Nagao Station (Kagawa)
Nagao Station (Kagawa),coordinates,"34.2500°N, 134.1667°E",Nagao Station (Kagawa)
Nagao Station (Kagawa),stationCode,N17,Nagao Station (Kagawa)
Nagao Station (Kagawa),nearbyAttraction,Nagao Jinja,Nagao Station (Kagawa)
Nagao Station (Kagawa),nearbyAttraction,Sanuki City Hall,Nagao Station (Kagawa)
Nagao Station (Kagawa),type,ground-level station,Nagao Station (Kagawa)
Nagao Station (Kagawa),platforms,2,Nagao Station (Kagawa)
Nagao Station (Kagawa),tracks,2,Nagao Station (Kagawa)
Nagao Station (Kagawa),previousStation,Hiragi Station,Nagao Station (Kagawa)
Nagao Station (Kagawa),nextStation,Ayagawa Station,Nagao Station (Kagawa)
Nagao Station (Kagawa),municipality,Sanuki,Nagao Station (Kagawa)
Nagao Station (Kagawa),region,Shikoku,Nagao Station (Kagawa)
Deerfield Dam,instanceOf,dam,Deerfield Dam
Deerfield Dam,instanceOf,hydroelectric facility,Deerfield Dam
Deerfield Dam,locatedIn,South Dakota,Deerfield Dam
Deerfield Dam,locatedIn,United States,Deerfield Dam
Deerfield Dam,locatedIn,Pennington County,Deerfield Dam
Deerfield Dam,watercourse,Castle Creek,Deerfield Dam
Deerfield Dam,completedIn,1945,Deerfield Dam
Deerfield Dam,primaryPurpose,flood control,Deerfield Dam
Deerfield Dam,primaryPurpose,water supply,Deerfield Dam
Deerfield Dam,primaryPurpose,recreation,Deerfield Dam
Deerfield Dam,height,110 feet,Deerfield Dam
Deerfield Dam,length,"1,100 feet",Deerfield Dam
Deerfield Dam,reservoir,Deerfield Lake,Deerfield Dam
Deerfield Dam,operatedBy,U.S. Bureau of Reclamation,Deerfield Dam
Deerfield Dam,partOf,Pick-Sloan Missouri Basin Program,Deerfield Dam
Deerfield Lake,instanceOf,reservoir,Deerfield Dam
Deerfield Lake,createdBy,Deerfield Dam,Deerfield Dam
Deerfield Lake,surfaceArea,"1,280 acres",Deerfield Dam
Deerfield Lake,maxDepth,110 feet,Deerfield Dam
Deerfield Lake,locatedIn,Black Hills,Deerfield Dam
Deerfield Lake,locatedIn,South Dakota,Deerfield Dam
Deerfield Lake,primaryUse,fishing,Deerfield Dam
Deerfield Lake,primaryUse,boating,Deerfield Dam
Deerfield Lake,primaryUse,camping,Deerfield Dam
George Henry Hall (artist),instanceOf,person,George Henry Hall (artist)
George Henry Hall (artist),instanceOf,artist,George Henry Hall (artist)
George Henry Hall (artist),occupation,painter,George Henry Hall (artist)
George Henry Hall (artist),birthDate,1825-09-21,George Henry Hall (artist)
George Henry Hall (artist),deathDate,1913-02-17,George Henry Hall (artist)
George Henry Hall (artist),birthPlace,"Boston, Massachusetts, U.S.",George Henry Hall (artist)
George Henry Hall (artist),deathPlace,"New York City, New York, U.S.",George Henry Hall (artist)
George Henry Hall (artist),nationality,American,George Henry Hall (artist)
George Henry Hall (artist),field,still life,George Henry Hall (artist)
George Henry Hall (artist),field,genre painting,George Henry Hall (artist)
George Henry Hall (artist),field,landscape painting,George Henry Hall (artist)
George Henry Hall (artist),education,Düsseldorf Academy,George Henry Hall (artist)
George Henry Hall (artist),education,Royal Academy of Fine Arts (Antwerp),George Henry Hall (artist)
George Henry Hall (artist),knownFor,fruit and flower still lifes,George Henry Hall (artist)
George Henry Hall (artist),knownFor,Orientalist themes,George Henry Hall (artist)
George Henry Hall (artist),knownFor,genre scenes,George Henry Hall (artist)
George Henry Hall (artist),award,"National Academy of Design (associate member, 1852)",George Henry Hall (artist)
George Henry Hall (artist),award,"National Academy of Design (full academician, 1868)",George Henry Hall (artist)
George Henry Hall (artist),notableWork,Fruit Still Life (1860s),George Henry Hall (artist)
George Henry Hall (artist),notableWork,The Flower Girl (1860),George Henry Hall (artist)
George Henry Hall (artist),notableWork,The Turkish Bazaar (1870s),George Henry Hall (artist)
George Henry Hall (artist),movement,Hudson River School (influenced by),George Henry Hall (artist)
George Henry Hall (artist),movement,Orientalism,George Henry Hall (artist)
George Henry Hall (artist),residence,"New York City, U.S.",George Henry Hall (artist)
George Henry Hall (artist),residence,"Paris, France (studied and worked)",George Henry Hall (artist)
George Henry Hall (artist),residence,"Düsseldorf, Germany (studied)",George Henry Hall (artist)
George Henry Hall (artist),residence,"Antwerp, Belgium (studied)",George Henry Hall (artist)
George Henry Hall (artist),influencedBy,Düsseldorf School of Painting,George Henry Hall (artist)
George Henry Hall (artist),influencedBy,European still life traditions,George Henry Hall (artist)
George Henry Hall (artist),influenced,American still life painters,George Henry Hall (artist)
George Henry Hall (artist),exhibition,National Academy of Design exhibitions,George Henry Hall (artist)
George Henry Hall (artist),exhibition,Paris Salon (1850s-1860s),George Henry Hall (artist)
George Henry Hall (artist),collection,Metropolitan Museum of Art,George Henry Hall (artist)
George Henry Hall (artist),collection,Brooklyn Museum,George Henry Hall (artist)
George Henry Hall (artist),collection,Smithsonian American Art Museum,George Henry Hall (artist)
Gracie Mansion Gallery,instanceOf,art gallery,Gracie Mansion Gallery
Gracie Mansion Gallery,instanceOf,cultural institution,Gracie Mansion Gallery
Gracie Mansion Gallery,location,New York City,Gracie Mansion Gallery
Gracie Mansion Gallery,location,Manhattan,Gracie Mansion Gallery
Gracie Mansion Gallery,locatedIn,Gracie Mansion,Gracie Mansion Gallery
Gracie Mansion Gallery,established,1980s,Gracie Mansion Gallery
Gracie Mansion Gallery,foundedBy,Grace Borgenicht,Gracie Mansion Gallery
Gracie Mansion Gallery,focus,contemporary art,Gracie Mansion Gallery
Gracie Mansion Gallery,focus,emerging artists,Gracie Mansion Gallery
Gracie Mansion Gallery,associatedWith,New York City art scene,Gracie Mansion Gallery
Gracie Mansion Gallery,type,private gallery,Gracie Mansion Gallery
Tibetan serin,instanceOf,bird,Tibetan serin
Tibetan serin,instanceOf,species,Tibetan serin
Tibetan serin,scientificName,Serinus thibetanus,Tibetan serin
Tibetan serin,family,Fringillidae,Tibetan serin
Tibetan serin,genus,Serinus,Tibetan serin
Tibetan serin,order,Passeriformes,Tibetan serin
Tibetan serin,kingdom,Animalia,Tibetan serin
Tibetan serin,phylum,Chordata,Tibetan serin
Tibetan serin,class,Aves,Tibetan serin
Tibetan serin,habitat,montane forests,Tibetan serin
Tibetan serin,habitat,shrublands,Tibetan serin
Tibetan serin,nativeTo,Bhutan,Tibetan serin
Tibetan serin,nativeTo,China,Tibetan serin
Tibetan serin,nativeTo,India,Tibetan serin
Tibetan serin,nativeTo,Nepal,Tibetan serin
Tibetan serin,nativeTo,Myanmar,Tibetan serin
Tibetan serin,diet,seeds,Tibetan serin
Tibetan serin,diet,insects,Tibetan serin
Tibetan serin,conservationStatus,Least Concern,Tibetan serin
Tibetan serin,averageLength,11-12 cm,Tibetan serin
Tibetan serin,plumageColor,olive-green,Tibetan serin
Tibetan serin,plumageColor,yellow,Tibetan serin
Tibetan serin,distinctiveFeature,yellow rump,Tibetan serin
Tibetan serin,distinctiveFeature,streaked flanks,Tibetan serin
Tibetan serin,behavior,gregarious,Tibetan serin
Tibetan serin,behavior,forages in flocks,Tibetan serin
Tibetan serin,vocalization,musical twittering,Tibetan serin
Tibetan serin,breedingSeason,April to July,Tibetan serin
Tibetan serin,nestLocation,trees,Tibetan serin
Tibetan serin,nestLocation,bushes,Tibetan serin
Tibetan serin,clutchSize,3-5 eggs,Tibetan serin
Tibetan serin,eggColor,pale blue,Tibetan serin
Tibetan serin,eggColor,spotted,Tibetan serin
Tibetan serin,incubationPeriod,12-14 days,Tibetan serin
Tibetan serin,parentalCare,biparental,Tibetan serin
Tibetan serin,lifespan,unknown,Tibetan serin
Tibetan serin,synonym,Serinus thibetana,Tibetan serin
Tibetan serin,discoveredBy,Émile Oustalet,Tibetan serin
Tibetan serin,yearDiscovered,1892,Tibetan serin
2009 World Rhythmic Gymnastics Championships,instanceOf,World Rhythmic Gymnastics Championships,2009 World Rhythmic Gymnastics Championships
2009 World Rhythmic Gymnastics Championships,instanceOf,sports event,2009 World Rhythmic Gymnastics Championships
2009 World Rhythmic Gymnastics Championships,location,"Mie, Japan",2009 World Rhythmic Gymnastics Championships
2009 World Rhythmic Gymnastics Championships,startDate,2009-09-07,2009 World Rhythmic Gymnastics Championships
2009 World Rhythmic Gymnastics Championships,endDate,2009-09-13,2009 World Rhythmic Gymnastics Championships
2009 World Rhythmic Gymnastics Championships,organizer,International Gymnastics Federation (FIG),2009 World Rhythmic Gymnastics Championships
2009 World Rhythmic Gymnastics Championships,edition,29th,2009 World Rhythmic Gymnastics Championships
2009 World Rhythmic Gymnastics Championships,sport,rhythmic gymnastics,2009 World Rhythmic Gymnastics Championships
2009 World Rhythmic Gymnastics Championships,participatingNations,55,2009 World Rhythmic Gymnastics Championships
2009 World Rhythmic Gymnastics Championships,allAroundWinner,Evgenia Kanaeva,2009 World Rhythmic Gymnastics Championships
2009 World Rhythmic Gymnastics Championships,hoopWinner,Evgenia Kanaeva,2009 World Rhythmic Gymnastics Championships
2009 World Rhythmic Gymnastics Championships,ballWinner,Evgenia Kanaeva,2009 World Rhythmic Gymnastics Championships
2009 World Rhythmic Gymnastics Championships,clubsWinner,Evgenia Kanaeva,2009 World Rhythmic Gymnastics Championships
2009 World Rhythmic Gymnastics Championships,ribbonWinner,Evgenia Kanaeva,2009 World Rhythmic Gymnastics Championships
2009 World Rhythmic Gymnastics Championships,groupAllAroundWinner,Russia,2009 World Rhythmic Gymnastics Championships
2009 World Rhythmic Gymnastics Championships,group5HoopsWinner,Russia,2009 World Rhythmic Gymnastics Championships
2009 World Rhythmic Gymnastics Championships,group3Ribbons2RopesWinner,Italy,2009 World Rhythmic Gymnastics Championships
2009 World Rhythmic Gymnastics Championships,venue,Sun Arena,2009 World Rhythmic Gymnastics Championships
Swimming at the 2013 World Aquatics Championships – Men's 50 metre backstroke,instanceOf,swimming event,Swimming at the 2013 World Aquatics Championships – Men's 50 metre backstroke
Swimming at the 2013 World Aquatics Championships – Men's 50 metre backstroke,instanceOf,sporting competition,Swimming at the 2013 World Aquatics Championships – Men's 50 metre backstroke
Swimming at the 2013 World Aquatics Championships – Men's 50 metre backstroke,partOf,2013 World Aquatics Championships,Swimming at the 2013 World Aquatics Championships – Men's 50 metre backstroke
Swimming at the 2013 World Aquatics Championships – Men's 50 metre backstroke,sport,swimming,Swimming at the 2013 World Aquatics Championships – Men's 50 metre backstroke
Swimming at the 2013 World Aquatics Championships – Men's 50 metre backstroke,eventType,50 metre backstroke,Swimming at the 2013 World Aquatics Championships – Men's 50 metre backstroke
Swimming at the 2013 World Aquatics Championships – Men's 50 metre backstroke,gender,men,Swimming at the 2013 World Aquatics Championships – Men's 50 metre backstroke
Swimming at the 2013 World Aquatics Championships – Men's 50 metre backstroke,location,"Barcelona, Spain",Swimming at the 2013 World Aquatics Championships – Men's 50 metre backstroke
Swimming at the 2013 World Aquatics Championships – Men's 50 metre backstroke,date,2013-08-03,Swimming at the 2013 World Aquatics Championships – Men's 50 metre backstroke
Swimming at the 2013 World Aquatics Championships – Men's 50 metre backstroke,winner,Camille Lacourt,Swimming at the 2013 World Aquatics Championships – Men's 50 metre backstroke
Swimming at the 2013 World Aquatics Championships – Men's 50 metre backstroke,winnerNationality,France,Swimming at the 2013 World Aquatics Championships – Men's 50 metre backstroke
Swimming at the 2013 World Aquatics Championships – Men's 50 metre backstroke,secondPlace,Jeremy Stravius,Swimming at the 2013 World Aquatics Championships – Men's 50 metre backstroke
Swimming at the 2013 World Aquatics Championships – Men's 50 metre backstroke,secondPlaceNationality,France,Swimming at the 2013 World Aquatics Championships – Men's 50 metre backstroke
Swimming at the 2013 World Aquatics Championships – Men's 50 metre backstroke,thirdPlace,Matt Grevers,Swimming at the 2013 World Aquatics Championships – Men's 50 metre backstroke
Swimming at the 2013 World Aquatics Championships – Men's 50 metre backstroke,thirdPlaceNationality,United States,Swimming at the 2013 World Aquatics Championships – Men's 50 metre backstroke
Swimming at the 2013 World Aquatics Championships – Men's 50 metre backstroke,winningTime,24.42 seconds,Swimming at the 2013 World Aquatics Championships – Men's 50 metre backstroke
Swimming at the 2013 World Aquatics Championships – Men's 50 metre backstroke,secondPlaceTime,24.54 seconds,Swimming at the 2013 World Aquatics Championships – Men's 50 metre backstroke
Swimming at the 2013 World Aquatics Championships – Men's 50 metre backstroke,thirdPlaceTime,24.54 seconds,Swimming at the 2013 World Aquatics Championships – Men's 50 metre backstroke
Swimming at the 2013 World Aquatics Championships – Men's 50 metre backstroke,venue,Palau Sant Jordi,Swimming at the 2013 World Aquatics Championships – Men's 50 metre backstroke
Kolpino railway station,instanceOf,railway station,Kolpino railway station
Kolpino railway station,locatedIn,Kolpino,Kolpino railway station
Kolpino railway station,locatedIn,Saint Petersburg,Kolpino railway station
Kolpino railway station,locatedIn,Russia,Kolpino railway station
Kolpino railway station,serves,Saint Petersburg–Moscow Railway,Kolpino railway station
Kolpino railway station,operatedBy,Russian Railways,Kolpino railway station
Kolpino railway station,opened,1851,Kolpino railway station
Kolpino railway station,hasPlatforms,2,Kolpino railway station
Kolpino railway station,hasTracks,4,Kolpino railway station
Kolpino railway station,connectsTo,Saint Petersburg,Kolpino railway station
Kolpino railway station,connectsTo,Moscow,Kolpino railway station
Kolpino railway station,timeZone,Moscow Time (UTC+3),Kolpino railway station
Vila Real railway station,instanceOf,railway station,Vila Real railway station
Vila Real railway station,locatedIn,Vila Real,Vila Real railway station
Vila Real railway station,locatedIn,Portugal,Vila Real railway station
Vila Real railway station,operatedBy,Comboios de Portugal,Vila Real railway station
Vila Real railway station,serves,Corgo Line,Vila Real railway station
Vila Real railway station,opened,1906,Vila Real railway station
Vila Real railway station,closed,1990,Vila Real railway station
Vila Real railway station,line,Corgo Line,Vila Real railway station
Vila Real railway station,type,passenger station,Vila Real railway station
Vila Real railway station,coordinates,"41.3000°N, 7.7333°W",Vila Real railway station
Vila Real railway station,status,defunct,Vila Real railway station
Vila Real railway station,partOf,Portuguese railway network,Vila Real railway station
1997–98 Országos Bajnokság I (men's water polo),instanceOf,water polo league season,1997–98 Országos Bajnokság I (men's water polo)
1997–98 Országos Bajnokság I (men's water polo),instanceOf,sports season,1997–98 Országos Bajnokság I (men's water polo)
1997–98 Országos Bajnokság I (men's water polo),sport,water polo,1997–98 Országos Bajnokság I (men's water polo)
1997–98 Országos Bajnokság I (men's water polo),country,Hungary,1997–98 Országos Bajnokság I (men's water polo)
1997–98 Országos Bajnokság I (men's water polo),league,Országos Bajnokság I,1997–98 Országos Bajnokság I (men's water polo)
1997–98 Országos Bajnokság I (men's water polo),gender,men's,1997–98 Országos Bajnokság I (men's water polo)
1997–98 Országos Bajnokság I (men's water polo),season,1997–98,1997–98 Országos Bajnokság I (men's water polo)
1997–98 Országos Bajnokság I (men's water polo),champion,BVSC (Budapesti Vasutas Sport Club),1997–98 Országos Bajnokság I (men's water polo)
1997–98 Országos Bajnokság I (men's water polo),runner-up,Ferencvárosi TC,1997–98 Országos Bajnokság I (men's water polo)
1997–98 Országos Bajnokság I (men's water polo),thirdPlace,Vasas SC,1997–98 Országos Bajnokság I (men's water polo)
1997–98 Országos Bajnokság I (men's water polo),numberOfTeams,12,1997–98 Országos Bajnokság I (men's water polo)
1997–98 Országos Bajnokság I (men's water polo),organizer,Hungarian Water Polo Federation,1997–98 Országos Bajnokság I (men's water polo)
1997–98 Országos Bajnokság I (men's water polo),competitionFormat,round-robin,1997–98 Országos Bajnokság I (men's water polo)
1997–98 Országos Bajnokság I (men's water polo),startDate,1997-09,1997–98 Országos Bajnokság I (men's water polo)
1997–98 Országos Bajnokság I (men's water polo),endDate,1998-05,1997–98 Országos Bajnokság I (men's water polo)
1997–98 Országos Bajnokság I (men's water polo),mostValuablePlayer,Tibor Benedek,1997–98 Országos Bajnokság I (men's water polo)
1997–98 Országos Bajnokság I (men's water polo),topScorer,Tamás Kásás,1997–98 Országos Bajnokság I (men's water polo)
1997–98 Országos Bajnokság I (men's water polo),previousSeason,1996–97 Országos Bajnokság I (men's water polo),1997–98 Országos Bajnokság I (men's water polo)
1997–98 Országos Bajnokság I (men's water polo),nextSeason,1998–99 Országos Bajnokság I (men's water polo),1997–98 Országos Bajnokság I (men's water polo)
Homocitrulline,instanceOf,amino acid derivative,Homocitrulline
Homocitrulline,instanceOf,non-proteinogenic amino acid,Homocitrulline
Homocitrulline,chemicalFormula,C7H15N3O3,Homocitrulline
Homocitrulline,IUPACName,2-amino-6-(carbamoylamino)hexanoic acid,Homocitrulline
Homocitrulline,derivedFrom,lysine,Homocitrulline
Homocitrulline,formationProcess,carbamylation,Homocitrulline
Homocitrulline,associatedWith,uremia,Homocitrulline
Homocitrulline,associatedWith,rheumatoid arthritis,Homocitrulline
Homocitrulline,detectedIn,blood plasma,Homocitrulline
Homocitrulline,detectedIn,urine,Homocitrulline
Homocitrulline,biomarkerFor,protein carbamylation,Homocitrulline
Homocitrulline,molecularWeight,189.21 g/mol,Homocitrulline
Homocitrulline,CASNumber,1190-49-4,Homocitrulline
Homocitrulline,PubChemCID,91834,Homocitrulline
Homocitrulline,ChEBI,CHEBI:59476,Homocitrulline
Tulane Green Wave women's basketball,instanceOf,college women's basketball team,Tulane Green Wave women's basketball
Tulane Green Wave women's basketball,instanceOf,sports team,Tulane Green Wave women's basketball
Tulane Green Wave women's basketball,affiliatedWith,Tulane University,Tulane Green Wave women's basketball
Tulane Green Wave women's basketball,sport,basketball,Tulane Green Wave women's basketball
Tulane Green Wave women's basketball,gender,women's,Tulane Green Wave women's basketball
Tulane Green Wave women's basketball,league,American Athletic Conference,Tulane Green Wave women's basketball
Tulane Green Wave women's basketball,league,NCAA Division I,Tulane Green Wave women's basketball
Tulane Green Wave women's basketball,homeVenue,Devlin Fieldhouse,Tulane Green Wave women's basketball
Tulane Green Wave women's basketball,headCoach,LaTanya Sheffield,Tulane Green Wave women's basketball
Tulane Green Wave women's basketball,founded,1975,Tulane Green Wave women's basketball
Tulane Green Wave women's basketball,mascot,Riptide the Pelican,Tulane Green Wave women's basketball
Tulane Green Wave women's basketball,colors,green,Tulane Green Wave women's basketball
Tulane Green Wave women's basketball,colors,blue,Tulane Green Wave women's basketball
Tulane Green Wave women's basketball,colors,white,Tulane Green Wave women's basketball
Tulane Green Wave women's basketball,conferenceTitles,10 (as of 2023),Tulane Green Wave women's basketball
Tulane Green Wave women's basketball,ncaaTournamentAppearances,12 (as of 2023),Tulane Green Wave women's basketball
Tulane Green Wave women's basketball,ncaaTournamentBestFinish,"Sweet Sixteen (1999, 2001)",Tulane Green Wave women's basketball
Tulane Green Wave women's basketball,allTimeRecord,Approximately 800-500 (as of 2023),Tulane Green Wave women's basketball
Tulane Green Wave women's basketball,rival,SMU Mustangs women's basketball,Tulane Green Wave women's basketball
Tulane Green Wave women's basketball,rival,Memphis Tigers women's basketball,Tulane Green Wave women's basketball
Tulane Green Wave women's basketball,notablePlayer,Barbara Farris,Tulane Green Wave women's basketball
Tulane Green Wave women's basketball,notablePlayer,Grace Daley,Tulane Green Wave women's basketball
Tulane Green Wave women's basketball,notablePlayer,Sasha Goodlett,Tulane Green Wave women's basketball
Tulane Green Wave women's basketball,currentRosterSize,Approximately 15 players (as of 2023-24 season),Tulane Green Wave women's basketball
Tulane Green Wave women's basketball,officialWebsite,https://tulanegreenwave.com/sports/womens-basketball/,Tulane Green Wave women's basketball
Tulane Green Wave women's basketball,twitterHandle,@GreenWaveWBB,Tulane Green Wave women's basketball
Rocket.Chat,instanceOf,software,Rocket.Chat
Rocket.Chat,instanceOf,communication platform,Rocket.Chat
Rocket.Chat,instanceOf,team collaboration tool,Rocket.Chat
Rocket.Chat,developedBy,Rocket.Chat Technologies Corp.,Rocket.Chat
Rocket.Chat,initialReleaseDate,2015,Rocket.Chat
Rocket.Chat,programmingLanguage,JavaScript,Rocket.Chat
Rocket.Chat,programmingLanguage,TypeScript,Rocket.Chat
Rocket.Chat,license,MIT License,Rocket.Chat
Rocket.Chat,platform,Web,Rocket.Chat
Rocket.Chat,platform,"Desktop (Windows, macOS, Linux)",Rocket.Chat
Rocket.Chat,platform,"Mobile (iOS, Android)",Rocket.Chat
Rocket.Chat,operatingSystem,Cross-platform,Rocket.Chat
Rocket.Chat,type,Open-source,Rocket.Chat
Rocket.Chat,website,https://rocket.chat,Rocket.Chat
Rocket.Chat,usedFor,Team messaging,Rocket.Chat
Rocket.Chat,usedFor,Video conferencing,Rocket.Chat
Rocket.Chat,usedFor,File sharing,Rocket.Chat
Rocket.Chat,usedFor,Customer support,Rocket.Chat
Rocket.Chat,usedFor,Live chat,Rocket.Chat
Rocket.Chat,supports,End-to-end encryption,Rocket.Chat
Rocket.Chat,supports,Omnichannel communication,Rocket.Chat
Rocket.Chat,supports,API integrations,Rocket.Chat
Rocket.Chat,supports,Bots and automation,Rocket.Chat
Rocket.Chat,supports,Custom theming,Rocket.Chat
Rocket.Chat,hasFeature,Channels and private groups,Rocket.Chat
Rocket.Chat,hasFeature,Direct messaging,Rocket.Chat
Rocket.Chat,hasFeature,Message reactions,Rocket.Chat
Rocket.Chat,hasFeature,Threaded conversations,Rocket.Chat
Rocket.Chat,hasFeature,Screen sharing,Rocket.Chat
Rocket.Chat,hasFeature,Voice messages,Rocket.Chat
Rocket.Chat,hasFeature,Search functionality,Rocket.Chat
Rocket.Chat,hasFeature,User roles and permissions,Rocket.Chat
Rocket.Chat,hasFeature,Multi-factor authentication,Rocket.Chat
Rocket.Chat,hasFeature,Self-hosting capability,Rocket.Chat
Rocket.Chat,hasFeature,Cloud hosting option,Rocket.Chat
Rocket.Chat,hasFeature,LDAP integration,Rocket.Chat
Rocket.Chat,hasFeature,OAuth integration,Rocket.Chat
Rocket.Chat,hasFeature,REST API,Rocket.Chat
Rocket.Chat,hasFeature,Webhooks,Rocket.Chat
Rocket.Chat,hasFeature,Custom emojis,Rocket.Chat
Rocket.Chat,hasFeature,Message editing and deletion,Rocket.Chat
Rocket.Chat,hasFeature,File uploads,Rocket.Chat
Rocket.Chat,hasFeature,Markdown support,Rocket.Chat
Rocket.Chat,hasFeature,Message history retention,Rocket.Chat
Rocket.Chat,hasFeature,Multi-language support,Rocket.Chat
Rocket.Chat,alternativeTo,Slack,Rocket.Chat
Rocket.Chat,alternativeTo,Microsoft Teams,Rocket.Chat
Rocket.Chat,alternativeTo,Mattermost,Rocket.Chat
Rocket.Chat,alternativeTo,Discord,Rocket.Chat
Rocket.Chat,headquarters,Brazil,Rocket.Chat
Rocket.Chat,founder,Gabriel Engel,Rocket.Chat
Rocket.Chat,fundingStatus,Venture-backed,Rocket.Chat
Rocket.Chat,latestStableRelease,6.5.0 (as of 2023),Rocket.Chat
Rocket.Chat,repository,https://github.com/RocketChat/Rocket.Chat,Rocket.Chat
Raoul Hyman,instanceOf,Person,Raoul Hyman
Raoul Hyman,instanceOf,RacecarDriver,Raoul Hyman
Raoul Hyman,dateOfBirth,1996-05-12,Raoul Hyman
Raoul Hyman,birthPlace,Johannesburg,Raoul Hyman
Raoul Hyman,countryOfCitizenship,South Africa,Raoul Hyman
Raoul Hyman,countryOfCitizenship,United Kingdom,Raoul Hyman
Raoul Hyman,sport,Auto racing,Raoul Hyman
Raoul Hyman,memberOfSportsTeam,SMP Racing,Raoul Hyman
Raoul Hyman,participatedIn,FIA Formula 2 Championship,Raoul Hyman
Raoul Hyman,participatedIn,FIA Formula 3 Championship,Raoul Hyman
Raoul Hyman,participatedIn,GP3 Series,Raoul Hyman
Raoul Hyman,participatedIn,Euroformula Open Championship,Raoul Hyman
Boomerang (2015 film),instanceOf,Film,Boomerang (2015 film)
Boomerang (2015 film),director,François Favrat,Boomerang (2015 film)
Boomerang (2015 film),screenplay,Noémie Saglio,Boomerang (2015 film)
Boomerang (2015 film),screenplay,Yaël Langmann,Boomerang (2015 film)
Boomerang (2015 film),screenplay,François Favrat,Boomerang (2015 film)
Boomerang (2015 film),basedOn,The novel 'Boomerang' by Tatiana de Rosnay,Boomerang (2015 film)
Boomerang (2015 film),starring,Laurent Lafitte,Boomerang (2015 film)
Boomerang (2015 film),starring,Mélanie Laurent,Boomerang (2015 film)
Boomerang (2015 film),starring,Audrey Dana,Boomerang (2015 film)
Boomerang (2015 film),starring,Nicolas Bedos,Boomerang (2015 film)
Boomerang (2015 film),starring,Mélanie Doutey,Boomerang (2015 film)
Boomerang (2015 film),genre,Comedy,Boomerang (2015 film)
Boomerang (2015 film),genre,Drama,Boomerang (2015 film)
Boomerang (2015 film),releaseDate,2015-09-23,Boomerang (2015 film)
Boomerang (2015 film),countryOfOrigin,France,Boomerang (2015 film)
Boomerang (2015 film),language,French,Boomerang (2015 film)
Boomerang (2015 film),productionCompany,Quad Productions,Boomerang (2015 film)
Boomerang (2015 film),distributor,Wild Bunch,Boomerang (2015 film)
Boomerang (2015 film),runtime,100 minutes,Boomerang (2015 film)
Boomerang (2015 film),awardNominated,César Award for Best Adapted Screenplay,Boomerang (2015 film)
Alex Allan (footballer),instanceOf,Person,Alex Allan (footballer)
Alex Allan (footballer),instanceOf,Footballer,Alex Allan (footballer)
Alex Allan (footballer),fullName,Alexander James Allan,Alex Allan (footballer)
Alex Allan (footballer),dateOfBirth,1991-11-18,Alex Allan (footballer)
Alex Allan (footballer),placeOfBirth,"Glasgow, Scotland",Alex Allan (footballer)
Alex Allan (footballer),nationality,Scottish,Alex Allan (footballer)
Alex Allan (footballer),position,Forward,Alex Allan (footballer)
Alex Allan (footballer),currentClub,Greenock Morton F.C.,Alex Allan (footballer)
Alex Allan (footballer),height,1.83 m,Alex Allan (footballer)
Alex Allan (footballer),youthClub,Rangers F.C.,Alex Allan (footballer)
Alex Allan (footballer),youthClub,St Mirren F.C.,Alex Allan (footballer)
Alex Allan (footballer),formerClub,Partick Thistle F.C.,Alex Allan (footballer)
Alex Allan (footballer),formerClub,Dumbarton F.C.,Alex Allan (footballer)
Alex Allan (footballer),formerClub,Queen of the South F.C.,Alex Allan (footballer)
Alex Allan (footballer),formerClub,Airdrieonians F.C.,Alex Allan (footballer)
Alex Allan (footballer),formerClub,Stenhousemuir F.C.,Alex Allan (footballer)
Alex Allan (footballer),formerClub,Clyde F.C.,Alex Allan (footballer)
Alex Allan (footballer),debutClub,Partick Thistle F.C.,Alex Allan (footballer)
Alex Allan (footballer),debutYear,2010,Alex Allan (footballer)
Alex Allan (footballer),careerStart,2010,Alex Allan (footballer)
Alex Allan (footballer),league,Scottish Championship,Alex Allan (footballer)
Alex Allan (footballer),notableAchievement,Scottish League One winner (2015-16 with Dunfermline Athletic),Alex Allan (footballer)
Alex Allan (footballer),notableAchievement,Scottish Challenge Cup winner (2016-17 with Dundee United),Alex Allan (footballer)
Henriette Hansen (handballer),instanceOf,human,Henriette Hansen (handballer)
Henriette Hansen (handballer),instanceOf,handball player,Henriette Hansen (handballer)
Henriette Hansen (handballer),occupation,handballer,Henriette Hansen (handballer)
Henriette Hansen (handballer),nationality,Danish,Henriette Hansen (handballer)
Henriette Hansen (handballer),birthDate,1982-03-26,Henriette Hansen (handballer)
Henriette Hansen (handballer),birthPlace,Denmark,Henriette Hansen (handballer)
Henriette Hansen (handballer),positionPlayed,goalkeeper,Henriette Hansen (handballer)
Henriette Hansen (handballer),memberOfSportsTeam,Viborg HK,Henriette Hansen (handballer)
Henriette Hansen (handballer),memberOfSportsTeam,Denmark women's national handball team,Henriette Hansen (handballer)
Henriette Hansen (handballer),sport,handball,Henriette Hansen (handballer)
Henriette Hansen (handballer),awardReceived,Danish Handball Player of the Year (2009),Henriette Hansen (handballer)
Henriette Hansen (handballer),height,1.78 meters,Henriette Hansen (handballer)
Wyoming Game and Fish Department,instanceOf,state wildlife agency,Wyoming Game and Fish Department
Wyoming Game and Fish Department,instanceOf,government agency,Wyoming Game and Fish Department
Wyoming Game and Fish Department,jurisdiction,Wyoming,Wyoming Game and Fish Department
Wyoming Game and Fish Department,responsibility,wildlife management,Wyoming Game and Fish Department
Wyoming Game and Fish Department,responsibility,fisheries management,Wyoming Game and Fish Department
Wyoming Game and Fish Department,responsibility,hunting regulation,Wyoming Game and Fish Department
Wyoming Game and Fish Department,responsibility,fishing regulation,Wyoming Game and Fish Department
Wyoming Game and Fish Department,responsibility,habitat conservation,Wyoming Game and Fish Department
Wyoming Game and Fish Department,responsibility,wildlife law enforcement,Wyoming Game and Fish Department
Wyoming Game and Fish Department,headquarters,"Cheyenne, Wyoming",Wyoming Game and Fish Department
Wyoming Game and Fish Department,established,1947,Wyoming Game and Fish Department
Wyoming Game and Fish Department,fundingSource,hunting and fishing license fees,Wyoming Game and Fish Department
Wyoming Game and Fish Department,fundingSource,federal excise taxes on hunting and fishing equipment,Wyoming Game and Fish Department
Wyoming Game and Fish Department,fundingSource,state appropriations,Wyoming Game and Fish Department
Wyoming Game and Fish Department,operates,wildlife management areas,Wyoming Game and Fish Department
Wyoming Game and Fish Department,operates,fish hatcheries,Wyoming Game and Fish Department
Wyoming Game and Fish Department,operates,public access areas,Wyoming Game and Fish Department
Wyoming Game and Fish Department,manages,big game species,Wyoming Game and Fish Department
Wyoming Game and Fish Department,manages,game birds,Wyoming Game and Fish Department
Wyoming Game and Fish Department,manages,freshwater fish species,Wyoming Game and Fish Department
Wyoming Game and Fish Department,conducts,wildlife research,Wyoming Game and Fish Department
Wyoming Game and Fish Department,conducts,habitat improvement projects,Wyoming Game and Fish Department
Wyoming Game and Fish Department,conducts,public education programs,Wyoming Game and Fish Department
Wyoming Game and Fish Department,enforces,Wyoming wildlife laws,Wyoming Game and Fish Department
Wyoming Game and Fish Department,enforces,federal wildlife laws,Wyoming Game and Fish Department
Wyoming Game and Fish Department,collaboratesWith,U.S. Fish and Wildlife Service,Wyoming Game and Fish Department
Wyoming Game and Fish Department,collaboratesWith,Bureau of Land Management,Wyoming Game and Fish Department
Wyoming Game and Fish Department,collaboratesWith,U.S. Forest Service,Wyoming Game and Fish Department
Wyoming Game and Fish Department,collaboratesWith,National Park Service,Wyoming Game and Fish Department
Wyoming Game and Fish Department,collaboratesWith,tribal wildlife agencies,Wyoming Game and Fish Department
Wyoming Game and Fish Department,website,https://wgfd.wyo.gov/,Wyoming Game and Fish Department
Peter Laurence (diplomat),instanceOf,Person,Peter Laurence (diplomat)
Peter Laurence (diplomat),instanceOf,Diplomat,Peter Laurence (diplomat)
Peter Laurence (diplomat),occupation,Diplomat,Peter Laurence (diplomat)
Peter Laurence (diplomat),nationality,British,Peter Laurence (diplomat)
Peter Laurence (diplomat),servedAs,British Ambassador to Nepal,Peter Laurence (diplomat)
Peter Laurence (diplomat),termStart,1989,Peter Laurence (diplomat)
Peter Laurence (diplomat),termEnd,1992,Peter Laurence (diplomat)
Peter Laurence (diplomat),servedAs,British High Commissioner to Malawi,Peter Laurence (diplomat)
Peter Laurence (diplomat),termStart,1992,Peter Laurence (diplomat)
Peter Laurence (diplomat),termEnd,1996,Peter Laurence (diplomat)
Peter Laurence (diplomat),servedAs,British High Commissioner to Brunei,Peter Laurence (diplomat)
Peter Laurence (diplomat),termStart,1996,Peter Laurence (diplomat)
Peter Laurence (diplomat),termEnd,2000,Peter Laurence (diplomat)
Peter Laurence (diplomat),education,University of Oxford,Peter Laurence (diplomat)
Peter Laurence (diplomat),almaMater,University of Oxford,Peter Laurence (diplomat)
Peter Laurence (diplomat),awardReceived,Companion of the Order of St Michael and St George (CMG),Peter Laurence (diplomat)
Peter Laurence (diplomat),birthPlace,United Kingdom,Peter Laurence (diplomat)
Bayerisches Armeemuseum,instanceOf,museum,Bayerisches Armeemuseum
Bayerisches Armeemuseum,location,Ingolstadt,Bayerisches Armeemuseum
Bayerisches Armeemuseum,location,Bavaria,Bayerisches Armeemuseum
Bayerisches Armeemuseum,location,Germany,Bayerisches Armeemuseum
Bayerisches Armeemuseum,established,1879,Bayerisches Armeemuseum
Bayerisches Armeemuseum,focus,military history,Bayerisches Armeemuseum
Bayerisches Armeemuseum,focus,Bavarian army,Bayerisches Armeemuseum
Bayerisches Armeemuseum,collection,weapons,Bayerisches Armeemuseum
Bayerisches Armeemuseum,collection,armor,Bayerisches Armeemuseum
Bayerisches Armeemuseum,collection,uniforms,Bayerisches Armeemuseum
Bayerisches Armeemuseum,collection,artillery,Bayerisches Armeemuseum
Bayerisches Armeemuseum,collection,historical documents,Bayerisches Armeemuseum
Bayerisches Armeemuseum,building,New Castle (Neues Schloss),Bayerisches Armeemuseum
Bayerisches Armeemuseum,relocated,1969,Bayerisches Armeemuseum
Bayerisches Armeemuseum,relocatedTo,Ingolstadt,Bayerisches Armeemuseum
Bayerisches Armeemuseum,previousLocation,Munich,Bayerisches Armeemuseum
Bayerisches Armeemuseum,director,various (historically),Bayerisches Armeemuseum
Bayerisches Armeemuseum,website,https://www.armeemuseum.de,Bayerisches Armeemuseum
Bayerisches Armeemuseum,type,state museum,Bayerisches Armeemuseum
Bayerisches Armeemuseum,affiliation,Bavarian state,Bayerisches Armeemuseum
Ismael Edwards Matte,instanceOf,human,Ismael Edwards Matte
Ismael Edwards Matte,instanceOf,politician,Ismael Edwards Matte
Ismael Edwards Matte,instanceOf,journalist,Ismael Edwards Matte
Ismael Edwards Matte,birthDate,1878-01-01,Ismael Edwards Matte
Ismael Edwards Matte,deathDate,1957-01-01,Ismael Edwards Matte
Ismael Edwards Matte,birthPlace,Santiago,Ismael Edwards Matte
Ismael Edwards Matte,birthPlace,Chile,Ismael Edwards Matte
Ismael Edwards Matte,nationality,Chilean,Ismael Edwards Matte
Ismael Edwards Matte,occupation,journalist,Ismael Edwards Matte
Ismael Edwards Matte,occupation,politician,Ismael Edwards Matte
Ismael Edwards Matte,occupation,diplomat,Ismael Edwards Matte
Ismael Edwards Matte,memberOf,Liberal Party (Chile),Ismael Edwards Matte
Ismael Edwards Matte,positionHeld,Minister of Foreign Affairs of Chile,Ismael Edwards Matte
Ismael Edwards Matte,positionHeld,Senator of Chile,Ismael Edwards Matte
Ismael Edwards Matte,positionHeld,Deputy of Chile,Ismael Edwards Matte
Ismael Edwards Matte,notableWork,El Mercurio (newspaper),Ismael Edwards Matte
Ismael Edwards Matte,relatedTo,Edwards family (Chile),Ismael Edwards Matte
Ismael Edwards Matte,spouse,Elena Matte Amunátegui,Ismael Edwards Matte
Llansantffraid railway station,instanceOf,railway station,Llansantffraid railway station
Llansantffraid railway station,locatedIn,Llansantffraid-ym-Mechain,Llansantffraid railway station
Llansantffraid railway station,locatedIn,Powys,Llansantffraid railway station
Llansantffraid railway station,locatedIn,Wales,Llansantffraid railway station
Llansantffraid railway station,locatedIn,United Kingdom,Llansantffraid railway station
Llansantffraid railway station,operatedBy,Cambrian Railways (historically),Llansantffraid railway station
Llansantffraid railway station,lineServed,Cambrian Line,Llansantffraid railway station
Llansantffraid railway station,opened,1863,Llansantffraid railway station
Llansantffraid railway station,closed,1965,Llansantffraid railway station
Llansantffraid railway station,status,disused,Llansantffraid railway station
Llansantffraid railway station,nearestMajorCity,Oswestry,Llansantffraid railway station
Llansantffraid railway station,nearestMajorCity,Shrewsbury,Llansantffraid railway station
Church of St. Elizabeth of Hungary in Łódź,instanceOf,church,Church of St. Elizabeth of Hungary in Łódź
Church of St. Elizabeth of Hungary in Łódź,instanceOf,Catholic church,Church of St. Elizabeth of Hungary in Łódź
Church of St. Elizabeth of Hungary in Łódź,locatedIn,Łódź,Church of St. Elizabeth of Hungary in Łódź
Church of St. Elizabeth of Hungary in Łódź,locatedIn,Poland,Church of St. Elizabeth of Hungary in Łódź
Church of St. Elizabeth of Hungary in Łódź,dedicatedTo,Saint Elizabeth of Hungary,Church of St. Elizabeth of Hungary in Łódź
Church of St. Elizabeth of Hungary in Łódź,denomination,Roman Catholic,Church of St. Elizabeth of Hungary in Łódź
Church of St. Elizabeth of Hungary in Łódź,architecturalStyle,Neo-Gothic,Church of St. Elizabeth of Hungary in Łódź
Church of St. Elizabeth of Hungary in Łódź,constructionStart,1883,Church of St. Elizabeth of Hungary in Łódź
Church of St. Elizabeth of Hungary in Łódź,constructionCompleted,1897,Church of St. Elizabeth of Hungary in Łódź
Church of St. Elizabeth of Hungary in Łódź,architect,Otto Gehlig,Church of St. Elizabeth of Hungary in Łódź
Church of St. Elizabeth of Hungary in Łódź,status,active,Church of St. Elizabeth of Hungary in Łódź
Church of St. Elizabeth of Hungary in Łódź,notableFeature,twin spires,Church of St. Elizabeth of Hungary in Łódź
Church of St. Elizabeth of Hungary in Łódź,height,70 meters,Church of St. Elizabeth of Hungary in Łódź
Church of St. Elizabeth of Hungary in Łódź,material,brick,Church of St. Elizabeth of Hungary in Łódź
Church of St. Elizabeth of Hungary in Łódź,parish,Parish of St. Elizabeth of Hungary,Church of St. Elizabeth of Hungary in Łódź
Church of St. Elizabeth of Hungary in Łódź,diocese,Archdiocese of Łódź,Church of St. Elizabeth of Hungary in Łódź
Church of St. Elizabeth of Hungary in Łódź,historicalSignificance,one of the largest churches in Łódź,Church of St. Elizabeth of Hungary in Łódź
Church of St. Elizabeth of Hungary in Łódź,address,"ul. Piotrkowska 56, 90-103 Łódź, Poland",Church of St. Elizabeth of Hungary in Łódź
Never Never (TV series),instanceOf,TV series,Never Never (TV series)
Never Never (TV series),genre,Drama,Never Never (TV series)
Never Never (TV series),genre,Thriller,Never Never (TV series)
Never Never (TV series),creator,Harlan Coben,Never Never (TV series)
Never Never (TV series),basedOn,Never Never by Harlan Coben,Never Never (TV series)
Never Never (TV series),releaseDate,2023-09-18,Never Never (TV series)
Never Never (TV series),countryOfOrigin,United States,Never Never (TV series)
Never Never (TV series),language,English,Never Never (TV series)
Never Never (TV series),numberOfSeasons,1,Never Never (TV series)
Never Never (TV series),numberOfEpisodes,8,Never Never (TV series)
Never Never (TV series),network,Amazon Prime Video,Never Never (TV series)
Never Never (TV series),director,Richard J. Lewis,Never Never (TV series)
Never Never (TV series),starring,James Badge Dale,Never Never (TV series)
Never Never (TV series),starring,Eve Hewson,Never Never (TV series)
Never Never (TV series),starring,Connie Nielsen,Never Never (TV series)
Never Never (TV series),starring,Adrian Lester,Never Never (TV series)
Never Never (TV series),productionCompany,Final Twist Productions,Never Never (TV series)
Never Never (TV series),productionCompany,Amazon Studios,Never Never (TV series)
Ten Ren Tea,instanceOf,company,Ten Ren Tea
Ten Ren Tea,instanceOf,tea retailer,Ten Ren Tea
Ten Ren Tea,foundedIn,1953,Ten Ren Tea
Ten Ren Tea,foundedIn,Taiwan,Ten Ren Tea
Ten Ren Tea,headquarters,Taipei,Ten Ren Tea
Ten Ren Tea,industry,food and beverage,Ten Ren Tea
Ten Ren Tea,industry,retail,Ten Ren Tea
Ten Ren Tea,product,tea,Ten Ren Tea
Ten Ren Tea,product,tea accessories,Ten Ren Tea
Ten Ren Tea,product,tea-based beverages,Ten Ren Tea
Ten Ren Tea,product,bubble tea,Ten Ren Tea
Ten Ren Tea,product,loose-leaf tea,Ten Ren Tea
Ten Ren Tea,product,tea bags,Ten Ren Tea
Ten Ren Tea,product,tea sets,Ten Ren Tea
Ten Ren Tea,product,tea snacks,Ten Ren Tea
Ten Ren Tea,operatesIn,Taiwan,Ten Ren Tea
Ten Ren Tea,operatesIn,United States,Ten Ren Tea
Ten Ren Tea,operatesIn,Canada,Ten Ren Tea
Ten Ren Tea,operatesIn,China,Ten Ren Tea
Ten Ren Tea,operatesIn,Japan,Ten Ren Tea
Ten Ren Tea,operatesIn,Malaysia,Ten Ren Tea
Ten Ren Tea,operatesIn,Singapore,Ten Ren Tea
Ten Ren Tea,operatesIn,Australia,Ten Ren Tea
Ten Ren Tea,operatesIn,United Kingdom,Ten Ren Tea
Ten Ren Tea,founder,Tsai Wan-Tsai,Ten Ren Tea
Ten Ren Tea,type,private company,Ten Ren Tea
Ten Ren Tea,website,https://www.tenren.com,Ten Ren Tea
Ten Ren Tea,knownFor,bubble tea,Ten Ren Tea
Ten Ren Tea,knownFor,traditional Chinese tea,Ten Ren Tea
Ten Ren Tea,knownFor,tea culture promotion,Ten Ren Tea
Ten Ren Tea,parentOrganization,Ten Ren Group,Ten Ren Tea
Ten Ren Tea,subsidiary,Ten Ren Tea USA,Ten Ren Tea
Ten Ren Tea,subsidiary,Ten Ren Tea Canada,Ten Ren Tea
Ten Ren Tea,awardReceived,Taiwan Excellence Award,Ten Ren Tea
Ten Ren Tea,awardReceived,Tea Innovation Award,Ten Ren Tea
Ten Ren Tea,slogan,The Art of Tea,Ten Ren Tea
Ten Ren Tea,slogan,Brewing Happiness,Ten Ren Tea
Dorothea Waley Singer,instanceOf,human,Dorothea Waley Singer
Dorothea Waley Singer,instanceOf,historian,Dorothea Waley Singer
Dorothea Waley Singer,instanceOf,paleographer,Dorothea Waley Singer
Dorothea Waley Singer,dateOfBirth,1882,Dorothea Waley Singer
Dorothea Waley Singer,dateOfDeath,1964,Dorothea Waley Singer
Dorothea Waley Singer,placeOfBirth,London,Dorothea Waley Singer
Dorothea Waley Singer,placeOfDeath,Par,Dorothea Waley Singer
Dorothea Waley Singer,countryOfCitizenship,United Kingdom,Dorothea Waley Singer
Dorothea Waley Singer,occupation,historian,Dorothea Waley Singer
Dorothea Waley Singer,occupation,paleographer,Dorothea Waley Singer
Dorothea Waley Singer,occupation,art historian,Dorothea Waley Singer
Dorothea Waley Singer,fieldOfWork,medieval manuscripts,Dorothea Waley Singer
Dorothea Waley Singer,fieldOfWork,history of science,Dorothea Waley Singer
Dorothea Waley Singer,notableWork,Catalogue of Latin and Vernacular Alchemical Manuscripts in Great Britain and Ireland,Dorothea Waley Singer
Dorothea Waley Singer,spouse,Charles Singer,Dorothea Waley Singer
Dorothea Waley Singer,educatedAt,University of London,Dorothea Waley Singer
Dorothea Waley Singer,memberOf,Society of Antiquaries of London,Dorothea Waley Singer
Dorothea Waley Singer,awardReceived,Fellow of the Society of Antiquaries (FSA),Dorothea Waley Singer
Dorothea Waley Singer,awardReceived,Fellow of the Royal Society of Arts (FRSA),Dorothea Waley Singer
Dorothea Waley Singer,contributedTo,study of alchemy,Dorothea Waley Singer
Dorothea Waley Singer,contributedTo,history of medicine,Dorothea Waley Singer
Dorothea Waley Singer,collaboratedWith,Charles Singer,Dorothea Waley Singer
Dorothea Waley Singer,residence,"Par, Cornwall",Dorothea Waley Singer
Dorothea Waley Singer,languageSpoken,English,Dorothea Waley Singer
Dorothea Waley Singer,languageSpoken,Latin,Dorothea Waley Singer
Dorothea Waley Singer,languageSpoken,French,Dorothea Waley Singer
Dorothea Waley Singer,influencedBy,medieval scholarship,Dorothea Waley Singer
Dorothea Waley Singer,influenced,later historians of science,Dorothea Waley Singer
Judo at the 2023 Pan American Games – Women's 63 kg,instanceOf,sports event,Judo at the 2023 Pan American Games – Women's 63 kg
Judo at the 2023 Pan American Games – Women's 63 kg,partOf,2023 Pan American Games,Judo at the 2023 Pan American Games – Women's 63 kg
Judo at the 2023 Pan American Games – Women's 63 kg,sport,judo,Judo at the 2023 Pan American Games – Women's 63 kg
Judo at the 2023 Pan American Games – Women's 63 kg,genderCategory,women's,Judo at the 2023 Pan American Games – Women's 63 kg
Judo at the 2023 Pan American Games – Women's 63 kg,weightClass,63 kg,Judo at the 2023 Pan American Games – Women's 63 kg
Judo at the 2023 Pan American Games – Women's 63 kg,location,"Santiago, Chile",Judo at the 2023 Pan American Games – Women's 63 kg
Judo at the 2023 Pan American Games – Women's 63 kg,startDate,2023-10-28,Judo at the 2023 Pan American Games – Women's 63 kg
Judo at the 2023 Pan American Games – Women's 63 kg,endDate,2023-10-28,Judo at the 2023 Pan American Games – Women's 63 kg
Judo at the 2023 Pan American Games – Women's 63 kg,goldMedalist,Maylín del Toro Carvajal,Judo at the 2023 Pan American Games – Women's 63 kg
Judo at the 2023 Pan American Games – Women's 63 kg,silverMedalist,Prisca Awiti Alcaraz,Judo at the 2023 Pan American Games – Women's 63 kg
Judo at the 2023 Pan American Games – Women's 63 kg,bronzeMedalist,Isabela Ikeda,Judo at the 2023 Pan American Games – Women's 63 kg
Judo at the 2023 Pan American Games – Women's 63 kg,bronzeMedalist,Kristine Jiménez,Judo at the 2023 Pan American Games – Women's 63 kg
Judo at the 2023 Pan American Games – Women's 63 kg,organizingBody,Pan American Sports Organization (PASO),Judo at the 2023 Pan American Games – Women's 63 kg
Judo at the 2023 Pan American Games – Women's 63 kg,venue,Contact Sports Center,Judo at the 2023 Pan American Games – Women's 63 kg
2011–12 Harvard Crimson men's basketball team,instanceOf,college basketball team,2011–12 Harvard Crimson men's basketball team
2011–12 Harvard Crimson men's basketball team,instanceOf,sports team season,2011–12 Harvard Crimson men's basketball team
2011–12 Harvard Crimson men's basketball team,sport,basketball,2011–12 Harvard Crimson men's basketball team
2011–12 Harvard Crimson men's basketball team,gender,male,2011–12 Harvard Crimson men's basketball team
2011–12 Harvard Crimson men's basketball team,affiliation,Harvard University,2011–12 Harvard Crimson men's basketball team
2011–12 Harvard Crimson men's basketball team,conference,Ivy League,2011–12 Harvard Crimson men's basketball team
2011–12 Harvard Crimson men's basketball team,season,2011–12,2011–12 Harvard Crimson men's basketball team
2011–12 Harvard Crimson men's basketball team,headCoach,Tommy Amaker,2011–12 Harvard Crimson men's basketball team
2011–12 Harvard Crimson men's basketball team,record,26–5,2011–12 Harvard Crimson men's basketball team
2011–12 Harvard Crimson men's basketball team,record,12–2 (Ivy League),2011–12 Harvard Crimson men's basketball team
2011–12 Harvard Crimson men's basketball team,NCAA Tournament Appearance,2012,2011–12 Harvard Crimson men's basketball team
2011–12 Harvard Crimson men's basketball team,NCAA Tournament Seed,12,2011–12 Harvard Crimson men's basketball team
2011–12 Harvard Crimson men's basketball team,NCAA Tournament Result,Round of 64 (lost to Vanderbilt),2011–12 Harvard Crimson men's basketball team
2011–12 Harvard Crimson men's basketball team,homeVenue,Lavietes Pavilion,2011–12 Harvard Crimson men's basketball team
2011–12 Harvard Crimson men's basketball team,captain,Keith Wright,2011–12 Harvard Crimson men's basketball team
2011–12 Harvard Crimson men's basketball team,captain,Oliver McNally,2011–12 Harvard Crimson men's basketball team
2011–12 Harvard Crimson men's basketball team,notablePlayer,Wesley Saunders,2011–12 Harvard Crimson men's basketball team
2011–12 Harvard Crimson men's basketball team,notablePlayer,Kyle Casey,2011–12 Harvard Crimson men's basketball team
2011–12 Harvard Crimson men's basketball team,notablePlayer,Brandyn Curry,2011–12 Harvard Crimson men's basketball team
2011–12 Harvard Crimson men's basketball team,Ivy League Champion,Yes,2011–12 Harvard Crimson men's basketball team
2011–12 Harvard Crimson men's basketball team,Ivy League Player of the Year,Keith Wright,2011–12 Harvard Crimson men's basketball team
2011–12 Harvard Crimson men's basketball team,Ivy League Rookie of the Year,Wesley Saunders,2011–12 Harvard Crimson men's basketball team
2011–12 Harvard Crimson men's basketball team,partOf,Harvard Crimson men's basketball,2011–12 Harvard Crimson men's basketball team
2011–12 Harvard Crimson men's basketball team,precededBy,2010–11 Harvard Crimson men's basketball team,2011–12 Harvard Crimson men's basketball team
2011–12 Harvard Crimson men's basketball team,followedBy,2012–13 Harvard Crimson men's basketball team,2011–12 Harvard Crimson men's basketball team
E. Talbot Donaldson,instanceOf,human,E. Talbot Donaldson
E. Talbot Donaldson,instanceOf,scholar,E. Talbot Donaldson
E. Talbot Donaldson,instanceOf,academic,E. Talbot Donaldson
E. Talbot Donaldson,fullName,Everett Talbot Donaldson,E. Talbot Donaldson
E. Talbot Donaldson,birthDate,1910-08-13,E. Talbot Donaldson
E. Talbot Donaldson,deathDate,1987-04-13,E. Talbot Donaldson
E. Talbot Donaldson,birthPlace,"Portland, Maine, U.S.",E. Talbot Donaldson
E. Talbot Donaldson,deathPlace,"New Haven, Connecticut, U.S.",E. Talbot Donaldson
E. Talbot Donaldson,occupation,medievalist,E. Talbot Donaldson
E. Talbot Donaldson,occupation,professor,E. Talbot Donaldson
E. Talbot Donaldson,fieldOfStudy,Middle English literature,E. Talbot Donaldson
E. Talbot Donaldson,fieldOfStudy,Chaucer studies,E. Talbot Donaldson
E. Talbot Donaldson,almaMater,Yale University,E. Talbot Donaldson
E. Talbot Donaldson,almaMater,Harvard University,E. Talbot Donaldson
E. Talbot Donaldson,degree,Bachelor of Arts,E. Talbot Donaldson
E. Talbot Donaldson,degree,Doctor of Philosophy,E. Talbot Donaldson
E. Talbot Donaldson,notableWork,Chaucer's Poetry: An Anthology for the Modern Reader,E. Talbot Donaldson
E. Talbot Donaldson,notableWork,The Swan at the Well: Shakespeare Reading Chaucer,E. Talbot Donaldson
E. Talbot Donaldson,award,Haskins Medal,E. Talbot Donaldson
E. Talbot Donaldson,awardYear,1971,E. Talbot Donaldson
E. Talbot Donaldson,employer,Yale University,E. Talbot Donaldson
E. Talbot Donaldson,employer,Indiana University,E. Talbot Donaldson
E. Talbot Donaldson,position,Sterling Professor of English,E. Talbot Donaldson
E. Talbot Donaldson,position,Professor of English,E. Talbot Donaldson
E. Talbot Donaldson,notableStudent,Derek Pearsall,E. Talbot Donaldson
E. Talbot Donaldson,notableStudent,Lee Patterson,E. Talbot Donaldson
E. Talbot Donaldson,influencedBy,George Lyman Kittredge,E. Talbot Donaldson
E. Talbot Donaldson,influenced,medieval literary scholarship,E. Talbot Donaldson
E. Talbot Donaldson,memberOf,Medieval Academy of America,E. Talbot Donaldson
E. Talbot Donaldson,memberOf,Modern Language Association,E. Talbot Donaldson
The Adventures of Nicholas Nickleby,instanceOf,Novel,The Adventures of Nicholas Nickleby
The Adventures of Nicholas Nickleby,instanceOf,LiteraryWork,The Adventures of Nicholas Nickleby
The Adventures of Nicholas Nickleby,author,Charles Dickens,The Adventures of Nicholas Nickleby
The Adventures of Nicholas Nickleby,publicationYear,1839,The Adventures of Nicholas Nickleby
The Adventures of Nicholas Nickleby,genre,Bildungsroman,The Adventures of Nicholas Nickleby
The Adventures of Nicholas Nickleby,genre,SocialCriticism,The Adventures of Nicholas Nickleby
The Adventures of Nicholas Nickleby,genre,Satire,The Adventures of Nicholas Nickleby
The Adventures of Nicholas Nickleby,originalLanguage,English,The Adventures of Nicholas Nickleby
The Adventures of Nicholas Nickleby,countryOfOrigin,United Kingdom,The Adventures of Nicholas Nickleby
The Adventures of Nicholas Nickleby,publisher,Chapman & Hall,The Adventures of Nicholas Nickleby
The Adventures of Nicholas Nickleby,narrativeForm,SerialNovel,The Adventures of Nicholas Nickleby
The Adventures of Nicholas Nickleby,partOfSeries,Dickens'sEarlyNovels,The Adventures of Nicholas Nickleby
The Adventures of Nicholas Nickleby,mainCharacter,Nicholas Nickleby,The Adventures of Nicholas Nickleby
The Adventures of Nicholas Nickleby,mainCharacter,Smike,The Adventures of Nicholas Nickleby
The Adventures of Nicholas Nickleby,mainCharacter,Ralph Nickleby,The Adventures of Nicholas Nickleby
The Adventures of Nicholas Nickleby,mainCharacter,Kate Nickleby,The Adventures of Nicholas Nickleby
The Adventures of Nicholas Nickleby,mainCharacter,Wackford Squeers,The Adventures of Nicholas Nickleby
The Adventures of Nicholas Nickleby,setting,London,The Adventures of Nicholas Nickleby
The Adventures of Nicholas Nickleby,setting,Yorkshire,The Adventures of Nicholas Nickleby
The Adventures of Nicholas Nickleby,setting,19thCenturyEngland,The Adventures of Nicholas Nickleby
The Adventures of Nicholas Nickleby,themes,SocialInjustice,The Adventures of Nicholas Nickleby
The Adventures of Nicholas Nickleby,themes,Poverty,The Adventures of Nicholas Nickleby
The Adventures of Nicholas Nickleby,themes,Family,The Adventures of Nicholas Nickleby
The Adventures of Nicholas Nickleby,themes,Redemption,The Adventures of Nicholas Nickleby
The Adventures of Nicholas Nickleby,themes,Education,The Adventures of Nicholas Nickleby
The Adventures of Nicholas Nickleby,adaptedInto,Film,The Adventures of Nicholas Nickleby
The Adventures of Nicholas Nickleby,adaptedInto,TelevisionSeries,The Adventures of Nicholas Nickleby
The Adventures of Nicholas Nickleby,adaptedInto,StagePlay,The Adventures of Nicholas Nickleby
The Adventures of Nicholas Nickleby,adaptationYear,1947,The Adventures of Nicholas Nickleby
The Adventures of Nicholas Nickleby,adaptationYear,1977,The Adventures of Nicholas Nickleby
The Adventures of Nicholas Nickleby,adaptationYear,1982,The Adventures of Nicholas Nickleby
The Adventures of Nicholas Nickleby,adaptationYear,2001,The Adventures of Nicholas Nickleby
The Adventures of Nicholas Nickleby,adaptationYear,2002,The Adventures of Nicholas Nickleby
The Adventures of Nicholas Nickleby,notableAdaptation,Royal Shakespeare CompanyProduction,The Adventures of Nicholas Nickleby
The Adventures of Nicholas Nickleby,awards,NoneMajor,The Adventures of Nicholas Nickleby
The Adventures of Nicholas Nickleby,influencedBy,Dickens'sOwnLifeExperiences,The Adventures of Nicholas Nickleby
The Adventures of Nicholas Nickleby,influenced,LaterSocialReformMovements,The Adventures of Nicholas Nickleby
The Adventures of Nicholas Nickleby,illustrator,HablotKnightBrowne,The Adventures of Nicholas Nickleby
The Adventures of Nicholas Nickleby,illustrator,Phiz,The Adventures of Nicholas Nickleby
The Adventures of Nicholas Nickleby,numberOfPages,Approximately950,The Adventures of Nicholas Nickleby
The Adventures of Nicholas Nickleby,isbn,VariousEditions,The Adventures of Nicholas Nickleby
Serikbolsyn Abdildin,instanceOf,Person,Serikbolsyn Abdildin
Serikbolsyn Abdildin,instanceOf,Politician,Serikbolsyn Abdildin
Serikbolsyn Abdildin,birthDate,1937-11-25,Serikbolsyn Abdildin
Serikbolsyn Abdildin,deathDate,2019-12-31,Serikbolsyn Abdildin
Serikbolsyn Abdildin,birthPlace,Kazakh Soviet Socialist Republic,Serikbolsyn Abdildin
Serikbolsyn Abdildin,birthPlace,USSR,Serikbolsyn Abdildin
Serikbolsyn Abdildin,nationality,Kazakh,Serikbolsyn Abdildin
Serikbolsyn Abdildin,occupation,Politician,Serikbolsyn Abdildin
Serikbolsyn Abdildin,occupation,Economist,Serikbolsyn Abdildin
Serikbolsyn Abdildin,politicalParty,Communist Party of Kazakhstan,Serikbolsyn Abdildin
Serikbolsyn Abdildin,positionHeld,First Secretary of the Communist Party of Kazakhstan,Serikbolsyn Abdildin
Serikbolsyn Abdildin,positionHeld,Chairman of the Supreme Soviet of Kazakhstan,Serikbolsyn Abdildin
Serikbolsyn Abdildin,positionHeld,Member of the Mazhilis,Serikbolsyn Abdildin
Serikbolsyn Abdildin,notableWork,Opposition leader in post-Soviet Kazakhstan,Serikbolsyn Abdildin
Serikbolsyn Abdildin,awardReceived,Order of the Red Banner of Labour,Serikbolsyn Abdildin
Serikbolsyn Abdildin,awardReceived,Order of Friendship of Peoples,Serikbolsyn Abdildin
Serikbolsyn Abdildin,education,Kazakh National Agrarian University,Serikbolsyn Abdildin
Serikbolsyn Abdildin,fieldOfWork,Agricultural economics,Serikbolsyn Abdildin
Serikbolsyn Abdildin,spouse,Unspecified (publicly known but not widely documented),Serikbolsyn Abdildin
Serikbolsyn Abdildin,notableFor,Leading Kazakhstan's Communist Party during its transition from Soviet rule,Serikbolsyn Abdildin
Serikbolsyn Abdildin,notableFor,Advocating for socialist policies in independent Kazakhstan,Serikbolsyn Abdildin
1995–96 Arkansas Razorbacks men's basketball team,instanceOf,college basketball team,1995–96 Arkansas Razorbacks men's basketball team
1995–96 Arkansas Razorbacks men's basketball team,sport,basketball,1995–96 Arkansas Razorbacks men's basketball team
1995–96 Arkansas Razorbacks men's basketball team,gender,men's,1995–96 Arkansas Razorbacks men's basketball team
1995–96 Arkansas Razorbacks men's basketball team,season,1995–96,1995–96 Arkansas Razorbacks men's basketball team
1995–96 Arkansas Razorbacks men's basketball team,affiliation,University of Arkansas,1995–96 Arkansas Razorbacks men's basketball team
1995–96 Arkansas Razorbacks men's basketball team,conference,Southeastern Conference (SEC),1995–96 Arkansas Razorbacks men's basketball team
1995–96 Arkansas Razorbacks men's basketball team,headCoach,Nolan Richardson,1995–96 Arkansas Razorbacks men's basketball team
1995–96 Arkansas Razorbacks men's basketball team,homeVenue,Bud Walton Arena,1995–96 Arkansas Razorbacks men's basketball team
1995–96 Arkansas Razorbacks men's basketball team,record,30–5 (12–4 SEC),1995–96 Arkansas Razorbacks men's basketball team
1995–96 Arkansas Razorbacks men's basketball team,NCAA Tournament Result,Elite Eight,1995–96 Arkansas Razorbacks men's basketball team
1995–96 Arkansas Razorbacks men's basketball team,SEC Tournament Result,Champion,1995–96 Arkansas Razorbacks men's basketball team
1995–96 Arkansas Razorbacks men's basketball team,SEC Regular Season Finish,2nd (West Division),1995–96 Arkansas Razorbacks men's basketball team
1995–96 Arkansas Razorbacks men's basketball team,notablePlayer,Corliss Williamson,1995–96 Arkansas Razorbacks men's basketball team
1995–96 Arkansas Razorbacks men's basketball team,notablePlayer,Scotty Thurman,1995–96 Arkansas Razorbacks men's basketball team
1995–96 Arkansas Razorbacks men's basketball team,notablePlayer,Pat Bradley,1995–96 Arkansas Razorbacks men's basketball team
1995–96 Arkansas Razorbacks men's basketball team,notablePlayer,Darnell Robinson,1995–96 Arkansas Razorbacks men's basketball team
1995–96 Arkansas Razorbacks men's basketball team,awardWinner,Corliss Williamson (SEC Player of the Year),1995–96 Arkansas Razorbacks men's basketball team
1995–96 Arkansas Razorbacks men's basketball team,awardWinner,Nolan Richardson (SEC Coach of the Year),1995–96 Arkansas Razorbacks men's basketball team
1995–96 Arkansas Razorbacks men's basketball team,ranking,AP Poll: #4 (Final),1995–96 Arkansas Razorbacks men's basketball team
1995–96 Arkansas Razorbacks men's basketball team,ranking,Coaches Poll: #4 (Final),1995–96 Arkansas Razorbacks men's basketball team
1995–96 Arkansas Razorbacks men's basketball team,keyGame,Defeated Memphis 75–68 (SEC Tournament Final),1995–96 Arkansas Razorbacks men's basketball team
1995–96 Arkansas Razorbacks men's basketball team,keyGame,Lost to Mississippi State 64–80 (NCAA Tournament Elite Eight),1995–96 Arkansas Razorbacks men's basketball team
1995–96 Arkansas Razorbacks men's basketball team,playingStyle,40 Minutes of Hell,1995–96 Arkansas Razorbacks men's basketball team
1995–96 Arkansas Razorbacks men's basketball team,previousSeason,1994–95 Arkansas Razorbacks men's basketball team,1995–96 Arkansas Razorbacks men's basketball team
1995–96 Arkansas Razorbacks men's basketball team,nextSeason,1996–97 Arkansas Razorbacks men's basketball team,1995–96 Arkansas Razorbacks men's basketball team
1995–96 Arkansas Razorbacks men's basketball team,mascot,Tusk the Razorback,1995–96 Arkansas Razorbacks men's basketball team
1995–96 Arkansas Razorbacks men's basketball team,colors,Cardinal and White,1995–96 Arkansas Razorbacks men's basketball team
1995–96 Arkansas Razorbacks men's basketball team,location,"Fayetteville, Arkansas",1995–96 Arkansas Razorbacks men's basketball team
1995–96 Arkansas Razorbacks men's basketball team,nickname,Hogs,1995–96 Arkansas Razorbacks men's basketball team
Anne Buttimer,instanceOf,human,Anne Buttimer
Anne Buttimer,instanceOf,geographer,Anne Buttimer
Anne Buttimer,dateOfBirth,1938,Anne Buttimer
Anne Buttimer,dateOfDeath,2017,Anne Buttimer
Anne Buttimer,nationality,Irish,Anne Buttimer
Anne Buttimer,fieldOfStudy,human geography,Anne Buttimer
Anne Buttimer,fieldOfStudy,social geography,Anne Buttimer
Anne Buttimer,fieldOfStudy,environmental perception,Anne Buttimer
Anne Buttimer,occupation,professor,Anne Buttimer
Anne Buttimer,affiliation,University College Dublin,Anne Buttimer
Anne Buttimer,affiliation,Clark University,Anne Buttimer
Anne Buttimer,awardReceived,Victoria Medal (Royal Geographical Society),Anne Buttimer
Anne Buttimer,awardReceived,Lauréate d'Honneur (International Geographical Union),Anne Buttimer
Anne Buttimer,notableWork,"The Wake of Erasmus: Saints, Scholars, and Studia in Medieval Norden",Anne Buttimer
Anne Buttimer,notableWork,Geography and the Human Experience,Anne Buttimer
Anne Buttimer,notableWork,The Practice of Geography,Anne Buttimer
Anne Buttimer,influencedBy,Torsten Hägerstrand,Anne Buttimer
Anne Buttimer,influencedBy,David Harvey,Anne Buttimer
Anne Buttimer,influenced,humanistic geography,Anne Buttimer
Anne Buttimer,positionHeld,President of the International Geographical Union (2000-2004),Anne Buttimer
Misfat al Abriyeen,instanceOf,village,Misfat al Abriyeen
Misfat al Abriyeen,locatedIn,Oman,Misfat al Abriyeen
Misfat al Abriyeen,locatedIn,Al Dakhiliyah Governorate,Misfat al Abriyeen
Misfat al Abriyeen,locatedIn,Nizwa,Misfat al Abriyeen
Misfat al Abriyeen,knownFor,traditional mud-brick houses,Misfat al Abriyeen
Misfat al Abriyeen,knownFor,agricultural terraces,Misfat al Abriyeen
Misfat al Abriyeen,knownFor,scenic mountain views,Misfat al Abriyeen
Misfat al Abriyeen,partOf,Hajar Mountains,Misfat al Abriyeen
Misfat al Abriyeen,hasFeature,aflaj irrigation system,Misfat al Abriyeen
Misfat al Abriyeen,population,small local community,Misfat al Abriyeen
Misfat al Abriyeen,touristAttraction,true,Misfat al Abriyeen
Misfat al Abriyeen,elevation,"approximately 1,000 meters above sea level",Misfat al Abriyeen
Aleš Dryml Sr.,instanceOf,human,Aleš Dryml Sr.
Aleš Dryml Sr.,instanceOf,speedway rider,Aleš Dryml Sr.
Aleš Dryml Sr.,dateOfBirth,1953-04-02,Aleš Dryml Sr.
Aleš Dryml Sr.,placeOfBirth,"Pardubice, Czechoslovakia",Aleš Dryml Sr.
Aleš Dryml Sr.,nationality,Czech,Aleš Dryml Sr.
Aleš Dryml Sr.,occupation,speedway rider,Aleš Dryml Sr.
Aleš Dryml Sr.,sport,speedway,Aleš Dryml Sr.
Aleš Dryml Sr.,notableAchievement,Czech Speedway Champion,Aleš Dryml Sr.
Aleš Dryml Sr.,notableAchievement,competed in Speedway World Team Cup,Aleš Dryml Sr.
Aleš Dryml Sr.,activeYears,1970s–1990s,Aleš Dryml Sr.
Aleš Dryml Sr.,relation,Aleš Dryml Jr. (son),Aleš Dryml Sr.
Aleš Dryml Sr.,relation,Luboš Dryml (son),Aleš Dryml Sr.
Aleš Dryml Sr.,club,AMK Zlatá Přilba Pardubice,Aleš Dryml Sr.
HSC Winnipeg Children's Hospital,instanceOf,children's hospital,HSC Winnipeg Children's Hospital
HSC Winnipeg Children's Hospital,instanceOf,healthcare facility,HSC Winnipeg Children's Hospital
HSC Winnipeg Children's Hospital,locatedIn,Winnipeg,HSC Winnipeg Children's Hospital
HSC Winnipeg Children's Hospital,locatedIn,Manitoba,HSC Winnipeg Children's Hospital
HSC Winnipeg Children's Hospital,locatedIn,Canada,HSC Winnipeg Children's Hospital
HSC Winnipeg Children's Hospital,partOf,Health Sciences Centre (HSC) Winnipeg,HSC Winnipeg Children's Hospital
HSC Winnipeg Children's Hospital,affiliatedWith,University of Manitoba,HSC Winnipeg Children's Hospital
HSC Winnipeg Children's Hospital,providesService,pediatric care,HSC Winnipeg Children's Hospital
HSC Winnipeg Children's Hospital,providesService,neonatal intensive care,HSC Winnipeg Children's Hospital
HSC Winnipeg Children's Hospital,providesService,emergency care for children,HSC Winnipeg Children's Hospital
HSC Winnipeg Children's Hospital,providesService,specialized surgeries for children,HSC Winnipeg Children's Hospital
HSC Winnipeg Children's Hospital,hasDepartment,Pediatric Intensive Care Unit (PICU),HSC Winnipeg Children's Hospital
HSC Winnipeg Children's Hospital,hasDepartment,Neonatal Intensive Care Unit (NICU),HSC Winnipeg Children's Hospital
HSC Winnipeg Children's Hospital,hasDepartment,Pediatric Emergency Department,HSC Winnipeg Children's Hospital
HSC Winnipeg Children's Hospital,hasDepartment,Child Life Program,HSC Winnipeg Children's Hospital
HSC Winnipeg Children's Hospital,hasDepartment,Pediatric Oncology,HSC Winnipeg Children's Hospital
HSC Winnipeg Children's Hospital,operatedBy,Shared Health Manitoba,HSC Winnipeg Children's Hospital
HSC Winnipeg Children's Hospital,established,1909 (as part of HSC Winnipeg),HSC Winnipeg Children's Hospital
HSC Winnipeg Children's Hospital,specializesIn,pediatric medicine,HSC Winnipeg Children's Hospital
HSC Winnipeg Children's Hospital,specializesIn,child health research,HSC Winnipeg Children's Hospital
HSC Winnipeg Children's Hospital,website,https://hsc.mb.ca/childrens-hospital,HSC Winnipeg Children's Hospital
Alicia Rodríguez (Spanish actress),instanceOf,human,Alicia Rodríguez (Spanish actress)
Alicia Rodríguez (Spanish actress),instanceOf,actress,Alicia Rodríguez (Spanish actress)
Alicia Rodríguez (Spanish actress),birthName,Alicia Rodríguez López,Alicia Rodríguez (Spanish actress)
Alicia Rodríguez (Spanish actress),dateOfBirth,1930-05-21,Alicia Rodríguez (Spanish actress)
Alicia Rodríguez (Spanish actress),placeOfBirth,"Tétouan, Spanish Morocco (now Morocco)",Alicia Rodríguez (Spanish actress)
Alicia Rodríguez (Spanish actress),dateOfDeath,2016-03-20,Alicia Rodríguez (Spanish actress)
Alicia Rodríguez (Spanish actress),placeOfDeath,"Madrid, Spain",Alicia Rodríguez (Spanish actress)
Alicia Rodríguez (Spanish actress),countryOfCitizenship,Spain,Alicia Rodríguez (Spanish actress)
Alicia Rodríguez (Spanish actress),occupation,actress,Alicia Rodríguez (Spanish actress)
Alicia Rodríguez (Spanish actress),occupation,voice actress,Alicia Rodríguez (Spanish actress)
Alicia Rodríguez (Spanish actress),notableWork,La casa de papel (TV series),Alicia Rodríguez (Spanish actress)
Alicia Rodríguez (Spanish actress),notableWork,El último cuplé (film),Alicia Rodríguez (Spanish actress)
Alicia Rodríguez (Spanish actress),notableWork,La gran familia (film),Alicia Rodríguez (Spanish actress)
Alicia Rodríguez (Spanish actress),awardReceived,Medalla de Oro al Mérito en las Bellas Artes (2011),Alicia Rodríguez (Spanish actress)
Alicia Rodríguez (Spanish actress),spouse,José María Forqué (married 1953–1995),Alicia Rodríguez (Spanish actress)
Alicia Rodríguez (Spanish actress),child,Álvaro Forqué,Alicia Rodríguez (Spanish actress)
Alicia Rodríguez (Spanish actress),child,Verónica Forqué,Alicia Rodríguez (Spanish actress)
Alicia Rodríguez (Spanish actress),languageSpoken,Spanish,Alicia Rodríguez (Spanish actress)
Alicia Rodríguez (Spanish actress),memberOf,Academia de las Artes y las Ciencias Cinematográficas de España,Alicia Rodríguez (Spanish actress)
"Wanderson (footballer, born 1980)",instanceOf,person,"Wanderson (footballer, born 1980)"
"Wanderson (footballer, born 1980)",instanceOf,footballer,"Wanderson (footballer, born 1980)"
"Wanderson (footballer, born 1980)",fullName,Wanderson de Paula Sabino,"Wanderson (footballer, born 1980)"
"Wanderson (footballer, born 1980)",dateOfBirth,1980-06-22,"Wanderson (footballer, born 1980)"
"Wanderson (footballer, born 1980)",placeOfBirth,"Novo Horizonte, São Paulo, Brazil","Wanderson (footballer, born 1980)"
"Wanderson (footballer, born 1980)",positionPlayed,forward,"Wanderson (footballer, born 1980)"
"Wanderson (footballer, born 1980)",countryOfCitizenship,Brazil,"Wanderson (footballer, born 1980)"
"Wanderson (footballer, born 1980)",memberOfSportsTeam,São Paulo FC,"Wanderson (footballer, born 1980)"
"Wanderson (footballer, born 1980)",memberOfSportsTeam,Corinthians,"Wanderson (footballer, born 1980)"
"Wanderson (footballer, born 1980)",memberOfSportsTeam,Atlético Mineiro,"Wanderson (footballer, born 1980)"
"Wanderson (footballer, born 1980)",memberOfSportsTeam,Vitória,"Wanderson (footballer, born 1980)"
"Wanderson (footballer, born 1980)",memberOfSportsTeam,Goiás,"Wanderson (footballer, born 1980)"
"Wanderson (footballer, born 1980)",memberOfSportsTeam,Portuguesa,"Wanderson (footballer, born 1980)"
"Wanderson (footballer, born 1980)",memberOfSportsTeam,Ceará,"Wanderson (footballer, born 1980)"
"Wanderson (footballer, born 1980)",memberOfSportsTeam,Santa Cruz,"Wanderson (footballer, born 1980)"
"Wanderson (footballer, born 1980)",memberOfSportsTeam,Náutico,"Wanderson (footballer, born 1980)"
"Wanderson (footballer, born 1980)",memberOfSportsTeam,CRB,"Wanderson (footballer, born 1980)"
"Wanderson (footballer, born 1980)",memberOfSportsTeam,ABC,"Wanderson (footballer, born 1980)"
"Wanderson (footballer, born 1980)",sport,association football,"Wanderson (footballer, born 1980)"
"Wanderson (footballer, born 1980)",height,1.78 m,"Wanderson (footballer, born 1980)"
Historical Dictionary Project of the Hebrew Language,instanceOf,lexicographical project,Historical Dictionary Project of the Hebrew Language
Historical Dictionary Project of the Hebrew Language,instanceOf,research initiative,Historical Dictionary Project of the Hebrew Language
Historical Dictionary Project of the Hebrew Language,focusesOn,Hebrew language,Historical Dictionary Project of the Hebrew Language
Historical Dictionary Project of the Hebrew Language,covers,historical development of Hebrew,Historical Dictionary Project of the Hebrew Language
Historical Dictionary Project of the Hebrew Language,covers,linguistic evolution of Hebrew,Historical Dictionary Project of the Hebrew Language
Historical Dictionary Project of the Hebrew Language,establishedBy,Academy of the Hebrew Language,Historical Dictionary Project of the Hebrew Language
Historical Dictionary Project of the Hebrew Language,location,Israel,Historical Dictionary Project of the Hebrew Language
Historical Dictionary Project of the Hebrew Language,startDate,1950s,Historical Dictionary Project of the Hebrew Language
Historical Dictionary Project of the Hebrew Language,goal,document all Hebrew words from ancient to modern times,Historical Dictionary Project of the Hebrew Language
Historical Dictionary Project of the Hebrew Language,includes,etymological analysis,Historical Dictionary Project of the Hebrew Language
Historical Dictionary Project of the Hebrew Language,includes,semantic shifts,Historical Dictionary Project of the Hebrew Language
Historical Dictionary Project of the Hebrew Language,includes,usage examples from historical texts,Historical Dictionary Project of the Hebrew Language
Historical Dictionary Project of the Hebrew Language,fundedBy,Israeli government,Historical Dictionary Project of the Hebrew Language
Historical Dictionary Project of the Hebrew Language,fundedBy,private donors,Historical Dictionary Project of the Hebrew Language
Historical Dictionary Project of the Hebrew Language,associatedWith,Hebrew University of Jerusalem,Historical Dictionary Project of the Hebrew Language
Historical Dictionary Project of the Hebrew Language,output,multi-volume dictionary,Historical Dictionary Project of the Hebrew Language
Historical Dictionary Project of the Hebrew Language,output,digital database,Historical Dictionary Project of the Hebrew Language
Historical Dictionary Project of the Hebrew Language,usesSourcesFrom,Biblical Hebrew,Historical Dictionary Project of the Hebrew Language
Historical Dictionary Project of the Hebrew Language,usesSourcesFrom,Mishnaic Hebrew,Historical Dictionary Project of the Hebrew Language
Historical Dictionary Project of the Hebrew Language,usesSourcesFrom,Medieval Hebrew,Historical Dictionary Project of the Hebrew Language
Historical Dictionary Project of the Hebrew Language,usesSourcesFrom,Modern Hebrew,Historical Dictionary Project of the Hebrew Language
Historical Dictionary Project of the Hebrew Language,methodology,corpus linguistics,Historical Dictionary Project of the Hebrew Language
Historical Dictionary Project of the Hebrew Language,methodology,historical-comparative linguistics,Historical Dictionary Project of the Hebrew Language
Historical Dictionary Project of the Hebrew Language,status,ongoing,Historical Dictionary Project of the Hebrew Language
Casey Crawford (American football),instanceOf,Person,Casey Crawford (American football)
Casey Crawford (American football),instanceOf,American football player,Casey Crawford (American football)
Casey Crawford (American football),fullName,Casey Crawford,Casey Crawford (American football)
Casey Crawford (American football),dateOfBirth,1977-02-01,Casey Crawford (American football)
Casey Crawford (American football),placeOfBirth,"Washington, D.C., U.S.",Casey Crawford (American football)
Casey Crawford (American football),position,Tight end,Casey Crawford (American football)
Casey Crawford (American football),college,University of Virginia,Casey Crawford (American football)
Casey Crawford (American football),draftedBy,Tampa Bay Buccaneers,Casey Crawford (American football)
Casey Crawford (American football),draftYear,2000,Casey Crawford (American football)
Casey Crawford (American football),draftRound,6,Casey Crawford (American football)
Casey Crawford (American football),draftPick,191,Casey Crawford (American football)
Casey Crawford (American football),playedFor,Tampa Bay Buccaneers,Casey Crawford (American football)
Casey Crawford (American football),nflDebut,2000,Casey Crawford (American football)
Casey Crawford (American football),nflFinalYear,2002,Casey Crawford (American football)
Casey Crawford (American football),superBowlWin,Super Bowl XXXVII,Casey Crawford (American football)
Casey Crawford (American football),height,6 ft 6 in,Casey Crawford (American football)
Casey Crawford (American football),weight,260 lb,Casey Crawford (American football)
Casey Crawford (American football),highSchool,St. John's College High School,Casey Crawford (American football)
Casey Crawford (American football),highSchoolLocation,"Washington, D.C.",Casey Crawford (American football)
Casey Crawford (American football),careerStats,12 receptions,Casey Crawford (American football)
Casey Crawford (American football),careerStats,137 receiving yards,Casey Crawford (American football)
Casey Crawford (American football),careerStats,1 touchdown,Casey Crawford (American football)
Casey Crawford (American football),postNflCareer,Entrepreneur,Casey Crawford (American football)
Casey Crawford (American football),foundedCompany,Movement Mortgage,Casey Crawford (American football)
Casey Crawford (American football),companyRole,CEO,Casey Crawford (American football)
Casey Crawford (American football),spouse,Michelle Crawford,Casey Crawford (American football)
Casey Crawford (American football),children,4,Casey Crawford (American football)
Masum Khan (cricketer),instanceOf,Person,Masum Khan (cricketer)
Masum Khan (cricketer),instanceOf,Cricketer,Masum Khan (cricketer)
Masum Khan (cricketer),fullName,Masum Khan,Masum Khan (cricketer)
Masum Khan (cricketer),country,Bangladesh,Masum Khan (cricketer)
Masum Khan (cricketer),sport,Cricket,Masum Khan (cricketer)
Masum Khan (cricketer),role,Bowler,Masum Khan (cricketer)
Masum Khan (cricketer),bowlingStyle,Right-arm off break,Masum Khan (cricketer)
Masum Khan (cricketer),battingStyle,Right-handed,Masum Khan (cricketer)
Masum Khan (cricketer),debut,2017 (List A),Masum Khan (cricketer)
Masum Khan (cricketer),teamsPlayedFor,Rajshahi Division,Masum Khan (cricketer)
Masum Khan (cricketer),teamsPlayedFor,Bangladesh A,Masum Khan (cricketer)
Masum Khan (cricketer),teamsPlayedFor,Prime Bank Cricket Club,Masum Khan (cricketer)
Masum Khan (cricketer),highestListARuns,41,Masum Khan (cricketer)
Masum Khan (cricketer),bestListABowling,3/25,Masum Khan (cricketer)
Masum Khan (cricketer),firstClassDebut,2017-2018,Masum Khan (cricketer)
Masum Khan (cricketer),firstClassTeams,Rajshahi Division,Masum Khan (cricketer)
Masum Khan (cricketer),firstClassMatches,10+,Masum Khan (cricketer)
Masum Khan (cricketer),listAMatches,30+,Masum Khan (cricketer)
Masum Khan (cricketer),T20Matches,10+,Masum Khan (cricketer)
Masum Khan (cricketer),birthPlace,Bangladesh,Masum Khan (cricketer)
"Lille Kamøya, Nordkapp",instanceOf,island,"Lille Kamøya, Nordkapp"
"Lille Kamøya, Nordkapp",locatedIn,Nordkapp Municipality,"Lille Kamøya, Nordkapp"
"Lille Kamøya, Nordkapp",locatedIn,Finnmark,"Lille Kamøya, Nordkapp"
"Lille Kamøya, Nordkapp",locatedIn,Norway,"Lille Kamøya, Nordkapp"
"Lille Kamøya, Nordkapp",partOf,Nordkapp archipelago,"Lille Kamøya, Nordkapp"
"Lille Kamøya, Nordkapp",nearbyLandmark,North Cape,"Lille Kamøya, Nordkapp"
"Lille Kamøya, Nordkapp",coordinates,71°07′N 25°47′E,"Lille Kamøya, Nordkapp"
"Lille Kamøya, Nordkapp",administrativeRegion,Troms og Finnmark county,"Lille Kamøya, Nordkapp"
"Lille Kamøya, Nordkapp",population,uninhabited,"Lille Kamøya, Nordkapp"
"Lille Kamøya, Nordkapp",notableFeature,rugged coastline,"Lille Kamøya, Nordkapp"
"Lille Kamøya, Nordkapp",climate,arctic,"Lille Kamøya, Nordkapp"
José María Oriol Urquijo,instanceOf,human,José María Oriol Urquijo
José María Oriol Urquijo,instanceOf,politician,José María Oriol Urquijo
José María Oriol Urquijo,instanceOf,businessperson,José María Oriol Urquijo
José María Oriol Urquijo,dateOfBirth,1905-11-14,José María Oriol Urquijo
José María Oriol Urquijo,dateOfDeath,1985-04-22,José María Oriol Urquijo
José María Oriol Urquijo,placeOfBirth,"Madrid, Spain",José María Oriol Urquijo
José María Oriol Urquijo,placeOfDeath,"Madrid, Spain",José María Oriol Urquijo
José María Oriol Urquijo,countryOfCitizenship,Spain,José María Oriol Urquijo
José María Oriol Urquijo,occupation,politician,José María Oriol Urquijo
José María Oriol Urquijo,occupation,businessman,José María Oriol Urquijo
José María Oriol Urquijo,memberOf,Falange Española Tradicionalista y de las JONS,José María Oriol Urquijo
José María Oriol Urquijo,positionHeld,Mayor of Madrid,José María Oriol Urquijo
José María Oriol Urquijo,startTimePositionHeld,1964,José María Oriol Urquijo
José María Oriol Urquijo,endTimePositionHeld,1970,José María Oriol Urquijo
José María Oriol Urquijo,memberOf,Cortes Españolas,José María Oriol Urquijo
José María Oriol Urquijo,awardReceived,Grand Cross of the Order of Isabella the Catholic,José María Oriol Urquijo
José María Oriol Urquijo,awardReceived,Grand Cross of the Order of Civil Merit,José María Oriol Urquijo
José María Oriol Urquijo,familyName,Oriol,José María Oriol Urquijo
José María Oriol Urquijo,givenName,José María,José María Oriol Urquijo
José María Oriol Urquijo,parent,José Luis Oriol Urigüen,José María Oriol Urquijo
José María Oriol Urquijo,spouse,María Gracia Marañón Moya,José María Oriol Urquijo
Remscheid Hauptbahnhof,instanceOf,railway station,Remscheid Hauptbahnhof
Remscheid Hauptbahnhof,locatedIn,Remscheid,Remscheid Hauptbahnhof
Remscheid Hauptbahnhof,locatedIn,North Rhine-Westphalia,Remscheid Hauptbahnhof
Remscheid Hauptbahnhof,locatedIn,Germany,Remscheid Hauptbahnhof
Remscheid Hauptbahnhof,servedBy,Deutsche Bahn,Remscheid Hauptbahnhof
Remscheid Hauptbahnhof,servedBy,S-Bahn Rhein-Ruhr,Remscheid Hauptbahnhof
Remscheid Hauptbahnhof,lineServed,S7 (S-Bahn Rhein-Ruhr),Remscheid Hauptbahnhof
Remscheid Hauptbahnhof,opened,1868,Remscheid Hauptbahnhof
Remscheid Hauptbahnhof,elevation,320 meters,Remscheid Hauptbahnhof
Remscheid Hauptbahnhof,coordinates,51.1833°N 7.1833°E,Remscheid Hauptbahnhof
Remscheid Hauptbahnhof,stationCode,ERS,Remscheid Hauptbahnhof
Remscheid Hauptbahnhof,type,through station,Remscheid Hauptbahnhof
Remscheid Hauptbahnhof,connectsTo,Remscheid-Lennep station,Remscheid Hauptbahnhof
Remscheid Hauptbahnhof,connectsTo,Solingen Hauptbahnhof,Remscheid Hauptbahnhof
Remscheid Hauptbahnhof,connectsTo,Wuppertal Hauptbahnhof,Remscheid Hauptbahnhof
Anacamptis collina,instanceOf,species,Anacamptis collina
Anacamptis collina,instanceOf,orchid,Anacamptis collina
Anacamptis collina,commonName,Balkan fragrant orchid,Anacamptis collina
Anacamptis collina,commonName,Hill orchid,Anacamptis collina
Anacamptis collina,kingdom,Plantae,Anacamptis collina
Anacamptis collina,clade,Tracheophytes,Anacamptis collina
Anacamptis collina,clade,Angiosperms,Anacamptis collina
Anacamptis collina,clade,Monocots,Anacamptis collina
Anacamptis collina,order,Asparagales,Anacamptis collina
Anacamptis collina,family,Orchidaceae,Anacamptis collina
Anacamptis collina,genus,Anacamptis,Anacamptis collina
Anacamptis collina,nativeTo,Southern Europe,Anacamptis collina
Anacamptis collina,nativeTo,Balkans,Anacamptis collina
Anacamptis collina,nativeTo,Turkey,Anacamptis collina
Anacamptis collina,nativeTo,Caucasus,Anacamptis collina
Anacamptis collina,habitat,Grasslands,Anacamptis collina
Anacamptis collina,habitat,Meadows,Anacamptis collina
Anacamptis collina,habitat,Open woodlands,Anacamptis collina
Anacamptis collina,floweringPeriod,April to June,Anacamptis collina
Anacamptis collina,pollinatedBy,Bees,Anacamptis collina
Anacamptis collina,pollinatedBy,Butterflies,Anacamptis collina
Anacamptis collina,conservationStatus,Least Concern,Anacamptis collina
Anacamptis collina,synonym,Orchis collina,Anacamptis collina
Anacamptis collina,synonym,Anacamptis collina subsp. collina,Anacamptis collina
Anacamptis collina,height,10–30 cm,Anacamptis collina
Anacamptis collina,leafArrangement,Basal rosette,Anacamptis collina
Anacamptis collina,leafShape,Linear to lanceolate,Anacamptis collina
Anacamptis collina,flowerColor,Pink,Anacamptis collina
Anacamptis collina,flowerColor,Purple,Anacamptis collina
Anacamptis collina,flowerScent,Fragrant,Anacamptis collina
Anacamptis collina,rootSystem,Tuberous,Anacamptis collina
Anacamptis collina,reproduction,Sexual (via seeds),Anacamptis collina
Anacamptis collina,mycorrhizalAssociation,Yes,Anacamptis collina
Anacamptis collina,threatenedBy,Habitat loss,Anacamptis collina
Anacamptis collina,threatenedBy,Overcollection,Anacamptis collina
Anacamptis collina,usedIn,Ornamental horticulture,Anacamptis collina
Chestnut-and-black weaver,instanceOf,bird,Chestnut-and-black weaver
Chestnut-and-black weaver,instanceOf,species,Chestnut-and-black weaver
Chestnut-and-black weaver,scientificName,Ploceus nigerrimus,Chestnut-and-black weaver
Chestnut-and-black weaver,family,Ploceidae,Chestnut-and-black weaver
Chestnut-and-black weaver,order,Passeriformes,Chestnut-and-black weaver
Chestnut-and-black weaver,genus,Ploceus,Chestnut-and-black weaver
Chestnut-and-black weaver,habitat,forests,Chestnut-and-black weaver
Chestnut-and-black weaver,habitat,woodlands,Chestnut-and-black weaver
Chestnut-and-black weaver,habitat,savannas,Chestnut-and-black weaver
Chestnut-and-black weaver,nativeTo,Africa,Chestnut-and-black weaver
Chestnut-and-black weaver,diet,insects,Chestnut-and-black weaver
Chestnut-and-black weaver,diet,seeds,Chestnut-and-black weaver
Chestnut-and-black weaver,diet,fruits,Chestnut-and-black weaver
Chestnut-and-black weaver,conservationStatus,Least Concern,Chestnut-and-black weaver
Chestnut-and-black weaver,distinctiveFeature,black plumage with chestnut patches,Chestnut-and-black weaver
Chestnut-and-black weaver,nestingBehavior,colonial,Chestnut-and-black weaver
Chestnut-and-black weaver,nestType,woven nests,Chestnut-and-black weaver
Chestnut-and-black weaver,sexualDimorphism,present,Chestnut-and-black weaver
Chestnut-and-black weaver,malePlumage,black with chestnut on the back and wings,Chestnut-and-black weaver
Chestnut-and-black weaver,femalePlumage,duller with streaked underparts,Chestnut-and-black weaver
Chestnut-and-black weaver,length,15-17 cm,Chestnut-and-black weaver
Chestnut-and-black weaver,wingspan,22-25 cm,Chestnut-and-black weaver
Chestnut-and-black weaver,weight,25-35 g,Chestnut-and-black weaver
Chestnut-and-black weaver,lifespan,up to 10 years,Chestnut-and-black weaver
Chestnut-and-black weaver,call,harsh chattering,Chestnut-and-black weaver
Chestnut-and-black weaver,breedingSeason,varies by region,Chestnut-and-black weaver
Chestnut-and-black weaver,clutchSize,2-4 eggs,Chestnut-and-black weaver
Chestnut-and-black weaver,incubationPeriod,12-14 days,Chestnut-and-black weaver
Chestnut-and-black weaver,fledgingPeriod,17-21 days,Chestnut-and-black weaver
Chestnut-and-black weaver,predators,snakes,Chestnut-and-black weaver
Chestnut-and-black weaver,predators,birds of prey,Chestnut-and-black weaver
Chestnut-and-black weaver,predators,mammals,Chestnut-and-black weaver
Chestnut-and-black weaver,behavior,social,Chestnut-and-black weaver
Chestnut-and-black weaver,behavior,gregarious,Chestnut-and-black weaver
Chestnut-and-black weaver,range,Central Africa,Chestnut-and-black weaver
Chestnut-and-black weaver,range,West Africa,Chestnut-and-black weaver
Chestnut-and-black weaver,range,East Africa,Chestnut-and-black weaver
Sandaker senter tram stop,instanceOf,tram stop,Sandaker senter tram stop
Sandaker senter tram stop,instanceOf,public transport infrastructure,Sandaker senter tram stop
Sandaker senter tram stop,locatedIn,Oslo,Sandaker senter tram stop
Sandaker senter tram stop,locatedIn,Norway,Sandaker senter tram stop
Sandaker senter tram stop,servedBy,Tram line 17,Sandaker senter tram stop
Sandaker senter tram stop,servedBy,Tram line 18,Sandaker senter tram stop
Sandaker senter tram stop,nearbyLocation,Sandaker senter shopping center,Sandaker senter tram stop
Sandaker senter tram stop,operatedBy,Ruter,Sandaker senter tram stop
Sandaker senter tram stop,hasCoordinates,"59.9436°N, 10.7706°E",Sandaker senter tram stop
"Dumbleton, Queensland",instanceOf,locality,"Dumbleton, Queensland"
"Dumbleton, Queensland",instanceOf,rural locality,"Dumbleton, Queensland"
"Dumbleton, Queensland",locatedIn,Shire of Banana,"Dumbleton, Queensland"
"Dumbleton, Queensland",locatedIn,Queensland,"Dumbleton, Queensland"
"Dumbleton, Queensland",locatedIn,Australia,"Dumbleton, Queensland"
"Dumbleton, Queensland",country,Australia,"Dumbleton, Queensland"
"Dumbleton, Queensland",state,Queensland,"Dumbleton, Queensland"
"Dumbleton, Queensland",localGovernmentArea,Shire of Banana,"Dumbleton, Queensland"
"Dumbleton, Queensland",postcode,4719,"Dumbleton, Queensland"
"Dumbleton, Queensland",nearbyLocality,Theodore,"Dumbleton, Queensland"
"Dumbleton, Queensland",nearbyLocality,Baralaba,"Dumbleton, Queensland"
"Dumbleton, Queensland",region,Dawson Valley,"Dumbleton, Queensland"
"Rodrigo Alonso (footballer, born 1982)",instanceOf,human,"Rodrigo Alonso (footballer, born 1982)"
"Rodrigo Alonso (footballer, born 1982)",instanceOf,footballer,"Rodrigo Alonso (footballer, born 1982)"
"Rodrigo Alonso (footballer, born 1982)",dateOfBirth,1982,"Rodrigo Alonso (footballer, born 1982)"
"Rodrigo Alonso (footballer, born 1982)",placeOfBirth,"Montevideo, Uruguay","Rodrigo Alonso (footballer, born 1982)"
"Rodrigo Alonso (footballer, born 1982)",positionPlayed,defender,"Rodrigo Alonso (footballer, born 1982)"
"Rodrigo Alonso (footballer, born 1982)",memberOfSportsTeam,Club Atlético Rentistas,"Rodrigo Alonso (footballer, born 1982)"
"Rodrigo Alonso (footballer, born 1982)",memberOfSportsTeam,Club Atlético Progreso,"Rodrigo Alonso (footballer, born 1982)"
"Rodrigo Alonso (footballer, born 1982)",memberOfSportsTeam,Club Sportivo Cerrito,"Rodrigo Alonso (footballer, born 1982)"
"Rodrigo Alonso (footballer, born 1982)",memberOfSportsTeam,Club Atlético Bella Vista,"Rodrigo Alonso (footballer, born 1982)"
"Rodrigo Alonso (footballer, born 1982)",sport,association football,"Rodrigo Alonso (footballer, born 1982)"
"Rodrigo Alonso (footballer, born 1982)",countryOfCitizenship,Uruguay,"Rodrigo Alonso (footballer, born 1982)"
Mionnay station,instanceOf,railway station,Mionnay station
Mionnay station,locatedIn,Mionnay,Mionnay station
Mionnay station,locatedIn,Ain department,Mionnay station
Mionnay station,locatedIn,Auvergne-Rhône-Alpes,Mionnay station
Mionnay station,locatedIn,France,Mionnay station
Mionnay station,servedBy,TER Auvergne-Rhône-Alpes,Mionnay station
Mionnay station,lineServedBy,Lyon–Bourg-en-Bresse railway,Mionnay station
Mionnay station,opened,1866,Mionnay station
Mionnay station,operatedBy,SNCF,Mionnay station
Mionnay station,hasStationCode,MNY,Mionnay station
Puente Genil-Herrera railway station,instanceOf,railway station,Puente Genil-Herrera railway station
Puente Genil-Herrera railway station,locatedIn,Puente Genil,Puente Genil-Herrera railway station
Puente Genil-Herrera railway station,locatedIn,Córdoba Province,Puente Genil-Herrera railway station
Puente Genil-Herrera railway station,locatedIn,Andalusia,Puente Genil-Herrera railway station
Puente Genil-Herrera railway station,locatedIn,Spain,Puente Genil-Herrera railway station
Puente Genil-Herrera railway station,serves,Puente Genil,Puente Genil-Herrera railway station
Puente Genil-Herrera railway station,serves,Herrera,Puente Genil-Herrera railway station
Puente Genil-Herrera railway station,lineServed,Bobadilla-Málaga railway,Puente Genil-Herrera railway station
Puente Genil-Herrera railway station,operator,Adif,Puente Genil-Herrera railway station
Puente Genil-Herrera railway station,opened,1865,Puente Genil-Herrera railway station
Puente Genil-Herrera railway station,type,passenger station,Puente Genil-Herrera railway station
Research in Developmental Disabilities,instanceOf,academic journal,Research in Developmental Disabilities
Research in Developmental Disabilities,publisher,Elsevier,Research in Developmental Disabilities
Research in Developmental Disabilities,field,developmental disabilities,Research in Developmental Disabilities
Research in Developmental Disabilities,field,psychology,Research in Developmental Disabilities
Research in Developmental Disabilities,field,neuroscience,Research in Developmental Disabilities
Research in Developmental Disabilities,field,special education,Research in Developmental Disabilities
Research in Developmental Disabilities,firstPublished,1979,Research in Developmental Disabilities
Research in Developmental Disabilities,frequency,monthly,Research in Developmental Disabilities
Research in Developmental Disabilities,language,English,Research in Developmental Disabilities
Research in Developmental Disabilities,ISSN,0891-4222,Research in Developmental Disabilities
Research in Developmental Disabilities,eISSN,1873-3379,Research in Developmental Disabilities
Research in Developmental Disabilities,indexedIn,Scopus,Research in Developmental Disabilities
Research in Developmental Disabilities,indexedIn,PubMed,Research in Developmental Disabilities
Research in Developmental Disabilities,indexedIn,Web of Science,Research in Developmental Disabilities
Research in Developmental Disabilities,impactFactor,3.2 (2022),Research in Developmental Disabilities
Research in Developmental Disabilities,editorInChief,Johnny L. Matson,Research in Developmental Disabilities
Research in Developmental Disabilities,openAccess,hybrid,Research in Developmental Disabilities
Research in Developmental Disabilities,website,https://www.journals.elsevier.com/research-in-developmental-disabilities,Research in Developmental Disabilities
Research in Developmental Disabilities,focusesOn,intellectual disabilities,Research in Developmental Disabilities
Research in Developmental Disabilities,focusesOn,autism spectrum disorders,Research in Developmental Disabilities
Research in Developmental Disabilities,focusesOn,Down syndrome,Research in Developmental Disabilities
Research in Developmental Disabilities,focusesOn,cerebral palsy,Research in Developmental Disabilities
Research in Developmental Disabilities,focusesOn,behavioral interventions,Research in Developmental Disabilities
Research in Developmental Disabilities,focusesOn,neurodevelopmental disorders,Research in Developmental Disabilities
"Mill Creek East, Washington",instanceOf,Census-designated place,"Mill Creek East, Washington"
"Mill Creek East, Washington",instanceOf,Unincorporated community,"Mill Creek East, Washington"
"Mill Creek East, Washington",locatedIn,Snohomish County,"Mill Creek East, Washington"
"Mill Creek East, Washington",locatedIn,Washington,"Mill Creek East, Washington"
"Mill Creek East, Washington",locatedIn,United States,"Mill Creek East, Washington"
"Mill Creek East, Washington",partOf,Seattle metropolitan area,"Mill Creek East, Washington"
"Mill Creek East, Washington",adjacentTo,"Mill Creek, Washington","Mill Creek East, Washington"
"Mill Creek East, Washington",population,"24,322","Mill Creek East, Washington"
"Mill Creek East, Washington",populationAsOf,2020,"Mill Creek East, Washington"
"Mill Creek East, Washington",timeZone,Pacific Time Zone,"Mill Creek East, Washington"
"Mill Creek East, Washington",postalCode,98012,"Mill Creek East, Washington"
"Mill Creek East, Washington",area,12.9 square miles,"Mill Creek East, Washington"
"Mill Creek East, Washington",elevation,361 feet,"Mill Creek East, Washington"
"Mill Creek East, Washington",coordinates,"47.8526°N, 122.1876°W","Mill Creek East, Washington"
"Mill Creek East, Washington",namedAfter,Mill Creek (stream),"Mill Creek East, Washington"
"Mill Creek East, Washington",established,1980s (as a residential area),"Mill Creek East, Washington"
"Mill Creek East, Washington",governingBody,Snohomish County,"Mill Creek East, Washington"
"Mill Creek East, Washington",schoolDistrict,Everett School District,"Mill Creek East, Washington"
"Mill Creek East, Washington",highwayAccess,Washington State Route 527,"Mill Creek East, Washington"
"Mill Creek East, Washington",highwayAccess,Interstate 5,"Mill Creek East, Washington"
"Mill Creek East, Washington",nearbyCity,"Everett, Washington","Mill Creek East, Washington"
"Mill Creek East, Washington",nearbyCity,"Seattle, Washington","Mill Creek East, Washington"
"Mill Creek East, Washington",nearbyCity,"Lynnwood, Washington","Mill Creek East, Washington"
"Mill Creek East, Washington",landUse,Residential,"Mill Creek East, Washington"
"Mill Creek East, Washington",landUse,Commercial,"Mill Creek East, Washington"
"Mill Creek East, Washington",climate,Mediterranean (Csb),"Mill Creek East, Washington"
"Mill Creek East, Washington",averageHighTemperatureInJuly,76°F,"Mill Creek East, Washington"
"Mill Creek East, Washington",averageLowTemperatureInJanuary,34°F,"Mill Creek East, Washington"
"Mill Creek East, Washington",annualPrecipitation,38 inches,"Mill Creek East, Washington"
HNoMS Otra (1939),instanceOf,minesweeper,HNoMS Otra (1939)
HNoMS Otra (1939),instanceOf,naval ship,HNoMS Otra (1939)
HNoMS Otra (1939),country,Norway,HNoMS Otra (1939)
HNoMS Otra (1939),operator,Royal Norwegian Navy,HNoMS Otra (1939)
HNoMS Otra (1939),class,Otra-class minesweeper,HNoMS Otra (1939)
HNoMS Otra (1939),launched,1939,HNoMS Otra (1939)
HNoMS Otra (1939),commissioned,1939,HNoMS Otra (1939)
HNoMS Otra (1939),decommissioned,1959,HNoMS Otra (1939)
HNoMS Otra (1939),fate,scrapped,HNoMS Otra (1939)
HNoMS Otra (1939),displacement,370 tons,HNoMS Otra (1939)
HNoMS Otra (1939),length,49.9 meters,HNoMS Otra (1939)
HNoMS Otra (1939),beam,7.5 meters,HNoMS Otra (1939)
HNoMS Otra (1939),draft,2.1 meters,HNoMS Otra (1939)
HNoMS Otra (1939),propulsion,2 × triple-expansion steam engines,HNoMS Otra (1939)
HNoMS Otra (1939),speed,14 knots,HNoMS Otra (1939)
HNoMS Otra (1939),complement,38,HNoMS Otra (1939)
HNoMS Otra (1939),armament,1 × 76 mm gun,HNoMS Otra (1939)
HNoMS Otra (1939),armament,2 × 20 mm anti-aircraft guns,HNoMS Otra (1939)
HNoMS Otra (1939),armament,minesweeping gear,HNoMS Otra (1939)
HNoMS Otra (1939),sister ship,HNoMS Rauma (1939),HNoMS Otra (1939)
HNoMS Otra (1939),sister ship,HNoMS Otra (1939),HNoMS Otra (1939)
HNoMS Otra (1939),service,World War II,HNoMS Otra (1939)
HNoMS Otra (1939),theater,North Sea,HNoMS Otra (1939)
HNoMS Otra (1939),theater,Norwegian coastal waters,HNoMS Otra (1939)
HNoMS Otra (1939),notable event,escaped to the UK after the German invasion of Norway,HNoMS Otra (1939)
HNoMS Otra (1939),notable event,served in Allied convoys during WWII,HNoMS Otra (1939)
2017 Kurdistan Region independence referendum,instanceOf,referendum,2017 Kurdistan Region independence referendum
2017 Kurdistan Region independence referendum,instanceOf,political event,2017 Kurdistan Region independence referendum
2017 Kurdistan Region independence referendum,location,Kurdistan Region,2017 Kurdistan Region independence referendum
2017 Kurdistan Region independence referendum,location,Iraq,2017 Kurdistan Region independence referendum
2017 Kurdistan Region independence referendum,dateHeld,2017-09-25,2017 Kurdistan Region independence referendum
2017 Kurdistan Region independence referendum,organizer,Kurdistan Regional Government,2017 Kurdistan Region independence referendum
2017 Kurdistan Region independence referendum,question,Do you want the Kurdistan Region and the Kurdistani areas outside the administration of the Region to become an independent state?,2017 Kurdistan Region independence referendum
2017 Kurdistan Region independence referendum,result,92.73% in favor,2017 Kurdistan Region independence referendum
2017 Kurdistan Region independence referendum,voterTurnout,72.16%,2017 Kurdistan Region independence referendum
2017 Kurdistan Region independence referendum,followedBy,Iraqi government response,2017 Kurdistan Region independence referendum
2017 Kurdistan Region independence referendum,followedBy,Kirkuk crisis,2017 Kurdistan Region independence referendum
2017 Kurdistan Region independence referendum,legalStatus,declared illegal by Iraqi government,2017 Kurdistan Region independence referendum
2017 Kurdistan Region independence referendum,opposition,Iraqi government,2017 Kurdistan Region independence referendum
2017 Kurdistan Region independence referendum,opposition,Turkey,2017 Kurdistan Region independence referendum
2017 Kurdistan Region independence referendum,opposition,Iran,2017 Kurdistan Region independence referendum
2017 Kurdistan Region independence referendum,opposition,United States,2017 Kurdistan Region independence referendum
2017 Kurdistan Region independence referendum,support,Kurdistan Democratic Party (KDP),2017 Kurdistan Region independence referendum
2017 Kurdistan Region independence referendum,support,Patriotic Union of Kurdistan (PUK),2017 Kurdistan Region independence referendum
2017 Kurdistan Region independence referendum,partOf,Kurdish independence movement,2017 Kurdistan Region independence referendum
2017 Kurdistan Region independence referendum,relatedTo,Kurdish nationalism,2017 Kurdistan Region independence referendum
2017 Kurdistan Region independence referendum,outcome,no immediate independence,2017 Kurdistan Region independence referendum
2017 Kurdistan Region independence referendum,outcome,increased tensions with Iraqi government,2017 Kurdistan Region independence referendum
Danny Abeckaser,instanceOf,Person,Danny Abeckaser
Danny Abeckaser,instanceOf,Actor,Danny Abeckaser
Danny Abeckaser,instanceOf,Film Producer,Danny Abeckaser
Danny Abeckaser,birthDate,1979-09-25,Danny Abeckaser
Danny Abeckaser,birthPlace,New York City,Danny Abeckaser
Danny Abeckaser,birthPlace,United States,Danny Abeckaser
Danny Abeckaser,occupation,Actor,Danny Abeckaser
Danny Abeckaser,occupation,Producer,Danny Abeckaser
Danny Abeckaser,occupation,Screenwriter,Danny Abeckaser
Danny Abeckaser,knownFor,Holy Rollers,Danny Abeckaser
Danny Abeckaser,knownFor,The Irishman,Danny Abeckaser
Danny Abeckaser,knownFor,Inside Man,Danny Abeckaser
Danny Abeckaser,knownFor,The Informer,Danny Abeckaser
Danny Abeckaser,actedIn,Holy Rollers,Danny Abeckaser
Danny Abeckaser,actedIn,The Irishman,Danny Abeckaser
Danny Abeckaser,actedIn,Inside Man,Danny Abeckaser
Danny Abeckaser,actedIn,The Informer,Danny Abeckaser
Danny Abeckaser,actedIn,The Vigil,Danny Abeckaser
Danny Abeckaser,actedIn,Mob Town,Danny Abeckaser
Danny Abeckaser,actedIn,The Mimic,Danny Abeckaser
Danny Abeckaser,actedIn,The Last Sharknado: It's About Time,Danny Abeckaser
Danny Abeckaser,produced,Holy Rollers,Danny Abeckaser
Danny Abeckaser,produced,The Vigil,Danny Abeckaser
Danny Abeckaser,produced,Mob Town,Danny Abeckaser
Danny Abeckaser,wrote,Holy Rollers,Danny Abeckaser
Danny Abeckaser,ethnicity,Israeli-American,Danny Abeckaser
Danny Abeckaser,nationality,American,Danny Abeckaser
Danny Abeckaser,education,Queens College,Danny Abeckaser
Danny Abeckaser,spouse,Liat Abeckaser,Danny Abeckaser
Danny Abeckaser,sibling,Ari Abeckaser,Danny Abeckaser
Danny Abeckaser,sibling,David Abeckaser,Danny Abeckaser
Danny Abeckaser,parent,Moroccan Jewish descent,Danny Abeckaser
Danny Abeckaser,awardNomination,Best Actor (Method Fest) for Holy Rollers,Danny Abeckaser
Danny Abeckaser,height,1.78 m,Danny Abeckaser
Danny Abeckaser,socialMedia,Instagram: @dannyabeckaser,Danny Abeckaser
Danny Abeckaser,socialMedia,Twitter: @dannyabeckaser,Danny Abeckaser
Dōjigiri,instanceOf,Japanese sword,Dōjigiri
Dōjigiri,instanceOf,National Treasure of Japan,Dōjigiri
Dōjigiri,createdBy,Awataguchi Yoshimitsu,Dōjigiri
Dōjigiri,creationPeriod,Kamakura period,Dōjigiri
Dōjigiri,type,tachi,Dōjigiri
Dōjigiri,length,approximately 80 cm (blade),Dōjigiri
Dōjigiri,currentLocation,Tokyo National Museum,Dōjigiri
Dōjigiri,associatedLegend,slaying the demon Shuten-dōji,Dōjigiri
Dōjigiri,ownedBy,Minamoto no Yorimitsu (historical figure),Dōjigiri
Dōjigiri,significance,one of the Five Swords Under Heaven (Tenka-Goken),Dōjigiri
Dōjigiri,craftsmanship,renowned for its sharpness and beauty,Dōjigiri
Dōjigiri,material,tamahagane (Japanese steel),Dōjigiri
Dōjigiri,culturalImpact,featured in Japanese folklore and art,Dōjigiri
Megascolides,instanceOf,genus of earthworms,Megascolides
Megascolides,taxonomicRank,genus,Megascolides
Megascolides,kingdom,Animalia,Megascolides
Megascolides,phylum,Annelida,Megascolides
Megascolides,class,Clitellata,Megascolides
Megascolides,order,Haplotaxida,Megascolides
Megascolides,family,Megascolecidae,Megascolides
Megascolides,notableSpecies,Megascolides australis,Megascolides
Megascolides australis,commonName,Giant Gippsland earthworm,Megascolides
Megascolides australis,habitat,"Gippsland region of Victoria, Australia",Megascolides
Megascolides australis,length,up to 3 meters (9.8 feet),Megascolides
Megascolides australis,diameter,2 centimeters (0.79 inches),Megascolides
Megascolides australis,conservationStatus,vulnerable,Megascolides
Megascolides australis,threats,habitat destruction,Megascolides
Megascolides australis,threats,agricultural activities,Megascolides
Megascolides australis,lifespan,5 to 10 years,Megascolides
"Lubei Subdistrict, Taizhou, Zhejiang",instanceOf,subdistrict,"Lubei Subdistrict, Taizhou, Zhejiang"
"Lubei Subdistrict, Taizhou, Zhejiang",instanceOf,administrative division,"Lubei Subdistrict, Taizhou, Zhejiang"
"Lubei Subdistrict, Taizhou, Zhejiang",locatedIn,"Taizhou, Zhejiang","Lubei Subdistrict, Taizhou, Zhejiang"
"Lubei Subdistrict, Taizhou, Zhejiang",locatedIn,Zhejiang Province,"Lubei Subdistrict, Taizhou, Zhejiang"
"Lubei Subdistrict, Taizhou, Zhejiang",locatedIn,People's Republic of China,"Lubei Subdistrict, Taizhou, Zhejiang"
"Lubei Subdistrict, Taizhou, Zhejiang",country,People's Republic of China,"Lubei Subdistrict, Taizhou, Zhejiang"
"Lubei Subdistrict, Taizhou, Zhejiang",province,Zhejiang,"Lubei Subdistrict, Taizhou, Zhejiang"
"Lubei Subdistrict, Taizhou, Zhejiang",city,Taizhou,"Lubei Subdistrict, Taizhou, Zhejiang"
"Lubei Subdistrict, Taizhou, Zhejiang",type,urban subdistrict,"Lubei Subdistrict, Taizhou, Zhejiang"
"Taizhou, Zhejiang",instanceOf,prefecture-level city,"Lubei Subdistrict, Taizhou, Zhejiang"
"Taizhou, Zhejiang",locatedIn,Zhejiang Province,"Lubei Subdistrict, Taizhou, Zhejiang"
Zhejiang Province,instanceOf,province,"Lubei Subdistrict, Taizhou, Zhejiang"
Zhejiang Province,country,People's Republic of China,"Lubei Subdistrict, Taizhou, Zhejiang"
Lahore Se Aagey,instanceOf,Pakistani television series,Lahore Se Aagey
Lahore Se Aagey,genre,Comedy,Lahore Se Aagey
Lahore Se Aagey,genre,Drama,Lahore Se Aagey
Lahore Se Aagey,creator,Kashif Nisar,Lahore Se Aagey
Lahore Se Aagey,director,Kashif Nisar,Lahore Se Aagey
Lahore Se Aagey,screenwriter,Kashif Nisar,Lahore Se Aagey
Lahore Se Aagey,starring,Saba Qamar,Lahore Se Aagey
Lahore Se Aagey,starring,Yasir Hussain,Lahore Se Aagey
Lahore Se Aagey,starring,Ayesha Omar,Lahore Se Aagey
Lahore Se Aagey,starring,Maya Ali,Lahore Se Aagey
Lahore Se Aagey,originalNetwork,Geo Entertainment,Lahore Se Aagey
Lahore Se Aagey,releaseDate,2016,Lahore Se Aagey
Lahore Se Aagey,countryOfOrigin,Pakistan,Lahore Se Aagey
Lahore Se Aagey,language,Urdu,Lahore Se Aagey
Lahore Se Aagey,numberOfEpisodes,13,Lahore Se Aagey
AAPG Bulletin,instanceOf,scientific journal,AAPG Bulletin
AAPG Bulletin,instanceOf,peer-reviewed journal,AAPG Bulletin
AAPL Bulletin,publishedBy,American Association of Petroleum Geologists (AAPG),AAPG Bulletin
AAPG Bulletin,field,geology,AAPG Bulletin
AAPG Bulletin,field,petroleum geology,AAPG Bulletin
AAPG Bulletin,field,energy resources,AAPG Bulletin
AAPG Bulletin,language,English,AAPG Bulletin
AAPG Bulletin,firstPublished,1917,AAPG Bulletin
AAPG Bulletin,frequency,monthly,AAPG Bulletin
AAPG Bulletin,ISSN,0149-1423,AAPG Bulletin
AAPG Bulletin,eISSN,1558-9153,AAPG Bulletin
AAPG Bulletin,website,https://pubs.geoscienceworld.org/aapgbull,AAPG Bulletin
AAPG Bulletin,indexedIn,Scopus,AAPG Bulletin
AAPG Bulletin,indexedIn,Science Citation Index Expanded (SCIE),AAPG Bulletin
AAPG Bulletin,indexedIn,GeoRef,AAPG Bulletin
AAPG Bulletin,relatedTo,American Association of Petroleum Geologists (AAPG),AAPG Bulletin
AAPG Bulletin,focusesOn,petroleum exploration,AAPG Bulletin
AAPG Bulletin,focusesOn,sedimentology,AAPG Bulletin
AAPG Bulletin,focusesOn,structural geology,AAPG Bulletin
AAPG Bulletin,focusesOn,reservoir characterization,AAPG Bulletin
AAPG Bulletin,focusesOn,geophysics,AAPG Bulletin
Marie-Françoise Plissart,instanceOf,person,Marie-Françoise Plissart
Marie-Françoise Plissart,instanceOf,photographer,Marie-Françoise Plissart
Marie-Françoise Plissart,occupation,photographer,Marie-Françoise Plissart
Marie-Françoise Plissart,occupation,artist,Marie-Françoise Plissart
Marie-Françoise Plissart,nationality,Belgian,Marie-Françoise Plissart
Marie-Françoise Plissart,birthPlace,Brussels,Marie-Françoise Plissart
Marie-Françoise Plissart,birthDate,1954,Marie-Françoise Plissart
Marie-Françoise Plissart,knownFor,photographic novels,Marie-Françoise Plissart
Marie-Françoise Plissart,knownFor,collaborations with Benoît Peeters,Marie-Françoise Plissart
Marie-Françoise Plissart,collaboratedWith,Benoît Peeters,Marie-Françoise Plissart
Marie-Françoise Plissart,notableWork,Fugues,Marie-Françoise Plissart
Marie-Françoise Plissart,notableWork,Droit de regards,Marie-Françoise Plissart
Marie-Françoise Plissart,field,photography,Marie-Françoise Plissart
Marie-Françoise Plissart,field,visual arts,Marie-Françoise Plissart
Methacrylamide,instanceOf,chemical compound,Methacrylamide
Methacrylamide,instanceOf,acrylamide derivative,Methacrylamide
Methacrylamide,IUPAC name,2-methylprop-2-enamide,Methacrylamide
Methacrylamide,CAS number,79-39-0,Methacrylamide
Methacrylamide,molecular formula,C4H7NO,Methacrylamide
Methacrylamide,molar mass,85.10 g/mol,Methacrylamide
Methacrylamide,SMILES,CC(=C)C(=O)N,Methacrylamide
Methacrylamide,InChI,"InChI=1S/C4H7NO/c1-3(2)4(5)6/h1H2,2H3,(H2,5,6)",Methacrylamide
Methacrylamide,melting point,108-110 °C,Methacrylamide
Methacrylamide,boiling point,215 °C,Methacrylamide
Methacrylamide,solubility,soluble in water,Methacrylamide
Methacrylamide,solubility,soluble in ethanol,Methacrylamide
Methacrylamide,solubility,soluble in acetone,Methacrylamide
Methacrylamide,density,1.015 g/cm³,Methacrylamide
Methacrylamide,used for,polymer synthesis,Methacrylamide
Methacrylamide,used for,production of poly(methacrylamide),Methacrylamide
Methacrylamide,used in,coatings,Methacrylamide
Methacrylamide,used in,adhesives,Methacrylamide
Methacrylamide,used in,resins,Methacrylamide
Methacrylamide,hazard,toxic,Methacrylamide
Methacrylamide,hazard,irritant,Methacrylamide
Methacrylamide,hazard,potential carcinogen,Methacrylamide
Methacrylamide,storage condition,"store in a cool, dry place",Methacrylamide
Methacrylamide,storage condition,keep away from heat and ignition sources,Methacrylamide
Methacrylamide,related compound,acrylamide,Methacrylamide
Methacrylamide,related compound,N-isopropylacrylamide,Methacrylamide
Three on a Honeymoon (1934 film),instanceOf,film,Three on a Honeymoon (1934 film)
Three on a Honeymoon (1934 film),releaseYear,1934,Three on a Honeymoon (1934 film)
Three on a Honeymoon (1934 film),genre,comedy,Three on a Honeymoon (1934 film)
Three on a Honeymoon (1934 film),genre,romance,Three on a Honeymoon (1934 film)
Three on a Honeymoon (1934 film),director,James W. Horne,Three on a Honeymoon (1934 film)
Three on a Honeymoon (1934 film),screenplayBy,H.S. Kraft,Three on a Honeymoon (1934 film)
Three on a Honeymoon (1934 film),producer,Sol Lesser,Three on a Honeymoon (1934 film)
Three on a Honeymoon (1934 film),productionCompany,Principal Productions,Three on a Honeymoon (1934 film)
Three on a Honeymoon (1934 film),starring,Sally Blane,Three on a Honeymoon (1934 film)
Three on a Honeymoon (1934 film),starring,Charles Starrett,Three on a Honeymoon (1934 film)
Three on a Honeymoon (1934 film),starring,Irene Hervey,Three on a Honeymoon (1934 film)
Three on a Honeymoon (1934 film),countryOfOrigin,United States,Three on a Honeymoon (1934 film)
Three on a Honeymoon (1934 film),language,English,Three on a Honeymoon (1934 film)
Three on a Honeymoon (1934 film),runtimeMinutes,65,Three on a Honeymoon (1934 film)
Emily Appleton (tennis),instanceOf,tennis player,Emily Appleton (tennis)
Emily Appleton (tennis),instanceOf,British person,Emily Appleton (tennis)
Emily Appleton (tennis),dateOfBirth,1999-05-01,Emily Appleton (tennis)
Emily Appleton (tennis),countryOfCitizenship,United Kingdom,Emily Appleton (tennis)
Emily Appleton (tennis),sport,tennis,Emily Appleton (tennis)
Emily Appleton (tennis),plays,right-handed,Emily Appleton (tennis)
Emily Appleton (tennis),highestSinglesRanking,338 (as of 2023),Emily Appleton (tennis)
Emily Appleton (tennis),highestDoublesRanking,217 (as of 2023),Emily Appleton (tennis)
Emily Appleton (tennis),turnedProfessional,2016,Emily Appleton (tennis)
Emily Appleton (tennis),coach,Nigel Sears,Emily Appleton (tennis)
Emily Appleton (tennis),coach,Mark Taylor,Emily Appleton (tennis)
Emily Appleton (tennis),currentTeam,Great Britain Fed Cup team,Emily Appleton (tennis)
Emily Appleton (tennis),careerTitles,multiple ITF singles and doubles titles,Emily Appleton (tennis)
Emily Appleton (tennis),playsFor,Great Britain,Emily Appleton (tennis)
2016–17 Segona Divisió,instanceOf,football league season,2016–17 Segona Divisió
2016–17 Segona Divisió,partOf,Andorran football league system,2016–17 Segona Divisió
2016–17 Segona Divisió,country,Andorra,2016–17 Segona Divisió
2016–17 Segona Divisió,sport,association football,2016–17 Segona Divisió
2016–17 Segona Divisió,level,2,2016–17 Segona Divisió
2016–17 Segona Divisió,seasonOf,Segona Divisió,2016–17 Segona Divisió
2016–17 Segona Divisió,startDate,2016-09-18,2016–17 Segona Divisió
2016–17 Segona Divisió,endDate,2017-05-07,2016–17 Segona Divisió
2016–17 Segona Divisió,numberOfTeams,10,2016–17 Segona Divisió
2016–17 Segona Divisió,champion,Inter Club d'Escaldes,2016–17 Segona Divisió
2016–17 Segona Divisió,promotedTeam,Inter Club d'Escaldes,2016–17 Segona Divisió
2016–17 Segona Divisió,promotedTeam,FC Ordino,2016–17 Segona Divisió
2016–17 Segona Divisió,matchesPlayed,90,2016–17 Segona Divisió
2016–17 Segona Divisió,topScorer,Jesús Sebastià (Inter Club d'Escaldes),2016–17 Segona Divisió
2016–17 Segona Divisió,governingBody,Andorran Football Federation,2016–17 Segona Divisió
Westworld season 3,instanceOf,TV season,Westworld season 3
Westworld season 3,partOf,Westworld,Westworld season 3
Westworld season 3,seasonNumber,3,Westworld season 3
Westworld season 3,releaseYear,2020,Westworld season 3
Westworld season 3,numberOfEpisodes,8,Westworld season 3
Westworld season 3,createdBy,Jonathan Nolan,Westworld season 3
Westworld season 3,createdBy,Lisa Joy,Westworld season 3
Westworld season 3,genre,Science fiction,Westworld season 3
Westworld season 3,genre,Drama,Westworld season 3
Westworld season 3,genre,Western,Westworld season 3
Westworld season 3,genre,Thriller,Westworld season 3
Westworld season 3,network,HBO,Westworld season 3
Westworld season 3,executiveProducer,J.J. Abrams,Westworld season 3
Westworld season 3,executiveProducer,Jonathan Nolan,Westworld season 3
Westworld season 3,executiveProducer,Lisa Joy,Westworld season 3
Westworld season 3,executiveProducer,Athena Wickham,Westworld season 3
Westworld season 3,executiveProducer,Richard J. Lewis,Westworld season 3
Westworld season 3,executiveProducer,Ben Stephenson,Westworld season 3
Westworld season 3,starring,Evan Rachel Wood,Westworld season 3
Westworld season 3,starring,Thandiwe Newton,Westworld season 3
Westworld season 3,starring,Jeffrey Wright,Westworld season 3
Westworld season 3,starring,Tessa Thompson,Westworld season 3
Westworld season 3,starring,Aaron Paul,Westworld season 3
Westworld season 3,starring,Luke Hemsworth,Westworld season 3
Westworld season 3,starring,Angela Sarafyan,Westworld season 3
Westworld season 3,musicBy,Ramin Djawadi,Westworld season 3
Westworld season 3,cinematographyBy,Paul Cameron,Westworld season 3
Westworld season 3,productionCompany,Kilter Films,Westworld season 3
Westworld season 3,productionCompany,Bad Robot Productions,Westworld season 3
Westworld season 3,productionCompany,Jerry Weintraub Productions,Westworld season 3
Westworld season 3,productionCompany,Warner Bros. Television,Westworld season 3
Westworld season 3,filmingLocation,Los Angeles,Westworld season 3
Westworld season 3,filmingLocation,Singapore,Westworld season 3
Westworld season 3,filmingLocation,Spain,Westworld season 3
Westworld season 3,precededBy,Westworld season 2,Westworld season 3
Westworld season 3,followedBy,Westworld season 4,Westworld season 3
Westworld season 3,theme,Artificial intelligence,Westworld season 3
Westworld season 3,theme,Free will,Westworld season 3
Westworld season 3,theme,Consciousness,Westworld season 3
Westworld season 3,theme,Human identity,Westworld season 3
Westworld season 3,awardReceived,Primetime Emmy Award nomination,Westworld season 3
Westworld season 3,awardReceived,Saturn Award nomination,Westworld season 3
Kimi ga Iru Kara (Sayuri Sugawara song),instanceOf,song,Kimi ga Iru Kara (Sayuri Sugawara song)
Kimi ga Iru Kara (Sayuri Sugawara song),artist,Sayuri Sugawara,Kimi ga Iru Kara (Sayuri Sugawara song)
Kimi ga Iru Kara (Sayuri Sugawara song),releaseDate,2011-05-25,Kimi ga Iru Kara (Sayuri Sugawara song)
Kimi ga Iru Kara (Sayuri Sugawara song),album,Kimi ga Iru Kara,Kimi ga Iru Kara (Sayuri Sugawara song)
Kimi ga Iru Kara (Sayuri Sugawara song),genre,J-pop,Kimi ga Iru Kara (Sayuri Sugawara song)
Kimi ga Iru Kara (Sayuri Sugawara song),composer,Sayuri Sugawara,Kimi ga Iru Kara (Sayuri Sugawara song)
Kimi ga Iru Kara (Sayuri Sugawara song),lyricist,Sayuri Sugawara,Kimi ga Iru Kara (Sayuri Sugawara song)
Kimi ga Iru Kara (Sayuri Sugawara song),label,Sony Music Records,Kimi ga Iru Kara (Sayuri Sugawara song)
Kimi ga Iru Kara (Sayuri Sugawara song),language,Japanese,Kimi ga Iru Kara (Sayuri Sugawara song)
Kimi ga Iru Kara (Sayuri Sugawara song),duration,5:03,Kimi ga Iru Kara (Sayuri Sugawara song)
Kimi ga Iru Kara (Sayuri Sugawara song),featuredIn,anime 'Naruto Shippuden' ending theme,Kimi ga Iru Kara (Sayuri Sugawara song)
Sphingomonas haloaromaticamans,instanceOf,bacterium,Sphingomonas haloaromaticamans
Sphingomonas haloaromaticamans,instanceOf,Gram-negative bacterium,Sphingomonas haloaromaticamans
Sphingomonas haloaromaticamans,domain,Bacteria,Sphingomonas haloaromaticamans
Sphingomonas haloaromaticamans,phylum,Proteobacteria,Sphingomonas haloaromaticamans
Sphingomonas haloaromaticamans,class,Alphaproteobacteria,Sphingomonas haloaromaticamans
Sphingomonas haloaromaticamans,order,Sphingomonadales,Sphingomonas haloaromaticamans
Sphingomonas haloaromaticamans,family,Sphingomonadaceae,Sphingomonas haloaromaticamans
Sphingomonas haloaromaticamans,genus,Sphingomonas,Sphingomonas haloaromaticamans
Sphingomonas haloaromaticamans,species,S. haloaromaticamans,Sphingomonas haloaromaticamans
Sphingomonas haloaromaticamans,discoveredIn,2011,Sphingomonas haloaromaticamans
Sphingomonas haloaromaticamans,habitat,contaminated soil,Sphingomonas haloaromaticamans
Sphingomonas haloaromaticamans,habitat,industrial wastewater,Sphingomonas haloaromaticamans
Sphingomonas haloaromaticamans,metabolicFeature,degrades aromatic compounds,Sphingomonas haloaromaticamans
Sphingomonas haloaromaticamans,metabolicFeature,halotolerant,Sphingomonas haloaromaticamans
Sphingomonas haloaromaticamans,optimalGrowthTemperature,28-30°C,Sphingomonas haloaromaticamans
Sphingomonas haloaromaticamans,optimalPH,7.0,Sphingomonas haloaromaticamans
Sphingomonas haloaromaticamans,motility,non-motile,Sphingomonas haloaromaticamans
Sphingomonas haloaromaticamans,oxygenRequirement,aerobic,Sphingomonas haloaromaticamans
Sphingomonas haloaromaticamans,cellShape,rod-shaped,Sphingomonas haloaromaticamans
Sphingomonas haloaromaticamans,gramStain,negative,Sphingomonas haloaromaticamans
Sphingomonas haloaromaticamans,genomeSize,~4.5 Mb,Sphingomonas haloaromaticamans
Sphingomonas haloaromaticamans,notableFeature,bioremediation potential,Sphingomonas haloaromaticamans
Sphingomonas haloaromaticamans,notableFeature,resistance to heavy metals,Sphingomonas haloaromaticamans
Sphingomonas haloaromaticamans,typeStrain,A175T,Sphingomonas haloaromaticamans
Maurice Fatio,instanceOf,person,Maurice Fatio
Maurice Fatio,instanceOf,architect,Maurice Fatio
Maurice Fatio,dateOfBirth,1897,Maurice Fatio
Maurice Fatio,dateOfDeath,1971,Maurice Fatio
Maurice Fatio,placeOfBirth,Geneva,Maurice Fatio
Maurice Fatio,placeOfDeath,"Palm Beach, Florida",Maurice Fatio
Maurice Fatio,nationality,Swiss,Maurice Fatio
Maurice Fatio,nationality,American,Maurice Fatio
Maurice Fatio,occupation,architect,Maurice Fatio
Maurice Fatio,field,architecture,Maurice Fatio
Maurice Fatio,notableWork,Mar-a-Lago,Maurice Fatio
Maurice Fatio,notableWork,The Towers (Palm Beach),Maurice Fatio
Maurice Fatio,notableWork,Addison Mizner Memorial Fountain,Maurice Fatio
Maurice Fatio,style,Mediterranean Revival,Maurice Fatio
Maurice Fatio,style,Spanish Colonial Revival,Maurice Fatio
Maurice Fatio,collaborator,Addison Mizner,Maurice Fatio
Maurice Fatio,education,École des Beaux-Arts,Maurice Fatio
Maurice Fatio,award,Gold Medal of the Florida Association of Architects,Maurice Fatio
Maurice Fatio,spouse,Consuelo Lindsay,Maurice Fatio
Maurice Fatio,residence,"Palm Beach, Florida",Maurice Fatio
Maurice Fatio,architecturalFirm,Fatio & Cameron,Maurice Fatio
Maurice Fatio,architecturalFirm,Fatio & Karcher,Maurice Fatio
Bopyridae,instanceOf,family of crustaceans,Bopyridae
Bopyridae,instanceOf,parasitic isopods,Bopyridae
Bopyridae,taxonomicRank,family,Bopyridae
Bopyridae,parentTaxon,Bopyroidea,Bopyridae
Bopyridae,parentTaxon,Isopoda,Bopyridae
Bopyridae,kingdom,Animalia,Bopyridae
Bopyridae,phylum,Arthropoda,Bopyridae
Bopyridae,class,Malacostraca,Bopyridae
Bopyridae,order,Isopoda,Bopyridae
Bopyridae,suborder,Cymothoida,Bopyridae
Bopyridae,superfamily,Bopyroidea,Bopyridae
Bopyridae,habitat,marine environments,Bopyridae
Bopyridae,host,decapod crustaceans,Bopyridae
Bopyridae,host,shrimp,Bopyridae
Bopyridae,host,crabs,Bopyridae
Bopyridae,host,lobsters,Bopyridae
Bopyridae,parasiticBehavior,ectoparasitic,Bopyridae
Bopyridae,parasiticBehavior,attaches to gills or body surface of host,Bopyridae
Bopyridae,effectOnHost,castration,Bopyridae
Bopyridae,effectOnHost,reduced growth,Bopyridae
Bopyridae,effectOnHost,feminization of male hosts,Bopyridae
Bopyridae,reproduction,sexual,Bopyridae
Bopyridae,lifeCycle,includes free-swimming larval stages,Bopyridae
Bopyridae,distribution,global,Bopyridae
Bopyridae,distribution,found in both shallow and deep waters,Bopyridae
Bopyridae,notableGenera,Bopyrus,Bopyridae
Bopyridae,notableGenera,Pseudione,Bopyridae
Bopyridae,notableGenera,Athelges,Bopyridae
Bopyridae,notableGenera,Gyge,Bopyridae
Bopyridae,notableSpecies,Bopyrus squillarum,Bopyridae
Bopyridae,notableSpecies,Pseudione affinis,Bopyridae
Bopyridae,morphologicalFeature,asymmetrical body shape,Bopyridae
Bopyridae,morphologicalFeature,reduced appendages in females,Bopyridae
Bopyridae,morphologicalFeature,dwarf males in some species,Bopyridae
Bopyridae,researchImportance,model for studying parasitic castration,Bopyridae
Bopyridae,researchImportance,example of host-parasite coevolution,Bopyridae
Carmen (Stromae song),instanceOf,song,Carmen (Stromae song)
Carmen (Stromae song),artist,Stromae,Carmen (Stromae song)
Carmen (Stromae song),album,Racine carrée,Carmen (Stromae song)
Carmen (Stromae song),releaseDate,2013-08-26,Carmen (Stromae song)
Carmen (Stromae song),genre,electropop,Carmen (Stromae song)
Carmen (Stromae song),genre,hip hop,Carmen (Stromae song)
Carmen (Stromae song),language,French,Carmen (Stromae song)
Carmen (Stromae song),lyricist,Stromae,Carmen (Stromae song)
Carmen (Stromae song),composer,Stromae,Carmen (Stromae song)
Carmen (Stromae song),producer,Stromae,Carmen (Stromae song)
Carmen (Stromae song),producer,Thomas Azier,Carmen (Stromae song)
Carmen (Stromae song),inspiredBy,Georges Bizet's opera Carmen,Carmen (Stromae song)
Carmen (Stromae song),musicVideoDirector,Sylvain Chomet,Carmen (Stromae song)
Carmen (Stromae song),label,Universal Music France,Carmen (Stromae song)
Carmen (Stromae song),length,3:09,Carmen (Stromae song)
Carmen (Stromae song),award,Octave de la Musique (2014),Carmen (Stromae song)
Carmen (Stromae song),chartPerformance,Peaked at #1 in Belgium (Wallonia),Carmen (Stromae song)
Carmen (Stromae song),chartPerformance,Peaked at #3 in France,Carmen (Stromae song)
Carmen (Stromae song),chartPerformance,Peaked at #12 in Switzerland,Carmen (Stromae song)
Carmen (Stromae song),theme,Love and obsession,Carmen (Stromae song)
Carmen (Stromae song),theme,Social media addiction,Carmen (Stromae song)
Carmen (Stromae song),sampledIn,Various remixes and covers,Carmen (Stromae song)
Carmen (Stromae song),lyricsReference,Habanera from Bizet's Carmen,Carmen (Stromae song)
Carmen (Stromae song),lyricsReference,Modern reinterpretation of the Carmen myth,Carmen (Stromae song)
Connect (2022 film),instanceOf,Film,Connect (2022 film)
Connect (2022 film),releaseYear,2022,Connect (2022 film)
Connect (2022 film),genre,Horror,Connect (2022 film)
Connect (2022 film),genre,Thriller,Connect (2022 film)
Connect (2022 film),country,India,Connect (2022 film)
Connect (2022 film),language,Tamil,Connect (2022 film)
Connect (2022 film),director,Ashwin Saravanan,Connect (2022 film)
Connect (2022 film),producer,K. S. Sinish,Connect (2022 film)
Connect (2022 film),producer,Sudhan Sundaram,Connect (2022 film)
Connect (2022 film),producer,G. Jayaram,Connect (2022 film)
Connect (2022 film),screenplay,Ashwin Saravanan,Connect (2022 film)
Connect (2022 film),story,Ashwin Saravanan,Connect (2022 film)
Connect (2022 film),musicComposer,Pradeep Kumar,Connect (2022 film)
Connect (2022 film),cinematography,Karthik Muthukumar,Connect (2022 film)
Connect (2022 film),editor,Raymond Derrick Crasta,Connect (2022 film)
Connect (2022 film),productionCompany,Passion Studios,Connect (2022 film)
Connect (2022 film),productionCompany,Potpourri Films,Connect (2022 film)
Connect (2022 film),starring,Vinay Rai,Connect (2022 film)
Connect (2022 film),starring,Sneha,Connect (2022 film)
Connect (2022 film),starring,Haniya Nafisa,Connect (2022 film)
Connect (2022 film),starring,Vijayakumar,Connect (2022 film)
Connect (2022 film),starring,Pradeep Kottayam,Connect (2022 film)
Connect (2022 film),runtime,120 minutes,Connect (2022 film)
Connect (2022 film),basedOn,Supernatural themes,Connect (2022 film)
Connect (2022 film),awardNominated,Ananda Vikatan Cinema Awards 2022,Connect (2022 film)
Connect (2022 film),awardCategory,Best Cinematography,Connect (2022 film)
Connect (2022 film),awardCategory,Best Music Director,Connect (2022 film)
Live & More (Roberta Flack and Peabo Bryson album),instanceOf,album,Live & More (Roberta Flack and Peabo Bryson album)
Live & More (Roberta Flack and Peabo Bryson album),artist,Roberta Flack,Live & More (Roberta Flack and Peabo Bryson album)
Live & More (Roberta Flack and Peabo Bryson album),artist,Peabo Bryson,Live & More (Roberta Flack and Peabo Bryson album)
Live & More (Roberta Flack and Peabo Bryson album),genre,R&B,Live & More (Roberta Flack and Peabo Bryson album)
Live & More (Roberta Flack and Peabo Bryson album),genre,soul,Live & More (Roberta Flack and Peabo Bryson album)
Live & More (Roberta Flack and Peabo Bryson album),releaseDate,1980,Live & More (Roberta Flack and Peabo Bryson album)
Live & More (Roberta Flack and Peabo Bryson album),recordLabel,Atlantic Records,Live & More (Roberta Flack and Peabo Bryson album)
Live & More (Roberta Flack and Peabo Bryson album),type,live album,Live & More (Roberta Flack and Peabo Bryson album)
Live & More (Roberta Flack and Peabo Bryson album),containsTrack,You Are My Sunshine,Live & More (Roberta Flack and Peabo Bryson album)
Live & More (Roberta Flack and Peabo Bryson album),containsTrack,Feel Like Makin' Love,Live & More (Roberta Flack and Peabo Bryson album)
Live & More (Roberta Flack and Peabo Bryson album),containsTrack,The Closer I Get to You,Live & More (Roberta Flack and Peabo Bryson album)
Live & More (Roberta Flack and Peabo Bryson album),containsTrack,If Ever I See You Again,Live & More (Roberta Flack and Peabo Bryson album)
Live & More (Roberta Flack and Peabo Bryson album),containsTrack,Back Together Again,Live & More (Roberta Flack and Peabo Bryson album)
Live & More (Roberta Flack and Peabo Bryson album),chartPerformance,Peaked at No. 11 on the US Billboard 200,Live & More (Roberta Flack and Peabo Bryson album)
Live & More (Roberta Flack and Peabo Bryson album),chartPerformance,Peaked at No. 4 on the US Top R&B/Hip-Hop Albums,Live & More (Roberta Flack and Peabo Bryson album)
Trichosanthin,instanceOf,Protein,Trichosanthin
Trichosanthin,instanceOf,Ribosome-inactivating protein,Trichosanthin
Trichosanthin,derivedFrom,Trichosanthes kirilowii,Trichosanthin
Trichosanthin,hasFunction,Inhibits protein synthesis,Trichosanthin
Trichosanthin,hasFunction,Induces apoptosis,Trichosanthin
Trichosanthin,hasFunction,Antiviral activity,Trichosanthin
Trichosanthin,usedFor,Traditional Chinese medicine,Trichosanthin
Trichosanthin,usedFor,Treatment of ectopic pregnancy,Trichosanthin
Trichosanthin,usedFor,HIV research,Trichosanthin
Trichosanthin,molecularWeight,27 kDa,Trichosanthin
Trichosanthin,hasStructure,Single-chain polypeptide,Trichosanthin
Trichosanthin,belongsToFamily,Type I RIPs (Ribosome-inactivating proteins),Trichosanthin
Trichosanthin,discoveredIn,China,Trichosanthin
Trichosanthin,firstIsolatedBy,Chinese researchers,Trichosanthin
Trichosanthin,hasMechanism,N-glycosidase activity on rRNA,Trichosanthin
Trichosanthin,inhibits,HIV replication,Trichosanthin
Trichosanthin,studiedFor,Cancer therapy,Trichosanthin
Trichosanthin,studiedFor,Autoimmune diseases,Trichosanthin
Trichosanthin,hasToxicity,Cytotoxic at high doses,Trichosanthin
Trichosanthin,synonym,Tian Hua Fen,Trichosanthin
Trichosanthin,synonym,Compound Q,Trichosanthin
Trichosanthin,approvedForUseIn,China (limited medical applications),Trichosanthin
Trichosanthin,bannedIn,Some countries (due to toxicity concerns),Trichosanthin
Trichosanthin,researchStatus,Clinical trials (historical),Trichosanthin
Trichosanthin,affects,Eukaryotic cells,Trichosanthin
Trichosanthin,affects,Viral replication,Trichosanthin
Trichosanthin,hasSideEffects,Fever,Trichosanthin
Trichosanthin,hasSideEffects,Allergic reactions,Trichosanthin
Trichosanthin,hasSideEffects,Neurotoxicity (rare),Trichosanthin
Trichosanthin,interactsWith,Ribosomes,Trichosanthin
Trichosanthin,interactsWith,HIV-1,Trichosanthin
Trichosanthin,interactsWith,Immune cells,Trichosanthin
Trichosanthin,producedBy,Trichosanthes kirilowii (plant),Trichosanthin
Trichosanthin,extractedFrom,Root tubers of Trichosanthes kirilowii,Trichosanthin
Trichosanthin,hasBiologicalRole,Defense mechanism in plants,Trichosanthin
Trichosanthin,hasBiologicalRole,Antiviral agent,Trichosanthin
Trichosanthin,hasBiologicalRole,Immunomodulator,Trichosanthin
Trichosanthin,studiedIn,1980s-1990s (HIV research),Trichosanthin
Trichosanthin,hasPatents,Medical applications (historical),Trichosanthin
Trichosanthin,mentionedIn,Traditional Chinese pharmacopoeia,Trichosanthin
Trichosanthin,classifiedAs,Phytotoxin,Trichosanthin
Trichosanthin,classifiedAs,Biologic drug (historical),Trichosanthin
Trichosanthin,hasProperty,Thermostable,Trichosanthin
Trichosanthin,hasProperty,Resistant to proteases,Trichosanthin
Stalag V-A,instanceOf,prisoner-of-war camp,Stalag V-A
Stalag V-A,locatedIn,Ludwigsburg,Stalag V-A
Stalag V-A,locatedIn,Germany,Stalag V-A
Stalag V-A,operatedBy,Nazi Germany,Stalag V-A
Stalag V-A,operationalPeriod,World War II,Stalag V-A
Stalag V-A,type,Stalag,Stalag V-A
Stalag V-A,heldPrisoners,Allied prisoners of war,Stalag V-A
Stalag V-A,heldPrisoners,French prisoners of war,Stalag V-A
Stalag V-A,heldPrisoners,British prisoners of war,Stalag V-A
Stalag V-A,heldPrisoners,American prisoners of war,Stalag V-A
Stalag V-A,partOf,Stalag system,Stalag V-A
Stalag V-A,establishedIn,1939,Stalag V-A
Stalag V-A,liberatedIn,1945,Stalag V-A
Stalag V-A,liberatedBy,Allied forces,Stalag V-A
Murce-class speedboat,instanceOf,military speedboat,Murce-class speedboat
Murce-class speedboat,instanceOf,patrol boat,Murce-class speedboat
Murce-class speedboat,usedBy,Turkish Navy,Murce-class speedboat
Murce-class speedboat,manufacturer,Ares Shipyard,Murce-class speedboat
Murce-class speedboat,countryOfOrigin,Turkey,Murce-class speedboat
Murce-class speedboat,length,15.2 meters,Murce-class speedboat
Murce-class speedboat,beam,3.8 meters,Murce-class speedboat
Murce-class speedboat,displacement,21 tons,Murce-class speedboat
Murce-class speedboat,maximumSpeed,45 knots,Murce-class speedboat
Murce-class speedboat,range,350 nautical miles,Murce-class speedboat
Murce-class speedboat,crew,5 personnel,Murce-class speedboat
Murce-class speedboat,armament,12.7 mm machine gun,Murce-class speedboat
Murce-class speedboat,armament,7.62 mm machine gun,Murce-class speedboat
Murce-class speedboat,propulsion,2 x diesel engines,Murce-class speedboat
Murce-class speedboat,propulsion,2 x waterjets,Murce-class speedboat
Murce-class speedboat,introduced,2010s,Murce-class speedboat
Murce-class speedboat,role,patrol and surveillance,Murce-class speedboat
Murce-class speedboat,role,interdiction operations,Murce-class speedboat
Maeba (album),instanceOf,music album,Maeba (album)
Maeba (album),artist,Ringo Shiina,Maeba (album)
Maeba (album),releaseDate,2019-03-27,Maeba (album)
Maeba (album),recordLabel,EMI Records Japan,Maeba (album)
Maeba (album),genre,J-pop,Maeba (album)
Maeba (album),genre,rock,Maeba (album)
Maeba (album),genre,pop rock,Maeba (album)
Maeba (album),producer,Ringo Shiina,Maeba (album)
Maeba (album),language,Japanese,Maeba (album)
Maeba (album),length,50:30,Maeba (album)
Maeba (album),trackCount,12,Maeba (album)
Maeba (album),chartPosition,"1 (Oricon Albums Chart, Japan)",Maeba (album)
Maeba (album),certification,"Gold (RIAJ, Japan)",Maeba (album)
Maeba (album),containsTrack,Kurakurawari,Maeba (album)
Maeba (album),containsTrack,Marunouchi Sadistic,Maeba (album)
Maeba (album),containsTrack,Nippon,Maeba (album)
Maeba (album),containsTrack,Kuki (Stem),Maeba (album)
Maeba (album),containsTrack,Ariamaru Tomi,Maeba (album)
Maeba (album),containsTrack,Shōnen Jidai,Maeba (album)
Maeba (album),containsTrack,Kono Yo no Kagiri,Maeba (album)
Maeba (album),containsTrack,Irokoizata,Maeba (album)
Maeba (album),containsTrack,Kataomoi,Maeba (album)
Maeba (album),containsTrack,Seishun no Matataki,Maeba (album)
Maeba (album),containsTrack,Mitsu no Musume,Maeba (album)
Maeba (album),containsTrack,Honnō,Maeba (album)
Webtoon (platform),instanceOf,digital comics platform,Webtoon (platform)
Webtoon (platform),instanceOf,web service,Webtoon (platform)
Webtoon (platform),developedBy,Naver Corporation,Webtoon (platform)
Webtoon (platform),launchedIn,2004,Webtoon (platform)
Webtoon (platform),headquarters,"Seoul, South Korea",Webtoon (platform)
Webtoon (platform),availableIn,Korean,Webtoon (platform)
Webtoon (platform),availableIn,English,Webtoon (platform)
Webtoon (platform),availableIn,Chinese,Webtoon (platform)
Webtoon (platform),availableIn,Japanese,Webtoon (platform)
Webtoon (platform),availableIn,Thai,Webtoon (platform)
Webtoon (platform),availableIn,Indonesian,Webtoon (platform)
Webtoon (platform),availableIn,Spanish,Webtoon (platform)
Webtoon (platform),availableIn,French,Webtoon (platform)
Webtoon (platform),genre,webcomics,Webtoon (platform)
Webtoon (platform),genre,manhwa,Webtoon (platform)
Webtoon (platform),genre,manga,Webtoon (platform)
Webtoon (platform),platformType,mobile app,Webtoon (platform)
Webtoon (platform),platformType,website,Webtoon (platform)
Webtoon (platform),operatingSystem,iOS,Webtoon (platform)
Webtoon (platform),operatingSystem,Android,Webtoon (platform)
Webtoon (platform),businessModel,freemium,Webtoon (platform)
Webtoon (platform),offers,original content,Webtoon (platform)
Webtoon (platform),offers,user-generated content,Webtoon (platform)
Webtoon (platform),monetization,advertising,Webtoon (platform)
Webtoon (platform),monetization,in-app purchases,Webtoon (platform)
Webtoon (platform),monetization,subscriptions,Webtoon (platform)
Webtoon (platform),parentCompany,Naver Webtoon,Webtoon (platform)
Webtoon (platform),subsidiaryOf,Naver Corporation,Webtoon (platform)
Webtoon (platform),CEO,JunKoo Kim,Webtoon (platform)
Webtoon (platform),keyFeature,vertical scroll format,Webtoon (platform)
Webtoon (platform),keyFeature,weekly updates,Webtoon (platform)
Webtoon (platform),keyFeature,creator monetization program,Webtoon (platform)
Webtoon (platform),award,Webby Award for Best Mobile Site & App (2019),Webtoon (platform)
Webtoon (platform),award,Google Play Best of 2016,Webtoon (platform)
Webtoon (platform),notableWork,Tower of God,Webtoon (platform)
Webtoon (platform),notableWork,Noblesse,Webtoon (platform)
Webtoon (platform),notableWork,The God of High School,Webtoon (platform)
Webtoon (platform),notableWork,True Beauty,Webtoon (platform)
Webtoon (platform),notableWork,Lore Olympus,Webtoon (platform)
Webtoon (platform),notableWork,Unordinary,Webtoon (platform)
Webtoon (platform),partnership,Crunchyroll,Webtoon (platform)
Webtoon (platform),partnership,DC Comics,Webtoon (platform)
Webtoon (platform),partnership,Marvel Comics,Webtoon (platform)
Webtoon (platform),globalExpansion,LINE Webtoon (2014),Webtoon (platform)
Webtoon (platform),userBase,over 82 million monthly active users (2023),Webtoon (platform)
Webtoon (platform),contentLibrary,over 1.7 million series (2023),Webtoon (platform)
Webtoon (platform),creatorProgram,Webtoon Canvas,Webtoon (platform)
Webtoon (platform),adaptation,animated series,Webtoon (platform)
Webtoon (platform),adaptation,live-action dramas,Webtoon (platform)
Webtoon (platform),adaptation,films,Webtoon (platform)
Webtoon (platform),competitor,Tapas,Webtoon (platform)
Webtoon (platform),competitor,Lezhin Comics,Webtoon (platform)
Webtoon (platform),competitor,Comico,Webtoon (platform)
Webtoon (platform),socialFeature,commenting system,Webtoon (platform)
Webtoon (platform),socialFeature,likes and shares,Webtoon (platform)
Webtoon (platform),socialFeature,creator-fan interaction,Webtoon (platform)
Replay (Zendaya song),instanceOf,song,Replay (Zendaya song)
Replay (Zendaya song),artist,Zendaya,Replay (Zendaya song)
Replay (Zendaya song),album,Zendaya,Replay (Zendaya song)
Replay (Zendaya song),releaseDate,2011-07-15,Replay (Zendaya song)
Replay (Zenday song),genre,pop,Replay (Zendaya song)
Replay (Zendaya song),genre,R&B,Replay (Zendaya song)
Replay (Zendaya song),composer,Zendaya,Replay (Zendaya song)
Replay (Zendaya song),composer,Paul Shelton,Replay (Zendaya song)
Replay (Zendaya song),producer,Paul Shelton,Replay (Zendaya song)
Replay (Zendaya song),label,Hollywood Records,Replay (Zendaya song)
Replay (Zendaya song),writtenBy,Zendaya,Replay (Zendaya song)
Replay (Zendaya song),writtenBy,Paul Shelton,Replay (Zendaya song)
Replay (Zendaya song),duration,3:29,Replay (Zendaya song)
Replay (Zendaya song),language,English,Replay (Zendaya song)
Lee Hyung-chul (boxer),instanceOf,Person,Lee Hyung-chul (boxer)
Lee Hyung-chul (boxer),instanceOf,Boxer,Lee Hyung-chul (boxer)
Lee Hyung-chul (boxer),occupation,Professional Boxer,Lee Hyung-chul (boxer)
Lee Hyung-chul (boxer),nationality,South Korean,Lee Hyung-chul (boxer)
Lee Hyung-chul (boxer),birthDate,1971-03-13,Lee Hyung-chul (boxer)
Lee Hyung-chul (boxer),birthPlace,"Seoul, South Korea",Lee Hyung-chul (boxer)
Lee Hyung-chul (boxer),weightClass,Lightweight,Lee Hyung-chul (boxer)
Lee Hyung-chul (boxer),weightClass,Super Featherweight,Lee Hyung-chul (boxer)
Lee Hyung-chul (boxer),debutDate,1993-10-16,Lee Hyung-chul (boxer)
Lee Hyung-chul (boxer),totalFights,30,Lee Hyung-chul (boxer)
Lee Hyung-chul (boxer),wins,22,Lee Hyung-chul (boxer)
Lee Hyung-chul (boxer),losses,6,Lee Hyung-chul (boxer)
Lee Hyung-chul (boxer),draws,2,Lee Hyung-chul (boxer)
Lee Hyung-chul (boxer),knockouts,12,Lee Hyung-chul (boxer)
Lee Hyung-chul (boxer),retirementDate,2005,Lee Hyung-chul (boxer)
Lee Hyung-chul (boxer),notableOpponent,Jae-Do Yuh,Lee Hyung-chul (boxer)
Lee Hyung-chul (boxer),notableOpponent,Hiroyuki Yamazaki,Lee Hyung-chul (boxer)
Lee Hyung-chul (boxer),notableFight,WBC Lightweight Title Eliminator (2000),Lee Hyung-chul (boxer)
Lee Hyung-chul (boxer),award,Korean National Boxing Champion,Lee Hyung-chul (boxer)
Lee Hyung-chul (boxer),manager,Kim Sang-hoon,Lee Hyung-chul (boxer)
Lee Hyung-chul (boxer),trainer,Park Jong-pal,Lee Hyung-chul (boxer)
Bad Guy (Billie Eilish song),instanceOf,song,Bad Guy (Billie Eilish song)
Bad Guy (Billie Eilish song),artist,Billie Eilish,Bad Guy (Billie Eilish song)
Bad Guy (Billie Eilish song),album,"When We All Fall Asleep, Where Do We Go?",Bad Guy (Billie Eilish song)
Bad Guy (Billie Eilish song),releaseDate,2019-03-29,Bad Guy (Billie Eilish song)
Bad Guy (Billie Eilish song),genre,electropop,Bad Guy (Billie Eilish song)
Bad Guy (Billie Eilish song),genre,pop,Bad Guy (Billie Eilish song)
Bad Guy (Billie Eilish song),genre,trap,Bad Guy (Billie Eilish song)
Bad Guy (Billie Eilish song),composer,Billie Eilish,Bad Guy (Billie Eilish song)
Bad Guy (Billie Eilish song),composer,Finneas O'Connell,Bad Guy (Billie Eilish song)
Bad Guy (Billie Eilish song),producer,Finneas O'Connell,Bad Guy (Billie Eilish song)
Bad Guy (Billie Eilish song),label,Darkroom,Bad Guy (Billie Eilish song)
Bad Guy (Billie Eilish song),label,Interscope Records,Bad Guy (Billie Eilish song)
Bad Guy (Billie Eilish song),award,Grammy Award for Record of the Year,Bad Guy (Billie Eilish song)
Bad Guy (Billie Eilish song),award,Grammy Award for Song of the Year,Bad Guy (Billie Eilish song)
Bad Guy (Billie Eilish song),award,Grammy Award for Best Pop Solo Performance,Bad Guy (Billie Eilish song)
Bad Guy (Billie Eilish song),awardNomination,Grammy Award for Best Music Video,Bad Guy (Billie Eilish song)
Bad Guy (Billie Eilish song),chartPerformance,Billboard Hot 100 number-one single,Bad Guy (Billie Eilish song)
Bad Guy (Billie Eilish song),chartPerformance,UK Singles Chart number-one single,Bad Guy (Billie Eilish song)
Bad Guy (Billie Eilish song),chartPerformance,Australian ARIA Charts number-one single,Bad Guy (Billie Eilish song)
Bad Guy (Billie Eilish song),certification,RIAA 6× Platinum,Bad Guy (Billie Eilish song)
Bad Guy (Billie Eilish song),certification,BPI 3× Platinum,Bad Guy (Billie Eilish song)
Bad Guy (Billie Eilish song),lyricist,Billie Eilish,Bad Guy (Billie Eilish song)
Bad Guy (Billie Eilish song),lyricist,Finneas O'Connell,Bad Guy (Billie Eilish song)
Bad Guy (Billie Eilish song),duration,3:14,Bad Guy (Billie Eilish song)
Bad Guy (Billie Eilish song),language,English,Bad Guy (Billie Eilish song)
Bad Guy (Billie Eilish song),musicVideoDirector,Dave Meyers,Bad Guy (Billie Eilish song)
Bad Guy (Billie Eilish song),musicVideoReleaseDate,2019-03-29,Bad Guy (Billie Eilish song)
Bad Guy (Billie Eilish song),sampledIn,Bad Guy (Remix) (with Justin Bieber),Bad Guy (Billie Eilish song)
Bad Guy (Billie Eilish song),streamingService,Spotify,Bad Guy (Billie Eilish song)
Bad Guy (Billie Eilish song),streamingService,Apple Music,Bad Guy (Billie Eilish song)
Bad Guy (Billie Eilish song),streamingService,YouTube Music,Bad Guy (Billie Eilish song)
Bad Guy (Billie Eilish song),featuredIn,When We All Fall Asleep Tour,Bad Guy (Billie Eilish song)
Bad Guy (Billie Eilish song),featuredIn,Where Do We Go? World Tour,Bad Guy (Billie Eilish song)
Bad Guy (Billie Eilish song),featuredIn,2020 Billboard Music Awards performance,Bad Guy (Billie Eilish song)
Bad Guy (Billie Eilish song),coverVersionBy,Two Feet,Bad Guy (Billie Eilish song)
Bad Guy (Billie Eilish song),coverVersionBy,The Vamps,Bad Guy (Billie Eilish song)
Bad Guy (Billie Eilish song),inspiredBy,horror films,Bad Guy (Billie Eilish song)
Bad Guy (Billie Eilish song),inspiredBy,dark humor,Bad Guy (Billie Eilish song)
Bad Guy (Billie Eilish song),theme,psychological manipulation,Bad Guy (Billie Eilish song)
Bad Guy (Billie Eilish song),theme,power dynamics,Bad Guy (Billie Eilish song)
Bad Guy (Billie Eilish song),theme,rebellion,Bad Guy (Billie Eilish song)
"Church of St Edmund, Sedgefield",instanceOf,church,"Church of St Edmund, Sedgefield"
"Church of St Edmund, Sedgefield",instanceOf,Grade I listed building,"Church of St Edmund, Sedgefield"
"Church of St Edmund, Sedgefield",location,Sedgefield,"Church of St Edmund, Sedgefield"
"Church of St Edmund, Sedgefield",location,County Durham,"Church of St Edmund, Sedgefield"
"Church of St Edmund, Sedgefield",location,England,"Church of St Edmund, Sedgefield"
"Church of St Edmund, Sedgefield",dedicatedTo,Saint Edmund of Abingdon,"Church of St Edmund, Sedgefield"
"Church of St Edmund, Sedgefield",denomination,Church of England,"Church of St Edmund, Sedgefield"
"Church of St Edmund, Sedgefield",architecturalStyle,Norman,"Church of St Edmund, Sedgefield"
"Church of St Edmund, Sedgefield",architecturalStyle,Gothic,"Church of St Edmund, Sedgefield"
"Church of St Edmund, Sedgefield",dateOfConstruction,12th century,"Church of St Edmund, Sedgefield"
"Church of St Edmund, Sedgefield",dateOfConstruction,13th century,"Church of St Edmund, Sedgefield"
"Church of St Edmund, Sedgefield",notableFeature,Norman doorway,"Church of St Edmund, Sedgefield"
"Church of St Edmund, Sedgefield",notableFeature,medieval stained glass,"Church of St Edmund, Sedgefield"
"Church of St Edmund, Sedgefield",notableFeature,14th-century tower,"Church of St Edmund, Sedgefield"
"Church of St Edmund, Sedgefield",heritageStatus,Grade I listed,"Church of St Edmund, Sedgefield"
"Church of St Edmund, Sedgefield",coordinates,54.6547°N,"Church of St Edmund, Sedgefield"
"Church of St Edmund, Sedgefield",coordinates,1.4514°W,"Church of St Edmund, Sedgefield"
Preventing and Combating Violence Against Women and Domestic Violence (Ratification of Convention) Act 2017,instanceOf,Act of Parliament,Preventing and Combating Violence Against Women and Domestic Violence (Ratification of Convention) Act 2017
Preventing and Combating Violence Against Women and Domestic Violence (Ratification of Convention) Act 2017,instanceOf,Legislation,Preventing and Combating Violence Against Women and Domestic Violence (Ratification of Convention) Act 2017
Preventing and Combating Violence Against Women and Domestic Violence (Ratification of Convention) Act 2017,jurisdiction,United Kingdom,Preventing and Combating Violence Against Women and Domestic Violence (Ratification of Convention) Act 2017
Preventing and Combating Violence Against Women and Domestic Violence (Ratification of Convention) Act 2017,yearEnacted,2017,Preventing and Combating Violence Against Women and Domestic Violence (Ratification of Convention) Act 2017
Preventing and Combating Violence Against Women and Domestic Violence (Ratification of Convention) Act 2017,ratifies,Istanbul Convention,Preventing and Combating Violence Against Women and Domestic Violence (Ratification of Convention) Act 2017
Preventing and Combating Violence Against Women and Domestic Violence (Ratification of Convention) Act 2017,shortTitle,Istanbul Convention Ratification Act 2017,Preventing and Combating Violence Against Women and Domestic Violence (Ratification of Convention) Act 2017
Preventing and Combating Violence Against Women and Domestic Violence (Ratification of Convention) Act 2017,legislativeBody,Parliament of the United Kingdom,Preventing and Combating Violence Against Women and Domestic Violence (Ratification of Convention) Act 2017
Preventing and Combating Violence Against Women and Domestic Violence (Ratification of Convention) Act 2017,purpose,Ratify the Council of Europe Convention on preventing and combating violence against women and domestic violence,Preventing and Combating Violence Against Women and Domestic Violence (Ratification of Convention) Act 2017
Preventing and Combating Violence Against Women and Domestic Violence (Ratification of Convention) Act 2017,relatedTo,Domestic violence legislation,Preventing and Combating Violence Against Women and Domestic Violence (Ratification of Convention) Act 2017
Preventing and Combating Violence Against Women and Domestic Violence (Ratification of Convention) Act 2017,relatedTo,Gender-based violence prevention,Preventing and Combating Violence Against Women and Domestic Violence (Ratification of Convention) Act 2017
Preventing and Combating Violence Against Women and Domestic Violence (Ratification of Convention) Act 2017,status,In force,Preventing and Combating Violence Against Women and Domestic Violence (Ratification of Convention) Act 2017
Muisca (beetle),instanceOf,genus of insects,Muisca (beetle)
Muisca (beetle),kingdom,Animalia,Muisca (beetle)
Muisca (beetle),phylum,Arthropoda,Muisca (beetle)
Muisca (beetle),class,Insecta,Muisca (beetle)
Muisca (beetle),order,Coleoptera,Muisca (beetle)
Muisca (beetle),family,Staphylinidae,Muisca (beetle)
Muisca (beetle),subfamily,Aleocharinae,Muisca (beetle)
Muisca (beetle),tribe,Hoplandriini,Muisca (beetle)
Muisca (beetle),describedBy,Pace,Muisca (beetle)
Muisca (beetle),yearDescribed,1997,Muisca (beetle)
Muisca (beetle),distribution,Colombia,Muisca (beetle)
Muisca (beetle),habitat,tropical forests,Muisca (beetle)
Muisca (beetle),typeSpecies,Muisca bitaeniata,Muisca (beetle)
Booker T (wrestler),instanceOf,professional wrestler,Booker T (wrestler)
Booker T (wrestler),instanceOf,television personality,Booker T (wrestler)
Booker T (wrestler),fullName,Booker Tio Huffman,Booker T (wrestler)
Booker T (wrestler),dateOfBirth,1965-03-01,Booker T (wrestler)
Booker T (wrestler),placeOfBirth,"Houston, Texas, U.S.",Booker T (wrestler)
Booker T (wrestler),ringName,Booker T,Booker T (wrestler)
Booker T (wrestler),ringName,King Booker,Booker T (wrestler)
Booker T (wrestler),ringName,G.I. Bro,Booker T (wrestler)
Booker T (wrestler),debut,1989,Booker T (wrestler)
Booker T (wrestler),retired,2016 (in-ring),Booker T (wrestler)
Booker T (wrestler),trainedBy,Scott Casey,Booker T (wrestler)
Booker T (wrestler),promotion,World Championship Wrestling (WCW),Booker T (wrestler)
Booker T (wrestler),promotion,World Wrestling Federation/Entertainment (WWF/WWE),Booker T (wrestler)
Booker T (wrestler),promotion,Total Nonstop Action Wrestling (TNA),Booker T (wrestler)
Booker T (wrestler),tagTeam,Harlem Heat (with Stevie Ray),Booker T (wrestler)
Booker T (wrestler),championship,WCW World Heavyweight Championship (4 times),Booker T (wrestler)
Booker T (wrestler),championship,WCW World Television Championship (6 times),Booker T (wrestler)
Booker T (wrestler),championship,WCW World Tag Team Championship (10 times),Booker T (wrestler)
Booker T (wrestler),championship,WWE World Heavyweight Championship (1 time),Booker T (wrestler)
Booker T (wrestler),championship,WWE Intercontinental Championship (1 time),Booker T (wrestler)
Booker T (wrestler),championship,WWE United States Championship (3 times),Booker T (wrestler)
Booker T (wrestler),championship,WWE Hardcore Championship (2 times),Booker T (wrestler)
Booker T (wrestler),championship,WWE World Tag Team Championship (1 time),Booker T (wrestler)
Booker T (wrestler),championship,TNA Legends Championship (1 time),Booker T (wrestler)
Booker T (wrestler),championship,TNA World Tag Team Championship (1 time),Booker T (wrestler)
Booker T (wrestler),signatureMove,Scissors Kick,Booker T (wrestler)
Booker T (wrestler),signatureMove,Book-End,Booker T (wrestler)
Booker T (wrestler),signatureMove,Harlem Hangover,Booker T (wrestler)
Booker T (wrestler),finishingMove,Axe Kick,Booker T (wrestler)
Booker T (wrestler),finishingMove,Side Slam,Booker T (wrestler)
Booker T (wrestler),manager,Sister Sherri,Booker T (wrestler)
Booker T (wrestler),manager,Jacqueline,Booker T (wrestler)
Booker T (wrestler),manager,Queen Sharmell,Booker T (wrestler)
Booker T (wrestler),feudWith,Stone Cold Steve Austin,Booker T (wrestler)
Booker T (wrestler),feudWith,Triple H,Booker T (wrestler)
Booker T (wrestler),feudWith,Goldberg,Booker T (wrestler)
Booker T (wrestler),feudWith,The Rock,Booker T (wrestler)
Booker T (wrestler),feudWith,Kurt Angle,Booker T (wrestler)
Booker T (wrestler),feudWith,Christian,Booker T (wrestler)
Booker T (wrestler),feudWith,Jeff Jarrett,Booker T (wrestler)
Booker T (wrestler),royalRumbleAppearance,2002 (Winner),Booker T (wrestler)
Booker T (wrestler),royalRumbleAppearance,2006,Booker T (wrestler)
Booker T (wrestler),royalRumbleAppearance,2011,Booker T (wrestler)
Booker T (wrestler),wrestleManiaAppearance,WrestleMania 19,Booker T (wrestler)
Booker T (wrestler),wrestleManiaAppearance,WrestleMania 20,Booker T (wrestler)
Booker T (wrestler),wrestleManiaAppearance,WrestleMania 21,Booker T (wrestler)
Booker T (wrestler),wrestleManiaAppearance,WrestleMania 22,Booker T (wrestler)
Booker T (wrestler),wrestleManiaAppearance,WrestleMania 23,Booker T (wrestler)
Booker T (wrestler),wrestleManiaAppearance,WrestleMania 28,Booker T (wrestler)
Booker T (wrestler),wrestleManiaAppearance,WrestleMania 32,Booker T (wrestler)
Booker T (wrestler),hallOfFame,WWE Hall of Fame (2013),Booker T (wrestler)
Booker T (wrestler),hallOfFame,WCW Hall of Fame (1996),Booker T (wrestler)
Booker T (wrestler),brotherOf,Stevie Ray (wrestler),Booker T (wrestler)
Booker T (wrestler),spouse,Levestia Huffman (divorced),Booker T (wrestler)
Booker T (wrestler),spouse,Sharmell Sullivan-Huffman (married 2005),Booker T (wrestler)
Booker T (wrestler),children,2,Booker T (wrestler)
Booker T (wrestler),currentRole,WWE commentator,Booker T (wrestler)
Booker T (wrestler),currentRole,WWE Hall of Famer,Booker T (wrestler)
Booker T (wrestler),currentRole,Trainer (Reality of Wrestling),Booker T (wrestler)
Booker T (wrestler),founded,Reality of Wrestling (ROW),Booker T (wrestler)
Booker T (wrestler),award,WCW Triple Crown Champion,Booker T (wrestler)
Booker T (wrestler),award,WWE Grand Slam Champion (Original Format),Booker T (wrestler)
Booker T (wrestler),themeMusic,Rap Sheet (WCW),Booker T (wrestler)
Booker T (wrestler),themeMusic,Can You Dig It? (WWE),Booker T (wrestler)
Booker T (wrestler),themeMusic,King of the Ring (as King Booker),Booker T (wrestler)
Booker T (wrestler),autobiography,Booker T: From Prison to Promise: A Wrestling Story,Booker T (wrestler)
Booker T (wrestler),movieAppearance,Ready to Rumble (2000),Booker T (wrestler)
Booker T (wrestler),movieAppearance,The Jesse Ventura Story (1999),Booker T (wrestler)
Booker T (wrestler),tvAppearance,Survivor (2015),Booker T (wrestler)
Booker T (wrestler),tvAppearance,"Tough Enough (Coach, 2015)",Booker T (wrestler)
Booker T (wrestler),tvAppearance,WWE Afterburn (Host),Booker T (wrestler)
Lactobacillus porci,instanceOf,bacterial species,Lactobacillus porci
Lactobacillus porci,domain,Bacteria,Lactobacillus porci
Lactobacillus porci,phylum,Firmicutes,Lactobacillus porci
Lactobacillus porci,class,Bacilli,Lactobacillus porci
Lactobacillus porci,order,Lactobacillales,Lactobacillus porci
Lactobacillus porci,family,Lactobacillaceae,Lactobacillus porci
Lactobacillus porci,genus,Lactobacillus,Lactobacillus porci
Lactobacillus porci,isolatedFrom,pig gastrointestinal tract,Lactobacillus porci
Lactobacillus porci,gramStain,positive,Lactobacillus porci
Lactobacillus porci,oxygenRequirement,facultatively anaerobic,Lactobacillus porci
Lactobacillus porci,shape,rod-shaped,Lactobacillus porci
Lactobacillus porci,motility,non-motile,Lactobacillus porci
Lactobacillus porci,publicationYear,2018,Lactobacillus porci
Lactobacillus porci,discoveredBy,Zhu et al.,Lactobacillus porci
Galboda Gnanissara Thera,instanceOf,Buddhist monk,Galboda Gnanissara Thera
Galboda Gnanissara Thera,instanceOf,Religious leader,Galboda Gnanissara Thera
Galboda Gnanissara Thera,birthName,A. D. Ariyawansa,Galboda Gnanissara Thera
Galboda Gnanissara Thera,dateOfBirth,1922-08-01,Galboda Gnanissara Thera
Galboda Gnanissara Thera,dateOfDeath,2017-05-04,Galboda Gnanissara Thera
Galboda Gnanissara Thera,placeOfBirth,Sri Lanka,Galboda Gnanissara Thera
Galboda Gnanissara Thera,nationality,Sri Lankan,Galboda Gnanissara Thera
Galboda Gnanissara Thera,religion,Buddhism,Galboda Gnanissara Thera
Galboda Gnanissara Thera,denomination,Theravada,Galboda Gnanissara Thera
Galboda Gnanissara Thera,occupation,Monk,Galboda Gnanissara Thera
Galboda Gnanissara Thera,knownFor,Spiritual teachings,Galboda Gnanissara Thera
Galboda Gnanissara Thera,knownFor,Meditation guidance,Galboda Gnanissara Thera
Galboda Gnanissara Thera,affiliation,Galboda Aththe Gnanananda Pirivena,Galboda Gnanissara Thera
Galboda Gnanissara Thera,positionHeld,Chief Incumbent of Galboda Aththe Gnanananda Pirivena,Galboda Gnanissara Thera
Garcinia celebica,instanceOf,species,Garcinia celebica
Garcinia celebica,instanceOf,plant,Garcinia celebica
Garcinia celebica,kingdom,Plantae,Garcinia celebica
Garcinia celebica,clade,Tracheophytes,Garcinia celebica
Garcinia celebica,clade,Angiosperms,Garcinia celebica
Garcinia celebica,clade,Eudicots,Garcinia celebica
Garcinia celebica,clade,Rosids,Garcinia celebica
Garcinia celebica,order,Malpighiales,Garcinia celebica
Garcinia celebica,family,Clusiaceae,Garcinia celebica
Garcinia celebica,genus,Garcinia,Garcinia celebica
Garcinia celebica,commonName,Manggis hutan,Garcinia celebica
Garcinia celebica,nativeTo,Southeast Asia,Garcinia celebica
Garcinia celebica,nativeTo,Indonesia,Garcinia celebica
Garcinia celebica,habitat,Tropical rainforests,Garcinia celebica
Garcinia celebica,growthForm,Tree,Garcinia celebica
Garcinia celebica,height,Up to 20 meters,Garcinia celebica
Garcinia celebica,leafArrangement,Opposite,Garcinia celebica
Garcinia celebica,leafType,Simple,Garcinia celebica
Garcinia celebica,leafShape,Elliptic to oblong,Garcinia celebica
Garcinia celebica,flowerColor,White,Garcinia celebica
Garcinia celebica,flowerType,Unisexual,Garcinia celebica
Garcinia celebica,fruitType,Berry,Garcinia celebica
Garcinia celebica,fruitColor,Yellow to orange,Garcinia celebica
Garcinia celebica,ediblePart,Fruit,Garcinia celebica
Garcinia celebica,uses,Traditional medicine,Garcinia celebica
Garcinia celebica,uses,Ornamental plant,Garcinia celebica
Garcinia celebica,conservationStatus,Not evaluated,Garcinia celebica
Legion (video game),instanceOf,video game,Legion (video game)
Legion (video game),developer,Slitherine Software,Legion (video game)
Legion (video game),publisher,Slitherine Software,Legion (video game)
Legion (video game),genre,turn-based strategy,Legion (video game)
Legion (video game),genre,grand strategy,Legion (video game)
Legion (video game),platform,Microsoft Windows,Legion (video game)
Legion (video game),releaseDate,2020-03-19,Legion (video game)
Legion (video game),setting,Ancient Rome,Legion (video game)
Legion (video game),gameMode,single-player,Legion (video game)
Legion (video game),gameMode,multiplayer,Legion (video game)
Legion (video game),partOfSeries,Legion series,Legion (video game)
Legion (video game),predecessor,Legion Gold,Legion (video game)
Legion (video game),engine,Unity,Legion (video game)
Legion (video game),designer,Phil McGrath,Legion (video game)
Legion (video game),composer,Ian Livingstone,Legion (video game)
Legion (video game),theme,military,Legion (video game)
Legion (video game),theme,history,Legion (video game)
Legion (video game),esrbRating,T (Teen),Legion (video game)
Legion (video game),pegiRating,12,Legion (video game)
Legion (video game),minimumCpu,Intel Core i3-2100 or AMD equivalent,Legion (video game)
Legion (video game),minimumRam,4 GB,Legion (video game)
Legion (video game),minimumGpu,NVIDIA GeForce GTX 460 or AMD Radeon HD 5850,Legion (video game)
Legion (video game),minimumStorage,2 GB,Legion (video game)
Legion (video game),directorsCut,Legion Gold,Legion (video game)
Legion (video game),expansionFor,Legion Arena,Legion (video game)
Legion (video game),inspiredBy,Roman military history,Legion (video game)
Legion (video game),features,real-time tactics,Legion (video game)
Legion (video game),features,campaign mode,Legion (video game)
Legion (video game),features,historical battles,Legion (video game)
Legion (video game),award,Best Strategy Game Nominee (2020),Legion (video game)
Legion (video game),localizations,English,Legion (video game)
Legion (video game),localizations,French,Legion (video game)
Legion (video game),localizations,German,Legion (video game)
Legion (video game),localizations,Spanish,Legion (video game)
Legion (video game),steamAppId,1150040,Legion (video game)
Pat Rooney (basketball),instanceOf,human,Pat Rooney (basketball)
Pat Rooney (basketball),instanceOf,basketball player,Pat Rooney (basketball)
Pat Rooney (basketball),fullName,Patrick Michael Rooney,Pat Rooney (basketball)
Pat Rooney (basketball),dateOfBirth,1957-06-12,Pat Rooney (basketball)
Pat Rooney (basketball),placeOfBirth,"New York City, New York, U.S.",Pat Rooney (basketball)
Pat Rooney (basketball),positionPlayed,point guard,Pat Rooney (basketball)
Pat Rooney (basketball),college,University of Notre Dame,Pat Rooney (basketball)
Pat Rooney (basketball),draftedBy,Boston Celtics,Pat Rooney (basketball)
Pat Rooney (basketball),draftYear,1979,Pat Rooney (basketball)
Pat Rooney (basketball),draftRound,4,Pat Rooney (basketball)
Pat Rooney (basketball),draftPick,86,Pat Rooney (basketball)
Pat Rooney (basketball),playedFor,Boston Celtics,Pat Rooney (basketball)
Pat Rooney (basketball),playedFor,Utah Jazz,Pat Rooney (basketball)
Pat Rooney (basketball),NBADebut,1979,Pat Rooney (basketball)
Pat Rooney (basketball),lastNBASeason,1981,Pat Rooney (basketball)
Pat Rooney (basketball),height,6 ft 1 in (1.85 m),Pat Rooney (basketball)
Pat Rooney (basketball),weight,175 lb (79 kg),Pat Rooney (basketball)
Pat Rooney (basketball),careerPoints,102,Pat Rooney (basketball)
Pat Rooney (basketball),careerAssists,48,Pat Rooney (basketball)
Pat Rooney (basketball),careerRebounds,25,Pat Rooney (basketball)
Gliese 536,instanceOf,star,Gliese 536
Gliese 536,instanceOf,red dwarf,Gliese 536
Gliese 536,locatedIn,Milky Way,Gliese 536
Gliese 536,constellation,Virgo,Gliese 536
Gliese 536,rightAscension,13h 55m 25.0s,Gliese 536
Gliese 536,declination,-26° 17′ 40″,Gliese 536
Gliese 536,spectralType,M1,Gliese 536
Gliese 536,distanceFromEarth,33 light-years,Gliese 536
Gliese 536,mass,0.52 solar masses,Gliese 536
Gliese 536,radius,0.50 solar radii,Gliese 536
Gliese 536,luminosity,0.04 solar luminosities,Gliese 536
Gliese 536,temperature,3685 K,Gliese 536
Gliese 536,hasPlanet,Gliese 536 b,Gliese 536
Gliese 536 b,instanceOf,exoplanet,Gliese 536
Gliese 536 b,orbits,Gliese 536,Gliese 536
Gliese 536 b,discoveryYear,2016,Gliese 536
Gliese 536 b,mass,5.36 Earth masses,Gliese 536
Gliese 536 b,orbitalPeriod,8.7 days,Gliese 536
Gliese 536 b,semiMajorAxis,0.0666 AU,Gliese 536
Gliese 536 b,discoveryMethod,radial velocity,Gliese 536
Frank-Rutger Hausmann,instanceOf,human,Frank-Rutger Hausmann
Frank-Rutger Hausmann,instanceOf,academic,Frank-Rutger Hausmann
Frank-Rutger Hausmann,occupation,historian,Frank-Rutger Hausmann
Frank-Rutger Hausmann,occupation,philologist,Frank-Rutger Hausmann
Frank-Rutger Hausmann,fieldOfStudy,Romance studies,Frank-Rutger Hausmann
Frank-Rutger Hausmann,fieldOfStudy,medieval history,Frank-Rutger Hausmann
Frank-Rutger Hausmann,birthDate,1943-02-05,Frank-Rutger Hausmann
Frank-Rutger Hausmann,birthPlace,"Freiburg im Breisgau, Germany",Frank-Rutger Hausmann
Frank-Rutger Hausmann,deathDate,2020-07-01,Frank-Rutger Hausmann
Frank-Rutger Hausmann,deathPlace,"Bonn, Germany",Frank-Rutger Hausmann
Frank-Rutger Hausmann,almaMater,University of Freiburg,Frank-Rutger Hausmann
Frank-Rutger Hausmann,almaMater,University of Bonn,Frank-Rutger Hausmann
Frank-Rutger Hausmann,academicDegree,PhD,Frank-Rutger Hausmann
Frank-Rutger Hausmann,doctoralAdvisor,Hugo Friedrich,Frank-Rutger Hausmann
Frank-Rutger Hausmann,notableWork,Franzosenzeit in deutschen Landen (1806–1815),Frank-Rutger Hausmann
Frank-Rutger Hausmann,notableWork,Deutsche Geisteswissenschaft im Zweiten Weltkrieg,Frank-Rutger Hausmann
Frank-Rutger Hausmann,award,Gutenberg Research Award,Frank-Rutger Hausmann
Frank-Rutger Hausmann,affiliation,University of Bonn,Frank-Rutger Hausmann
Frank-Rutger Hausmann,affiliation,German Historical Institute Paris,Frank-Rutger Hausmann
Herbert Von King Park,instanceOf,public park,Herbert Von King Park
Herbert Von King Park,instanceOf,urban park,Herbert Von King Park
Herbert Von King Park,locatedIn,Brooklyn,Herbert Von King Park
Herbert Von King Park,locatedIn,New York City,Herbert Von King Park
Herbert Von King Park,locatedIn,New York,Herbert Von King Park
Herbert Von King Park,locatedIn,United States,Herbert Von King Park
Herbert Von King Park,namedAfter,Herbert Von King,Herbert Von King Park
Herbert Von King Park,hasFeature,amphitheater,Herbert Von King Park
Herbert Von King Park,hasFeature,playground,Herbert Von King Park
Herbert Von King Park,hasFeature,basketball courts,Herbert Von King Park
Herbert Von King Park,hasFeature,handball courts,Herbert Von King Park
Herbert Von King Park,hasFeature,community garden,Herbert Von King Park
Herbert Von King Park,hasFeature,picnic area,Herbert Von King Park
Herbert Von King Park,hasFeature,walking paths,Herbert Von King Park
Herbert Von King Park,hasFeature,dog run,Herbert Von King Park
Herbert Von King Park,managedBy,New York City Department of Parks and Recreation,Herbert Von King Park
Herbert Von King Park,openedIn,1987,Herbert Von King Park
Herbert Von King Park,area,8.4 acres,Herbert Von King Park
Herbert Von King Park,neighborhood,Bedford-Stuyvesant,Herbert Von King Park
Herbert Von King,instanceOf,person,Herbert Von King Park
Herbert Von King,occupation,community leader,Herbert Von King Park
Herbert Von King,associatedWith,Bedford-Stuyvesant,Herbert Von King Park
Lexia to Perplexia,instanceOf,hypertext poem,Lexia to Perplexia
Lexia to Perplexia,author,Talan Memmott,Lexia to Perplexia
Lexia to Perplexia,publicationYear,2000,Lexia to Perplexia
Lexia to Perplexia,genre,electronic literature,Lexia to Perplexia
Lexia to Perplexia,genre,digital poetry,Lexia to Perplexia
Lexia to Perplexia,medium,web-based,Lexia to Perplexia
Lexia to Perplexia,themes,identity,Lexia to Perplexia
Lexia to Perplexia,themes,technology,Lexia to Perplexia
Lexia to Perplexia,themes,language,Lexia to Perplexia
Lexia to Perplexia,awards,Electronic Literature Organization Award,Lexia to Perplexia
Lexia to Perplexia,influences,postmodernism,Lexia to Perplexia
Lexia to Perplexia,influences,cybertext theory,Lexia to Perplexia
Lexia to Perplexia,language,English,Lexia to Perplexia
Lexia to Perplexia,partOf,early digital literature canon,Lexia to Perplexia
Lexia to Perplexia,features,non-linear narrative,Lexia to Perplexia
Lexia to Perplexia,features,interactive elements,Lexia to Perplexia
Lexia to Perplexia,features,multimedia components,Lexia to Perplexia
Leonard Berkowitz,instanceOf,human,Leonard Berkowitz
Leonard Berkowitz,instanceOf,psychologist,Leonard Berkowitz
Leonard Berkowitz,fieldOfStudy,social psychology,Leonard Berkowitz
Leonard Berkowitz,fieldOfStudy,aggression,Leonard Berkowitz
Leonard Berkowitz,knownFor,frustration-aggression hypothesis,Leonard Berkowitz
Leonard Berkowitz,knownFor,cognitive neoassociation theory,Leonard Berkowitz
Leonard Berkowitz,birthDate,1926-08-11,Leonard Berkowitz
Leonard Berkowitz,deathDate,2016-01-03,Leonard Berkowitz
Leonard Berkowitz,birthPlace,"New Britain, Connecticut, U.S.",Leonard Berkowitz
Leonard Berkowitz,deathPlace,"Madison, Wisconsin, U.S.",Leonard Berkowitz
Leonard Berkowitz,nationality,American,Leonard Berkowitz
Leonard Berkowitz,almaMater,"University of California, Berkeley",Leonard Berkowitz
Leonard Berkowitz,academicDegree,PhD,Leonard Berkowitz
Leonard Berkowitz,academicDegree,Bachelor of Arts,Leonard Berkowitz
Leonard Berkowitz,employer,University of Wisconsin-Madison,Leonard Berkowitz
Leonard Berkowitz,award,Distinguished Scientific Contribution Award (American Psychological Association),Leonard Berkowitz
Leonard Berkowitz,authorOf,Aggression: A Social Psychological Analysis,Leonard Berkowitz
Leonard Berkowitz,authorOf,Causes and Consequences of Feelings,Leonard Berkowitz
Leonard Berkowitz,influencedBy,John Dollard,Leonard Berkowitz
Leonard Berkowitz,influencedBy,Neal Miller,Leonard Berkowitz
Leonard Berkowitz,influenced,Craig A. Anderson,Leonard Berkowitz
Leonard Berkowitz,influenced,Brad J. Bushman,Leonard Berkowitz
Trouble No More (Darden Smith album),instanceOf,music album,Trouble No More (Darden Smith album)
Trouble No More (Darden Smith album),artist,Darden Smith,Trouble No More (Darden Smith album)
Trouble No More (Darden Smith album),releaseYear,1990,Trouble No More (Darden Smith album)
Trouble No More (Darden Smith album),genre,folk rock,Trouble No More (Darden Smith album)
Trouble No More (Darden Smith album),recordLabel,Columbia Records,Trouble No More (Darden Smith album)
Trouble No More (Darden Smith album),producer,John Leventhal,Trouble No More (Darden Smith album)
Trouble No More (Darden Smith album),trackCount,10,Trouble No More (Darden Smith album)
Trouble No More (Darden Smith album),containsTrack,Trouble No More,Trouble No More (Darden Smith album)
Trouble No More (Darden Smith album),containsTrack,The Bridge,Trouble No More (Darden Smith album)
Trouble No More (Darden Smith album),containsTrack,Love Comes and Goes,Trouble No More (Darden Smith album)
Trouble No More (Darden Smith album),containsTrack,The River,Trouble No More (Darden Smith album)
Trouble No More (Darden Smith album),containsTrack,The Last Time,Trouble No More (Darden Smith album)
Trouble No More (Darden Smith album),containsTrack,The Ballad of John Henry,Trouble No More (Darden Smith album)
Trouble No More (Darden Smith album),containsTrack,The Way It Is,Trouble No More (Darden Smith album)
Trouble No More (Darden Smith album),containsTrack,The Long Way Home,Trouble No More (Darden Smith album)
Trouble No More (Darden Smith album),containsTrack,The Night the Lights Went Out in Georgia,Trouble No More (Darden Smith album)
Trouble No More (Darden Smith album),containsTrack,The Last Goodbye,Trouble No More (Darden Smith album)
1945 Giro di Lombardia,instanceOf,CyclingRace,1945 Giro di Lombardia
1945 Giro di Lombardia,instanceOf,SportsEvent,1945 Giro di Lombardia
1945 Giro di Lombardia,partOf,Giro di Lombardia,1945 Giro di Lombardia
1945 Giro di Lombardia,editionOf,Giro di Lombardia,1945 Giro di Lombardia
1945 Giro di Lombardia,editionNumber,31,1945 Giro di Lombardia
1945 Giro di Lombardia,startDate,1945-10-21,1945 Giro di Lombardia
1945 Giro di Lombardia,endDate,1945-10-21,1945 Giro di Lombardia
1945 Giro di Lombardia,location,Italy,1945 Giro di Lombardia
1945 Giro di Lombardia,routeStart,Milan,1945 Giro di Lombardia
1945 Giro di Lombardia,routeFinish,Milan,1945 Giro di Lombardia
1945 Giro di Lombardia,distance,222 km,1945 Giro di Lombardia
1945 Giro di Lombardia,winner,Mario Ricci,1945 Giro di Lombardia
1945 Giro di Lombardia,winnerNationality,Italy,1945 Giro di Lombardia
1945 Giro di Lombardia,secondPlace,Aldo Bini,1945 Giro di Lombardia
1945 Giro di Lombardia,thirdPlace,Gino Bartali,1945 Giro di Lombardia
1945 Giro di Lombardia,organizer,La Gazzetta dello Sport,1945 Giro di Lombardia
1945 Giro di Lombardia,notableParticipant,Gino Bartali,1945 Giro di Lombardia
1945 Giro di Lombardia,notableParticipant,Fausto Coppi,1945 Giro di Lombardia
1945 Giro di Lombardia,previousEdition,1943 Giro di Lombardia,1945 Giro di Lombardia
1945 Giro di Lombardia,nextEdition,1946 Giro di Lombardia,1945 Giro di Lombardia
1945 Giro di Lombardia,notableFor,First post-World War II edition,1945 Giro di Lombardia
1945 Giro di Lombardia,type,One-day race,1945 Giro di Lombardia
1945 Giro di Lombardia,category,Monument,1945 Giro di Lombardia
1945 Giro di Lombardia,sport,Road bicycle racing,1945 Giro di Lombardia
Giubiasco–Locarno railway,instanceOf,railway line,Giubiasco–Locarno railway
Giubiasco–Locarno railway,locatedIn,Switzerland,Giubiasco–Locarno railway
Giubiasco–Locarno railway,locatedIn,Ticino,Giubiasco–Locarno railway
Giubiasco–Locarno railway,connects,Giubiasco,Giubiasco–Locarno railway
Giubiasco–Locarno railway,connects,Locarno,Giubiasco–Locarno railway
Giubiasco–Locarno railway,operatedBy,Swiss Federal Railways (SBB),Giubiasco–Locarno railway
Giubiasco–Locarno railway,length,21.1 km,Giubiasco–Locarno railway
Giubiasco–Locarno railway,trackGauge,"1,435 mm (standard gauge)",Giubiasco–Locarno railway
Giubiasco–Locarno railway,electrification,15 kV 16.7 Hz AC,Giubiasco–Locarno railway
Giubiasco–Locarno railway,opened,1874,Giubiasco–Locarno railway
Giubiasco–Locarno railway,partOf,Gotthard railway network,Giubiasco–Locarno railway
Giubiasco–Locarno railway,serves,Bellinzona,Giubiasco–Locarno railway
Giubiasco–Locarno railway,serves,Cadenazzo,Giubiasco–Locarno railway
Giubiasco–Locarno railway,serves,Tenero,Giubiasco–Locarno railway
Giubiasco–Locarno railway,hasStation,Giubiasco railway station,Giubiasco–Locarno railway
Giubiasco–Locarno railway,hasStation,Bellinzona railway station,Giubiasco–Locarno railway
Giubiasco–Locarno railway,hasStation,Cadenazzo railway station,Giubiasco–Locarno railway
Giubiasco–Locarno railway,hasStation,Locarno railway station,Giubiasco–Locarno railway
Giubiasco–Locarno railway,type,regional railway,Giubiasco–Locarno railway
Edafe Okporo,instanceOf,Person,Edafe Okporo
Edafe Okporo,instanceOf,HumanRightsActivist,Edafe Okporo
Edafe Okporo,instanceOf,Author,Edafe Okporo
Edafe Okporo,birthPlace,Nigeria,Edafe Okporo
Edafe Okporo,occupation,Activist,Edafe Okporo
Edafe Okporo,occupation,Writer,Edafe Okporo
Edafe Okporo,occupation,PublicSpeaker,Edafe Okporo
Edafe Okporo,notableWork,Asylum: A Memoir & Manifesto,Edafe Okporo
Edafe Okporo,fieldOfWork,LGBTQ+Rights,Edafe Okporo
Edafe Okporo,fieldOfWork,RefugeeAdvocacy,Edafe Okporo
Edafe Okporo,residence,UnitedStates,Edafe Okporo
Edafe Okporo,hasAward,DavidKatoVision&VoiceAward,Edafe Okporo
Edafe Okporo,educatedAt,RaritanValleyCommunityCollege,Edafe Okporo
Edafe Okporo,educatedAt,NewYorkUniversity,Edafe Okporo
Edafe Okporo,worksFor,RDJRefugeeShelter,Edafe Okporo
Edafe Okporo,positionHeld,Director,Edafe Okporo
Edafe Okporo,countryOfCitizenship,Nigeria,Edafe Okporo
Edafe Okporo,countryOfCitizenship,UnitedStates,Edafe Okporo
Edafe Okporo,gender,Male,Edafe Okporo
Edafe Okporo,sexualOrientation,Gay,Edafe Okporo
Edafe Okporo,religion,Christianity,Edafe Okporo
Edafe Okporo,notableFor,LGBTQ+RefugeeAdvocacy,Edafe Okporo
Edafe Okporo,hasSpokenAt,UnitedNations,Edafe Okporo
Edafe Okporo,hasSpokenAt,TEDx,Edafe Okporo
Edafe Okporo,hasWrittenFor,TheAdvocate,Edafe Okporo
Edafe Okporo,hasWrittenFor,TheGuardian,Edafe Okporo
Edafe Okporo,hasAppearedIn,BBC,Edafe Okporo
Edafe Okporo,hasAppearedIn,CNN,Edafe Okporo
Edafe Okporo,hasAppearedIn,NBCNews,Edafe Okporo
Edafe Okporo,socialMediaPresence,Twitter,Edafe Okporo
Edafe Okporo,socialMediaPresence,Instagram,Edafe Okporo
Edafe Okporo,socialMediaPresence,LinkedIn,Edafe Okporo
Fahhad Al-Subaie,instanceOf,Person,Fahhad Al-Subaie
Fahhad Al-Subaie,instanceOf,Athlete,Fahhad Al-Subaie
Fahhad Al-Subaie,nationality,Saudi Arabian,Fahhad Al-Subaie
Fahhad Al-Subaie,occupation,Sprinter,Fahhad Al-Subaie
Fahhad Al-Subaie,sport,Athletics,Fahhad Al-Subaie
Fahhad Al-Subaie,event,100 metres,Fahhad Al-Subaie
Fahhad Al-Subaie,event,200 metres,Fahhad Al-Subaie
Fahhad Al-Subaie,birthDate,1988-05-10,Fahhad Al-Subaie
Fahhad Al-Subaie,birthPlace,Saudi Arabia,Fahhad Al-Subaie
Fahhad Al-Subaie,achievement,Competed in the 2012 London Olympics,Fahhad Al-Subaie
Fahhad Al-Subaie,achievement,Competed in the 2016 Rio Olympics,Fahhad Al-Subaie
Fahhad Al-Subaie,achievement,Gold medalist at the 2011 Pan Arab Games (4x100m relay),Fahhad Al-Subaie
Fahhad Al-Subaie,achievement,Silver medalist at the 2011 Pan Arab Games (200m),Fahhad Al-Subaie
Fahhad Al-Subaie,personalBest,100m: 10.31 seconds,Fahhad Al-Subaie
Fahhad Al-Subaie,personalBest,200m: 20.74 seconds,Fahhad Al-Subaie
Fahhad Al-Subaie,affiliation,Saudi Arabian Athletics Federation,Fahhad Al-Subaie
Flute Concerto No. 1 (Jolivet),instanceOf,concerto,Flute Concerto No. 1 (Jolivet)
Flute Concerto No. 1 (Jolivet),composer,André Jolivet,Flute Concerto No. 1 (Jolivet)
Flute Concerto No. 1 (Jolivet),yearComposed,1949,Flute Concerto No. 1 (Jolivet)
Flute Concerto No. 1 (Jolivet),instrumentation,flute,Flute Concerto No. 1 (Jolivet)
Flute Concerto No. 1 (Jolivet),instrumentation,orchestra,Flute Concerto No. 1 (Jolivet)
Flute Concerto No. 1 (Jolivet),genre,classical music,Flute Concerto No. 1 (Jolivet)
Flute Concerto No. 1 (Jolivet),dedicatedTo,Jean-Pierre Rampal,Flute Concerto No. 1 (Jolivet)
Flute Concerto No. 1 (Jolivet),premiereDate,1950,Flute Concerto No. 1 (Jolivet)
Flute Concerto No. 1 (Jolivet),premiereLocation,Paris,Flute Concerto No. 1 (Jolivet)
Flute Concerto No. 1 (Jolivet),movements,3,Flute Concerto No. 1 (Jolivet)
Flute Concerto No. 1 (Jolivet),style,modernism,Flute Concerto No. 1 (Jolivet)
Flute Concerto No. 1 (Jolivet),influencedBy,non-Western music,Flute Concerto No. 1 (Jolivet)
Flute Concerto No. 1 (Jolivet),publisher,Billaudot,Flute Concerto No. 1 (Jolivet)
Præstø Town Hall,instanceOf,town hall,Præstø Town Hall
Præstø Town Hall,instanceOf,municipal building,Præstø Town Hall
Præstø Town Hall,locatedIn,Præstø,Præstø Town Hall
Præstø Town Hall,locatedIn,Vordingborg Municipality,Præstø Town Hall
Præstø Town Hall,locatedIn,Denmark,Præstø Town Hall
Præstø Town Hall,locatedIn,Region Zealand,Præstø Town Hall
Præstø Town Hall,architecturalStyle,Neoclassical,Præstø Town Hall
Præstø Town Hall,yearOfConstruction,1859,Præstø Town Hall
Præstø Town Hall,architect,Michael Gottlieb Bindesbøll,Præstø Town Hall
Præstø Town Hall,hasFunction,administrative center,Præstø Town Hall
Præstø Town Hall,hasFunction,municipal office,Præstø Town Hall
Præstø Town Hall,isLandmark,true,Præstø Town Hall
Præstø Town Hall,listedBuilding,true,Præstø Town Hall
Præstø Town Hall,coordinates,"55.1236°N, 12.0614°E",Præstø Town Hall
2024 United States Senate election in Florida,instanceOf,United States Senate election,2024 United States Senate election in Florida
2024 United States Senate election in Florida,partOf,2024 United States elections,2024 United States Senate election in Florida
2024 United States Senate election in Florida,takesPlaceIn,Florida,2024 United States Senate election in Florida
2024 United States Senate election in Florida,date,2024-11-05,2024 United States Senate election in Florida
2024 United States Senate election in Florida,elects,United States Senator from Florida,2024 United States Senate election in Florida
2024 United States Senate election in Florida,class,Class 1,2024 United States Senate election in Florida
2024 United States Senate election in Florida,incumbent,Rick Scott,2024 United States Senate election in Florida
2024 United States Senate election in Florida,incumbentParty,Republican Party,2024 United States Senate election in Florida
2024 United States Senate election in Florida,candidate,Rick Scott,2024 United States Senate election in Florida
2024 United States Senate election in Florida,candidate,Debbie Mucarsel-Powell,2024 United States Senate election in Florida
2024 United States Senate election in Florida,candidateParty,Republican Party,2024 United States Senate election in Florida
2024 United States Senate election in Florida,candidateParty,Democratic Party,2024 United States Senate election in Florida
2024 United States Senate election in Florida,previousElection,2018 United States Senate election in Florida,2024 United States Senate election in Florida
2024 United States Senate election in Florida,nextElection,2030 United States Senate election in Florida,2024 United States Senate election in Florida
2024 United States Senate election in Florida,votingSystem,First-past-the-post,2024 United States Senate election in Florida
2024 United States Senate election in Florida,office,United States Senate,2024 United States Senate election in Florida
2024 United States Senate election in Florida,termLength,6 years,2024 United States Senate election in Florida
2024 United States Senate election in Florida,primaryDate,2024-08-20,2024 United States Senate election in Florida
British Rail Class 505,instanceOf,electric multiple unit,British Rail Class 505
British Rail Class 505,instanceOf,railway vehicle,British Rail Class 505
British Rail Class 505,manufacturer,Metro-Cammell,British Rail Class 505
British Rail Class 505,introduced,1931,British Rail Class 505
British Rail Class 505,withdrawn,1960s,British Rail Class 505
British Rail Class 505,operatedBy,"London, Midland and Scottish Railway",British Rail Class 505
British Rail Class 505,operatedBy,British Railways,British Rail Class 505
British Rail Class 505,gauge,standard gauge,British Rail Class 505
British Rail Class 505,powerType,electric,British Rail Class 505
British Rail Class 505,electrificationSystem,630 V DC third rail,British Rail Class 505
British Rail Class 505,numberBuilt,38,British Rail Class 505
British Rail Class 505,formation,3-car sets,British Rail Class 505
British Rail Class 505,maximumSpeed,60 mph,British Rail Class 505
British Rail Class 505,service,suburban passenger services,British Rail Class 505
British Rail Class 505,regionServed,London and North Western,British Rail Class 505
British Rail Class 505,notableFor,early electric multiple unit design,British Rail Class 505
British Rail Class 505,predecessor,steam-hauled suburban trains,British Rail Class 505
British Rail Class 505,successor,British Rail Class 501,British Rail Class 505
British Rail Class 505,nickname,LMS EMU,British Rail Class 505
Derozio Memorial College,instanceOf,educational institution,Derozio Memorial College
Derozio Memorial College,instanceOf,college,Derozio Memorial College
Derozio Memorial College,locatedIn,Kolkata,Derozio Memorial College
Derozio Memorial College,locatedIn,West Bengal,Derozio Memorial College
Derozio Memorial College,locatedIn,India,Derozio Memorial College
Derozio Memorial College,namedAfter,Henry Louis Vivian Derozio,Derozio Memorial College
Derozio Memorial College,established,1950,Derozio Memorial College
Derozio Memorial College,affiliatedWith,West Bengal State University,Derozio Memorial College
Derozio Memorial College,offersCourse,Arts,Derozio Memorial College
Derozio Memorial College,offersCourse,Science,Derozio Memorial College
Derozio Memorial College,offersCourse,Commerce,Derozio Memorial College
Derozio Memorial College,type,undergraduate college,Derozio Memorial College
Derozio Memorial College,website,http://www.deroziocollege.org,Derozio Memorial College
Derozio Memorial College,address,"Rajpur, Kolkata - 700149",Derozio Memorial College
Derozio Memorial College,hasDepartment,Department of Bengali,Derozio Memorial College
Derozio Memorial College,hasDepartment,Department of English,Derozio Memorial College
Derozio Memorial College,hasDepartment,Department of History,Derozio Memorial College
Derozio Memorial College,hasDepartment,Department of Political Science,Derozio Memorial College
Derozio Memorial College,hasDepartment,Department of Philosophy,Derozio Memorial College
Derozio Memorial College,hasDepartment,Department of Economics,Derozio Memorial College
Derozio Memorial College,hasDepartment,Department of Physics,Derozio Memorial College
Derozio Memorial College,hasDepartment,Department of Chemistry,Derozio Memorial College
Derozio Memorial College,hasDepartment,Department of Mathematics,Derozio Memorial College
Derozio Memorial College,hasDepartment,Department of Botany,Derozio Memorial College
Derozio Memorial College,hasDepartment,Department of Zoology,Derozio Memorial College
Derozio Memorial College,hasDepartment,Department of Commerce,Derozio Memorial College
Walter Ross (boxer),instanceOf,Boxer,Walter Ross (boxer)
Walter Ross (boxer),instanceOf,Person,Walter Ross (boxer)
Walter Ross (boxer),fullName,Walter Ross,Walter Ross (boxer)
Walter Ross (boxer),birthDate,1900,Walter Ross (boxer)
Walter Ross (boxer),deathDate,1973,Walter Ross (boxer)
Walter Ross (boxer),nationality,American,Walter Ross (boxer)
Walter Ross (boxer),sport,Boxing,Walter Ross (boxer)
Walter Ross (boxer),weightClass,Middleweight,Walter Ross (boxer)
Walter Ross (boxer),careerStart,1920s,Walter Ross (boxer)
Walter Ross (boxer),careerEnd,1930s,Walter Ross (boxer)
Walter Ross (boxer),notableOpponent,Mickey Walker,Walter Ross (boxer)
Walter Ross (boxer),notableOpponent,Dave Shade,Walter Ross (boxer)
Walter Ross (boxer),record,30 wins,Walter Ross (boxer)
Walter Ross (boxer),record,15 losses,Walter Ross (boxer)
Walter Ross (boxer),record,5 draws,Walter Ross (boxer)
Walter Ross (boxer),fightOutcome,Lost to Mickey Walker (1926),Walter Ross (boxer)
Walter Ross (boxer),fightOutcome,Lost to Dave Shade (1927),Walter Ross (boxer)
Walter Ross (boxer),associatedWith,New York boxing scene,Walter Ross (boxer)
Walter Ross (boxer),associatedWith,Madison Square Garden (boxing venue),Walter Ross (boxer)
Walter Ross (boxer),nickname,The Bronx Bull,Walter Ross (boxer)
Callicrates of Samos,instanceOf,Person,Callicrates of Samos
Callicrates of Samos,instanceOf,Historical Figure,Callicrates of Samos
Callicrates of Samos,occupation,Pirate,Callicrates of Samos
Callicrates of Samos,activePeriod,3rd century BCE,Callicrates of Samos
Callicrates of Samos,associatedWith,Aegean Sea,Callicrates of Samos
Callicrates of Samos,associatedWith,Samos,Callicrates of Samos
Callicrates of Samos,knownFor,Piracy,Callicrates of Samos
Callicrates of Samos,mentionedIn,Ancient Greek sources,Callicrates of Samos
Callicrates of Samos,timePeriod,Hellenistic period,Callicrates of Samos
Callicrates of Samos,conflictWith,Rhodes,Callicrates of Samos
Callicrates of Samos,conflictWith,Ptolemaic Egypt,Callicrates of Samos
United Nations Security Council Resolution 1428,instanceOf,United Nations Security Council Resolution,United Nations Security Council Resolution 1428
United Nations Security Council Resolution 1428,adoptedOn,2002-07-30,United Nations Security Council Resolution 1428
United Nations Security Council Resolution 1428,meetingNumber,4586,United Nations Security Council Resolution 1428
United Nations Security Council Resolution 1428,concerns,Middle East,United Nations Security Council Resolution 1428
United Nations Security Council Resolution 1428,concerns,Israel-Lebanon conflict,United Nations Security Council Resolution 1428
United Nations Security Council Resolution 1428,extendsMandateOf,United Nations Interim Force in Lebanon (UNIFIL),United Nations Security Council Resolution 1428
United Nations Security Council Resolution 1428,mandateExtensionDuration,6 months,United Nations Security Council Resolution 1428
United Nations Security Council Resolution 1428,callsFor,cessation of hostilities,United Nations Security Council Resolution 1428
United Nations Security Council Resolution 1428,callsFor,respect for the Blue Line,United Nations Security Council Resolution 1428
United Nations Security Council Resolution 1428,callsFor,full implementation of Resolution 425 (1978),United Nations Security Council Resolution 1428
United Nations Security Council Resolution 1428,callsFor,withdrawal of Israeli forces from Lebanon,United Nations Security Council Resolution 1428
United Nations Security Council Resolution 1428,reaffirms,"support for Lebanon's territorial integrity, sovereignty, and political independence",United Nations Security Council Resolution 1428
United Nations Security Council Resolution 1428,precededBy,United Nations Security Council Resolution 1391,United Nations Security Council Resolution 1428
United Nations Security Council Resolution 1428,succeededBy,United Nations Security Council Resolution 1461,United Nations Security Council Resolution 1428
United Nations Security Council Resolution 1428,unanimouslyAdopted,true,United Nations Security Council Resolution 1428
Lemon (1969 film),instanceOf,film,Lemon (1969 film)
Lemon (1969 film),releaseYear,1969,Lemon (1969 film)
Lemon (1969 film),director,Hollis Frampton,Lemon (1969 film)
Lemon (1969 film),genre,experimental film,Lemon (1969 film)
Lemon (1969 film),genre,avant-garde,Lemon (1969 film)
Lemon (1969 film),runtime,7 minutes,Lemon (1969 film)
Lemon (1969 film),country,United States,Lemon (1969 film)
Lemon (1969 film),language,English,Lemon (1969 film)
Lemon (1969 film),cinematography,Hollis Frampton,Lemon (1969 film)
Lemon (1969 film),partOfSeries,Hapax Legomena,Lemon (1969 film)
Lemon (1969 film),notableFor,structural filmmaking,Lemon (1969 film)
Lemon (1969 film),awards,None (experimental work),Lemon (1969 film)
Hollis Frampton,occupation,filmmaker,Lemon (1969 film)
Hollis Frampton,occupation,photographer,Lemon (1969 film)
Hollis Frampton,birthYear,1936,Lemon (1969 film)
Hollis Frampton,deathYear,1984,Lemon (1969 film)
Hapax Legomena,instanceOf,film series,Lemon (1969 film)
Hapax Legomena,director,Hollis Frampton,Lemon (1969 film)
Hapax Legomena,releaseYear,1971-1972,Lemon (1969 film)
Hapax Legomena,numberOfFilms,7,Lemon (1969 film)
Double Concerto (Lutosławski),instanceOf,musical composition,Double Concerto (Lutosławski)
Double Concerto (Lutosławski),composer,Witold Lutosławski,Double Concerto (Lutosławski)
Double Concerto (Lutosławski),genre,concerto,Double Concerto (Lutosławski)
Double Concerto (Lutosławski),yearOfComposition,1979–1980,Double Concerto (Lutosławski)
Double Concerto (Lutosławski),premiereDate,1980-06-14,Double Concerto (Lutosławski)
Double Concerto (Lutosławski),premiereLocation,Zurich,Double Concerto (Lutosławski)
Double Concerto (Lutosławski),dedicatedTo,Paul Sacher,Double Concerto (Lutosławski)
Double Concerto (Lutosławski),scoring,oboe,Double Concerto (Lutosławski)
Double Concerto (Lutosławski),scoring,harp,Double Concerto (Lutosławski)
Double Concerto (Lutosławski),scoring,chamber orchestra,Double Concerto (Lutosławski)
Double Concerto (Lutosławski),duration,approximately 25 minutes,Double Concerto (Lutosławski)
Double Concerto (Lutosławski),movements,1. Introductory,Double Concerto (Lutosławski)
Double Concerto (Lutosławski),movements,2. Main,Double Concerto (Lutosławski)
Double Concerto (Lutosławski),movements,3. Cadenza,Double Concerto (Lutosławski)
Double Concerto (Lutosławski),movements,4. Finale,Double Concerto (Lutosławski)
Double Concerto (Lutosławski),style,aleatoric counterpoint,Double Concerto (Lutosławski)
Double Concerto (Lutosławski),style,controlled improvisation,Double Concerto (Lutosławski)
Double Concerto (Lutosławski),publisher,Chester Music,Double Concerto (Lutosławski)
Double Concerto (Lutosławski),notablePerformances,"Heinz Holliger (oboe), Ursula Holliger (harp), Collegium Musicum Zürich, Paul Sacher (conductor)",Double Concerto (Lutosławski)
Orléanais Historical and Archaeological Museum,instanceOf,museum,Orléanais Historical and Archaeological Museum
Orléanais Historical and Archaeological Museum,location,Orléans,Orléanais Historical and Archaeological Museum
Orléanais Historical and Archaeological Museum,location,France,Orléanais Historical and Archaeological Museum
Orléanais Historical and Archaeological Museum,country,France,Orléanais Historical and Archaeological Museum
Orléanais Historical and Archaeological Museum,region,Centre-Val de Loire,Orléanais Historical and Archaeological Museum
Orléanais Historical and Archaeological Museum,established,1823,Orléanais Historical and Archaeological Museum
Orléanais Historical and Archaeological Museum,focus,history,Orléanais Historical and Archaeological Museum
Orléanais Historical and Archaeological Museum,focus,archaeology,Orléanais Historical and Archaeological Museum
Orléanais Historical and Archaeological Museum,collectionType,artifacts,Orléanais Historical and Archaeological Museum
Orléanais Historical and Archaeological Museum,collectionType,historical documents,Orléanais Historical and Archaeological Museum
Orléanais Historical and Archaeological Museum,collectionType,archaeological finds,Orléanais Historical and Archaeological Museum
Orléanais Historical and Archaeological Museum,housedIn,Hôtel Cabu,Orléanais Historical and Archaeological Museum
Orléanais Historical and Archaeological Museum,architecturalStyle,Renaissance,Orléanais Historical and Archaeological Museum
Orléanais Historical and Archaeological Museum,notableExhibit,Gallo-Roman artifacts,Orléanais Historical and Archaeological Museum
Orléanais Historical and Archaeological Museum,notableExhibit,medieval relics,Orléanais Historical and Archaeological Museum
H-class container ship,instanceOf,container ship,H-class container ship
H-class container ship,instanceOf,merchant vessel,H-class container ship
H-class container ship,manufacturer,Hyundai Heavy Industries,H-class container ship
H-class container ship,manufacturer,Daewoo Shipbuilding & Marine Engineering,H-class container ship
H-class container ship,operatedBy,Hapag-Lloyd,H-class container ship
H-class container ship,capacity,"13,000 TEU",H-class container ship
H-class container ship,length,366 meters,H-class container ship
H-class container ship,beam,48 meters,H-class container ship
H-class container ship,draft,15.5 meters,H-class container ship
H-class container ship,propulsion,single MAN B&W 11S90ME-C9.2 diesel engine,H-class container ship
H-class container ship,speed,22 knots,H-class container ship
H-class container ship,yearIntroduced,2012,H-class container ship
H-class container ship,numberBuilt,10,H-class container ship
H-class container ship,flagState,Germany,H-class container ship
H-class container ship,classNotation,DNV GL,H-class container ship
H-class container ship,iceClass,1A,H-class container ship
H-class container ship,notableFeature,fuel-efficient design,H-class container ship
H-class container ship,notableFeature,eco-friendly ballast water treatment system,H-class container ship
H-class container ship,route,Europe-Asia trade lane,H-class container ship
The Three Witches,instanceOf,fictional characters,The Three Witches
The Three Witches,instanceOf,supernatural beings,The Three Witches
The Three Witches,appearIn,Macbeth,The Three Witches
The Three Witches,createdBy,William Shakespeare,The Three Witches
The Three Witches,alsoKnownAs,Weird Sisters,The Three Witches
The Three Witches,alsoKnownAs,Three Witches of Macbeth,The Three Witches
The Three Witches,depictedIn,the play Macbeth,The Three Witches
The Three Witches,roleInStory,prophecy givers,The Three Witches
The Three Witches,roleInStory,agents of fate,The Three Witches
The Three Witches,speakIn,trochaic tetrameter,The Three Witches
The Three Witches,famousLine,"Double, double toil and trouble; Fire burn and cauldron bubble.",The Three Witches
The Three Witches,famousLine,"Fair is foul, and foul is fair.",The Three Witches
The Three Witches,associatedWith,witchcraft,The Three Witches
The Three Witches,associatedWith,superstition,The Three Witches
The Three Witches,associatedWith,Scottish folklore,The Three Witches
The Three Witches,influenceOn,Macbeth's actions,The Three Witches
The Three Witches,influenceOn,the plot of Macbeth,The Three Witches
The Three Witches,symbolize,ambiguity,The Three Witches
The Three Witches,symbolize,moral corruption,The Three Witches
The Three Witches,symbolize,destiny,The Three Witches
The Three Witches,firstAppearance,"Macbeth (Act 1, Scene 1)",The Three Witches
The Three Witches,numberOfMembers,three,The Three Witches
The Three Witches,oftenDepictedAs,old and haggard,The Three Witches
The Three Witches,oftenDepictedWith,cauldrons,The Three Witches
The Three Witches,oftenDepictedWith,bubbling potions,The Three Witches
The Three Witches,oftenDepictedWith,toads,The Three Witches
The Three Witches,oftenDepictedWith,cats,The Three Witches
The Three Witches,themesAssociated,fate vs. free will,The Three Witches
The Three Witches,themesAssociated,appearance vs. reality,The Three Witches
The Three Witches,themesAssociated,ambition,The Three Witches
The Three Witches,inspiredBy,historical witch trials,The Three Witches
The Three Witches,inspiredBy,folklore about witches,The Three Witches
The Three Witches,culturalImpact,influenced later depictions of witches in literature,The Three Witches
The Three Witches,culturalImpact,became archetypes of witches in Western culture,The Three Witches
Hirudinaria (annelid),instanceOf,genus,Hirudinaria (annelid)
Hirudinaria (annelid),instanceOf,leech,Hirudinaria (annelid)
Hirudinaria (annelid),kingdom,Animalia,Hirudinaria (annelid)
Hirudinaria (annelid),phylum,Annelida,Hirudinaria (annelid)
Hirudinaria (annelid),class,Clitellata,Hirudinaria (annelid)
Hirudinaria (annelid),subclass,Hirudinea,Hirudinaria (annelid)
Hirudinaria (annelid),order,Arhynchobdellida,Hirudinaria (annelid)
Hirudinaria (annelid),family,Hirudinidae,Hirudinaria (annelid)
Hirudinaria (annelid),commonName,Indian cattle leech,Hirudinaria (annelid)
Hirudinaria (annelid),habitat,freshwater,Hirudinaria (annelid)
Hirudinaria (annelid),habitat,tropical regions,Hirudinaria (annelid)
Hirudinaria (annelid),nativeTo,South Asia,Hirudinaria (annelid)
Hirudinaria (annelid),nativeTo,Southeast Asia,Hirudinaria (annelid)
Hirudinaria (annelid),diet,blood of mammals,Hirudinaria (annelid)
Hirudinaria (annelid),diet,vertebrates,Hirudinaria (annelid)
Hirudinaria (annelid),medicalUse,historical bloodletting,Hirudinaria (annelid)
Hirudinaria (annelid),anticoagulant,hirudin,Hirudinaria (annelid)
Hirudinaria (annelid),bodySegments,34,Hirudinaria (annelid)
Hirudinaria (annelid),reproduction,hermaphroditic,Hirudinaria (annelid)
Hirudinaria (annelid),locomotion,looping movement,Hirudinaria (annelid)
Hirudinaria (annelid),suctionCups,anterior and posterior suckers,Hirudinaria (annelid)
1971 Tour of Flanders,instanceOf,cycling race,1971 Tour of Flanders
1971 Tour of Flanders,instanceOf,one-day race,1971 Tour of Flanders
1971 Tour of Flanders,partOf,UCI Road World Cup,1971 Tour of Flanders
1971 Tour of Flanders,editionOf,Tour of Flanders,1971 Tour of Flanders
1971 Tour of Flanders,date,1971-03-28,1971 Tour of Flanders
1971 Tour of Flanders,startLocation,Ghent,1971 Tour of Flanders
1971 Tour of Flanders,finishLocation,Meerbeek,1971 Tour of Flanders
1971 Tour of Flanders,distance,268 km,1971 Tour of Flanders
1971 Tour of Flanders,winner,Eddy Merckx,1971 Tour of Flanders
1971 Tour of Flanders,winnerNationality,Belgian,1971 Tour of Flanders
1971 Tour of Flanders,secondPlace,Frans Verbeeck,1971 Tour of Flanders
1971 Tour of Flanders,thirdPlace,Cyrille Guimard,1971 Tour of Flanders
1971 Tour of Flanders,organizer,Het Nieuwsblad,1971 Tour of Flanders
1971 Tour of Flanders,country,Belgium,1971 Tour of Flanders
1971 Tour of Flanders,notableClimb,Kluisberg,1971 Tour of Flanders
1971 Tour of Flanders,notableClimb,Oude Kwaremont,1971 Tour of Flanders
1971 Tour of Flanders,notableClimb,Koppenberg,1971 Tour of Flanders
1971 Tour of Flanders,notableClimb,Bosberg,1971 Tour of Flanders
1971 Tour of Flanders,previousEdition,1970 Tour of Flanders,1971 Tour of Flanders
1971 Tour of Flanders,nextEdition,1972 Tour of Flanders,1971 Tour of Flanders
1971 Tour of Flanders,averageSpeedWinner,41.2 km/h,1971 Tour of Flanders
1971 Tour of Flanders,participatingTeams,Molteni,1971 Tour of Flanders
1971 Tour of Flanders,participatingTeams,Geens-Diamant,1971 Tour of Flanders
1971 Tour of Flanders,participatingTeams,Fagor-Mercier,1971 Tour of Flanders
Eddy Merckx,won,1971 Tour of Flanders,1971 Tour of Flanders
1971 Tour of Flanders,notableFact,Eddy Merckx won by a margin of 1 minute and 40 seconds,1971 Tour of Flanders
"Billy Little (rugby league, born 1911)",instanceOf,person,"Billy Little (rugby league, born 1911)"
"Billy Little (rugby league, born 1911)",instanceOf,rugby league footballer,"Billy Little (rugby league, born 1911)"
"Billy Little (rugby league, born 1911)",fullName,William Little,"Billy Little (rugby league, born 1911)"
"Billy Little (rugby league, born 1911)",dateOfBirth,1911,"Billy Little (rugby league, born 1911)"
"Billy Little (rugby league, born 1911)",dateOfDeath,1993,"Billy Little (rugby league, born 1911)"
"Billy Little (rugby league, born 1911)",placeOfBirth,England,"Billy Little (rugby league, born 1911)"
"Billy Little (rugby league, born 1911)",positionPlayed,prop,"Billy Little (rugby league, born 1911)"
"Billy Little (rugby league, born 1911)",club,Wigan Warriors,"Billy Little (rugby league, born 1911)"
"Billy Little (rugby league, born 1911)",club,Leigh Centurions,"Billy Little (rugby league, born 1911)"
"Billy Little (rugby league, born 1911)",club,Widnes Vikings,"Billy Little (rugby league, born 1911)"
"Billy Little (rugby league, born 1911)",countryRepresented,England,"Billy Little (rugby league, born 1911)"
"Billy Little (rugby league, born 1911)",careerStartYear,1930,"Billy Little (rugby league, born 1911)"
"Billy Little (rugby league, born 1911)",careerEndYear,1948,"Billy Little (rugby league, born 1911)"
"Billy Little (rugby league, born 1911)",notableAchievement,Wigan's first post-war Challenge Cup win in 1948,"Billy Little (rugby league, born 1911)"
Vipera berus sachalinensis,instanceOf,subspecies,Vipera berus sachalinensis
Vipera berus sachalinensis,subspeciesOf,Vipera berus,Vipera berus sachalinensis
Vipera berus sachalinensis,commonName,Sakhalin adder,Vipera berus sachalinensis
Vipera berus sachalinensis,commonName,Sakhalin viper,Vipera berus sachalinensis
Vipera berus sachalinensis,taxonRank,subspecies,Vipera berus sachalinensis
Vipera berus sachalinensis,scientificName,Vipera berus sachalinensis,Vipera berus sachalinensis
Vipera berus sachalinensis,nativeTo,Sakhalin Island,Vipera berus sachalinensis
Vipera berus sachalinensis,nativeTo,Russian Far East,Vipera berus sachalinensis
Vipera berus sachalinensis,family,Viperidae,Vipera berus sachalinensis
Vipera berus sachalinensis,genus,Vipera,Vipera berus sachalinensis
Vipera berus sachalinensis,venomous,true,Vipera berus sachalinensis
Vipera berus sachalinensis,habitat,forests,Vipera berus sachalinensis
Vipera berus sachalinensis,habitat,meadows,Vipera berus sachalinensis
Vipera berus sachalinensis,habitat,wetlands,Vipera berus sachalinensis
Vipera berus sachalinensis,conservationStatus,Least Concern (IUCN),Vipera berus sachalinensis
Vipera berus sachalinensis,distinctiveFeature,zigzag dorsal pattern,Vipera berus sachalinensis
Vipera berus sachalinensis,averageLength,50-70 cm,Vipera berus sachalinensis
Vipera berus sachalinensis,diet,small mammals,Vipera berus sachalinensis
Vipera berus sachalinensis,diet,birds,Vipera berus sachalinensis
Vipera berus sachalinensis,diet,amphibians,Vipera berus sachalinensis
Vipera berus sachalinensis,reproduction,ovoviviparous,Vipera berus sachalinensis
Leh–Manali Highway,instanceOf,highway,Leh–Manali Highway
Leh–Manali Highway,instanceOf,mountain road,Leh–Manali Highway
Leh–Manali Highway,location,India,Leh–Manali Highway
Leh–Manali Highway,connects,Leh,Leh–Manali Highway
Leh–Manali Highway,connects,Manali,Leh–Manali Highway
Leh–Manali Highway,length,479 kilometers,Leh–Manali Highway
Leh–Manali Highway,elevation,"4,790 meters (highest point)",Leh–Manali Highway
Leh–Manali Highway,passesThrough,Ladakh,Leh–Manali Highway
Leh–Manali Highway,passesThrough,Himachal Pradesh,Leh–Manali Highway
Leh–Manali Highway,crosses,Rohtang Pass,Leh–Manali Highway
Leh–Manali Highway,crosses,Baralacha La,Leh–Manali Highway
Leh–Manali Highway,crosses,Lungalacha La,Leh–Manali Highway
Leh–Manali Highway,crosses,Tanglang La,Leh–Manali Highway
Leh–Manali Highway,constructionStarted,1964,Leh–Manali Highway
Leh–Manali Highway,operationalStatus,seasonal (open May–October),Leh–Manali Highway
Leh–Manali Highway,managedBy,Border Roads Organisation (BRO),Leh–Manali Highway
Leh–Manali Highway,significance,strategic military route,Leh–Manali Highway
Leh–Manali Highway,significance,tourist attraction,Leh–Manali Highway
Leh–Manali Highway,challenges,high altitude,Leh–Manali Highway
Leh–Manali Highway,challenges,avalanches,Leh–Manali Highway
Leh–Manali Highway,challenges,landslides,Leh–Manali Highway
Leh–Manali Highway,challenges,snowfall,Leh–Manali Highway
Leh–Manali Highway,surfaceType,paved (partially),Leh–Manali Highway
Leh–Manali Highway,surfaceType,gravel (sections),Leh–Manali Highway
Leh–Manali Highway,traffic,light to moderate,Leh–Manali Highway
Leh–Manali Highway,nearbyAttractions,Pangong Tso,Leh–Manali Highway
Leh–Manali Highway,nearbyAttractions,Nubra Valley,Leh–Manali Highway
Leh–Manali Highway,nearbyAttractions,Sarchu,Leh–Manali Highway
Leh–Manali Highway,nearbyAttractions,Keylong,Leh–Manali Highway
Leh–Manali Highway,altitudeSicknessRisk,high,Leh–Manali Highway
Leh–Manali Highway,fuelAvailability,limited,Leh–Manali Highway
Leh–Manali Highway,accommodation,basic guesthouses,Leh–Manali Highway
Leh–Manali Highway,accommodation,campsites,Leh–Manali Highway
Leh–Manali Highway,bestTimeToVisit,June to September,Leh–Manali Highway
Leh–Manali Highway,vehicleRequirement,4x4 recommended,Leh–Manali Highway
Leh–Manali Highway,restrictions,Indian citizens require permits,Leh–Manali Highway
Leh–Manali Highway,restrictions,foreigners require additional permits,Leh–Manali Highway
Calpionellid,instanceOf,protist,Calpionellid
Calpurnellid,instanceOf,fossilized microorganism,Calpionellid
Calpionellid,taxonomicRank,family,Calpionellid
Calpionellid,domain,Eukaryota,Calpionellid
Calpionellid,kingdom,Chromista,Calpionellid
Calpionellid,phylum,Ciliophora,Calpionellid
Calpionellid,class,Tintinnida,Calpionellid
Calpionellid,geologicalPeriod,Late Jurassic,Calpionellid
Calpionellid,geologicalPeriod,Early Cretaceous,Calpionellid
Calpionellid,fossilSignificance,index fossil,Calpionellid
Calpionellid,habitat,marine,Calpionellid
Calpionellid,shellComposition,calcareous,Calpionellid
Calpionellid,shellShape,vase-like,Calpionellid
Calpionellid,shellShape,conical,Calpionellid
Calpionellid,sizeRange,50 to 200 micrometers,Calpionellid
Calpionellid,discoveryLocation,Tethys Ocean,Calpionellid
Calpionellid,firstDescribedBy,Lorenz (1902),Calpionellid
Calpionellid,extinctionPeriod,Early Cretaceous,Calpionellid
Hof HaSharon Regional Council,instanceOf,Regional council in Israel,Hof HaSharon Regional Council
Hof HaSharon Regional Council,locatedIn,Central District,Hof HaSharon Regional Council
Hof HaSharon Regional Council,locatedIn,Israel,Hof HaSharon Regional Council
Hof HaSharon Regional Council,established,1949,Hof HaSharon Regional Council
Hof HaSharon Regional Council,headquarters,Kfar Saba,Hof HaSharon Regional Council
Hof HaSharon Regional Council,governs,Kibbutzim,Hof HaSharon Regional Council
Hof HaSharon Regional Council,governs,Moshavim,Hof HaSharon Regional Council
Hof HaSharon Regional Council,governs,Community settlements,Hof HaSharon Regional Council
Hof HaSharon Regional Council,includesSettlement,Ga'ash,Hof HaSharon Regional Council
Hof HaSharon Regional Council,includesSettlement,Glil Yam,Hof HaSharon Regional Council
Hof HaSharon Regional Council,includesSettlement,Kfar Netter,Hof HaSharon Regional Council
Hof HaSharon Regional Council,includesSettlement,Rishpon,Hof HaSharon Regional Council
Hof HaSharon Regional Council,includesSettlement,Shefayim,Hof HaSharon Regional Council
Hof HaSharon Regional Council,includesSettlement,Tel Yitzhak,Hof HaSharon Regional Council
Hof HaSharon Regional Council,includesSettlement,Bnei Zion,Hof HaSharon Regional Council
Hof HaSharon Regional Council,includesSettlement,Beit Yehoshua,Hof HaSharon Regional Council
Hof HaSharon Regional Council,includesSettlement,Kfar Monash,Hof HaSharon Regional Council
Hof HaSharon Regional Council,includesSettlement,Nordia,Hof HaSharon Regional Council
Hof HaSharon Regional Council,includesSettlement,Udim,Hof HaSharon Regional Council
Hof HaSharon Regional Council,population,"Approximately 20,000 (as of recent estimates)",Hof HaSharon Regional Council
Hof HaSharon Regional Council,officialLanguage,Hebrew,Hof HaSharon Regional Council
Hof HaSharon Regional Council,website,https://www.hofhasharon.co.il/,Hof HaSharon Regional Council
Wiener Gruppe,instanceOf,literary group,Wiener Gruppe
Wiener Gruppe,instanceOf,artistic movement,Wiener Gruppe
Wiener Gruppe,formedIn,1950s,Wiener Gruppe
Wiener Gruppe,formedIn,Vienna,Wiener Gruppe
Wiener Gruppe,activeUntil,1964,Wiener Gruppe
Wiener Gruppe,associatedWith,Austrian avant-garde,Wiener Gruppe
Wiener Gruppe,associatedWith,concrete poetry,Wiener Gruppe
Wiener Gruppe,associatedWith,experimental literature,Wiener Gruppe
Wiener Gruppe,foundedBy,H.C. Artmann,Wiener Gruppe
Wiener Gruppe,foundedBy,Friedrich Achleitner,Wiener Gruppe
Wiener Gruppe,foundedBy,Konrad Bayer,Wiener Gruppe
Wiener Gruppe,foundedBy,Gerhard Rühm,Wiener Gruppe
Wiener Gruppe,foundedBy,Oswald Wiener,Wiener Gruppe
Wiener Gruppe,influencedBy,Dadaism,Wiener Gruppe
Wiener Gruppe,influencedBy,Surrealism,Wiener Gruppe
Wiener Gruppe,influencedBy,Vienna Circle (philosophy),Wiener Gruppe
Wiener Gruppe,knownFor,linguistic experimentation,Wiener Gruppe
Wiener Gruppe,knownFor,visual poetry,Wiener Gruppe
Wiener Gruppe,knownFor,theater performances,Wiener Gruppe
Wiener Gruppe,knownFor,montage techniques,Wiener Gruppe
Wiener Gruppe,publishedWork,hosn rosn baa,Wiener Gruppe
Wiener Gruppe,publishedWork,die wiener gruppe: ein moment der moderne,Wiener Gruppe
Wiener Gruppe,publishedWork,literatur als schreibmaschine,Wiener Gruppe
Wiener Gruppe,dissolvedIn,1964,Wiener Gruppe
Wiener Gruppe,legacy,influenced later experimental literature,Wiener Gruppe
Wiener Gruppe,legacy,inspired concrete poetry movements,Wiener Gruppe
Brackwede station,instanceOf,railway station,Brackwede station
Brackwede station,locatedIn,Bielefeld,Brackwede station
Brackwede station,locatedIn,North Rhine-Westphalia,Brackwede station
Brackwede station,locatedIn,Germany,Brackwede station
Brackwede station,servedBy,Deutsche Bahn,Brackwede station
Brackwede station,servedBy,Eurobahn,Brackwede station
Brackwede station,servedBy,Westfalenbahn,Brackwede station
Brackwede station,hasStationCode,BBE,Brackwede station
Brackwede station,opened,1847,Brackwede station
Brackwede station,partOfLine,Hamm–Minden railway,Brackwede station
Brackwede station,partOfLine,Osnabrück–Bielefeld railway,Brackwede station
Brackwede station,elevation,117 meters,Brackwede station
Brackwede station,coordinates,"52.0167°N, 8.5167°E",Brackwede station
Brackwede station,type,passenger station,Brackwede station
Brackwede station,hasPlatforms,4,Brackwede station
Brackwede station,hasTracks,6,Brackwede station
Brackwede station,nearbyLandmark,Brackwede town center,Brackwede station
Brackwede station,nearbyLandmark,Teutoburg Forest,Brackwede station
Brackwede station,connectsTo,Bielefeld Hauptbahnhof,Brackwede station
Brackwede station,connectsTo,Osnabrück Hauptbahnhof,Brackwede station
Brackwede station,connectsTo,Hamm Hauptbahnhof,Brackwede station
Anna Fontcuberta i Morral,instanceOf,person,Anna Fontcuberta i Morral
Anna Fontcuberta i Morral,instanceOf,scientist,Anna Fontcuberta i Morral
Anna Fontcuberta i Morral,instanceOf,academic,Anna Fontcuberta i Morral
Anna Fontcuberta i Morral,occupation,physicist,Anna Fontcuberta i Morral
Anna Fontcuberta i Morral,occupation,professor,Anna Fontcuberta i Morral
Anna Fontcuberta i Morral,fieldOfStudy,materials science,Anna Fontcuberta i Morral
Anna Fontcuberta i Morral,fieldOfStudy,nanotechnology,Anna Fontcuberta i Morral
Anna Fontcuberta i Morral,fieldOfStudy,semiconductor physics,Anna Fontcuberta i Morral
Anna Fontcuberta i Morral,nationality,Spanish,Anna Fontcuberta i Morral
Anna Fontcuberta i Morral,affiliation,École Polytechnique Fédérale de Lausanne (EPFL),Anna Fontcuberta i Morral
Anna Fontcuberta i Morral,position,Professor,Anna Fontcuberta i Morral
Anna Fontcuberta i Morral,position,Head of Laboratory of Semiconductor Materials,Anna Fontcuberta i Morral
Anna Fontcuberta i Morral,almaMater,University of Barcelona,Anna Fontcuberta i Morral
Anna Fontcuberta i Morral,almaMater,California Institute of Technology (Caltech),Anna Fontcuberta i Morral
Anna Fontcuberta i Morral,doctoralAdvisor,Harry A. Atwater,Anna Fontcuberta i Morral
Anna Fontcuberta i Morral,doctoralThesis,Nanostructured materials for photovoltaics,Anna Fontcuberta i Morral
Anna Fontcuberta i Morral,award,ERC Consolidator Grant,Anna Fontcuberta i Morral
Anna Fontcuberta i Morral,award,SNSF Advanced Grant,Anna Fontcuberta i Morral
Anna Fontcuberta i Morral,researchFocus,nanowires,Anna Fontcuberta i Morral
Anna Fontcuberta i Morral,researchFocus,quantum dots,Anna Fontcuberta i Morral
Anna Fontcuberta i Morral,researchFocus,photovoltaics,Anna Fontcuberta i Morral
Anna Fontcuberta i Morral,researchFocus,semiconductor nanotechnology,Anna Fontcuberta i Morral
Anna Fontcuberta i Morral,publication,"Numerous papers in Nature, Science, and Advanced Materials",Anna Fontcuberta i Morral
Anna Fontcuberta i Morral,collaboration,CERN,Anna Fontcuberta i Morral
Anna Fontcuberta i Morral,collaboration,IBM Research,Anna Fontcuberta i Morral
Anna Fontcuberta i Morral,birthPlace,"Barcelona, Spain",Anna Fontcuberta i Morral
Anna Fontcuberta i Morral,languageSpoken,Catalan,Anna Fontcuberta i Morral
Anna Fontcuberta i Morral,languageSpoken,Spanish,Anna Fontcuberta i Morral
Anna Fontcuberta i Morral,languageSpoken,English,Anna Fontcuberta i Morral
Anna Fontcuberta i Morral,languageSpoken,French,Anna Fontcuberta i Morral
Ross Barkley,instanceOf,Person,Ross Barkley
Ross Barkley,instanceOf,FootballPlayer,Ross Barkley
Ross Barkley,fullName,Ross Barkley,Ross Barkley
Ross Barkley,dateOfBirth,1993-12-05,Ross Barkley
Ross Barkley,placeOfBirth,Liverpool,Ross Barkley
Ross Barkley,countryOfBirth,United Kingdom,Ross Barkley
Ross Barkley,nationality,English,Ross Barkley
Ross Barkley,position,Midfielder,Ross Barkley
Ross Barkley,currentClub,Luton Town F.C.,Ross Barkley
Ross Barkley,formerClub,Everton F.C.,Ross Barkley
Ross Barkley,formerClub,Chelsea F.C.,Ross Barkley
Ross Barkley,formerClub,Aston Villa F.C.,Ross Barkley
Ross Barkley,formerClub,Sheffield Wednesday F.C.,Ross Barkley
Ross Barkley,youthClub,Everton F.C.,Ross Barkley
Ross Barkley,height,1.89 m,Ross Barkley
Ross Barkley,debutYear,2011,Ross Barkley
Ross Barkley,nationalTeam,England,Ross Barkley
Ross Barkley,caps,33,Ross Barkley
Ross Barkley,goalsForNationalTeam,6,Ross Barkley
Ross Barkley,participatedIn,FIFA World Cup 2014,Ross Barkley
Ross Barkley,participatedIn,UEFA Euro 2016,Ross Barkley
Ross Barkley,award,Everton Young Player of the Season (2012-13),Ross Barkley
Ross Barkley,award,England Player of the Year (2014),Ross Barkley
Ross Barkley,transfer,Everton to Chelsea (2018),Ross Barkley
Ross Barkley,transfer,"Chelsea to Aston Villa (2020, loan)",Ross Barkley
Ross Barkley,transfer,Chelsea to Luton Town (2023),Ross Barkley
Broch of Culswick,instanceOf,broch,Broch of Culswick
Broch of Culswick,instanceOf,Iron Age drystone structure,Broch of Culswick
Broch of Culswick,locatedIn,Shetland,Broch of Culswick
Broch of Culswick,locatedIn,Scotland,Broch of Culswick
Broch of Culswick,locatedIn,United Kingdom,Broch of Culswick
Broch of Culswick,locatedNear,Vementry,Broch of Culswick
Broch of Culswick,partOf,Shetland's archaeological heritage,Broch of Culswick
Broch of Culswick,constructionPeriod,Iron Age,Broch of Culswick
Broch of Culswick,constructionMaterial,stone,Broch of Culswick
Broch of Culswick,currentCondition,ruined,Broch of Culswick
Broch of Culswick,accessibility,public access,Broch of Culswick
Broch of Culswick,notableFeature,double-walled structure,Broch of Culswick
Broch of Culswick,archaeologicalSignificance,example of Atlantic roundhouse,Broch of Culswick
"Alan Franco (footballer, born 1996)",instanceOf,Person,"Alan Franco (footballer, born 1996)"
"Alan Franco (footballer, born 1996)",instanceOf,Footballer,"Alan Franco (footballer, born 1996)"
"Alan Franco (footballer, born 1996)",fullName,Alan Javier Franco,"Alan Franco (footballer, born 1996)"
"Alan Franco (footballer, born 1996)",dateOfBirth,1996-08-11,"Alan Franco (footballer, born 1996)"
"Alan Franco (footballer, born 1996)",placeOfBirth,"Avellaneda, Argentina","Alan Franco (footballer, born 1996)"
"Alan Franco (footballer, born 1996)",countryOfCitizenship,Argentina,"Alan Franco (footballer, born 1996)"
"Alan Franco (footballer, born 1996)",positionPlayed,Defender,"Alan Franco (footballer, born 1996)"
"Alan Franco (footballer, born 1996)",currentClub,São Paulo FC,"Alan Franco (footballer, born 1996)"
"Alan Franco (footballer, born 1996)",clubNumber,3,"Alan Franco (footballer, born 1996)"
"Alan Franco (footballer, born 1996)",formerClub,Independiente,"Alan Franco (footballer, born 1996)"
"Alan Franco (footballer, born 1996)",formerClub,Atlanta United FC,"Alan Franco (footballer, born 1996)"
"Alan Franco (footballer, born 1996)",height,1.80 m,"Alan Franco (footballer, born 1996)"
"Alan Franco (footballer, born 1996)",weight,75 kg,"Alan Franco (footballer, born 1996)"
"Alan Franco (footballer, born 1996)",footballLeague,Campeonato Brasileiro Série A,"Alan Franco (footballer, born 1996)"
"Alan Franco (footballer, born 1996)",footballLeague,Major League Soccer (MLS),"Alan Franco (footballer, born 1996)"
"Alan Franco (footballer, born 1996)",debutYear,2017,"Alan Franco (footballer, born 1996)"
"Alan Franco (footballer, born 1996)",notableAchievement,Copa Sudamericana winner (2017),"Alan Franco (footballer, born 1996)"
"Alan Franco (footballer, born 1996)",notableAchievement,Recopa Sudamericana winner (2018),"Alan Franco (footballer, born 1996)"
West Thurrock Lagoon and Marshes,instanceOf,nature reserve,West Thurrock Lagoon and Marshes
West Thurrock Lagoon and Marshes,instanceOf,wetland,West Thurrock Lagoon and Marshes
West Thurrock Lagoon and Marshes,locatedIn,Thurrock,West Thurrock Lagoon and Marshes
West Thurrock Lagoon and Marshes,locatedIn,Essex,West Thurrock Lagoon and Marshes
West Thurrock Lagoon and Marshes,locatedIn,England,West Thurrock Lagoon and Marshes
West Thurrock Lagoon and Marshes,locatedIn,United Kingdom,West Thurrock Lagoon and Marshes
West Thurrock Lagoon and Marshes,designatedAs,Site of Special Scientific Interest (SSSI),West Thurrock Lagoon and Marshes
West Thurrock Lagoon and Marshes,partOf,Thames Estuary,West Thurrock Lagoon and Marshes
West Thurrock Lagoon and Marshes,habitatFor,wading birds,West Thurrock Lagoon and Marshes
West Thurrock Lagoon and Marshes,habitatFor,wildfowl,West Thurrock Lagoon and Marshes
West Thurrock Lagoon and Marshes,habitatFor,invertebrates,West Thurrock Lagoon and Marshes
West Thurrock Lagoon and Marshes,habitatFor,rare plants,West Thurrock Lagoon and Marshes
West Thurrock Lagoon and Marshes,managedBy,Thurrock Council,West Thurrock Lagoon and Marshes
West Thurrock Lagoon and Marshes,nearbySettlement,West Thurrock,West Thurrock Lagoon and Marshes
West Thurrock Lagoon and Marshes,nearbyLandmark,Lakeside Shopping Centre,West Thurrock Lagoon and Marshes
West Thurrock Lagoon and Marshes,area,approximately 50 hectares,West Thurrock Lagoon and Marshes
West Thurrock Lagoon and Marshes,createdBy,gravel extraction,West Thurrock Lagoon and Marshes
West Thurrock Lagoon and Marshes,protectedUnder,UK wildlife law,West Thurrock Lagoon and Marshes
Òran Mór,instanceOf,building,Òran Mór
Òran Mór,instanceOf,event venue,Òran Mór
Òran Mór,instanceOf,restaurant,Òran Mór
Òran Mór,instanceOf,bar,Òran Mór
Òran Mór,instanceOf,music venue,Òran Mór
Òran Mór,location,Glasgow,Òran Mór
Òran Mór,location,Scotland,Òran Mór
Òran Mór,country,United Kingdom,Òran Mór
Òran Mór,architecturalStyle,Victorian,Òran Mór
Òran Mór,originalUse,church,Òran Mór
Òran Mór,convertedInto,entertainment complex,Òran Mór
Òran Mór,yearOpened,2004,Òran Mór
Òran Mór,previousName,Kelvinside Parish Church,Òran Mór
Òran Mór,notableFeature,"A Play, A Pie and A Pint",Òran Mór
Òran Mór,notableFeature,ceiling murals,Òran Mór
Òran Mór,owner,Colin Beattie,Òran Mór
Òran Mór,typeOfCuisine,Scottish,Òran Mór
Òran Mór,typeOfEventsHosted,concerts,Òran Mór
Òran Mór,typeOfEventsHosted,theatre performances,Òran Mór
Òran Mór,typeOfEventsHosted,weddings,Òran Mór
Òran Mór,typeOfEventsHosted,conferences,Òran Mór
Serious Sam,instanceOf,video game series,Serious Sam
Serious Sam,developer,Croteam,Serious Sam
Serious Sam,publisher,Gathering of Developers,Serious Sam
Serious Sam,publisher,Devolver Digital,Serious Sam
Serious Sam,publisher,2K Games,Serious Sam
Serious Sam,firstReleaseDate,2001-03-21,Serious Sam
Serious Sam,genre,first-person shooter,Serious Sam
Serious Sam,platform,Microsoft Windows,Serious Sam
Serious Sam,platform,Xbox,Serious Sam
Serious Sam,platform,PlayStation 2,Serious Sam
Serious Sam,platform,GameCube,Serious Sam
Serious Sam,platform,Linux,Serious Sam
Serious Sam,platform,macOS,Serious Sam
Serious Sam,platform,Xbox 360,Serious Sam
Serious Sam,platform,PlayStation 3,Serious Sam
Serious Sam,platform,Android,Serious Sam
Serious Sam,platform,iOS,Serious Sam
Serious Sam,platform,Nintendo Switch,Serious Sam
Serious Sam,platform,Xbox One,Serious Sam
Serious Sam,platform,PlayStation 4,Serious Sam
Serious Sam,mainCharacter,Sam 'Serious' Stone,Serious Sam
Serious Sam,setting,ancient Egypt,Serious Sam
Serious Sam,setting,Babylon,Serious Sam
Serious Sam,setting,Medieval Europe,Serious Sam
Serious Sam,setting,future Earth,Serious Sam
Serious Sam,antagonist,Mental,Serious Sam
Serious Sam: The First Encounter,instanceOf,video game,Serious Sam
Serious Sam: The First Encounter,partOf,Serious Sam,Serious Sam
Serious Sam: The First Encounter,releaseDate,2001-03-21,Serious Sam
Serious Sam: The Second Encounter,instanceOf,video game,Serious Sam
Serious Sam: The Second Encounter,partOf,Serious Sam,Serious Sam
Serious Sam: The Second Encounter,releaseDate,2002-02-05,Serious Sam
Serious Sam II,instanceOf,video game,Serious Sam
Serious Sam II,partOf,Serious Sam,Serious Sam
Serious Sam II,releaseDate,2005-10-11,Serious Sam
Serious Sam 3: BFE,instanceOf,video game,Serious Sam
Serious Sam 3: BFE,partOf,Serious Sam,Serious Sam
Serious Sam 3: BFE,releaseDate,2011-11-22,Serious Sam
Serious Sam 4,instanceOf,video game,Serious Sam
Serious Sam 4,partOf,Serious Sam,Serious Sam
Serious Sam 4,releaseDate,2020-09-24,Serious Sam
Serious Sam: Next Encounter,instanceOf,video game,Serious Sam
Serious Sam: Next Encounter,partOf,Serious Sam,Serious Sam
Serious Sam: Next Encounter,releaseDate,2004-04-14,Serious Sam
Serious Sam: Double D,instanceOf,video game,Serious Sam
Serious Sam: Double D,partOf,Serious Sam,Serious Sam
Serious Sam: Double D,releaseDate,2011-08-30,Serious Sam
Serious Sam HD: The First Encounter,instanceOf,video game,Serious Sam
Serious Sam HD: The First Encounter,partOf,Serious Sam,Serious Sam
Serious Sam HD: The First Encounter,releaseDate,2009-11-24,Serious Sam
Serious Sam HD: The Second Encounter,instanceOf,video game,Serious Sam
Serious Sam HD: The Second Encounter,partOf,Serious Sam,Serious Sam
Serious Sam HD: The Second Encounter,releaseDate,2010-05-28,Serious Sam
Serious Sam 3: BFE,engine,Serious Engine 3.5,Serious Sam
Serious Sam 4,engine,Serious Engine 2020,Serious Sam
Serious Sam,composer,Damjan Mravunac,Serious Sam
Serious Sam,designer,Roman Ribarić,Serious Sam
Serious Sam,designer,Alen Ladavac,Serious Sam
"Kuzkin, Volgograd Oblast",instanceOf,village,"Kuzkin, Volgograd Oblast"
"Kuzkin, Volgograd Oblast",locatedIn,Volgograd Oblast,"Kuzkin, Volgograd Oblast"
"Kuzkin, Volgograd Oblast",locatedIn,Russia,"Kuzkin, Volgograd Oblast"
"Kuzkin, Volgograd Oblast",partOfAdministrativeDivision,Mikhaylovsky District,"Kuzkin, Volgograd Oblast"
"Kuzkin, Volgograd Oblast",country,Russia,"Kuzkin, Volgograd Oblast"
"Kuzkin, Volgograd Oblast",federalSubject,Volgograd Oblast,"Kuzkin, Volgograd Oblast"
"Kuzkin, Volgograd Oblast",timeZone,UTC+3,"Kuzkin, Volgograd Oblast"
East Nottingham Friends Meetinghouse,instanceOf,Quaker meetinghouse,East Nottingham Friends Meetinghouse
East Nottingham Friends Meetinghouse,instanceOf,historic building,East Nottingham Friends Meetinghouse
East Nottingham Friends Meetinghouse,locatedIn,"Nottingham Township, Pennsylvania",East Nottingham Friends Meetinghouse
East Nottingham Friends Meetinghouse,locatedIn,"Chester County, Pennsylvania",East Nottingham Friends Meetinghouse
East Nottingham Friends Meetinghouse,locatedIn,United States,East Nottingham Friends Meetinghouse
East Nottingham Friends Meetinghouse,established,1706,East Nottingham Friends Meetinghouse
East Nottingham Friends Meetinghouse,denomination,Religious Society of Friends (Quakers),East Nottingham Friends Meetinghouse
East Nottingham Friends Meetinghouse,architecturalStyle,Colonial,East Nottingham Friends Meetinghouse
East Nottingham Friends Meetinghouse,listedOn,National Register of Historic Places,East Nottingham Friends Meetinghouse
East Nottingham Friends Meetinghouse,NRHPReferenceNumber,73001597,East Nottingham Friends Meetinghouse
East Nottingham Friends Meetinghouse,associatedWith,William Penn,East Nottingham Friends Meetinghouse
East Nottingham Friends Meetinghouse,associatedWith,Early Quaker settlers in Pennsylvania,East Nottingham Friends Meetinghouse
East Nottingham Friends Meetinghouse,function,place of worship,East Nottingham Friends Meetinghouse
East Nottingham Friends Meetinghouse,function,community gathering space,East Nottingham Friends Meetinghouse
East Nottingham Friends Meetinghouse,constructionMaterial,stone,East Nottingham Friends Meetinghouse
East Nottingham Friends Meetinghouse,hasFeature,burial ground,East Nottingham Friends Meetinghouse
East Nottingham Friends Meetinghouse,hasFeature,separate men's and women's entrances (historically),East Nottingham Friends Meetinghouse
