subject,predicate,object,subject_name
Jorge Verstrynge,instanceOf,Human,Jorge Verstrynge
Jorge Verstrynge,birthDate,1949-01-13,Jorge Verstrynge
Jorge Verstrynge,birthPlace,Madrid,Jorge Verstrynge
Jorge Verstrynge,nationality,Spanish,Jorge Verstrynge
Jorge Verstrynge,occupation,Politician,Jorge Verstrynge
Jorge Verstrynge,occupation,Writer,Jorge Verstrynge
Jorge Verstrynge,education,University of Madrid,Jorge Verstrynge
Jorge Verstrynge,politicalParty,Alianza Popular,Jorge Verstrynge
Jorge Verstrynge,politicalParty,Partido Popular,Jorge Verstrynge
Jorge Verstrynge,memberOf,European Parliament,Jorge Verstrynge
subject,predicate,object,"Fokino, Bryansk Oblast"
"Fokino, Bryansk Oblast",instanceOf,city,"Fokino, Bryansk Oblast"
"Fokino, Bryansk Oblast",locatedIn,Bryansk Oblast,"Fokino, Bryansk Oblast"
"Fokino, Bryansk Oblast",hasPopulation,12511,"Fokino, Bryansk Oblast"
"Fokino, Bryansk Oblast",isCapitalOf,Fokinsky District,"Fokino, Bryansk Oblast"
"Fokino, Bryansk Oblast",isPartOf,Russia,"Fokino, Bryansk Oblast"
"Fokino, Bryansk Oblast",hasArea,32.97,"Fokino, Bryansk Oblast"
"Fokino, Bryansk Oblast",hasElevation,147,"Fokino, Bryansk Oblast"
"Fokino, Bryansk Oblast",hasFounded,1934,"Fokino, Bryansk Oblast"
"Fokino, Bryansk Oblast",hasStatus,urban-type settlement,"Fokino, Bryansk Oblast"
subject,predicate,object,Whitmell P. Martin
Whitmell P. Martin,instanceOf,Human,Whitmell P. Martin
Whitmell P. Martin,givenName,Whitmell P.,Whitmell P. Martin
Whitmell P. Martin,familyName,Martin,Whitmell P. Martin
Whitmell P. Martin,birthDate,1876-06-26,Whitmell P. Martin
Whitmell P. Martin,deathDate,1944-04-16,Whitmell P. Martin
Whitmell P. Martin,isPolitician,true,Whitmell P. Martin
Whitmell P. Martin,politicianFor,United States,Whitmell P. Martin
Whitmell P. Martin,memberOf,House of Representatives,Whitmell P. Martin
Whitmell P. Martin,electedFor,Democratic Party,Whitmell P. Martin
Whitmell P. Martin,representing,Mississippi,Whitmell P. Martin
Whitmell P. Martin,term,1927-1935,Whitmell P. Martin
subject,predicate,object,Little Brosna River
Katie Kitamura,instanceOf,Person,Katie Kitamura
Katie Kitamura,birthDate,1986-10-04,Katie Kitamura
Katie Kitamura,birthPlace,San Francisco,Katie Kitamura
Katie Kitamura,nationality,American,Katie Kitamura
Katie Kitamura,occupation,novelist,Katie Kitamura
Katie Kitamura,occupation,lawyer,Katie Kitamura
Katie Kitamura,educatedAt,"University of California, Berkeley",Katie Kitamura
Katie Kitamura,educatedAt,Columbia Law School,Katie Kitamura
Katie Kitamura,writesAbout,fiction,Katie Kitamura
Katie Kitamura,writesAbout,crime,Katie Kitamura
Katie Kitamura,authorOf,The Incident,Katie Kitamura
subject,predicate,object,Survivor: Kaôh Rōng
Survivor: Kaôh Rōng,instanceOf,Reality TV series,Survivor: Kaôh Rōng
Survivor: Kaôh Rōng,partOf,Survivor,Survivor: Kaôh Rōng
Survivor: Kaôh Rōng,location,Kaôh Rōng,Survivor: Kaôh Rōng
Survivor: Kaôh Rōng,country,Cambodia,Survivor: Kaôh Rōng
Survivor: Kaôh Rōng,premiereDate,2016-02-24,Survivor: Kaôh Rōng
Survivor: Kaôh Rōng,numberOfSeasons,1,Survivor: Kaôh Rōng
Survivor: Kaôh Rōng,numberOfEpisodes,16,Survivor: Kaôh Rōng
Survivor: Kaôh Rōng,presenter,Jeff Probst,Survivor: Kaôh Rōng
Survivor: Kaôh Rōng,producer,Jeff Probst,Survivor: Kaôh Rōng
Survivor: Kaôh Rōng,productionCompany,Mark Burn Productions,Survivor: Kaôh Rōng
Survivor: Kaôh Rōng,distributor,CBS Television Studios,Survivor: Kaôh Rōng
subject,predicate,object,Bueng Kan province
subject,predicate,object,Vida Movahed
subject,predicate,object,SM UB-74
Bhoomidevi Pushpiniyayi,instanceOf,Ragavarma,Bhoomidevi Pushpiniyayi
Bhoomidevi Pushpiniyayi,instrument,violin,Bhoomidevi Pushpiniyayi
Bhoomidevi Pushpiniyayi,genre,Carnatic music,Bhoomidevi Pushpiniyayi
Bhoomidevi Pushpiniyayi,notableAlumni,"Music Academy, Chennai",Bhoomidevi Pushpiniyayi
Bhoomidevi Pushpiniyayi,award,Padma Bhushan,Bhoomidevi Pushpiniyayi
Bhoomidevi Pushpiniyayi,award,Sangeet Natak Akademi Award,Bhoomidevi Pushpiniyayi
Bhoomidevi Pushpiniyayi,nationality,Indian,Bhoomidevi Pushpiniyayi
subject,predicate,object,Horten Church
Horten Church,instanceOf,Church,Horten Church
Horten Church,location,Horten,Horten Church
Horten Church,country,Norway,Horten Church
Horten Church,denomination,Lutheran,Horten Church
Horten Church,architect,Henrik Nissen,Horten Church
Horten Church,built,1870,Horten Church
Horten Church,architecturalStyle,Neoclassicism,Horten Church
Horten Church,tower,Horten Church Tower,Horten Church
Also,note that my knowledge cutoff is a certain date,so I may not have information on very recent events or updates.,Horten Church
Horses Amphora,instanceOf,Vase,Horses Amphora
Horses Amphora,createdBy,Etruscan Artist,Horses Amphora
Horses Amphora,date,circa 325-320 BCE,Horses Amphora
Horses Amphora,material,Terracotta,Horses Amphora
Horses Amphora,style,Etruscan,Horses Amphora
Horses Amphora,partOf,Ancient Greek Collection,Horses Amphora
Horses Amphora,technique,Red-figure technique,Horses Amphora
Horses Amphora,depicts,Horses,Horses Amphora
Horses Amphora,location,The Metropolitan Museum of Art,Horses Amphora
subject,predicate,object,Brand USA
Brand USA,instanceOf,Brand,Brand USA
Brand USA,type,Marketing Campaign,Brand USA
Brand USA,location,United States,Brand USA
Brand USA,purpose,Promote Tourism,Brand USA
Brand USA,industry,Tourism,Brand USA
Brand USA,operator,U.S. Travel Association,Brand USA
Brand USA,foundedBy,U.S. Travel Association,Brand USA
Brand USA,year,2002,Brand USA
Brand USA,description,U.S. brand campaign,Brand USA
subject,predicate,object,Ministry of Justice (Niger)
For more information,or subjects you would like me to provide facts about,feel free to ask,Ministry of Justice (Niger)
James Mendeika,instanceOf,Q5,James Mendeika
James Mendeika,occupation,Q639669,James Mendeika
James Mendeika,position,Q121594,James Mendeika
James Mendeika,memberOf,Q123456,James Mendeika
subject,predicate,object,Johannes Loccenius
subject,predicate,object,Counter-Terrorism and Border Security Act 2019
subject,predicate,object,Tixpéhual Municipality
Tixpéhual Municipality,instanceOf,Municipality,Tixpéhual Municipality
Tixpéhual Municipality,locatedIn,Yucatán,Tixpéhual Municipality
Tixpéhual Municipality,partOf,Mexico,Tixpéhual Municipality
Tixpéhual Municipality,capital,Tixpéhual,Tixpéhual Municipality
Tixpéhual Municipality,hasPopulation,"12,300",Tixpéhual Municipality
Tixpéhual Municipality,area,228.66 km²,Tixpéhual Municipality
Tixpéhual Municipality,timeZone,UTC-6,Tixpéhual Municipality
Tixpéhual Municipality,neighbor,Tizimín Municipality,Tixpéhual Municipality
Tixpéhual Municipality,neighbor,Motul Municipality,Tixpéhual Municipality
Schizonycha ruficollis,instanceOf,Species,Schizonycha ruficollis
Schizonycha ruficollis,partOf,Schizonycha,Schizonycha ruficollis
Schizonycha ruficollis,taxonomicRank,species,Schizonycha ruficollis
Schizonycha ruficollis,subjectOf,taxonomy,Schizonycha ruficollis
Schizonycha ruficollis,describedBy,Entomology,Schizonycha ruficollis
Schizonycha ruficollis,hasDomain,Eukarya,Schizonycha ruficollis
Schizonycha ruficollis,hasKingdom,Animalia,Schizonycha ruficollis
Schizonycha ruficollis,hasPhylum,Arthropoda,Schizonycha ruficollis
Schizonycha ruficollis,hasClass,Insecta,Schizonycha ruficollis
Schizonycha ruficollis,hasOrder,Coleoptera,Schizonycha ruficollis
Schizonycha ruficollis,hasFamily,Melonostidae,Schizonycha ruficollis
Schizonycha ruficollis,hasGenus,Schizonycha,Schizonycha ruficollis
USS Lorain (PF-93),instanceOf,PF-93,USS Lorain (PF-93)
USS Lorain (PF-93),instanceOf,Frigate,USS Lorain (PF-93)
USS Lorain (PF-93),partOf,United States Navy,USS Lorain (PF-93)
USS Lorain (PF-93),commissioned,1944,USS Lorain (PF-93)
USS Lorain (PF-93),decommissioned,1946,USS Lorain (PF-93)
USS Lorain (PF-93),namedAfter,"Lorain, Ohio",USS Lorain (PF-93)
USS Lorain (PF-93),class,Tacoma-class frigate,USS Lorain (PF-93)
USS Lorain (PF-93),length,76.2 meters,USS Lorain (PF-93)
USS Lorain (PF-93),beam,12.8 meters,USS Lorain (PF-93)
USS Lorain (PF-93),draft,3.7 meters,USS Lorain (PF-93)
USS Lorain (PF-93),speed,20 knots,USS Lorain (PF-93)
subject,predicate,object,"Milbank Arms, Barningham"
subject,predicate,object,Draupner wave
Draupner wave,instanceOf,rogue wave,Draupner wave
Draupner wave,namedAfter,Draupner,Draupner wave
Draupner wave,occurredOn,"January 1, 1995",Draupner wave
Draupner wave,location,North Sea,Draupner wave
Draupner wave,height,26 meters,Draupner wave
Draupner wave,significance,first recorded rogue wave,Draupner wave
Draupner wave,instrument,Draupner oil platform,Draupner wave
Draupner wave,type,extreme wave,Draupner wave
Draupner wave,partOf,ocean storm,Draupner wave
subject,predicate,object,2016 FIFA U-17 Women's World Cup
subject,predicate,object,2019 AQ3
subject,predicate,object,Cartagena Cathedral
2012 World Junior Ice Hockey Championships,instanceOf,World Junior Ice Hockey Championships,2012 World Junior Ice Hockey Championships
2012 World Junior Ice Hockey Championships,location,Canada,2012 World Junior Ice Hockey Championships
2012 World Junior Ice Hockey Championships,startDate,2012-01-04,2012 World Junior Ice Hockey Championships
2012 World Junior Ice Hockey Championships,endDate,2012-01-15,2012 World Junior Ice Hockey Championships
2012 World Junior Ice Hockey Championships,participant,Canada national junior ice hockey team,2012 World Junior Ice Hockey Championships
2012 World Junior Ice Hockey Championships,participant,Russia national junior ice hockey team,2012 World Junior Ice Hockey Championships
2012 World Junior Ice Hockey Championships,participant,Sweden national junior ice hockey team,2012 World Junior Ice Hockey Championships
2012 World Junior Ice Hockey Championships,participant,Finland national junior ice hockey team,2012 World Junior Ice Hockey Championships
2012 World Junior Ice Hockey Championships,participant,Czech Republic national junior ice hockey team,2012 World Junior Ice Hockey Championships
2012 World Junior Ice Hockey Championships,participant,Slovakia national junior ice hockey team,2012 World Junior Ice Hockey Championships
2012 World Junior Ice Hockey Championships,participant,Germany national junior ice hockey team,2012 World Junior Ice Hockey Championships
2012 World Junior Ice Hockey Championships,participant,Norway national junior ice hockey team,2012 World Junior Ice Hockey Championships
2012 World Junior Ice Hockey Championships,participant,Latvia national junior ice hockey team,2012 World Junior Ice Hockey Championships
2012 World Junior Ice Hockey Championships,champion,Russia national junior ice hockey team,2012 World Junior Ice Hockey Championships
2012 World Junior Ice Hockey Championships,runnerUp,Canada national junior ice hockey team,2012 World Junior Ice Hockey Championships
Forever (Bon Jovi album),instanceOf,album,Forever (Bon Jovi album)
Forever (Bon Jovi album),artist,Bon Jovi,Forever (Bon Jovi album)
Forever (Bon Jovi album),releaseDate,2022-11-18,Forever (Bon Jovi album)
Forever (Bon Jovi album),tracklist,Livin' or Dyin',Forever (Bon Jovi album)
Forever (Bon Jovi album),tracklist,Wheels,Forever (Bon Jovi album)
Forever (Bon Jovi album),tracklist,The Good Life,Forever (Bon Jovi album)
Forever (Bon Jovi album),tracklist,Rebel Girl,Forever (Bon Jovi album)
Forever (Bon Jovi album),tracklist,Drive,Forever (Bon Jovi album)
Forever (Bon Jovi album),tracklist,Shine,Forever (Bon Jovi album)
Forever (Bon Jovi album),tracklist,Walk the Line,Forever (Bon Jovi album)
Forever (Bon Jovi album),tracklist,Love Is the Answer,Forever (Bon Jovi album)
Forever (Bon Jovi album),tracklist,Raise Your Glass,Forever (Bon Jovi album)
Forever (Bon Jovi album),genre,Rock music,Forever (Bon Jovi album)
Forever (Bon Jovi album),language,English language,Forever (Bon Jovi album)
WeTransfer,instanceOf,file sharing service,WeTransfer
WeTransfer,foundedBy,Rutger Bregman,WeTransfer
WeTransfer,foundedBy,Joris van der Velde,WeTransfer
WeTransfer,foundedBy,Sander van der Velde,WeTransfer
WeTransfer,headquarteredIn,Amsterdam,WeTransfer
WeTransfer,launchedIn,2007,WeTransfer
WeTransfer,offersFreeStorage,yes,WeTransfer
WeTransfer,allowsFileSharing,yes,WeTransfer
WeTransfer,hasFileSizeLimit,yes,WeTransfer
WeTransfer,supportsMultipleFileUpload,yes,WeTransfer
WeTransfer,hasTwoFactorAuthentication,yes,WeTransfer
WeTransfer,isAvailableIn,English,WeTransfer
WeTransfer,isAvailableIn,Dutch,WeTransfer
WeTransfer,isAvailableIn,French,WeTransfer
WeTransfer,isAvailableIn,German,WeTransfer
WeTransfer,isAvailableIn,Spanish,WeTransfer
subject,predicate,object,Bob Charles (footballer)
Durga Shanker Mishra,instanceOf,Human,Durga Shanker Mishra
Durga Shanker Mishra,occupation,Civil Servant,Durga Shanker Mishra
Durga Shanker Mishra,position,Chief Secretary of Uttarakhand,Durga Shanker Mishra
Durga Shanker Mishra,position,IAS officer,Durga Shanker Mishra
Durga Shanker Mishra,birthPlace,Uttarakhand,Durga Shanker Mishra
Zapolyariye,instanceOf,rural locality,Zapolyariye
Zapolyariye,locatedIn,Russia,Zapolyariye
Zapolyariye,locatedIn,Kola Peninsula,Zapolyariye
Zapolyariye,isPartOf,Murmansk Oblast,Zapolyariye
Zapolyariye,isPartOf,Pechenga District,Zapolyariye
Rodriguésia (journal),instanceOf,academic journal,Rodriguésia (journal)
Rodriguésia (journal),publisher,Instituto de Pesquisas Ambientais da Amazônia,Rodriguésia (journal)
Rodriguésia (journal),language,Portuguese,Rodriguésia (journal)
Rodriguésia (journal),subject,botany,Rodriguésia (journal)
Rodriguésia (journal),ISSN,0035-8139,Rodriguésia (journal)
Rodriguésia (journal),inception,1940,Rodriguésia (journal)
Rodriguésia (journal),discipline,botany,Rodriguésia (journal)
Rodriguésia (journal),country,Brazil,Rodriguésia (journal)
subject,predicate,object,Saxton Oval
Misfat al Abriyeen,instanceOf,human settlement,Misfat al Abriyeen
Misfat al Abriyeen,locatedIn,Syria,Misfat al Abriyeen
Misfat al Abriyeen,locatedIn,Homs Governorate,Misfat al Abriyeen
Misfat al Abriyeen,locatedIn,Homs District,Misfat al Abriyeen
Misfat al Abriyeen,locatedIn,Ayyo,Misfat al Abriyeen
Misfat al Abriyeen,isLocatedOn,Kawkaban,Misfat al Abriyeen
Misfat al Abriyeen,isLocatedOn,Jabal al-Akkum,Misfat al Abriyeen
Misfat al Abriyeen,hasElevation,900,Misfat al Abriyeen
Misfat al Abriyeen,hasPopulation,1000,Misfat al Abriyeen
subject,predicate,object,Nuraghe Genna Maria
Park Ji-hyun (curler),instanceOf,curler,Park Ji-hyun (curler)
Park Ji-hyun (curler),hailsFrom,South Korea,Park Ji-hyun (curler)
Park Ji-hyun (curler),dateOfBirth,1992-02-09,Park Ji-hyun (curler)
Park Ji-hyun (curler),skip,South Korea women's national curling team,Park Ji-hyun (curler)
Park Ji-hyun (curler),participatedIn,2018 Winter Olympics,Park Ji-hyun (curler)
Park Ji-hyun (curler),participatedIn,2014 Winter Olympics,Park Ji-hyun (curler)
Park Ji-hyun (curler),curlingTeam,Kim Eun-jung,Park Ji-hyun (curler)
Park Ji-hyun (curler),curlingTeam,Kim Min-ji,Park Ji-hyun (curler)
Park Ji-hyun (curler),curlingTeam,Kim Seon-yeong,Park Ji-hyun (curler)
Park Ji-hyun (curler),curlingTeam,Kim Yeon-kyo,Park Ji-hyun (curler)
Park Ji-hyun (curler),won,2018 Korean Curling Championships,Park Ji-hyun (curler)
Park Ji-hyun (curler),won,2017 Korean Curling Championships,Park Ji-hyun (curler)
subject,predicate,object,Ohio State Route 292
Ohio State Route 292,instanceOf,Route,Ohio State Route 292
Ohio State Route 292,locatedIn,Ohio,Ohio State Route 292
Ohio State Route 292,partOf,Ohio State Highway System,Ohio State Route 292
Ohio State Route 292,length,10.78 miles,Ohio State Route 292
Ohio State Route 292,terminusA,US 23,Ohio State Route 292
Ohio State Route 292,terminusB,Ohio State Route 66,Ohio State Route 292
Ohio State Route 292,commissioningYear,1931,Ohio State Route 292
Ohio State Route 292,commissioningYear,1940,Ohio State Route 292
Ohio State Route 292,instanceOf,Ohio State Route,Ohio State Route 292
The Squeaker (1963 film),instanceOf,film,The Squeaker (1963 film)
The Squeaker (1963 film),genre,comedy,The Squeaker (1963 film)
The Squeaker (1963 film),genre,crime,The Squeaker (1963 film)
The Squeaker (1963 film),director,Gerard Oury,The Squeaker (1963 film)
The Squeaker (1963 film),starring,Bourvil,The Squeaker (1963 film)
The Squeaker (1963 film),starring,Françoise Giroud,The Squeaker (1963 film)
The Squeaker (1963 film),starring,Lino Ventura,The Squeaker (1963 film)
The Squeaker (1963 film),releaseYear,1963,The Squeaker (1963 film)
The Squeaker (1963 film),countryOfOrigin,France,The Squeaker (1963 film)
The Squeaker (1963 film),language,French,The Squeaker (1963 film)
subject,predicate,object,Großkrotzenburg
Dunfermline and Dollar,instanceOf,UK Parliament constituency,Dunfermline and Dollar
Dunfermline and Dollar,location,Scotland,Dunfermline and Dollar
Dunfermline and Dollar,location,Fife,Dunfermline and Dollar
Dunfermline and Dollar,contains,Dunfermline,Dunfermline and Dollar
Dunfermline and Dollar,contains,Dollar,Dunfermline and Dollar
Dunfermline and Dollar,elects,Member of Parliament,Dunfermline and Dollar
Dunfermline and Dollar,replaced,Clackmannan and Kinross-shire,Dunfermline and Dollar
subject,predicate,object,Gaspar de Bono
Lesser amberjack,instanceOf,Species,Lesser amberjack
Lesser amberjack,genus,Seriola,Lesser amberjack
Lesser amberjack,family,Carangidae,Lesser amberjack
Lesser amberjack,order,Carangiformes,Lesser amberjack
Lesser amberjack,class,Actinopterygii,Lesser amberjack
Lesser amberjack,phylum,Chordata,Lesser amberjack
Lesser amberjack,kingdom,Animalia,Lesser amberjack
Lesser amberjack,common name,Lesser amberjack,Lesser amberjack
Lesser amberjack,scientific name,Seriola fasciata,Lesser amberjack
Seriola fasciata,instanceOf,Species,Lesser amberjack
2012 Stockport Metropolitan Borough Council election,instanceOf,election,2012 Stockport Metropolitan Borough Council election
2012 Stockport Metropolitan Borough Council election,partOf,Stockport Metropolitan Borough Council,2012 Stockport Metropolitan Borough Council election
2012 Stockport Metropolitan Borough Council election,partOf,2012 United Kingdom local elections,2012 Stockport Metropolitan Borough Council election
2012 Stockport Metropolitan Borough Council election,startDate,2012-05-03,2012 Stockport Metropolitan Borough Council election
2012 Stockport Metropolitan Borough Council election,endDate,2012-05-03,2012 Stockport Metropolitan Borough Council election
2012 Stockport Metropolitan Borough Council election,numberOfSeats,63,2012 Stockport Metropolitan Borough Council election
2012 Stockport Metropolitan Borough Council election,hasPart,Electoral ward,2012 Stockport Metropolitan Borough Council election
2012 Stockport Metropolitan Borough Council election,location,Stockport,2012 Stockport Metropolitan Borough Council election
2012 Stockport Metropolitan Borough Council election,country,United Kingdom,2012 Stockport Metropolitan Borough Council election
Robert Hurley (swimmer),instanceOf,Human,Robert Hurley (swimmer)
Robert Hurley (swimmer),instanceOf,Swimmer,Robert Hurley (swimmer)
Robert Hurley (swimmer),birthDate,1985-04-18,Robert Hurley (swimmer)
Robert Hurley (swimmer),birthPlace,Australia,Robert Hurley (swimmer)
Robert Hurley (swimmer),nationality,Australian,Robert Hurley (swimmer)
Robert Hurley (swimmer),competition,Swimming at the 2008 Summer Olympics,Robert Hurley (swimmer)
Robert Hurley (swimmer),competition,Swimming at the 2012 Summer Olympics,Robert Hurley (swimmer)
Robert Hurley (swimmer),event,Freestyle swimming,Robert Hurley (swimmer)
Robert Hurley (swimmer),event,Relay swimming,Robert Hurley (swimmer)
subject,predicate,object,Alicia Rodríguez (Spanish actress)
Alicia Rodríguez (Spanish actress),instanceOf,Human,Alicia Rodríguez (Spanish actress)
Alicia Rodríguez (Spanish actress),hasNationality,Spanish,Alicia Rodríguez (Spanish actress)
Alicia Rodríguez (Spanish actress),isOccupation,Actress,Alicia Rodríguez (Spanish actress)
Alicia Rodríguez (Spanish actress),hasGender,Female,Alicia Rodríguez (Spanish actress)
2010–11 Kent State Golden Flashes men's basketball team,instanceOf,College basketball team,2010–11 Kent State Golden Flashes men's basketball team
2010–11 Kent State Golden Flashes men's basketball team,partOf,2010-11 NCAA Division I men's basketball season,2010–11 Kent State Golden Flashes men's basketball team
2010–11 Kent State Golden Flashes men's basketball team,league,NCAA Division I,2010–11 Kent State Golden Flashes men's basketball team
2010–11 Kent State Golden Flashes men's basketball team,conference,Mid-American Conference,2010–11 Kent State Golden Flashes men's basketball team
2010–11 Kent State Golden Flashes men's basketball team,school,Kent State University,2010–11 Kent State Golden Flashes men's basketball team
2010–11 Kent State Golden Flashes men's basketball team,season,2010-11,2010–11 Kent State Golden Flashes men's basketball team
2010–11 Kent State Golden Flashes men's basketball team,coach,Chris Martin (basketball),2010–11 Kent State Golden Flashes men's basketball team
subject,predicate,object,North Central Hardwood Forests
North Central Hardwood Forests,instanceOf,forest ecosystem,North Central Hardwood Forests
North Central Hardwood Forests,location,North America,North Central Hardwood Forests
North Central Hardwood Forests,location,United States,North Central Hardwood Forests
North Central Hardwood Forests,ecosystemType,temperate hardwood forest,North Central Hardwood Forests
North Central Hardwood Forests,dominantTreeSpecies,oak,North Central Hardwood Forests
North Central Hardwood Forests,dominantTreeSpecies,hickory,North Central Hardwood Forests
North Central Hardwood Forests,dominantTreeSpecies,maple,North Central Hardwood Forests
North Central Hardwood Forests,soilType,glacial till,North Central Hardwood Forests
North Central Hardwood Forests,soilType,driftless area,North Central Hardwood Forests
subject,predicate,object,Tony Ford (rugby league)
Chengdu J-20,instanceOf,J-20,Chengdu J-20
Chengdu J-20,manufacturer,Chengdu Aircraft Industry Group,Chengdu J-20
Chengdu J-20,countryOfOrigin,China,Chengdu J-20
Chengdu J-20,type,Fifth-generation fighter,Chengdu J-20
Chengdu J-20,serviceEntry,2017,Chengdu J-20
Chengdu J-20,engine,Saturn AL-31FP,Chengdu J-20
Chengdu J-20,engine,Chengdu WS-10,Chengdu J-20
Chengdu J-20,length,21.36 m,Chengdu J-20
Chengdu J-20,wingspan,11.84 m,Chengdu J-20
Chengdu J-20,height,5.69 m,Chengdu J-20
Chengdu J-20,maxSpeed,Mach 2.25,Chengdu J-20
Chengdu J-20,range,"3,000 km",Chengdu J-20
Chengdu J-20,ceiling,"18,000 m",Chengdu J-20
Chengdu J-20,armament,30 mm GSh-30-1 autocannon,Chengdu J-20
Chengdu J-20,armament,PL-10 air-to-air missile,Chengdu J-20
Chengdu J-20,armament,PL-15 air-to-air missile,Chengdu J-20
subject,predicate,object,Rådmandsgade
Études (journal),instanceOf,academic journal,Études (journal)
Études (journal),publisher,Éditions de l'École des hautes études en sciences sociales,Études (journal)
Études (journal),language,French,Études (journal)
Études (journal),subject,social sciences,Études (journal)
Études (journal),subject,humanities,Études (journal)
Études (journal),hasISSN,0014-195X,Études (journal)
subject,predicate,object,Deool Band
Deool Band,instanceOf,Music Band,Deool Band
Deool Band,genre,Bhangra,Deool Band
Deool Band,origin,India,Deool Band
Deool Band,activeYears,2006-2012,Deool Band
Deool Band,member,Gurroz Kaur,Deool Band
Deool Band,member,Sakshi Arora,Deool Band
Deool Band,member,Tanya Arora,Deool Band
Deool Band,member,Payal Arora,Deool Band
Deool Band,foundedBy,Honey,Deool Band
Deool Band,recordLabel,Tips Music,Deool Band
Deool Band,recordLabel,Universal Music,Deool Band
"Friary Church of St Francis and St Anthony, Crawley",instanceOf,church,"Friary Church of St Francis and St Anthony, Crawley"
"Friary Church of St Francis and St Anthony, Crawley",locatedIn,Crawley,"Friary Church of St Francis and St Anthony, Crawley"
"Friary Church of St Francis and St Anthony, Crawley",dedicatedTo,Francis of Assisi,"Friary Church of St Francis and St Anthony, Crawley"
"Friary Church of St Francis and St Anthony, Crawley",dedicatedTo,Anthony of Padua,"Friary Church of St Francis and St Anthony, Crawley"
"Friary Church of St Francis and St Anthony, Crawley",partOf,Roman Catholic Diocese of Arundel and Brighton,"Friary Church of St Francis and St Anthony, Crawley"
Black-capped foliage-gleaner,instanceOf,Species,Black-capped foliage-gleaner
Black-capped foliage-gleaner,subclassOf,Foliage-gleaner,Black-capped foliage-gleaner
Black-capped foliage-gleaner,taxonomicRank,species,Black-capped foliage-gleaner
Black-capped foliage-gleaner,scientificName,Phyllomyias uropygialis,Black-capped foliage-gleaner
Black-capped foliage-gleaner,commonName,Black-capped foliage-gleaner,Black-capped foliage-gleaner
Black-capped foliage-gleaner,family,Furnariidae,Black-capped foliage-gleaner
Black-capped foliage-gleaner,genus,Phyllomyias,Black-capped foliage-gleaner
Black-capped foliage-gleaner,nativeTo,South America,Black-capped foliage-gleaner
Black-capped foliage-gleaner,habitat,Tropical moist montane forests,Black-capped foliage-gleaner
National Route 306 (Costa Rica),instanceOf,Route,National Route 306 (Costa Rica)
National Route 306 (Costa Rica),locatedIn,Costa Rica,National Route 306 (Costa Rica)
National Route 306 (Costa Rica),partOf,National Highway System of Costa Rica,National Route 306 (Costa Rica)
Historical Dictionary Project of the Hebrew Language,instanceOf,dictionary project,Historical Dictionary Project of the Hebrew Language
Historical Dictionary Project of the Hebrew Language,focus,Hebrew language,Historical Dictionary Project of the Hebrew Language
Historical Dictionary Project of the Hebrew Language,publisher,Academy of the Hebrew Language,Historical Dictionary Project of the Hebrew Language
Historical Dictionary Project of the Hebrew Language,language,Hebrew,Historical Dictionary Project of the Hebrew Language
Historical Dictionary Project of the Hebrew Language,description,A comprehensive dictionary of the Hebrew language,Historical Dictionary Project of the Hebrew Language
Historical Dictionary Project of the Hebrew Language,title,Historical Dictionary of the Hebrew Language,Historical Dictionary Project of the Hebrew Language
Aleš Dryml Sr.,instanceOf,Person,Aleš Dryml Sr.
Aleš Dryml Sr.,type,Czech athlete,Aleš Dryml Sr.
Aleš Dryml Sr.,familyName,Dryml,Aleš Dryml Sr.
Aleš Dryml Sr.,givenName,Aleš,Aleš Dryml Sr.
Aleš Dryml Sr.,birthDate,1973-09-22,Aleš Dryml Sr.
Aleš Dryml Sr.,birthPlace,Hradec Králové,Aleš Dryml Sr.
Aleš Dryml Sr.,isFatherOf,Aleš Dryml Jr.,Aleš Dryml Sr.
Aleš Dryml Sr.,isFatherOf,Vojtěch Dryml,Aleš Dryml Sr.
Aleš Dryml Sr.,isFatherOf,Tomáš Dryml,Aleš Dryml Sr.
subject,predicate,object,"Wanderson (footballer, born 1980)"
subject,predicate,object,HSC Winnipeg Children's Hospital
e.g. a building,a street,etc.,2–8a Rutland Gate
Kapantay Ay Langit (film),instanceOf,film,Kapantay Ay Langit (film)
Kapantay Ay Langit (film),title,Kapantay Ay Langit,Kapantay Ay Langit (film)
Kapantay Ay Langit (film),genre,romance film,Kapantay Ay Langit (film)
Kapantay Ay Langit (film),director,Andoy Ranay,Kapantay Ay Langit (film)
Kapantay Ay Langit (film),starring,Enchong Derola,Kapantay Ay Langit (film)
Kapantay Ay Langit (film),starring,Maja Salvador,Kapantay Ay Langit (film)
Kapantay Ay Langit (film),starring,Enrique Velez,Kapantay Ay Langit (film)
Kapantay Ay Langit (film),releaseDate,2011-07-20,Kapantay Ay Langit (film)
Kapantay Ay Langit (film),country,Philippines,Kapantay Ay Langit (film)
Kapantay Ay Langit (film),language,Filipino,Kapantay Ay Langit (film)
subject,predicate,object,Arp 273
subject,predicate,object,Songpyong-guyok
subject,predicate,object,HMS Reindeer (1883)
subject,predicate,object,Armadillidae
subject,predicate,object,Chief Justice of Hungary
Chief Justice of Hungary,instanceOf,Judicial office,Chief Justice of Hungary
Chief Justice of Hungary,subordinate,Hungarian Constitutional Court,Chief Justice of Hungary
Chief Justice of Hungary,located in,Hungary,Chief Justice of Hungary
Chief Justice of Hungary,has jurisdiction,Hungary,Chief Justice of Hungary
Chief Justice of Hungary,part of,Judicial system of Hungary,Chief Justice of Hungary
Chief Justice of Hungary,position,Chief Justice,Chief Justice of Hungary
Chief Justice of Hungary,leader,President of the Supreme Court,Chief Justice of Hungary
Hungarian Constitutional Court,has president,Chief Justice of Hungary,Chief Justice of Hungary
Chief Justice of Hungary,appointed by,President of Hungary,Chief Justice of Hungary
Chief Justice of Hungary,confirmed by,National Assembly of Hungary,Chief Justice of Hungary
Chief Justice of Hungary,serves as,President of the Supreme Court of Hungary,Chief Justice of Hungary
subject,predicate,object,Haris Hajradinović
Salmo ciscaucasicus,instanceOf,Species,Salmo ciscaucasicus
Salmo ciscaucasicus,genus,Salmo,Salmo ciscaucasicus
Salmo ciscaucasicus,family,Salmonidae,Salmo ciscaucasicus
Salmo ciscaucasicus,commonName,Ciscaucasian salmon,Salmo ciscaucasicus
Salmo ciscaucasicus,taxonomyRank,Species,Salmo ciscaucasicus
Salmo ciscaucasicus,conservationStatus,Critically Endangered,Salmo ciscaucasicus
subject,predicate,object,Qihoo 360
subject,predicate,object,Syzygium bungadinnia
subject,predicate,object,Saxifraga rufescens
Line S4 (Milan suburban railway service),instanceOf,Railway line,Line S4 (Milan suburban railway service)
Line S4 (Milan suburban railway service),locatedIn,Milan,Line S4 (Milan suburban railway service)
Line S4 (Milan suburban railway service),partOf,Milan suburban railway,Line S4 (Milan suburban railway service)
Line S4 (Milan suburban railway service),terminus,Milan Rogoredo,Line S4 (Milan suburban railway service)
Line S4 (Milan suburban railway service),terminus,Milan San Donato,Line S4 (Milan suburban railway service)
Line S4 (Milan suburban railway service),serves,Milan,Line S4 (Milan suburban railway service)
Line S4 (Milan suburban railway service),operator,Trenord,Line S4 (Milan suburban railway service)
Line S4 (Milan suburban railway service),serviceFrequency,every 10-30 minutes,Line S4 (Milan suburban railway service)
subject,predicate,object,Broch of Culswick
Broch of Culswick,instanceOf,Broch,Broch of Culswick
Broch of Culswick,location,Shetland,Broch of Culswick
Broch of Culswick,partOf,Shetland Islands,Broch of Culswick
Broch of Culswick,locatedIn,Scotland,Broch of Culswick
Broch of Culswick,typeOf,Tower house,Broch of Culswick
Broch of Culswick,architecturalStyle,Iron Age architecture,Broch of Culswick
Broch of Culswick,built,Iron Age,Broch of Culswick
Broch of Culswick,hasFeature,entrance passage,Broch of Culswick
Broch of Culswick,hasFeature,inner chamber,Broch of Culswick
subject,predicate,object,Telefónica Argentina
Telefónica Argentina,instanceOf,Telefónica,Telefónica Argentina
Telefónica Argentina,type,Telecommunications company,Telefónica Argentina
Telefónica Argentina,industry,Telecommunications,Telefónica Argentina
Telefónica Argentina,parentOrganization,Telefónica,Telefónica Argentina
Telefónica Argentina,headquarteredIn,Buenos Aires,Telefónica Argentina
Telefónica Argentina,operatesIn,Argentina,Telefónica Argentina
Telefónica Argentina,providesService,Mobile phone,Telefónica Argentina
Telefónica Argentina,providesService,Fixed-line telephone,Telefónica Argentina
Telefónica Argentina,providesService,Internet,Telefónica Argentina
Telefónica Argentina,brand,Movistar,Telefónica Argentina
Telefónica Argentina,foundedIn,1990,Telefónica Argentina
Municipality of Izola,instanceOf,Municipality,Municipality of Izola
Municipality of Izola,locatedIn,Slovenia,Municipality of Izola
Municipality of Izola,hasPart,Izola,Municipality of Izola
Municipality of Izola,hasPart,Malki,Municipality of Izola
Municipality of Izola,hasPart,Štanjel,Municipality of Izola
Municipality of Izola,capital,Izola,Municipality of Izola
Municipality of Izola,population,"approximately 10,000",Municipality of Izola
Municipality of Izola,area,28.5 km²,Municipality of Izola
Municipality of Izola,mayor,Dusan Kocjančič,Municipality of Izola
Municipality of Izola,founded,1954,Municipality of Izola
subject,predicate,object,Trimbach railway station
subject,predicate,object,Glières-Val-de-Borne
subject,predicate,object,Wimalaratne Kumaragama
"Baranovka, Narimanovsky District, Astrakhan Oblast",instanceOf,locality,"Baranovka, Narimanovsky District, Astrakhan Oblast"
"Baranovka, Narimanovsky District, Astrakhan Oblast",locatedIn,Astrakhan Oblast,"Baranovka, Narimanovsky District, Astrakhan Oblast"
"Baranovka, Narimanovsky District, Astrakhan Oblast",locatedIn,Narimanovsky District,"Baranovka, Narimanovsky District, Astrakhan Oblast"
"Baranovka, Narimanovsky District, Astrakhan Oblast",isPartOf,Narimanovsky District,"Baranovka, Narimanovsky District, Astrakhan Oblast"
"Baranovka, Narimanovsky District, Astrakhan Oblast",isLocatedIn,Russia,"Baranovka, Narimanovsky District, Astrakhan Oblast"
subject,predicate,object,West Thurrock Lagoon and Marshes
Casey Crawford (American football),instanceOf,American football player,Casey Crawford (American football)
Casey Crawford (American football),position,Defensive end,Casey Crawford (American football)
Casey Crawford (American football),position,Defensive tackle,Casey Crawford (American football)
Casey Crawford (American football),team,Virginia Tech Hokies football,Casey Crawford (American football)
Casey Crawford (American football),team,New York Giants,Casey Crawford (American football)
Casey Crawford (American football),team,Tennessee Titans,Casey Crawford (American football)
Casey Crawford (American football),draftRound,3,Casey Crawford (American football)
Casey Crawford (American football),draftYear,2011,Casey Crawford (American football)
Casey Crawford (American football),draftTeam,New York Giants,Casey Crawford (American football)
Casey Crawford (American football),birthDate,1989-02-16,Casey Crawford (American football)
Casey Crawford (American football),nationality,American,Casey Crawford (American football)
subject,predicate,object,Masum Khan (cricketer)
Masum Khan (cricketer),instanceOf,cricketer,Masum Khan (cricketer)
Masum Khan (cricketer),playsFor,Bangladesh,Masum Khan (cricketer)
Masum Khan (cricketer),playsFor,Rajshahi Division,Masum Khan (cricketer)
Masum Khan (cricketer),bowls,right-arm medium,Masum Khan (cricketer)
Masum Khan (cricketer),bornAt,Bangladesh,Masum Khan (cricketer)
Masum Khan (cricketer),role,bowler,Masum Khan (cricketer)
Esporte Clube São Luiz,instanceOf,Football Club,Esporte Clube São Luiz
Esporte Clube São Luiz,foundIn,Brazil,Esporte Clube São Luiz
Esporte Clube São Luiz,foundIn,Rio Grande do Sul,Esporte Clube São Luiz
Esporte Clube São Luiz,plays,Football,Esporte Clube São Luiz
Esporte Clube São Luiz,league,Campeonato Gaúcho,Esporte Clube São Luiz
Esporte Clube São Luiz,stadium,Estádio 19 de Octubre,Esporte Clube São Luiz
"Alan Franco (footballer, born 1996)",instanceOf,Human,"Alan Franco (footballer, born 1996)"
"Alan Franco (footballer, born 1996)",instanceOf,Association football player,"Alan Franco (footballer, born 1996)"
"Alan Franco (footballer, born 1996)",birthDate,1996,"Alan Franco (footballer, born 1996)"
"Alan Franco (footballer, born 1996)",givenName,Alan,"Alan Franco (footballer, born 1996)"
"Alan Franco (footballer, born 1996)",familyName,Franco,"Alan Franco (footballer, born 1996)"
"Alan Franco (footballer, born 1996)",playsPosition,Defender,"Alan Franco (footballer, born 1996)"
"Alan Franco (footballer, born 1996)",playsFor,Independiente,"Alan Franco (footballer, born 1996)"
"Alan Franco (footballer, born 1996)",hasNationality,Argentine,"Alan Franco (footballer, born 1996)"
subject,predicate,object,Desmodus draculae
subject,predicate,object,José María Oriol Urquijo
José María Oriol Urquijo,instanceOf,Human,José María Oriol Urquijo
José María Oriol Urquijo,birthPlace,Barcelona,José María Oriol Urquijo
José María Oriol Urquijo,birthDate,1906-04-04,José María Oriol Urquijo
José María Oriol Urquijo,deathDate,1985,José María Oriol Urquijo
José María Oriol Urquijo,politicianIn,Spain,José María Oriol Urquijo
José María Oriol Urquijo,positionHeld,Minister of Justice,José María Oriol Urquijo
José María Oriol Urquijo,positionHeld,Member of the Congress of Deputies,José María Oriol Urquijo
subject,predicate,object,Black-throated magpie-jay
If there are more facts available,I can try to provide them. The above response might not be exhaustive,as my training data may not contain all possible information about the subject.,Le Bal (novella)
subject,predicate,object,Serious Sam
Serious Sam,instanceOf,video game series,Serious Sam
Serious Sam,instanceOf,franchise,Serious Sam
Serious Sam,hasGenre,first-person shooter,Serious Sam
Serious Sam,hasDeveloper,Croteam,Serious Sam
Serious Sam,hasPublisher,Devolver Digital,Serious Sam
Serious Sam,hasFirstReleaseDate,2002-11-15,Serious Sam
Serious Sam,hasLatestReleaseDate,2020-09-24,Serious Sam
Serious Sam HD,instanceOf,Serious Sam,Serious Sam
Serious Sam II,instanceOf,Serious Sam,Serious Sam
Serious Sam: The First Encounter,instanceOf,Serious Sam,Serious Sam
Serious Sam: The Second Encounter,instanceOf,Serious Sam,Serious Sam
Serious Sam 3: The Western Front,instanceOf,Serious Sam,Serious Sam
Serious Sam: Revolution,instanceOf,Serious Sam,Serious Sam
Serious Sam: HD Remastered,instanceOf,Serious Sam,Serious Sam
subject,predicate,object,Manolo Muñoz (footballer)
Manolo Muñoz (footballer),instanceOf,footballer,Manolo Muñoz (footballer)
Manolo Muñoz (footballer),birthDate,1959,Manolo Muñoz (footballer)
Manolo Muñoz (footballer),birthPlace,Spain,Manolo Muñoz (footballer)
Manolo Muñoz (footballer),position,Goalkeeper,Manolo Muñoz (footballer)
Manolo Muñoz (footballer),teams,Real Zaragoza,Manolo Muñoz (footballer)
Manolo Muñoz (footballer),teams,Real Sociedad,Manolo Muñoz (footballer)
Manolo Muñoz (footballer),teams,Sevilla FC,Manolo Muñoz (footballer)
Manolo Muñoz (footballer),teams,UD Levante,Manolo Muñoz (footballer)
Manolo Muñoz (footballer),teams,Elche CF,Manolo Muñoz (footballer)
Manolo Muñoz (footballer),teams,Granada CF,Manolo Muñoz (footballer)
Manolo Muñoz (footballer),teams,CD Castellón,Manolo Muñoz (footballer)
Manolo Muñoz (footballer),teams,Real Oviedo,Manolo Muñoz (footballer)
Manolo Muñoz (footballer),teams,Racing de Ferrol,Manolo Muñoz (footballer)
House-Museum of Samad Vurgun,instanceOf,museum,House-Museum of Samad Vurgun
House-Museum of Samad Vurgun,locatedIn,Baku,House-Museum of Samad Vurgun
House-Museum of Samad Vurgun,dedicatedTo,Samad Vurgun,House-Museum of Samad Vurgun
House-Museum of Samad Vurgun,type,house-museum,House-Museum of Samad Vurgun
Samad Vurgun,instanceOf,person,House-Museum of Samad Vurgun
subject,predicate,object,Research in Developmental Disabilities
BET Awards 2011,instanceOf,BET Awards,BET Awards 2011
BET Awards 2011,location,Los Angeles,BET Awards 2011
BET Awards 2011,location,Shrine Auditorium,BET Awards 2011
BET Awards 2011,startDate,2011-06-26,BET Awards 2011
BET Awards 2011,host,Anthony Anderson,BET Awards 2011
BET Awards 2011,host,Tracee Ellis Ross,BET Awards 2011
BET Awards 2011,award,Best Male R&B/Soul Artist,BET Awards 2011
BET Awards 2011,award,Best Female R&B/Soul Artist,BET Awards 2011
BET Awards 2011,award,Best Group,BET Awards 2011
BET Awards 2011,award,Best New Artist,BET Awards 2011
BET Awards 2011,award,Best Collaboration,BET Awards 2011
BET Awards 2011,award,Video of the Year,BET Awards 2011
BET Awards 2011,award,Best Movie,BET Awards 2011
BET Awards 2011,winner,Beyoncé,BET Awards 2011
BET Awards 2011,winner,JAY-Z,BET Awards 2011
BET Awards 2011,winner,Rihanna,BET Awards 2011
BET Awards 2011,performer,Beyoncé,BET Awards 2011
BET Awards 2011,performer,JAY-Z,BET Awards 2011
BET Awards 2011,performer,Rihanna,BET Awards 2011
BET Awards 2011,performer,Nicki Minaj,BET Awards 2011
BET Awards 2011,performer,Chris Brown,BET Awards 2011
subject,predicate,object,"Sir Hugh Smith, 1st Baronet"
For the sake of brevity,I have limited the number of facts. In reality,there may be more.,Chestnut-and-black weaver
subject,predicate,object,Anacamptis collina
subject,predicate,object,Remscheid Hauptbahnhof
Felix Ua Duib Sláin,instanceOf,Bishop,Felix Ua Duib Sláin
Felix Ua Duib Sláin,hasOccupation,Bishop,Felix Ua Duib Sláin
Felix Ua Duib Sláin,isBishopOf,Clonmacnoise,Felix Ua Duib Sláin
Felix Ua Duib Sláin,isPredecessorOf,Muirchertach Ua Dálaigh,Felix Ua Duib Sláin
Felix Ua Duib Sláin,isSuccessorOf,Mochua,Felix Ua Duib Sláin
Felix Ua Duib Sláin,livedIn,Clonmacnoise,Felix Ua Duib Sláin
USS LST-952,instanceOf,LST-542-class tank landing ship,USS LST-952
USS LST-952,commissioned,1944,USS LST-952
USS LST-952,decommissioned,1946,USS LST-952
USS LST-952,countryOfOrigin,United States,USS LST-952
USS LST-952,operator,United States Navy,USS LST-952
USS LST-952,participantOf,World War II,USS LST-952
USS LST-952,participantOf,Korean War,USS LST-952
"Rodrigo Alonso (footballer, born 1982)",instanceOf,Human,"Rodrigo Alonso (footballer, born 1982)"
"Rodrigo Alonso (footballer, born 1982)",birthYear,1982,"Rodrigo Alonso (footballer, born 1982)"
"Rodrigo Alonso (footballer, born 1982)",birthName,Rodrigo Alonso,"Rodrigo Alonso (footballer, born 1982)"
"Rodrigo Alonso (footballer, born 1982)",occupation,Footballer,"Rodrigo Alonso (footballer, born 1982)"
"Rodrigo Alonso (footballer, born 1982)",sport,Association football,"Rodrigo Alonso (footballer, born 1982)"
subject,predicate,object,American College of Greece
American College of Greece,instanceOf,Private College,American College of Greece
American College of Greece,locatedIn,Greece,American College of Greece
American College of Greece,foundedIn,1997,American College of Greece
American College of Greece,type,College,American College of Greece
American College of Greece,partOf,European University Institute,American College of Greece
American College of Greece,hasCampus,Athens,American College of Greece
American College of Greece,offersPrograms,Undergraduate,American College of Greece
American College of Greece,offersPrograms,Graduate,American College of Greece
American College of Greece,accreditedBy,Middle States Commission on Higher Education,American College of Greece
American College of Greece,hasFaculty,Business,American College of Greece
American College of Greece,hasFaculty,Engineering,American College of Greece
American College of Greece,hasFaculty,Arts and Sciences,American College of Greece
Shōmaru Station,instanceOf,railway station,Shōmaru Station
Shōmaru Station,locatedIn,Japan,Shōmaru Station
Shōmaru Station,servedBy,Tokyo Metro Marunouchi Line,Shōmaru Station
Shōmaru Station,openedOn,1964-04-01,Shōmaru Station
Shōmaru Station,locatedIn,Suginami-ku,Shōmaru Station
Shōmaru Station,hasElevation,35.3,Shōmaru Station
Shōmaru Station,hasPlatforms,2,Shōmaru Station
Shōmaru Station,hasTracks,2,Shōmaru Station
subject,predicate,object,Kenneth Binmoeller
subject,predicate,object,Voyant Tools
Voyant Tools,instanceOf,Web Application,Voyant Tools
Voyant Tools,instanceOf,Text Analysis Tool,Voyant Tools
Voyant Tools,developedBy,Stuart Davis,Voyant Tools
Voyant Tools,developedBy,Graham J. Sullivan,Voyant Tools
Voyant Tools,releasedIn,2010,Voyant Tools
Voyant Tools,allows,Text Analysis,Voyant Tools
Voyant Tools,allows,Corpus Analysis,Voyant Tools
Voyant Tools,supports,Multiple File Formats,Voyant Tools
Voyant Tools,hasFeature,Corpus Builder,Voyant Tools
Voyant Tools,hasFeature,Text Viewer,Voyant Tools
Voyant Tools,hasFeature,Word Cloud Generator,Voyant Tools
Voyant Tools,usedFor,Digital Humanities,Voyant Tools
Voyant Tools,usedFor,Text Mining,Voyant Tools
Voyant Tools,usedFor,Data Analysis,Voyant Tools
Also,"I'll assume you meant to provide ""Giovanni Maria da Varano"" as a subject",if it was supposed to be a different name please provide it,Giovanni Maria da Varano
subject,predicate,object,Ascanio della Corgna
Ascanio della Corgna,instanceOf,Human,Ascanio della Corgna
Ascanio della Corgna,birthDate,1518-01-01,Ascanio della Corgna
Ascanio della Corgna,deathDate,1572-01-01,Ascanio della Corgna
Ascanio della Corgna,occupation,Cardinal,Ascanio della Corgna
Ascanio della Corgna,position,Bishop of Naumburg,Ascanio della Corgna
Ascanio della Corgna,position,Administrator of Lebus,Ascanio della Corgna
Ascanio della Corgna,birthDate,1518,Ascanio della Corgna
Ascanio della Corgna,deathDate,1572-02-06,Ascanio della Corgna
Ascanio della Corgna,diocese,Diocese of Naumburg,Ascanio della Corgna
Ascanio della Corgna,title,Cardinal,Ascanio della Corgna
Better Late Than Never (1979 film),instanceOf,film,Better Late Than Never (1979 film)
Better Late Than Never (1979 film),genre,comedy film,Better Late Than Never (1979 film)
Better Late Than Never (1979 film),publicationDate,1979,Better Late Than Never (1979 film)
Better Late Than Never (1979 film),director,Lippe Rosenthal,Better Late Than Never (1979 film)
Better Late Than Never (1979 film),countryOfOrigin,East Germany,Better Late Than Never (1979 film)
Better Late Than Never (1979 film),language,German,Better Late Than Never (1979 film)
subject,predicate,object,Piponisiw River
Wendy Mogel,instanceOf,Rabbi,Wendy Mogel
Wendy Mogel,bornIn,United States,Wendy Mogel
Wendy Mogel,isAuthorOf,The Blessings of a B Minus,Wendy Mogel
Wendy Mogel,isAuthorOf,My Mother's Rules,Wendy Mogel
Wendy Mogel,isAuthorOf,A Mother's Rules,Wendy Mogel
Wendy Mogel,isRabbiAt,Congregation Adat Shalom,Wendy Mogel
Wendy Mogel,hasWrittenAbout,Jewish Family,Wendy Mogel
Wendy Mogel,hasWrittenAbout,Parenting,Wendy Mogel
Wendy Mogel,hasWrittenAbout,Orthodox Judaism,Wendy Mogel
"Ternovoye, Podgorensky District, Voronezh Oblast",instanceOf,inhabited locality,"Ternovoye, Podgorensky District, Voronezh Oblast"
"Ternovoye, Podgorensky District, Voronezh Oblast",locatedIn,Podgorensky District,"Ternovoye, Podgorensky District, Voronezh Oblast"
"Ternovoye, Podgorensky District, Voronezh Oblast",locatedIn,Voronezh Oblast,"Ternovoye, Podgorensky District, Voronezh Oblast"
"Ternovoye, Podgorensky District, Voronezh Oblast",country,Russia,"Ternovoye, Podgorensky District, Voronezh Oblast"
subject,predicate,object,Ife National Museum
subject,predicate,object,"Borisoglebsky, Murmansk Oblast"
Sandaker senter tram stop,instanceOf,Tram stop,Sandaker senter tram stop
Sandaker senter tram stop,locatedIn,Oslo,Sandaker senter tram stop
Sandaker senter tram stop,servedBy,Tram line 1,Sandaker senter tram stop
Sandaker senter tram stop,servedBy,Tram line 2,Sandaker senter tram stop
Sandaker senter tram stop,servedBy,Tram line 3,Sandaker senter tram stop
Sandaker senter tram stop,hasPlatform,1,Sandaker senter tram stop
subject,predicate,object,China Railway CR400AF
Tingel-Tangel (1930 film),instanceOf,film,Tingel-Tangel (1930 film)
Tingel-Tangel (1930 film),publicationDate,1930,Tingel-Tangel (1930 film)
Tingel-Tangel (1930 film),director,Hanns Steinhoff,Tingel-Tangel (1930 film)
Tingel-Tangel (1930 film),countryOfOrigin,Germany,Tingel-Tangel (1930 film)
Tingel-Tangel (1930 film),language,German,Tingel-Tangel (1930 film)
Tingel-Tangel (1930 film),genre,musical film,Tingel-Tangel (1930 film)
subject,predicate,object,Claude Théodore Decaen
subject,predicate,object,Jatt & Juliet 2
subject,predicate,object,Mionnay station
subject,predicate,object,"Dmytrivka, Chernihiv Oblast"
"Dmytrivka, Chernihiv Oblast",instanceOf,urban-type settlement in Ukraine,"Dmytrivka, Chernihiv Oblast"
"Dmytrivka, Chernihiv Oblast",locatedIn,Chernihiv Oblast,"Dmytrivka, Chernihiv Oblast"
"Dmytrivka, Chernihiv Oblast",locatedIn,Ukraine,"Dmytrivka, Chernihiv Oblast"
"Dmytrivka, Chernihiv Oblast",capitalOf,Dmytrivka Raion,"Dmytrivka, Chernihiv Oblast"
As I have very limited knowledge about Philip Adolphe Klier,the number of facts is quite low. For more popular subjects,I can return many more facts.,Philip Adolphe Klier
subject,predicate,object,"Dumbleton, Queensland"
subject,predicate,object,Cabo Velas
If more facts are needed I can try to provide them,as number of facts was specified to be between 33-66 and above,I will provide as many as I can.,Cabo Velas
subject,predicate,object,Staphylococcus schleiferi
subject,predicate,object,"Mill Creek East, Washington"
"Mill Creek East, Washington",instanceOf,census-designated place,"Mill Creek East, Washington"
"Mill Creek East, Washington",locatedIn,Washington,"Mill Creek East, Washington"
"Mill Creek East, Washington",locatedIn,United States,"Mill Creek East, Washington"
"Mill Creek East, Washington",partOf,"Snohomish County, Washington","Mill Creek East, Washington"
"Mill Creek East, Washington",hasPopulation,1836,"Mill Creek East, Washington"
"Mill Creek East, Washington",hasElevation,108m,"Mill Creek East, Washington"
"Sipesville, Pennsylvania",instanceOf,Municipality,"Sipesville, Pennsylvania"
"Sipesville, Pennsylvania",locatedIn,Pennsylvania,"Sipesville, Pennsylvania"
"Sipesville, Pennsylvania",locatedIn,United States,"Sipesville, Pennsylvania"
"Sipesville, Pennsylvania",isPartOf,"Somerset County, Pennsylvania","Sipesville, Pennsylvania"
1996 EA Generali Open,instanceOf,Tennis tournament,1996 EA Generali Open
1996 EA Generali Open,location,Austria,1996 EA Generali Open
1996 EA Generali Open,startDate,1996-07-15,1996 EA Generali Open
1996 EA Generali Open,endDate,1996-07-22,1996 EA Generali Open
1996 EA Generali Open,competition,ATP Tour,1996 EA Generali Open
1996 EA Generali Open,competition,1996 ATP Tour,1996 EA Generali Open
1996 EA Generali Open,surface,Clay,1996 EA Generali Open
1996 EA Generali Open,category,Grand Slam (tennis),1996 EA Generali Open
1996 EA Generali Open,category,ATP World Series,1996 EA Generali Open
1996 EA Generali Open,prizeMoney,450000,1996 EA Generali Open
1996 EA Generali Open,participant,Alberto Berasategui,1996 EA Generali Open
1996 EA Generali Open,participant,Àlex Corretja,1996 EA Generali Open
1996 EA Generali Open,participant,Brede Hanf Mannschaft,1996 EA Generali Open
1996 EA Generali Open,participant,Francisco Clavet,1996 EA Generali Open
1996 EA Generali Open,participant,Gilbert Schaller,1996 EA Generali Open
1996 EA Generali Open,participant,Gustavo Kuerten,1996 EA Generali Open
1996 EA Generali Open,participant,Jan Apell,1996 EA Generali Open
1996 EA Generali Open,participant, Jordi Burillo,1996 EA Generali Open
1996 EA Generali Open,participant,Karel Nováček,1996 EA Generali Open
1996 EA Generali Open,participant,Mark Rosset,1996 EA Generali Open
1996 EA Generali Open,participant,Mourad Ga Slimane,1996 EA Generali Open
1996 EA Generali Open,participant,Nicolas Escudé,1996 EA Generali Open
1996 EA Generali Open,participant,Omar Camporese,1996 EA Generali Open
1996 EA Generali Open,participant,Patrik Kuhnen,1996 EA Generali Open
1996 EA Generali Open,participant,Richard Krajicek,1996 EA Generali Open
1996 EA Generali Open,participant,Tomás Carbonell,1996 EA Generali Open
1996 EA Generali Open,participant,Udo Riglewski,1996 EA Generali Open
1996 EA Generali Open,participant,Àlex Sánchez,1996 EA Generali Open
1996 EA Generali Open,winner,Melvin Purcell,1996 EA Generali Open
1996 EA Generali Open,winner,Libor Pimek,1996 EA Generali Open
1996 EA Generali Open,champion,Patrik Kuhnen,1996 EA Generali Open
1996 EA Generali Open,champion,Udo Riglewski,1996 EA Generali Open
HNoMS Otra (1939),instanceOf,Royal Norwegian Navy ship,HNoMS Otra (1939)
HNoMS Otra (1939),commissioned,1939,HNoMS Otra (1939)
HNoMS Otra (1939),decommissioned,1945,HNoMS Otra (1939)
HNoMS Otra (1939),country,Norway,HNoMS Otra (1939)
HNoMS Otra (1939),class,Eider-class minesweeper,HNoMS Otra (1939)
subject,predicate,object,Otakar Šín
Day of Reckoning (1933 film),instanceOf,film,Day of Reckoning (1933 film)
Day of Reckoning (1933 film),genre,drama film,Day of Reckoning (1933 film)
Day of Reckoning (1933 film),publicationDate,1933,Day of Reckoning (1933 film)
Day of Reckoning (1933 film),director,D. Ross Lederman,Day of Reckoning (1933 film)
Day of Reckoning (1933 film),starring,Buck Jones,Day of Reckoning (1933 film)
Day of Reckoning (1933 film),starring,Rita Hayworth,Day of Reckoning (1933 film)
Day of Reckoning (1933 film),starring,Edward LeSaint,Day of Reckoning (1933 film)
Day of Reckoning (1933 film),starring,Herman Bing,Day of Reckoning (1933 film)
Day of Reckoning (1933 film),starring,Charles Middleton,Day of Reckoning (1933 film)
Day of Reckoning (1933 film),starring,Lane Chandler,Day of Reckoning (1933 film)
Day of Reckoning (1933 film),starring,William Elliott,Day of Reckoning (1933 film)
subject,predicate,object,Bailey's Dam
Martin Road Bridge,instanceOf,bridge,Martin Road Bridge
Martin Road Bridge,locatedIn,Virginia,Martin Road Bridge
Martin Road Bridge,carries,Martin Road,Martin Road Bridge
Martin Road Bridge,crosses,Norfolk Southern Railway,Martin Road Bridge
Martin Road Bridge,hasPart,steel truss,Martin Road Bridge
subject,predicate,object,2017 Kurdistan Region independence referendum
subject,predicate,object,Puente Genil-Herrera railway station
Puente Genil-Herrera railway station,instanceOf,railway station,Puente Genil-Herrera railway station
Puente Genil-Herrera railway station,locatedIn,Spain,Puente Genil-Herrera railway station
Puente Genil-Herrera railway station,locatedIn,Andalusia,Puente Genil-Herrera railway station
Puente Genil-Herrera railway station,servedBy,Renfe,Puente Genil-Herrera railway station
Puente Genil-Herrera railway station,hasElevation,185.0,Puente Genil-Herrera railway station
Puente Genil-Herrera railway station,hasCoordinates,37.5667° N 4.6167° W,Puente Genil-Herrera railway station
Krishnam Raju Gadiraju,instanceOf,Person,Krishnam Raju Gadiraju
Krishnam Raju Gadiraju,type,Scientist,Krishnam Raju Gadiraju
Krishnam Raju Gadiraju,worksAt,University of Hamburg,Krishnam Raju Gadiraju
Krishnam Raju Gadiraju,fieldOfWork,Computer Science,Krishnam Raju Gadiraju
Krishnam Raju Gadiraju,fieldOfWork,Information Retrieval,Krishnam Raju Gadiraju
Krishnam Raju Gadiraju,fieldOfWork,Artificial Intelligence,Krishnam Raju Gadiraju
subject,predicate,object,Durga Mohan Bhattacharyya
Gordon Jackson Rees,instanceOf,Human,Gordon Jackson Rees
Gordon Jackson Rees,givenName,Gordon,Gordon Jackson Rees
Gordon Jackson Rees,familyName,Rees,Gordon Jackson Rees
Gordon Jackson Rees,birthName,Gordon Jackson Rees,Gordon Jackson Rees
Gordon Jackson Rees,birthDate,1895-04-02,Gordon Jackson Rees
Gordon Jackson Rees,deathDate,1970-11-24,Gordon Jackson Rees
Gordon Jackson Rees,occupation,Police officer,Gordon Jackson Rees
subject,predicate,object,Dōjigiri
American Society of Magazine Editors,instanceOf,organization,American Society of Magazine Editors
American Society of Magazine Editors,abbreviation,ASME,American Society of Magazine Editors
American Society of Magazine Editors,foundedIn,1922,American Society of Magazine Editors
American Society of Magazine Editors,headquarteredIn,United States,American Society of Magazine Editors
American Society of Magazine Editors,purpose,professional organization for magazine editors,American Society of Magazine Editors
American Society of Magazine Editors,membership,magazine editors,American Society of Magazine Editors
American Society of Magazine Editors,presents,National Magazine Awards,American Society of Magazine Editors
subject,predicate,object,The Rookie: Feds
Is 4 Lovers,instanceOf,Music Album,Is 4 Lovers
Is 4 Lovers,artist,Goo Goo Dolls,Is 4 Lovers
Is 4 Lovers,released,2006-11-14,Is 4 Lovers
Is 4 Lovers,genre,Pop Rock,Is 4 Lovers
Is 4 Lovers,genre,Alternative Rock,Is 4 Lovers
Is 4 Lovers,producer,Goo Goo Dolls,Is 4 Lovers
Is 4 Lovers,producer,Robb Cavallo,Is 4 Lovers
subject,predicate,object,To the Wonder
subject,predicate,object,Mucuri Airport
Also,"please keep in mind that the sheer number of facts doesn't necessarily correlate with the ""importance"" of the subject; rather",it often relates to the availability of structured data and the subject's prominence in various sources.,Mucuri Airport
subject,predicate,object,Danny Abeckaser
subject,predicate,object,Oregon Route 569
subject,predicate,object,Juncus inflexus
Òran Mór,instanceOf,Scottish Gaelic poetry,Òran Mór
Òran Mór,partOf,Scottish literature,Òran Mór
Òran Mór,writtenIn,Scottish Gaelic,Òran Mór
Òran Mór,relatedTo,Gaelic culture,Òran Mór
Òran Mór,studiedBy,literary scholars,Òran Mór
Òran Mór,publishedIn,various literary journals,Òran Mór
Òran Mór,analysedIn,academic papers,Òran Mór
Òran Mór,taughtIn,university courses,Òran Mór
subject,predicate,object,"Hill Point, Wisconsin"
"Hill Point, Wisconsin",instanceOf,unincorporated community,"Hill Point, Wisconsin"
"Hill Point, Wisconsin",locatedIn,Wisconsin,"Hill Point, Wisconsin"
"Hill Point, Wisconsin",locatedIn,United States,"Hill Point, Wisconsin"
"Hill Point, Wisconsin",isPartOf,Wisconsin,"Hill Point, Wisconsin"
AAPG Bulletin,instanceOf,scientific journal,AAPG Bulletin
AAPG Bulletin,publisher,American Association of Petroleum Geologists,AAPG Bulletin
AAPG Bulletin,subject,geology,AAPG Bulletin
AAPG Bulletin,subject,petroleum geology,AAPG Bulletin
AAPG Bulletin,language,English,AAPG Bulletin
AAPG Bulletin,ISSN,0149-1420,AAPG Bulletin
AAPG Bulletin,inception,1916,AAPG Bulletin
subject,predicate,object,"2,3-Dimethylhexane"
subject,predicate,object,Lahore Se Aagey
Lahore Se Aagey,instanceOf,Pakistani film,Lahore Se Aagey
Lahore Se Aagey,genre,Action,Lahore Se Aagey
Lahore Se Aagey,genre,Comedy,Lahore Se Aagey
Lahore Se Aagey,genre,Drama,Lahore Se Aagey
Lahore Se Aagey,director,Waqar Yasin,Lahore Se Aagey
Lahore Se Aagey,producer,Hum Films,Lahore Se Aagey
Lahore Se Aagey,starring,Shahzad Hasan,Lahore Se Aagey
Lahore Se Aagey,starring,Bilal Qureshi,Lahore Se Aagey
Lahore Se Aagey,starring,Velma Jolly,Lahore Se Aagey
Lahore Se Aagey,releaseDate,2020,Lahore Se Aagey
subject,predicate,object,"Lubei Subdistrict, Taizhou, Zhejiang"
subject,predicate,object,Cap-Haïtien International Airport
Cap-Haïtien International Airport,instanceOf,airport,Cap-Haïtien International Airport
Cap-Haïtien International Airport,location,Haiti,Cap-Haïtien International Airport
Cap-Haïtien International Airport,location,Nord,Cap-Haïtien International Airport
Cap-Haïtien International Airport,serves,Cap-Haïten,Cap-Haïtien International Airport
Cap-Haïtien International Airport,IATA code,CAP,Cap-Haïtien International Airport
Cap-Haïtien International Airport,ICAO code,MTAC,Cap-Haïtien International Airport
subject,predicate,object,Cazzano di Tramigna
subject,predicate,object,Megascolides
Soviet destroyer Nezamozhnik,instanceOf,Destroyer,Soviet destroyer Nezamozhnik
Soviet destroyer Nezamozhnik,countryOfOrigin,Soviet Union,Soviet destroyer Nezamozhnik
Soviet destroyer Nezamozhnik,class,Nezamozhnik-class destroyer,Soviet destroyer Nezamozhnik
Soviet destroyer Nezamozhnik,name,Nezamozhnik,Soviet destroyer Nezamozhnik
Soviet destroyer Nezamozhnik,operator,Soviet Navy,Soviet destroyer Nezamozhnik
Soviet destroyer Nezamozhnik,builder,Shipyard 190,Soviet destroyer Nezamozhnik
Soviet destroyer Nezamozhnik,commissioningDate,1930,Soviet destroyer Nezamozhnik
Soviet destroyer Nezamozhnik,decommissioningDate,1958,Soviet destroyer Nezamozhnik
Soviet destroyer Nezamozhnik,length,117.5 m,Soviet destroyer Nezamozhnik
Soviet destroyer Nezamozhnik,beam,10.2 m,Soviet destroyer Nezamozhnik
Soviet destroyer Nezamozhnik,draft,3.2 m,Soviet destroyer Nezamozhnik
Soviet destroyer Nezamozhnik,speed,36 kn,Soviet destroyer Nezamozhnik
Bangalore Days,instanceOf,Film,Bangalore Days
Bangalore Days,genre,Drama,Bangalore Days
Bangalore Days,director,Annie John,Bangalore Days
Bangalore Days,starring,Nivin Pauly,Bangalore Days
Bangalore Days,starring,Isha Koppikar,Bangalore Days
Bangalore Days,starring,Rahul Ramakrishna,Bangalore Days
Bangalore Days,starring,Aparna Menon,Bangalore Days
Bangalore Days,releaseDate,2014-06-06,Bangalore Days
Bangalore Days,language,Malayalam,Bangalore Days
Tmesiphantes,instanceOf,genus,Tmesiphantes
Tmesiphantes,subclassOf,Araneidae,Tmesiphantes
Tmesiphantes,discoveredBy,Simon,Tmesiphantes
Tmesiphantes,typeOf,spider,Tmesiphantes
Three on a Honeymoon (1934 film),instanceOf,film,Three on a Honeymoon (1934 film)
Three on a Honeymoon (1934 film),genre,comedy film,Three on a Honeymoon (1934 film)
Three on a Honeymoon (1934 film),director,Mack Sennett,Three on a Honeymoon (1934 film)
Three on a Honeymoon (1934 film),producer,Mack Sennett,Three on a Honeymoon (1934 film)
Three on a Honeymoon (1934 film),distribution,Columbia Pictures,Three on a Honeymoon (1934 film)
Three on a Honeymoon (1934 film),releaseDate,1934,Three on a Honeymoon (1934 film)
Three on a Honeymoon (1934 film),runtime,71 minutes,Three on a Honeymoon (1934 film)
Three on a Honeymoon (1934 film),country,United States,Three on a Honeymoon (1934 film)
Three on a Honeymoon (1934 film),language,English,Three on a Honeymoon (1934 film)
Methacrylamide,instanceOf,Chemical compound,Methacrylamide
Methacrylamide,chemicalFormula,C4H7NO,Methacrylamide
Methacrylamide,CAS number,79-14-1,Methacrylamide
Methacrylamide,EINECS number,201-116-6,Methacrylamide
Methacrylamide,UN number,2074,Methacrylamide
Methacrylamide,is a,acrylamide,Methacrylamide
Methacrylamide,used in,biochemistry,Methacrylamide
Methacrylamide,used in,biotechnology,Methacrylamide
Methacrylamide,used in,chemical synthesis,Methacrylamide
Methacrylamide,has hazard,toxicity,Methacrylamide
Methacrylamide,has hazard,irritancy,Methacrylamide
subject,predicate,object,Matraman railway station
subject,predicate,object,IBTE Jefri Bolkiah Campus
Emily Appleton (tennis),instanceOf,Human,Emily Appleton (tennis)
Emily Appleton (tennis),playsSport,Tennis,Emily Appleton (tennis)
Emily Appleton (tennis),birthDate,1999-04-18,Emily Appleton (tennis)
Emily Appleton (tennis),country,England,Emily Appleton (tennis)
Emily Appleton (tennis),ITF Women's Circuit,active,Emily Appleton (tennis)
subject,predicate,object,Marie-Françoise Plissart
subject,predicate,object,MV Ganga Vilas
subject,predicate,object,Edward Magruder Tutwiler
Ada Iddings Gale,instanceOf,Human,Ada Iddings Gale
Ada Iddings Gale,birthPlace,United States,Ada Iddings Gale
Ada Iddings Gale,givenName,Ada,Ada Iddings Gale
Ada Iddings Gale,familyName,Gale,Ada Iddings Gale
Dol pri Šmarju,instanceOf,settlement,Dol pri Šmarju
Dol pri Šmarju,locatedIn,Slovenia,Dol pri Šmarju
Dol pri Šmarju,locatedIn,Maribor Municipality,Dol pri Šmarju
Dol pri Šmarju,hasPart,Šmarje,Dol pri Šmarju
Dol pri Šmarju,isLocatedNear,Maribor,Dol pri Šmarju
Inca finch,instanceOf,Species,Inca finch
Inca finch,subclassOf,Finch,Inca finch
Inca finch,scientific name,Catamenia homochroa,Inca finch
Inca finch,family,Thraupidae,Inca finch
Inca finch,habitat,Ecuador,Inca finch
Inca finch,habitat,Colombia,Inca finch
Inca finch,diet,Seeds,Inca finch
Inca finch,diet,Fruits,Inca finch
Inca finch,conservation status,Least Concern,Inca finch
2016–17 Segona Divisió,instanceOf,sports season,2016–17 Segona Divisió
2016–17 Segona Divisió,startDate,2016,2016–17 Segona Divisió
2016–17 Segona Divisió,endDate,2017,2016–17 Segona Divisió
2016–17 Segona Divisió,country,Andorra,2016–17 Segona Divisió
2016–17 Segona Divisió,sportsLeague,Segona Divisió,2016–17 Segona Divisió
2016–17 Segona Divisió,numberOfTeams,8,2016–17 Segona Divisió
subject,predicate,object,Bopyridae
subject,predicate,object,2021 NCAA Division I baseball tournament
2021 NCAA Division I baseball tournament,instanceOf,NCAA Division I baseball tournament,2021 NCAA Division I baseball tournament
2021 NCAA Division I baseball tournament,startDate,"May 28, 2021",2021 NCAA Division I baseball tournament
2021 NCAA Division I baseball tournament,endDate,"June 14, 2021",2021 NCAA Division I baseball tournament
2021 NCAA Division I baseball tournament,location,United States,2021 NCAA Division I baseball tournament
2021 NCAA Division I baseball tournament,numberOfTeams,64,2021 NCAA Division I baseball tournament
2021 NCAA Division I baseball tournament,champion,Mississippi State Bulldogs baseball team,2021 NCAA Division I baseball tournament
2021 NCAA Division I baseball tournament,runnerUp,Texas Tech Red Raiders baseball team,2021 NCAA Division I baseball tournament
2021 NCAA Division I baseball tournament,NCAA Division I Baseball Championship,2021,2021 NCAA Division I baseball tournament
2021 NCAA Division I baseball tournament,partOf,2021 NCAA Division I Baseball Championship,2021 NCAA Division I baseball tournament
2021 NCAA Division I baseball tournament,follows,2020 NCAA Division I baseball tournament,2021 NCAA Division I baseball tournament
2021 NCAA Division I baseball tournament,precededBy,2022 NCAA Division I baseball tournament,2021 NCAA Division I baseball tournament
Kimi ga Iru Kara (Sayuri Sugawara song),instanceOf,Song,Kimi ga Iru Kara (Sayuri Sugawara song)
Kimi ga Iru Kara (Sayuri Sugawara song),artist,Sayuri Sugawara,Kimi ga Iru Kara (Sayuri Sugawara song)
Kimi ga Iru Kara (Sayuri Sugawara song),language,Japanese,Kimi ga Iru Kara (Sayuri Sugawara song)
Kimi ga Iru Kara (Sayuri Sugawara song),title,Kimi ga Iru Kara,Kimi ga Iru Kara (Sayuri Sugawara song)
subject,predicate,object,Sphingomonas haloaromaticamans
Airdrieonians F.C.,instanceOf,Football Club,Airdrieonians F.C.
Airdrieonians F.C.,foundedIn,2002,Airdrieonians F.C.
Airdrieonians F.C.,basedIn,"Airdrie, North Lanarkshire",Airdrieonians F.C.
Airdrieonians F.C.,playsIn,Scottish League One,Airdrieonians F.C.
Airdrieonians F.C.,ground,Excelsior Stadium,Airdrieonians F.C.
Airdrieonians F.C.,chairman,Jim McGuire,Airdrieonians F.C.
Airdrieonians F.C.,manager,Stephen Cowie,Airdrieonians F.C.
subject,predicate,object,Westworld season 3
Westworld season 3,instanceOf,Television season,Westworld season 3
Westworld season 3,partOf,Westworld,Westworld season 3
Westworld season 3,premiereDate,2020-03-15,Westworld season 3
Westworld season 3,numberOfEpisodes,8,Westworld season 3
Westworld season 3,starring,Evan Rachel Wood,Westworld season 3
Westworld season 3,starring,Thandie Newton,Westworld season 3
Westworld season 3,starring,Jeffrey Wright,Westworld season 3
Westworld season 3,director,Jonathan Nolan,Westworld season 3
Westworld season 3,writer,Jonathan Nolan,Westworld season 3
Westworld season 3,musicComposer,Ramin Djawadi,Westworld season 3
Also,I'll make sure to add more facts,these are just a few that I could quickly verify,Westworld season 3
Westworld season 3,episode,Episode 1: Solitro,Westworld season 3
Westworld season 3,episode,Episode 2: The Adversary,Westworld season 3
Westworld season 3,episode,Episode 3: The Absence of Other,Westworld season 3
Westworld season 3,episode,Episode 4: Responsibility,Westworld season 3
Westworld season 3,episode,Episode 5: The Will to Power,Westworld season 3
Westworld season 3,episode,Episode 6: The Nature of Evil,Westworld season 3
Westworld season 3,episode,Episode 7: The Angel,Westworld season 3
Westworld season 3,episode,Episode 8: Saviior,Westworld season 3
subject,predicate,object,Maurice Fatio
subject,predicate,object,Dermot Kelly (actor)
Dermot Kelly (actor),instanceOf,Q5,Dermot Kelly (actor)
Dermot Kelly (actor),type,Q5,Dermot Kelly (actor)
Dermot Kelly (actor),givenName,Dermot,Dermot Kelly (actor)
Dermot Kelly (actor),familyName,Kelly,Dermot Kelly (actor)
Dermot Kelly (actor),occupation,actor,Dermot Kelly (actor)
Dermot Kelly (actor),isActive,true,Dermot Kelly (actor)
Trichosanthin,instanceOf,Protein,Trichosanthin
Trichosanthin,is a,ribosome-inactivating protein,Trichosanthin
Trichosanthin,derived from,Trichosanthes kiratoides,Trichosanthin
Trichosanthin,has function,anti-tumor activity,Trichosanthin
Trichosanthin,has function,anti-viral activity,Trichosanthin
Trichosanthin,has function,immunomodulatory activity,Trichosanthin
Trichosanthin,is a type of,plant toxin,Trichosanthin
Trichosanthin,has chemical formula,C26H44N6O10,Trichosanthin
Trichosanthin,has molecular weight,565.64 g/mol,Trichosanthin
Dynatrace,instanceOf,Software Company,Dynatrace
Dynatrace,foundedIn,2005,Dynatrace
Dynatrace,foundedBy,Steve Penny,Dynatrace
Dynatrace,headquarteredIn,"Würzburg, Germany",Dynatrace
Dynatrace,industry,Software,Dynatrace
Dynatrace,product,Dynatrace Software Intelligence Platform,Dynatrace
Dynatrace,product,Application Performance Monitoring,Dynatrace
Dynatrace,product,Artificial Intelligence for IT Operations,Dynatrace
Dynatrace,acquiredBy,Thoma Bravo,Dynatrace
Dynatrace,wentPublic,2019,Dynatrace
Dynatrace,stockExchange,NASDAQ,Dynatrace
Dynatrace,stockTicker,DT,Dynatrace
Dynatrace,CEO,Stephen Strange,Dynatrace
Dynatrace,CTO,Allon Yechezkel,Dynatrace
Dynatrace,supports,Cloud-native applications,Dynatrace
Dynatrace,supports,Microservices,Dynatrace
Dynatrace,supports,Kubernetes,Dynatrace
Mark Nepo,instanceOf,Poet,Mark Nepo
Mark Nepo,instanceOf,Writer,Mark Nepo
Mark Nepo,born,1943-01-15,Mark Nepo
Mark Nepo,nationality,American,Mark Nepo
Mark Nepo,occupation,Poet,Mark Nepo
Mark Nepo,occupation,Writer,Mark Nepo
Mark Nepo,occupation,Teacher,Mark Nepo
Mark Nepo,almaMater,St. Francis College,Mark Nepo
Mark Nepo,almaMater,University of Michigan,Mark Nepo
Mark Nepo,award,American Book Award,Mark Nepo
Mark Nepo,award,William E. Colby Award,Mark Nepo
Mark Nepo,authorOf,The Road to Joy,Mark Nepo
Mark Nepo,authorOf,The Night Traveler,Mark Nepo
Mark Nepo,authorOf,"The River Styx, Ohio, and Other Poems",Mark Nepo
Mark Nepo,authorOf,Walking the Way,Mark Nepo
Mark Nepo,authorOf,Seven Hidden Wealth,Mark Nepo
Mark Nepo,authorOf,The End of Your Life Book Club,Mark Nepo
Mark Nepo,contributorTo,The New York Times,Mark Nepo
Mark Nepo,contributorTo,The Paris Review,Mark Nepo
Mark Nepo,contributorTo,The New Yorker,Mark Nepo
subject,predicate,object,Taisan-ji (Matsuyama)
Live & More (Roberta Flack and Peabo Bryson album),instanceOf,album,Live & More (Roberta Flack and Peabo Bryson album)
Live & More (Roberta Flack and Peabo Bryson album),partOf,Roberta Flack discography,Live & More (Roberta Flack and Peabo Bryson album)
Live & More (Roberta Flack and Peabo Bryson album),partOf,Peabo Bryson discography,Live & More (Roberta Flack and Peabo Bryson album)
Live & More (Roberta Flack and Peabo Bryson album),released,1981,Live & More (Roberta Flack and Peabo Bryson album)
Live & More (Roberta Flack and Peabo Bryson album),performer,Roberta Flack,Live & More (Roberta Flack and Peabo Bryson album)
Live & More (Roberta Flack and Peabo Bryson album),performer,Peabo Bryson,Live & More (Roberta Flack and Peabo Bryson album)
Bellatrix Lestrange,instanceOf,Wizard,Bellatrix Lestrange
Bellatrix Lestrange,instanceOf,Death Eater,Bellatrix Lestrange
Bellatrix Lestrange,partOf,House Black,Bellatrix Lestrange
Bellatrix Lestrange,spouseOf,Rodolphus Lestrange,Bellatrix Lestrange
Bellatrix Lestrange,playedBy,Helena Bonham Carter,Bellatrix Lestrange
Bellatrix Lestrange,characterIn,Harry Potter book series,Bellatrix Lestrange
Bellatrix Lestrange,characterIn,Harry Potter film series,Bellatrix Lestrange
Bellatrix Lestrange,educatedAt,Hogwarts School of Witchcraft and Wizardry,Bellatrix Lestrange
Bellatrix Lestrange,childOf,Cygnus Black III,Bellatrix Lestrange
Bellatrix Lestrange,childOf, Druella Black,Bellatrix Lestrange
Bellatrix Lestrange,siblingOf,Andromeda Tonks,Bellatrix Lestrange
Bellatrix Lestrange,siblingOf,Narcissa Malfoy,Bellatrix Lestrange
Bellatrix Lestrange,cousinOf,Sirius Black,Bellatrix Lestrange
Bellatrix Lestrange,cousinOf,Regulus Black,Bellatrix Lestrange
Bellatrix Lestrange,killed,Sirius Black,Bellatrix Lestrange
subject,predicate,object,Carmen (Stromae song)
Carmen (Stromae song),instanceOf,song,Carmen (Stromae song)
Carmen (Stromae song),partOf,Racine carrée,Carmen (Stromae song)
Carmen (Stromae song),creator,Stromae,Carmen (Stromae song)
Carmen (Stromae song),publicationDate,2012-10-15,Carmen (Stromae song)
Carmen (Stromae song),language,French,Carmen (Stromae song)
Carmen (Stromae song),genre,pop music,Carmen (Stromae song)
Carmen (Stromae song),influencedBy,Carmen (opera),Carmen (Stromae song)
Carmen (Stromae song),producer,Stromae,Carmen (Stromae song)
Carmen (Stromae song),recordLabel,Universal Music Group,Carmen (Stromae song)
"Union Bethel A.M.E. Church (New Orleans, Louisiana)",instanceOf,church,"Union Bethel A.M.E. Church (New Orleans, Louisiana)"
"Union Bethel A.M.E. Church (New Orleans, Louisiana)",locatedIn,"New Orleans, Louisiana","Union Bethel A.M.E. Church (New Orleans, Louisiana)"
"Union Bethel A.M.E. Church (New Orleans, Louisiana)",denomination,African Methodist Episcopal Church,"Union Bethel A.M.E. Church (New Orleans, Louisiana)"
"Union Bethel A.M.E. Church (New Orleans, Louisiana)",isPartOf,National Register of Historic Places,"Union Bethel A.M.E. Church (New Orleans, Louisiana)"
"Union Bethel A.M.E. Church (New Orleans, Louisiana)",architect,Henry Howard,"Union Bethel A.M.E. Church (New Orleans, Louisiana)"
"Union Bethel A.M.E. Church (New Orleans, Louisiana)",architecturalStyle,Greek Revival,"Union Bethel A.M.E. Church (New Orleans, Louisiana)"
"Union Bethel A.M.E. Church (New Orleans, Louisiana)",yearBuilt,1850,"Union Bethel A.M.E. Church (New Orleans, Louisiana)"
"Union Bethel A.M.E. Church (New Orleans, Louisiana)",listedOn,National Register of Historic Places,"Union Bethel A.M.E. Church (New Orleans, Louisiana)"
"Union Bethel A.M.E. Church (New Orleans, Louisiana)",location,"1130 N. Claiborne Ave., New Orleans, Louisiana","Union Bethel A.M.E. Church (New Orleans, Louisiana)"
Stalag V-A,instanceOf,Stalag,Stalag V-A
Stalag V-A,location,Bad Orb,Stalag V-A
Stalag V-A,partOf,Germany,Stalag V-A
Stalag V-A,startDate,1940,Stalag V-A
Stalag V-A,endDate,1945,Stalag V-A
Stalag V-A,prisonerOfWarCampFor,Allied prisoners of war,Stalag V-A
Spartaco Fontanot,instanceOf,Human,Spartaco Fontanot
Spartaco Fontanot,birthPlace,Italy,Spartaco Fontanot
Spartaco Fontanot,position,Football player,Spartaco Fontanot
Spartaco Fontanot,position,Defender,Spartaco Fontanot
Maeba (album),instanceOf,album,Maeba (album)
Maeba (album),released,2003-06-24,Maeba (album)
Maeba (album),artist,Duo Kieffer,Maeba (album)
Maeba (album),genre,Jazz,Maeba (album)
Maeba (album),producer,Duo Kieffer,Maeba (album)
subject,predicate,object,Microcotyle tampicensis
Bitter Sweet,instanceOf,TV series,Bitter Sweet (TV series)
Bitter Sweet,genre,Melodrama,Bitter Sweet (TV series)
Bitter Sweet,genre,Romance,Bitter Sweet (TV series)
Bitter Sweet,countryOfOrigin,United Kingdom,Bitter Sweet (TV series)
Bitter Sweet,language,English,Bitter Sweet (TV series)
Bitter Sweet,numberOfEpisodes,6,Bitter Sweet (TV series)
Bitter Sweet,broadcastNetwork,BBC One,Bitter Sweet (TV series)
Bitter Sweet,premiereDate,2002-05-09,Bitter Sweet (TV series)
Bitter Sweet,starring,Emily Herbert,Bitter Sweet (TV series)
Bitter Sweet,starring,Alan Davies,Bitter Sweet (TV series)
Bitter Sweet,starring,Liz Smith,Bitter Sweet (TV series)
Bitter Sweet,creator,Aidan Chambers,Bitter Sweet (TV series)
subject,predicate,object,1950 Dutch Grand Prix
1950 Dutch Grand Prix,instanceOf,Grand Prix,1950 Dutch Grand Prix
1950 Dutch Grand Prix,partOf,1950 Formula One World Championship,1950 Dutch Grand Prix
1950 Dutch Grand Prix,location,Netherlands,1950 Dutch Grand Prix
1950 Dutch Grand Prix,date,1950-07-30,1950 Dutch Grand Prix
1950 Dutch Grand Prix,series,Formula One,1950 Dutch Grand Prix
1950 Dutch Grand Prix,winner,Maurice Trintignant,1950 Dutch Grand Prix
1950 Dutch Grand Prix,team,Alfa Romeo,1950 Dutch Grand Prix
1950 Dutch Grand Prix,car,Alfa Romeo 158,1950 Dutch Grand Prix
1950 Dutch Grand Prix,points,8,1950 Dutch Grand Prix
1950 Dutch Grand Prix,laps,22,1950 Dutch Grand Prix
1950 Dutch Grand Prix,distance,305.9 km,1950 Dutch Grand Prix
1950 Dutch Grand Prix,speed,138.7 km/h,1950 Dutch Grand Prix
National Route 217 (Costa Rica),instanceOf,National Route,National Route 217 (Costa Rica)
National Route 217 (Costa Rica),locatedIn,Costa Rica,National Route 217 (Costa Rica)
National Route 217 (Costa Rica),partOf,National Route Network,National Route 217 (Costa Rica)
National Route 217 (Costa Rica),transportationType,road,National Route 217 (Costa Rica)
subject,predicate,object,Webtoon (platform)
Webtoon,instanceOf,Online Comic Platform,Webtoon (platform)
Webtoon,foundedBy,Naver,Webtoon (platform)
Webtoon,headquarteredIn,Seoul,Webtoon (platform)
Webtoon,availableIn,South Korea,Webtoon (platform)
Webtoon,availableIn,United States,Webtoon (platform)
Webtoon,launchedOn,2010,Webtoon (platform)
Webtoon,parentCompany,Naver,Webtoon (platform)
Webtoon,subsidiaryOf,Naver,Webtoon (platform)
Webtoon,features,Webcomics,Webtoon (platform)
Webtoon,features,Novels,Webtoon (platform)
Webtoon,hasPart,Line Webtoon,Webtoon (platform)
Webtoon,hasPart,Webtoon Originals,Webtoon (platform)
Webtoon,isKnownFor,Original Content,Webtoon (platform)
Webtoon,isKnownFor,User-Generated Content,Webtoon (platform)
Webtoon,offers,Free Content,Webtoon (platform)
Webtoon,offers,Paid Content,Webtoon (platform)
Webtoon,platform,Web,Webtoon (platform)
Webtoon,platform,Mobile App,Webtoon (platform)
Hugh Scott (architect),instanceOf,Person,Hugh Scott (architect)
Hugh Scott (architect),type,Architect,Hugh Scott (architect)
Hugh Scott (architect),activeYears,1950s-1980s,Hugh Scott (architect)
Hugh Scott (architect),nationality,British,Hugh Scott (architect)
Hugh Scott (architect),notableProject,Liverpool Metropolitan Cathedral,Hugh Scott (architect)
Hugh Scott (architect),notableProject,Liverpool College,Hugh Scott (architect)
Hugh Scott (architect),collaborator,Architectural firm,Hugh Scott (architect)
Connect (2022 film),instanceOf,Film,Connect (2022 film)
Connect (2022 film),year,2022,Connect (2022 film)
Connect (2022 film),director,Lothar Karge,Connect (2022 film)
Connect (2022 film),starring,Renate Reinsberg,Connect (2022 film)
Connect (2022 film),genre,Drama,Connect (2022 film)
Connect (2022 film),country,Germany,Connect (2022 film)
Connect (2022 film),runtime,90 minutes,Connect (2022 film)
Replay (Zendaya song),instanceOf,song,Replay (Zendaya song)
Replay (Zendaya song),partOf,Zendaya,Replay (Zendaya song)
Replay (Zendaya song),released,2013-06-28,Replay (Zendaya song)
Replay (Zendaya song),genre,teen pop,Replay (Zendaya song)
Replay (Zendaya song),composer,Devrim Karaoglu,Replay (Zendaya song)
Replay (Zendaya song),composer,Zendaya,Replay (Zendaya song)
Replay (Zendaya song),producer,Devrim Karaoglu,Replay (Zendaya song)
Replay (Zendaya song),recordLabel,Hollywood Records,Replay (Zendaya song)
"1,1'-Azobis-1,2,3-triazole",instanceOf,chemical compound,"1,1'-Azobis-1,2,3-triazole"
"1,1'-Azobis-1,2,3-triazole",hasChemicalFormula,C6H6N6,"1,1'-Azobis-1,2,3-triazole"
"1,1'-Azobis-1,2,3-triazole",isUsedIn,click chemistry,"1,1'-Azobis-1,2,3-triazole"
"1,1'-Azobis-1,2,3-triazole",isNamedAfter,azobis-,"1,1'-Azobis-1,2,3-triazole"
"1,1'-Azobis-1,2,3-triazole",hasStructuralFormula,triazole ring structure,"1,1'-Azobis-1,2,3-triazole"
East Nottingham Friends Meetinghouse,instanceOf,Quaker meeting house,East Nottingham Friends Meetinghouse
East Nottingham Friends Meetinghouse,locatedIn,East Nottingham Township,East Nottingham Friends Meetinghouse
East Nottingham Friends Meetinghouse,locatedIn,Chester County,East Nottingham Friends Meetinghouse
East Nottingham Friends Meetinghouse,locatedIn,Pennsylvania,East Nottingham Friends Meetinghouse
East Nottingham Friends Meetinghouse,architect,Thomas Funk,East Nottingham Friends Meetinghouse
East Nottingham Friends Meetinghouse,built,1793,East Nottingham Friends Meetinghouse
East Nottingham Friends Meetinghouse,addedToNRHP,1971-04-01,East Nottingham Friends Meetinghouse
So Fine (film),instanceOf,Film,So Fine (film)
So Fine (film),genre,Comedy,So Fine (film)
So Fine (film),director,David M. Evans,So Fine (film)
So Fine (film),starring,Brendan Cole,So Fine (film)
So Fine (film),starring,Rachael Stirling,So Fine (film)
So Fine (film),starring,Maggie Jones,So Fine (film)
So Fine (film),starring,Prue Leegood,So Fine (film)
So Fine (film),releaseDate,2005-05-12,So Fine (film)
So Fine (film),countryOfOrigin,United Kingdom,So Fine (film)
Murce-class speedboat,instanceOf,ship class,Murce-class speedboat
Murce-class speedboat,countryOfOrigin,Norway,Murce-class speedboat
Murce-class speedboat,manufacturer,Kværner Masa-Yards,Murce-class speedboat
Murce-class speedboat,operator,Royal Norwegian Navy,Murce-class speedboat
Murce-class speedboat,hasPart,torpedo tube,Murce-class speedboat
Murce-class speedboat,hasPart,mine,Murce-class speedboat
Murce-class speedboat,length,57.4 m,Murce-class speedboat
Murce-class speedboat,beam,6.5 m,Murce-class speedboat
Murce-class speedboat,draught,2.1 m,Murce-class speedboat
Murce-class speedboat,topSpeed,35 knots,Murce-class speedboat
Murce-class speedboat,crew,10,Murce-class speedboat
Steven Pressman,instanceOf,Person,Steven Pressman
Steven Pressman,birthDate,1950-04-20,Steven Pressman
Steven Pressman,birthPlace,"New York City, New York, USA",Steven Pressman
Steven Pressman,occupation,actor,Steven Pressman
Steven Pressman,occupation,film producer,Steven Pressman
Steven Pressman,occupation,screenwriter,Steven Pressman
Steven Pressman,notableWork,The Blair Witch Project,Steven Pressman
Steven Pressman,notableWork,The Grifters,Steven Pressman
subject,predicate,object,Dushdi Mala Medal
subject,predicate,object,BMD-4
Malakai Fakatoufifita,instanceOf,Person,Malakai Fakatoufifita
Malakai Fakatoufifita,birthPlace,Tonga,Malakai Fakatoufifita
Malakai Fakatoufifita,nationality,Tongan,Malakai Fakatoufifita
Malakai Fakatoufifita,occupation,Rugby union player,Malakai Fakatoufifita
Malakai Fakatoufifita,position,Rugby prop,Malakai Fakatoufifita
Malakai Fakatoufifita,team,Tongan national rugby union team,Malakai Fakatoufifita
Filip Brattbakk,instanceOf,Person,Filip Brattbakk
Filip Brattbakk,birthDate,1970-03-26,Filip Brattbakk
Filip Brattbakk,birthPlace,Oslo,Filip Brattbakk
Filip Brattbakk,nationality,Norwegian,Filip Brattbakk
Filip Brattbakk,occupation,Footballer,Filip Brattbakk
Filip Brattbakk,position,Striker,Filip Brattbakk
Filip Brattbakk,playsFor,Rosenborg BK,Filip Brattbakk
Filip Brattbakk,playsFor,Kallithea FC,Filip Brattbakk
Filip Brattbakk,playsFor,Moss FK,Filip Brattbakk
Filip Brattbakk,goals,10,Filip Brattbakk
subject,predicate,object,Techniques (album)
2016 Tajik constitutional referendum,instanceOf,constitutional referendum,2016 Tajik constitutional referendum
2016 Tajik constitutional referendum,location,Tajikistan,2016 Tajik constitutional referendum
2016 Tajik constitutional referendum,date,2016,2016 Tajik constitutional referendum
2016 Tajik constitutional referendum,participant,Tajik citizens,2016 Tajik constitutional referendum
2016 Tajik constitutional referendum,referendum question,Amendments to the Constitution of Tajikistan,2016 Tajik constitutional referendum
2016 Tajik constitutional referendum,result,approved,2016 Tajik constitutional referendum
2016 Tajik constitutional referendum,vote percentage,98.6%,2016 Tajik constitutional referendum
2016 Tajik constitutional referendum,allowed to vote,"4,963,784",2016 Tajik constitutional referendum
2016 Tajik constitutional referendum,turnout,"3,647,686",2016 Tajik constitutional referendum
subject,predicate,object,The Music and Theater Folk High School
subject,predicate,object,"Nowa Góra, Lesser Poland Voivodeship"
"Nowa Góra, Lesser Poland Voivodeship",instanceOf,village,"Nowa Góra, Lesser Poland Voivodeship"
"Nowa Góra, Lesser Poland Voivodeship",locatedIn,Lesser Poland Voivodeship,"Nowa Góra, Lesser Poland Voivodeship"
"Nowa Góra, Lesser Poland Voivodeship",locatedIn,Poland,"Nowa Góra, Lesser Poland Voivodeship"
"Nowa Góra, Lesser Poland Voivodeship",partOf,Kraków County,"Nowa Góra, Lesser Poland Voivodeship"
"Nowa Góra, Lesser Poland Voivodeship",hasPopulation,unknown,"Nowa Góra, Lesser Poland Voivodeship"
Bad Guy (Billie Eilish song),instanceOf,song,Bad Guy (Billie Eilish song)
Bad Guy (Billie Eilish song),partOf,Happier Than Ever,Bad Guy (Billie Eilish song)
Bad Guy (Billie Eilish song),composer,Finneas O'Connell,Bad Guy (Billie Eilish song)
Bad Guy (Billie Eilish song),producer,Finneas O'Connell,Bad Guy (Billie Eilish song)
Bad Guy (Billie Eilish song),performer,Billie Eilish,Bad Guy (Billie Eilish song)
Bad Guy (Billie Eilish song),released,2019-03-29,Bad Guy (Billie Eilish song)
Bad Guy (Billie Eilish song),genre,electronic,Bad Guy (Billie Eilish song)
Bad Guy (Billie Eilish song),genre,dark pop,Bad Guy (Billie Eilish song)
Bad Guy (Billie Eilish song),award,Grammy Award for Record of the Year,Bad Guy (Billie Eilish song)
Bad Guy (Billie Eilish song),award,Grammy Award for Best Pop Vocal Album,Bad Guy (Billie Eilish song)
Bad Guy (Billie Eilish song),chartPosition,number 1 on the US Billboard Hot 100 chart,Bad Guy (Billie Eilish song)
Badampudi railway station,instanceOf,railway station,Badampudi railway station
Badampudi railway station,locatedIn,India,Badampudi railway station
Badampudi railway station,locatedIn,Kerala,Badampudi railway station
Badampudi railway station,serves,Badampudi,Badampudi railway station
Port of Kherson,instanceOf,port,Port of Kherson
Port of Kherson,locatedIn,Kherson,Port of Kherson
Port of Kherson,locatedOn,Dnieper-Bug Estuary,Port of Kherson
Port of Kherson,locatedOn,Black Sea,Port of Kherson
Port of Kherson,country,Ukraine,Port of Kherson
Port of Kherson,imports,grain,Port of Kherson
Port of Kherson,exports,grain,Port of Kherson
Port of Kherson,operates,cargo ship,Port of Kherson
Port of Kherson,hasOwner,Ukrainian government,Port of Kherson
Towards Zero (TV series),instanceOf,Television series,Towards Zero (TV series)
Towards Zero (TV series),genre,Mystery,Towards Zero (TV series)
Towards Zero (TV series),genre,Thriller,Towards Zero (TV series)
Towards Zero (TV series),basedOn,Towards Zero,Towards Zero (TV series)
Towards Zero (TV series),director,Katsumi Yanagishita,Towards Zero (TV series)
Towards Zero (TV series),starring,Yuko Takeuchi,Towards Zero (TV series)
Towards Zero (TV series),starring,Masaki Suda,Towards Zero (TV series)
Towards Zero (TV series),countryOfOrigin,Japan,Towards Zero (TV series)
Towards Zero (TV series),language,Japanese,Towards Zero (TV series)
subject,predicate,object,Booker T (wrestler)
Booker T (wrestler),instanceOf,Professional Wrestler,Booker T (wrestler)
Booker T (wrestler),birthDate,1965-06-28,Booker T (wrestler)
Booker T (wrestler),birthPlace,"Tulsa, Oklahoma",Booker T (wrestler)
Booker T (wrestler),realName,Robert Booker Terrell,Booker T (wrestler)
Booker T (wrestler),alias,Booker T,Booker T (wrestler)
Booker T (wrestler),alias,The Booker,Booker T (wrestler)
Booker T (wrestler),worldwideWrestlingCouncilChampionship,1,Booker T (wrestler)
Booker T (wrestler),wcwUnitedStatesHeavyweightChampionship,4,Booker T (wrestler)
Booker T (wrestler),wcwWorldHeavyweightChampionship,5,Booker T (wrestler)
Booker T (wrestler),wweChampionship,1,Booker T (wrestler)
Booker T (wrestler),wweIntercontinentalChampionship,1,Booker T (wrestler)
Booker T (wrestler),wweTagTeamChampionship,3,Booker T (wrestler)
Booker T (wrestler),wweUnitedStatesChampionship,3,Booker T (wrestler)
Booker T (wrestler),wweHallOfFame,2013,Booker T (wrestler)
Booker T (wrestler),trainer,Dusty Rhodes,Booker T (wrestler)
Booker T (wrestler),trainer,Harley Race,Booker T (wrestler)
Booker T (wrestler),spouse,Sharmell,Booker T (wrestler)
Booker T (wrestler),child,Kendi Terrell,Booker T (wrestler)
Booker T (wrestler),child,Mykel Terrell,Booker T (wrestler)
Booker T (wrestler),nationality,American,Booker T (wrestler)
subject,predicate,object,Remembering Leonard Nimoy
Le Double Amour,instanceOf,film,Le Double Amour
Le Double Amour,director,Pierre Chanas,Le Double Amour
Le Double Amour,producer,Simone Chanas,Le Double Amour
Le Double Amour,productionCompany,Chanas Films,Le Double Amour
Le Double Amour,releaseDate,1946-01-01,Le Double Amour
Le Double Amour,genre,drama,Le Double Amour
Le Double Amour,language,French,Le Double Amour
subject,predicate,object,Jenny Bowen (filmmaker)
Nathan Stewart-Jarrett,instanceOf,Human,Nathan Stewart-Jarrett
Nathan Stewart-Jarrett,birthDate,1980-04-22,Nathan Stewart-Jarrett
Nathan Stewart-Jarrett,birthPlace,London,Nathan Stewart-Jarrett
Nathan Stewart-Jarrett,nationality,British,Nathan Stewart-Jarrett
Nathan Stewart-Jarrett,occupation,actor,Nathan Stewart-Jarrett
Nathan Stewart-Jarrett,educatedAt,Ardingly College,Nathan Stewart-Jarrett
Nathan Stewart-Jarrett,plays,Curly Watts,Nathan Stewart-Jarrett
Nathan Stewart-Jarrett,hasRole,Curly Watts,Nathan Stewart-Jarrett
Nathan Stewart-Jarrett,appearsIn,Casualty,Nathan Stewart-Jarrett
Nathan Stewart-Jarrett,appearsIn,The Bill,Nathan Stewart-Jarrett
Nathan Stewart-Jarrett,appearsIn,United,Nathan Stewart-Jarrett
subject,predicate,object,Bacillus aminovorans
Also,I'll make sure to respond with a JSON formatted list in the future,even if it is a simple one.,Bacillus aminovorans
subject,predicate,object,Lee Hyung-chul (boxer)
Lee Hyung-chul (boxer),instanceOf,Human,Lee Hyung-chul (boxer)
Lee Hyung-chul (boxer),instanceOf,Boxer,Lee Hyung-chul (boxer)
Lee Hyung-chul (boxer),birthDate,1960-07-09,Lee Hyung-chul (boxer)
Lee Hyung-chul (boxer),nationality,South Korean,Lee Hyung-chul (boxer)
Lee Hyung-chul (boxer),weightClass,Light Flyweight,Lee Hyung-chul (boxer)
Lee Hyung-chul (boxer),Olympic Sport,Boxing,Lee Hyung-chul (boxer)
Lee Hyung-chul (boxer),Olympic Games,1984 Summer Olympics,Lee Hyung-chul (boxer)
subject,predicate,object,2018 Hualien earthquake
HD 103197,instanceOf,Star,HD 103197
HD 103197,namedAfter,HD 103197,HD 103197
HD 103197,hasAlternativeName,HIP 51407,HD 103197
HD 103197,hasAlternativeName,SAO 158809,HD 103197
HD 103197,hasAlternativeName,BD +04 2275,HD 103197
HD 103197,hasAlternativeName,HIC 51407,HD 103197
HD 103197,hasAlternativeName,PPK 164.22 +04.44,HD 103197
HD 103197,spectralType,K0III,HD 103197
HD 103197,brightness,8.4,HD 103197
HD 103197,distanceFromEarth,310,HD 103197
HD 103197,mass,1.5,HD 103197
HD 103197,radius,18,HD 103197
HD 103197,surfaceTemperature,4860,HD 103197
Harumafuji Kōhei,instanceOf,Mongolian sumo wrestler,Harumafuji Kōhei
Harumafuji Kōhei,bornIn,Mongolia,Harumafuji Kōhei
Harumafuji Kōhei,bornOn,1984-04-14,Harumafuji Kōhei
Harumafuji Kōhei,givenName,Kōhei,Harumafuji Kōhei
Harumafuji Kōhei,familyName,Harumafuji,Harumafuji Kōhei
Harumafuji Kōhei,sumoName,Harumafuji,Harumafuji Kōhei
Harumafuji Kōhei,debutRank,Jonokuchi,Harumafuji Kōhei
Harumafuji Kōhei,debutYear,2004,Harumafuji Kōhei
Harumafuji Kōhei,highestRank,Yokozuna,Harumafuji Kōhei
Harumafuji Kōhei,retired,2017,Harumafuji Kōhei
Harumafuji Kōhei,retirementReason, assault scandal,Harumafuji Kōhei
Harumafuji Kōhei,trainer,Miyagino stable,Harumafuji Kōhei
Harumafuji Kōhei,Mongolian name,Davaajavyn Byambyn,Harumafuji Kōhei
Preventing and Combating Violence Against Women and Domestic Violence (Ratification of Convention) Act 2017,instanceOf,Act of Parliament,Preventing and Combating Violence Against Women and Domestic Violence (Ratification of Convention) Act 2017
Preventing and Combating Violence Against Women and Domestic Violence (Ratification of Convention) Act 2017,ratifies,Istanbul Convention,Preventing and Combating Violence Against Women and Domestic Violence (Ratification of Convention) Act 2017
Preventing and Combating Violence Against Women and Domestic Violence (Ratification of Convention) Act 2017,cameIntoForce,2017-11-20,Preventing and Combating Violence Against Women and Domestic Violence (Ratification of Convention) Act 2017
Preventing and Combating Violence Against Women and Domestic Violence (Ratification of Convention) Act 2017,jurisdiction,United Kingdom,Preventing and Combating Violence Against Women and Domestic Violence (Ratification of Convention) Act 2017
Preventing and Combating Violence Against Women and Domestic Violence (Ratification of Convention) Act 2017,legislativeBody,Parliament of the United Kingdom,Preventing and Combating Violence Against Women and Domestic Violence (Ratification of Convention) Act 2017
Preventing and Combating Violence Against Women and Domestic Violence (Ratification of Convention) Act 2017,type,Legislation,Preventing and Combating Violence Against Women and Domestic Violence (Ratification of Convention) Act 2017
Preventing and Combating Violence Against Women and Domestic Violence (Ratification of Convention) Act 2017,hasPart,Preamble,Preventing and Combating Violence Against Women and Domestic Violence (Ratification of Convention) Act 2017
Preventing and Combating Violence Against Women and Domestic Violence (Ratification of Convention) Act 2017,hasPart,Article 1,Preventing and Combating Violence Against Women and Domestic Violence (Ratification of Convention) Act 2017
subject,predicate,object,"Church of St Edmund, Sedgefield"
subject,predicate,object,The King's Case Note
USS Chester T. O'Brien,instanceOf,Cannon-class destroyer,USS Chester T. O'Brien
USS Chester T. O'Brien,namedAfter,Chester T. O'Brien,USS Chester T. O'Brien
USS Chester T. O'Brien,commissioned,1944-05-15,USS Chester T. O'Brien
USS Chester T. O'Brien,decommissioned,1946-11-19,USS Chester T. O'Brien
USS Chester T. O'Brien,shipBuilder,Bath Iron Works,USS Chester T. O'Brien
USS Chester T. O'Brien,operator,United States Navy,USS Chester T. O'Brien
Muisca,instanceOf,Beetle,Muisca (beetle)
Muisca,subclassOf,Cerambycidae,Muisca (beetle)
Muisca,family,Cerambycidae,Muisca (beetle)
Muisca,genus,Muisca,Muisca (beetle)
Muisca,type,insect,Muisca (beetle)
1942 Croatian First League,instanceOf,Sports League,1942 Croatian First League
1942 Croatian First League,startDate,1942,1942 Croatian First League
1942 Croatian First League,country,Croatia,1942 Croatian First League
1942 Croatian First League,sportsType,Football,1942 Croatian First League
1942 Croatian First League,participant,HAŠK Zagreb,1942 Croatian First League
1942 Croatian First League,participant,KONKORD Zagreb,1942 Croatian First League
1942 Croatian First League,participant,NK Croatia Zagreb,1942 Croatian First League
1942 Croatian First League,participant,SK Županja,1942 Croatian First League
1942 Croatian First League,numberOfTeams,10,1942 Croatian First League
subject,predicate,object,Galboda Gnanissara Thera
subject,predicate,object,F.C. De Kampioenen (comic)
F.C. De Kampioenen (comic),instanceOf,Comic Series,F.C. De Kampioenen (comic)
F.C. De Kampioenen (comic),creator,Hergé,F.C. De Kampioenen (comic)
F.C. De Kampioenen (comic),partOf,The Adventures of Tintin,F.C. De Kampioenen (comic)
F.C. De Kampioenen (comic),publishedIn,Belgium,F.C. De Kampioenen (comic)
F.C. De Kampioenen (comic),language,Dutch,F.C. De Kampioenen (comic)
F.C. De Kampioenen (comic),genre,Humor,F.C. De Kampioenen (comic)
F.C. De Kampioenen (comic),genre,Adventure,F.C. De Kampioenen (comic)
F.C. De Kampioenen (comic),firstPublished,1938,F.C. De Kampioenen (comic)
Patrick Kinyua Mbogo,instanceOf,Person,Patrick Kinyua Mbogo
Patrick Kinyua Mbogo,isA,Kenyan,Patrick Kinyua Mbogo
Patrick Kinyua Mbogo,isA,serial killer,Patrick Kinyua Mbogo
Patrick Kinyua Mbogo,knownFor,being a serial killer,Patrick Kinyua Mbogo
Patrick Kinyua Mbogo,knownFor,murderer,Patrick Kinyua Mbogo
Patrick Kinyua Mbogo,knownFor,rapist,Patrick Kinyua Mbogo
Patrick Kinyua Mbogo,committedCrime, murder,Patrick Kinyua Mbogo
Patrick Kinyua Mbogo,committedCrime,rape,Patrick Kinyua Mbogo
Patrick Kinyua Mbogo,residence,Kenya,Patrick Kinyua Mbogo
Patrick Kinyua Mbogo,residence,Nairobi,Patrick Kinyua Mbogo
Gmina Bobowa,instanceOf,Gmina,Gmina Bobowa
Gmina Bobowa,locatedIn,Lesser Poland Voivodeship,Gmina Bobowa
Gmina Bobowa,locatedIn,Poland,Gmina Bobowa
Gmina Bobowa,capital,Bobowa,Gmina Bobowa
Gmina Bobowa,area,36.7 km²,Gmina Bobowa
Gmina Bobowa,population,"3,314 (2006)",Gmina Bobowa
Lactobacillus porci,instanceOf,Lactobacillus,Lactobacillus porci
Lactobacillus porci,species,Lactobacillus porci,Lactobacillus porci
Lactobacillus porci,genus,Lactobacillus,Lactobacillus porci
Lactobacillus porci,type,Gram-positive bacterium,Lactobacillus porci
Lactobacillus porci,type,rod-shaped bacterium,Lactobacillus porci
subject,predicate,object,Gliese 536
1940–41 Buffalo Bulls men's basketball team,instanceOf,basketball team,1940–41 Buffalo Bulls men's basketball team
1940–41 Buffalo Bulls men's basketball team,partOf,University at Buffalo,1940–41 Buffalo Bulls men's basketball team
1940–41 Buffalo Bulls men's basketball team,season,1940-41,1940–41 Buffalo Bulls men's basketball team
1940–41 Buffalo Bulls men's basketball team,league,NCAA,1940–41 Buffalo Bulls men's basketball team
1940–41 Buffalo Bulls men's basketball team,coach,John L. Wilson,1940–41 Buffalo Bulls men's basketball team
subject,predicate,object,Ventilator (2018 film)
Ventilator (2018 film),instanceOf,film,Ventilator (2018 film)
Ventilator (2018 film),genre,drama film,Ventilator (2018 film)
Ventilator (2018 film),countryOfOrigin,India,Ventilator (2018 film)
Ventilator (2018 film),language,Hindi,Ventilator (2018 film)
Ventilator (2018 film),director,Vishal Kumar Gupta,Ventilator (2018 film)
Ventilator (2018 film),producer,Vishal Kumar Gupta,Ventilator (2018 film)
Ventilator (2018 film),releaseDate,2018-05-11,Ventilator (2018 film)
Ventilator (2018 film),runtime,102 minutes,Ventilator (2018 film)
Ventilator (2018 film),award,National Film Award for Best Feature Film in Hindi,Ventilator (2018 film)
Ventilator (2018 film),nominatedFor,Filmfare Award for Best Film,Ventilator (2018 film)
Also,"I assume that ""Leonard Berkowitz"" refers to the American social psychologist. If there's another person with the same name",please let me know and I'll do my best to provide information on that person.,Leonard Berkowitz
subject,predicate,object,Garcinia celebica
1981 Soviet Cup,instanceOf,Soviet Cup,1981 Soviet Cup
1981 Soviet Cup,year,1981,1981 Soviet Cup
1981 Soviet Cup,country,Soviet Union,1981 Soviet Cup
1981 Soviet Cup,sportsSeason,1981,1981 Soviet Cup
1981 Soviet Cup,winner,CSKA Moscow,1981 Soviet Cup
1981 Soviet Cup,runnerUp,Torpedo Moscow,1981 Soviet Cup
Barbarano Mossano,instanceOf,comune,Barbarano Mossano
Barbarano Mossano,locatedIn,Italy,Barbarano Mossano
Barbarano Mossano,locatedIn,Veneto,Barbarano Mossano
Barbarano Mossano,locatedIn,Vicenza,Barbarano Mossano
Barbarano Mossano,hasPopulation,659,Barbarano Mossano
Barbarano Mossano,hasArea,15.65,Barbarano Mossano
subject,predicate,object,Ivor Robinson (physicist)
Ivor Robinson (physicist),instanceOf,physicist,Ivor Robinson (physicist)
Ivor Robinson (physicist),bornIn,England,Ivor Robinson (physicist)
Ivor Robinson (physicist),educatedAt,University of Cambridge,Ivor Robinson (physicist)
Ivor Robinson (physicist),workedAt,University of Cambridge,Ivor Robinson (physicist)
Ivor Robinson (physicist),fieldOfWork,physics,Ivor Robinson (physicist)
Ivor Robinson (physicist),fieldOfWork,mathematics,Ivor Robinson (physicist)
Ivor Robinson (physicist),knownFor,Penrose-Hamming graph,Ivor Robinson (physicist)
Ivor Robinson (physicist),knownFor,Robinson group,Ivor Robinson (physicist)
Ivor Robinson (physicist),hasAward,Fields Medal,Ivor Robinson (physicist)
Legion (video game),instanceOf,video game,Legion (video game)
Legion (video game),developer,Ubisoft,Legion (video game)
Legion (video game),publisher,Ubisoft,Legion (video game)
Legion (video game),releaseDate,"May 13, 2016",Legion (video game)
Legion (video game),genre,action-adventure game,Legion (video game)
Legion (video game),narrative,Darksiders,Legion (video game)
Legion (video game),platform,PlayStation 4,Legion (video game)
Legion (video game),platform,Xbox One,Legion (video game)
Legion (video game),platform,Microsoft Windows,Legion (video game)
Legion (video game),protagonist,Adam Dačenko,Legion (video game)
Legion (video game),series,Darksiders,Legion (video game)
Legion (video game),mode,single-player,Legion (video game)
Legion (video game),mode,multiplayer,Legion (video game)
Legion (video game),criticScore,76/100,Legion (video game)
subject,predicate,object,Frank-Rutger Hausmann
Pat Rooney (basketball),instanceOf,Q5,Pat Rooney (basketball)
Pat Rooney (basketball),givenName,Pat,Pat Rooney (basketball)
Pat Rooney (basketball),familyName,Rooney,Pat Rooney (basketball)
Pat Rooney (basketball),birthDate,1935-04-15,Pat Rooney (basketball)
Pat Rooney (basketball),deathDate,2010-10-30,Pat Rooney (basketball)
Pat Rooney (basketball),position,Power forward,Pat Rooney (basketball)
Pat Rooney (basketball),team,Syracuse Nationals,Pat Rooney (basketball)
subject,predicate,object,Lexia to Perplexia
Lexia to Perplexia,instanceOf,novel,Lexia to Perplexia
Lexia to Perplexia,author,Ruth Frances Long,Lexia to Perplexia
Lexia to Perplexia,publishedIn,2011,Lexia to Perplexia
Lexia to Perplexia,isPartOf,Southern Reach Trilogy,Lexia to Perplexia
Lexia to Perplexia,series,Southern Reach Trilogy,Lexia to Perplexia
Nosa Iyobosa Edokpolor,instanceOf,Human,Nosa Iyobosa Edokpolor
Nosa Iyobosa Edokpolor,givenName,Nosa Iyobosa,Nosa Iyobosa Edokpolor
Nosa Iyobosa Edokpolor,familyName,Edokpolor,Nosa Iyobosa Edokpolor
Nosa Iyobosa Edokpolor,birthPlace,Nigeria,Nosa Iyobosa Edokpolor
Jerome Messam,instanceOf,Rugby union player,Jerome Messam
Jerome Messam,plays,rugby,Jerome Messam
Jerome Messam,position,prop,Jerome Messam
Jerome Messam,nationality,Australian,Jerome Messam
Jerome Messam,birth date,1984-02-20,Jerome Messam
Jerome Messam,birth place,Mount Isa,Jerome Messam
Jerome Messam,team,New South Wales Waratahs,Jerome Messam
Jerome Messam,team,NSL,Jerome Messam
Jerome Messam,team,Kumuls,Jerome Messam
Jerome Messam,plays for,Australia national rugby union team,Jerome Messam
Jerome Messam,plays for,New South Wales,Jerome Messam
Dharmapatni (1987 film),instanceOf,film,Dharmapatni (1987 film)
Dharmapatni (1987 film),releaseYear,1987,Dharmapatni (1987 film)
Dharmapatni (1987 film),language,Hindi,Dharmapatni (1987 film)
Dharmapatni (1987 film),genre,drama,Dharmapatni (1987 film)
Dharmapatni (1987 film),director,B.R. Chopra,Dharmapatni (1987 film)
Dharmapatni (1987 film),producer,B.R. Chopra,Dharmapatni (1987 film)
Dharmapatni (1987 film),starring,Rajesh Khanna,Dharmapatni (1987 film)
Dharmapatni (1987 film),starring,Vijayanti,Dharmapatni (1987 film)
Dharmapatni (1987 film),starring,Kavi Kumar Azad,Dharmapatni (1987 film)
Dharmapatni (1987 film),starring,Satyen Bose,Dharmapatni (1987 film)
"Seo Dong-won (footballer, born 1973)",instanceOf,Human,"Seo Dong-won (footballer, born 1973)"
"Seo Dong-won (footballer, born 1973)",born,1973,"Seo Dong-won (footballer, born 1973)"
"Seo Dong-won (footballer, born 1973)",occupation,Footballer,"Seo Dong-won (footballer, born 1973)"
"Seo Dong-won (footballer, born 1973)",plays,Association football,"Seo Dong-won (footballer, born 1973)"
"Seo Dong-won (footballer, born 1973)",position,Forward,"Seo Dong-won (footballer, born 1973)"
subject,predicate,object,Gran Turismo Sport
subject,predicate,object,Herbert Von King Park
Herbert Von King Park,instanceOf,park,Herbert Von King Park
Herbert Von King Park,locatedIn,Brooklyn,Herbert Von King Park
Herbert Von King Park,namedAfter,Herbert Von King,Herbert Von King Park
Herbert Von King Park,hasArea,4.2 acres,Herbert Von King Park
Herbert Von King Park,features,playground,Herbert Von King Park
Herbert Von King Park,features,basketball court,Herbert Von King Park
Herbert Von King Park,features,walking paths,Herbert Von King Park
Herbert Von King Park,hasCoordinates,"40.6772° N, 73.9442° W",Herbert Von King Park
Alberto Siliotti,instanceOf,Person,Alberto Siliotti
Alberto Siliotti,birthPlace,Turin,Alberto Siliotti
Alberto Siliotti,occupation,Architect,Alberto Siliotti
Alberto Siliotti,occupation,Urban planner,Alberto Siliotti
Alberto Siliotti,knownFor,Egyptological studies,Alberto Siliotti
Alberto Siliotti,knownFor,Archaeological expeditions,Alberto Siliotti
Alberto Siliotti,writtenIn,Italian,Alberto Siliotti
Alberto Siliotti,writtenIn,English,Alberto Siliotti
subject,predicate,object,Bert Wright (cricketer)
subject,predicate,object,Pluriarc
Col du Berthiand,instanceOf,mountainPass,Col du Berthiand
Col du Berthiand,locatedIn,France,Col du Berthiand
Col du Berthiand,locatedIn,Haute-Savoie,Col du Berthiand
Col du Berthiand,locatedIn,Auvergne-Rhône-Alpes,Col du Berthiand
Giubiasco–Locarno railway,instanceOf,railway line,Giubiasco–Locarno railway
Giubiasco–Locarno railway,location,Switzerland,Giubiasco–Locarno railway
Giubiasco–Locarno railway,connects,Giubiasco,Giubiasco–Locarno railway
Giubiasco–Locarno railway,connects,Locarno,Giubiasco–Locarno railway
Giubiasco–Locarno railway,length,6.3 km,Giubiasco–Locarno railway
Giubiasco–Locarno railway,opened,1902,Giubiasco–Locarno railway
subject,predicate,object,1945 Giro di Lombardia
subject,predicate,object,Vulcan Centaur
Krzysztof Piątek,instanceOf,Human,Krzysztof Piątek
Krzysztof Piątek,birthPlace,Dąbrowa Tarnowska,Krzysztof Piątek
Krzysztof Piątek,birthDate,1995-02-20,Krzysztof Piątek
Krzysztof Piątek,nationality,Polish,Krzysztof Piątek
Krzysztof Piątek,occupation,association football player,Krzysztof Piątek
Krzysztof Piątek,position,striker,Krzysztof Piątek
Krzysztof Piątek,memberOf,ŁKS Łódź,Krzysztof Piątek
Krzysztof Piątek,memberOf,Wisła Kraków,Krzysztof Piątek
Krzysztof Piątek,memberOf,VfL Stuttgart,Krzysztof Piątek
Krzysztof Piątek,memberOf,Hertha BSC,Krzysztof Piątek
Krzysztof Piątek,memberOf,Fiorentina,Krzysztof Piątek
Krzysztof Piątek,transferAmount,€50 million,Krzysztof Piątek
subject,predicate,object,Willoughby Staples Brewster
subject,predicate,object,Geogarypus connatus
subject,predicate,object,Tigrovaya Balka Nature Reserve
Edafe Okporo,instanceOf,Human,Edafe Okporo
Edafe Okporo,birthPlace,Nigeria,Edafe Okporo
Edafe Okporo,occupation,Footballer,Edafe Okporo
Edafe Okporo,playsPosition,Striker,Edafe Okporo
subject,predicate,object,Ramal de Braga
Ramal de Braga,instanceOf,Railway line,Ramal de Braga
Ramal de Braga,location,Braga,Ramal de Braga
Ramal de Braga,country,Portugal,Ramal de Braga
Ramal de Braga,terminus,Braga railway station,Ramal de Braga
Ramal de Braga,connects,Porto,Ramal de Braga
Ramal de Braga,opened,1835-10-28,Ramal de Braga
Ramal de Braga,length,4.5 km,Ramal de Braga
Ramal de Braga,gauge,Iberian gauge,Ramal de Braga
Ramal de Braga,operator,Comboios de Portugal,Ramal de Braga
subject,predicate,object,Romain Glèlè Kakaï
Ali Abbasi (director),instanceOf,Human,Ali Abbasi (director)
Ali Abbasi (director),instanceOf,Film Director,Ali Abbasi (director)
Ali Abbasi (director),birthDate,1974,Ali Abbasi (director)
Ali Abbasi (director),birthPlace,Tehran,Ali Abbasi (director)
Ali Abbasi (director),nationality,Iranian,Ali Abbasi (director)
Ali Abbasi (director),directed,M,Ali Abbasi (director)
Ali Abbasi (director),directed,Border,Ali Abbasi (director)
Ali Abbasi (director),directed,Holy Spider!,Ali Abbasi (director)
subject,predicate,object,Cap Blanc rock shelter
Allegory of Happiness,instanceOf,painting,Allegory of Happiness
Allegory of Happiness,creator,Jan Brueghel the Elder,Allegory of Happiness
Allegory of Happiness,dateCreated,1607-1608,Allegory of Happiness
Allegory of Happiness,location,Museo del Prado,Allegory of Happiness
Allegory of Happiness,depicts,Happiness,Allegory of Happiness
Allegory of Happiness,depicts, Virtue,Allegory of Happiness
Allegory of Happiness,depicts,putto,Allegory of Happiness
Allegory of Happiness,depicts,female figure,Allegory of Happiness
Allegory of Happiness,depicts,cloud,Allegory of Happiness
Allegory of Happiness,depicts,fruit,Allegory of Happiness
Allegory of Happiness,depicts,flowers,Allegory of Happiness
Moor Bridge tram stop,instanceOf,tram stop,Moor Bridge tram stop
Moor Bridge tram stop,locatedIn,West Yorkshire,Moor Bridge tram stop
Moor Bridge tram stop,locatedIn,England,Moor Bridge tram stop
Moor Bridge tram stop,servedBy,Middlesbrough tram stop,Moor Bridge tram stop
Moor Bridge tram stop,partOf,Tyke,Moor Bridge tram stop
Moor Bridge tram stop,partOf,Greater Manchester,Moor Bridge tram stop
Moor Bridge tram stop,represents,Moor Bridge,Moor Bridge tram stop
Moor Bridge tram stop,isConnectedTo,Moor Bridge,Moor Bridge tram stop
Moor Bridge tram stop,hasCoordinates,"53.653333, -1.43",Moor Bridge tram stop
subject,predicate,object,Canton of Le Diois
subject,predicate,object,Salix pyrenaica
subject,predicate,object,Czech Republic Davis Cup team
Fahhad Al-Subaie,instanceOf,Q5,Fahhad Al-Subaie
Fahhad Al-Subaie,type,Q5,Fahhad Al-Subaie
Fahhad Al-Subaie,givenName,Fahhad,Fahhad Al-Subaie
Fahhad Al-Subaie,familyName,Al-Subaie,Fahhad Al-Subaie
Fahhad Al-Subaie,country,Saudi Arabia,Fahhad Al-Subaie
Uigshader,instanceOf,Shader,Uigshader
Uigshader,isA,Computer Program,Uigshader
Uigshader,writtenIn,C++,Uigshader
Uigshader,usedFor,Graphics Rendering,Uigshader
Uigshader,compatibleWith,Unity,Uigshader
Uigshader,type,High-Level Shading Language,Uigshader
Easy (2017 film),instanceOf,film,Easy (2017 film)
Easy (2017 film),genre,comedy,Easy (2017 film)
Easy (2017 film),genre,drama,Easy (2017 film)
Easy (2017 film),director,Karenna Hanintalu,Easy (2017 film)
Easy (2017 film),starring,Alia Shawkat,Easy (2017 film)
Easy (2017 film),starring,Justin Benson,Easy (2017 film)
Easy (2017 film),starring,Blake Anderson,Easy (2017 film)
Easy (2017 film),starring,Maury Sterling,Easy (2017 film)
Easy (2017 film),releaseDate,2017,Easy (2017 film)
Easy (2017 film),runtime,90 minutes,Easy (2017 film)
Trouble No More (Darden Smith album),instanceOf,album,Trouble No More (Darden Smith album)
Trouble No More (Darden Smith album),artist,Darden Smith,Trouble No More (Darden Smith album)
Trouble No More (Darden Smith album),releaseDate,1992-10-06,Trouble No More (Darden Smith album)
Trouble No More (Darden Smith album),genre,Bluegrass,Trouble No More (Darden Smith album)
Trouble No More (Darden Smith album),genre,Country music,Trouble No More (Darden Smith album)
Trouble No More (Darden Smith album),genre,Folk music,Trouble No More (Darden Smith album)
Trouble No More (Darden Smith album),previousWork,Darden Smith,Trouble No More (Darden Smith album)
Trouble No More (Darden Smith album),subsequentWork,As Long as the River Flows,Trouble No More (Darden Smith album)
subject,predicate,object,Kapelludden Lighthouse
subject,predicate,object,Moisis Michail Bourlas
Xibenolol,instanceOf,Beta blocker,Xibenolol
Xibenolol,instanceOf,Pharmaceutical product,Xibenolol
Xibenolol,hasChemicalFormula,C18H23NO3,Xibenolol
Xibenolol,isPrescriptionDrug,true,Xibenolol
Xibenolol,usedFor,Hypertension,Xibenolol
Xibenolol,usedFor,Heart failure,Xibenolol
subject,predicate,object,"Forest House, Chester"
Athletics at the 2024 Summer Paralympics – Women's marathon T12,instanceOf,Paralympic event,Athletics at the 2024 Summer Paralympics – Women's marathon T12
Athletics at the 2024 Summer Paralympics – Women's marathon T12,partOf,Athletics at the 2024 Summer Paralympics,Athletics at the 2024 Summer Paralympics – Women's marathon T12
Athletics at the 2024 Summer Paralympics – Women's marathon T12,hasGender,Women,Athletics at the 2024 Summer Paralympics – Women's marathon T12
Athletics at the 2024 Summer Paralympics – Women's marathon T12,hasEventType,Marathon,Athletics at the 2024 Summer Paralympics – Women's marathon T12
Athletics at the 2024 Summer Paralympics – Women's marathon T12,hasClassification,T12,Athletics at the 2024 Summer Paralympics – Women's marathon T12
Athletics at the 2024 Summer Paralympics – Women's marathon T12,location,Paris,Athletics at the 2024 Summer Paralympics – Women's marathon T12
Athletics at the 2024 Summer Paralympics – Women's marathon T12,startDate,2024-08-28,Athletics at the 2024 Summer Paralympics – Women's marathon T12
Athletics at the 2024 Summer Paralympics – Women's marathon T12,endDate,2024-08-28,Athletics at the 2024 Summer Paralympics – Women's marathon T12
Flute Concerto No. 1 (Jolivet),instanceOf,musical composition,Flute Concerto No. 1 (Jolivet)
Flute Concerto No. 1 (Jolivet),composer,André Jolivet,Flute Concerto No. 1 (Jolivet)
Flute Concerto No. 1 (Jolivet),instrument,flute,Flute Concerto No. 1 (Jolivet)
Flute Concerto No. 1 (Jolivet),hasPart,flute,Flute Concerto No. 1 (Jolivet)
Flute Concerto No. 1 (Jolivet),hasPart,orchestra,Flute Concerto No. 1 (Jolivet)
Flute Concerto No. 1 (Jolivet),namedAfter,André Jolivet,Flute Concerto No. 1 (Jolivet)
Backstage (1927 film),instanceOf,Film,Backstage (1927 film)
Backstage (1927 film),genre,Drama,Backstage (1927 film)
Backstage (1927 film),year,1927,Backstage (1927 film)
Backstage (1927 film),director,Lloyd Ingraham,Backstage (1927 film)
Backstage (1927 film),starring,Corinne Griffith,Backstage (1927 film)
Backstage (1927 film),starring,Jack Harley,Backstage (1927 film)
Backstage (1927 film),starring,Ruth Donnelly,Backstage (1927 film)
Backstage (1927 film),basedOn,The Barker,Backstage (1927 film)
Platanos railway station,instanceOf,railway station,Platanos railway station
Platanos railway station,locatedIn,Greece,Platanos railway station
Platanos railway station,serves,Platanos,Platanos railway station
Platanos railway station,country,Greece,Platanos railway station
Platanos railway station,locatedIn,Arcadia regional unit,Platanos railway station
Edward Raquello,instanceOf,Human,Edward Raquello
Edward Raquello,born,1909-05-05,Edward Raquello
Edward Raquello,died,1993-03-09,Edward Raquello
Edward Raquello,occupation,Actor,Edward Raquello
Edward Raquello,occupation,Film actor,Edward Raquello
Edward Raquello,occupation,Theatrical actor,Edward Raquello
Edward Raquello,place of birth,Poland,Edward Raquello
Edward Raquello,place of death,Los Angeles,Edward Raquello
Edward Raquello,active years,1933-1970,Edward Raquello
subject,predicate,object,Creed II
Præstø Town Hall,instanceOf,Town Hall,Præstø Town Hall
Præstø Town Hall,locatedIn,Præstø,Præstø Town Hall
Præstø Town Hall,locatedIn,Denmark,Præstø Town Hall
Præstø Town Hall,architect,Hans Ditlev von Jantzen,Præstø Town Hall
Præstø Town Hall,built,1838,Præstø Town Hall
If more facts were needed I could try and provide them,but for now,it seems like a good starting point,Præstø Town Hall
subject,predicate,object,"Ann, Lady Fanshawe"
subject,predicate,object,2024 United States Senate election in Florida
2024 United States Senate election in Florida,instanceOf,United States Senate election,2024 United States Senate election in Florida
2024 United States Senate election in Florida,location,Florida,2024 United States Senate election in Florida
2024 United States Senate election in Florida,startDate,2024,2024 United States Senate election in Florida
2024 United States Senate election in Florida,partOf,2024 United States Senate elections,2024 United States Senate election in Florida
2024 United States Senate election in Florida,subject,United States Senate,2024 United States Senate election in Florida
2024 United States Senate election in Florida,country,United States,2024 United States Senate election in Florida
2024 United States Senate election in Florida,type,election,2024 United States Senate election in Florida
British Rail Class 505,instanceOf,Railway locomotive,British Rail Class 505
British Rail Class 505,manufacturer,British Rail Engineering Limited,British Rail Class 505
British Rail Class 505,manufacturer,British Rail,British Rail Class 505
British Rail Class 505,numberOfLocomotives,23,British Rail Class 505
British Rail Class 505,service,Electric locomotive,British Rail Class 505
British Rail Class 505,service,Railway,British Rail Class 505
British Rail Class 505,poweredBy,Electricity,British Rail Class 505
British Rail Class 505,hasPart,Electric motor,British Rail Class 505
British Rail Class 505,operator,British Rail,British Rail Class 505
British Rail Class 505,operator,Network Rail,British Rail Class 505
British Rail Class 505,operator,Arriva Rail London,British Rail Class 505
British Rail Class 505,statedPower,250 kW,British Rail Class 505
British Rail Class 505,trackGauge,1435 mm,British Rail Class 505
British Rail Class 505,topSpeed,75 mph,British Rail Class 505
2011 European Wrestling Championships,instanceOf,European Wrestling Championships,2011 European Wrestling Championships
2011 European Wrestling Championships,startDate,2011-04-02,2011 European Wrestling Championships
2011 European Wrestling Championships,endDate,2011-04-03,2011 European Wrestling Championships
2011 European Wrestling Championships,host,Istanbul,2011 European Wrestling Championships
2011 European Wrestling Championships,location,Turkey,2011 European Wrestling Championships
2011 European Wrestling Championships,sport,Wrestling,2011 European Wrestling Championships
subject,predicate,object,German submarine U-106 (1940)
Hovea montana,instanceOf,species,Hovea montana
Hovea montana,class,Fabaceae,Hovea montana
Hovea montana,family,Fabaceae,Hovea montana
Hovea montana,genus,Hovea,Hovea montana
Hovea montana,species,Hovea montana,Hovea montana
1997 Singapore Open,instanceOf,Singapore Open,1997 Singapore Open
1997 Singapore Open,year,1997,1997 Singapore Open
1997 Singapore Open,startDate,1997-10-13,1997 Singapore Open
1997 Singapore Open,endDate,1997-10-19,1997 Singapore Open
1997 Singapore Open,location,Singapore,1997 Singapore Open
1997 Singapore Open,category,ATP Tour,1997 Singapore Open
1997 Singapore Open,category,WTA Tour,1997 Singapore Open
subject,predicate,object,Trinity Jo-Li Bliss
United Nations Security Council Resolution 1428,instanceOf,United Nations Security Council Resolution,United Nations Security Council Resolution 1428
United Nations Security Council Resolution 1428,adoptedBy,United Nations Security Council,United Nations Security Council Resolution 1428
United Nations Security Council Resolution 1428,adoptionDate,2002-04-30,United Nations Security Council Resolution 1428
United Nations Security Council Resolution 1428,number,1428,United Nations Security Council Resolution 1428
United Nations Security Council Resolution 1428,significance,reaffirmation of previous resolutions on the Middle East peace process,United Nations Security Council Resolution 1428
subject,predicate,object,HDMS Peder Skram (1864)
HDMS Peder Skram (1864),instanceOf,Warship,HDMS Peder Skram (1864)
HDMS Peder Skram (1864),class,Peder Skram-class frigate,HDMS Peder Skram (1864)
HDMS Peder Skram (1864),commissioned,1864,HDMS Peder Skram (1864)
HDMS Peder Skram (1864),decommissioned,1900,HDMS Peder Skram (1864)
HDMS Peder Skram (1864),countryOfOrigin,Denmark,HDMS Peder Skram (1864)
HDMS Peder Skram (1864),operator,Royal Danish Navy,HDMS Peder Skram (1864)
subject,predicate,object,Malkhaz Abdushelishvili
subject,predicate,object,Callicrates of Samos
Walter Ross (boxer),instanceOf,Q5,Walter Ross (boxer)
Walter Ross (boxer),instanceOf,Q639669,Walter Ross (boxer)
Walter Ross (boxer),birthDate,1902-02-15,Walter Ross (boxer)
Walter Ross (boxer),birthPlace,Scotland,Walter Ross (boxer)
Walter Ross (boxer),deathDate,1974,Walter Ross (boxer)
Walter Ross (boxer),deathPlace,Scotland,Walter Ross (boxer)
Walter Ross (boxer),occupation,Boxer,Walter Ross (boxer)
Walter Ross (boxer),sportsDiscipline,Boxing,Walter Ross (boxer)
subject,predicate,object,Derozio Memorial College
Richard Worsley (cricketer),instanceOf,Q123456,Richard Worsley (cricketer)
Richard Worsley (cricketer),type,Cricketer,Richard Worsley (cricketer)
Richard Worsley (cricketer),birthDate,1792-01-01,Richard Worsley (cricketer)
Richard Worsley (cricketer),deathDate,1831-01-01,Richard Worsley (cricketer)
Richard Worsley (cricketer),played cricket for,Hampshire,Richard Worsley (cricketer)
Richard Worsley (cricketer),played cricket for,Marylebone Cricket Club,Richard Worsley (cricketer)
Richard Worsley (cricketer),given name,Richard,Richard Worsley (cricketer)
Richard Worsley (cricketer),family name,Worsley,Richard Worsley (cricketer)
Pungalina,instanceOf,Genus,Pungalina (spider)
Pungalina,partOf,Araneomorphae,Pungalina (spider)
Pungalina,partOf,Araneidae,Pungalina (spider)
Pungalina,hasClassification,Arachnida,Pungalina (spider)
Pungalina,hasClassification,Arthropoda,Pungalina (spider)
Pungalina,hasClassification,Animalia,Pungalina (spider)
1892 United States presidential election in New York,instanceOf,election,1892 United States presidential election in New York
1892 United States presidential election in New York,location,New York,1892 United States presidential election in New York
1892 United States presidential election in New York,startDate,1892,1892 United States presidential election in New York
1892 United States presidential election in New York,endDate,1892,1892 United States presidential election in New York
1892 United States presidential election in New York,partOf,1892 United States presidential election,1892 United States presidential election in New York
1892 United States presidential election in New York,candidate,Grover Cleveland,1892 United States presidential election in New York
1892 United States presidential election in New York,candidate,Benjamin Harrison,1892 United States presidential election in New York
1892 United States presidential election in New York,candidate,James B. Weaver,1892 United States presidential election in New York
1892 United States presidential election in New York,electionResult,Benjamin Harrison,1892 United States presidential election in New York
1892 United States presidential election in New York,electoralVote,36,1892 United States presidential election in New York
1892 United States presidential election in New York,popularVote,"315,779",1892 United States presidential election in New York
subject,predicate,object,Butralin
subject,predicate,object,"3,4-Dihydroxybenzaldehyde"
subject,predicate,object,Microsoft Band 2
subject,predicate,object,NGC 7812
subject,predicate,object,Kagerup railway station
subject,predicate,object,Leverkusen Mitte station
Leverkusen Mitte station,instanceOf,Railway station,Leverkusen Mitte station
Leverkusen Mitte station,locatedIn,Leverkusen,Leverkusen Mitte station
Leverkusen Mitte station,locatedIn,North Rhine-Westphalia,Leverkusen Mitte station
Leverkusen Mitte station,locatedIn,Germany,Leverkusen Mitte station
Leverkusen Mitte station,servedBy,S-Bahn,Leverkusen Mitte station
Leverkusen Mitte station,servedBy,Regionalbahn,Leverkusen Mitte station
Leverkusen Mitte station,hasElevation,34,Leverkusen Mitte station
Leverkusen Mitte station,hasCode,KLM,Leverkusen Mitte station
Leverkusen Mitte station,hasDS100Code,KLEVMS,Leverkusen Mitte station
Leverkusen Mitte station,opened,1968,Leverkusen Mitte station
Forrest N. Iandola,instanceOf,Person,Forrest N. Iandola
Forrest N. Iandola,hasOccupation,Computer Scientist,Forrest N. Iandola
Forrest N. Iandola,hasNationality,American,Forrest N. Iandola
Forrest N. Iandola,isAffiliatedWith,"University of California, Berkeley",Forrest N. Iandola
Forrest N. Iandola,isKnownFor,Deep Learning,Forrest N. Iandola
Forrest N. Iandola,hasAcademicDegree,Ph.D.,Forrest N. Iandola
Forrest N. Iandola,hasResearchInterest,Artificial Intelligence,Forrest N. Iandola
Forrest N. Iandola,hasResearchInterest,Machine Learning,Forrest N. Iandola
Forrest N. Iandola,hasPublishedIn,Journal of Machine Learning Research,Forrest N. Iandola
Forrest N. Iandola,hasPublishedIn,Proceedings of the International Conference on Machine Learning,Forrest N. Iandola
subject,predicate,object,Portsmouth Historic Dockyard
subject,predicate,object,Ignacy Tłoczyński
Ignacy Tłoczyński,instanceOf,Human,Ignacy Tłoczyński
Ignacy Tłoczyński,birthDate,1904-06-25,Ignacy Tłoczyński
Ignacy Tłoczyński,deathDate,1978-06-12,Ignacy Tłoczyński
Ignacy Tłoczyński,nationality,Polish,Ignacy Tłoczyński
Ignacy Tłoczyński,occupation,Tennis player,Ignacy Tłoczyński
Ignacy Tłoczyński,sportsDiscipline,Tennis,Ignacy Tłoczyński
Ignacy Tłoczyński,participantOf,1936 Summer Olympics,Ignacy Tłoczyński
Ignacy Tłoczyński,participantOf,1948 Summer Olympics,Ignacy Tłoczyński
Cilejit railway station,instanceOf,railway station,Cilejit railway station
Cilejit railway station,locatedIn,Turkey,Cilejit railway station
Cilejit railway station,hasElevation,1043,Cilejit railway station
subject,predicate,object,"Hôtel de Ville, Angers"
"Hôtel de Ville, Angers",instanceOf,town hall,"Hôtel de Ville, Angers"
"Hôtel de Ville, Angers",location,Angers,"Hôtel de Ville, Angers"
"Hôtel de Ville, Angers",location,Maine-et-Loire,"Hôtel de Ville, Angers"
"Hôtel de Ville, Angers",location,France,"Hôtel de Ville, Angers"
"Hôtel de Ville, Angers",architect,Antoine Ignare,"Hôtel de Ville, Angers"
"Hôtel de Ville, Angers",architect,Jean-Baptiste Cormeré,"Hôtel de Ville, Angers"
"Hôtel de Ville, Angers",has architectural style,Neoclassicism,"Hôtel de Ville, Angers"
"Hôtel de Ville, Angers",has architectural style,Renaissance,"Hôtel de Ville, Angers"
"Hôtel de Ville, Angers",is made of,stone,"Hôtel de Ville, Angers"
"Hôtel de Ville, Angers",is made of,slate,"Hôtel de Ville, Angers"
"Hôtel de Ville, Angers",has part,clock tower,"Hôtel de Ville, Angers"
"Hôtel de Ville, Angers",has part,spire,"Hôtel de Ville, Angers"
"Hôtel de Ville, Angers",has part,facade,"Hôtel de Ville, Angers"
"Hôtel de Ville, Angers",is a,monument historique,"Hôtel de Ville, Angers"
"Hôtel de Ville, Angers",is a,listed building,"Hôtel de Ville, Angers"
"Hôtel de Ville, Angers",is a,cultural property,"Hôtel de Ville, Angers"
"Hôtel de Ville, Angers",is owned by,City of Angers,"Hôtel de Ville, Angers"
"Hôtel de Ville, Angers",was built in,19th century,"Hôtel de Ville, Angers"
"Hôtel de Ville, Angers",was built in,15th century,"Hôtel de Ville, Angers"
"Hôtel de Ville, Angers",was restored in,19th century,"Hôtel de Ville, Angers"
subject,predicate,object,Canton of Nomeny
subject,predicate,object,Zhongyuan Bank
subject,predicate,object,Israel Abanikanda
subject,predicate,object,Shuangxi Park and Chinese Garden
H-class container ship,instanceOf,Container ship,H-class container ship
H-class container ship,subclassOf,Container ship,H-class container ship
H-class container ship,designedBy,Chikugo,H-class container ship
H-class container ship,manufacturer,Mitsubishi Heavy Industries,H-class container ship
H-class container ship,countryOfOrigin,Japan,H-class container ship
H-class container ship,operator,Evergreen Line,H-class container ship
H-class container ship,operator,Mitsui O.S.K. Lines,H-class container ship
H-class container ship,operator,NYK Line,H-class container ship
H-class container ship,length,230,H-class container ship
H-class container ship,width,32,H-class container ship
H-class container ship,draft,11.6,H-class container ship
H-class container ship,beam,32,H-class container ship
H-class container ship,height,54,H-class container ship
H-class container ship,grossTonnage,33600,H-class container ship
H-class container ship,deadweightTonnage,46200,H-class container ship
H-class container ship,capacity,4300,H-class container ship
H-class container ship,speed,25,H-class container ship
H-class container ship,numberOfContainers,2400,H-class container ship
H-class container ship,crew,22,H-class container ship
H-class container ship,built,2004,H-class container ship
H-class container ship,shipyard,Mitsubishi Heavy Industries,H-class container ship
H-class container ship,shipyard,Nagasaki Shipyard,H-class container ship
H-class container ship,registry,Liberia,H-class container ship
H-class container ship,registry,Panama,H-class container ship
subject,predicate,object,Cinema Management Group
subject,predicate,object,Mikhail Pashnin
Orléanais Historical and Archaeological Museum,instanceOf,museum,Orléanais Historical and Archaeological Museum
Orléanais Historical and Archaeological Museum,locatedIn,Orléans,Orléanais Historical and Archaeological Museum
Orléanais Historical and Archaeological Museum,region,Centre-Val de Loire,Orléanais Historical and Archaeological Museum
Orléanais Historical and Archaeological Museum,country,France,Orléanais Historical and Archaeological Museum
Orléanais Historical and Archaeological Museum,hasCollection,archaeological artifacts,Orléanais Historical and Archaeological Museum
Orléanais Historical and Archaeological Museum,hasCollection,historical objects,Orléanais Historical and Archaeological Museum
Orléanais Historical and Archaeological Museum,isLocatedIn,Loire department,Orléanais Historical and Archaeological Museum
Lemon (1969 film),instanceOf,film,Lemon (1969 film)
Lemon (1969 film),releaseDate,1969,Lemon (1969 film)
Lemon (1969 film),director,Giorgio Citelli,Lemon (1969 film)
Lemon (1969 film),genre,Comedy,Lemon (1969 film)
Lemon (1969 film),genre,Drama,Lemon (1969 film)
Lemon (1969 film),starring,Ugo Tognazzi,Lemon (1969 film)
Lemon (1969 film),starring,Gian Maria Volontè,Lemon (1969 film)
Lemon (1969 film),starring,Helga Liné,Lemon (1969 film)
Lemon (1969 film),country,Italy,Lemon (1969 film)
Lemon (1969 film),country,France,Lemon (1969 film)
Lemon (1969 film),language,Italian,Lemon (1969 film)
subject,predicate,object,Horsburgh Castle
Horsburgh Castle,instanceOf,Castle,Horsburgh Castle
Horsburgh Castle,location,Scottish Borders,Horsburgh Castle
Horsburgh Castle,location,Scotland,Horsburgh Castle
Horsburgh Castle,architect,William Burges,Horsburgh Castle
Horsburgh Castle,commissionedBy,George Horsburgh,Horsburgh Castle
Horsburgh Castle,builtDate,late 15th century,Horsburgh Castle
Horsburgh Castle,rebuiltDate,19th century,Horsburgh Castle
Horsburgh Castle,style,Medieval,Horsburgh Castle
Horsburgh Castle,hasPart,Tower,Horsburgh Castle
Horsburgh Castle,hasPart,Wall,Horsburgh Castle
Horsburgh Castle,isOwnedBy,Private owner,Horsburgh Castle
subject,predicate,object,Double Concerto (Lutosławski)
Double Concerto (Lutosławski),instanceOf,musical composition,Double Concerto (Lutosławski)
Double Concerto (Lutosławski),composer,Witold Lutosławski,Double Concerto (Lutosławski)
Double Concerto (Lutosławski),composedBy,Witold Lutosławski,Double Concerto (Lutosławski)
Double Concerto (Lutosławski),hasInstrument,violin,Double Concerto (Lutosławski)
Double Concerto (Lutosławski),hasInstrument,cello,Double Concerto (Lutosławski)
Double Concerto (Lutosławski),hasInstrument,orchestra,Double Concerto (Lutosławski)
Double Concerto (Lutosławski),writtenIn,1984,Double Concerto (Lutosławski)
Double Concerto (Lutosławski),namedAfter,double concerto,Double Concerto (Lutosławski)
For this subject,I was able to find only 8 facts. For very specific or less popular subjects,the number of facts can indeed be low.,Double Concerto (Lutosławski)
subject,predicate,object,The Three Witches
Eristalini,instanceOf,family,Eristalini
Eristalini,subclassOf,hoverfly,Eristalini
Eristalini,hasPart,Eristalinus,Eristalini
Eristalini,hasPart,Eristalides,Eristalini
Eristalini,hasPart,Ceratalbum,Eristalini
Eristalini,hasPart,Leachimyia,Eristalini
Eristalini,hasPart,Phytomyza,Eristalini
Eristalini,hasPart,Syritta,Eristalini
Eristalini,taxonomicRank,family,Eristalini
subject,predicate,object,RAF Montford Bridge
RAF Montford Bridge,instanceOf,Royal Air Force station,RAF Montford Bridge
RAF Montford Bridge,location,Cambridgeshire,RAF Montford Bridge
RAF Montford Bridge,location,England,RAF Montford Bridge
RAF Montford Bridge,partOf,United Kingdom,RAF Montford Bridge
RAF Montford Bridge,operator,Royal Air Force,RAF Montford Bridge
RAF Montford Bridge,type,Military airbase,RAF Montford Bridge
subject,predicate,object,"Meadowbank, Tasmania"
subject,predicate,object,Naranjito District
If the response seems limited,it might be because there isn't much information available about the subject. In this case,I can try to provide more general information or context.,Naranjito District
USS W. S. Sims,instanceOf,destroyer,USS W. S. Sims
USS W. S. Sims,namedAfter,William S. Sims,USS W. S. Sims
USS W. S. Sims,isPartOf,United States Navy,USS W. S. Sims
USS W. S. Sims,commissioningDate,1918-04-15,USS W. S. Sims
USS W. S. Sims,decommissioningDate,1946-07-02,USS W. S. Sims
USS W. S. Sims,participantOf,World War I,USS W. S. Sims
USS W. S. Sims,participantOf,World War II,USS W. S. Sims
USS W. S. Sims,shipDisplacement,1060 tons,USS W. S. Sims
USS W. S. Sims,length,293 feet,USS W. S. Sims
USS W. S. Sims,beam,26 feet 8 inches,USS W. S. Sims
USS W. S. Sims,draft,9 feet 9 inches,USS W. S. Sims
USS W. S. Sims,shipPower,25000 shp,USS W. S. Sims
USS W. S. Sims,propulsion,geared steam turbines,USS W. S. Sims
Florido Tower,instanceOf,building,Florido Tower
Florido Tower,locatedIn,Chicago,Florido Tower
Florido Tower,hasHeight,608 feet,Florido Tower
Florido Tower,completedIn,1963,Florido Tower
Florido Tower,architect,Harry Wolf,Florido Tower
Every Ocean Hughes,instanceOf,Human,Every Ocean Hughes
Every Ocean Hughes,birthPlace,United States,Every Ocean Hughes
Every Ocean Hughes,occupation,Musician,Every Ocean Hughes
Every Ocean Hughes,instrument,Guitar,Every Ocean Hughes
Every Ocean Hughes,instrument,Bass,Every Ocean Hughes
Every Ocean Hughes,memberOf,Every Ocean,Every Ocean Hughes
Lulu (1953 film),instanceOf,film,Lulu (1953 film)
Lulu (1953 film),basedOn,Lulu,Lulu (1953 film)
Lulu (1953 film),director,Helmut Berger,Lulu (1953 film)
Lulu (1953 film),cast,Marlene Dietrich,Lulu (1953 film)
Lulu (1953 film),cast,Mel Ferrer,Lulu (1953 film)
Lulu (1953 film),cast,Annabella,Lulu (1953 film)
Lulu (1953 film),country,France,Lulu (1953 film)
Lulu (1953 film),country,West Germany,Lulu (1953 film)
Lulu (1953 film),language,French,Lulu (1953 film)
Lulu (1953 film),releaseDate,1953-07-01,Lulu (1953 film)
MV American Courage,instanceOf,Ship,MV American Courage
MV American Courage,operator,American Cruise Lines,MV American Courage
MV American Courage,countryOfOrigin,United States,MV American Courage
MV American Courage,type,Passenger ship,MV American Courage
MV American Courage,length,104.2 m,MV American Courage
MV American Courage,beam,24.4 m,MV American Courage
MV American Courage,draft,3.48 m,MV American Courage
MV American Courage,tonnage,6344,MV American Courage
MV American Courage,passengers,500,MV American Courage
MV American Courage,speed,16 knots,MV American Courage
MV American Courage,built,1987,MV American Courage
MV American Courage,renamed,Sea Monarch,MV American Courage
MV American Courage,renamed,Caribbean Dream,MV American Courage
MV American Courage,renamed,American Courage,MV American Courage
Hideaway (1937 film),instanceOf,film,Hideaway (1937 film)
Hideaway (1937 film),publicationDate,1937,Hideaway (1937 film)
Hideaway (1937 film),director,Jack Hively,Hideaway (1937 film)
Hideaway (1937 film),starring,Bette Davis,Hideaway (1937 film)
Hideaway (1937 film),starring,George Brent,Hideaway (1937 film)
Hideaway (1937 film),genre,Drama,Hideaway (1937 film)
Hideaway (1937 film),country,United States,Hideaway (1937 film)
Hideaway (1937 film),language,English,Hideaway (1937 film)
subject,predicate,object,"Henry IX, Count of Waldeck"
Take You Down (Illenium song),instanceOf,song,Take You Down (Illenium song)
Take You Down (Illenium song),released,2018-06-15,Take You Down (Illenium song)
Take You Down (Illenium song),composer,Illenium,Take You Down (Illenium song)
Take You Down (Illenium song),producer,Illenium,Take You Down (Illenium song)
Take You Down (Illenium song),partOf,Ashes (Illenium album),Take You Down (Illenium song)
Wang Tong (basketball),instanceOf,Basketball Player,Wang Tong (basketball)
Wang Tong (basketball),playsFor,Shanghai Sharks,Wang Tong (basketball)
Wang Tong (basketball),playsFor,Xinjiang Flying Ape,Wang Tong (basketball)
Wang Tong (basketball),position,Point Guard,Wang Tong (basketball)
Wang Tong (basketball),nationality,Chinese,Wang Tong (basketball)
Audio Publishers Association,instanceOf,organization,Audio Publishers Association
Audio Publishers Association,headquarteredIn,"Prince George's County, Maryland",Audio Publishers Association
Audio Publishers Association,knownAs,APA,Audio Publishers Association
Audio Publishers Association,industry,Audiobook publishing,Audio Publishers Association
Audio Publishers Association,foundedIn,1985,Audio Publishers Association
Audio Publishers Association,membership,audiobook publishers,Audio Publishers Association
Audio Publishers Association,purpose,promoting audiobook industry,Audio Publishers Association
Audio Publishers Association,publishes,AudioFile,Audio Publishers Association
Audio Publishers Association,publishes,Audiobook Producer's Association Newsletter,Audio Publishers Association
Audio Publishers Association,president,Dana Isabelle,Audio Publishers Association
Audio Publishers Association,hasMember,Audio Publishers Association members,Audio Publishers Association
Trustfall (song),instanceOf,song,Trustfall (song)
Trustfall (song),partOf,Trustfall (album),Trustfall (song)
Trustfall (song),artist,Pink,Trustfall (song)
Trustfall (song),genre,pop music,Trustfall (song)
Trustfall (song),composer,Bill Trugman,Trustfall (song)
Trustfall (song),producer,Greg Kurstin,Trustfall (song)
Trustfall (song),releaseDate,2022-02-18,Trustfall (song)
subject,predicate,object,Huepetuche District
subject,predicate,object,Gustavo Balcázar Monzón
Hirudinaria,instanceOf,Genus,Hirudinaria (annelid)
Hirudinaria,isA,Annelid,Hirudinaria (annelid)
Hirudinaria,isA,Clitellata,Hirudinaria (annelid)
Hirudinaria,isA,Rhynchobdellida,Hirudinaria (annelid)
Hirudinaria,hasPart,segment,Hirudinaria (annelid)
Hirudinaria,hasPart,sucker,Hirudinaria (annelid)
Hirudinaria,isParasiticOn,vertebrate,Hirudinaria (annelid)
Hirudinaria,feedsOn,blood,Hirudinaria (annelid)
Hirudinaria,isUsedAs,medicinal leech,Hirudinaria (annelid)
Hirudinaria,produces,hirudin,Hirudinaria (annelid)
Hirudinaria,isFoundIn,freshwater,Hirudinaria (annelid)
Hirudinaria,isNativeTo,Asia,Hirudinaria (annelid)
Hirudinaria,hasSynonym,Hirudinaria manasova,Hirudinaria (annelid)
Hirudinaria,hasSynonym,Hirudinaria nipponia,Hirudinaria (annelid)
subject,predicate,object,"Kuzkin, Volgograd Oblast"
subject,predicate,object,Tsai Pai-sheng
Robbie Ryan (cinematographer),instanceOf,Cinematographer,Robbie Ryan (cinematographer)
Robbie Ryan (cinematographer),birthDate,1970-05-10,Robbie Ryan (cinematographer)
Robbie Ryan (cinematographer),birthPlace,Dublin,Robbie Ryan (cinematographer)
Robbie Ryan (cinematographer),nationality,Irish,Robbie Ryan (cinematographer)
Robbie Ryan (cinematographer),notableWork,The Favourite,Robbie Ryan (cinematographer)
Robbie Ryan (cinematographer),notableWork,Brooklyn,Robbie Ryan (cinematographer)
Robbie Ryan (cinematographer),notableWork,The Killing of a Sacred Deer,Robbie Ryan (cinematographer)
Robbie Ryan (cinematographer),award,Academy Award for Best Cinematography,Robbie Ryan (cinematographer)
Robbie Ryan (cinematographer),award,BAFTA Award for Best Cinematography,Robbie Ryan (cinematographer)
Robbie Ryan (cinematographer),collaboration,Yorgos Lanthimos,Robbie Ryan (cinematographer)
Robbie Ryan (cinematographer),collaboration,Efthymis Filippou,Robbie Ryan (cinematographer)
subject,predicate,object,Dmitry Petrovich Dokhturov
Dmitry Petrovich Dokhturov,instanceOf,Russian Generals,Dmitry Petrovich Dokhturov
Dmitry Petrovich Dokhturov,birthDate,1776-09-28,Dmitry Petrovich Dokhturov
Dmitry Petrovich Dokhturov,deathDate,1817-05-14,Dmitry Petrovich Dokhturov
Dmitry Petrovich Dokhturov,militaryRank,General of Infantry,Dmitry Petrovich Dokhturov
Dmitry Petrovich Dokhturov,award,Order of St. Andrew,Dmitry Petrovich Dokhturov
Dmitry Petrovich Dokhturov,award,Order of St. Alexander Nevsky,Dmitry Petrovich Dokhturov
Dmitry Petrovich Dokhturov,award,Order of St. George,Dmitry Petrovich Dokhturov
Dmitry Petrovich Dokhturov,battle,French invasion of Russia,Dmitry Petrovich Dokhturov
Dmitry Petrovich Dokhturov,battle,Battle of Borodino,Dmitry Petrovich Dokhturov
Dmitry Petrovich Dokhturov,battle,Battle of Maloyaroslavets,Dmitry Petrovich Dokhturov
Dmitry Petrovich Dokhturov,country,Russian Empire,Dmitry Petrovich Dokhturov
subject,predicate,object,"Rodrigo de Sousa Coutinho, 1st Count of Linhares"
"Rodrigo de Sousa Coutinho, 1st Count of Linhares",instanceOf,Noble,"Rodrigo de Sousa Coutinho, 1st Count of Linhares"
"Rodrigo de Sousa Coutinho, 1st Count of Linhares",instanceOf,Politician,"Rodrigo de Sousa Coutinho, 1st Count of Linhares"
"Rodrigo de Sousa Coutinho, 1st Count of Linhares",title,1st Count of Linhares,"Rodrigo de Sousa Coutinho, 1st Count of Linhares"
"Rodrigo de Sousa Coutinho, 1st Count of Linhares",givenName,Rodrigo,"Rodrigo de Sousa Coutinho, 1st Count of Linhares"
"Rodrigo de Sousa Coutinho, 1st Count of Linhares",familyName,Sousa Coutinho,"Rodrigo de Sousa Coutinho, 1st Count of Linhares"
"Rodrigo de Sousa Coutinho, 1st Count of Linhares",country,Portugal,"Rodrigo de Sousa Coutinho, 1st Count of Linhares"
"Rodrigo de Sousa Coutinho, 1st Count of Linhares",position,Prime Minister of Portugal,"Rodrigo de Sousa Coutinho, 1st Count of Linhares"
subject,predicate,object,United States Department of Justice Criminal Division
United States Department of Justice Criminal Division,instanceOf,criminal division,United States Department of Justice Criminal Division
United States Department of Justice Criminal Division,partOf,United States Department of Justice,United States Department of Justice Criminal Division
United States Department of Justice Criminal Division,headquarteredIn,"Washington, D.C.",United States Department of Justice Criminal Division
United States Department of Justice Criminal Division,responsibleFor,investigating and prosecuting crimes,United States Department of Justice Criminal Division
United States Department of Justice Criminal Division,hasLeader,Assistant Attorney General for Criminal Affairs,United States Department of Justice Criminal Division
United States Department of Justice Criminal Division,establishedIn,1916,United States Department of Justice Criminal Division
United States Department of Justice Criminal Division,hasDivision,Fraud Section,United States Department of Justice Criminal Division
United States Department of Justice Criminal Division,hasDivision,Criminal Antitrust Section,United States Department of Justice Criminal Division
United States Department of Justice Criminal Division,investigates,organized crime,United States Department of Justice Criminal Division
United States Department of Justice Criminal Division,investigates,corruption,United States Department of Justice Criminal Division
United States Department of Justice Criminal Division,investigates,terrorism,United States Department of Justice Criminal Division
United States Department of Justice Criminal Division,prosecutes,federal crimes,United States Department of Justice Criminal Division
subject,predicate,object,Starsector
Starsector,instanceOf,video game,Starsector
Starsector,genre,space trading,Starsector
Starsector,genre,space combat,Starsector
Starsector,genre,role-playing game,Starsector
Starsector,developer,Fridolin,Starsector
Starsector,publisher,Fridolin,Starsector
Starsector,releaseDate,2016-02-29,Starsector
Starsector,platform,Microsoft Windows,Starsector
Starsector,platform,macOS,Starsector
Starsector,platform,Linux,Starsector
Starsector,gameplay,space exploration,Starsector
Starsector,gameplay,ship customization,Starsector
Starsector,gameplay,combat,Starsector
Starsector,userRating,70%,Starsector
Starsector,userRating,Generally positive,Starsector
Starsector,awards,Best Debut Indie Game,Starsector
subject,predicate,object,Tamil Times
Edward D. Sheafer Jr.,instanceOf,Human,Edward D. Sheafer Jr.
Edward D. Sheafer Jr.,hasOccupation,Diplomat,Edward D. Sheafer Jr.
Edward D. Sheafer Jr.,hasOccupation,Government Official,Edward D. Sheafer Jr.
Edward D. Sheafer Jr.,servedAs,United States Ambassador to Armenia,Edward D. Sheafer Jr.
Edward D. Sheafer Jr.,servedAs,Deputy Assistant Secretary of State for European Affairs,Edward D. Sheafer Jr.
subject,predicate,object,Roman amphitheatre of Italica
Roman amphitheatre of Italica,instanceOf,Roman amphitheatre,Roman amphitheatre of Italica
Roman amphitheatre of Italica,location,Italica,Roman amphitheatre of Italica
Roman amphitheatre of Italica,partOf,Italica archaeological site,Roman amphitheatre of Italica
Roman amphitheatre of Italica,locatedIn,Spain,Roman amphitheatre of Italica
Roman amphitheatre of Italica,builtBy,Romans,Roman amphitheatre of Italica
Roman amphitheatre of Italica,type,amphitheatre,Roman amphitheatre of Italica
Roman amphitheatre of Italica,era,Roman Empire,Roman amphitheatre of Italica
Roman amphitheatre of Italica,status,ruin,Roman amphitheatre of Italica
Roman amphitheatre of Italica,material,stone,Roman amphitheatre of Italica
Roman amphitheatre of Italica,capacity,20000,Roman amphitheatre of Italica
subject,predicate,object,Pennsylvania Railroad class C1
Brian Altman (poker player),instanceOf,Poker Player,Brian Altman (poker player)
Brian Altman (poker player),isA,American poker player,Brian Altman (poker player)
Brian Altman (poker player),country,United States,Brian Altman (poker player)
Brian Altman (poker player),residence,Las Vegas,Brian Altman (poker player)
Brian Altman (poker player),profession,Poker player,Brian Altman (poker player)
Brian Altman (poker player),hasCareer,Online poker,Brian Altman (poker player)
Brian Altman (poker player),hasCareer,Live poker,Brian Altman (poker player)
Brian Altman (poker player),notableTournament,World Series of Poker,Brian Altman (poker player)
Brian Altman (poker player),notableTournament,World Poker Tour,Brian Altman (poker player)
Brian Altman (poker player),notableTournament,PokerStars,Brian Altman (poker player)
Brian Altman (poker player),cashes,multiple times,Brian Altman (poker player)
"Billy Little (rugby league, born 1911)",instanceOf,Human,"Billy Little (rugby league, born 1911)"
"Billy Little (rugby league, born 1911)",birthYear,1911,"Billy Little (rugby league, born 1911)"
"Billy Little (rugby league, born 1911)",birthDate,1911,"Billy Little (rugby league, born 1911)"
"Billy Little (rugby league, born 1911)",occupation,Rugby league player,"Billy Little (rugby league, born 1911)"
"Billy Little (rugby league, born 1911)",hasSport,Rugby league,"Billy Little (rugby league, born 1911)"
subject,predicate,object,Peking University First Hospital
subject,predicate,object,Jim Cox (baseball)
Jim Cox (baseball),instanceOf,baseball player,Jim Cox (baseball)
Jim Cox (baseball),birthDate,1947-07-30,Jim Cox (baseball)
Jim Cox (baseball),birthPlace,United States,Jim Cox (baseball)
Jim Cox (baseball),deathDate,null,Jim Cox (baseball)
Jim Cox (baseball),deathPlace,null,Jim Cox (baseball)
Jim Cox (baseball),playedFor,Atlanta Braves,Jim Cox (baseball)
Jim Cox (baseball),playedFor,St. Louis Cardinals,Jim Cox (baseball)
Jim Cox (baseball),managedTeam,Atlanta Braves,Jim Cox (baseball)
Jim Cox (baseball),managedTeam,Houston Astros,Jim Cox (baseball)
Jim Cox (baseball),managedTeam,Baltimore Orioles,Jim Cox (baseball)
Lesser prairie-chicken,instanceOf,Species,Lesser prairie-chicken
Lesser prairie-chicken,hasScientificName,Tympanuchus pallidicinctus,Lesser prairie-chicken
Lesser prairie-chicken,isNativeTo,United States,Lesser prairie-chicken
Lesser prairie-chicken,isNativeTo,Mexico,Lesser prairie-chicken
Lesser prairie-chicken,isFoundIn,Grasslands,Lesser prairie-chicken
Lesser prairie-chicken,isFoundIn,Prairies,Lesser prairie-chicken
Lesser prairie-chicken,hasType,Bird,Lesser prairie-chicken
Lesser prairie-chicken,belongsTo,Tympanuchus,Lesser prairie-chicken
Lesser prairie-chicken,hasConservationStatus,Vulnerable,Lesser prairie-chicken
Lesser prairie-chicken,listedOn,IUCN Red List,Lesser prairie-chicken
Lesser prairie-chicken,listedOn,Endangered Species List,Lesser prairie-chicken
subject,predicate,object,Acta Zoologica Cracoviensia
Acta Zoologica Cracoviensia,instanceOf,scientific journal,Acta Zoologica Cracoviensia
Acta Zoologica Cracoviensia,publisher,Polish Academy of Sciences,Acta Zoologica Cracoviensia
Acta Zoologica Cracoviensia,subject,zoology,Acta Zoologica Cracoviensia
Acta Zoologica Cracoviensia,subject,taxonomy,Acta Zoologica Cracoviensia
Acta Zoologica Cracoviensia,subject,animal biology,Acta Zoologica Cracoviensia
Acta Zoologica Cracoviensia,language,English,Acta Zoologica Cracoviensia
Acta Zoologica Cracoviensia,language,Polish,Acta Zoologica Cracoviensia
Acta Zoologica Cracoviensia,ISSN,0065-1587,Acta Zoologica Cracoviensia
Acta Zoologica Cracoviensia,hasPart,supplement,Acta Zoologica Cracoviensia
Acta Zoologica Cracoviensia,documentType,journal,Acta Zoologica Cracoviensia
Acta Zoologica Cracoviensia,startedIn,1958,Acta Zoologica Cracoviensia
Acta Zoologica Cracoviensia,frequency,quarterly,Acta Zoologica Cracoviensia
Acta Zoologica Cracoviensia,editor,professor,Acta Zoologica Cracoviensia
Acta Zoologica Cracoviensia,editor,dr. hab.,Acta Zoologica Cracoviensia
Acta Zoologica Cracoviensia,editor,Jadwiga,Acta Zoologica Cracoviensia
Acta Zoologica Cracoviensia,editor,Zenon,Acta Zoologica Cracoviensia
Acta Zoologica Cracoviensia,indexedIn,Zoological Record,Acta Zoologica Cracoviensia
Acta Zoologica Cracoviensia,indexedIn,BIOSIS,Acta Zoologica Cracoviensia
Acta Zoologica Cracoviensia,indexedIn,CAB Abstracts,Acta Zoologica Cracoviensia
Acta Zoologica Cracoviensia,indexedIn,Current Contents,Acta Zoologica Cracoviensia
Acta Zoologica Cracoviensia,impactFactor,0.345,Acta Zoologica Cracoviensia
Acta Zoologica Cracoviensia,impactFactor,2019,Acta Zoologica Cracoviensia
Acta Zoologica Cracoviensia,ISO abbreviation,Acta Zool. Crac.,Acta Zoologica Cracoviensia
Acta Zoologica Cracoviensia,webPresence,https://journals.pan.pl/acta-zoologica-cracoviensia,Acta Zoologica Cracoviensia
Acta Zoologica Cracoviensia,countryOfOrigin,Poland,Acta Zoologica Cracoviensia
Acta Zoologica Cracoviensia,cityOfPublication,Kraków,Acta Zoologica Cracoviensia
Acta Zoologica Cracoviensia,typeOfPublication,peer-reviewed,Acta Zoologica Cracoviensia
Acta Zoologica Cracoviensia,license,CC BY-NC-ND,Acta Zoologica Cracoviensia
Acta Zoologica Cracoviensia,openAccess,no,Acta Zoologica Cracoviensia
Acta Zoologica Cracoviensia,hasSupplement,yes,Acta Zoologica Cracoviensia
Acta Zoologica Cracoviensia,supplementTitle,Supplement,Acta Zoologica Cracoviensia
Acta Zoologica Cracoviensia,proceedings,conference,Acta Zoologica Cracoviensia
Acta Zoologica Cracoviensia,proceedingsTitle,International Symposium,Acta Zoologica Cracoviensia
Acta Zoologica Cracoviensia,conferenceFrequency,biennial,Acta Zoologica Cracoviensia
Never Worn White,instanceOf,album,Never Worn White
Never Worn White,artist,Kacey Musgraves,Never Worn White
Never Worn White,released,2020-03-06,Never Worn White
Never Worn White,genre,country,Never Worn White
Never Worn White,genre,pop,Never Worn White
Never Worn White,producer,Danielle James,Never Worn White
Never Worn White,producer,Kacey Musgraves,Never Worn White
Never Worn White,producer,Ian Noe,Never Worn White
Never Worn White,producer,Rick Rubin,Never Worn White
Never Worn White,recordLabel,Interscope Records,Never Worn White
Never Worn White,recordLabel,MCA Nashville,Never Worn White
John Ireland (cricketer),instanceOf,Cricketer,John Ireland (cricketer)
John Ireland (cricketer),playedFor,Leicestershire,John Ireland (cricketer)
John Ireland (cricketer),playedFor,Marylebone Cricket Club,John Ireland (cricketer)
John Ireland (cricketer),died,1864,John Ireland (cricketer)
John Ireland (cricketer),birthDate,1794-04-24,John Ireland (cricketer)
John Ireland (cricketer),birthPlace,"London, England",John Ireland (cricketer)
John Ireland (cricketer),nationality,English,John Ireland (cricketer)
Marcell Ateman,instanceOf,American football player,Marcell Ateman
Marcell Ateman,plays,wide receiver,Marcell Ateman
Marcell Ateman,born,1995-12-07,Marcell Ateman
Marcell Ateman,birthPlace,"Lawton, Oklahoma",Marcell Ateman
Marcell Ateman,college,Oklahoma State University,Marcell Ateman
Marcell Ateman,position,wide receiver,Marcell Ateman
Marcell Ateman,NFL draft,2018,Marcell Ateman
Marcell Ateman,drafted by,Las Vegas Raiders,Marcell Ateman
Marcell Ateman,teams,Las Vegas Raiders,Marcell Ateman
Marcell Ateman,teams,Oakland Raiders,Marcell Ateman
Marcell Ateman,active,yes,Marcell Ateman
subject,predicate,object,Louth Museum
2012 OFC Nations Cup final,instanceOf,sports event,2012 OFC Nations Cup final
2012 OFC Nations Cup final,partOf,2012 OFC Nations Cup,2012 OFC Nations Cup final
2012 OFC Nations Cup final,startDate,2012-06-08,2012 OFC Nations Cup final
2012 OFC Nations Cup final,endDate,2012-06-08,2012 OFC Nations Cup final
2012 OFC Nations Cup final,location,Auckland,2012 OFC Nations Cup final
2012 OFC Nations Cup final,participant,New Zealand national football team,2012 OFC Nations Cup final
2012 OFC Nations Cup final,participant,Tahiti national football team,2012 OFC Nations Cup final
2012 OFC Nations Cup final,result,"New Zealand national football team 1, Tahiti national football team 0",2012 OFC Nations Cup final
Vipera berus sachalinensis,instanceOf,subspecies,Vipera berus sachalinensis
Vipera berus sachalinensis,isPartOf,Vipera berus,Vipera berus sachalinensis
Vipera berus sachalinensis,taxonomicRank,subspecies,Vipera berus sachalinensis
Vipera berus sachalinensis,name,Sakhalin Island pit viper,Vipera berus sachalinensis
Vipera berus sachalinensis,classification,Reptilia,Vipera berus sachalinensis
Vipera berus sachalinensis,classification,Squamata,Vipera berus sachalinensis
Vipera berus sachalinensis,classification,Viperidae,Vipera berus sachalinensis
Vipera berus sachalinensis,distribution,Russia,Vipera berus sachalinensis
Vipera berus sachalinensis,distribution,Sakhalin Island,Vipera berus sachalinensis
subject,predicate,object,Krouna train accident
Krouna train accident,instanceOf,train accident,Krouna train accident
Krouna train accident,location,Krouna,Krouna train accident
Krouna train accident,date,2011-02-14,Krouna train accident
Krouna train accident,result,fatalities,Krouna train accident
Krouna train accident,result,injuries,Krouna train accident
Krouna train accident,country,Egypt,Krouna train accident
Krouna train accident,type,collision,Krouna train accident
subject,predicate,object,NGC 4999
Australia at the 2018 Winter Olympics,instanceOf,Country at the Olympics,Australia at the 2018 Winter Olympics
Australia at the 2018 Winter Olympics,participatedIn,2018 Winter Olympics,Australia at the 2018 Winter Olympics
Australia at the 2018 Winter Olympics,competedIn,Alpine skiing at the 2018 Winter Olympics,Australia at the 2018 Winter Olympics
Australia at the 2018 Winter Olympics,competedIn,Biathlon at the 2018 Winter Olympics,Australia at the 2018 Winter Olympics
Australia at the 2018 Winter Olympics,competedIn,Cross-country skiing at the 2018 Winter Olympics,Australia at the 2018 Winter Olympics
Australia at the 2018 Winter Olympics,competedIn,Figure skating at the 2018 Winter Olympics,Australia at the 2018 Winter Olympics
Australia at the 2018 Winter Olympics,competedIn,Freestyle skiing at the 2018 Winter Olympics,Australia at the 2018 Winter Olympics
Australia at the 2018 Winter Olympics,competedIn,Short track speed skating at the 2018 Winter Olympics,Australia at the 2018 Winter Olympics
Australia at the 2018 Winter Olympics,competedIn,Skeleton at the 2018 Winter Olympics,Australia at the 2018 Winter Olympics
Australia at the 2018 Winter Olympics,competedIn,Speed skating at the 2018 Winter Olympics,Australia at the 2018 Winter Olympics
Australia at the 2018 Winter Olympics,hasAthlete,Stefania Bodnar,Australia at the 2018 Winter Olympics
Australia at the 2018 Winter Olympics,hasAthlete,Jade Khoury,Australia at the 2018 Winter Olympics
Australia at the 2018 Winter Olympics,hasAthlete,Alexandra Robinson,Australia at the 2018 Winter Olympics
Australia at the 2018 Winter Olympics,hasAthlete,Maksym Khymchenko,Australia at the 2018 Winter Olympics
Australia at the 2018 Winter Olympics,hasCoach,Mark Woods,Australia at the 2018 Winter Olympics
Australia at the 2018 Winter Olympics,finishedWith,16 medals,Australia at the 2018 Winter Olympics
Australia at the 2018 Winter Olympics,olympicCommittee,Australian Olympic Committee,Australia at the 2018 Winter Olympics
Brown-snouted blind snake,instanceOf,Species,Brown-snouted blind snake
Brown-snouted blind snake,subclassOf,Blind snake,Brown-snouted blind snake
Brown-snouted blind snake,scientific name,Leptotyphlops carinatus,Brown-snouted blind snake
Brown-snouted blind snake,family,Typhlopidae,Brown-snouted blind snake
Brown-snouted blind snake,genus,Leptotyphlops,Brown-snouted blind snake
Leptotyphlops carinatus,instanceOf,Brown-snouted blind snake,Brown-snouted blind snake
Expanded response might involve retrieving additional information from various data sources; however,based on my current knowledge cutoff,the above response seems accurate.,Wade Woodaz
Djamel Ibouzidène,instanceOf,Person,Djamel Ibouzidène
Djamel Ibouzidène,isAffiliatedWith,Algeria,Djamel Ibouzidène
Djamel Ibouzidène,isActive,true,Djamel Ibouzidène
Djamel Ibouzidène,hasOccupation,Athlete,Djamel Ibouzidène
Djamel Ibouzidène,playsSport,Athletics,Djamel Ibouzidène
Djamel Ibouzidène,competesIn,Track and field,Djamel Ibouzidène
Shattered (Casey book),instanceOf,Book,Shattered (Casey book)
Shattered (Casey book),author,Peter C. Caldwell,Shattered (Casey book)
Shattered (Casey book),author,Khrushchev,Shattered (Casey book)
Shattered (Casey book),publishedBy,HarperCollins,Shattered (Casey book)
Shattered (Casey book),publicationDate,2007,Shattered (Casey book)
Shattered (Casey book),subject,Biography,Shattered (Casey book)
Shattered (Casey book),subject,History,Shattered (Casey book)
Shattered (Casey book),language,English,Shattered (Casey book)
"St Peter Parmentergate, Norwich",instanceOf,church,"St Peter Parmentergate, Norwich"
"St Peter Parmentergate, Norwich",location,Norwich,"St Peter Parmentergate, Norwich"
"St Peter Parmentergate, Norwich",denomination,Anglican,"St Peter Parmentergate, Norwich"
"St Peter Parmentergate, Norwich",isPartOf,Diocese of Norwich,"St Peter Parmentergate, Norwich"
"St Peter Parmentergate, Norwich",hasBenefice,St Peter Parmentergate Benefice,"St Peter Parmentergate, Norwich"
subject,predicate,object,2010 Rochdale Metropolitan Borough Council election
2010 Rochdale Metropolitan Borough Council election,instanceOf,election,2010 Rochdale Metropolitan Borough Council election
2010 Rochdale Metropolitan Borough Council election,location,Rochdale,2010 Rochdale Metropolitan Borough Council election
2010 Rochdale Metropolitan Borough Council election,partOf,Rochdale Metropolitan Borough Council,2010 Rochdale Metropolitan Borough Council election
2010 Rochdale Metropolitan Borough Council election,startDate,2010,2010 Rochdale Metropolitan Borough Council election
2010 Rochdale Metropolitan Borough Council election,type,local council election,2010 Rochdale Metropolitan Borough Council election
Rochdale Metropolitan Borough Council,instanceOf,council,2010 Rochdale Metropolitan Borough Council election
subject,predicate,object,1971 Tour of Flanders
1971 Tour of Flanders,instanceOf,Tour of Flanders,1971 Tour of Flanders
1971 Tour of Flanders,partOf,1971 UCI Road World Championships,1971 Tour of Flanders
1971 Tour of Flanders,partOf,1969-1972 UCI Road World Championships,1971 Tour of Flanders
1971 Tour of Flanders,occurredOn,1971-04-04,1971 Tour of Flanders
1971 Tour of Flanders,winner,Joachim Hush,1971 Tour of Flanders
1971 Tour of Flanders,follows,1970 Tour of Flanders,1971 Tour of Flanders
1971 Tour of Flanders,precededBy,1972 Tour of Flanders,1971 Tour of Flanders
1971 Tour of Flanders,hasPart,Cobbles of the Tour of Flanders,1971 Tour of Flanders
1971 Tour of Flanders,location,Belgium,1971 Tour of Flanders
subject,predicate,object,2022 Colombian presidential election
2022 Colombian presidential election,instanceOf,presidential election,2022 Colombian presidential election
2022 Colombian presidential election,country,Colombia,2022 Colombian presidential election
2022 Colombian presidential election,startDate,2022-05-29,2022 Colombian presidential election
2022 Colombian presidential election,endDate,2022-06-19,2022 Colombian presidential election
2022 Colombian presidential election,numberOfCandidates,2,2022 Colombian presidential election
2022 Colombian presidential election,candidate,Gustavo Petro,2022 Colombian presidential election
2022 Colombian presidential election,candidate,Rodolfo Hernández,2022 Colombian presidential election
Gustavo Petro,party,Pacto Histórico,2022 Colombian presidential election
Rodolfo Hernández,party,Liga de Gobernantes Anticorrupción,2022 Colombian presidential election
2022 Colombian presidential election,turnout,51.2%,2022 Colombian presidential election
Gustavo Petro,votes,10470512,2022 Colombian presidential election
Rodolfo Hernández,votes,7956103,2022 Colombian presidential election
Gustavo Petro,inaugurationDate,2022-08-07,2022 Colombian presidential election
2022 Colombian presidential election,result,Gustavo Petro,2022 Colombian presidential election
Gustavo Petro,presidentOf,Colombia,2022 Colombian presidential election
subject,predicate,object,Arnold Juklerød
subject,predicate,object,2003 Sundance Film Festival
2003 Sundance Film Festival,instanceOf,Sundance Film Festival,2003 Sundance Film Festival
2003 Sundance Film Festival,year,2003,2003 Sundance Film Festival
2003 Sundance Film Festival,location,"Park City, Utah",2003 Sundance Film Festival
2003 Sundance Film Festival,eventType,film festival,2003 Sundance Film Festival
2003 Sundance Film Festival,startDate,2003-01-16,2003 Sundance Film Festival
2003 Sundance Film Festival,endDate,2003-01-26,2003 Sundance Film Festival
subject,predicate,object,North Carolina Highway 125
North Carolina Highway 125,instanceOf,Highway,North Carolina Highway 125
North Carolina Highway 125,locatedIn,North Carolina,North Carolina Highway 125
North Carolina Highway 125,partOf,North Carolina State Highway System,North Carolina Highway 125
North Carolina Highway 125,terminatedIn,South Carolina,North Carolina Highway 125
Owston's Warehouse,instanceOf,warehouse,Owston's Warehouse
Owston's Warehouse,location,Sheffield,Owston's Warehouse
Owston's Warehouse,architect,B.,Owston's Warehouse
Owston's Warehouse,architect,P.,Owston's Warehouse
Owston's Warehouse,builtFor,John Owston,Owston's Warehouse
Owston's Warehouse,locatedIn,England,Owston's Warehouse
Owston's Warehouse,locatedIn,United Kingdom,Owston's Warehouse
Owston's Warehouse,isA,Grade II* listed building,Owston's Warehouse
Owston's Warehouse,hasPart,cellar,Owston's Warehouse
Owston's Warehouse,hasPart,warehouse,Owston's Warehouse
Owston's Warehouse,influencedBy,Victorian architecture,Owston's Warehouse
Colin Lundstrum,instanceOf,Human,Colin Lundstrum
Colin Lundstrum,plays position,Linebacker,Colin Lundstrum
Colin Lundstrum,plays for,Chicago Bears,Colin Lundstrum
Colin Lundstrum,plays for,New York Giants,Colin Lundstrum
Colin Lundstrum,born in,United States,Colin Lundstrum
Colin Lundstrum,has position,Linebacker,Colin Lundstrum
subject,predicate,object,Pilagás Department
Pilagás Department,instanceOf,Department of Argentina,Pilagás Department
Pilagás Department,locatedIn,Formosa Province,Pilagás Department
Pilagás Department,capital,El Espinillo,Pilagás Department
Pilagás Department,population,12345,Pilagás Department
Pilagás Department,area,4396,Pilagás Department
Pilagás Department,founding,1896,Pilagás Department
subject,predicate,object,"St John the Evangelist's Church, Abram"
subject,predicate,object,Jeanette Rodríguez (actress)
Jeanette Rodríguez (actress),instanceOf,actress,Jeanette Rodríguez (actress)
Jeanette Rodríguez (actress),birthPlace,Mexico,Jeanette Rodríguez (actress)
Jeanette Rodríguez (actress),occupation,actress,Jeanette Rodríguez (actress)
Jeanette Rodríguez (actress),activeYears,1990s-present,Jeanette Rodríguez (actress)
Jeanette Rodríguez (actress),notableWork,La usurpadora,Jeanette Rodríguez (actress)
subject,predicate,object,Gutsbezirk Reinhardswald
subject,predicate,object,Linlithgow Sheriff Court
1988 NCAA Division II football season,instanceOf,NCAA Division II football season,1988 NCAA Division II football season
1988 NCAA Division II football season,hasStartYear,1988,1988 NCAA Division II football season
1988 NCAA Division II football season,hasEndYear,1988,1988 NCAA Division II football season
1988 NCAA Division II football season,partOf,1988 NCAA Division II football season,1988 NCAA Division II football season
1988 NCAA Division II football season,isPartOf,NCAA Division II football,1988 NCAA Division II football season
1988 NCAA Division II football season,hasParticipant,NCAA Division II football teams,1988 NCAA Division II football season
subject,predicate,object,White-headed wren
Bembidion carolinense,instanceOf,species,Bembidion carolinense
Bembidion carolinense,subspeciesOf,Bembidion,Bembidion carolinense
Bembidion carolinense,family,Carabidae,Bembidion carolinense
Bembidion carolinense,order,Coleoptera,Bembidion carolinense
Bembidion carolinense,class,Insecta,Bembidion carolinense
Bembidion carolinense,phylum,Arthropoda,Bembidion carolinense
Bembidion carolinense,kingdom,Animalia,Bembidion carolinense
Lycosoura Artemis,instanceOf,Greek goddess,Lycosoura Artemis
Lycosoura Artemis,partOf,Greek mythology,Lycosoura Artemis
Lycosoura Artemis,worshippedIn,Lycosoura,Lycosoura Artemis
Lycosoura Artemis,associatedWith,Arcadia,Lycosoura Artemis
Lycosoura Artemis,depictedAs,Hunter,Lycosoura Artemis
Lycosoura Artemis,symbolOf,Wildlife,Lycosoura Artemis
Lycosoura Artemis,equivalentRomanGod,Diana,Lycosoura Artemis
Lycosoura Artemis,parent,Zeus,Lycosoura Artemis
Lycosoura Artemis,parent,Leto,Lycosoura Artemis
Lycosoura Artemis,twin,Apollo,Lycosoura Artemis
200 (film),instanceOf,film,200 (film)
200 (film),namedAfter,200 (album),200 (film)
200 (film),director,Amanda Gusack,200 (film)
200 (film),starring,Juliette Lewis,200 (film)
200 (film),starring,Giovanni Ribisi,200 (film)
200 (film),starring,Forest Whitaker,200 (film)
200 (film),starring,Brooke Fraser,200 (film)
200 (film),releaseDate,2009-05-01,200 (film)
200 (film),runtime,90,200 (film)
200 (film),genre,Drama,200 (film)
200 (film),genre,Thriller,200 (film)
Hardcore Never Dies,instanceOf,Music Album,Hardcore Never Dies
Hardcore Never Dies,genre,Hardcore Punk,Hardcore Never Dies
Hardcore Never Dies,released,2005-05-23,Hardcore Never Dies
Hardcore Never Dies,producer,Fat Mike,Hardcore Never Dies
Hardcore Never Dies,recordLabel,Fat Wreck Chords,Hardcore Never Dies
subject,predicate,object,Knight Moves (video game)
Knight Moves (video game),instanceOf,video game,Knight Moves (video game)
Knight Moves (video game),partOf,Chess,Knight Moves (video game)
Knight Moves (video game),developedBy,Infocom,Knight Moves (video game)
Knight Moves (video game),publishedBy,Infocom,Knight Moves (video game)
Knight Moves (video game),released,1992,Knight Moves (video game)
Knight Moves (video game),genre,Interactive fiction,Knight Moves (video game)
Knight Moves (video game),platform,Amiga,Knight Moves (video game)
Knight Moves (video game),platform,Atari ST,Knight Moves (video game)
Knight Moves (video game),platform,MS-DOS,Knight Moves (video game)
Knight Moves (video game),basedOn,Chess,Knight Moves (video game)
Knight Moves (video game),mode,Single-player,Knight Moves (video game)
subject,predicate,object,Jean Jaurès
Jean Jaurès,instanceOf,Human,Jean Jaurès
Jean Jaurès,birthPlace,Castres,Jean Jaurès
Jean Jaurès,birthDate,1859-09-03,Jean Jaurès
Jean Jaurès,deathDate,1914-07-31,Jean Jaurès
Jean Jaurès,deathPlace,Paris,Jean Jaurès
Jean Jaurès,occupation,Politician,Jean Jaurès
Jean Jaurès,occupation,Journalist,Jean Jaurès
Jean Jaurès,occupation,Philosopher,Jean Jaurès
Jean Jaurès,founded,L'Humanité,Jean Jaurès
Jean Jaurès,party,French Section of the Workers' International,Jean Jaurès
Jean Jaurès,ideology,Socialism,Jean Jaurès
Jean Jaurès,award,Congressional Gold Medal,Jean Jaurès
Jean Jaurès,influencedBy,Karl Marx,Jean Jaurès
Jean Jaurès,influencedBy,Pierre-Joseph Proudhon,Jean Jaurès
Jean Jaurès,wrote,L'Armée nouvelle,Jean Jaurès
Jean Jaurès,wrote,Réfutation de l'éclectisme,Jean Jaurès
subject,predicate,object,Leh–Manali Highway
Leh–Manali Highway,instanceOf,highway,Leh–Manali Highway
Leh–Manali Highway,location,India,Leh–Manali Highway
Leh–Manali Highway,connects,Leh,Leh–Manali Highway
Leh–Manali Highway,connects,Manali,Leh–Manali Highway
Leh–Manali Highway,partOf,National Highway 1,Leh–Manali Highway
Leh–Manali Highway,length,475 km,Leh–Manali Highway
Leh–Manali Highway,altitude,"4,000 m",Leh–Manali Highway
Leh–Manali Highway,popularity,tourist attraction,Leh–Manali Highway
Leh–Manali Highway,traverses,Ladakh region,Leh–Manali Highway
Leh–Manali Highway,crosses,Rohtang Pass,Leh–Manali Highway
Leh–Manali Highway,crosses,Baralacha Pass,Leh–Manali Highway
Leh–Manali Highway,crosses,Nathu La Pass,Leh–Manali Highway
Georg Christoph Strattner,instanceOf,Human,Georg Christoph Strattner
Georg Christoph Strattner,birthDate,1655-05-15,Georg Christoph Strattner
Georg Christoph Strattner,deathDate,1704-05-10,Georg Christoph Strattner
Georg Christoph Strattner,occupation,composer,Georg Christoph Strattner
Georg Christoph Strattner,occupation,organist,Georg Christoph Strattner
Georg Christoph Strattner,instrument,organ,Georg Christoph Strattner
subject,predicate,object,Anna Glasier
e.g.,leaf shape,flower color,Leucadendron salicifolium
"Mount Holly (Foote, Mississippi)",instanceOf,unincorporated community,"Mount Holly (Foote, Mississippi)"
"Mount Holly (Foote, Mississippi)",locatedIn,Mississippi,"Mount Holly (Foote, Mississippi)"
"Mount Holly (Foote, Mississippi)",locatedIn,Hinds County,"Mount Holly (Foote, Mississippi)"
"Mount Holly (Foote, Mississippi)",hasPart,Foote,"Mount Holly (Foote, Mississippi)"
subject,predicate,object,Anna Fontcuberta i Morral
Calpionellid,instanceOf,Species,Calpionellid
Calpionellid,subclassOf,Microfossil,Calpionellid
Calpionellid,type,Fossil,Calpionellid
Calpionellid,foundIn,Sedimentary rock,Calpionellid
Calpionellid,usedFor,Biostratigraphy,Calpionellid
Calpionellid,significantIn,Cretaceous period,Calpionellid
Calpionellid,namedBy,R. Gruner,Calpionellid
Calpionellid,classification,Kingdom Protista,Calpionellid
subject,predicate,object,Munsey's Magazine
Wiener Gruppe,instanceOf,art movement,Wiener Gruppe
Wiener Gruppe,instanceOf,literary group,Wiener Gruppe
Wiener Gruppe,foundedBy,Konrad Lorenz,Wiener Gruppe
Wiener Gruppe,foundedBy,Josef K.,Wiener Gruppe
Wiener Gruppe,foundedBy,Friedrich Heer,Wiener Gruppe
Wiener Gruppe,foundedBy,Edgar Hahnel,Wiener Gruppe
Wiener Gruppe,activeFrom,1950s,Wiener Gruppe
Wiener Gruppe,basedIn,Vienna,Wiener Gruppe
Wiener Gruppe,influencedBy,Dadaism,Wiener Gruppe
Wiener Gruppe,influencedBy,Surrealism,Wiener Gruppe
Wiener Gruppe,associatedWith,Konrad Lorenz,Wiener Gruppe
Wiener Gruppe,associatedWith,Hans Weigel,Wiener Gruppe
Wiener Gruppe,associatedWith,Gerhard Rühm,Wiener Gruppe
Wiener Gruppe,associatedWith,Oskar Pastior,Wiener Gruppe
subject,predicate,object,2023 Slough Borough Council election
2023 Slough Borough Council election,instanceOf,local council election,2023 Slough Borough Council election
2023 Slough Borough Council election,location,Slough,2023 Slough Borough Council election
2023 Slough Borough Council election,startDate,2023-05-04,2023 Slough Borough Council election
2023 Slough Borough Council election,endDate,2023-05-04,2023 Slough Borough Council election
2023 Slough Borough Council election,partOf,2023 UK local elections,2023 Slough Borough Council election
2023 Slough Borough Council election,electedBody,Slough Borough Council,2023 Slough Borough Council election
subject,predicate,object,Hof HaSharon Regional Council
subject,predicate,object,Sandro Puppo
subject,predicate,object,Cyprus Volleyball Division 1
Cyprus Volleyball Division 1,instanceOf,sports league,Cyprus Volleyball Division 1
Cyprus Volleyball Division 1,country,Cyprus,Cyprus Volleyball Division 1
Cyprus Volleyball Division 1,sport,volleyball,Cyprus Volleyball Division 1
Cyprus Volleyball Division 1,level,1,Cyprus Volleyball Division 1
Cyprus Volleyball Division 1,organizer,Cyprus Volleyball Federation,Cyprus Volleyball Division 1
Cyprus Volleyball Division 1,hasParticipant,volleyball team,Cyprus Volleyball Division 1
Cyprus Volleyball Division 1,competition,Cyprus Volleyball Championships,Cyprus Volleyball Division 1
subject,predicate,object,Johnny Test (2021 TV series)
Rajakilpakkam,instanceOf,suburb,Rajakilpakkam
Rajakilpakkam,locatedIn,Chennai,Rajakilpakkam
Rajakilpakkam,locatedIn,Tamil Nadu,Rajakilpakkam
Rajakilpakkam,partOf,Chennai district,Rajakilpakkam
Thornton Carle Fry,instanceOf,Person,Thornton Carle Fry
Zenon Kasprzak,instanceOf,Human,Zenon Kasprzak
Zenon Kasprzak,birthDate,1957-01-15,Zenon Kasprzak
Zenon Kasprzak,birthPlace,Poland,Zenon Kasprzak
Zenon Kasprzak,deathDate,2009,Zenon Kasprzak
Zenon Kasprzak,deathPlace,Poland,Zenon Kasprzak
Zenon Kasprzak,occupation,Politician,Zenon Kasprzak
Zenon Kasprzak,politicalParty,Solidarity,Zenon Kasprzak
Zenon Kasprzak,position,Member of Sejm,Zenon Kasprzak
subject,predicate,object,Acer oligocarpum
subject,predicate,object,Ahmed Abbes
subject,predicate,object,Breakout (Miley Cyrus album)
Breakout (Miley Cyrus album),instanceOf,album,Breakout (Miley Cyrus album)
Breakout (Miley Cyrus album),artist,Miley Cyrus,Breakout (Miley Cyrus album)
Breakout (Miley Cyrus album),releaseDate,2008-07-22,Breakout (Miley Cyrus album)
Breakout (Miley Cyrus album),genre,pop,Breakout (Miley Cyrus album)
Breakout (Miley Cyrus album),genre,rock,Breakout (Miley Cyrus album)
Breakout (Miley Cyrus album),genre,country pop,Breakout (Miley Cyrus album)
Breakout (Miley Cyrus album),producer,Antonina Armato,Breakout (Miley Cyrus album)
Breakout (Miley Cyrus album),producer,Tim James (producer),Breakout (Miley Cyrus album)
Breakout (Miley Cyrus album),producer,Devrim Karaoglu,Breakout (Miley Cyrus album)
Breakout (Miley Cyrus album),producer,Matthew Gerrard,Breakout (Miley Cyrus album)
Breakout (Miley Cyrus album),producer,Drew Wilson,Breakout (Miley Cyrus album)
Breakout (Miley Cyrus album),recordLabel,Hollywood Records,Breakout (Miley Cyrus album)
Breakout (Miley Cyrus album),language,English,Breakout (Miley Cyrus album)
subject,predicate,object,United Nations Security Council Resolution 1426
subject,predicate,object,Nigel Foster (kayaker)
subject,predicate,object,Changhe station (Hangzhou Metro)
Patagonian red octopus,instanceOf,Octopus,Patagonian red octopus
Patagonian red octopus,subspeciesOf,Octopus defilippi,Patagonian red octopus
Patagonian red octopus,habitat,South Atlantic,Patagonian red octopus
Patagonian red octopus,habitat,South Pacific,Patagonian red octopus
Patagonian red octopus,distribution,Falkland Islands,Patagonian red octopus
Patagonian red octopus,distribution,South Georgia,Patagonian red octopus
Patagonian red octopus,distribution,Patagonia,Patagonian red octopus
Patagonian red octopus,diet,crustaceans,Patagonian red octopus
Patagonian red octopus,diet,mollusks,Patagonian red octopus
Patagonian red octopus,diet,fish,Patagonian red octopus
Patagonian red octopus,behavior,nocturnal,Patagonian red octopus
Patagonian red octopus,behavior,solitary animal,Patagonian red octopus
Wat Prasert Sutthawat,instanceOf,Buddhist temple,Wat Prasert Sutthawat
Wat Prasert Sutthawat,locatedIn,Bangkok,Wat Prasert Sutthawat
Wat Prasert Sutthawat,hasMonument,Phra Buddha Sothon,Wat Prasert Sutthawat
Wat Prasert Sutthawat,features,Buddha image,Wat Prasert Sutthawat
Wat Prasert Sutthawat,isOneOf,major temples,Wat Prasert Sutthawat
subject,predicate,object,George Desmond Hodnett
subject,predicate,object,Hatice Ozer Balli
We'll Be Together Again (Pat Martino album),instanceOf,album,We'll Be Together Again (Pat Martino album)
We'll Be Together Again (Pat Martino album),releaseDate,1987-09-21,We'll Be Together Again (Pat Martino album)
We'll Be Together Again (Pat Martino album),genre,jazz,We'll Be Together Again (Pat Martino album)
We'll Be Together Again (Pat Martino album),genre,bebop,We'll Be Together Again (Pat Martino album)
We'll Be Together Again (Pat Martino album),producer,Joe Fields,We'll Be Together Again (Pat Martino album)
We'll Be Together Again (Pat Martino album),recordLabel,Arabesque Records,We'll Be Together Again (Pat Martino album)
We'll Be Together Again (Pat Martino album),artist,Pat Martino,We'll Be Together Again (Pat Martino album)
subject,predicate,object,Novo Celje Mansion
2003–04 Georgia Tech Yellow Jackets men's basketball team,instanceOf,sports team,2003–04 Georgia Tech Yellow Jackets men's basketball team
2003–04 Georgia Tech Yellow Jackets men's basketball team,partOf,Georgia Tech Yellow Jackets,2003–04 Georgia Tech Yellow Jackets men's basketball team
2003–04 Georgia Tech Yellow Jackets men's basketball team,competedIn,2003-04 NCAA Division I men's basketball season,2003–04 Georgia Tech Yellow Jackets men's basketball team
2003–04 Georgia Tech Yellow Jackets men's basketball team,coachedBy,Chan Chaney,2003–04 Georgia Tech Yellow Jackets men's basketball team
2003–04 Georgia Tech Yellow Jackets men's basketball team,playsIn,Atlantic Coast Conference,2003–04 Georgia Tech Yellow Jackets men's basketball team
2003–04 Georgia Tech Yellow Jackets men's basketball team,hasConference,Atlantic Coast Conference,2003–04 Georgia Tech Yellow Jackets men's basketball team
2003–04 Georgia Tech Yellow Jackets men's basketball team,postSeason,NCAA Men's Division I Basketball Tournament,2003–04 Georgia Tech Yellow Jackets men's basketball team
2003–04 Georgia Tech Yellow Jackets men's basketball team,wins,20,2003–04 Georgia Tech Yellow Jackets men's basketball team
2003–04 Georgia Tech Yellow Jackets men's basketball team,losses,11,2003–04 Georgia Tech Yellow Jackets men's basketball team
2003–04 Georgia Tech Yellow Jackets men's basketball team,conferenceWins,9,2003–04 Georgia Tech Yellow Jackets men's basketball team
2003–04 Georgia Tech Yellow Jackets men's basketball team,conferenceLosses,7,2003–04 Georgia Tech Yellow Jackets men's basketball team
Nyamiviridae,instanceOf,family,Nyamiviridae
Nyamiviridae,subclassOf,Rhabdoviridae,Nyamiviridae
Nyamiviridae,taxonomicRank,family,Nyamiviridae
Nyamiviridae,virusName,Nyamiviridae,Nyamiviridae
Nyamiviridae,genus,Nyavirus,Nyamiviridae
Karakum (film),instanceOf,Film,Karakum (film)
Karakum (film),hasGenre,Action,Karakum (film)
Karakum (film),hasGenre,Thriller,Karakum (film)
Karakum (film),director,Yusuf Kaplan,Karakum (film)
Karakum (film),starring,Murat Yildirim,Karakum (film)
Karakum (film),starring,Beren Saat,Karakum (film)
Karakum (film),releaseYear,2018,Karakum (film)
Karakum (film),countryOfOrigin,Turkey,Karakum (film)
Karakum (film),language,Turkish,Karakum (film)
Dwarf paradise fish,instanceOf,Macropinna microstoma,Dwarf paradise fish
Dwarf paradise fish,isA,fish,Dwarf paradise fish
Dwarf paradise fish,isA,marine fish,Dwarf paradise fish
Dwarf paradise fish,foundIn,ocean,Dwarf paradise fish
Dwarf paradise fish,foundIn,deep sea,Dwarf paradise fish
Dwarf paradise fish,hasLength,small,Dwarf paradise fish
Dwarf paradise fish,hasWeight,light,Dwarf paradise fish
Dwarf paradise fish,hasColor,varied,Dwarf paradise fish
Dwarf paradise fish,eats,small invertebrates,Dwarf paradise fish
Dwarf paradise fish,eats,plankton,Dwarf paradise fish
Duchess Elisabeth Alexandrine of Mecklenburg-Schwerin,instanceOf,Duchess,Duchess Elisabeth Alexandrine of Mecklenburg-Schwerin
Duchess Elisabeth Alexandrine of Mecklenburg-Schwerin,instanceOf,Member of the House of Mecklenburg-Schwerin,Duchess Elisabeth Alexandrine of Mecklenburg-Schwerin
Duchess Elisabeth Alexandrine of Mecklenburg-Schwerin,bornAt,Mecklenburg-Schwerin,Duchess Elisabeth Alexandrine of Mecklenburg-Schwerin
Duchess Elisabeth Alexandrine of Mecklenburg-Schwerin,givenName,Elisabeth Alexandrine,Duchess Elisabeth Alexandrine of Mecklenburg-Schwerin
Duchess Elisabeth Alexandrine of Mecklenburg-Schwerin,familyName,Mecklenburg-Schwerin,Duchess Elisabeth Alexandrine of Mecklenburg-Schwerin
Duchess Elisabeth Alexandrine of Mecklenburg-Schwerin,title,Duchess,Duchess Elisabeth Alexandrine of Mecklenburg-Schwerin
Duchess Elisabeth Alexandrine of Mecklenburg-Schwerin,marriedTo,Duke Gustav Adolf of Mecklenburg-Strelitz,Duchess Elisabeth Alexandrine of Mecklenburg-Schwerin
Duchess Elisabeth Alexandrine of Mecklenburg-Schwerin,child,Duke Charles Michael of Mecklenburg-Strelitz,Duchess Elisabeth Alexandrine of Mecklenburg-Schwerin
Duchess Elisabeth Alexandrine of Mecklenburg-Schwerin,child,Duchess Elisabeth Albertine of Mecklenburg-Strelitz,Duchess Elisabeth Alexandrine of Mecklenburg-Schwerin
Duchess Elisabeth Alexandrine of Mecklenburg-Schwerin,child,Duchess Sophie Charlotte of Mecklenburg-Strelitz,Duchess Elisabeth Alexandrine of Mecklenburg-Schwerin
Thurnen railway station,instanceOf,railway station,Thurnen railway station
Thurnen railway station,locatedIn,Switzerland,Thurnen railway station
Thurnen railway station,locatedIn,Canton of Bern,Thurnen railway station
Thurnen railway station,serves,Thurnen,Thurnen railway station
Thurnen railway station,isLocatedOn,Thurnen railway line,Thurnen railway station
subject,predicate,object,German submarine U-854
German submarine U-854,instanceOf,Type VIIC U-boat,German submarine U-854
German submarine U-854,instanceOf,Submarine,German submarine U-854
German submarine U-854,partOf,Kriegsmarine,German submarine U-854
German submarine U-854,commissionedOn,1943-05-07,German submarine U-854
German submarine U-854,commandedBy,Heinrich Schuhart,German submarine U-854
German submarine U-854,sunkOn,1944-08-26,German submarine U-854
German submarine U-854,sunkAt,Barents Sea,German submarine U-854
German submarine U-854,countryOfOrigin,Germany,German submarine U-854
Bette Otto-Bliesner,instanceOf,Scientist,Bette Otto-Bliesner
Bette Otto-Bliesner,name,Bette Otto-Bliesner,Bette Otto-Bliesner
Bette Otto-Bliesner,birthDate,1903-01-30,Bette Otto-Bliesner
Bette Otto-Bliesner,deathDate,1958-02-25,Bette Otto-Bliesner
Bette Otto-Bliesner,fieldOfWork,Geology,Bette Otto-Bliesner
Bette Otto-Bliesner,fieldOfWork,Paleoclimatology,Bette Otto-Bliesner
Bette Otto-Bliesner,nationality,American,Bette Otto-Bliesner
Bette Otto-Bliesner,educatedAt,"University of California, Berkeley",Bette Otto-Bliesner
Bette Otto-Bliesner,employeeOf,United States Geological Survey,Bette Otto-Bliesner
subject,predicate,object,Free Fire (film)
Free Fire (film),instanceOf,film,Free Fire (film)
Free Fire (film),genre,action film,Free Fire (film)
Free Fire (film),genre,comedy film,Free Fire (film)
Free Fire (film),director,Lars von Trier,Free Fire (film)
Free Fire (film),starring,Julianne Moore,Free Fire (film)
Free Fire (film),starring,Ed Harris,Free Fire (film)
Free Fire (film),starring,John C. Reilly,Free Fire (film)
Free Fire (film),starring,Christopher Walken,Free Fire (film)
Free Fire (film),starring,Maraike Martin,Free Fire (film)
Free Fire (film),starring,Shohreh Aghdashloo,Free Fire (film)
Free Fire (film),releaseDate,2016-09-02,Free Fire (film)
Free Fire (film),runtime,90.0,Free Fire (film)
Free Fire (film),countryOfOrigin,United Kingdom,Free Fire (film)
Free Fire (film),countryOfOrigin,Germany,Free Fire (film)
Free Fire (film),countryOfOrigin,United States,Free Fire (film)
Free Fire (film),language,English,Free Fire (film)
Free Fire (film),award,Cannes Film Festival Award for Best Actress,Free Fire (film)
subject,predicate,object,Kaniama Airport
"Us, Ours and Yours (TV series)",instanceOf,television series,"Us, Ours and Yours (TV series)"
"Us, Ours and Yours (TV series)",genre,sitcom,"Us, Ours and Yours (TV series)"
"Us, Ours and Yours (TV series)",creator,Arthur Mathews,"Us, Ours and Yours (TV series)"
"Us, Ours and Yours (TV series)",creator,Paul Wither,"Us, Ours and Yours (TV series)"
"Us, Ours and Yours (TV series)",starring,Fiona Allen,"Us, Ours and Yours (TV series)"
"Us, Ours and Yours (TV series)",starring,Steve Coogan,"Us, Ours and Yours (TV series)"
"Us, Ours and Yours (TV series)",starring,Richard Ayoade,"Us, Ours and Yours (TV series)"
"Us, Ours and Yours (TV series)",starring,Philip Schofield,"Us, Ours and Yours (TV series)"
"Us, Ours and Yours (TV series)",country,United Kingdom,"Us, Ours and Yours (TV series)"
"Us, Ours and Yours (TV series)",originalLanguage,English,"Us, Ours and Yours (TV series)"
"Us, Ours and Yours (TV series)",numberOfEpisodes,12,"Us, Ours and Yours (TV series)"
subject,predicate,object,Cesante (film)
Cesante (film),instanceOf,film,Cesante (film)
Cesante (film),language,Galician,Cesante (film)
Cesante (film),director,Anxo Ballesteros,Cesante (film)
Cesante (film),releaseDate,2006-03-24,Cesante (film)
Cesante (film),countryOfOrigin,Spain,Cesante (film)
Cesante (film),genre,Drama,Cesante (film)
Cesante (film),runtime,90 minutes,Cesante (film)
subject,predicate,object,Castle of Ugento
subject,predicate,object,Waste Connections of Canada
Also,please keep in mind that this is a relatively small set of facts. For a very popular subject,I would expect to return many more facts.,Waste Connections of Canada
subject,predicate,object,St. Spyridon Choir
Wish You Were Here (Barbara Mandrell song),instanceOf,song,Wish You Were Here (Barbara Mandrell song)
Wish You Were Here (Barbara Mandrell song),artist,Barbara Mandrell,Wish You Were Here (Barbara Mandrell song)
Wish You Were Here (Barbara Mandrell song),releaseDate,1975-04,Wish You Were Here (Barbara Mandrell song)
Wish You Were Here (Barbara Mandrell song),genre,country music,Wish You Were Here (Barbara Mandrell song)
Wish You Were Here (Barbara Mandrell song),language,English,Wish You Were Here (Barbara Mandrell song)
Wish You Were Here (Barbara Mandrell song),album,Wish You Were Here (Barbara Mandrell album),Wish You Were Here (Barbara Mandrell song)
subject,predicate,object,Klagetoh (Leegito) Chapter House
subject,predicate,object,"Enfield, Victoria"
Hayao Kawai,instanceOf,Japanese psychologist,Hayao Kawai
Hayao Kawai,instanceOf,psychologist,Hayao Kawai
Hayao Kawai,bornIn,1927,Hayao Kawai
Hayao Kawai,diedIn,2021,Hayao Kawai
Hayao Kawai,nationality,Japanese,Hayao Kawai
Hayao Kawai,fieldOfWork,psychology,Hayao Kawai
Hayao Kawai,knownFor,The psychology of the Unconscious,Hayao Kawai
subject,predicate,object,School-Live! (film)
School-Live! (film),instanceOf,film,School-Live! (film)
School-Live! (film),partOf,School-Live!,School-Live! (film)
School-Live! (film),basedOn,School-Live!,School-Live! (film)
School-Live! (film),director,Munehisa Sakai,School-Live! (film)
School-Live! (film),starring,Kikuko Inoue,School-Live! (film)
School-Live! (film),starring,Aya Hirano,School-Live! (film)
School-Live! (film),starring,Rie Kugimiya,School-Live! (film)
School-Live! (film),starring,Natsumi Yanase,School-Live! (film)
School-Live! (film),releaseDate,2008-01-26,School-Live! (film)
School-Live! (film),runtime,90 minutes,School-Live! (film)
subject,predicate,object,Owen Wright (guitarist)
Owen Wright (guitarist),instanceOf,guitarist,Owen Wright (guitarist)
Owen Wright (guitarist),memberOf,The Hotchkiss,Owen Wright (guitarist)
Owen Wright (guitarist),playsInstrument,guitar,Owen Wright (guitarist)
Owen Wright (guitarist),hasOccupation,musician,Owen Wright (guitarist)
Owen Wright (guitarist),instrument,guitar,Owen Wright (guitarist)
subject,predicate,object,Üç Şerefeli Mosque
Üç Şerefeli Mosque,instanceOf,Mosque,Üç Şerefeli Mosque
Üç Şerefeli Mosque,locatedIn,Istanbul,Üç Şerefeli Mosque
Üç Şerefeli Mosque,namedAfter,Üç Şeref,Üç Şerefeli Mosque
Üç Şerefeli Mosque,hasArchitect,Unknown,Üç Şerefeli Mosque
Üç Şerefeli Mosque,hasMinaret,3,Üç Şerefeli Mosque
Üç Şerefeli Mosque,wasBuiltIn,15th century,Üç Şerefeli Mosque
Üç Şerefeli Mosque,wasCommissionedBy,Sultan Murad II,Üç Şerefeli Mosque
Üç Şerefeli Mosque,hasDome,Yes,Üç Şerefeli Mosque
Üç Şerefeli Mosque,hasMinbar,Yes,Üç Şerefeli Mosque
Üç Şerefeli Mosque,isLocatedIn,Beyoğlu,Üç Şerefeli Mosque
Üç Şerefeli Mosque,wasRestoredIn,19th century,Üç Şerefeli Mosque
subject,predicate,object,Tropical Storm Arlene (2011)
Tropical Storm Arlene (2011),instanceOf,Tropical Storm,Tropical Storm Arlene (2011)
Tropical Storm Arlene (2011),partOf,2011 Atlantic hurricane season,Tropical Storm Arlene (2011)
Tropical Storm Arlene (2011),namedAfter,Arlene,Tropical Storm Arlene (2011)
Tropical Storm Arlene (2011),formedOn,"June 18, 2011",Tropical Storm Arlene (2011)
Tropical Storm Arlene (2011),dissipatedOn,"June 19, 2011",Tropical Storm Arlene (2011)
Tropical Storm Arlene (2011),maximumSustainedWinds,45 mph,Tropical Storm Arlene (2011)
Tropical Storm Arlene (2011),landfall,Mexico,Tropical Storm Arlene (2011)
Tropical Storm Arlene (2011),causedDamage,$2.5 million,Tropical Storm Arlene (2011)
Tropical Storm Arlene (2011),numberOfDeaths,1,Tropical Storm Arlene (2011)
Tropical Storm Arlene (2011),type,Storm,Tropical Storm Arlene (2011)
Tropical Storm Arlene (2011),classification,Tropical Storm,Tropical Storm Arlene (2011)
Sandy scops owl,instanceOf,Scops owl,Sandy scops owl
Sandy scops owl,subclassOf,Bird,Sandy scops owl
Sandy scops owl,partOf,Scops owl family,Sandy scops owl
Sandy scops owl,foundIn,Asia,Sandy scops owl
Sandy scops owl,habitat,Tropical forest,Sandy scops owl
Sandy scops owl,habitat,Subtropical forest,Sandy scops owl
Sandy scops owl,diet,Insects,Sandy scops owl
Sandy scops owl,diet,Small mammals,Sandy scops owl
Sandy scops owl,length,20-25 cm,Sandy scops owl
Sandy scops owl,weight,100-150 grams,Sandy scops owl
subject,predicate,object,Costa Verde (Peru)
subject,predicate,object,Crystal chemistry
Tibetan serin,instanceOf,Serin,Tibetan serin
Tibetan serin,instanceOf,Bird,Tibetan serin
Tibetan serin,hasScientificName,Serinus thibetanus,Tibetan serin
Tibetan serin,isFoundIn,Tibet,Tibetan serin
Tibetan serin,isFoundIn,China,Tibetan serin
Tibetan serin,isFoundIn,India,Tibetan serin
Tibetan serin,isFoundIn,Nepal,Tibetan serin
Tibetan serin,isPartOf,Passeriformes,Tibetan serin
Tibetan serin,isPartOf,Fringillidae,Tibetan serin
Tibetan serin,hasFamily,Fringillidae,Tibetan serin
Raleigh DeGeer Amyx,instanceOf,Person,Raleigh DeGeer Amyx
Raleigh DeGeer Amyx,hasOccupation,Diplomat,Raleigh DeGeer Amyx
Raleigh DeGeer Amyx,hasOccupation,United States Ambassador,Raleigh DeGeer Amyx
Raleigh DeGeer Amyx,servedAs,United States Ambassador to Guinea,Raleigh DeGeer Amyx
Raleigh DeGeer Amyx,servedAs,United States Ambassador to Sierra Leone,Raleigh DeGeer Amyx
subject,predicate,object,Kolpino railway station
Nagao Station (Kagawa),instanceOf,railway station,Nagao Station (Kagawa)
Nagao Station (Kagawa),locatedIn,Kagawa Prefecture,Nagao Station (Kagawa)
Nagao Station (Kagawa),country,Japan,Nagao Station (Kagawa)
Nagao Station (Kagawa),servedBy,JR Shikoku,Nagao Station (Kagawa)
Nagao Station (Kagawa),hasWikipediaUrl,https://en.wikipedia.org/wiki/Nagao_Station_(Kagawa),Nagao Station (Kagawa)
George Henry Hall (artist),instanceOf,Q672133,George Henry Hall (artist)
George Henry Hall (artist),givenName,George Henry,George Henry Hall (artist)
George Henry Hall (artist),familyName,Hall,George Henry Hall (artist)
George Henry Hall (artist),birthDate,1825-10-16,George Henry Hall (artist)
George Henry Hall (artist),deathDate,1913-09-21,George Henry Hall (artist)
George Henry Hall (artist),nationality,American,George Henry Hall (artist)
George Henry Hall (artist),occupation,painter,George Henry Hall (artist)
George Henry Hall (artist),educatedAt,National Academy of Design,George Henry Hall (artist)
George Henry Hall (artist),movement,Realism,George Henry Hall (artist)
George Henry Hall (artist),notableWork,The Rail,George Henry Hall (artist)
George Henry Hall (artist),notableWork,The Gleaners,George Henry Hall (artist)
George Henry Hall (artist),notableWork,The Long Goodnight,George Henry Hall (artist)
George Henry Hall (artist),influencedBy,Thomas Cole,George Henry Hall (artist)
George Henry Hall (artist),influencedBy,Asher B. Durand,George Henry Hall (artist)
subject,predicate,object,Deerfield Dam
Gracie Mansion Gallery,instanceOf,art museum,Gracie Mansion Gallery
Gracie Mansion Gallery,location,New York City,Gracie Mansion Gallery
Gracie Mansion Gallery,location,Gracie Mansion,Gracie Mansion Gallery
Gracie Mansion Gallery,collection,American art,Gracie Mansion Gallery
Gracie Mansion Gallery,collection,European art,Gracie Mansion Gallery
Gracie Mansion Gallery,founding,1981,Gracie Mansion Gallery
Gracie Mansion Gallery,partOf,Gracie Mansion,Gracie Mansion Gallery
Swimming at the 2013 World Aquatics Championships – Men's 50 metre backstroke,instanceOf,Swimming event,Swimming at the 2013 World Aquatics Championships – Men's 50 metre backstroke
Swimming at the 2013 World Aquatics Championships – Men's 50 metre backstroke,partOf,2013 World Aquatics Championships,Swimming at the 2013 World Aquatics Championships – Men's 50 metre backstroke
Swimming at the 2013 World Aquatics Championships – Men's 50 metre backstroke,hasGender,Men,Swimming at the 2013 World Aquatics Championships – Men's 50 metre backstroke
Swimming at the 2013 World Aquatics Championships – Men's 50 metre backstroke,hasStroke,Backstroke,Swimming at the 2013 World Aquatics Championships – Men's 50 metre backstroke
Swimming at the 2013 World Aquatics Championships – Men's 50 metre backstroke,hasDistance,50 metre,Swimming at the 2013 World Aquatics Championships – Men's 50 metre backstroke
Swimming at the 2013 World Aquatics Championships – Men's 50 metre backstroke,competition,2013 World Aquatics Championships,Swimming at the 2013 World Aquatics Championships – Men's 50 metre backstroke
Swimming at the 2013 World Aquatics Championships – Men's 50 metre backstroke,winner,Aaron Peirsol,Swimming at the 2013 World Aquatics Championships – Men's 50 metre backstroke
Swimming at the 2013 World Aquatics Championships – Men's 50 metre backstroke,runner-up,Matt Grevers,Swimming at the 2013 World Aquatics Championships – Men's 50 metre backstroke
Swimming at the 2013 World Aquatics Championships – Men's 50 metre backstroke,thirdPlace,László Cseh,Swimming at the 2013 World Aquatics Championships – Men's 50 metre backstroke
subject,predicate,object,2009 World Rhythmic Gymnastics Championships
Homocitrulline,instanceOf,chemical compound,Homocitrulline
Homocitrulline,chemical formula,C7H13NO3,Homocitrulline
Homocitrulline,is a,amino acid,Homocitrulline
Homocitrulline,is an analogue of,citrulline,Homocitrulline
Homocitrulline,has a,ureido group,Homocitrulline
Homocitrulline,is involved in,ureido cycle,Homocitrulline
Homocitrulline,can be found in,blood,Homocitrulline
Homocitrulline,is a product of,allergic reaction,Homocitrulline
Homocitrulline,is related to,carbamylation,Homocitrulline
Homocitrulline,has a CAS number,3567-28-0,Homocitrulline
1997–98 Országos Bajnokság I (men's water polo),instanceOf,sports season,1997–98 Országos Bajnokság I (men's water polo)
1997–98 Országos Bajnokság I (men's water polo),startTime,1997,1997–98 Országos Bajnokság I (men's water polo)
1997–98 Országos Bajnokság I (men's water polo),endTime,1998,1997–98 Országos Bajnokság I (men's water polo)
1997–98 Országos Bajnokság I (men's water polo),country,Hungary,1997–98 Országos Bajnokság I (men's water polo)
1997–98 Országos Bajnokság I (men's water polo),sportsType,water polo,1997–98 Országos Bajnokság I (men's water polo)
Martin Hume Johnson,instanceOf,Person,Martin Hume Johnson
Martin Hume Johnson,givenName,Martin,Martin Hume Johnson
Martin Hume Johnson,familyName,Johnson,Martin Hume Johnson
Martin Hume Johnson,birthPlace,England,Martin Hume Johnson
Martin Hume Johnson,nationality,English,Martin Hume Johnson
Tulane Green Wave women's basketball,instanceOf,Women's basketball team,Tulane Green Wave women's basketball
Tulane Green Wave women's basketball,partOf,Tulane University,Tulane Green Wave women's basketball
Tulane Green Wave women's basketball,league,American Athletic Conference,Tulane Green Wave women's basketball
Tulane Green Wave women's basketball,location,"New Orleans, Louisiana",Tulane Green Wave women's basketball
Tulane Green Wave women's basketball,playsAt,Devlin Field House,Tulane Green Wave women's basketball
subject,predicate,object,Wyoming Game and Fish Department
Wyoming Game and Fish Department,instanceOf,government agency,Wyoming Game and Fish Department
Wyoming Game and Fish Department,location,Wyoming,Wyoming Game and Fish Department
Wyoming Game and Fish Department,responsibleFor,wildlife conservation,Wyoming Game and Fish Department
Wyoming Game and Fish Department,responsibleFor,fish conservation,Wyoming Game and Fish Department
Wyoming Game and Fish Department,partOf,Wyoming state government,Wyoming Game and Fish Department
Wyoming Game and Fish Department,hasMission,protect and conserve wildlife and fish populations,Wyoming Game and Fish Department
Wyoming Game and Fish Department,hasAuthority,regulate hunting and fishing,Wyoming Game and Fish Department
Wyoming Game and Fish Department,hasAuthority,issue hunting and fishing licenses,Wyoming Game and Fish Department
Vila Real railway station,instanceOf,railway station,Vila Real railway station
Vila Real railway station,locatedIn,Vila Real,Vila Real railway station
Vila Real railway station,locatedIn,Portugal,Vila Real railway station
Vila Real railway station,serves,Vila Real,Vila Real railway station
Vila Real railway station,isLocatedOn,Linea de Porto,Vila Real railway station
Vila Real railway station,hasOperator,Comboios de Portugal,Vila Real railway station
subject,predicate,object,Commandant (rank)
Commandant (rank),instanceOf,Military rank,Commandant (rank)
Commandant (rank),subordinateTo,Colonel,Commandant (rank)
Commandant (rank),superiorTo,Major,Commandant (rank)
Commandant (rank),usedIn,Military,Commandant (rank)
Commandant (rank),hasCountry,France,Commandant (rank)
Commandant (rank),hasCountry,United Kingdom,Commandant (rank)
Commandant (rank),hasCountry,United States,Commandant (rank)
Commandant (rank),equivalentTo,Commander,Commandant (rank)
Commandant (rank),equivalentTo,Commanding Officer,Commandant (rank)
Commandant (rank),hasCode,O-3,Commandant (rank)
Commandant (rank),inNationalGuard,Yes,Commandant (rank)
Commandant (rank),inReserve,Yes,Commandant (rank)
subject,predicate,object,Rocket.Chat
Rocket.Chat,instanceOf,Communication Platform,Rocket.Chat
Rocket.Chat,instanceOf,Software,Rocket.Chat
Rocket.Chat,developedBy,Rocket.Chat Team,Rocket.Chat
Rocket.Chat,programmingLanguage,JavaScript,Rocket.Chat
Rocket.Chat,operatingSystem,Cross-platform,Rocket.Chat
Rocket.Chat,license,MIT License,Rocket.Chat
Rocket.Chat,type,Instant Messaging,Rocket.Chat
Rocket.Chat,type,Collaboration Platform,Rocket.Chat
Rocket.Chat,founder,Will Larson,Rocket.Chat
Rocket.Chat,founder,Guilherme de Arruda,Rocket.Chat
Rocket.Chat,launched,2015-03-23,Rocket.Chat
Rocket.Chat,headquarters,"Boulder, Colorado",Rocket.Chat
Rocket.Chat,supports,Video conferencing,Rocket.Chat
Rocket.Chat,supports,Screen sharing,Rocket.Chat
Rocket.Chat,supports,File sharing,Rocket.Chat
Rocket.Chat,features,End-to-end encryption,Rocket.Chat
Rocket.Chat,features,Customizable,Rocket.Chat
Rocket.Chat,integratesWith,GitHub,Rocket.Chat
Rocket.Chat,integratesWith,Google Drive,Rocket.Chat
Rocket.Chat,integratesWith,Dropbox,Rocket.Chat
Rocket.Chat,usedBy,Slack alternative,Rocket.Chat
Rocket.Chat,usedBy,Microsoft Teams alternative,Rocket.Chat
Rocket.Chat,competitor,Slack,Rocket.Chat
Rocket.Chat,competitor,Microsoft Teams,Rocket.Chat
Rocket.Chat,competitor,Discord,Rocket.Chat
Brackwede station,instanceOf,railway station,Brackwede station
Brackwede station,locatedIn,Bielefeld,Brackwede station
Brackwede station,locatedIn,North Rhine-Westphalia,Brackwede station
Brackwede station,servedBy,S-Bahn,Brackwede station
Brackwede station,servedBy,Regionalbahn,Brackwede station
Brackwede station,hasElevation,94.0,Brackwede station
Brackwede station,hasCode,EBW,Brackwede station
subject,predicate,object,Boomerang (2015 film)
Boomerang (2015 film),instanceOf,film,Boomerang (2015 film)
Boomerang (2015 film),title,Boomerang,Boomerang (2015 film)
Boomerang (2015 film),year,2015,Boomerang (2015 film)
Boomerang (2015 film),director,Rupert James Ryker,Boomerang (2015 film)
Boomerang (2015 film),starring,Elgin James,Boomerang (2015 film)
Boomerang (2015 film),starring,Stephen Moyer,Boomerang (2015 film)
Boomerang (2015 film),genre,Thriller,Boomerang (2015 film)
Boomerang (2015 film),genre,Drama,Boomerang (2015 film)
Boomerang (2015 film),runtime,90 minutes,Boomerang (2015 film)
Boomerang (2015 film),productionCompany,Level 33 Entertainment,Boomerang (2015 film)
Boomerang (2015 film),distributor,Universal Pictures,Boomerang (2015 film)
Boomerang (2015 film),releaseDate,"April 1, 2015",Boomerang (2015 film)
Boomerang (2015 film),country,United States,Boomerang (2015 film)
subject,predicate,object,Henriette Hansen (handballer)
Henriette Hansen (handballer),instanceOf,Handball Player,Henriette Hansen (handballer)
Henriette Hansen (handballer),birthDate,1964,Henriette Hansen (handballer)
Henriette Hansen (handballer),plays,Handball,Henriette Hansen (handballer)
Henriette Hansen (handballer),position,Goalkeeper,Henriette Hansen (handballer)
Henriette Hansen (handballer),nationality,Danish,Henriette Hansen (handballer)
Henriette Hansen (handballer),team,Denmark women's national handball team,Henriette Hansen (handballer)
subject,predicate,object,Ismael Edwards Matte
Never Never (TV series),instanceOf,Television series,Never Never (TV series)
Never Never (TV series),genre,Drama,Never Never (TV series)
Never Never (TV series),creator,Shonda Rhimes,Never Never (TV series)
Never Never (TV series),basedOn,Never Never,Never Never (TV series)
Never Never (TV series),starring,Noah Centineo,Never Never (TV series)
Never Never (TV series),starring,Lana Condor,Never Never (TV series)
Never Never (TV series),countryOfOrigin,United States,Never Never (TV series)
Never Never (TV series),language,English,Never Never (TV series)
Never Never (TV series),numberOfEpisodes,34,Never Never (TV series)
Never Never (TV series),numberOfSeasons,2,Never Never (TV series)
Never Never (TV series),premiereDate,"May 27, 2019",Never Never (TV series)
Never Never (TV series),endDate,"July 30, 2020",Never Never (TV series)
Never Never (TV series),productionCompany,Shondaland Productions,Never Never (TV series)
Never Never (TV series),distributor,Netflix,Never Never (TV series)
Church of St. Elizabeth of Hungary in Łódź,instanceOf,church,Church of St. Elizabeth of Hungary in Łódź
Church of St. Elizabeth of Hungary in Łódź,dedicatedTo,Elizabeth of Hungary,Church of St. Elizabeth of Hungary in Łódź
Church of St. Elizabeth of Hungary in Łódź,locatedIn,Łódź,Church of St. Elizabeth of Hungary in Łódź
Church of St. Elizabeth of Hungary in Łódź,isPartOf,Diocese of Łódź and Poznań,Church of St. Elizabeth of Hungary in Łódź
Church of St. Elizabeth of Hungary in Łódź,hasDenomination,Catholic Church,Church of St. Elizabeth of Hungary in Łódź
Church of St. Elizabeth of Hungary in Łódź,hasArchitecturalStyle,neogothic,Church of St. Elizabeth of Hungary in Łódź
subject,predicate,object,Llansantffraid railway station
Peter Laurence (diplomat),instanceOf,Diplomat,Peter Laurence (diplomat)
Peter Laurence (diplomat),birthDate,1921-05-16,Peter Laurence (diplomat)
Peter Laurence (diplomat),deathDate,2009-03-14,Peter Laurence (diplomat)
Peter Laurence (diplomat),nationality,British,Peter Laurence (diplomat)
subject,predicate,object,Bayerisches Armeemuseum
Bayerisches Armeemuseum,instanceOf,Military museum,Bayerisches Armeemuseum
Bayerisches Armeemuseum,location,Ingolstadt,Bayerisches Armeemuseum
Bayerisches Armeemuseum,country,Germany,Bayerisches Armeemuseum
Bayerisches Armeemuseum,foundingDate,1901-06-16,Bayerisches Armeemuseum
Bayerisches Armeemuseum,namedAfter,Bavarian Army,Bayerisches Armeemuseum
Bayerisches Armeemuseum,type,Armory,Bayerisches Armeemuseum
Bayerisches Armeemuseum,collection,Military equipment,Bayerisches Armeemuseum
Bayerisches Armeemuseum,collection,Uniforms,Bayerisches Armeemuseum
Bayerisches Armeemuseum,collection,Flags,Bayerisches Armeemuseum
Alex Allan (footballer),instanceOf,Q12275868,Alex Allan (footballer)
Alex Allan (footballer),givenName,Alex,Alex Allan (footballer)
Alex Allan (footballer),familyName,Allan,Alex Allan (footballer)
Alex Allan (footballer),birthDate,1991-05-19,Alex Allan (footballer)
Alex Allan (footballer),birthPlace,Glasgow,Alex Allan (footballer)
Alex Allan (footballer),position,Midfielder,Alex Allan (footballer)
Alex Allan (footballer),hasOccupation,Footballer,Alex Allan (footballer)
subject,predicate,object,Ten Ren Tea
subject,predicate,object,Luis González Maté
subject,predicate,object,Dorothea Waley Singer
Dorothea Waley Singer,instanceOf,Person,Dorothea Waley Singer
Dorothea Waley Singer,birthName,Dorothea Waley,Dorothea Waley Singer
Dorothea Waley Singer,marriage,Robert Singer,Dorothea Waley Singer
Dorothea Waley Singer,givenName,Dorothea,Dorothea Waley Singer
Dorothea Waley Singer,familyName,Waley,Dorothea Waley Singer
Dorothea Waley Singer,surname,Singer,Dorothea Waley Singer
subject,predicate,object,E. Talbot Donaldson
1995–96 Arkansas Razorbacks men's basketball team,instanceOf,NCAA Division I men's basketball team,1995–96 Arkansas Razorbacks men's basketball team
1995–96 Arkansas Razorbacks men's basketball team,partOf,1995-96 NCAA Division I men's basketball season,1995–96 Arkansas Razorbacks men's basketball team
1995–96 Arkansas Razorbacks men's basketball team,participantOf,1995-96 Southeastern Conference men's basketball season,1995–96 Arkansas Razorbacks men's basketball team
1995–96 Arkansas Razorbacks men's basketball team,hasHeadCoach,Stan Heath,1995–96 Arkansas Razorbacks men's basketball team
1995–96 Arkansas Razorbacks men's basketball team,playsIn,Bud Walton Arena,1995–96 Arkansas Razorbacks men's basketball team
1995–96 Arkansas Razorbacks men's basketball team,represent,University of Arkansas,1995–96 Arkansas Razorbacks men's basketball team
1995–96 Arkansas Razorbacks men's basketball team,season,1995-96,1995–96 Arkansas Razorbacks men's basketball team
1995–96 Arkansas Razorbacks men's basketball team,conference,Southeastern Conference,1995–96 Arkansas Razorbacks men's basketball team
1995–96 Arkansas Razorbacks men's basketball team,league,NCAA Division I,1995–96 Arkansas Razorbacks men's basketball team
1995–96 Arkansas Razorbacks men's basketball team,NCAA postseason,none,1995–96 Arkansas Razorbacks men's basketball team
Anne Buttimer,instanceOf,Human,Anne Buttimer
Anne Buttimer,bornIn,1931,Anne Buttimer
Anne Buttimer,diedIn,2019,Anne Buttimer
Anne Buttimer,nationality,Irish,Anne Buttimer
Anne Buttimer,nationality,Canadian,Anne Buttimer
Anne Buttimer,field,Geography,Anne Buttimer
Anne Buttimer,field,Philosophy,Anne Buttimer
Anne Buttimer,educatedAt,University College Dublin,Anne Buttimer
Anne Buttimer,educatedAt,University of Wisconsin,Anne Buttimer
Anne Buttimer,awarded,Royal Geographical Society,Anne Buttimer
Anne Buttimer,memberOf,Royal Irish Academy,Anne Buttimer
Anne Buttimer,presidentOf,International Geographical Union,Anne Buttimer
Anne Buttimer,publishedBy,Apostle of the Sacred Heart,Anne Buttimer
Anne Buttimer,publishedBy,Geographical Review,Anne Buttimer
Anne Buttimer,publishedBy,Journal of Geography,Anne Buttimer
subject,predicate,object,Serikbolsyn Abdildin
Ross Barkley,instanceOf,Human,Ross Barkley
Ross Barkley,instanceOf,Footballer,Ross Barkley
Ross Barkley,bornOn,1993-12-10,Ross Barkley
Ross Barkley,birthPlace,Weybridge,Ross Barkley
Ross Barkley,nationality,English,Ross Barkley
Ross Barkley,plays,Midfielder,Ross Barkley
Ross Barkley,playsFor,Chelsea F.C.,Ross Barkley
Ross Barkley,playsFor,Everton F.C.,Ross Barkley
Ross Barkley,playsFor,Nice,Ross Barkley
Ross Barkley,hasJerseyNumber,8,Ross Barkley
Ross Barkley,hasJerseyNumber,10,Ross Barkley
Ross Barkley,position,Attacking midfielder,Ross Barkley
Ross Barkley,position,Central midfielder,Ross Barkley
Ross Barkley,isMemberOf,England national football team,Ross Barkley
Ross Barkley,isMemberOf,England national under-21 football team,Ross Barkley
Ross Barkley,scoredGoals,14,Ross Barkley
Ross Barkley,scoredGoals,25,Ross Barkley
Ross Barkley,transferFee,£200 million,Ross Barkley
Ross Barkley,transferFee,£40 million,Ross Barkley
Ross Barkley,transferDate,2010-11-01,Ross Barkley
Ross Barkley,transferDate,2018-01-01,Ross Barkley
Ross Barkley,transferDate,2022-07-01,Ross Barkley
The Adventures of Nicholas Nickleby,instanceOf,novel,The Adventures of Nicholas Nickleby
The Adventures of Nicholas Nickleby,author,Charles Dickens,The Adventures of Nicholas Nickleby
The Adventures of Nicholas Nickleby,publishedIn,1839,The Adventures of Nicholas Nickleby
The Adventures of Nicholas Nickleby,partOf,The Charles Dickens Collection,The Adventures of Nicholas Nickleby
The Adventures of Nicholas Nickleby,genre,Bildungsroman,The Adventures of Nicholas Nickleby
The Adventures of Nicholas Nickleby,genre,Comedy,The Adventures of Nicholas Nickleby
The Adventures of Nicholas Nickleby,genre,Drama,The Adventures of Nicholas Nickleby
The Adventures of Nicholas Nickleby,basedOn,The Life and Adventures of Nicholas Nickleby,The Adventures of Nicholas Nickleby
The Adventures of Nicholas Nickleby,hasCharacter,Nicholas Nickleby,The Adventures of Nicholas Nickleby
The Adventures of Nicholas Nickleby,hasCharacter,Ralph Nickleby,The Adventures of Nicholas Nickleby
The Adventures of Nicholas Nickleby,hasCharacter,Smike,The Adventures of Nicholas Nickleby
The Adventures of Nicholas Nickleby,hasCharacter,Mrs. Bootmab,The Adventures of Nicholas Nickleby
The Adventures of Nicholas Nickleby,hasCharacter,Newman Noggs,The Adventures of Nicholas Nickleby
The Adventures of Nicholas Nickleby,hasCharacter,Fanny Frump,The Adventures of Nicholas Nickleby
The Adventures of Nicholas Nickleby,hasCharacter,Dora,The Adventures of Nicholas Nickleby
The Adventures of Nicholas Nickleby,hasCharacter,Lord Verres,The Adventures of Nicholas Nickleby
The Adventures of Nicholas Nickleby,hasCharacter,Mad Dog,The Adventures of Nicholas Nickleby
The Adventures of Nicholas Nickleby,hasCharacter,Grim,The Adventures of Nicholas Nickleby
The Adventures of Nicholas Nickleby,hasCharacter,Barnacle,The Adventures of Nicholas Nickleby
The Adventures of Nicholas Nickleby,hasCharacter,Moulder,The Adventures of Nicholas Nickleby
The Adventures of Nicholas Nickleby,hasCharacter,Sneer,The Adventures of Nicholas Nickleby
The Adventures of Nicholas Nickleby,hasCharacter,Trotter,The Adventures of Nicholas Nickleby
The Adventures of Nicholas Nickleby,hasCharacter,Crowley,The Adventures of Nicholas Nickleby
The Adventures of Nicholas Nickleby,hasCharacter,Gregory,The Adventures of Nicholas Nickleby
The Adventures of Nicholas Nickleby,hasCharacter,Phiz,The Adventures of Nicholas Nickleby
The Adventures of Nicholas Nickleby,hasCharacter,Kenwigs,The Adventures of Nicholas Nickleby
The Adventures of Nicholas Nickleby,hasCharacter,Well,The Adventures of Nicholas Nickleby
The Adventures of Nicholas Nickleby,hasCharacter,Snivelling,The Adventures of Nicholas Nickleby
The Adventures of Nicholas Nickleby,hasCharacter,Sowerberry,The Adventures of Nicholas Nickleby
2011–12 Harvard Crimson men's basketball team,instanceOf,Basketball team,2011–12 Harvard Crimson men's basketball team
2011–12 Harvard Crimson men's basketball team,partOf,Harvard University,2011–12 Harvard Crimson men's basketball team
2011–12 Harvard Crimson men's basketball team,competesIn,NCAA Division I,2011–12 Harvard Crimson men's basketball team
2011–12 Harvard Crimson men's basketball team,league,NCAA,2011–12 Harvard Crimson men's basketball team
2011–12 Harvard Crimson men's basketball team,season,2011-2012,2011–12 Harvard Crimson men's basketball team
2011–12 Harvard Crimson men's basketball team,coach,Jesse Meehan,2011–12 Harvard Crimson men's basketball team
2011–12 Harvard Crimson men's basketball team,arena,Lavietes Pavilion,2011–12 Harvard Crimson men's basketball team
Judo at the 2023 Pan American Games – Women's 63 kg,instanceOf,Judo competition,Judo at the 2023 Pan American Games – Women's 63 kg
Judo at the 2023 Pan American Games – Women's 63 kg,partOf,Judo at the 2023 Pan American Games,Judo at the 2023 Pan American Games – Women's 63 kg
Judo at the 2023 Pan American Games – Women's 63 kg,hasGender,Women's,Judo at the 2023 Pan American Games – Women's 63 kg
Judo at the 2023 Pan American Games – Women's 63 kg,hasWeightClass,63 kg,Judo at the 2023 Pan American Games – Women's 63 kg
Judo at the 2023 Pan American Games – Women's 63 kg,startDate,2023-10-28,Judo at the 2023 Pan American Games – Women's 63 kg
Judo at the 2023 Pan American Games – Women's 63 kg,endDate,2023-10-28,Judo at the 2023 Pan American Games – Women's 63 kg
Judo at the 2023 Pan American Games – Women's 63 kg,competitor,Judoka,Judo at the 2023 Pan American Games – Women's 63 kg
Judo at the 2023 Pan American Games – Women's 63 kg,award,Gold medal,Judo at the 2023 Pan American Games – Women's 63 kg
Judo at the 2023 Pan American Games – Women's 63 kg,award,Silver medal,Judo at the 2023 Pan American Games – Women's 63 kg
Judo at the 2023 Pan American Games – Women's 63 kg,award,Bronze medal,Judo at the 2023 Pan American Games – Women's 63 kg
