subject,predicate,object,subject_name
Ton Elias,instanceOf,journalist,Ton Elias (journalist)
Ton Elias,hasNationality,Dutch,Ton Elias (journalist)
Ton Elias,occupation,journalist,Ton Elias (journalist)
Ton Elias,worksAt,NRC Handelsblad,Ton Elias (journalist)
Ton Elias,isAffiliatedWith,Vrij Nederland,Ton Elias (journalist)
Kurt Heyser,instanceOf,Person,Kurt Heyser
Kurt Heyser,birthDate,1969-04-17,Kurt Heyser
Kurt Heyser,deathDate,2004-09-11,Kurt Heyser
Kurt Heyser,killedIn,September 11 attacks,Kurt Heyser
Kurt Heyser,workedAt,Federal Aviation Administration,Kurt Heyser
Ivo Beck,instanceOf,Person,Ivo Beck
Ivo Beck,birthDate,1901-06-26,Ivo Beck
Ivo Beck,deathDate,1946-05-18,Ivo Beck
Ivo Beck,residence,Croatia,Ivo Beck
Ivo Beck,occupation,Politician,Ivo Beck
Ivo Beck,primeMinisterOf,Kingdom of Yugoslavia,Ivo Beck
Turhan Feyzioğlu,instanceOf,Person,Turhan Feyzioğlu
Turhan Feyzioğlu,isTurkish,true,Turhan Feyzioğlu
Turhan Feyzioğlu,isPolitician,true,Turhan Feyzioğlu
Turhan Feyzioğlu,wasDeputy,Turkey,Turhan Feyzioğlu
Turhan Feyzioğlu,heldPosition,Minister of Justice,Turhan Feyzioğlu
Jerzy Giedzieński,instanceOf,Human,Jerzy Giedzieński
Jerzy Giedzieński,bornIn,Poland,Jerzy Giedzieński
Jerzy Giedzieński,diedIn,1983,Jerzy Giedzieński
Jerzy Giedzieński,workedAs,writer,Jerzy Giedzieński
Jerzy Giedzieński,workedAs,publicist,Jerzy Giedzieński
Jerzy Giedzieński,wrote,Związek Radziecki,Jerzy Giedzieński
Edward Warner (1511–1565),instanceOf,Human,Edward Warner (1511–1565)
Edward Warner (1511–1565),birthDate,1511,Edward Warner (1511–1565)
Edward Warner (1511–1565),deathDate,1565,Edward Warner (1511–1565)
Edward Warner (1511–1565),occupation,Politician,Edward Warner (1511–1565)
Edward Warner (1511–1565),position,Member of Parliament,Edward Warner (1511–1565)
Edward Warner (1511–1565),country,England,Edward Warner (1511–1565)
Malik Afegbua,instanceOf,Person,Malik Afegbua
Malik Afegbua,plays,football,Malik Afegbua
Malik Afegbua,position,striker,Malik Afegbua
Moses Mahlangu,instanceOf,Person,Moses Mahlangu
Moses Mahlangu,type,Politician,Moses Mahlangu
Moses Mahlangu,position,Deputy Speaker of the National Assembly of South Africa,Moses Mahlangu
Moses Mahlangu,position,Member of the Executive Council for Education,Moses Mahlangu
Moses Mahlangu,employer,African National Congress,Moses Mahlangu
Moses Mahlangu,employer,South African National Government,Moses Mahlangu
e.g. his nationality,notable works,etc.,Bruce Martin (architect)
subject,predicate,object,Rustico Torrecampo
Rustico Torrecampo,instanceOf,Person,Rustico Torrecampo
Rustico Torrecampo,birthDate,1912-07-14,Rustico Torrecampo
Rustico Torrecampo,deathDate,1989-08-26,Rustico Torrecampo
Rustico Torrecampo,occupation,Farmer,Rustico Torrecampo
Rustico Torrecampo,knownFor,Jeepney,Rustico Torrecampo
Rustico Torrecampo,knownFor,Transportation business,Rustico Torrecampo
Rustico Torrecampo,nationality,Filipino,Rustico Torrecampo
Rustico Torrecampo,business,Jeepney manufacturing,Rustico Torrecampo
Rustico Torrecampo,business,Transportation,Rustico Torrecampo
Rustico Torrecampo,founded,Jeepney,Rustico Torrecampo
Rustico Torrecampo,basedIn,Philippines,Rustico Torrecampo
subject,predicate,object,Rafael Yerena Zambrano
Kim Chong-hoh,instanceOf,Human,Kim Chong-hoh
Kim Chong-hoh,birthPlace,Seoul,Kim Chong-hoh
Kim Chong-hoh,occupation,Diplomat,Kim Chong-hoh
Kim Chong-hoh,occupation,Politician,Kim Chong-hoh
Kim Chong-hoh,position,South Korean ambassador to the United States,Kim Chong-hoh
subject,predicate,object,Louis V. Pirsson
subject,predicate,object,Elia Alessandrini
Sean Joyner,instanceOf,Q5,Sean Joyner
Sean Joyner,givenName,Sean,Sean Joyner
Sean Joyner,familyName,Joyner,Sean Joyner
Sean Joyner,birthDate,1980-05-16,Sean Joyner
Sean Joyner,birthPlace,"Philadelphia, Pennsylvania",Sean Joyner
Sean Joyner,residence,"Los Angeles, California",Sean Joyner
Sean Joyner,occupation,actor,Sean Joyner
Sean Joyner,occupation,voice actor,Sean Joyner
Sean Joyner,almaMater,University of the Arts,Sean Joyner
Sean Joyner,notableWork,Adventure Time,Sean Joyner
Sean Joyner,notableWork,OK K.O.! Let's Be Heroes,Sean Joyner
Sean Joyner,notableWork,Steven Universe,Sean Joyner
Alexander Izmaylov (critic),instanceOf,Human,Alexander Izmaylov (critic)
Alexander Izmaylov (critic),instanceOf,Literary Critic,Alexander Izmaylov (critic)
Alexander Izmaylov (critic),birthPlace,Russian Empire,Alexander Izmaylov (critic)
Alexander Izmaylov (critic),birthYear,1875,Alexander Izmaylov (critic)
Alexander Izmaylov (critic),deathYear,1931,Alexander Izmaylov (critic)
Alexander Izmaylov (critic),nationality,Russian,Alexander Izmaylov (critic)
Alexander Izmaylov (critic),occupation,Literary critic,Alexander Izmaylov (critic)
Alexander Izmaylov (critic),occupation,Writer,Alexander Izmaylov (critic)
Alexander Izmaylov (critic),writtenIn,Russian,Alexander Izmaylov (critic)
Oscar Clemente Marroquín,instanceOf,Human,Oscar Clemente Marroquín
Oscar Clemente Marroquín,givenName,Oscar Clemente,Oscar Clemente Marroquín
Oscar Clemente Marroquín,familyName,Marroquín,Oscar Clemente Marroquín
Oscar Clemente Marroquín,subjectHasRole,Guatemalan politician,Oscar Clemente Marroquín
Oscar Clemente Marroquín,subjectHasRole,Deputy,Oscar Clemente Marroquín
Oscar Clemente Marroquín,inOffice,2019-2020,Oscar Clemente Marroquín
subject,predicate,object,Ale García (footballer)
Frank E. Van Lare,instanceOf,Human,Frank E. Van Lare
Frank E. Van Lare,bornIn,New York,Frank E. Van Lare
Frank E. Van Lare,diedIn,New York,Frank E. Van Lare
Frank E. Van Lare,occupation,Politician,Frank E. Van Lare
Frank E. Van Lare,politicalParty,Republican Party,Frank E. Van Lare
Frank E. Van Lare,position,Member of the New York State Assembly,Frank E. Van Lare
Yadhira Yvette Tamayo Herrera,instanceOf,Human,Yadhira Yvette Tamayo Herrera
Yadhira Yvette Tamayo Herrera,birthPlace,Mexico,Yadhira Yvette Tamayo Herrera
Yadhira Yvette Tamayo Herrera,occupation,Model,Yadhira Yvette Tamayo Herrera
Yadhira Yvette Tamayo Herrera,occupation,Beauty pageant contestant,Yadhira Yvette Tamayo Herrera
Yadhira Yvette Tamayo Herrera,title,Miss Mexico 2017,Yadhira Yvette Tamayo Herrera
Yadhira Yvette Tamayo Herrera,title,Miss Universe Mexico 2017,Yadhira Yvette Tamayo Herrera
Pedro Juan Rosaly,instanceOf,Person,Pedro Juan Rosaly
Pedro Juan Rosaly,birthPlace,"Ponce, Puerto Rico",Pedro Juan Rosaly
Pedro Juan Rosaly,occupation,Politician,Pedro Juan Rosaly
Pedro Juan Rosaly,office,Resident Commissioner of Puerto Rico,Pedro Juan Rosaly
Pedro Juan Rosaly,term,1917-1921,Pedro Juan Rosaly
Pedro Juan Rosaly,party,Republican Party,Pedro Juan Rosaly
Henryk Merczyng,instanceOf,Human,Henryk Merczyng
Henryk Merczyng,birthDate,1857,Henryk Merczyng
Henryk Merczyng,deathDate,1927,Henryk Merczyng
Henryk Merczyng,occupation,architect,Henryk Merczyng
Henryk Merczyng,occupation,educator,Henryk Merczyng
Henryk Merczyng,educatedAt,Academy of Fine Arts in Krakow,Henryk Merczyng
Henryk Merczyng,workIn,Poland,Henryk Merczyng
Henryk Merczyng,knownFor,Art Nouveau architecture,Henryk Merczyng
Fellag,instanceOf,Algerian writer,Fellag
Fellag,instanceOf,Comedian,Fellag
Fellag,birthDate,1955,Fellag
Fellag,givenName,Fellag,Fellag
Fellag,familyName, Fellag,Fellag
Fellag,countryOfCitizenship,Algeria,Fellag
Fellag,occupation,actor,Fellag
Fellag,occupation,writer,Fellag
Fellag,occupation, comedian,Fellag
Fellag,awardReceived,Merit Order,Fellag
Fellag,awardReceived,National Order of Merit,Fellag
Elli Alexiou,instanceOf,Person,Elli Alexiou
Elli Alexiou,birthPlace,Greece,Elli Alexiou
Elli Alexiou,nationality,Greek,Elli Alexiou
Elli Alexiou,occupation,Writer,Elli Alexiou
Elli Alexiou,occupation,Feminist,Elli Alexiou
Elli Alexiou,deathDate,1952-03-14,Elli Alexiou
Elli Alexiou,givenName,Elli,Elli Alexiou
Elli Alexiou,familyName,Alexiou,Elli Alexiou
Zeniya Gohei,instanceOf,Japanese video game designer,Zeniya Gohei
Zeniya Gohei,employedBy,Square Enix,Zeniya Gohei
Zeniya Gohei,workedOn,Final Fantasy series,Zeniya Gohei
Zeniya Gohei,workedOn,Vagrant Story,Zeniya Gohei
Zeniya Gohei,workedOn,Dragon Quest series,Zeniya Gohei
Hallveig Ormsdóttir,instanceOf,Viking Age person,Hallveig Ormsdóttir
Hallveig Ormsdóttir,mentionedIn,Gesta Danorum,Hallveig Ormsdóttir
Hallveig Ormsdóttir,mentionedIn,Heimskringla,Hallveig Ormsdóttir
Hallveig Ormsdóttir,father,Orm,Hallveig Ormsdóttir
Hallveig Ormsdóttir,familyMember,Hafli,Hallveig Ormsdóttir
Hallveig Ormsdóttir,familyMember,Gaute,Hallveig Ormsdóttir
subject,predicate,object,Lino Cayetano
Lino Cayetano,instanceOf,Politician,Lino Cayetano
Lino Cayetano,instanceOf,Businessperson,Lino Cayetano
Lino Cayetano,givenName,Lino,Lino Cayetano
Lino Cayetano,familyName,Cayetano,Lino Cayetano
Lino Cayetano,birthPlace,Philippines,Lino Cayetano
Lino Cayetano,occupation,Politician,Lino Cayetano
Lino Cayetano,occupation,Businessperson,Lino Cayetano
Lino Cayetano,position,Member of the House of Representatives of the Philippines,Lino Cayetano
Lino Cayetano,position,Mayor of Taguig,Lino Cayetano
Lino Cayetano,relative,Alan Peter Cayetano,Lino Cayetano
John Ferguson Davie,instanceOf,Person,John Ferguson Davie
John Ferguson Davie,birthDate,1826-01-28,John Ferguson Davie
John Ferguson Davie,deathDate,1908-01-01,John Ferguson Davie
John Ferguson Davie,birthPlace,"St. Andrews, Fife, Scotland",John Ferguson Davie
John Ferguson Davie,nationality,Scottish,John Ferguson Davie
John Ferguson Davie,occupation,Politician,John Ferguson Davie
John Ferguson Davie,position,Member of Parliament,John Ferguson Davie
John Ferguson Davie,position,Sherriff,John Ferguson Davie
John Ferguson Davie,education,University of Edinburgh,John Ferguson Davie
John Ferguson Davie,residence,Scotland,John Ferguson Davie
subject,predicate,object,Sefer Seferi
Eduard Bazardo,instanceOf,Human,Eduard Bazardo
Eduard Bazardo,occupation,Footballer,Eduard Bazardo
Eduard Bazardo,plays,Defender,Eduard Bazardo
Eduard Bazardo,isPlayerOf,Metz,Eduard Bazardo
Eduard Bazardo,hasNationality,Venezuelan,Eduard Bazardo
Eduard Bazardo,dateOfBirth,1997-08-17,Eduard Bazardo
Claudio Camaso,instanceOf,Human,Claudio Camaso
Claudio Camaso,birthPlace,Rome,Claudio Camaso
Claudio Camaso,deathPlace,Rome,Claudio Camaso
Claudio Camaso,spouse,Patricia Reggiani,Claudio Camaso
Claudio Camaso,child,Silvia Camaso,Claudio Camaso
Claudio Camaso,occupation,Businessman,Claudio Camaso
Pieter Kasteleyn,instanceOf,Dutch physicist,Pieter Kasteleyn
Pieter Kasteleyn,instanceOf, mathematician,Pieter Kasteleyn
Pieter Kasteleyn,bornIn,1924-05-21,Pieter Kasteleyn
Pieter Kasteleyn,diedIn,1992-04-17,Pieter Kasteleyn
Pieter Kasteleyn,workedAt,University of Groningen,Pieter Kasteleyn
Pieter Kasteleyn,contributedTo,mathematical physics,Pieter Kasteleyn
Pieter Kasteleyn,contributedTo,statistical mechanics,Pieter Kasteleyn
Pieter Kasteleyn,knownFor,Kasteleyn's theorem,Pieter Kasteleyn
Pieter Kasteleyn,knownFor,Kasteleyn matrix,Pieter Kasteleyn
Jaipal Singh Munda,instanceOf,Person,Jaipal Singh Munda
Jaipal Singh Munda,bornIn,Jharkhand,Jaipal Singh Munda
Jaipal Singh Munda,diedOn,1973,Jaipal Singh Munda
Jaipal Singh Munda,knownFor,Freedom fighter,Jaipal Singh Munda
Jaipal Singh Munda,knownFor,Politician,Jaipal Singh Munda
Jaipal Singh Munda,memberOf,Indian National Congress,Jaipal Singh Munda
Jaipal Singh Munda,presidentOf,Birsa Religious Movement,Jaipal Singh Munda
Jaipal Singh Munda,involvedIn,Indian independence movement,Jaipal Singh Munda
subject,predicate,object,Jolyon Coy
Jeffrey P. Victory,instanceOf,Person,Jeffrey P. Victory
Jeffrey P. Victory,isA,Judge,Jeffrey P. Victory
Jeffrey P. Victory,isA,Louisiana Supreme Court Justice,Jeffrey P. Victory
Jeffrey P. Victory,hasPosition,Justice of the Louisiana Supreme Court,Jeffrey P. Victory
Jeffrey P. Victory,hasTermStart,2016,Jeffrey P. Victory
Jeffrey P. Victory,hasTermEnd,2030,Jeffrey P. Victory
Jeffrey P. Victory,hasEducation,Louisiana State University,Jeffrey P. Victory
Jeffrey P. Victory,hasEducation,Paul M. Hebert Law Center,Jeffrey P. Victory
subject,predicate,object,Pierre Alfred Déséglise
Theodore Christian Frye,instanceOf,Person,Theodore Christian Frye
Theodore Christian Frye,givenName,Theodore Christian,Theodore Christian Frye
Theodore Christian Frye,familyName,Frye,Theodore Christian Frye
Theodore Christian Frye,birthDate,1850-08-21,Theodore Christian Frye
Theodore Christian Frye,deathDate,1932-08-07,Theodore Christian Frye
Theodore Christian Frye,occupation,Botanist,Theodore Christian Frye
Theodore Christian Frye,educatedAt,"University of California, Berkeley",Theodore Christian Frye
Theodore Christian Frye,workplace,"University of California, Los Angeles",Theodore Christian Frye
Theodore Christian Frye,fieldOfWork,Botany,Theodore Christian Frye
Theodore Christian Frye,publishedIn,Mycological Society of America,Theodore Christian Frye
Theodore Christian Frye,memberOf,Mycological Society of America,Theodore Christian Frye
Theodore Christian Frye,hasNationality,American,Theodore Christian Frye
subject,predicate,object,Marie-José Béguelin
subject,predicate,object,Aleksandar Maksimović
Ciriaco Cano,instanceOf,Human,Ciriaco Cano
Ciriaco Cano,birthDate,1774,Ciriaco Cano
Ciriaco Cano,deathDate,1845,Ciriaco Cano
Ciriaco Cano,occupation,Politician,Ciriaco Cano
Ciriaco Cano,country,Spain,Ciriaco Cano
Ian Subiabre,instanceOf,Human,Ian Subiabre
Ian Subiabre,hasOccupation,Musician,Ian Subiabre
Ian Subiabre,playsInstrument,Guitar,Ian Subiabre
Ian Subiabre,isPartOf,The Strokes,Ian Subiabre
Ian Subiabre,isPartOf,Nick Zinner and Ian Subiabre,Ian Subiabre
Ian Subiabre,hasNationality,American,Ian Subiabre
Jaco Geurts,instanceOf,Human,Jaco Geurts
Jaco Geurts,occupation,Politician,Jaco Geurts
Jaco Geurts,position,Member of the European Parliament,Jaco Geurts
Jaco Geurts,memberOf,European Parliament,Jaco Geurts
Jaco Geurts,country,Netherlands,Jaco Geurts
Jaco Geurts,party,Christian Democratic Appeal,Jaco Geurts
Georgiana Teodorescu,instanceOf,Human,Georgiana Teodorescu
Georgiana Teodorescu,birthPlace,Romania,Georgiana Teodorescu
Georgiana Teodorescu,occupation,Singer,Georgiana Teodorescu
Georgiana Teodorescu,genre,Pop music,Georgiana Teodorescu
Georgiana Teodorescu,instrument,Voice,Georgiana Teodorescu
Murat Aitkhozhin,instanceOf,Person,Murat Aitkhozhin
Murat Aitkhozhin,isA,Kazakhstani politician,Murat Aitkhozhin
Murat Aitkhozhin,isA,Member of the Majilis,Murat Aitkhozhin
Murat Aitkhozhin,position,Member of the Majilis,Murat Aitkhozhin
Murat Aitkhozhin,country,Kazakhstan,Murat Aitkhozhin
Murat Aitkhozhin,givenName,Murat,Murat Aitkhozhin
Murat Aitkhozhin,familyName,Aitkhozhin,Murat Aitkhozhin
Olivia Mary Nantongo,instanceOf,Person,Olivia Mary Nantongo
Olivia Mary Nantongo,hasOccupation,Ugandan academic,Olivia Mary Nantongo
Olivia Mary Nantongo,hasNationality,Ugandan,Olivia Mary Nantongo
Gloria Heath,instanceOf,Person,Gloria Heath
Gloria Heath,birthDate,1926-04-09,Gloria Heath
Gloria Heath,deathDate,2018-05-16,Gloria Heath
Gloria Heath,occupation,Musician,Gloria Heath
Gloria Heath,instrument,Piano,Gloria Heath
Gloria Heath,genre,Jazz,Gloria Heath
Gloria Heath,associatedBand,Stan Kenton Orchestra,Gloria Heath
Gloria Heath,associatedBand,Benny Goodman Orchestra,Gloria Heath
Gloria Heath,associatedMusician,Benny Goodman,Gloria Heath
Gloria Heath,associatedMusician,Stan Kenton,Gloria Heath
Raphael Macebo Mabuza Ncube,instanceOf,Person,Raphael Macebo Mabuza Ncube
Raphael Macebo Mabuza Ncube,givenName,Raphael Macebo Mabuza,Raphael Macebo Mabuza Ncube
Raphael Macebo Mabuza Ncube,familyName,Ncube,Raphael Macebo Mabuza Ncube
Raphael Macebo Mabuza Ncube,isA,Diplomat,Raphael Macebo Mabuza Ncube
Raphael Macebo Mabuza Ncube,isA,Politician,Raphael Macebo Mabuza Ncube
Raphael Macebo Mabuza Ncube,hasOccupation,Diplomat,Raphael Macebo Mabuza Ncube
Raphael Macebo Mabuza Ncube,hasOccupation,Politician,Raphael Macebo Mabuza Ncube
Martín García Cereceda,instanceOf,Person,Martín García Cereceda
Martín García Cereceda,birthPlace,Chile,Martín García Cereceda
Martín García Cereceda,position,Minister of Education,Martín García Cereceda
Martín García Cereceda,term,2018-2022,Martín García Cereceda
Martín García Cereceda,nationality,Chilean,Martín García Cereceda
Elena Lieven,instanceOf,Person,Elena Lieven
Elena Lieven,birthPlace,Russia,Elena Lieven
Elena Lieven,nationality,Russian,Elena Lieven
Elena Lieven,fieldOfWork,Psychology,Elena Lieven
Elena Lieven,fieldOfWork,Linguistics,Elena Lieven
Elena Lieven,position,Professor,Elena Lieven
Elena Lieven,employer,Max Planck Institute for Psycholinguistics,Elena Lieven
Elena Lieven,employer,University of Hamburg,Elena Lieven
Federico Gattorno,instanceOf,Human,Federico Gattorno
Federico Gattorno,birthDate,1994-08-06,Federico Gattorno
Federico Gattorno,birthPlace,Genoa,Federico Gattorno
Federico Gattorno,nationality,Italian,Federico Gattorno
Federico Gattorno,occupation,Actor,Federico Gattorno
Federico Gattorno,knownFor,Gomorra,Federico Gattorno
Yuhanon Meletius,instanceOf,Person,Yuhanon Meletius
Yuhanon Meletius,birthDate,1800,Yuhanon Meletius
Yuhanon Meletius,deathDate,1891,Yuhanon Meletius
Yuhanon Meletius,occupation,Syriac Orthodox Patriarch of Antioch,Yuhanon Meletius
Yuhanon Meletius,title,Patriarch,Yuhanon Meletius
Yuhanon Meletius,diocese,Syriac Orthodox Church,Yuhanon Meletius
Yuhanon Meletius,country,Ottoman Empire,Yuhanon Meletius
Klemen Nemanič,instanceOf,Person,Klemen Nemanič
Klemen Nemanič,birthDate,1977-07-15,Klemen Nemanič
Klemen Nemanič,occupation,Slovenian cyclist,Klemen Nemanič
Klemen Nemanič,team,Adria Mobil,Klemen Nemanič
Klemen Nemanič,team,Fondo,Klemen Nemanič
Klemen Nemanič,team,Sava,Klemen Nemanič
Klemen Nemanič,competition,Road cycling,Klemen Nemanič
Klemen Nemanič,competition,Track cycling,Klemen Nemanič
Reeza Hendricks,instanceOf,Cricketer,Reeza Hendricks
Reeza Hendricks,playsFor,South Africa national cricket team,Reeza Hendricks
Reeza Hendricks,playsFor,Highveld Lions,Reeza Hendricks
Reeza Hendricks,bornIn,Johannesburg,Reeza Hendricks
Reeza Hendricks,bats,Right-handed,Reeza Hendricks
Reeza Hendricks,bowls,Right-arm medium,Reeza Hendricks
Reeza Hendricks,role,Batsman,Reeza Hendricks
Reeza Hendricks,internationalDebut,2014,Reeza Hendricks
Reeza Hendricks,ODIdebut,2018,Reeza Hendricks
Reeza Hendricks,T20debut,2014,Reeza Hendricks
Reeza Hendricks,fullName,Reeza Hendricks,Reeza Hendricks
Brigitte Swoboda,instanceOf,Human,Brigitte Swoboda
Brigitte Swoboda,born,1943,Brigitte Swoboda
Brigitte Swoboda,nationality,Austrian,Brigitte Swoboda
Brigitte Swoboda,occupation,Actress,Brigitte Swoboda
subject,predicate,object,Pavlos Polakis
Richard Honyman,instanceOf,Human,Richard Honyman
Richard Honyman,birthPlace,England,Richard Honyman
Richard Honyman,nationality,English,Richard Honyman
Richard Honyman,occupation,Cricketer,Richard Honyman
Saparmurat Niyazov,instanceOf,Politician,Saparmurat Niyazov
Saparmurat Niyazov,instanceOf,President of Turkmenistan,Saparmurat Niyazov
Saparmurat Niyazov,birthDate,1940-02-19,Saparmurat Niyazov
Saparmurat Niyazov,deathDate,2006-12-21,Saparmurat Niyazov
Saparmurat Niyazov,nationality,Turkmen,Saparmurat Niyazov
Saparmurat Niyazov,office,President of Turkmenistan,Saparmurat Niyazov
Saparmurat Niyazov,term,1990-1991; 1991-2006,Saparmurat Niyazov
Saparmurat Niyazov,party,Democratic Party of Turkmenistan,Saparmurat Niyazov
Saparmurat Niyazov,award,Order of Lenin,Saparmurat Niyazov
Saparmurat Niyazov,award,Order of the October Revolution,Saparmurat Niyazov
Saparmurat Niyazov,knownAs,Türkmenbaşy,Saparmurat Niyazov
Saparmurat Niyazov,knownAs,Serdar,Saparmurat Niyazov
Saparmurat Niyazov,spouse,Sakine Seidi,Saparmurat Niyazov
Saparmurat Niyazov,child,Igor Niyazov,Saparmurat Niyazov
Saparmurat Niyazov,residence,Ashkhabad,Saparmurat Niyazov
subject,predicate,object,Joseph Frank Payne
Alon Sasson,instanceOf,Person,Alon Sasson
Alon Sasson,type,Israeli footballer,Alon Sasson
Alon Sasson,birthDate,1985-06-28,Alon Sasson
Alon Sasson,birthPlace,Israel,Alon Sasson
Alon Sasson,position,Goalkeeper,Alon Sasson
Alon Sasson,team,Hapoel Ashkelon F.C.,Alon Sasson
Alon Sasson,team,Hapoel Ashdod F.C.,Alon Sasson
Alon Sasson,team,Maccabi Herzliya F.C.,Alon Sasson
Ajit Kumar Mohanty,instanceOf,Person,Ajit Kumar Mohanty
Ajit Kumar Mohanty,isA,Indian,Ajit Kumar Mohanty
Ajit Kumar Mohanty,isA,administrator,Ajit Kumar Mohanty
Ajit Kumar Mohanty,position,Chairperson of Odisha State Pollution Control Board,Ajit Kumar Mohanty
Ajit Kumar Mohanty,position,Director General of Police,Ajit Kumar Mohanty
Ajit Kumar Mohanty,award,Padma Shri,Ajit Kumar Mohanty
Jan Murray (public relations consultant),instanceOf,Human,Jan Murray (public relations consultant)
Jan Murray (public relations consultant),occupation,Public relations consultant,Jan Murray (public relations consultant)
Jan Murray (public relations consultant),hasOccupation,Crisis management,Jan Murray (public relations consultant)
Jan Murray (public relations consultant),knownFor,Crisis management expertise,Jan Murray (public relations consultant)
Jan Murray (public relations consultant),industry,Public relations,Jan Murray (public relations consultant)
Jan Murray (public relations consultant),field,Communication,Jan Murray (public relations consultant)
Zewde Gebre-Sellassie,instanceOf,Person,Zewde Gebre-Sellassie
Zewde Gebre-Sellassie,bornIn,Ethiopia,Zewde Gebre-Sellassie
Zewde Gebre-Sellassie,isPolitician,true,Zewde Gebre-Sellassie
Zewde Gebre-Sellassie,office,Member of the Council of Ministers of Ethiopia,Zewde Gebre-Sellassie
Zewde Gebre-Sellassie,office,Minister of Finance of Ethiopia,Zewde Gebre-Sellassie
Zewde Gebre-Sellassie,almaMater,Harvard University,Zewde Gebre-Sellassie
Zewde Gebre-Sellassie,nationality,Ethiopian,Zewde Gebre-Sellassie
Murtazali Gadjiev,instanceOf,Human,Murtazali Gadjiev
Murtazali Gadjiev,isA,Dagestani militant,Murtazali Gadjiev
Murtazali Gadjiev,alsoKnownAs,Murtazali Gadzhiev,Murtazali Gadjiev
Murtazali Gadjiev,alsoKnownAs,Murtazali Gadjiev,Murtazali Gadjiev
Murtazali Gadjiev,killedIn,Moscow,Murtazali Gadjiev
Murtazali Gadjiev,diedIn,Moscow,Murtazali Gadjiev
Murtazali Gadjiev,diedOn,2010-03-02,Murtazali Gadjiev
Murtazali Gadjiev,killedBy,Russian Federal Security Service,Murtazali Gadjiev
Murtazali Gadjiev,wantedFor,terrorism,Murtazali Gadjiev
Murtazali Gadjiev,partOf,Islamic terrorist group,Murtazali Gadjiev
Francisco Alves (water polo),instanceOf,Human,Francisco Alves (water polo)
Francisco Alves (water polo),birthDate,1913-01-15,Francisco Alves (water polo)
Francisco Alves (water polo),deathDate,1985-08-05,Francisco Alves (water polo)
Francisco Alves (water polo),nationality,Portuguese,Francisco Alves (water polo)
Francisco Alves (water polo),sport,Water Polo,Francisco Alves (water polo)
Francisco Alves (water polo),competition,1936 Summer Olympics,Francisco Alves (water polo)
Aleksandr Krikunenko,instanceOf,Human,Aleksandr Krikunenko
Aleksandr Krikunenko,givenName,Aleksandr,Aleksandr Krikunenko
Aleksandr Krikunenko,familyName,Krikunenko,Aleksandr Krikunenko
Aleksandr Krikunenko,birthDate,1978-05-10,Aleksandr Krikunenko
Aleksandr Krikunenko,birthPlace,Russia,Aleksandr Krikunenko
Aleksandr Krikunenko,nationality,Russian,Aleksandr Krikunenko
Aleksandr Krikunenko,occupation,Rugby player,Aleksandr Krikunenko
Aleksandr Krikunenko,plays,Rugby,Aleksandr Krikunenko
Aleksandr Krikunenko,position,Prop,Aleksandr Krikunenko
Aleksandr Krikunenko,team,Russia national rugby union team,Aleksandr Krikunenko
subject,predicate,object,Arden Cho
Arden Cho,instanceOf,Human,Arden Cho
Arden Cho,birthDate,1985-08-16,Arden Cho
Arden Cho,birthPlace,"Windsor, Ontario",Arden Cho
Arden Cho,residence,Los Angeles,Arden Cho
Arden Cho,occupation,Actress,Arden Cho
Arden Cho,occupation,Singer,Arden Cho
Arden Cho,occupation,Dancer,Arden Cho
Arden Cho,knownFor,Teen Wolf,Arden Cho
Arden Cho,knownFor,The Vampire Diaries,Arden Cho
Arden Cho,knownFor,Supernatural,Arden Cho
Arden Cho,role,Talia Hale,Arden Cho
Arden Cho,role,Katherine Pierce,Arden Cho
Arden Cho,educatedAt,University of British Columbia,Arden Cho
Arden Cho,educatedAt,Western University,Arden Cho
Arden Cho,award,Teen Choice Award,Arden Cho
Arden Cho,award,People's Choice Award,Arden Cho
subject,predicate,object,José María Fenollera
Tinglong Dai,instanceOf,Q5,Tinglong Dai
Tinglong Dai,givenName,Tinglong,Tinglong Dai
Tinglong Dai,familyName,Dai,Tinglong Dai
Tinglong Dai,isInstanceOf,Scientist,Tinglong Dai
Tinglong Dai,fieldOfWork,Entomology,Tinglong Dai
Tinglong Dai,knownFor,Insect taxonomy,Tinglong Dai
Victor Kovalenko,instanceOf,Human,Victor Kovalenko
Victor Kovalenko,birthPlace,Ukraine,Victor Kovalenko
Victor Kovalenko,nationality,Ukrainian,Victor Kovalenko
Victor Kovalenko,occupation,figure skater,Victor Kovalenko
Victor Kovalenko,occupation,ice dancer,Victor Kovalenko
Victor Kovalenko,partner,Nadia Anchenko,Victor Kovalenko
Laurence Maslon,instanceOf,Person,Laurence Maslon
Laurence Maslon,birthDate,1958,Laurence Maslon
Laurence Maslon,occupation,Theater Historian,Laurence Maslon
Laurence Maslon,occupation,Theater Critic,Laurence Maslon
Laurence Maslon,occupation,Author,Laurence Maslon
Laurence Maslon,almaMater,"University of California, Berkeley",Laurence Maslon
Laurence Maslon,almaMater,Columbia University,Laurence Maslon
Laurence Maslon,award,Drama Desk Award,Laurence Maslon
Laurence Maslon,award,Theatre World Award,Laurence Maslon
Laurence Maslon,authorOf,The Historical Dictionary of the Broadway Musical,Laurence Maslon
Laurence Maslon,authorOf,100 Years of Broadway,Laurence Maslon
Elizabeth McGillivray Knowles,instanceOf,Human,Elizabeth McGillivray Knowles
Elizabeth McGillivray Knowles,birthDate,1864-08-31,Elizabeth McGillivray Knowles
Elizabeth McGillivray Knowles,deathDate,1944-03-04,Elizabeth McGillivray Knowles
Elizabeth McGillivray Knowles,spouse,Charles Knowles,Elizabeth McGillivray Knowles
Elizabeth McGillivray Knowles,residence,Canada,Elizabeth McGillivray Knowles
Elizabeth McGillivray Knowles,residence,United Kingdom,Elizabeth McGillivray Knowles
Elizabeth McGillivray Knowles,occupation,Suffragette,Elizabeth McGillivray Knowles
Elizabeth McGillivray Knowles,occupation,Women's rights activist,Elizabeth McGillivray Knowles
Elizabeth McGillivray Knowles,movement,Women's suffrage in the United Kingdom,Elizabeth McGillivray Knowles
Rolando Merino Reyes,instanceOf,Human,Rolando Merino Reyes
Rolando Merino Reyes,occupation,Politician,Rolando Merino Reyes
Rolando Merino Reyes,position,Governor,Rolando Merino Reyes
Rolando Merino Reyes,country,Mexico,Rolando Merino Reyes
Rolando Merino Reyes,subject,Politics,Rolando Merino Reyes
A. Z. M. Shafiuddin Shamim,instanceOf,Bangladeshi politician,A. Z. M. Shafiuddin Shamim
A. Z. M. Shafiuddin Shamim,isMemberOf,Awami League,A. Z. M. Shafiuddin Shamim
A. Z. M. Shafiuddin Shamim,isMemberOf,Parliament of Bangladesh,A. Z. M. Shafiuddin Shamim
A. Z. M. Shafiuddin Shamim,holdsOffice,Member of Parliament,A. Z. M. Shafiuddin Shamim
A. Z. M. Shafiuddin Shamim,hasNationality,Bangladeshi,A. Z. M. Shafiuddin Shamim
subject,predicate,object,Hiram V. Willson
Abdulwahab Al-Malood,instanceOf,Human,Abdulwahab Al-Malood
Abdulwahab Al-Malood,birthPlace,Bahrain,Abdulwahab Al-Malood
Abdulwahab Al-Malood,nationality,Bahraini,Abdulwahab Al-Malood
Abdulwahab Al-Malood,occupation,Footballer,Abdulwahab Al-Malood
Abdulwahab Al-Malood,position,Midfielder,Abdulwahab Al-Malood
Abdulwahab Al-Malood,playsFor,Al-Riffa,Abdulwahab Al-Malood
Abdulwahab Al-Malood,playsFor,Bahrain national football team,Abdulwahab Al-Malood
subject,predicate,object,Juan Bautista Spotorno
Jörg Geerlings,instanceOf,Person,Jörg Geerlings
Jörg Geerlings,isMale,true,Jörg Geerlings
Jörg Geerlings,isA,German politician,Jörg Geerlings
Jörg Geerlings,isMemberOf,Christian Democratic Union of Germany,Jörg Geerlings
Jörg Geerlings,holdsPosition,Member of the Landtag of North Rhine-Westphalia,Jörg Geerlings
Nikhilanand Panigrahy,instanceOf,Human,Nikhilanand Panigrahy
Nikhilanand Panigrahy,hasOccupation,Politician,Nikhilanand Panigrahy
Nikhilanand Panigrahy,isAffiliatedWith,Biju Janata Dal,Nikhilanand Panigrahy
Nikhilanand Panigrahy,isMemberOf,Odisha Legislative Assembly,Nikhilanand Panigrahy
Nikhilanand Panigrahy,holdsPosition,Member of the Legislative Assembly,Nikhilanand Panigrahy
Stephanie Marrian,instanceOf,Human,Stephanie Marrian
Stephanie Marrian,occupation,Journalist,Stephanie Marrian
Stephanie Marrian,employer,The Daily Telegraph,Stephanie Marrian
Stephanie Marrian,knownFor,Marriage to Andrew Neil,Stephanie Marrian
Stephanie Marrian,spouse,Andrew Neil,Stephanie Marrian
Barbara Schaffner,instanceOf,Human,Barbara Schaffner
Barbara Schaffner,birthDate,1945-04-09,Barbara Schaffner
Barbara Schaffner,deathDate,1988-02-20,Barbara Schaffner
Barbara Schaffner,residence,Switzerland,Barbara Schaffner
Barbara Schaffner,residence,United States,Barbara Schaffner
Barbara Schaffner,occupation,Politician,Barbara Schaffner
Barbara Schaffner,position,Member of the National Council of Switzerland,Barbara Schaffner
Barbara Schaffner,party,Free Democratic Party,Barbara Schaffner
John Beaton (miner),instanceOf,Human,John Beaton (miner)
John Beaton (miner),birthDate,1866,John Beaton (miner)
John Beaton (miner),deathDate,1939,John Beaton (miner)
John Beaton (miner),birthPlace,Nova Scotia,John Beaton (miner)
John Beaton (miner),residence,Alberta,John Beaton (miner)
John Beaton (miner),occupation,Miner,John Beaton (miner)
John Beaton (miner),employer,Western Coal Company,John Beaton (miner)
John Beaton (miner),isPartOf,Canadian labour movement,John Beaton (miner)
John Beaton (miner),memberOf,United Mine Workers of America,John Beaton (miner)
John Beaton (miner),involvedIn,1908 coal miners' strike,John Beaton (miner)
subject,predicate,object,Phil Lloyd (footballer)
Phil Lloyd (footballer),instanceOf,Footballer,Phil Lloyd (footballer)
Phil Lloyd (footballer),playsFor,Wales national football team,Phil Lloyd (footballer)
Phil Lloyd (footballer),playsFor,Newport County A.F.C.,Phil Lloyd (footballer)
Phil Lloyd (footballer),position,Defender,Phil Lloyd (footballer)
Phil Lloyd (footballer),dateOfBirth,1960s,Phil Lloyd (footballer)
Phil Lloyd (footballer),isManagerOf,Barry Town United F.C.,Phil Lloyd (footballer)
Braulio Roncero,instanceOf,Person,Braulio Roncero
Braulio Roncero,birthPlace,Spain,Braulio Roncero
Braulio Roncero,occupation,Actor,Braulio Roncero
Braulio Roncero,activeYears,1990s-present,Braulio Roncero
Braulio Roncero,filmography,List of films and TV shows,Braulio Roncero
Israel Salazar (footballer),instanceOf,Q12237,Israel Salazar (footballer)
Israel Salazar (footballer),givenName,Israel,Israel Salazar (footballer)
Israel Salazar (footballer),familyName,Salazar,Israel Salazar (footballer)
Israel Salazar (footballer),birthDate,1998-04-02,Israel Salazar (footballer)
Israel Salazar (footballer),position,Defender,Israel Salazar (footballer)
Israel Salazar (footballer),playsFor,C.D. Guadalajara,Israel Salazar (footballer)
subject,predicate,object,Jass Manak
subject,predicate,object,Horacio Estol
Hady Camara,instanceOf,Q5,Hady Camara
Hady Camara,type,Q639669,Hady Camara
Hady Camara,birthDate,1997-03-06,Hady Camara
Hady Camara,height,208 cm,Hady Camara
Hady Camara,position,Power forward,Hady Camara
Hady Camara,team,Orléans Loiret Basket,Hady Camara
Solly March,instanceOf,Person,Solly March
Solly March,type,Football Player,Solly March
Solly March,birthPlace,Brighton,Solly March
Solly March,birthDate,1993-07-20,Solly March
Solly March,plays,Right-back,Solly March
Solly March,currentTeam,Brighton & Hove Albion F.C.,Solly March
Solly March,position,Defender,Solly March
Solly March,nationality,English,Solly March
Iosifina Dimas-Ziller,instanceOf,Person,Iosifina Dimas-Ziller
Iosifina Dimas-Ziller,birthDate,1994-01-28,Iosifina Dimas-Ziller
Iosifina Dimas-Ziller,country,Romania,Iosifina Dimas-Ziller
Iosifina Dimas-Ziller,occupation,Athlete,Iosifina Dimas-Ziller
Iosifina Dimas-Ziller,competition,Olympic Games,Iosifina Dimas-Ziller
Iosifina Dimas-Ziller,sport,Biathlon,Iosifina Dimas-Ziller
Aleftina Pryakhina,instanceOf,Human,Aleftina Pryakhina
Aleftina Pryakhina,sex,Female,Aleftina Pryakhina
Aleftina Pryakhina,dateOfBirth,1985-07-07,Aleftina Pryakhina
Aleftina Pryakhina,country,Russia,Aleftina Pryakhina
Aleftina Pryakhina,occupation,Athlete,Aleftina Pryakhina
Aleftina Pryakhina,sport,Biathlon,Aleftina Pryakhina
Aleftina Pryakhina,competedIn,2010 Winter Olympics,Aleftina Pryakhina
Aleftina Pryakhina,competedIn,2014 Winter Olympics,Aleftina Pryakhina
Emiliano Mascetti,instanceOf,Person,Emiliano Mascetti
Emiliano Mascetti,occupation,Politician,Emiliano Mascetti
Emiliano Mascetti,position,Member of the Chamber of Deputies,Emiliano Mascetti
Emiliano Mascetti,country,Argentina,Emiliano Mascetti
Vadim Belyaev,instanceOf,Human,Vadim Belyaev
Vadim Belyaev,bornIn,Russia,Vadim Belyaev
Vadim Belyaev,isKnownFor,Businessman,Vadim Belyaev
Vadim Belyaev,isKnownFor,Entrepreneur,Vadim Belyaev
Vadim Belyaev,founded,Yota,Vadim Belyaev
Vadim Belyaev,founded,Yota Devices,Vadim Belyaev
Vadim Belyaev,hasNationality,Russian,Vadim Belyaev
Vadim Belyaev,is,Billionaire,Vadim Belyaev
Yuriko Backes,instanceOf,Person,Yuriko Backes
Yuriko Backes,birthPlace,Japan,Yuriko Backes
Yuriko Backes,residence,United States,Yuriko Backes
Yuriko Backes,occupation,figure skater,Yuriko Backes
Yuriko Backes,competition,World Figure Skating Championships,Yuriko Backes
Yuriko Backes,competition,Four Continents Figure Skating Championships,Yuriko Backes
Yuriko Backes,trainer,Machiko Yamada,Yuriko Backes
Yuriko Backes,trainer,Juliet Harbut,Yuriko Backes
Yuriko Backes,award,US National Championships medalist,Yuriko Backes
subject,predicate,object,Bartolomea Acciaioli
Pietro Campilli,instanceOf,Human,Pietro Campilli
Pietro Campilli,birthDate,1899-11-21,Pietro Campilli
Pietro Campilli,deathDate,1978-07-09,Pietro Campilli
Pietro Campilli,countryOfCitizenship,Italy,Pietro Campilli
Pietro Campilli,position,Prime Minister of Italy,Pietro Campilli
Pietro Campilli,primeMinisterOf,Italy,Pietro Campilli
Pietro Campilli,memberOf,Italian Senate,Pietro Campilli
Pietro Campilli,memberOf,Chamber of Deputies,Pietro Campilli
Pietro Campilli,givenName,Pietro,Pietro Campilli
Pietro Campilli,familyName,Campilli,Pietro Campilli
subject,predicate,object,Pietro Capocci
Star Empire Entertainment,instanceOf,Entertainment Company,Star Empire Entertainment
Star Empire Entertainment,foundedIn,2006,Star Empire Entertainment
Star Empire Entertainment,foundedBy,Jackie Chan,Star Empire Entertainment
Star Empire Entertainment,headquarteredIn,Hong Kong,Star Empire Entertainment
Star Empire Entertainment,operatesIn,Film Production,Star Empire Entertainment
Star Empire Entertainment,operatesIn,Music Production,Star Empire Entertainment
Star Empire Entertainment,hasSubsidiary,JCE Movies,Star Empire Entertainment
Star Empire Entertainment,hasSubsidiary,China City Entertainment,Star Empire Entertainment
Star Empire Entertainment,produced,Rush Hour,Star Empire Entertainment
Star Empire Entertainment,produced,Kung Fu Panda,Star Empire Entertainment
Star Empire Entertainment,distributed,The Karate Kid,Star Empire Entertainment
CD Iruña,instanceOf,Football Club,CD Iruña
CD Iruña,foundIn,Iruña,CD Iruña
CD Iruña,playsIn,Spanish football,CD Iruña
CD Iruña,league,Tercera División,CD Iruña
CD Iruña,sport,Association Football,CD Iruña
Museum Catharijneconvent,instanceOf,museum,Museum Catharijneconvent
Museum Catharijneconvent,location,Utrecht,Museum Catharijneconvent
Museum Catharijneconvent,country,Netherlands,Museum Catharijneconvent
Museum Catharijneconvent,collection,art,Museum Catharijneconvent
Museum Catharijneconvent,collection,art history,Museum Catharijneconvent
Museum Catharijneconvent,exhibition,Middle Ages,Museum Catharijneconvent
Museum Catharijneconvent,exhibition,Dutch art,Museum Catharijneconvent
Museum Catharijneconvent,architectural style,convent,Museum Catharijneconvent
Museum Catharijneconvent,has part,church,Museum Catharijneconvent
Museum Catharijneconvent,founding year,1975,Museum Catharijneconvent
Yokosuka Museum of Art,instanceOf,art museum,Yokosuka Museum of Art
Yokosuka Museum of Art,locatedIn,Yokosuka,Yokosuka Museum of Art
Yokosuka Museum of Art,locatedIn,Kanagawa Prefecture,Yokosuka Museum of Art
Yokosuka Museum of Art,hasCollection,Japanese art,Yokosuka Museum of Art
Yokosuka Museum of Art,hasCollection,Western art,Yokosuka Museum of Art
Yokosuka Museum of Art,foundingDate,1980,Yokosuka Museum of Art
Yokosuka Museum of Art,architect,Taro Okamoto,Yokosuka Museum of Art
Society of American Florists,instanceOf,trade association,Society of American Florists
Society of American Florists,foundedIn,1884,Society of American Florists
Society of American Florists,headquarteredIn,"Alexandria, Virginia",Society of American Florists
Society of American Florists,hasMember,florists,Society of American Florists
Society of American Florists,hasMember,flower growers,Society of American Florists
Society of American Florists,hasMember,flower wholesalers,Society of American Florists
Society of American Florists,provides,education,Society of American Florists
Society of American Florists,provides,research,Society of American Florists
Society of American Florists,provides,advocacy,Society of American Florists
Society of American Florists,hosts,events,Society of American Florists
Society of American Florists,hosts,conferences,Society of American Florists
Society of American Florists,publishes,publications,Society of American Florists
Society of American Florists,hasCertification,Certified Floral Designer,Society of American Florists
Society of American Florists,hasCertification,Certified Professional Florist,Society of American Florists
Forgotten Weapons,instanceOf,YouTube channel,Forgotten Weapons
Forgotten Weapons,instanceOf,website,Forgotten Weapons
Forgotten Weapons,instanceOf,blog,Forgotten Weapons
Forgotten Weapons,creator,Ian McCollum,Forgotten Weapons
Forgotten Weapons,founder,Ian McCollum,Forgotten Weapons
Forgotten Weapons,topic,Firearms,Forgotten Weapons
Forgotten Weapons,topic,History,Forgotten Weapons
Forgotten Weapons,topic,Military history,Forgotten Weapons
Forgotten Weapons,language,English,Forgotten Weapons
Forgotten Weapons,registrationDate,2009,Forgotten Weapons
Forgotten Weapons,url,https://theforgottenweapons.com/,Forgotten Weapons
Forgotten Weapons,subject,Firearms and military history,Forgotten Weapons
Forgotten Weapons,type,Online encyclopedia,Forgotten Weapons
Forgotten Weapons,contentType,Articles,Forgotten Weapons
Forgotten Weapons,contentType,Videos,Forgotten Weapons
Forgotten Weapons,operator,Ian McCollum,Forgotten Weapons
subject,predicate,object,Nota (library)
subject,predicate,object,Students for the Exploration and Development of Space
Museum of the Macedonian Struggle (Skopje),instanceOf,museum,Museum of the Macedonian Struggle (Skopje)
Museum of the Macedonian Struggle (Skopje),locatedIn,Skopje,Museum of the Macedonian Struggle (Skopje)
Museum of the Macedonian Struggle (Skopje),namedAfter,Macedonian Struggle,Museum of the Macedonian Struggle (Skopje)
Museum of the Macedonian Struggle (Skopje),established,2006,Museum of the Macedonian Struggle (Skopje)
Museum of the Macedonian Struggle (Skopje),officialName,Музеј на македонската борба,Museum of the Macedonian Struggle (Skopje)
Museum of the Macedonian Struggle (Skopje),country,North Macedonia,Museum of the Macedonian Struggle (Skopje)
Museum of the Macedonian Struggle (Skopje),architect,Jovan Moškov,Museum of the Macedonian Struggle (Skopje)
Museum of the Macedonian Struggle (Skopje),collectionSize,"over 15,000",Museum of the Macedonian Struggle (Skopje)
Museum of the Macedonian Struggle (Skopje),hasExhibit,Macedonian history,Museum of the Macedonian Struggle (Skopje)
Museum of the Macedonian Struggle (Skopje),hasExhibit,Macedonian culture,Museum of the Macedonian Struggle (Skopje)
Museum of the Macedonian Struggle (Skopje),partOf,National Museum of North Macedonia,Museum of the Macedonian Struggle (Skopje)
Public Prosecution Service (Netherlands),instanceOf,prosecutor's office,Public Prosecution Service (Netherlands)
Public Prosecution Service (Netherlands),country,Netherlands,Public Prosecution Service (Netherlands)
Public Prosecution Service (Netherlands),headquarter,The Hague,Public Prosecution Service (Netherlands)
Public Prosecution Service (Netherlands),partOf,Ministry of Justice and Security (Netherlands),Public Prosecution Service (Netherlands)
Public Prosecution Service (Netherlands),leader,Public Prosecutor,Public Prosecution Service (Netherlands)
Public Prosecution Service (Netherlands),task,prosecution,Public Prosecution Service (Netherlands)
Public Prosecution Service (Netherlands),task,investigation,Public Prosecution Service (Netherlands)
Public Prosecution Service (Netherlands),type,public agency,Public Prosecution Service (Netherlands)
La Crus,instanceOf,Restaurant,La Crus
La Crus,location,California,La Crus
La Crus,location,United States,La Crus
La Crus,type,Fine dining,La Crus
La Crus,knownFor,Seafood,La Crus
La Crus,knownFor,Steakhouse,La Crus
Cherokee Friends Church,instanceOf,church,Cherokee Friends Church
Cherokee Friends Church,location,United States,Cherokee Friends Church
Cherokee Friends Church,denomination,Friends Church,Cherokee Friends Church
Cherokee Friends Church,hasAffiliation,Christian,Cherokee Friends Church
Rochefort Arsenal,instanceOf,Arsenal,Rochefort Arsenal
Rochefort Arsenal,location,"Rochefort, France",Rochefort Arsenal
Rochefort Arsenal,usedFor,Shipbuilding,Rochefort Arsenal
Rochefort Arsenal,established,1665,Rochefort Arsenal
Rochefort Arsenal,destroyed,1807,Rochefort Arsenal
subject,predicate,object,Hervormd Gereformeerde Staatspartij
Hervormd Gereformeerde Staatspartij,instanceOf,political party,Hervormd Gereformeerde Staatspartij
Hervormd Gereformeerde Staatspartij,name,Hervormd Gereformeerde Staatspartij,Hervormd Gereformeerde Staatspartij
Hervormd Gereformeerde Staatspartij,country,Netherlands,Hervormd Gereformeerde Staatspartij
Hervormd Gereformeerde Staatspartij,dissolved,1945,Hervormd Gereformeerde Staatspartij
Hervormd Gereformeerde Staatspartij,ideology,Reformed political party,Hervormd Gereformeerde Staatspartij
As a side note,there isn't an abundance of information available on this subject. If you have any other questions or subjects,feel free to ask!,Hervormd Gereformeerde Staatspartij
Wolf Trap Opera Company,instanceOf,opera company,Wolf Trap Opera Company
Wolf Trap Opera Company,location,"Wolf Trap, Virginia",Wolf Trap Opera Company
Wolf Trap Opera Company,foundingYear,1911,Wolf Trap Opera Company
Wolf Trap Opera Company,foundedBy,Maria Gould,Wolf Trap Opera Company
Wolf Trap Opera Company,alsoKnownAs,The Wolf Trap,Wolf Trap Opera Company
Wolf Trap Opera Company,performingArtsCenter,Wolf Trap National Music Center,Wolf Trap Opera Company
Wolf Trap Opera Company,operatesIn,Wolf Trap National Music Center,Wolf Trap Opera Company
Wolf Trap Opera Company,hasResidentCompany,Virginia Opera,Wolf Trap Opera Company
Wolf Trap Opera Company,hosts,concerts,Wolf Trap Opera Company
Wolf Trap Opera Company,hosts,operas,Wolf Trap Opera Company
Wolf Trap Opera Company,hosts,ballets,Wolf Trap Opera Company
Wolf Trap Opera Company,partOf,National Endowment for the Arts,Wolf Trap Opera Company
Wolf Trap Opera Company,receivedAward,National Medal of Arts,Wolf Trap Opera Company
subject,predicate,object,TasPorts
subject,predicate,object,Greensboro Science Center
Greensboro Science Center,instanceOf,science center,Greensboro Science Center
Greensboro Science Center,locatedIn,"Greensboro, North Carolina",Greensboro Science Center
Greensboro Science Center,hasType,visitor attraction,Greensboro Science Center
Greensboro Science Center,hasType,tourism,Greensboro Science Center
Greensboro Science Center,foundingYear,2005,Greensboro Science Center
Greensboro Science Center,director,Lynn S. Fearing,Greensboro Science Center
Greensboro Science Center,partOf,Greensboro Cultural Center,Greensboro Science Center
Greensboro Science Center,features,museum,Greensboro Science Center
Greensboro Science Center,features,zoo,Greensboro Science Center
Greensboro Science Center,features,treetop adventure course,Greensboro Science Center
Greensboro Science Center,offers,educational programs,Greensboro Science Center
Greensboro Science Center,hasFacility,planetarium,Greensboro Science Center
Greensboro Science Center,hasFacility,IMAX theater,Greensboro Science Center
subject,predicate,object,Bispham High School Arts College
subject,predicate,object,Emmaus Baptist College
Emmaus Baptist College,instanceOf,College,Emmaus Baptist College
Emmaus Baptist College,location,Philippines,Emmaus Baptist College
Emmaus Baptist College,type,Private college,Emmaus Baptist College
Emmaus Baptist College,affiliatedTo,Baptist church,Emmaus Baptist College
Emmaus Baptist College,offers,Bachelor's degree,Emmaus Baptist College
Emmaus Baptist College,offers,Master's degree,Emmaus Baptist College
Emmaus Baptist College,hasCampus,Davao City,Emmaus Baptist College
Emmaus Baptist College,hasPresident,Dr. Eduardo B. Caro,Emmaus Baptist College
subject,predicate,object,Mary E. Wells School
CS Afumați,instanceOf,Football Club,CS Afumați
CS Afumați,location,"Afumați, Ilu",CS Afumați
CS Afumați,country,Romania,CS Afumați
CS Afumați,league,Liga IV,CS Afumați
CS Afumați,foundingDate,2012,CS Afumați
Hotel Mira,instanceOf,Hotel,Hotel Mira
Hotel Mira,locatedIn,Budapest,Hotel Mira
Hotel Mira,locatedIn,Hungary,Hotel Mira
Hotel Mira,hasRating,4,Hotel Mira
Hotel Mira,hasNumberOfRooms,154,Hotel Mira
Hotel Mira,openedIn,2006,Hotel Mira
Hotel Mira,isAffiliatedWith,Mira Hotel Chain,Hotel Mira
Ed Schrader's Music Beat,instanceOf,YouTube channel,Ed Schrader's Music Beat
Ed Schrader's Music Beat,genre,Comedy,Ed Schrader's Music Beat
Ed Schrader's Music Beat,genre,Music,Ed Schrader's Music Beat
Ed Schrader's Music Beat,creator,Ed Schrader,Ed Schrader's Music Beat
Ed Schrader's Music Beat,country,United States,Ed Schrader's Music Beat
Ed Schrader's Music Beat,language,English,Ed Schrader's Music Beat
The Informationist,instanceOf,TV series,The Informationist
The Informationist,genre,Drama,The Informationist
The Informationist,creator,David E. Kelley,The Informationist
The Informationist,starring,Nicole Kidman,The Informationist
The Informationist,basedOn,The Informationist novel series,The Informationist
The Informationist,runningTime,60 minutes,The Informationist
The Informationist,country,United States,The Informationist
The Informationist,language,English,The Informationist
The Informationist,numberOfSeasons,1,The Informationist
The Informationist,numberOfEpisodes,8,The Informationist
The Informationist,network,ABC,The Informationist
The Informationist,premiers,"January 1, 2011",The Informationist
The Informationist,endDate,"March 12, 2011",The Informationist
Half Moon Bay Review,instanceOf,newspaper,Half Moon Bay Review
Half Moon Bay Review,location,"Half Moon Bay, California",Half Moon Bay Review
Half Moon Bay Review,publisher,Half Moon Bay Newspapers,Half Moon Bay Review
Half Moon Bay Review,publicationDate,weekly,Half Moon Bay Review
Half Moon Bay Review,subject,local news,Half Moon Bay Review
Half Moon Bay Review,circulation,"15,000",Half Moon Bay Review
Half Moon Bay Review,ISSN,2770-3292,Half Moon Bay Review
Half Moon Bay Review,language,English,Half Moon Bay Review
Half Moon Bay Review,type,online newspaper,Half Moon Bay Review
Half Moon Bay Review,website,https://www.halfmoonbayreview.com/,Half Moon Bay Review
subject,predicate,object,Next Big Sound
subject,predicate,object,"Castlemaine Brewery, Newcastle"
"Castlemaine Brewery, Newcastle",instanceOf,Brewery,"Castlemaine Brewery, Newcastle"
"Castlemaine Brewery, Newcastle",location,Newcastle,"Castlemaine Brewery, Newcastle"
"Castlemaine Brewery, Newcastle",product,beer,"Castlemaine Brewery, Newcastle"
"Castlemaine Brewery, Newcastle",foundingDate,1886-01-01,"Castlemaine Brewery, Newcastle"
"Castlemaine Brewery, Newcastle",owner,Lion Nathan,"Castlemaine Brewery, Newcastle"
"Castlemaine Brewery, Newcastle",brews,Castlemaine XXXX Bitter,"Castlemaine Brewery, Newcastle"
"Castlemaine Brewery, Newcastle",brews,Castlemaine 78,"Castlemaine Brewery, Newcastle"
"Castlemaine Brewery, Newcastle",isPartOf,"Newcastle, New South Wales","Castlemaine Brewery, Newcastle"
subject,predicate,object,Alternative for Germany
subject,predicate,object,International Commission on Irrigation and Drainage
Ethnographic Museum of the University of Zurich,instanceOf,Museum,Ethnographic Museum of the University of Zurich
Ethnographic Museum of the University of Zurich,partOf,University of Zurich,Ethnographic Museum of the University of Zurich
Ethnographic Museum of the University of Zurich,locatedIn,Zurich,Ethnographic Museum of the University of Zurich
Ethnographic Museum of the University of Zurich,hasCollection,ethnographic artifacts,Ethnographic Museum of the University of Zurich
Ethnographic Museum of the University of Zurich,wasEstablished,1890,Ethnographic Museum of the University of Zurich
Ethnographic Museum of the University of Zurich,director,Hedy Wyss,Ethnographic Museum of the University of Zurich
Ethnographic Museum of the University of Zurich,website,https://www.museum.unizh.ch/,Ethnographic Museum of the University of Zurich
BM Porriño,instanceOf,Football Club,BM Porriño
BM Porriño,location,Porriño,BM Porriño
BM Porriño,playsIn,Liga ASOBAL,BM Porriño
BM Porriño,playsIn,Galicia,BM Porriño
BM Porriño,team,BM Porriño,BM Porriño
BM Porriño,sport,Handball,BM Porriño
ILCA (company),instanceOf,Company,ILCA (company)
ILCA (company),location,Italy,ILCA (company)
ILCA (company),industry,Aerospace,ILCA (company)
ILCA (company),industry,Defense,ILCA (company)
ILCA (company),foundingLocation,Rome,ILCA (company)
ILCA (company),operatingLocation,Rome,ILCA (company)
ILCA (company),type,Privately held company,ILCA (company)
Insides (band),instanceOf,MusicalGroup,Insides (band)
Insides (band),genre,ElectronicMusic,Insides (band)
Insides (band),genre,IndieRock,Insides (band)
Insides (band),activeYears,2000s,Insides (band)
Insides (band),country,UnitedKingdom,Insides (band)
Insides (band),member,LukePotter,Insides (band)
Insides (band),member,OliverWood,Insides (band)
Insides (band),recordLabel,WarpRecords,Insides (band)
Insides (band),hasDiscography,Insides (album),Insides (band)
Detskaya Literatura,instanceOf,Publisher,Detskaya Literatura
Detskaya Literatura,foundIn,Russia,Detskaya Literatura
Detskaya Literatura,publishes,Books,Detskaya Literatura
Detskaya Literatura,publishes,Literature,Detskaya Literatura
Detskaya Literatura,publishes,Children's Literature,Detskaya Literatura
Public Service Broadcasting (band),instanceOf,Musical Group,Public Service Broadcasting (band)
Public Service Broadcasting (band),genre,Electronic music,Public Service Broadcasting (band)
Public Service Broadcasting (band),genre,Indie rock,Public Service Broadcasting (band)
Public Service Broadcasting (band),activeFrom,2009,Public Service Broadcasting (band)
Public Service Broadcasting (band),member,Jowan B.,Public Service Broadcasting (band)
Public Service Broadcasting (band),member,Mikey Gold,Public Service Broadcasting (band)
Public Service Broadcasting (band),recordLabel,Double Six Records,Public Service Broadcasting (band)
Public Service Broadcasting (band),recordLabel,Absolute Recordings,Public Service Broadcasting (band)
Public Service Broadcasting (band),recordLabel,Sony Music,Public Service Broadcasting (band)
Public Service Broadcasting (band),hasMusicalInstrument,Guitar,Public Service Broadcasting (band)
Public Service Broadcasting (band),hasMusicalInstrument,Synthesizer,Public Service Broadcasting (band)
Public Service Broadcasting (band),hasMusicalInstrument,Drums,Public Service Broadcasting (band)
Public Service Broadcasting (band),album,Public Service Broadcasting,Public Service Broadcasting (band)
Public Service Broadcasting (band),album,Every Valley,Public Service Broadcasting (band)
Public Service Broadcasting (band),album,Bright Magic,Public Service Broadcasting (band)
Public Service Broadcasting (band),YouTubeChannel,UC4z3n4x5x5s,Public Service Broadcasting (band)
Public Service Broadcasting (band),Bandcamp,publicservicebroadcasting.bandcamp.com,Public Service Broadcasting (band)
subject,predicate,object,Iwate Prefectural University
Greensburg Carnegie Public Library,instanceOf,Public Library,Greensburg Carnegie Public Library
Greensburg Carnegie Public Library,locatedIn,"Greensburg, Kansas",Greensburg Carnegie Public Library
Greensburg Carnegie Public Library,hasArchitect,Edward Townsend,Greensburg Carnegie Public Library
Greensburg Carnegie Public Library,hasArchitect,John G. Haskell,Greensburg Carnegie Public Library
Greensburg Carnegie Public Library,wasFoundedIn,1911,Greensburg Carnegie Public Library
Greensburg Carnegie Public Library,hasCollectionSize,20000,Greensburg Carnegie Public Library
Greensburg Carnegie Public Library,hasBuildingMaterial,Limestone,Greensburg Carnegie Public Library
Greensburg Carnegie Public Library,hasRoofMaterial,Tile,Greensburg Carnegie Public Library
Greensburg Carnegie Public Library,isOpen,true,Greensburg Carnegie Public Library
Greensburg Carnegie Public Library,providesService,Librarian,Greensburg Carnegie Public Library
Greensburg Carnegie Public Library,hasHours,Monday-Friday 9am-5pm,Greensburg Carnegie Public Library
Greensburg Carnegie Public Library,hasHours,Saturday 9am-1pm,Greensburg Carnegie Public Library
Greensburg Carnegie Public Library,isPartOf,Kansas library system,Greensburg Carnegie Public Library
Ebersmunster Abbey,instanceOf,Abbey,Ebersmunster Abbey
Ebersmunster Abbey,locatedIn,France,Ebersmunster Abbey
Ebersmunster Abbey,locatedIn,Grand Est,Ebersmunster Abbey
Ebersmunster Abbey,locatedIn,Bas-Rhin,Ebersmunster Abbey
Ebersmunster Abbey,hasDedicatedTo,Saint Peter,Ebersmunster Abbey
Ebersmunster Abbey,hasDedicatedTo,Saint Paul,Ebersmunster Abbey
Ebersmunster Abbey,isCatholic,yes,Ebersmunster Abbey
Ebersmunster Abbey,isBenedictine,yes,Ebersmunster Abbey
Ebersmunster Abbey,hasArchitectureStyle,Romanesque architecture,Ebersmunster Abbey
Ebersmunster Abbey,hasArchitectureStyle,Baroque architecture,Ebersmunster Abbey
Ebersmunster Abbey,isUnescoWorldHeritage,no,Ebersmunster Abbey
Ebersmunster Abbey,isHistoricMonument,yes,Ebersmunster Abbey
subject,predicate,object,Indian Institute of Toxicology Research
subject,predicate,object,Federal University of Sergipe
Federal University of Sergipe,instanceOf,University,Federal University of Sergipe
Federal University of Sergipe,locatedIn,Sergipe,Federal University of Sergipe
Federal University of Sergipe,partOf,Brazil,Federal University of Sergipe
Federal University of Sergipe,type,Public University,Federal University of Sergipe
Federal University of Sergipe,founded,1960,Federal University of Sergipe
Federal University of Sergipe,abbreviation,UFS,Federal University of Sergipe
Federal University of Sergipe,campus,São Cristóvão,Federal University of Sergipe
Federal University of Sergipe,campus,Lagarto,Federal University of Sergipe
Federal University of Sergipe,offers,Undergraduate programs,Federal University of Sergipe
Federal University of Sergipe,offers,Graduate programs,Federal University of Sergipe
Federal University of Sergipe,hasFaculty,Faculty of Sciences,Federal University of Sergipe
Federal University of Sergipe,hasFaculty,Faculty of Engineering,Federal University of Sergipe
Federal University of Sergipe,hasFaculty,Faculty of Medicine,Federal University of Sergipe
Federal University of Sergipe,hasResearchArea,Engineering,Federal University of Sergipe
Federal University of Sergipe,hasResearchArea,Health Sciences,Federal University of Sergipe
Federal University of Sergipe,hasResearchArea,Social Sciences,Federal University of Sergipe
Federal University of Sergipe,isAccreditedBy,Ministry of Education,Federal University of Sergipe
Federal University of Sergipe,isMemberOf,Brazilian University Association,Federal University of Sergipe
Brick Store Museum,instanceOf,Museum,Brick Store Museum
Brick Store Museum,locatedIn,United States,Brick Store Museum
Brick Store Museum,locatedIn,New Jersey,Brick Store Museum
Brick Store Museum,hasCollection,Antiques,Brick Store Museum
Brick Store Museum,hasCollection,Collectibles,Brick Store Museum
Brick Store Museum,hasCollection,Toys,Brick Store Museum
Brick Store Museum,foundedBy,Robert M. Sherman,Brick Store Museum
Brick Store Museum,foundedIn,1980,Brick Store Museum
Brick Store Museum,isLocatedAt,Route 27 in Brick Township,Brick Store Museum
subject,predicate,object,Las Culturistas
subject,predicate,object,Esporte Clube Água Santa
Note: The number of facts may be higher for more popular subjects,but for this subject,I was able to find limited information.,Esporte Clube Água Santa
subject,predicate,object,Abbath (band)
subject,predicate,object,Fatsecret
Fatsecret,instanceOf,Website,Fatsecret
Fatsecret,instanceOf,Company,Fatsecret
Fatsecret,foundedBy,John Scully,Fatsecret
Fatsecret,headquarteredIn,Australia,Fatsecret
Fatsecret,launchedIn,2007,Fatsecret
Fatsecret,provides,Calorie counting,Fatsecret
Fatsecret,provides,Nutrition information,Fatsecret
Fatsecret,provides,Recipe database,Fatsecret
Fatsecret,hasFeature,Barcode scanner,Fatsecret
Fatsecret,hasFeature,Diet tracking,Fatsecret
Fatsecret,hasFeature,Exercise tracking,Fatsecret
Fatsecret,supports,Android,Fatsecret
Fatsecret,supports,iOS,Fatsecret
Fatsecret,URL,https://www.fatsecret.com.au/,Fatsecret
subject,predicate,object,Banca Tercas
subject,predicate,object,Maison d'éducation de la Légion d'honneur
subject,predicate,object,Communauté d'agglomération du Grand Cognac
subject,predicate,object,Verkehrsverbund Mittelthüringen
"First Presbyterian Church (Glens Falls, New York)",instanceOf,church,"First Presbyterian Church (Glens Falls, New York)"
"First Presbyterian Church (Glens Falls, New York)",locatedIn,"Glens Falls, New York","First Presbyterian Church (Glens Falls, New York)"
"First Presbyterian Church (Glens Falls, New York)",denomination,Presbyterian Church,"First Presbyterian Church (Glens Falls, New York)"
"First Presbyterian Church (Glens Falls, New York)",country,United States,"First Presbyterian Church (Glens Falls, New York)"
"First Presbyterian Church (Glens Falls, New York)",architect,"Randel, James","First Presbyterian Church (Glens Falls, New York)"
"First Presbyterian Church (Glens Falls, New York)",architecturalStyle,Gothic Revival,"First Presbyterian Church (Glens Falls, New York)"
"First Presbyterian Church (Glens Falls, New York)",hasPart,steeple,"First Presbyterian Church (Glens Falls, New York)"
"First Presbyterian Church (Glens Falls, New York)",hasPart,bell tower,"First Presbyterian Church (Glens Falls, New York)"
"First Presbyterian Church (Glens Falls, New York)",listedOn,National Register of Historic Places,"First Presbyterian Church (Glens Falls, New York)"
"First Presbyterian Church (Glens Falls, New York)",referenceNumber,05000946,"First Presbyterian Church (Glens Falls, New York)"
Compulsion Games,instanceOf,video game developer,Compulsion Games
Compulsion Games,foundedIn,2009,Compulsion Games
Compulsion Games,foundedBy,Jill Murray,Compulsion Games
Compulsion Games,foundedBy,Max Hoberman,Compulsion Games
Compulsion Games,basedIn,"Austin, Texas",Compulsion Games
Compulsion Games,knownFor,We Happy Few,Compulsion Games
Compulsion Games,publisher,Gearbox Publishing,Compulsion Games
Compulsion Games,developerOf,We Happy Few,Compulsion Games
Compulsion Games,developerOf,Mythic,Compulsion Games
Estudiantes de Santiago del Estero,instanceOf,Football Club,Estudiantes de Santiago del Estero
Estudiantes de Santiago del Estero,foundIn,Santiago del Estero Province,Estudiantes de Santiago del Estero
Estudiantes de Santiago del Estero,playsIn,Argentine Football Association,Estudiantes de Santiago del Estero
Estudiantes de Santiago del Estero,league,Primera B Metropolitana,Estudiantes de Santiago del Estero
Estudiantes de Santiago del Estero,stadium,Estadio Estudiantes,Estudiantes de Santiago del Estero
subject,predicate,object,Nantou County Government
subject,predicate,object,Smart Pension
Jung von Matt,instanceOf,advertising agency,Jung von Matt
Jung von Matt,foundedIn,1991,Jung von Matt
Jung von Matt,foundedBy,Holger Wöltje,Jung von Matt
Jung von Matt,headquarteredIn,Hamburg,Jung von Matt
Jung von Matt,hasClient,Telekom,Jung von Matt
Jung von Matt,hasClient,Nike,Jung von Matt
Jung von Matt,hasClient,Volkswagen,Jung von Matt
Jung von Matt,wonAward,Cannes Lion,Jung von Matt
Jung von Matt,wonAward,Clio Award,Jung von Matt
Jung von Matt,isPartOf,ADC Europe,Jung von Matt
Jung von Matt,hasCreativeDirector,Bernd Schmitt,Jung von Matt
Katyn Commission,instanceOf,Commission,Katyn Commission
Katyn Commission,investigated,Katyn massacre,Katyn Commission
Katyn Commission,establishedBy,Polish government,Katyn Commission
Katyn Commission,establishedIn,1990,Katyn Commission
Katyn Commission,ledBy,Janusz Nowak,Katyn Commission
Katyn Commission,publishedReport,Report of the Katyn Commission,Katyn Commission
Katyn Commission,investigatedEvent,Katyn massacre,Katyn Commission
Katyn Commission,type,Historical commission,Katyn Commission
2015–16 Iowa Hawkeyes men's basketball team,instanceOf,University of Iowa men's basketball team,2015–16 Iowa Hawkeyes men's basketball team
2015–16 Iowa Hawkeyes men's basketball team,partOf,2015-16 NCAA Division I men's basketball season,2015–16 Iowa Hawkeyes men's basketball team
2015–16 Iowa Hawkeyes men's basketball team,hasCoach,Fran McCaffery,2015–16 Iowa Hawkeyes men's basketball team
2015–16 Iowa Hawkeyes men's basketball team,playsIn,Big Ten Conference,2015–16 Iowa Hawkeyes men's basketball team
2015–16 Iowa Hawkeyes men's basketball team,playsIn,NCAA Division I,2015–16 Iowa Hawkeyes men's basketball team
2015–16 Iowa Hawkeyes men's basketball team,homeStadium,Carver-Hawkeye Arena,2015–16 Iowa Hawkeyes men's basketball team
2015–16 Iowa Hawkeyes men's basketball team,season,2015-16,2015–16 Iowa Hawkeyes men's basketball team
2015–16 Iowa Hawkeyes men's basketball team,teamCaptain,Anthony 'A.J.' Woodbury,2015–16 Iowa Hawkeyes men's basketball team
2015–16 Iowa Hawkeyes men's basketball team,teamCaptain,Peter Jok,2015–16 Iowa Hawkeyes men's basketball team
2015–16 Iowa Hawkeyes men's basketball team,teamCaptain,Leron Boone,2015–16 Iowa Hawkeyes men's basketball team
Hartford Library,instanceOf,Library,Hartford Library
Hartford Library,locatedIn,Hartford,Hartford Library
Hartford Library,partOf,Hartford Public Library,Hartford Library
Hartford Library,hasBranch,Hartford Public Library's Main Branch,Hartford Library
Hartford Library,hasCollection,Book,Hartford Library
Hartford Library,hasCollection,Journal,Hartford Library
Hartford Library,hasCollection,Newspaper,Hartford Library
Hartford Library,offersService,Reference Service,Hartford Library
Hartford Library,offersService,Interlibrary Loan,Hartford Library
Hartford Library,hasWebsite,https://www.hplct.org/,Hartford Library
Hartford Library,isAffiliatedWith,Connecticut State Library,Hartford Library
Hartford Library,hasBranch,Hartford Public Library's Downtown Branch,Hartford Library
Hartford Library,wasFounded,1908,Hartford Library
Hartford Library,hasDirector,Christopher W. Nassetta,Hartford Library
Hartford Library,hasAddress,"500 S. State St., Hartford, CT 06103",Hartford Library
subject,predicate,object,160th Infantry Division (Wehrmacht)
160th Infantry Division (Wehrmacht),instanceOf,Infantry Division,160th Infantry Division (Wehrmacht)
160th Infantry Division (Wehrmacht),partOf,Wehrmacht,160th Infantry Division (Wehrmacht)
160th Infantry Division (Wehrmacht),country,Germany,160th Infantry Division (Wehrmacht)
160th Infantry Division (Wehrmacht),militaryUnit,Infantry Regiment 311,160th Infantry Division (Wehrmacht)
160th Infantry Division (Wehrmacht),militaryUnit,Infantry Regiment 312,160th Infantry Division (Wehrmacht)
160th Infantry Division (Wehrmacht),militaryUnit,Infantry Regiment 313,160th Infantry Division (Wehrmacht)
160th Infantry Division (Wehrmacht),commander,Major-General,160th Infantry Division (Wehrmacht)
160th Infantry Division (Wehrmacht),commander,Friedrich Albinus,160th Infantry Division (Wehrmacht)
160th Infantry Division (Wehrmacht),battle,Battle of France,160th Infantry Division (Wehrmacht)
160th Infantry Division (Wehrmacht),battle,Operation Barbarossa,160th Infantry Division (Wehrmacht)
160th Infantry Division (Wehrmacht),battle,Eastern Front,160th Infantry Division (Wehrmacht)
160th Infantry Division (Wehrmacht),dissolved,1945,160th Infantry Division (Wehrmacht)
Deputy Premier of Victoria,instanceOf,Government Office,Deputy Premier of Victoria
Deputy Premier of Victoria,subordinateTo,Premier of Victoria,Deputy Premier of Victoria
Deputy Premier of Victoria,has jurisdiction,Victoria (Australia),Deputy Premier of Victoria
Deputy Premier of Victoria,responsible for,various government departments,Deputy Premier of Victoria
Deputy Premier of Victoria,part of,Victorian Government,Deputy Premier of Victoria
Deputy Premier of Victoria,reports to,Premier of Victoria,Deputy Premier of Victoria
Deputy Premier of Victoria,has deputy,various deputies,Deputy Premier of Victoria
Historic Savannah Foundation,instanceOf,Organization,Historic Savannah Foundation
Historic Savannah Foundation,location,"Savannah, Georgia",Historic Savannah Foundation
Historic Savannah Foundation,purpose,Preservation of historic buildings,Historic Savannah Foundation
Historic Savannah Foundation,location,United States,Historic Savannah Foundation
Selskabet Kjæden,instanceOf,organization,Selskabet Kjæden
Selskabet Kjæden,foundIn,Denmark,Selskabet Kjæden
Selskabet Kjæden,type,order of chivalry,Selskabet Kjæden
Walliams & Friend,instanceOf,Television Comedy,Walliams & Friend
Walliams & Friend,creator,David Walliams,Walliams & Friend
Walliams & Friend,starring,David Walliams,Walliams & Friend
Walliams & Friend,starring,Sarah Hadland,Walliams & Friend
Walliams & Friend,genre,Comedy,Walliams & Friend
Walliams & Friend,countryOfOrigin,United Kingdom,Walliams & Friend
Walliams & Friend,language,English,Walliams & Friend
Walliams & Friend,numberOfSeasons,1,Walliams & Friend
Walliams & Friend,numberOfEpisodes,2,Walliams & Friend
Walliams & Friend,broadcastNetwork,BBC One,Walliams & Friend
Walliams & Friend,premiereDate,2012-12-24,Walliams & Friend
Tom Baker Cancer Centre,instanceOf,Hospital,Tom Baker Cancer Centre
Tom Baker Cancer Centre,locatedIn,Calgary,Tom Baker Cancer Centre
Tom Baker Cancer Centre,locatedIn,Alberta,Tom Baker Cancer Centre
Tom Baker Cancer Centre,locatedIn,Canada,Tom Baker Cancer Centre
Tom Baker Cancer Centre,partOf,Alberta Health Services,Tom Baker Cancer Centre
Tom Baker Cancer Centre,hasAffiliation,University of Calgary,Tom Baker Cancer Centre
Tom Baker Cancer Centre,provides,cancer care,Tom Baker Cancer Centre
Tom Baker Cancer Centre,provides,cancer treatment,Tom Baker Cancer Centre
Tom Baker Cancer Centre,hasPatientCapacity,608 beds,Tom Baker Cancer Centre
Tom Baker Cancer Centre,opened,1986,Tom Baker Cancer Centre
Aobozu (band),instanceOf,Band,Aobozu (band)
Aobozu (band),origin,Japan,Aobozu (band)
Aobozu (band),genre,Folk rock,Aobozu (band)
Aobozu (band),activeYears,2002-2005,Aobozu (band)
Aobozu (band),member,Takuya (Aobozu),Aobozu (band)
Aobozu (band),member,Hiroshi (Aobozu),Aobozu (band)
Aobozu (band),album,Aobozu,Aobozu (band)
Aobozu (band),discography,List of Aobozu albums,Aobozu (band)
subject,predicate,object,WP Engine
subject,predicate,object,Collier County Public Schools
Collier County Public Schools,instanceOf,School District,Collier County Public Schools
Collier County Public Schools,locatedIn,"Collier County, Florida",Collier County Public Schools
Collier County Public Schools,hasSchool,Naples High School,Collier County Public Schools
Collier County Public Schools,hasSchool,Barron Collier High School,Collier County Public Schools
Collier County Public Schools,hasSchool,East Naples High School,Collier County Public Schools
Collier County Public Schools,hasSchool,Golden Gate High School,Collier County Public Schools
Collier County Public Schools,hasSchool,Immokalee High School,Collier County Public Schools
Collier County Public Schools,hasSchool,Mariner High School,Collier County Public Schools
Collier County Public Schools,hasSchool,North Naples High School,Collier County Public Schools
Collier County Public Schools,hasSchool,South Naples High School,Collier County Public Schools
Collier County Public Schools,hasSchool,Vanderbilt School,Collier County Public Schools
Collier County Public Schools,hasSchool,Collier High School,Collier County Public Schools
Collier County Public Schools,serves,Collier County,Collier County Public Schools
Collier County Public Schools,operates,school buses,Collier County Public Schools
Collier County Public Schools,hasDepartment,Collier County Public Schools Department of Education,Collier County Public Schools
Collier County Public Schools,isManagedBy,Florida Department of Education,Collier County Public Schools
subject,predicate,object,Centre for Window and Cladding Technology
subject,predicate,object,Hasan Sadikin Hospital
Also,I do have more information about Hospitals in general,if that would be helpful.,Hasan Sadikin Hospital
subject,predicate,object,FK Metalac Gornji Milanovac
FK Metalac Gornji Milanovac,instanceOf,Football Club,FK Metalac Gornji Milanovac
FK Metalac Gornji Milanovac,locatedIn,Gornji Milanovac,FK Metalac Gornji Milanovac
FK Metalac Gornji Milanovac,playsIn,Serbian First League,FK Metalac Gornji Milanovac
FK Metalac Gornji Milanovac,founded,1929,FK Metalac Gornji Milanovac
FK Metalac Gornji Milanovac,teamColors,Blue,FK Metalac Gornji Milanovac
FK Metalac Gornji Milanovac,teamColors,White,FK Metalac Gornji Milanovac
FK Metalac Gornji Milanovac,stadium,Stadion FK Metalac,FK Metalac Gornji Milanovac
Stadion FK Metalac,locatedIn,Gornji Milanovac,FK Metalac Gornji Milanovac
FK Metalac Gornji Milanovac,alsoKnownAs,FK Metalac,FK Metalac Gornji Milanovac
FK Metalac Gornji Milanovac,league,Serbian First League,FK Metalac Gornji Milanovac
FK Metalac Gornji Milanovac,coach,Slavko Ćurčić,FK Metalac Gornji Milanovac
Voyagin,instanceOf,Travel Company,Voyagin
Voyagin,foundedBy,Alexei Sokolov,Voyagin
Voyagin,headquarteredIn,New York,Voyagin
Voyagin,offers,Experiential Travel,Voyagin
Voyagin,offers,Local Experiences,Voyagin
Voyagin,partnersWith,Local Tour Operators,Voyagin
Voyagin,provides,Tours,Voyagin
Voyagin,provides,Travel Guides,Voyagin
Voyagin,operatesIn,Multiple Countries,Voyagin
subject,predicate,object,Tarup-Paarup IF
Tarup-Paarup IF,instanceOf,Football Club,Tarup-Paarup IF
Tarup-Paarup IF,locatedIn,Denmark,Tarup-Paarup IF
Tarup-Paarup IF,plays,Tarup,Tarup-Paarup IF
Tarup-Paarup IF,founded,1978,Tarup-Paarup IF
Tarup-Paarup IF,team,Tarup-Paarup IF Senior,Tarup-Paarup IF
Tarup-Paarup IF,league,Denmark Series,Tarup-Paarup IF
If there are not enough or too many facts,or if there are errors,please let me know so I can adjust.,Tarup-Paarup IF
subject,predicate,object,Men's Studies Press
subject,predicate,object,Voronezh State Pedagogical University
2015–16 Wisconsin Badgers women's basketball team,instanceOf,basketball team,2015–16 Wisconsin Badgers women's basketball team
2015–16 Wisconsin Badgers women's basketball team,partOf,University of Wisconsin–Madison,2015–16 Wisconsin Badgers women's basketball team
2015–16 Wisconsin Badgers women's basketball team,competedIn,2015-16 NCAA Division I women's basketball season,2015–16 Wisconsin Badgers women's basketball team
2015–16 Wisconsin Badgers women's basketball team,coach,Jeff Panis,2015–16 Wisconsin Badgers women's basketball team
2015–16 Wisconsin Badgers women's basketball team,season,2015-16,2015–16 Wisconsin Badgers women's basketball team
2015–16 Wisconsin Badgers women's basketball team,teamCaptain,Kathleen Lagree,2015–16 Wisconsin Badgers women's basketball team
2015–16 Wisconsin Badgers women's basketball team,teamCaptain,Megan Gustafson,2015–16 Wisconsin Badgers women's basketball team
2015–16 Wisconsin Badgers women's basketball team,conference,Big Ten Conference,2015–16 Wisconsin Badgers women's basketball team
2015–16 Wisconsin Badgers women's basketball team,division,NCAA Division I,2015–16 Wisconsin Badgers women's basketball team
Accademia di Belle Arti di Carrara,instanceOf,Academy of Fine Arts,Accademia di Belle Arti di Carrara
Accademia di Belle Arti di Carrara,locatedIn,Carrara,Accademia di Belle Arti di Carrara
Accademia di Belle Arti di Carrara,educates,artists,Accademia di Belle Arti di Carrara
Accademia di Belle Arti di Carrara,focusesOn,fine arts,Accademia di Belle Arti di Carrara
Accademia di Belle Arti di Carrara,hasAcademicStaff,art historians,Accademia di Belle Arti di Carrara
Accademia di Belle Arti di Carrara,hasAcademicStaff,art critics,Accademia di Belle Arti di Carrara
Accademia di Belle Arti di Carrara,offersEducationIn,painting,Accademia di Belle Arti di Carrara
Accademia di Belle Arti di Carrara,offersEducationIn,sculpture,Accademia di Belle Arti di Carrara
Accademia di Belle Arti di Carrara,offersEducationIn,architecture,Accademia di Belle Arti di Carrara
Accademia di Belle Arti di Carrara,isLocatedIn,Italy,Accademia di Belle Arti di Carrara
Helene-Lange-Schule (Frankfurt),instanceOf,school,Helene-Lange-Schule (Frankfurt)
Helene-Lange-Schule (Frankfurt),locatedIn,Frankfurt,Helene-Lange-Schule (Frankfurt)
Helene-Lange-Schule (Frankfurt),hasType,gymnasium,Helene-Lange-Schule (Frankfurt)
Helene-Lange-Schule (Frankfurt),isNamedAfter,Helene Lange,Helene-Lange-Schule (Frankfurt)
Helene-Lange-Schule (Frankfurt),hasAddress," Frankfurt, Germany",Helene-Lange-Schule (Frankfurt)
subject,predicate,object,Amateur Entomologists' Society
subject,predicate,object,Novovoronezh Nuclear Power Plant
subject,predicate,object,AptarGroup
AptarGroup,instanceOf,Multinational Corporation,AptarGroup
AptarGroup,headquarteredIn,Chicago,AptarGroup
AptarGroup,industry,Pharmaceutical,AptarGroup
AptarGroup,industry,Medical Devices,AptarGroup
AptarGroup,founder,Unknown,AptarGroup
AptarGroup,foundedIn,1946,AptarGroup
AptarGroup,product,Dispensing Systems,AptarGroup
AptarGroup,product,Pharmaceutical Packaging,AptarGroup
AptarGroup,product,Medical Devices,AptarGroup
AptarGroup,hasSubsidiary,Aptar Pharma,AptarGroup
AptarGroup,hasSubsidiary,Aptar Dispensing Systems,AptarGroup
AptarGroup,operatesIn,United States,AptarGroup
AptarGroup,operatesIn,Europe,AptarGroup
AptarGroup,operatesIn,Asia Pacific,AptarGroup
AptarGroup,headquarteredIn,"Crystal Lake, Illinois",AptarGroup
AptarGroup,industry,Pharmaceutical Packaging,AptarGroup
AptarGroup,founder,Herman A. Gossage,AptarGroup
AptarGroup,numberOfEmployees,"Over 4,000",AptarGroup
AptarGroup,revenue,$1.4 billion,AptarGroup
Uzbekistan Rugby Federation,instanceOf,sports governing body,Uzbekistan Rugby Federation
Uzbekistan Rugby Federation,country,Uzbekistan,Uzbekistan Rugby Federation
Uzbekistan Rugby Federation,sport,rugby,Uzbekistan Rugby Federation
Uzbekistan Rugby Federation,isGoverningBodyOf,Uzbekistan national rugby union team,Uzbekistan Rugby Federation
Deutsches Ärzteblatt,instanceOf,Medical Journal,Deutsches Ärzteblatt
Deutsches Ärzteblatt,publisher,Deutscher Ärzte-Verlag,Deutsches Ärzteblatt
Deutsches Ärzteblatt,language,German,Deutsches Ärzteblatt
Deutsches Ärzteblatt,countryOfOrigin,Germany,Deutsches Ärzteblatt
Deutsches Ärzteblatt,subject,Medicine,Deutsches Ärzteblatt
Deutsches Ärzteblatt,type,Journal,Deutsches Ärzteblatt
Deutsches Ärzteblatt,ISSN,0011-4075,Deutsches Ärzteblatt
Deutsches Ärzteblatt,website,https://www.aerzteblatt.de/,Deutsches Ärzteblatt
Deutsches Ärzteblatt,editor,Rudolf Moltrecht,Deutsches Ärzteblatt
subject,predicate,object,Groupe M6
Groupe M6,instanceOf,media conglomerate,Groupe M6
Groupe M6,foundedBy,Jean-Marie Messier,Groupe M6
Groupe M6,foundedIn,1983,Groupe M6
Groupe M6,headquarteredIn,Paris,Groupe M6
Groupe M6,ownerOf,M6 Boutique & Co,Groupe M6
Groupe M6,ownerOf,M6 Music,Groupe M6
Groupe M6,ownerOf,M6 Boutique,Groupe M6
Groupe M6,ownerOf,TF6,Groupe M6
Groupe M6,ownerOf,M6,Groupe M6
Groupe M6,hasSubsidiary,M6 Télévision,Groupe M6
Groupe M6,industry,mass media,Groupe M6
Groupe M6,businessIndustry,media group,Groupe M6
subject,predicate,object,In Hearts Wake
subject,predicate,object,Macao Conservatory
subject,predicate,object,Pennine Care NHS Foundation Trust
subject,predicate,object,Japan Institute for National Fundamentals
Maison Lafrance,instanceOf,Restaurant,Maison Lafrance
Maison Lafrance,location,Montreal,Maison Lafrance
Maison Lafrance,location,Quebec,Maison Lafrance
Maison Lafrance,hasCuisine,French,Maison Lafrance
Maison Lafrance,rating,4/5,Maison Lafrance
Maison Lafrance,review,Excellent service,Maison Lafrance
Maison Lafrance,review,Delicious food,Maison Lafrance
Maison Lafrance,priceRange,$$$,Maison Lafrance
Maison Lafrance,hoursOfOperation,"Lunch, Dinner",Maison Lafrance
Maison Lafrance,telephone,+1 514 123 4567,Maison Lafrance
subject,predicate,object,Embassy of Indonesia to the Holy See
Association of Belarusians in Great Britain,instanceOf,organization,Association of Belarusians in Great Britain
Association of Belarusians in Great Britain,locatedIn,Great Britain,Association of Belarusians in Great Britain
Association of Belarusians in Great Britain,hasPurpose,preservation of Belarusian culture,Association of Belarusians in Great Britain
Association of Belarusians in Great Britain,hasPurpose,promotion of Belarusian community,Association of Belarusians in Great Britain
Association of Belarusians in Great Britain,type,diaspora organization,Association of Belarusians in Great Britain
Mehr! Theater,instanceOf,Theater,Mehr! Theater
Mehr! Theater,location,Chicago,Mehr! Theater
Mehr! Theater,location,Illinois,Mehr! Theater
Mehr! Theater,foundingDate,2014,Mehr! Theater
Mehr! Theater,foundedBy,Tania Pak,Mehr! Theater
Mehr! Theater,genre,Musical theater,Mehr! Theater
Mehr! Theater,genre,Theater,Mehr! Theater
Mehr! Theater,website,https://mehrtheater.org/,Mehr! Theater
subject,predicate,object,Televize Seznam
Veloxis Pharmaceuticals,instanceOf,Pharmaceutical company,Veloxis Pharmaceuticals
Veloxis Pharmaceuticals,foundedIn,2006,Veloxis Pharmaceuticals
Veloxis Pharmaceuticals,headquarteredIn,Denmark,Veloxis Pharmaceuticals
Veloxis Pharmaceuticals,industry,Pharmaceuticals,Veloxis Pharmaceuticals
Veloxis Pharmaceuticals,product,Lixivix,Veloxis Pharmaceuticals
Veloxis Pharmaceuticals,product,Envarsus,Veloxis Pharmaceuticals
Veloxis Pharmaceuticals,MTA,acquired by Chiesi Group,Veloxis Pharmaceuticals
Sunclass Airlines,instanceOf,Low-cost airline,Sunclass Airlines
Sunclass Airlines,foundedIn,2005,Sunclass Airlines
Sunclass Airlines,basedIn,Denmark,Sunclass Airlines
Sunclass Airlines,hubAirport,Copenhagen Airport,Sunclass Airlines
Sunclass Airlines,IATA code,Y2,Sunclass Airlines
Sunclass Airlines,ICAO code,SRS,Sunclass Airlines
Sunclass Airlines,fleetSize,24,Sunclass Airlines
Sunclass Airlines,fleetType,Airbus A320,Sunclass Airlines
Sunclass Airlines,parentCompany,Sunclass,Sunclass Airlines
Sunclass Airlines,alliance,none,Sunclass Airlines
Sunclass Airlines,destinations,"Europe, North Africa",Sunclass Airlines
As a side note,I was only able to retrieve a limited number of facts about Sunclass Airlines. In a real-world scenario,I would likely have access to a much larger knowledge base and be able to provide many more facts.,Sunclass Airlines
Ursberg Abbey,instanceOf,Abbey,Ursberg Abbey
Ursberg Abbey,location,Ursberg,Ursberg Abbey
Ursberg Abbey,location,Bavaria,Ursberg Abbey
Ursberg Abbey,location,Germany,Ursberg Abbey
Ursberg Abbey,foundedBy,Benedictine,Ursberg Abbey
Ursberg Abbey,foundedDate,1180,Ursberg Abbey
Ursberg Abbey,architecturalStyle,Baroque,Ursberg Abbey
Ursberg Abbey,religion,Catholicism,Ursberg Abbey
Institute for Slavic Studies of the Russian Academy of Sciences,instanceOf,research institute,Institute for Slavic Studies of the Russian Academy of Sciences
Institute for Slavic Studies of the Russian Academy of Sciences,partOf,Russian Academy of Sciences,Institute for Slavic Studies of the Russian Academy of Sciences
Institute for Slavic Studies of the Russian Academy of Sciences,locatedIn,Moscow,Institute for Slavic Studies of the Russian Academy of Sciences
Institute for Slavic Studies of the Russian Academy of Sciences,focus,Slavic studies,Institute for Slavic Studies of the Russian Academy of Sciences
Institute for Slavic Studies of the Russian Academy of Sciences,established,1947,Institute for Slavic Studies of the Russian Academy of Sciences
Institute for Slavic Studies of the Russian Academy of Sciences,director,Andrei Melville,Institute for Slavic Studies of the Russian Academy of Sciences
Institute for Slavic Studies of the Russian Academy of Sciences,researchField,history,Institute for Slavic Studies of the Russian Academy of Sciences
Institute for Slavic Studies of the Russian Academy of Sciences,researchField,linguistics,Institute for Slavic Studies of the Russian Academy of Sciences
Institute for Slavic Studies of the Russian Academy of Sciences,researchField,literary criticism,Institute for Slavic Studies of the Russian Academy of Sciences
subject,predicate,object,American College of Foot and Ankle Surgeons
subject,predicate,object,Komar University of Science and Technology
Ecobee,instanceOf,Company,Ecobee
Ecobee,foundedIn,2007,Ecobee
Ecobee,foundedBy,Alec Baldwin,Ecobee
Ecobee,headquarteredIn,Toronto,Ecobee
Ecobee,product,Ecobee Smart Thermostat,Ecobee
Ecobee,product,Ecobee Smart Lighting,Ecobee
Ecobee,product,Ecobee Room Sensors,Ecobee
Ecobee,compatibility,Amazon Alexa,Ecobee
Ecobee,compatibility,Google Assistant,Ecobee
Ecobee,compatibility,Apple HomeKit,Ecobee
Ecobee,acquiredBy,Bain Capital,Ecobee
Ecobee,CEO,John Borth,Ecobee
Ecobee,funding,$84 million,Ecobee
Ecobee,award,CES Smart Home Award,Ecobee
Ecobee,partner,IFTTT,Ecobee
Ecobee,partner,SmartThings,Ecobee
Adícora,instanceOf,town,Adícora
Adícora,locatedIn,Venezuela,Adícora
Adícora,locatedIn,Falcón state,Adícora
Adícora,isPartOf,Paraguaná Peninsula,Adícora
Adícora,hasBeach,Adícora Beach,Adícora
Strazde,instanceOf,Municipality,Strazde
Strazde,locatedIn,Lithuania,Strazde
Strazde,locatedIn,Alytus County,Strazde
Strazde,capital,Strazde,Strazde
Strazde,populationTotal,1317,Strazde
Strazde,area,44.09,Strazde
Strazde,postalCode,62401,Strazde
Kocourov,instanceOf,municipality,Kocourov
Kocourov,locatedIn,Czech Republic,Kocourov
Kocourov,locatedIn,Ústí nad Labem District,Kocourov
Kocourov,locatedIn,Ústí nad Labem Region,Kocourov
Goa Cricket Association Stadium,instanceOf,Stadium,Goa Cricket Association Stadium
Goa Cricket Association Stadium,locatedIn,Goa,Goa Cricket Association Stadium
Goa Cricket Association Stadium,homeTeam,Goa cricket team,Goa Cricket Association Stadium
Goa Cricket Association Stadium,capacity,approximately 3500,Goa Cricket Association Stadium
Goa Cricket Association Stadium,sport,Cricket,Goa Cricket Association Stadium
"Kells, Whitehaven",instanceOf,countryside location,"Kells, Whitehaven"
"Kells, Whitehaven",locatedIn,Cumbria,"Kells, Whitehaven"
"Kells, Whitehaven",locatedIn,England,"Kells, Whitehaven"
"Kells, Whitehaven",hasPart,Whitehaven,"Kells, Whitehaven"
"Kells, Whitehaven",isPartOf,Allerdale,"Kells, Whitehaven"
"Kells, Whitehaven",isConnectedTo,Maryport,"Kells, Whitehaven"
"Kells, Whitehaven",isConnectedTo,Workington,"Kells, Whitehaven"
"Kells, Whitehaven",has,Kells Colliery,"Kells, Whitehaven"
"Kells, Whitehaven",near,Solway Firth,"Kells, Whitehaven"
"Kells, Whitehaven",near,Lake District,"Kells, Whitehaven"
subject,predicate,object,Sanam Chai MRT station
subject,predicate,object,"Kagaru, Queensland"
Jack Lake (Nipissing District),instanceOf,lake,Jack Lake (Nipissing District)
Jack Lake (Nipissing District),locatedIn,Nipissing District,Jack Lake (Nipissing District)
Jack Lake (Nipissing District),locatedIn,Ontario,Jack Lake (Nipissing District)
Jack Lake (Nipissing District),partOf,Canadian Shield,Jack Lake (Nipissing District)
Jack Lake (Nipissing District),hasPart,Little Jack Lake,Jack Lake (Nipissing District)
Jack Lake (Nipissing District),drainageBasin,Northwest River,Jack Lake (Nipissing District)
Jack Lake (Nipissing District),surfaceArea,approximately 10 km²,Jack Lake (Nipissing District)
Jack Lake (Nipissing District),maxDepth,approximately 30 m,Jack Lake (Nipissing District)
Jack Lake (Nipissing District),isConnectedTo,Nipissing Lake,Jack Lake (Nipissing District)
Jack Lake (Nipissing District),isConnectedTo,Whitefish Bay,Jack Lake (Nipissing District)
subject,predicate,object,Ecublens-Rue railway station
subject,predicate,object,Kampong Katok
"Maslovo, Cherepovetsky District, Vologda Oblast",instanceOf,inhabited locality,"Maslovo, Cherepovetsky District, Vologda Oblast"
"Maslovo, Cherepovetsky District, Vologda Oblast",locatedIn,Cherepovetsky District,"Maslovo, Cherepovetsky District, Vologda Oblast"
"Maslovo, Cherepovetsky District, Vologda Oblast",locatedIn,Vologda Oblast,"Maslovo, Cherepovetsky District, Vologda Oblast"
"Maslovo, Cherepovetsky District, Vologda Oblast",hasPopulation, fewer than 10,"Maslovo, Cherepovetsky District, Vologda Oblast"
"Maslovo, Cherepovetsky District, Vologda Oblast",isPartOf,Russia,"Maslovo, Cherepovetsky District, Vologda Oblast"
subject,predicate,object,Bari La Fitta railway station
"Khripelevo, Ustyuzhensky District, Vologda Oblast",instanceOf,rural locality,"Khripelevo, Ustyuzhensky District, Vologda Oblast"
"Khripelevo, Ustyuzhensky District, Vologda Oblast",locatedIn,Ustyuzhensky District,"Khripelevo, Ustyuzhensky District, Vologda Oblast"
"Khripelevo, Ustyuzhensky District, Vologda Oblast",locatedIn,Vologda Oblast,"Khripelevo, Ustyuzhensky District, Vologda Oblast"
"Khripelevo, Ustyuzhensky District, Vologda Oblast",country,Russia,"Khripelevo, Ustyuzhensky District, Vologda Oblast"
Histria Perla,instanceOf,resort,Histria Perla
Histria Perla,location,Romania,Histria Perla
Histria Perla,location,Constanța County,Histria Perla
Histria Perla,type,Hotel,Histria Perla
Histria Perla,operator,Histria Hotels,Histria Perla
Histria Perla,rating,5-star,Histria Perla
Histria Perla,rooms,141,Histria Perla
Histria Perla,rooms,suites,Histria Perla
Histria Perla,facilities,pool,Histria Perla
Histria Perla,facilities,spa,Histria Perla
Histria Perla,facilities,fitness center,Histria Perla
Histria Perla,services,restaurant,Histria Perla
Histria Perla,services,bar,Histria Perla
Histria Perla,services,room service,Histria Perla
"Church of St Oswald, Filey",instanceOf,Anglican church,"Church of St Oswald, Filey"
"Church of St Oswald, Filey",location,Filey,"Church of St Oswald, Filey"
"Church of St Oswald, Filey",location,North Yorkshire,"Church of St Oswald, Filey"
"Church of St Oswald, Filey",location,England,"Church of St Oswald, Filey"
"Church of St Oswald, Filey",dedicatedTo,Oswald of Northumbria,"Church of St Oswald, Filey"
"Church of St Oswald, Filey",architect,James F. Robinson,"Church of St Oswald, Filey"
"Church of St Oswald, Filey",architect,John Douglas,"Church of St Oswald, Filey"
"Church of St Oswald, Filey",architecturalStyle,Gothic Revival,"Church of St Oswald, Filey"
"Church of St Oswald, Filey",hasPart,spire,"Church of St Oswald, Filey"
"Church of St Oswald, Filey",hasPart,tower,"Church of St Oswald, Filey"
"Church of St Oswald, Filey",use,placeOfWorship,"Church of St Oswald, Filey"
subject,predicate,object,"Tiélé, Mali"
subject,predicate,object,"Frierson, Louisiana"
subject,predicate,object,Wanzi station
subject,predicate,object,Guaratiba Biological Reserve
subject,predicate,object,"White Lake, Oneida County, New York"
"White Lake, Oneida County, New York",instanceOf,lake,"White Lake, Oneida County, New York"
"White Lake, Oneida County, New York",locatedIn,"Oneida County, New York","White Lake, Oneida County, New York"
"White Lake, Oneida County, New York",partOf,New York,"White Lake, Oneida County, New York"
"White Lake, Oneida County, New York",hasPart,Wampsville,"White Lake, Oneida County, New York"
"White Lake, Oneida County, New York",hasPart,Oneida,"White Lake, Oneida County, New York"
"White Lake, Oneida County, New York",isConnectedTo,Oneida Lake,"White Lake, Oneida County, New York"
"White Lake, Oneida County, New York",isConnectedTo,Mohawk River,"White Lake, Oneida County, New York"
"White Lake, Oneida County, New York",isPartOf,Finger Lakes region,"White Lake, Oneida County, New York"
"White Lake, Oneida County, New York",hasArea,approximately 315 acres,"White Lake, Oneida County, New York"
"White Lake, Oneida County, New York",maximumDepth,14 feet,"White Lake, Oneida County, New York"
"White Lake, Oneida County, New York",isFedBy,Wood Creek,"White Lake, Oneida County, New York"
"White Lake, Oneida County, New York",drainsInto,Oneida Lake,"White Lake, Oneida County, New York"
General Taboada Department,instanceOf,department,General Taboada Department
General Taboada Department,locatedIn,Argentina,General Taboada Department
General Taboada Department,locatedIn,Santa Fe Province,General Taboada Department
Barrier Peak,instanceOf,Mountain,Barrier Peak
Barrier Peak,locatedIn,Antarctica,Barrier Peak
Barrier Peak,partOf,Vinson Massif,Barrier Peak
Barrier Peak,hasHeight,"4,892",Barrier Peak
Barrier Peak,locatedNear,Sentinel Range,Barrier Peak
Elva Cemetery,instanceOf,Cemetery,Elva Cemetery
Elva Cemetery,locatedIn,Estonia,Elva Cemetery
Elva Cemetery,locatedIn,Tartu County,Elva Cemetery
Elva Cemetery,namedAfter,Elva,Elva Cemetery
"Rybny, Serafimovichsky District, Volgograd Oblast",instanceOf,rural locality,"Rybny, Serafimovichsky District, Volgograd Oblast"
"Rybny, Serafimovichsky District, Volgograd Oblast",locatedIn,Serafimovichsky District,"Rybny, Serafimovichsky District, Volgograd Oblast"
"Rybny, Serafimovichsky District, Volgograd Oblast",locatedIn,Volgograd Oblast,"Rybny, Serafimovichsky District, Volgograd Oblast"
"Rybny, Serafimovichsky District, Volgograd Oblast",region,Volgograd Oblast,"Rybny, Serafimovichsky District, Volgograd Oblast"
"Rybny, Serafimovichsky District, Volgograd Oblast",type,settlement,"Rybny, Serafimovichsky District, Volgograd Oblast"
subject,predicate,object,"Emmanuel Church, Forest Gate"
"Emmanuel Church, Forest Gate",instanceOf,Church,"Emmanuel Church, Forest Gate"
"Emmanuel Church, Forest Gate",locatedIn,Forest Gate,"Emmanuel Church, Forest Gate"
"Emmanuel Church, Forest Gate",denomination,Congregational,"Emmanuel Church, Forest Gate"
"Emmanuel Church, Forest Gate",architect,William & Son Burges,"Emmanuel Church, Forest Gate"
"Emmanuel Church, Forest Gate",architecturalStyle,Gothic Revival,"Emmanuel Church, Forest Gate"
"Emmanuel Church, Forest Gate",hasPart,tower,"Emmanuel Church, Forest Gate"
"Emmanuel Church, Forest Gate",hasPart,spire,"Emmanuel Church, Forest Gate"
"Emmanuel Church, Forest Gate",listedBuildingGrade,Grade II,"Emmanuel Church, Forest Gate"
"Emmanuel Church, Forest Gate",completionDate,1868,"Emmanuel Church, Forest Gate"
"Emmanuel Church, Forest Gate",commissionedBy,Congregational Church,"Emmanuel Church, Forest Gate"
As I don't have a huge amount of data on this particular subject,the list is relatively short. For a more popular subject,the list would likely be much longer.,"Emmanuel Church, Forest Gate"
Novodniprovka,instanceOf,settlement,Novodniprovka
Novodniprovka,locatedIn,Ukraine,Novodniprovka
Novodniprovka,locatedIn,Zaporizhzhia Oblast,Novodniprovka
Novodniprovka,isPartOf,Vasylivka Raion,Novodniprovka
Novodniprovka,hasPopulation,unknown,Novodniprovka
Novodniprovka,isA,selo,Novodniprovka
Novodniprovka,hasCoordinates,"47.5167° N, 34.65° E",Novodniprovka
"Korovino, Verkhovazhsky District, Vologda Oblast",instanceOf,locality,"Korovino, Verkhovazhsky District, Vologda Oblast"
"Korovino, Verkhovazhsky District, Vologda Oblast",locatedIn,Verkhovazhsky District,"Korovino, Verkhovazhsky District, Vologda Oblast"
"Korovino, Verkhovazhsky District, Vologda Oblast",locatedIn,Vologda Oblast,"Korovino, Verkhovazhsky District, Vologda Oblast"
"Korovino, Verkhovazhsky District, Vologda Oblast",partOf,Russia,"Korovino, Verkhovazhsky District, Vologda Oblast"
subject,predicate,object,Zolotnyky rural hromada
"Alexanders (Boise, Idaho)",instanceOf,restaurant,"Alexanders (Boise, Idaho)"
"Alexanders (Boise, Idaho)",location,"Boise, Idaho","Alexanders (Boise, Idaho)"
"Alexanders (Boise, Idaho)",type,American restaurant,"Alexanders (Boise, Idaho)"
"Alexanders (Boise, Idaho)",serves,American cuisine,"Alexanders (Boise, Idaho)"
"Alexanders (Boise, Idaho)",hasCuisine,American,"Alexanders (Boise, Idaho)"
"Alexanders (Boise, Idaho)",isLocatedIn,Boise,"Alexanders (Boise, Idaho)"
"Alexanders (Boise, Idaho)",isLocatedIn,Idaho,"Alexanders (Boise, Idaho)"
Artificial caves of Casal do Pardo,instanceOf,Artificial cave,Artificial caves of Casal do Pardo
Artificial caves of Casal do Pardo,location,Casal do Pardo,Artificial caves of Casal do Pardo
Artificial caves of Casal do Pardo,country,Portugal,Artificial caves of Casal do Pardo
Artificial caves of Casal do Pardo,type,cave,Artificial caves of Casal do Pardo
Artificial caves of Casal do Pardo,isLocatedIn,Portugal,Artificial caves of Casal do Pardo
"Rockford, Hampshire",instanceOf,village,"Rockford, Hampshire"
"Rockford, Hampshire",locatedIn,Hampshire,"Rockford, Hampshire"
"Rockford, Hampshire",partOf,England,"Rockford, Hampshire"
"Rockford, Hampshire",hasPopulation,some population value,"Rockford, Hampshire"
"Rockford, Hampshire",isPartOf,United Kingdom,"Rockford, Hampshire"
subject,predicate,object,Belovo Municipality
Belovo Municipality,instanceOf,municipality,Belovo Municipality
Belovo Municipality,locatedIn,Bulgaria,Belovo Municipality
Belovo Municipality,locatedIn,Pazardzhik Province,Belovo Municipality
Belovo Municipality,capital,Belovo,Belovo Municipality
Belovo Municipality,population,"10,000",Belovo Municipality
Belovo Municipality,area,416 km²,Belovo Municipality
Belovo Municipality,population,"10,485",Belovo Municipality
Belovo Municipality,hasPart,Belovo,Belovo Municipality
Belovo Municipality,hasPart,Baba,Belovo Municipality
Belovo Municipality,hasPart,Banya,Belovo Municipality
Belovo Municipality,hasPart,Kozudo,Belovo Municipality
Belovo Municipality,hasPart,Pamidovo,Belovo Municipality
"St. Kolumba, Cologne",instanceOf,church,"St. Kolumba, Cologne"
"St. Kolumba, Cologne",locatedIn,Cologne,"St. Kolumba, Cologne"
"St. Kolumba, Cologne",dedicatedTo,Columba of Sens,"St. Kolumba, Cologne"
"St. Kolumba, Cologne",hasArchitect,Peter Parler,"St. Kolumba, Cologne"
"St. Kolumba, Cologne",hasStyle,Gothic architecture,"St. Kolumba, Cologne"
"St. Kolumba, Cologne",hasPart,chapel,"St. Kolumba, Cologne"
"St. Kolumba, Cologne",hasPart,tower,"St. Kolumba, Cologne"
"St. Kolumba, Cologne",isLocatedNear,Rhine,"St. Kolumba, Cologne"
"St. Kolumba, Cologne",isPopularTouristDestination,true,"St. Kolumba, Cologne"
"St. Kolumba, Cologne",wasBuilt,12th century,"St. Kolumba, Cologne"
"St. Kolumba, Cologne",isProtectedMonument,true,"St. Kolumba, Cologne"
subject,predicate,object,Kilmany Parish Church
subject,predicate,object,Casbas Monastery
subject,predicate,object,Kakonko District
subject,predicate,object,Onehunga Library
subject,predicate,object,"Abo, New Mexico"
subject,predicate,object,"Emu Point, Western Australia"
"Emu Point, Western Australia",instanceOf,coastal point,"Emu Point, Western Australia"
"Emu Point, Western Australia",locatedIn,Western Australia,"Emu Point, Western Australia"
"Emu Point, Western Australia",locatedIn,Australia,"Emu Point, Western Australia"
"Emu Point, Western Australia",hasCoordinates,-34.3833  116.383,"Emu Point, Western Australia"
"Emu Point, Western Australia",isPartOf,Leeuwin-Naturaliste National Park,"Emu Point, Western Australia"
"Emu Point, Western Australia",hasName,Emu Point,"Emu Point, Western Australia"
"Emu Point, Western Australia",isLocatedNear,Margaret River,"Emu Point, Western Australia"
"Emu Point, Western Australia",features,beach,"Emu Point, Western Australia"
"Emu Point, Western Australia",features,coastline,"Emu Point, Western Australia"
"Makan, Khaybullinsky District, Republic of Bashkortostan",instanceOf,rural locality,"Makan, Khaybullinsky District, Republic of Bashkortostan"
"Makan, Khaybullinsky District, Republic of Bashkortostan",locatedIn,Khaybullinsky District,"Makan, Khaybullinsky District, Republic of Bashkortostan"
"Makan, Khaybullinsky District, Republic of Bashkortostan",locatedIn,Republic of Bashkortostan,"Makan, Khaybullinsky District, Republic of Bashkortostan"
"Makan, Khaybullinsky District, Republic of Bashkortostan",country,Russia,"Makan, Khaybullinsky District, Republic of Bashkortostan"
Schiederweiher,instanceOf,lake,Schiederweiher
Schiederweiher,locatedIn,Germany,Schiederweiher
Schiederweiher,locatedIn,North Rhine-Westphalia,Schiederweiher
Schiederweiher,partOf,Schieder-Schwalenberg,Schiederweiher
Schiederweiher,isConnectedTo,Emmer River,Schiederweiher
Schiederweiher,hasArea,approximately 35 hectares,Schiederweiher
Istana Kota Manggalela,instanceOf,Istana,Istana Kota Manggalela
Istana Kota Manggalela,locatedIn,Jakarta,Istana Kota Manggalela
Istana Kota Manggalela,alsoKnownAs,Jakarta Palace,Istana Kota Manggalela
Istana Kota Manggalela,architecturalStyle,Neo-Javanese,Istana Kota Manggalela
Istana Kota Manggalela,commissionedBy,Sultan of Banten,Istana Kota Manggalela
Istana Kota Manggalela,builtIn,17th century,Istana Kota Manggalela
Istana Kota Manggalela,restoredIn,19th century,Istana Kota Manggalela
Istana Kota Manggalela,usedFor,official residence,Istana Kota Manggalela
Istana Kota Manggalela,currentUse,museum,Istana Kota Manggalela
Istana Kota Manggalela,hasCollection,Banten artifacts,Istana Kota Manggalela
subject,predicate,object,"Spectacle Lake, South Australia"
subject,predicate,object,Cormano–Cusano Milanino railway station
subject,predicate,object,Arahura River
subject,predicate,object,Priluki Monastery
subject,predicate,object,"Cotherstone, Queensland"
subject,predicate,object,Gambier (commune)
Monastery of Saint John the Theologian (Souroti),instanceOf,Monastery,Monastery of Saint John the Theologian (Souroti)
Monastery of Saint John the Theologian (Souroti),location,Souroti,Monastery of Saint John the Theologian (Souroti)
Monastery of Saint John the Theologian (Souroti),dedicatedTo,John the Theologian,Monastery of Saint John the Theologian (Souroti)
Monastery of Saint John the Theologian (Souroti),isLocatedIn,Greece,Monastery of Saint John the Theologian (Souroti)
Monastery of Saint John the Theologian (Souroti),isA,Greek Orthodox monastery,Monastery of Saint John the Theologian (Souroti)
Waterboat Point,instanceOf,Point,Waterboat Point
Waterboat Point,locatedIn,Antarctica,Waterboat Point
Waterboat Point,partOf,Danco Island,Waterboat Point
Waterboat Point,coordinates,64.4833°S 63.7833°W,Waterboat Point
Rhobell Fawr,instanceOf,Mountain,Rhobell Fawr
Rhobell Fawr,locatedIn,Snowdonia,Rhobell Fawr
Rhobell Fawr,locatedIn,Wales,Rhobell Fawr
Rhobell Fawr,hasHeight,893,Rhobell Fawr
Rhobell Fawr,hasRank,3,Rhobell Fawr
Khawabi,instanceOf,Village,Khawabi
Khawabi,locatedIn,Syria,Khawabi
Khawabi,partOf,Hama Governorate,Khawabi
Khawabi,partOf,Al-Salam Zaitunah Subdistrict,Khawabi
subject,predicate,object,Ryūmonzan Prefectural Natural Park
subject,predicate,object,"St Mark's Church, Blackpool"
Terechnoye,instanceOf,rural locality,Terechnoye
Terechnoye,locatedIn,Russia,Terechnoye
Sugarwell Court,instanceOf,courtyard,Sugarwell Court
Sugarwell Court,location,England,Sugarwell Court
Sugarwell Court,partOf,Birmingham,Sugarwell Court
Sugarwell Court,architecturalStyle,English country house,Sugarwell Court
Sugarwell Court,instanceOf,English country house,Sugarwell Court
subject,predicate,object,Winninowie Conservation Park
subject,predicate,object,Riddes railway station
subject,predicate,object,Castellengo Castle
Broletto (Melegnano),instanceOf,Broletto,Broletto (Melegnano)
Broletto (Melegnano),location,Melegnano,Broletto (Melegnano)
Broletto (Melegnano),isA,Town Hall,Broletto (Melegnano)
"Voskhod, Zonalny District, Altai Krai",instanceOf,rural locality,"Voskhod, Zonalny District, Altai Krai"
"Voskhod, Zonalny District, Altai Krai",locatedIn,Zonalny District,"Voskhod, Zonalny District, Altai Krai"
"Voskhod, Zonalny District, Altai Krai",locatedIn,Altai Krai,"Voskhod, Zonalny District, Altai Krai"
"Voskhod, Zonalny District, Altai Krai",country,Russia,"Voskhod, Zonalny District, Altai Krai"
Kleine Bockau,instanceOf,stream,Kleine Bockau
Kleine Bockau,location,Germany,Kleine Bockau
Kleine Bockau,tributaryOf,Zwickau Mulde,Kleine Bockau
subject,predicate,object,Ōtaki-Ōkawa Prefectural Natural Park
Slavhorod,instanceOf,city,Slavhorod
Slavhorod,locatedIn,Ukraine,Slavhorod
Slavhorod,isPartOf,Dnipropetrovsk Oblast,Slavhorod
Slavhorod,hasPopulation,"approximately 14,000",Slavhorod
Slavhorod,isLocatedOn,Samara River,Slavhorod
Slavhorod,wasFounded,1775,Slavhorod
Slavhorod,hasArea,approximately 12.3 km²,Slavhorod
Slavhorod,isElevation,78 meters,Slavhorod
Slavhorod,hasPostalCode,52300,Slavhorod
Slavhorod,hasPhonePrefix,+380 5659,Slavhorod
Sant Aniol d'Agulla,instanceOf,municipality,Sant Aniol d'Agulla
Sant Aniol d'Agulla,locatedIn,Girona,Sant Aniol d'Agulla
Sant Aniol d'Agulla,locatedIn,Catalonia,Sant Aniol d'Agulla
Sant Aniol d'Agulla,locatedIn,Spain,Sant Aniol d'Agulla
Sant Aniol d'Agulla,capital,Sant Aniol d'Agulla,Sant Aniol d'Agulla
Sant Aniol d'Agulla,hasPart,Agulla,Sant Aniol d'Agulla
subject,predicate,object,Lingao County
subject,predicate,object,Lathrop House (Vassar College)
Lathrop House (Vassar College),instanceOf,Residence Hall,Lathrop House (Vassar College)
Lathrop House (Vassar College),partOf,Vassar College,Lathrop House (Vassar College)
Lathrop House (Vassar College),locatedIn,"Poughkeepsie, New York",Lathrop House (Vassar College)
Lathrop House (Vassar College),namedAfter,Lathrop family,Lathrop House (Vassar College)
Lathrop House (Vassar College),openedIn,1964,Lathrop House (Vassar College)
Lathrop House (Vassar College),hasCapacity,300,Lathrop House (Vassar College)
Lathrop House (Vassar College),isResidenceHallFor,Vassar College students,Lathrop House (Vassar College)
subject,predicate,object,"Sokilnyky, Kirovohrad Oblast"
Also,"I used ""approximately 1000"" as a placeholder for population; if you need a more precise answer or more data",please let me know.,"Sokilnyky, Kirovohrad Oblast"
subject,predicate,object,Zug Postplatz railway station
"Cibitung, Bekasi",instanceOf,village,"Cibitung, Bekasi"
"Cibitung, Bekasi",locatedIn,Bekasi Regency,"Cibitung, Bekasi"
"Cibitung, Bekasi",locatedIn,West Java,"Cibitung, Bekasi"
"Cibitung, Bekasi",hasType,rural area,"Cibitung, Bekasi"
"Ang Thong, Mueang Kamphaeng Phet",instanceOf,amphoe,"Ang Thong, Mueang Kamphaeng Phet"
"Ang Thong, Mueang Kamphaeng Phet",locatedIn,Kamphaeng Phet Province,"Ang Thong, Mueang Kamphaeng Phet"
"Ang Thong, Mueang Kamphaeng Phet",locatedIn,Thailand,"Ang Thong, Mueang Kamphaeng Phet"
"Ang Thong, Mueang Kamphaeng Phet",hasCapital,Ang Thong,"Ang Thong, Mueang Kamphaeng Phet"
Micklegate,instanceOf,street,Micklegate
Micklegate,locatedIn,York,Micklegate
Micklegate,locatedIn,England,Micklegate
Micklegate,partOf,York city centre,Micklegate
Micklegate,runsFrom,Monks Cross,Micklegate
Micklegate,runsTo,Walmgate,Micklegate
Micklegate,hasNeighbour,Coppergate,Micklegate
Micklegate,hasNeighbour,Stonegate,Micklegate
Micklegate,hasNeighbour,The Shambles,Micklegate
Inryō-ji,instanceOf,Buddhist temple,Inryō-ji
Inryō-ji,locatedIn,Japan,Inryō-ji
Inryō-ji,isPartOf,Kamakura,Inryō-ji
Inryō-ji,dedicatedTo,Benzaiten,Inryō-ji
Inryō-ji,hasBuilding,Hondo,Inryō-ji
Inryō-ji,hasStatue,Fudo,Inryō-ji
Inryō-ji,foundedBy,Minamoto no Yoritomo,Inryō-ji
Inryō-ji,foundedIn,1185,Inryō-ji
Inryō-ji,isA,Jōdo-shu temple,Inryō-ji
subject,predicate,object,Kuttippuram railway station
Arakhley (lake),instanceOf,lake,Arakhley (lake)
Arakhley (lake),locatedIn,Russia,Arakhley (lake)
Arakhley (lake),locatedIn,Buryatia,Arakhley (lake)
Arakhley (lake),isPartOf,Lake Baikal,Arakhley (lake)
Arakhley (lake),hasElevation,646,Arakhley (lake)
Arakhley (lake),hasLength,7.1,Arakhley (lake)
Arakhley (lake),hasWidth,5.6,Arakhley (lake)
Arakhley (lake),hasArea,39.6,Arakhley (lake)
Arakhley (lake),isConnectedTo,Angara River,Arakhley (lake)
Dlouhé stráně,instanceOf,reservoir,Dlouhé stráně
Dlouhé stráně,locatedIn,Czech Republic,Dlouhé stráně
Dlouhé stráně,locatedIn,Olomouc Region,Dlouhé stráně
Dlouhé stráně,partOf,Štramberská Vrchovina,Dlouhé stráně
Dlouhé stráně,hasElevation,552,Dlouhé stráně
Dlouhé stráně,hasVolume,122.3,Dlouhé stráně
Dlouhé stráně,hasLength,5.3,Dlouhé stráně
Dlouhé stráně,hasWidth,1.5,Dlouhé stráně
Dlouhé stráně,isFedBy,Štramberský potok,Dlouhé stráně
Dlouhé stráně,drainsTo,Ostravice,Dlouhé stráně
Dlouhé stráně,isLocatedOn,Dlouhé stráně Reservoir,Dlouhé stráně
subject,predicate,object,Joseph Kinney Mausoleum
subject,predicate,object,Dawangzhuang station
Gorton railway station (Scotland),instanceOf,Railway station,Gorton railway station (Scotland)
Gorton railway station (Scotland),locatedIn,Scotland,Gorton railway station (Scotland)
Gorton railway station (Scotland),country,United Kingdom,Gorton railway station (Scotland)
Gorton railway station (Scotland),operator,ScotRail,Gorton railway station (Scotland)
Gorton railway station (Scotland),serves,Gorton,Gorton railway station (Scotland)
Gorton railway station (Scotland),platforms,2,Gorton railway station (Scotland)
Gorton railway station (Scotland),stationCode,GOT,Gorton railway station (Scotland)
Gorton railway station (Scotland),managedBy,Network Rail,Gorton railway station (Scotland)
Gorton railway station (Scotland),zone,Glasgow fare zone 4,Gorton railway station (Scotland)
Gorton railway station (Scotland),open,1866,Gorton railway station (Scotland)
Gorton railway station (Scotland),close,1966,Gorton railway station (Scotland)
Gorton railway station (Scotland),reopen,1987,Gorton railway station (Scotland)
Pic de Morgon,instanceOf,mountain,Pic de Morgon
Pic de Morgon,locatedIn,France,Pic de Morgon
Pic de Morgon,locatedIn,Occitanie,Pic de Morgon
Pic de Morgon,locatedIn,Pyrénées,Pic de Morgon
Pic de Morgon,hasHeight,"2,764",Pic de Morgon
Pic de Morgon,partOf,Pyrénées National Park,Pic de Morgon
Henley Brook bus station,instanceOf,bus station,Henley Brook bus station
Henley Brook bus station,locatedIn,Western Australia,Henley Brook bus station
Henley Brook bus station,serves,Henley Brook,Henley Brook bus station
Henley Brook bus station,partOf,Transdev,Henley Brook bus station
Henley Brook bus station,hasRoute,Route 102,Henley Brook bus station
Henley Brook bus station,hasRoute,Route 103,Henley Brook bus station
Krasny Vyselok,instanceOf,Settlement,Krasny Vyselok
Krasny Vyselok,locatedIn,Russia,Krasny Vyselok
Krasny Vyselok,locatedIn,Lipetsk Oblast,Krasny Vyselok
Krasny Vyselok,locatedIn,Dobrovsky District,Krasny Vyselok
Krasny Vyselok,type,Rural locality,Krasny Vyselok
Babe's Bridge,instanceOf,bridge,Babe's Bridge
Babe's Bridge,locatedIn,England,Babe's Bridge
Babe's Bridge,locatedIn,United Kingdom,Babe's Bridge
Babe's Bridge,hasStructuralType,arch bridge,Babe's Bridge
Babe's Bridge,carries,road,Babe's Bridge
"Church of Saint-Eusèbe, Auxerre",instanceOf,church,"Church of Saint-Eusèbe, Auxerre"
"Church of Saint-Eusèbe, Auxerre",location,Auxerre,"Church of Saint-Eusèbe, Auxerre"
"Church of Saint-Eusèbe, Auxerre",dedicatedTo,Saint-Eusèbe,"Church of Saint-Eusèbe, Auxerre"
"Church of Saint-Eusèbe, Auxerre",partOf,Auxerre Cathedral,"Church of Saint-Eusèbe, Auxerre"
"Church of Saint-Eusèbe, Auxerre",architecturalStyle,Romanesque architecture,"Church of Saint-Eusèbe, Auxerre"
"Church of Saint-Eusèbe, Auxerre",hasPart,tower,"Church of Saint-Eusèbe, Auxerre"
"Church of Saint-Eusèbe, Auxerre",hasPart,portal,"Church of Saint-Eusèbe, Auxerre"
"Church of Saint-Eusèbe, Auxerre",influencedBy,Burgundian architecture,"Church of Saint-Eusèbe, Auxerre"
subject,predicate,object,Aabenraa County
"Ward No. 80, Kolkata Municipal Corporation",instanceOf,Ward,"Ward No. 80, Kolkata Municipal Corporation"
"Ward No. 80, Kolkata Municipal Corporation",locatedIn,Kolkata Municipal Corporation,"Ward No. 80, Kolkata Municipal Corporation"
"Ward No. 80, Kolkata Municipal Corporation",hasNumber,80,"Ward No. 80, Kolkata Municipal Corporation"
"Ward No. 80, Kolkata Municipal Corporation",partOf,Kolkata,"Ward No. 80, Kolkata Municipal Corporation"
"Ward No. 80, Kolkata Municipal Corporation",isPartOf,West Bengal,"Ward No. 80, Kolkata Municipal Corporation"
subject,predicate,object,Dortmund-Brackel station
subject,predicate,object,Holy Cross Church and School Complex-Latonia
subject,predicate,object,"Yagodny, Rudnyansky District, Volgograd Oblast"
If the response seems limited,it might be because the subject is not very well-known,and there's not much data available.,Suola (river)
Saint-Alexandre-des-Lacs,instanceOf,municipality,Saint-Alexandre-des-Lacs
Saint-Alexandre-des-Lacs,locatedIn,Quebec,Saint-Alexandre-des-Lacs
Saint-Alexandre-des-Lacs,locatedIn,Canada,Saint-Alexandre-des-Lacs
Saint-Alexandre-des-Lacs,isPartOf,Gaspésie–Île-de-Belle-Île,Saint-Alexandre-des-Lacs
Saint-Alexandre-des-Lacs,hasPopulation,1015,Saint-Alexandre-des-Lacs
Saint-Alexandre-des-Lacs,foundedOn,1887,Saint-Alexandre-des-Lacs
subject,predicate,object,"Duba, Ukraine"
"Duba, Ukraine",instanceOf,village,"Duba, Ukraine"
"Duba, Ukraine",locatedIn,Ukraine,"Duba, Ukraine"
"Duba, Ukraine",locatedIn,Zakarpattia Oblast,"Duba, Ukraine"
"Duba, Ukraine",population,unknown,"Duba, Ukraine"
"Duba, Ukraine",area,unknown,"Duba, Ukraine"
subject,predicate,object,Mimi Castle
subject,predicate,object,Yingchunqiao station
If there are more facts available,I can try to provide them. The above list is based on my current knowledge,which might not be exhaustive.,Yingchunqiao station
subject,predicate,object,"Plain Dealing (Keene, Virginia)"
"Plain Dealing (Keene, Virginia)",instanceOf,unincorporated community,"Plain Dealing (Keene, Virginia)"
"Plain Dealing (Keene, Virginia)",locatedIn,"Keene, Virginia","Plain Dealing (Keene, Virginia)"
"Plain Dealing (Keene, Virginia)",locatedIn,Virginia,"Plain Dealing (Keene, Virginia)"
"Plain Dealing (Keene, Virginia)",isPartOf,Virginia,"Plain Dealing (Keene, Virginia)"
"Plain Dealing (Keene, Virginia)",hasPopulation,"less than 1,000","Plain Dealing (Keene, Virginia)"
Puthia Temple Complex,instanceOf,temple complex,Puthia Temple Complex
Puthia Temple Complex,locatedIn,Bangladesh,Puthia Temple Complex
Puthia Temple Complex,locatedIn,Rajshahi Division,Puthia Temple Complex
Puthia Temple Complex,isPartOf,Puthia,Puthia Temple Complex
Puthia Temple Complex,isPartOf,Puthia Upazila,Puthia Temple Complex
Puthia Temple Complex,hasStructure,temple,Puthia Temple Complex
Puthia Temple Complex,hasStructure,Vishnu temple,Puthia Temple Complex
Puthia Temple Complex,hasStructure,Shiva temple,Puthia Temple Complex
Puthia Temple Complex,hasStructure,Durga temple,Puthia Temple Complex
Puthia Temple Complex,wasBuiltIn,12th century,Puthia Temple Complex
Puthia Temple Complex,wasBuiltIn,15th century,Puthia Temple Complex
Puthia Temple Complex,isManagedBy,Department of Archaeology,Puthia Temple Complex
Puthia Temple Complex,isProtectedBy,Bangladesh Antiquities Act,Puthia Temple Complex
Puthia Temple Complex,isATypeOf,archaeological site,Puthia Temple Complex
Puthia Temple Complex,isAPlaceOfWorship,true,Puthia Temple Complex
Puthia Temple Complex,isOpenToPublic,true,Puthia Temple Complex
subject,predicate,object,Estación del Arte (Madrid Metro)
Estación del Arte (Madrid Metro),instanceOf,Madrid Metro station,Estación del Arte (Madrid Metro)
Estación del Arte (Madrid Metro),locatedIn,Madrid,Estación del Arte (Madrid Metro)
Estación del Arte (Madrid Metro),serves,Madrid,Estación del Arte (Madrid Metro)
Estación del Arte (Madrid Metro),partOf,Line 1 (Madrid Metro),Estación del Arte (Madrid Metro)
Estación del Arte (Madrid Metro),hasStationCode,121,Estación del Arte (Madrid Metro)
Estación del Arte (Madrid Metro),opened,1911-10-05,Estación del Arte (Madrid Metro)
Estación del Arte (Madrid Metro),isAccessible,true,Estación del Arte (Madrid Metro)
Estación del Arte (Madrid Metro),hasElevation,563,Estación del Arte (Madrid Metro)
Estación del Arte (Madrid Metro),hasPlatforms,2,Estación del Arte (Madrid Metro)
Estación del Arte (Madrid Metro),hasTracks,2,Estación del Arte (Madrid Metro)
Estación del Arte (Madrid Metro),isSubterranean,true,Estación del Arte (Madrid Metro)
subject,predicate,object,Vine Area Historic District
subject,predicate,object,Coalpit Heath railway station
2nd Lambda Literary Awards,instanceOf,Lambda Literary Award,2nd Lambda Literary Awards
2nd Lambda Literary Awards,partOf,2nd Lambda Literary Awards ceremony,2nd Lambda Literary Awards
2nd Lambda Literary Awards,hasLocation,United States,2nd Lambda Literary Awards
2nd Lambda Literary Awards,awardSponsor,Lambda Literary,2nd Lambda Literary Awards
2nd Lambda Literary Awards,year,1990,2nd Lambda Literary Awards
2nd Lambda Literary Awards,precededBy,1st Lambda Literary Awards,2nd Lambda Literary Awards
2nd Lambda Literary Awards,followedBy,3rd Lambda Literary Awards,2nd Lambda Literary Awards
1992 NAIA Division I women's basketball tournament,instanceOf,NAIA Division I women's basketball tournament,1992 NAIA Division I women's basketball tournament
1992 NAIA Division I women's basketball tournament,year,1992,1992 NAIA Division I women's basketball tournament
1992 NAIA Division I women's basketball tournament,partOf,1992 NAIA Division I basketball tournaments,1992 NAIA Division I women's basketball tournament
1992 NAIA Division I women's basketball tournament,hasParticipant,NAIA Division I women's basketball teams,1992 NAIA Division I women's basketball tournament
1992 NAIA Division I women's basketball tournament,award,championship,1992 NAIA Division I women's basketball tournament
subject,predicate,object,2022 ATP Cup
2022 ATP Cup,instanceOf,Tennis tournament,2022 ATP Cup
2022 ATP Cup,partOf,2022 ATP Tour,2022 ATP Cup
2022 ATP Cup,location,"Sydney, Australia",2022 ATP Cup
2022 ATP Cup,startDate,2022-01-01,2022 ATP Cup
2022 ATP Cup,endDate,2022-01-09,2022 ATP Cup
2022 ATP Cup,numberOfTeams,16,2022 ATP Cup
2022 ATP Cup,champion,Canada,2022 ATP Cup
2022 ATP Cup,runnerUp,Italy,2022 ATP Cup
2022 ATP Cup,titleHolder,Denis Shapovalov,2022 ATP Cup
2022 ATP Cup,titleHolder,John Peers,2022 ATP Cup
2022 ATP Cup,titleHolder,Marcelo Melo,2022 ATP Cup
2022 ATP Cup,titleHolder,Matwé Middelkoop,2022 ATP Cup
subject,predicate,object,2018 San Francisco mayoral special election
2018 San Francisco mayoral special election,instanceOf,election,2018 San Francisco mayoral special election
2018 San Francisco mayoral special election,location,San Francisco,2018 San Francisco mayoral special election
2018 San Francisco mayoral special election,startDate,2018-06-05,2018 San Francisco mayoral special election
2018 San Francisco mayoral special election,endDate,2018-07-11,2018 San Francisco mayoral special election
2018 San Francisco mayoral special election,partOf,San Francisco politics,2018 San Francisco mayoral special election
2018 San Francisco mayoral special election,replaces,2018 San Francisco mayoral election,2018 San Francisco mayoral special election
2018 San Francisco mayoral special election,follows,London Breed,2018 San Francisco mayoral special election
2018 San Francisco mayoral special election,hasCandidate,London Breed,2018 San Francisco mayoral special election
2018 San Francisco mayoral special election,hasCandidate,Mark Greenberg,2018 San Francisco mayoral special election
2018 San Francisco mayoral special election,hasCandidate,Jane Kim,2018 San Francisco mayoral special election
2018 San Francisco mayoral special election,hasCandidate,Sam Campbell,2018 San Francisco mayoral special election
2018 San Francisco mayoral special election,elected,London Breed,2018 San Francisco mayoral special election
2014 Città di Vercelli – Trofeo Multimed,instanceOf,cyclingRace,2014 Città di Vercelli – Trofeo Multimed
2014 Città di Vercelli – Trofeo Multimed,partOf,2014 UCI Europe Tour,2014 Città di Vercelli – Trofeo Multimed
2014 Città di Vercelli – Trofeo Multimed,partOf,UCI Europe Tour,2014 Città di Vercelli – Trofeo Multimed
2014 Città di Vercelli – Trofeo Multimed,startDate,2014-06-22,2014 Città di Vercelli – Trofeo Multimed
2014 Città di Vercelli – Trofeo Multimed,endDate,2014-06-22,2014 Città di Vercelli – Trofeo Multimed
2014 Città di Vercelli – Trofeo Multimed,location,Vercelli,2014 Città di Vercelli – Trofeo Multimed
2014 Città di Vercelli – Trofeo Multimed,country,Italy,2014 Città di Vercelli – Trofeo Multimed
2014 Città di Vercelli – Trofeo Multimed,category,one-day race,2014 Città di Vercelli – Trofeo Multimed
2014 Città di Vercelli – Trofeo Multimed,founder,Vercelli,2014 Città di Vercelli – Trofeo Multimed
2014 Città di Vercelli – Trofeo Multimed,namedAfter,Multimed,2014 Città di Vercelli – Trofeo Multimed
subject,predicate,object,Miss World 2009
subject,predicate,object,2015 United Kingdom general election in Scotland
2015 United Kingdom general election in Scotland,instanceOf,election,2015 United Kingdom general election in Scotland
2015 United Kingdom general election in Scotland,partOf,2015 United Kingdom general election,2015 United Kingdom general election in Scotland
2015 United Kingdom general election in Scotland,location,Scotland,2015 United Kingdom general election in Scotland
2015 United Kingdom general election in Scotland,date,2015-05-07,2015 United Kingdom general election in Scotland
2015 United Kingdom general election in Scotland,electedGovernment,Conservative Party (UK),2015 United Kingdom general election in Scotland
2015 United Kingdom general election in Scotland,participant,Scottish National Party,2015 United Kingdom general election in Scotland
2015 United Kingdom general election in Scotland,participant,Labour Party (UK),2015 United Kingdom general election in Scotland
2015 United Kingdom general election in Scotland,participant,Liberal Democrats (UK),2015 United Kingdom general election in Scotland
2015 United Kingdom general election in Scotland,participant,Democratic Unionist Party,2015 United Kingdom general election in Scotland
2015 United Kingdom general election in Scotland,participant,Sinn Féin,2015 United Kingdom general election in Scotland
2015 United Kingdom general election in Scotland,participant,Plaid Cymru,2015 United Kingdom general election in Scotland
2015 United Kingdom general election in Scotland,participant,Social Democratic Party (UK),2015 United Kingdom general election in Scotland
2015 United Kingdom general election in Scotland,participant,Ulster Unionist Party,2015 United Kingdom general election in Scotland
2015 United Kingdom general election in Scotland,electionResult,Conservative Party (UK) wins,2015 United Kingdom general election in Scotland
2015 United Kingdom general election in Scotland,numberOfSeats,59,2015 United Kingdom general election in Scotland
2015 United Kingdom general election in Scotland,turnout,55.3%,2015 United Kingdom general election in Scotland
2008 German motorcycle Grand Prix,instanceOf,motorcycle race,2008 German motorcycle Grand Prix
2008 German motorcycle Grand Prix,partOf,2008 MotoGP season,2008 German motorcycle Grand Prix
2008 German motorcycle Grand Prix,location,Sachsenring,2008 German motorcycle Grand Prix
2008 German motorcycle Grand Prix,startDate,2008-07-20,2008 German motorcycle Grand Prix
2008 German motorcycle Grand Prix,endDate,2008-07-20,2008 German motorcycle Grand Prix
2008 German motorcycle Grand Prix,country,Germany,2008 German motorcycle Grand Prix
2008 German motorcycle Grand Prix,hasResult,2008 German motorcycle Grand Prix results,2008 German motorcycle Grand Prix
1959 UCI Cyclo-cross World Championships,instanceOf,UCI Cyclo-cross World Championships,1959 UCI Cyclo-cross World Championships
1959 UCI Cyclo-cross World Championships,hasDate,1959,1959 UCI Cyclo-cross World Championships
1959 UCI Cyclo-cross World Championships,location,Switzerland,1959 UCI Cyclo-cross World Championships
1959 UCI Cyclo-cross World Championships,participant,Cyclo-cross riders,1959 UCI Cyclo-cross World Championships
1959 UCI Cyclo-cross World Championships,organizer,UCI,1959 UCI Cyclo-cross World Championships
1959 UCI Cyclo-cross World Championships,hasResult,Gold medalist,1959 UCI Cyclo-cross World Championships
1959 UCI Cyclo-cross World Championships,hasResult,Silver medalist,1959 UCI Cyclo-cross World Championships
1959 UCI Cyclo-cross World Championships,hasResult,Bronze medalist,1959 UCI Cyclo-cross World Championships
subject,predicate,object,APRA Music Awards of 2018
2017 First Data 500,instanceOf,List of largest private companies in the United States,2017 First Data 500
2017 First Data 500,publisher,Forbes,2017 First Data 500
2017 First Data 500,year,2017,2017 First Data 500
2017 First Data 500,basedOn,revenue,2017 First Data 500
2017 First Data 500,hasRank,500,2017 First Data 500
1989 Lincolnshire County Council election,instanceOf,Lincolnshire County Council election,1989 Lincolnshire County Council election
1989 Lincolnshire County Council election,partOf,1989 local elections,1989 Lincolnshire County Council election
1989 Lincolnshire County Council election,partOf,Lincolnshire County Council,1989 Lincolnshire County Council election
1989 Lincolnshire County Council election,startDate,1989,1989 Lincolnshire County Council election
1989 Lincolnshire County Council election,location,Lincolnshire,1989 Lincolnshire County Council election
1989 Lincolnshire County Council election,country,United Kingdom,1989 Lincolnshire County Council election
1989 Lincolnshire County Council election,type,county council election,1989 Lincolnshire County Council election
subject,predicate,object,2020 Spanish Grand Prix
2020 Spanish Grand Prix,instanceOf,Grand Prix,2020 Spanish Grand Prix
2020 Spanish Grand Prix,partOf,2020 Formula One World Championship,2020 Spanish Grand Prix
2020 Spanish Grand Prix,location,Circuit de Barcelona-Catalunya,2020 Spanish Grand Prix
2020 Spanish Grand Prix,date,2020-08-16,2020 Spanish Grand Prix
2020 Spanish Grand Prix,winner,Lewis Hamilton,2020 Spanish Grand Prix
2020 Spanish Grand Prix,polePosition,Lewis Hamilton,2020 Spanish Grand Prix
2020 Spanish Grand Prix,fastestLap,Lewis Hamilton,2020 Spanish Grand Prix
2020 Spanish Grand Prix,officialName,Formula 1 Argo 2020,2020 Spanish Grand Prix
2020 Spanish Grand Prix,previousEvent,2020 Austrian Grand Prix,2020 Spanish Grand Prix
2020 Spanish Grand Prix,nextEvent,2020 Belgian Grand Prix,2020 Spanish Grand Prix
subject,predicate,object,2013–14 Copa Federación de España
subject,predicate,object,2013–14 Division 1 Féminine
2013–14 Division 1 Féminine,instanceOf,sports season,2013–14 Division 1 Féminine
2013–14 Division 1 Féminine,partOf,2013–14 in French women's football,2013–14 Division 1 Féminine
2013–14 Division 1 Féminine,startDate,2013-08-24,2013–14 Division 1 Féminine
2013–14 Division 1 Féminine,endDate,2014-05-17,2013–14 Division 1 Féminine
2013–14 Division 1 Féminine,numberOfTeams,12,2013–14 Division 1 Féminine
2013–14 Division 1 Féminine,champion,Lyon,2013–14 Division 1 Féminine
2013–14 Division 1 Féminine,promoted,ASPTT Albi,2013–14 Division 1 Féminine
2013–14 Division 1 Féminine,topScorer,Eugénie Le Sommer,2013–14 Division 1 Féminine
subject,predicate,object,2019 Hualien earthquake
subject,predicate,object,2019 Men's FIH Pro League
2019 Men's FIH Pro League,instanceOf,Field Hockey Tournament,2019 Men's FIH Pro League
2019 Men's FIH Pro League,startDate,2019-01-05,2019 Men's FIH Pro League
2019 Men's FIH Pro League,endDate,2019-11-10,2019 Men's FIH Pro League
2019 Men's FIH Pro League,organizer,International Hockey Federation,2019 Men's FIH Pro League
2019 Men's FIH Pro League,participant,Argentina men's national field hockey team,2019 Men's FIH Pro League
2019 Men's FIH Pro League,participant,Australia men's national field hockey team,2019 Men's FIH Pro League
2019 Men's FIH Pro League,participant,Belgium men's national field hockey team,2019 Men's FIH Pro League
2019 Men's FIH Pro League,participant,England men's national field hockey team,2019 Men's FIH Pro League
2019 Men's FIH Pro League,participant,France men's national field hockey team,2019 Men's FIH Pro League
2019 Men's FIH Pro League,participant,Germany men's national field hockey team,2019 Men's FIH Pro League
2019 Men's FIH Pro League,participant,India men's national field hockey team,2019 Men's FIH Pro League
2019 Men's FIH Pro League,participant,Ireland men's national field hockey team,2019 Men's FIH Pro League
2019 Men's FIH Pro League,participant,Netherlands men's national field hockey team,2019 Men's FIH Pro League
2019 Men's FIH Pro League,participant,New Zealand men's national field hockey team,2019 Men's FIH Pro League
2019 Men's FIH Pro League,participant,Pakistan men's national field hockey team,2019 Men's FIH Pro League
2019 Men's FIH Pro League,participant,Spain men's national field hockey team,2019 Men's FIH Pro League
2001 Torneio Rio-São Paulo,instanceOf,Torneio Rio-São Paulo,2001 Torneio Rio-São Paulo
2001 Torneio Rio-São Paulo,startDate,2001,2001 Torneio Rio-São Paulo
2001 Torneio Rio-São Paulo,endDate,2001,2001 Torneio Rio-São Paulo
2001 Torneio Rio-São Paulo,participant,Club de Regatas Vasco da Gama,2001 Torneio Rio-São Paulo
2001 Torneio Rio-São Paulo,participant,São Paulo FC,2001 Torneio Rio-São Paulo
2001 Torneio Rio-São Paulo,participant,CR Flamengo,2001 Torneio Rio-São Paulo
2001 Torneio Rio-São Paulo,participant,Botafogo de Futebol e Regatas,2001 Torneio Rio-São Paulo
2001 Torneio Rio-São Paulo,participant,SC Corinthians Paulista,2001 Torneio Rio-São Paulo
2001 Torneio Rio-São Paulo,participant,Santos FC,2001 Torneio Rio-São Paulo
2001 Torneio Rio-São Paulo,participant,Fluminense FC,2001 Torneio Rio-São Paulo
2001 Torneio Rio-São Paulo,participant,CA Juventus,2001 Torneio Rio-São Paulo
2001 Torneio Rio-São Paulo,participant,Portuguesa,2001 Torneio Rio-São Paulo
2001 Torneio Rio-São Paulo,participant,Grêmio FB,2001 Torneio Rio-São Paulo
2001 Torneio Rio-São Paulo,participant,Internacional,2001 Torneio Rio-São Paulo
2001 Torneio Rio-São Paulo,participant,Ponte Preta,2001 Torneio Rio-São Paulo
2001 Torneio Rio-São Paulo,participant,Guarani FC,2001 Torneio Rio-São Paulo
2001 Torneio Rio-São Paulo,participant,São Caetano,2001 Torneio Rio-São Paulo
2001 Torneio Rio-São Paulo,participant,Atlético Paranaense,2001 Torneio Rio-São Paulo
2001 Torneio Rio-São Paulo,participant,EC Bahia,2001 Torneio Rio-São Paulo
subject,predicate,object,35th TCA Awards
subject,predicate,object,2013–14 Oman Professional League
2013–14 Oman Professional League,instanceOf,sports season,2013–14 Oman Professional League
2013–14 Oman Professional League,partOf,2013–14 in Omani football,2013–14 Oman Professional League
2013–14 Oman Professional League,hasSeason,2013-14,2013–14 Oman Professional League
2013–14 Oman Professional League,country,Oman,2013–14 Oman Professional League
2013–14 Oman Professional League,league,Oman Professional League,2013–14 Oman Professional League
2013–14 Oman Professional League,numberOfTeams,14,2013–14 Oman Professional League
2013–14 Oman Professional League,follows,2012–13 Oman Professional League,2013–14 Oman Professional League
2013–14 Oman Professional League,precededBy,2014–15 Oman Professional League,2013–14 Oman Professional League
Al-Suwaiq,partOf,2013–14 Oman Professional League,2013–14 Oman Professional League
Al-Nahda,partOf,2013–14 Oman Professional League,2013–14 Oman Professional League
Al-Rustaq,partOf,2013–14 Oman Professional League,2013–14 Oman Professional League
Al-Shabab,partOf,2013–14 Oman Professional League,2013–14 Oman Professional League
Al-Tawdi,partOf,2013–14 Oman Professional League,2013–14 Oman Professional League
Al-Dhofar,partOf,2013–14 Oman Professional League,2013–14 Oman Professional League
Al-Urooba,partOf,2013–14 Oman Professional League,2013–14 Oman Professional League
Al-Mudhaibi,partOf,2013–14 Oman Professional League,2013–14 Oman Professional League
Al-Ittihad,partOf,2013–14 Oman Professional League,2013–14 Oman Professional League
Al-Oruba,partOf,2013–14 Oman Professional League,2013–14 Oman Professional League
Al-Shalala,partOf,2013–14 Oman Professional League,2013–14 Oman Professional League
Al-Hawr,partOf,2013–14 Oman Professional League,2013–14 Oman Professional League
Saham,partOf,2013–14 Oman Professional League,2013–14 Oman Professional League
1892 U.S. National Championships – Women's singles,instanceOf,Tennis tournament,1892 U.S. National Championships – Women's singles
1892 U.S. National Championships – Women's singles,partOf,1892 U.S. National Championships,1892 U.S. National Championships – Women's singles
1892 U.S. National Championships – Women's singles,startDate,1892,1892 U.S. National Championships – Women's singles
1892 U.S. National Championships – Women's singles,location,United States,1892 U.S. National Championships – Women's singles
1892 U.S. National Championships – Women's singles,competition,Women's singles,1892 U.S. National Championships – Women's singles
1892 U.S. National Championships – Women's singles,numberOfParticipants,Unknown,1892 U.S. National Championships – Women's singles
1892 U.S. National Championships – Women's singles,champion,Mary L. Brown,1892 U.S. National Championships – Women's singles
1892 U.S. National Championships – Women's singles,title,1892 U.S. National Championships – Women's singles,1892 U.S. National Championships – Women's singles
2016–17 Ball State Cardinals men's basketball team,instanceOf,Basketball team,2016–17 Ball State Cardinals men's basketball team
2016–17 Ball State Cardinals men's basketball team,partOf,2016–17 NCAA Division I men's basketball season,2016–17 Ball State Cardinals men's basketball team
2016–17 Ball State Cardinals men's basketball team,memberOf,Ball State Cardinals,2016–17 Ball State Cardinals men's basketball team
2016–17 Ball State Cardinals men's basketball team,coach,Mark Davis (basketball),2016–17 Ball State Cardinals men's basketball team
2016–17 Ball State Cardinals men's basketball team,playsIn,Midwestern Collegiate Conference,2016–17 Ball State Cardinals men's basketball team
2016–17 Ball State Cardinals men's basketball team,season,2016-17,2016–17 Ball State Cardinals men's basketball team
2016–17 Ball State Cardinals men's basketball team,school,Ball State University,2016–17 Ball State Cardinals men's basketball team
2016–17 Ball State Cardinals men's basketball team,league,NCAA Division I,2016–17 Ball State Cardinals men's basketball team
2016–17 Ball State Cardinals men's basketball team,conference,Mid-American Conference,2016–17 Ball State Cardinals men's basketball team
Gymnastics at the 1952 Summer Olympics – Women's balance beam,instanceOf,Olympic gymnastics event,Gymnastics at the 1952 Summer Olympics – Women's balance beam
Gymnastics at the 1952 Summer Olympics – Women's balance beam,partOf,Gymnastics at the 1952 Summer Olympics,Gymnastics at the 1952 Summer Olympics – Women's balance beam
Gymnastics at the 1952 Summer Olympics – Women's balance beam,hasGender,Women,Gymnastics at the 1952 Summer Olympics – Women's balance beam
Gymnastics at the 1952 Summer Olympics – Women's balance beam,hasOlympicEventType,Balance beam,Gymnastics at the 1952 Summer Olympics – Women's balance beam
Gymnastics at the 1952 Summer Olympics – Women's balance beam,numberOfCompetitors,16,Gymnastics at the 1952 Summer Olympics – Women's balance beam
Gymnastics at the 1952 Summer Olympics – Women's balance beam,competition,1952 Summer Olympics,Gymnastics at the 1952 Summer Olympics – Women's balance beam
Gymnastics at the 1952 Summer Olympics – Women's balance beam,winner,Sofia Strömgren,Gymnastics at the 1952 Summer Olympics – Women's balance beam
Gymnastics at the 1952 Summer Olympics – Women's balance beam,nextInSequence,Gymnastics at the 1956 Summer Olympics – Women's balance beam,Gymnastics at the 1952 Summer Olympics – Women's balance beam
2018 United States Senate election in Ohio,instanceOf,United States Senate election,2018 United States Senate election in Ohio
2018 United States Senate election in Ohio,location,Ohio,2018 United States Senate election in Ohio
2018 United States Senate election in Ohio,startDate,2018-11-06,2018 United States Senate election in Ohio
2018 United States Senate election in Ohio,endDate,2018-11-06,2018 United States Senate election in Ohio
2018 United States Senate election in Ohio,participant,Tim Ryan,2018 United States Senate election in Ohio
2018 United States Senate election in Ohio,participant,Jim O'Brien,2018 United States Senate election in Ohio
2018 United States Senate election in Ohio,participant,John Bercow,2018 United States Senate election in Ohio
2018 United States Senate election in Ohio,participant,Mike Gibbons,2018 United States Senate election in Ohio
2018 United States Senate election in Ohio,elected,Tim Ryan,2018 United States Senate election in Ohio
2018 United States Senate election in Ohio,partOf,2018 United States Senate elections,2018 United States Senate election in Ohio
2018 United States Senate election in Ohio,country,United States,2018 United States Senate election in Ohio
2018 United States Senate election in Ohio,subject,Ohio politics,2018 United States Senate election in Ohio
2018 United States Senate election in Ohio,subject,United States Senate elections,2018 United States Senate election in Ohio
2001–02 Moldovan Cup,instanceOf,Moldovan Cup,2001–02 Moldovan Cup
2001–02 Moldovan Cup,startDate,2001,2001–02 Moldovan Cup
2001–02 Moldovan Cup,endDate,2002,2001–02 Moldovan Cup
2001–02 Moldovan Cup,country,Moldova,2001–02 Moldovan Cup
2001–02 Moldovan Cup,sportsSeason,2001–02 sports season,2001–02 Moldovan Cup
Badminton at the 2014 Summer Youth Olympics – Boys' singles,instanceOf,Badminton at the Summer Youth Olympics,Badminton at the 2014 Summer Youth Olympics – Boys' singles
Badminton at the 2014 Summer Youth Olympics – Boys' singles,partOf,Badminton at the 2014 Summer Youth Olympics,Badminton at the 2014 Summer Youth Olympics – Boys' singles
Badminton at the 2014 Summer Youth Olympics – Boys' singles,hasGender,Male,Badminton at the 2014 Summer Youth Olympics – Boys' singles
Badminton at the 2014 Summer Youth Olympics – Boys' singles,hasType,Singles,Badminton at the 2014 Summer Youth Olympics – Boys' singles
Badminton at the 2014 Summer Youth Olympics – Boys' singles,eventStart,2014-08-22,Badminton at the 2014 Summer Youth Olympics – Boys' singles
Badminton at the 2014 Summer Youth Olympics – Boys' singles,eventEnd,2014-08-29,Badminton at the 2014 Summer Youth Olympics – Boys' singles
Badminton at the 2014 Summer Youth Olympics – Boys' singles,medalists,List of athletes who competed at the 2014 Summer Youth Olympics,Badminton at the 2014 Summer Youth Olympics – Boys' singles
Badminton at the 2014 Summer Youth Olympics – Boys' singles,competition,2014 Summer Youth Olympics,Badminton at the 2014 Summer Youth Olympics – Boys' singles
subject,predicate,object,1933 French Grand Prix
subject,predicate,object,2016 IIHF World Championship Division III
subject,predicate,object,1960–61 Alpha Ethniki
1960–61 Alpha Ethniki,instanceOf,Alpha Ethniki,1960–61 Alpha Ethniki
1960–61 Alpha Ethniki,seasonNumber,1960-61,1960–61 Alpha Ethniki
1960–61 Alpha Ethniki,sportsSeason,1960-61,1960–61 Alpha Ethniki
1960–61 Alpha Ethniki,competition,Greek football,1960–61 Alpha Ethniki
1960–61 Alpha Ethniki,participant,Anagennisi Karditsa,1960–61 Alpha Ethniki
1960–61 Alpha Ethniki,participant,AO Trikala,1960–61 Alpha Ethniki
1960–61 Alpha Ethniki,participant,Aris FC,1960–61 Alpha Ethniki
1960–61 Alpha Ethniki,participant,EGT,1960–61 Alpha Ethniki
1960–61 Alpha Ethniki,participant,Ethnikos Piraeus,1960–61 Alpha Ethniki
1960–61 Alpha Ethniki,participant,Iraklis Thessaloniki,1960–61 Alpha Ethniki
1960–61 Alpha Ethniki,participant,Megas Alexandros Katanis,1960–61 Alpha Ethniki
1960–61 Alpha Ethniki,participant,Niki Volos,1960–61 Alpha Ethniki
1960–61 Alpha Ethniki,participant,Olympiacos,1960–61 Alpha Ethniki
1960–61 Alpha Ethniki,participant,Panionios,1960–61 Alpha Ethniki
1960–61 Alpha Ethniki,participant,PAOK,1960–61 Alpha Ethniki
1960–61 Alpha Ethniki,participant,Pierikos,1960–61 Alpha Ethniki
1960–61 Alpha Ethniki,participant,Proodeftiki,1960–61 Alpha Ethniki
1960–61 Alpha Ethniki,participant,Thrasyvoulos,1960–61 Alpha Ethniki
1960–61 Alpha Ethniki,participant,Volos,1960–61 Alpha Ethniki
1960–61 Alpha Ethniki,winner,Olympiacos,1960–61 Alpha Ethniki
1930 Norwegian Football Cup,instanceOf,Norwegian Football Cup,1930 Norwegian Football Cup
1930 Norwegian Football Cup,year,1930,1930 Norwegian Football Cup
1930 Norwegian Football Cup,country,Norway,1930 Norwegian Football Cup
1930 Norwegian Football Cup,sport,Football,1930 Norwegian Football Cup
1930 Norwegian Football Cup,winner,Sarpsborg FK,1930 Norwegian Football Cup
1930 Norwegian Football Cup,runner-up,Ålgård IL,1930 Norwegian Football Cup
1930 Norwegian Football Cup,finalScore,4-2,1930 Norwegian Football Cup
1930 Norwegian Football Cup,finalVenue,Ullevaal Stadion,1930 Norwegian Football Cup
1930 Norwegian Football Cup,finalDate,"October 12, 1930",1930 Norwegian Football Cup
2009 Malaysian Grand Prix,instanceOf,Grand Prix,2009 Malaysian Grand Prix
2009 Malaysian Grand Prix,partOf,2009 Formula One World Championship,2009 Malaysian Grand Prix
2009 Malaysian Grand Prix,location,Sepang International Circuit,2009 Malaysian Grand Prix
2009 Malaysian Grand Prix,date,2009-04-05,2009 Malaysian Grand Prix
2009 Malaysian Grand Prix,winner,Jenson Button,2009 Malaysian Grand Prix
2009 Malaysian Grand Prix,runner-up,Mark Webber,2009 Malaysian Grand Prix
2009 Malaysian Grand Prix,thirdPlace,Lewis Hamilton,2009 Malaysian Grand Prix
2009 Malaysian Grand Prix,polePosition,Jenson Button,2009 Malaysian Grand Prix
2009 Malaysian Grand Prix,fastestLap,Mark Webber,2009 Malaysian Grand Prix
2009 Malaysian Grand Prix,numberOfRacingCars,20,2009 Malaysian Grand Prix
2009 Malaysian Grand Prix,numberOfLaps,56,2009 Malaysian Grand Prix
2019 Hungarian Open (tennis),instanceOf,Tennis tournament,2019 Hungarian Open (tennis)
2019 Hungarian Open (tennis),partOf,2019 ATP Tour,2019 Hungarian Open (tennis)
2019 Hungarian Open (tennis),location,Hungary,2019 Hungarian Open (tennis)
2019 Hungarian Open (tennis),startDate,2019-04-22,2019 Hungarian Open (tennis)
2019 Hungarian Open (tennis),endDate,2019-04-28,2019 Hungarian Open (tennis)
2019 Hungarian Open (tennis),surface,Clay court,2019 Hungarian Open (tennis)
2019 Hungarian Open (tennis),category,ATP 250,2019 Hungarian Open (tennis)
2019 Hungarian Open (tennis),prizeMoney,"€ 398,445",2019 Hungarian Open (tennis)
2019 Hungarian Open (tennis),winner,Matteo Berrettini,2019 Hungarian Open (tennis)
2019 Hungarian Open (tennis),runner-up,Gregoire Barrere,2019 Hungarian Open (tennis)
2019 Hungarian Open (tennis),finalScore,"7-5, 6-4",2019 Hungarian Open (tennis)
subject,predicate,object,World Junior Alpine Skiing Championships
World Junior Alpine Skiing Championships,instanceOf,Alpine Skiing Competition,World Junior Alpine Skiing Championships
World Junior Alpine Skiing Championships,organizedBy,International Ski Federation,World Junior Alpine Skiing Championships
World Junior Alpine Skiing Championships,hasEvent,Downhill,World Junior Alpine Skiing Championships
World Junior Alpine Skiing Championships,hasEvent,Slalom,World Junior Alpine Skiing Championships
World Junior Alpine Skiing Championships,hasEvent,Giant Slalom,World Junior Alpine Skiing Championships
World Junior Alpine Skiing Championships,hasEvent,Super-G,World Junior Alpine Skiing Championships
World Junior Alpine Skiing Championships,hasEvent,Combined,World Junior Alpine Skiing Championships
World Junior Alpine Skiing Championships,location,Various,World Junior Alpine Skiing Championships
World Junior Alpine Skiing Championships,participantType,Junior Skier,World Junior Alpine Skiing Championships
World Junior Alpine Skiing Championships,award,Gold Medal,World Junior Alpine Skiing Championships
World Junior Alpine Skiing Championships,award,Silver Medal,World Junior Alpine Skiing Championships
World Junior Alpine Skiing Championships,award,Bronze Medal,World Junior Alpine Skiing Championships
subject,predicate,object,23rd Awit Awards
23rd Awit Awards,instanceOf,Award,23rd Awit Awards
23rd Awit Awards,partOf,Awit Awards,23rd Awit Awards
23rd Awit Awards,location,Philippines,23rd Awit Awards
23rd Awit Awards,year,2012,23rd Awit Awards
23rd Awit Awards,precededBy,22nd Awit Awards,23rd Awit Awards
23rd Awit Awards,followedBy,24th Awit Awards,23rd Awit Awards
23rd Awit Awards,presenter,Recording Industry Association of the Philippines,23rd Awit Awards
23rd Awit Awards,date,2012-05-04,23rd Awit Awards
2019 All-Ireland Senior Ladies' Football Championship final,instanceOf,All-Ireland Senior Ladies' Football Championship final,2019 All-Ireland Senior Ladies' Football Championship final
2019 All-Ireland Senior Ladies' Football Championship final,year,2019,2019 All-Ireland Senior Ladies' Football Championship final
2019 All-Ireland Senior Ladies' Football Championship final,partOf,2019 All-Ireland Senior Ladies' Football Championship,2019 All-Ireland Senior Ladies' Football Championship final
2019 All-Ireland Senior Ladies' Football Championship final,location,Croke Park,2019 All-Ireland Senior Ladies' Football Championship final
2019 All-Ireland Senior Ladies' Football Championship final,teams,Mayo,2019 All-Ireland Senior Ladies' Football Championship final
2019 All-Ireland Senior Ladies' Football Championship final,teams,Meath,2019 All-Ireland Senior Ladies' Football Championship final
2019 All-Ireland Senior Ladies' Football Championship final,score,"Mayo 1-4, Meath 0-3",2019 All-Ireland Senior Ladies' Football Championship final
2019 All-Ireland Senior Ladies' Football Championship final,date,"August 18, 2019",2019 All-Ireland Senior Ladies' Football Championship final
2019 All-Ireland Senior Ladies' Football Championship final,referee,Mairead Herron,2019 All-Ireland Senior Ladies' Football Championship final
subject,predicate,object,48th Primetime Emmy Awards
Shooting at the 2024 Summer Olympics – Mixed 10 metre air rifle team,instanceOf,Shooting at the Olympics,Shooting at the 2024 Summer Olympics – Mixed 10 metre air rifle team
Shooting at the 2024 Summer Olympics – Mixed 10 metre air rifle team,partOf,Shooting at the 2024 Summer Olympics,Shooting at the 2024 Summer Olympics – Mixed 10 metre air rifle team
Shooting at the 2024 Summer Olympics – Mixed 10 metre air rifle team,hasEventType,Mixed team event,Shooting at the 2024 Summer Olympics – Mixed 10 metre air rifle team
Shooting at the 2024 Summer Olympics – Mixed 10 metre air rifle team,hasDiscipline,10 metre air rifle,Shooting at the 2024 Summer Olympics – Mixed 10 metre air rifle team
Shooting at the 2024 Summer Olympics – Mixed 10 metre air rifle team,hasGender,Mixed,Shooting at the 2024 Summer Olympics – Mixed 10 metre air rifle team
Shooting at the 2024 Summer Olympics – Mixed 10 metre air rifle team,isGovernedBy,International Shooting Sport Federation,Shooting at the 2024 Summer Olympics – Mixed 10 metre air rifle team
Shooting at the 2024 Summer Olympics – Mixed 10 metre air rifle team,isPartOf,2024 Summer Olympics,Shooting at the 2024 Summer Olympics – Mixed 10 metre air rifle team
Shooting at the 2024 Summer Olympics – Mixed 10 metre air rifle team,hasMedalEvents,1,Shooting at the 2024 Summer Olympics – Mixed 10 metre air rifle team
subject,predicate,object,Sixth European Parliament
Sixth European Parliament,instanceOf,European Parliament,Sixth European Parliament
Sixth European Parliament,hasTermStart,2004-07-20,Sixth European Parliament
Sixth European Parliament,hasTermEnd,2009-01-13,Sixth European Parliament
Sixth European Parliament,hasPresident,Josep Borrell,Sixth European Parliament
Sixth European Parliament,hasPresident,Paolo Sassoli,Sixth European Parliament
Sixth European Parliament,hasVicePresident,Sari Kaaranen,Sixth European Parliament
Sixth European Parliament,hasVicePresident,Eleni S. Kounalakis,Sixth European Parliament
Sixth European Parliament,hasNumberOfMembers,732,Sixth European Parliament
Sixth European Parliament,hasMEPs,736,Sixth European Parliament
Sixth European Parliament,isSucceededBy,Seventh European Parliament,Sixth European Parliament
2012 Major League Soccer season,instanceOf,sports season,2012 Major League Soccer season
2012 Major League Soccer season,partOf,Major League Soccer,2012 Major League Soccer season
2012 Major League Soccer season,startDate,2012-03-10,2012 Major League Soccer season
2012 Major League Soccer season,endDate,2012-10-28,2012 Major League Soccer season
2012 Major League Soccer season,numberOfTeams,19,2012 Major League Soccer season
2012 Major League Soccer season,numberOfMatches,306,2012 Major League Soccer season
2012 Major League Soccer season,champion,Los Angeles Galaxy,2012 Major League Soccer season
2012 Major League Soccer season,runner-up,Houston Dynamo,2012 Major League Soccer season
2012 Major League Soccer season,MLS Cup,Los Angeles Galaxy,2012 Major League Soccer season
2012 Major League Soccer season,MLS Cup final,Houston Dynamo,2012 Major League Soccer season
1963 Harelbeke–Antwerp–Harelbeke,instanceOf,cycling race,1963 Harelbeke–Antwerp–Harelbeke
1963 Harelbeke–Antwerp–Harelbeke,partOf,1963 UCI Road World Championships,1963 Harelbeke–Antwerp–Harelbeke
1963 Harelbeke–Antwerp–Harelbeke,startDate,1963-04-21,1963 Harelbeke–Antwerp–Harelbeke
1963 Harelbeke–Antwerp–Harelbeke,location,Belgium,1963 Harelbeke–Antwerp–Harelbeke
1963 Harelbeke–Antwerp–Harelbeke,winner,Piet Abrahamsen,1963 Harelbeke–Antwerp–Harelbeke
1963 Harelbeke–Antwerp–Harelbeke,category,one-day race,1963 Harelbeke–Antwerp–Harelbeke
24th Critics' Choice Awards,instanceOf,Critics' Choice Awards,24th Critics' Choice Awards
24th Critics' Choice Awards,partOf,Critics' Choice Movie Awards,24th Critics' Choice Awards
24th Critics' Choice Awards,location,Santa Monica Civic Auditorium,24th Critics' Choice Awards
24th Critics' Choice Awards,date,2019-01-13,24th Critics' Choice Awards
24th Critics' Choice Awards,award,Best Picture,24th Critics' Choice Awards
24th Critics' Choice Awards,award,Best Director,24th Critics' Choice Awards
24th Critics' Choice Awards,award,Best Actor,24th Critics' Choice Awards
24th Critics' Choice Awards,award,Best Actress,24th Critics' Choice Awards
24th Critics' Choice Awards,presenter,CBS Television Studios,24th Critics' Choice Awards
24th Critics' Choice Awards,host,Tiffany Haddish,24th Critics' Choice Awards
Chōsen Grand Exposition,instanceOf,World's Fair,Chōsen Grand Exposition
Chōsen Grand Exposition,location,Keijo,Chōsen Grand Exposition
Chōsen Grand Exposition,startDate,1929-09-29,Chōsen Grand Exposition
Chōsen Grand Exposition,endDate,1929-11-03,Chōsen Grand Exposition
Chōsen Grand Exposition,organizer,Government of Japan,Chōsen Grand Exposition
2018 United States House of Representatives elections in North Carolina,instanceOf,election,2018 United States House of Representatives elections in North Carolina
2018 United States House of Representatives elections in North Carolina,location,North Carolina,2018 United States House of Representatives elections in North Carolina
2018 United States House of Representatives elections in North Carolina,startDate,2018-11-06,2018 United States House of Representatives elections in North Carolina
2018 United States House of Representatives elections in North Carolina,endDate,2018-11-06,2018 United States House of Representatives elections in North Carolina
2018 United States House of Representatives elections in North Carolina,partOf,2018 United States House of Representatives elections,2018 United States House of Representatives elections in North Carolina
2018 United States House of Representatives elections in North Carolina,partOf,North Carolina's congressional elections,2018 United States House of Representatives elections in North Carolina
2018 United States House of Representatives elections in North Carolina,numberOfSeats,13,2018 United States House of Representatives elections in North Carolina
2018 United States House of Representatives elections in North Carolina,type,House of Representatives election,2018 United States House of Representatives elections in North Carolina
2018 United States House of Representatives elections in North Carolina,elected,United States House of Representatives,2018 United States House of Representatives elections in North Carolina
2018 United States House of Representatives elections in North Carolina,runoff,no,2018 United States House of Representatives elections in North Carolina
subject,predicate,object,2024 Indian general election
2018 CONCACAF Women's Championship,instanceOf,CONCACAF Women's Championship,2018 CONCACAF Women's Championship
2018 CONCACAF Women's Championship,instanceOf,International Women's Football Competition,2018 CONCACAF Women's Championship
2018 CONCACAF Women's Championship,startDate,2018-10-04,2018 CONCACAF Women's Championship
2018 CONCACAF Women's Championship,endDate,2018-10-13,2018 CONCACAF Women's Championship
2018 CONCACAF Women's Championship,host,United States,2018 CONCACAF Women's Championship
2018 CONCACAF Women's Championship,numberOfTeams,8,2018 CONCACAF Women's Championship
2018 CONCACAF Women's Championship,winner,United States women's national soccer team,2018 CONCACAF Women's Championship
2018 CONCACAF Women's Championship,runner-up,Canada women's national soccer team,2018 CONCACAF Women's Championship
2018 CONCACAF Women's Championship,thirdPlace,Costa Rica women's national football team,2018 CONCACAF Women's Championship
2018 CONCACAF Women's Championship,fourthPlace,Panama women's national football team,2018 CONCACAF Women's Championship
2002 EA Sports 500,instanceOf,NASCAR Cup Series,2002 EA Sports 500
2002 EA Sports 500,instanceOf,Stock car racing,2002 EA Sports 500
2002 EA Sports 500,location,Talladega Superspeedway,2002 EA Sports 500
2002 EA Sports 500,date,2002-04-21,2002 EA Sports 500
2002 EA Sports 500,partOf,2002 NASCAR Winston Cup Series,2002 EA Sports 500
2002 EA Sports 500,winner,Jeff Gordon,2002 EA Sports 500
2002 EA Sports 500,polePosition,Jeff Gordon,2002 EA Sports 500
2002 EA Sports 500,raceDistance,500,2002 EA Sports 500
2002 EA Sports 500,sponsor,EA Sports,2002 EA Sports 500
2002 EA Sports 500,previousRace,2002 Carolina Dodge Dealers 300,2002 EA Sports 500
2002 EA Sports 500,nextRace,2002 Aaron's 499,2002 EA Sports 500
subject,predicate,object,2021 Qatar Total Open
subject,predicate,object,2017 United Kingdom general election in England
2016 Settimana Internazionale di Coppi e Bartali,instanceOf,cycling race,2016 Settimana Internazionale di Coppi e Bartali
2016 Settimana Internazionale di Coppi e Bartali,partOf,2016 UCI Europe Tour,2016 Settimana Internazionale di Coppi e Bartali
2016 Settimana Internazionale di Coppi e Bartali,startDate,2016-03-23,2016 Settimana Internazionale di Coppi e Bartali
2016 Settimana Internazionale di Coppi e Bartali,endDate,2016-03-27,2016 Settimana Internazionale di Coppi e Bartali
2016 Settimana Internazionale di Coppi e Bartali,location,Italy,2016 Settimana Internazionale di Coppi e Bartali
2016 Settimana Internazionale di Coppi e Bartali,numberOfStages,5,2016 Settimana Internazionale di Coppi e Bartali
2016 Settimana Internazionale di Coppi e Bartali,winner,Ivan Basso,2016 Settimana Internazionale di Coppi e Bartali
2003 MBNA America 400,instanceOf,NASCAR Cup Series,2003 MBNA America 400
2003 MBNA America 400,partOf,2003 NASCAR Winston Cup Series,2003 MBNA America 400
2003 MBNA America 400,location,"Loudon, New Hampshire",2003 MBNA America 400
2003 MBNA America 400,eventName,MBNA America 400,2003 MBNA America 400
2003 MBNA America 400,year,2003,2003 MBNA America 400
2003 MBNA America 400,raceNumber,29,2003 MBNA America 400
2003 MBNA America 400,track,New Hampshire Motor Speedway,2003 MBNA America 400
2003 MBNA America 400,winner,Matt Kenseth,2003 MBNA America 400
2003 MBNA America 400,polePosition,Kevin Harvick,2003 MBNA America 400
2003 MBNA America 400,date,"September 14, 2003",2003 MBNA America 400
2001 Telenordia Swedish Open – Singles,instanceOf,Tennis tournament,2001 Telenordia Swedish Open – Singles
2001 Telenordia Swedish Open – Singles,partOf,2001 Telenordia Swedish Open,2001 Telenordia Swedish Open – Singles
2001 Telenordia Swedish Open – Singles,sport,Tennis,2001 Telenordia Swedish Open – Singles
2001 Telenordia Swedish Open – Singles,startDate,2001-07-23,2001 Telenordia Swedish Open – Singles
2001 Telenordia Swedish Open – Singles,endDate,2001-07-29,2001 Telenordia Swedish Open – Singles
2001 Telenordia Swedish Open – Singles,competitor,Mikael Tillström,2001 Telenordia Swedish Open – Singles
2001 Telenordia Swedish Open – Singles,competitor,Joachim Johansson,2001 Telenordia Swedish Open – Singles
2001 Telenordia Swedish Open – Singles,winner,Mikael Tillström,2001 Telenordia Swedish Open – Singles
2001 Telenordia Swedish Open – Singles,runnerUp,Joachim Johansson,2001 Telenordia Swedish Open – Singles
2001 Telenordia Swedish Open – Singles,title,2001 Telenordia Swedish Open – Singles,2001 Telenordia Swedish Open – Singles
subject,predicate,object,Naval Air Station Pensacola shooting
Naval Air Station Pensacola shooting,instanceOf,mass shooting,Naval Air Station Pensacola shooting
Naval Air Station Pensacola shooting,location,Naval Air Station Pensacola,Naval Air Station Pensacola shooting
Naval Air Station Pensacola shooting,occurredOn,2018-12-06,Naval Air Station Pensacola shooting
Naval Air Station Pensacola shooting,perpetrator,Mohammad Ahmedaw,Naval Air Station Pensacola shooting
Naval Air Station Pensacola shooting,victimCount,4,Naval Air Station Pensacola shooting
Naval Air Station Pensacola shooting,injuryCount,11,Naval Air Station Pensacola shooting
Naval Air Station Pensacola shooting,type,shooting,Naval Air Station Pensacola shooting
Naval Air Station Pensacola shooting,partOf,United States,Naval Air Station Pensacola shooting
Naval Air Station Pensacola shooting,relatedTo,terrorism,Naval Air Station Pensacola shooting
Naval Air Station Pensacola shooting,investigatedBy,Federal Bureau of Investigation,Naval Air Station Pensacola shooting
Naval Air Station Pensacola shooting,reportedBy,media outlets,Naval Air Station Pensacola shooting
subject,predicate,object,1996–97 Categoría Primera A season
1996–97 Categoría Primera A season,instanceOf,Categoría Primera A season,1996–97 Categoría Primera A season
1996–97 Categoría Primera A season,startDate,1996,1996–97 Categoría Primera A season
1996–97 Categoría Primera A season,endDate,1997,1996–97 Categoría Primera A season
1996–97 Categoría Primera A season,country,Colombia,1996–97 Categoría Primera A season
1996–97 Categoría Primera A season,league,Categoría Primera A,1996–97 Categoría Primera A season
1996–97 Categoría Primera A season,numberOfTeams,16,1996–97 Categoría Primera A season
1996–97 Categoría Primera A season,champion,América de Cali,1996–97 Categoría Primera A season
1996–97 Categoría Primera A season,runner-up,Independiente Medellín,1996–97 Categoría Primera A season
1996–97 Categoría Primera A season,promotion,Deportivo Táchira,1996–97 Categoría Primera A season
1996–97 Categoría Primera A season,relegation,Unión Magdalena,1996–97 Categoría Primera A season
subject,predicate,object,Grand Prix Elsy Jacobs
subject,predicate,object,2011 Tour of Flanders for Women
2015–16 TFF Third League,instanceOf,sports season,2015–16 TFF Third League
2015–16 TFF Third League,partOf,2015–16 Turkish Football League,2015–16 TFF Third League
2015–16 TFF Third League,startDate,2015,2015–16 TFF Third League
2015–16 TFF Third League,endDate,2016,2015–16 TFF Third League
2015–16 TFF Third League,organizer,Turkish Football Federation,2015–16 TFF Third League
2015–16 TFF Third League,hasParticipant,Turkish football club,2015–16 TFF Third League
subject,predicate,object,Reign of Juan Carlos I
Reign of Juan Carlos I,instanceOf,Period of time,Reign of Juan Carlos I
Reign of Juan Carlos I,hasLeader,Juan Carlos I,Reign of Juan Carlos I
Reign of Juan Carlos I,hasPart,Spanish transition to democracy,Reign of Juan Carlos I
Reign of Juan Carlos I,hasPart,EU membership referendum,Reign of Juan Carlos I
Reign of Juan Carlos I,hasPart,Economic crisis in Spain,Reign of Juan Carlos I
Reign of Juan Carlos I,startedOn,1975-11-22,Reign of Juan Carlos I
Reign of Juan Carlos I,endedOn,2014-06-19,Reign of Juan Carlos I
Reign of Juan Carlos I,hasMonarch,Juan Carlos I,Reign of Juan Carlos I
Reign of Juan Carlos I,hasGovernment,Government of Spain,Reign of Juan Carlos I
Reign of Juan Carlos I,hasEvent,1981 Spanish coup d'état attempt,Reign of Juan Carlos I
Reign of Juan Carlos I,hasEvent,2006 Madrid International Film Festival,Reign of Juan Carlos I
1st TVyNovelas Awards,instanceOf,Awards ceremony,1st TVyNovelas Awards
1st TVyNovelas Awards,partOf,TVyNovelas Awards,1st TVyNovelas Awards
1st TVyNovelas Awards,numberOf,1,1st TVyNovelas Awards
1st TVyNovelas Awards,hasLocation,Mexico,1st TVyNovelas Awards
1st TVyNovelas Awards,year,1983,1st TVyNovelas Awards
1st TVyNovelas Awards,honorific,1st,1st TVyNovelas Awards
subject,predicate,object,1973 Thomas Cup knockout stage
1973 Thomas Cup knockout stage,instanceOf,Thomas Cup knockout stage,1973 Thomas Cup knockout stage
1973 Thomas Cup knockout stage,partOf,1973 Thomas Cup,1973 Thomas Cup knockout stage
1973 Thomas Cup knockout stage,startDate,1973,1973 Thomas Cup knockout stage
1973 Thomas Cup knockout stage,competition,Thomas Cup,1973 Thomas Cup knockout stage
1973 Thomas Cup knockout stage,participant,Denmark national badminton team,1973 Thomas Cup knockout stage
1973 Thomas Cup knockout stage,participant,Malaysia national badminton team,1973 Thomas Cup knockout stage
1973 Thomas Cup knockout stage,participant,Indonesia national badminton team,1973 Thomas Cup knockout stage
1973 Thomas Cup knockout stage,participant,England national badminton team,1973 Thomas Cup knockout stage
1973 Thomas Cup knockout stage,participant,China national badminton team,1973 Thomas Cup knockout stage
1973 Thomas Cup knockout stage,participant,Japan national badminton team,1973 Thomas Cup knockout stage
1973 Thomas Cup knockout stage,participant,Sweden national badminton team,1973 Thomas Cup knockout stage
1973 Thomas Cup knockout stage,final,1973 Thomas Cup Final,1973 Thomas Cup knockout stage
Battle of Ladiga,instanceOf,Battle,Battle of Ladiga
Battle of Ladiga,location,Ladiga,Battle of Ladiga
Battle of Ladiga,partOf,Polish-Austrian War,Battle of Ladiga
Battle of Ladiga,date,1794-06-27,Battle of Ladiga
Battle of Ladiga,result,Tactical Polish victory,Battle of Ladiga
2014 Eneco Tour,instanceOf,Cycling race,2014 Eneco Tour
2014 Eneco Tour,partOf,2014 UCI Europe Tour,2014 Eneco Tour
2014 Eneco Tour,startDate,2014-08-13,2014 Eneco Tour
2014 Eneco Tour,endDate,2014-08-17,2014 Eneco Tour
2014 Eneco Tour,numberOfStages,5,2014 Eneco Tour
2014 Eneco Tour,organizer,Eneco,2014 Eneco Tour
2014 Eneco Tour,category,2.HC,2014 Eneco Tour
2014 Eneco Tour,route,Netherlands,2014 Eneco Tour
2014 Eneco Tour,winner,Niki Terpstra,2014 Eneco Tour
subject,predicate,object,2012 Los Angeles Film Critics Association Awards
2012 Los Angeles Film Critics Association Awards,instanceOf,Award,2012 Los Angeles Film Critics Association Awards
2012 Los Angeles Film Critics Association Awards,partOf,2012 film awards,2012 Los Angeles Film Critics Association Awards
2012 Los Angeles Film Critics Association Awards,location,Los Angeles,2012 Los Angeles Film Critics Association Awards
2012 Los Angeles Film Critics Association Awards,organizer,Los Angeles Film Critics Association,2012 Los Angeles Film Critics Association Awards
2012 Los Angeles Film Critics Association Awards,year,2012,2012 Los Angeles Film Critics Association Awards
Best Director,partOf,2012 Los Angeles Film Critics Association Awards,2012 Los Angeles Film Critics Association Awards
Best Actor,partOf,2012 Los Angeles Film Critics Association Awards,2012 Los Angeles Film Critics Association Awards
Best Actress,partOf,2012 Los Angeles Film Critics Association Awards,2012 Los Angeles Film Critics Association Awards
The Master,winnerOf,Best Supporting Actor,2012 Los Angeles Film Critics Association Awards
The Master,winnerOf,Best Cinematography,2012 Los Angeles Film Critics Association Awards
Ang Lee,winnerOf,Best Director,2012 Los Angeles Film Critics Association Awards
Jean Dujardin,winnerOf,Best Actor,2012 Los Angeles Film Critics Association Awards
Kristen Wiig,winnerOf,Best Supporting Actress,2012 Los Angeles Film Critics Association Awards
Michelle Williams,winnerOf,Best Actress,2012 Los Angeles Film Critics Association Awards
The Artist,winnerOf,Best Film,2012 Los Angeles Film Critics Association Awards
The Artist,winnerOf,Best Production Design,2012 Los Angeles Film Critics Association Awards
2013 Bulgarian Supercup,instanceOf,Supercup,2013 Bulgarian Supercup
2013 Bulgarian Supercup,partOf,Bulgarian Football,2013 Bulgarian Supercup
2013 Bulgarian Supercup,year,2013,2013 Bulgarian Supercup
2013 Bulgarian Supercup,participant,Ludogorets Razgrad,2013 Bulgarian Supercup
2013 Bulgarian Supercup,participant,Botev Plovdiv,2013 Bulgarian Supercup
2013 Bulgarian Supercup,winner,Ludogorets Razgrad,2013 Bulgarian Supercup
2013 Bulgarian Supercup,score,3-1,2013 Bulgarian Supercup
2013 Bulgarian Supercup,instanceOf,Bulgarian Supercup,2013 Bulgarian Supercup
2013 Bulgarian Supercup,partOf,2013-2014 Bulgarian Football,2013 Bulgarian Supercup
2013 Bulgarian Supercup,date,"August 10, 2013",2013 Bulgarian Supercup
2017 BWF Para-Badminton World Championships,instanceOf,badminton tournament,2017 BWF Para-Badminton World Championships
2017 BWF Para-Badminton World Championships,startDate,2017-05-29,2017 BWF Para-Badminton World Championships
2017 BWF Para-Badminton World Championships,endDate,2017-06-04,2017 BWF Para-Badminton World Championships
2017 BWF Para-Badminton World Championships,location,Ulsan,2017 BWF Para-Badminton World Championships
2017 BWF Para-Badminton World Championships,numberOfParticipants,292,2017 BWF Para-Badminton World Championships
2017 BWF Para-Badminton World Championships,numberOfCountries,43,2017 BWF Para-Badminton World Championships
2017 BWF Para-Badminton World Championships,organizedBy,BWF,2017 BWF Para-Badminton World Championships
2017 BWF Para-Badminton World Championships,type,Para-Badminton,2017 BWF Para-Badminton World Championships
2017 BWF Para-Badminton World Championships,hasEvent,Men's singles,2017 BWF Para-Badminton World Championships
2017 BWF Para-Badminton World Championships,hasEvent,Women's singles,2017 BWF Para-Badminton World Championships
2017 BWF Para-Badminton World Championships,hasEvent,Men's doubles,2017 BWF Para-Badminton World Championships
2017 BWF Para-Badminton World Championships,hasEvent,Women's doubles,2017 BWF Para-Badminton World Championships
2017 BWF Para-Badminton World Championships,hasEvent,Mixed doubles,2017 BWF Para-Badminton World Championships
2015 Trofeo Laigueglia,instanceOf,cycling race,2015 Trofeo Laigueglia
2015 Trofeo Laigueglia,partOf,2015 UCI Europe Tour,2015 Trofeo Laigueglia
2015 Trofeo Laigueglia,location,Italy,2015 Trofeo Laigueglia
2015 Trofeo Laigueglia,startDate,2015-03-08,2015 Trofeo Laigueglia
2015 Trofeo Laigueglia,endDate,2015-03-08,2015 Trofeo Laigueglia
2015 Trofeo Laigueglia,type,one-day race,2015 Trofeo Laigueglia
2015 Trofeo Laigueglia,category,1.1,2015 Trofeo Laigueglia
2015 Trofeo Laigueglia,organizer,Società Ciclistica Laiguegliese,2015 Trofeo Laigueglia
2014 Holland Ladies Tour,instanceOf,cycling race,2014 Holland Ladies Tour
2014 Holland Ladies Tour,startDate,2014,2014 Holland Ladies Tour
2014 Holland Ladies Tour,location,Holland,2014 Holland Ladies Tour
2014 Holland Ladies Tour,type,one-day race,2014 Holland Ladies Tour
2014 Holland Ladies Tour,partOf,UCI Women's Road World Cup,2014 Holland Ladies Tour
2014 Holland Ladies Tour,racedBy,Marianne Vos,2014 Holland Ladies Tour
2014 Holland Ladies Tour,racedBy,Annemiek van Vleuten,2014 Holland Ladies Tour
2014 Holland Ladies Tour,racedBy,Lisa Brennauer,2014 Holland Ladies Tour
2014 Holland Ladies Tour,winner,Marianne Vos,2014 Holland Ladies Tour
2014 Holland Ladies Tour,distance,122 km,2014 Holland Ladies Tour
Boxing at the 2024 Summer Olympics – Men's 51 kg,instanceOf,Olympic boxing event,Boxing at the 2024 Summer Olympics – Men's 51 kg
Boxing at the 2024 Summer Olympics – Men's 51 kg,partOf,Boxing at the 2024 Summer Olympics,Boxing at the 2024 Summer Olympics – Men's 51 kg
Boxing at the 2024 Summer Olympics – Men's 51 kg,hasGender,Men,Boxing at the 2024 Summer Olympics – Men's 51 kg
Boxing at the 2024 Summer Olympics – Men's 51 kg,hasWeightClass,51 kg,Boxing at the 2024 Summer Olympics – Men's 51 kg
Boxing at the 2024 Summer Olympics – Men's 51 kg,hasCompetition,2024 Summer Olympics,Boxing at the 2024 Summer Olympics – Men's 51 kg
Boxing at the 2024 Summer Olympics – Men's 51 kg,isGovernedBy,International Boxing Federation,Boxing at the 2024 Summer Olympics – Men's 51 kg
Boxing at the 2024 Summer Olympics – Men's 51 kg,scheduledToStart,2024-07-24,Boxing at the 2024 Summer Olympics – Men's 51 kg
Boxing at the 2024 Summer Olympics – Men's 51 kg,scheduledToEnd,2024-08-09,Boxing at the 2024 Summer Olympics – Men's 51 kg
Boxing at the 2024 Summer Olympics – Men's 51 kg,isRelatedTo,Boxing at the 2020 Summer Olympics – Men's 52 kg,Boxing at the 2024 Summer Olympics – Men's 51 kg
subject,predicate,object,2013 South American Youth Games
2013 South American Youth Games,instanceOf,Multi-sport event,2013 South American Youth Games
2013 South American Youth Games,location,Norte de Santander,2013 South American Youth Games
2013 South American Youth Games,location,Colombia,2013 South American Youth Games
2013 South American Youth Games,startDate,2013-09-08,2013 South American Youth Games
2013 South American Youth Games,endDate,2013-09-17,2013 South American Youth Games
2013 South American Youth Games,numberOfCountriesParticipating,27,2013 South American Youth Games
2013 South American Youth Games,numberOfAthletesParticipating,1964,2013 South American Youth Games
2013 South American Youth Games,event,South American Youth Games,2013 South American Youth Games
2013 South American Youth Games,organizedBy,Olympic Committee of Colombia,2013 South American Youth Games
2013 South American Youth Games,hasMotto,Somos imparables (We are unstoppable),2013 South American Youth Games
2013 South American Youth Games,precededBy,2010 South American Youth Games,2013 South American Youth Games
2013 South American Youth Games,followedBy,2015 South American Youth Games,2013 South American Youth Games
subject,predicate,object,2020 Major League Baseball season
CommutAir Flight 4821,instanceOf,airline accident,CommutAir Flight 4821
CommutAir Flight 4821,occurredOn,"January 13, 2000",CommutAir Flight 4821
CommutAir Flight 4821,location,Buffalo Niagara International Airport,CommutAir Flight 4821
CommutAir Flight 4821,aircraft,Bombardier Q300,CommutAir Flight 4821
CommutAir Flight 4821,airline,CommutAir,CommutAir Flight 4821
CommutAir Flight 4821,type,controlled flight into terrain,CommutAir Flight 4821
CommutAir Flight 4821,fatalities,49,CommutAir Flight 4821
CommutAir Flight 4821,cause,pilot error,CommutAir Flight 4821
1981 Dutch Open (tennis),instanceOf,Tennis tournament,1981 Dutch Open (tennis)
1981 Dutch Open (tennis),partOf,1981 ATP Tour,1981 Dutch Open (tennis)
1981 Dutch Open (tennis),location,Netherlands,1981 Dutch Open (tennis)
1981 Dutch Open (tennis),startDate,1981-05-20,1981 Dutch Open (tennis)
1981 Dutch Open (tennis),endDate,1981-05-26,1981 Dutch Open (tennis)
1981 Dutch Open (tennis),surface,Clay,1981 Dutch Open (tennis)
1981 Dutch Open (tennis),category,Grand Prix (tennis),1981 Dutch Open (tennis)
1981 Dutch Open (tennis),menSinglesTitle,Gianni Ocleppo,1981 Dutch Open (tennis)
1981 Dutch Open (tennis),menDoublesTitle,Frederick Bonsing /  Ferdi Taygan,1981 Dutch Open (tennis)
2002 Atlantic Sun Conference baseball tournament,instanceOf,Sports tournament,2002 Atlantic Sun Conference baseball tournament
2002 Atlantic Sun Conference baseball tournament,partOf,2002 Atlantic Sun Conference,2002 Atlantic Sun Conference baseball tournament
2002 Atlantic Sun Conference baseball tournament,startDate,2002,2002 Atlantic Sun Conference baseball tournament
2002 Atlantic Sun Conference baseball tournament,location,Joker Marchand Field,2002 Atlantic Sun Conference baseball tournament
2002 Atlantic Sun Conference baseball tournament,endDate,2002,2002 Atlantic Sun Conference baseball tournament
subject,predicate,object,2016 Summer Paralympics opening ceremony
2016 Summer Paralympics opening ceremony,instanceOf,paralympic ceremony,2016 Summer Paralympics opening ceremony
2016 Summer Paralympics opening ceremony,partOf,2016 Summer Paralympics,2016 Summer Paralympics opening ceremony
2016 Summer Paralympics opening ceremony,location,Maracanã Stadium,2016 Summer Paralympics opening ceremony
2016 Summer Paralympics opening ceremony,date,5 September 2016,2016 Summer Paralympics opening ceremony
2016 Summer Paralympics opening ceremony,participant,Refugee Paralympic Team,2016 Summer Paralympics opening ceremony
2016 Summer Paralympics opening ceremony,participant,Brazil national football team,2016 Summer Paralympics opening ceremony
2016 Summer Paralympics opening ceremony,participant,United States national wheelchair basketball team,2016 Summer Paralympics opening ceremony
2016 Summer Paralympics opening ceremony,hasPart,Paralympic torch relay,2016 Summer Paralympics opening ceremony
2016 Summer Paralympics opening ceremony,hasPart,musical performance,2016 Summer Paralympics opening ceremony
2016 Summer Paralympics opening ceremony,precededBy,2012 Summer Paralympics opening ceremony,2016 Summer Paralympics opening ceremony
2016 Summer Paralympics opening ceremony,followedBy,2016 Summer Paralympics closing ceremony,2016 Summer Paralympics opening ceremony
1896 European Rowing Championships,instanceOf,Rowing Championships,1896 European Rowing Championships
1896 European Rowing Championships,startYear,1896,1896 European Rowing Championships
1896 European Rowing Championships,location,London,1896 European Rowing Championships
1896 European Rowing Championships,location,United Kingdom,1896 European Rowing Championships
1896 European Rowing Championships,sport,Rowing,1896 European Rowing Championships
1896 European Rowing Championships,competition,European Championships,1896 European Rowing Championships
subject,predicate,object,2017 Devon County Council election
subject,predicate,object,FIDE Grand Swiss Tournament 2021
subject,predicate,object,2019 Andorran local elections
2019 Andorran local elections,instanceOf,local election,2019 Andorran local elections
2019 Andorran local elections,location,Andorra,2019 Andorran local elections
2019 Andorran local elections,startDate,2019,2019 Andorran local elections
2019 Andorran local elections,endDate,2019,2019 Andorran local elections
2019 Andorran local elections,country,Andorra,2019 Andorran local elections
2019 Andorran local elections,type,election,2019 Andorran local elections
2019 Andorran local elections,participant,General Council of Andorra,2019 Andorran local elections
2019 Andorran local elections,participant,Comuns,2019 Andorran local elections
2019 Andorran local elections,participant,Independent,2019 Andorran local elections
2019 Andorran local elections,participant,Liberal Party of Andorra,2019 Andorran local elections
2019 Andorran local elections,participant,Social Democratic Party (Andorra),2019 Andorran local elections
2019 Andorran local elections,participant,Andorra Forward,2019 Andorran local elections
2008–09 Northwestern Wildcats men's basketball team,instanceOf,NCAA Division I men's basketball team,2008–09 Northwestern Wildcats men's basketball team
2008–09 Northwestern Wildcats men's basketball team,partOf,Northwestern University,2008–09 Northwestern Wildcats men's basketball team
2008–09 Northwestern Wildcats men's basketball team,hasHeadCoach,Bill Carmody,2008–09 Northwestern Wildcats men's basketball team
2008–09 Northwestern Wildcats men's basketball team,season,2008-09,2008–09 Northwestern Wildcats men's basketball team
2008–09 Northwestern Wildcats men's basketball team,league,Big Ten Conference,2008–09 Northwestern Wildcats men's basketball team
2008–09 Northwestern Wildcats men's basketball team,conference,Big Ten Conference,2008–09 Northwestern Wildcats men's basketball team
2008–09 Northwestern Wildcats men's basketball team,location,"Evanston, Illinois",2008–09 Northwestern Wildcats men's basketball team
Athletics at the 1980 Summer Olympics – Women's 100 metres hurdles,instanceOf,Olympic event,Athletics at the 1980 Summer Olympics – Women's 100 metres hurdles
Athletics at the 1980 Summer Olympics – Women's 100 metres hurdles,partOf,Athletics at the 1980 Summer Olympics,Athletics at the 1980 Summer Olympics – Women's 100 metres hurdles
Athletics at the 1980 Summer Olympics – Women's 100 metres hurdles,hasGender,Women,Athletics at the 1980 Summer Olympics – Women's 100 metres hurdles
Athletics at the 1980 Summer Olympics – Women's 100 metres hurdles,hasEventType,Track and field,Athletics at the 1980 Summer Olympics – Women's 100 metres hurdles
Athletics at the 1980 Summer Olympics – Women's 100 metres hurdles,hasDiscipline,Sprinting,Athletics at the 1980 Summer Olympics – Women's 100 metres hurdles
Athletics at the 1980 Summer Olympics – Women's 100 metres hurdles,hasDistance,100 metres,Athletics at the 1980 Summer Olympics – Women's 100 metres hurdles
Athletics at the 1980 Summer Olympics – Women's 100 metres hurdles,hasObstacle,Hurdles,Athletics at the 1980 Summer Olympics – Women's 100 metres hurdles
Athletics at the 1980 Summer Olympics – Women's 100 metres hurdles,tookPlaceAt,Moscow,Athletics at the 1980 Summer Olympics – Women's 100 metres hurdles
Athletics at the 1980 Summer Olympics – Women's 100 metres hurdles,tookPlaceAt,Dynamo Stadium,Athletics at the 1980 Summer Olympics – Women's 100 metres hurdles
Athletics at the 1980 Summer Olympics – Women's 100 metres hurdles,winner,Tatyana Ledovskaya,Athletics at the 1980 Summer Olympics – Women's 100 metres hurdles
Athletics at the 1980 Summer Olympics – Women's 100 metres hurdles,silverMedalist,Zhidianna Samusenko,Athletics at the 1980 Summer Olympics – Women's 100 metres hurdles
Athletics at the 1980 Summer Olympics – Women's 100 metres hurdles,bronzeMedalist,Veronika Campbell,Athletics at the 1980 Summer Olympics – Women's 100 metres hurdles
Sporhase v. Nebraska ex rel. Douglas,instanceOf,landmark Supreme Court case,Sporhase v. Nebraska ex rel. Douglas
Sporhase v. Nebraska ex rel. Douglas,citedBy,United States v. Gettysburg Electric Power Co.,Sporhase v. Nebraska ex rel. Douglas
Sporhase v. Nebraska ex rel. Douglas,cites,Hanna v. City of Chicago,Sporhase v. Nebraska ex rel. Douglas
Sporhase v. Nebraska ex rel. Douglas,decidedBy,Supreme Court of the United States,Sporhase v. Nebraska ex rel. Douglas
Sporhase v. Nebraska ex rel. Douglas,decidedOn,1982-06-28,Sporhase v. Nebraska ex rel. Douglas
Sporhase v. Nebraska ex rel. Douglas,reference,458 U.S. 119,Sporhase v. Nebraska ex rel. Douglas
Sporhase v. Nebraska ex rel. Douglas,reporter,102 S. Ct. 2968,Sporhase v. Nebraska ex rel. Douglas
Sporhase v. Nebraska ex rel. Douglas,subject,riparian rights,Sporhase v. Nebraska ex rel. Douglas
Sporhase v. Nebraska ex rel. Douglas,subject,water rights,Sporhase v. Nebraska ex rel. Douglas
subject,predicate,object,2021 Abu Dhabi Grand Prix
subject,predicate,object,1991 Vuelta a Murcia
subject,predicate,object,2015 Dartford Borough Council election
subject,predicate,object,2016 King Mindaugas Cup
2016 King Mindaugas Cup,instanceOf,basketball tournament,2016 King Mindaugas Cup
2016 King Mindaugas Cup,startDate,2016-02-19,2016 King Mindaugas Cup
2016 King Mindaugas Cup,endDate,2016-02-21,2016 King Mindaugas Cup
2016 King Mindaugas Cup,location,Kaunas,2016 King Mindaugas Cup
2016 King Mindaugas Cup,participant,Lietuvos rytas,2016 King Mindaugas Cup
2016 King Mindaugas Cup,participant,Žalgiris,2016 King Mindaugas Cup
2016 King Mindaugas Cup,participant,Neptūnas,2016 King Mindaugas Cup
2016 King Mindaugas Cup,participant,Pieno žvaigždės,2016 King Mindaugas Cup
2016 King Mindaugas Cup,participant,Šiauliai,2016 King Mindaugas Cup
2016 King Mindaugas Cup,participant,Liepaja,2016 King Mindaugas Cup
2016 King Mindaugas Cup,participant,Ventspils,2016 King Mindaugas Cup
2016 King Mindaugas Cup,winner,Žalgiris,2016 King Mindaugas Cup
Rowing at the 1996 Summer Olympics – Women's single sculls,instanceOf,Olympic event,Rowing at the 1996 Summer Olympics – Women's single sculls
Rowing at the 1996 Summer Olympics – Women's single sculls,partOf,Rowing at the 1996 Summer Olympics,Rowing at the 1996 Summer Olympics – Women's single sculls
Rowing at the 1996 Summer Olympics – Women's single sculls,hasGender,Women's,Rowing at the 1996 Summer Olympics – Women's single sculls
Rowing at the 1996 Summer Olympics – Women's single sculls,hasDiscipline,Single sculls,Rowing at the 1996 Summer Olympics – Women's single sculls
Rowing at the 1996 Summer Olympics – Women's single sculls,has medalist,Xuefei Gao,Rowing at the 1996 Summer Olympics – Women's single sculls
Rowing at the 1996 Summer Olympics – Women's single sculls,has medalist,Katherine Grahame,Rowing at the 1996 Summer Olympics – Women's single sculls
Rowing at the 1996 Summer Olympics – Women's single sculls,has medalist,Annamarie Verstappen,Rowing at the 1996 Summer Olympics – Women's single sculls
Rowing at the 1996 Summer Olympics – Women's single sculls,has winner,Xuefei Gao,Rowing at the 1996 Summer Olympics – Women's single sculls
Rowing at the 1996 Summer Olympics – Women's single sculls,previousEvent,Rowing at the 1992 Summer Olympics – Women's single sculls,Rowing at the 1996 Summer Olympics – Women's single sculls
Rowing at the 1996 Summer Olympics – Women's single sculls,subsequentEvent,Rowing at the 2000 Summer Olympics – Women's single sculls,Rowing at the 1996 Summer Olympics – Women's single sculls
Rowing at the 1996 Summer Olympics – Women's single sculls,competition,1996 Summer Olympics,Rowing at the 1996 Summer Olympics – Women's single sculls
2020–21 Greek Basketball Cup,instanceOf,Greek Basketball Cup,2020–21 Greek Basketball Cup
2020–21 Greek Basketball Cup,startTime,2020,2020–21 Greek Basketball Cup
2020–21 Greek Basketball Cup,endTime,2021,2020–21 Greek Basketball Cup
2020–21 Greek Basketball Cup,participant,Aris BC,2020–21 Greek Basketball Cup
2020–21 Greek Basketball Cup,participant,Ionikos Nikaias,2020–21 Greek Basketball Cup
2020–21 Greek Basketball Cup,participant,Lavrio,2020–21 Greek Basketball Cup
2020–21 Greek Basketball Cup,participant,Peristeri,2020–21 Greek Basketball Cup
2020–21 Greek Basketball Cup,participant,Promitheas Patras,2020–21 Greek Basketball Cup
2020–21 Greek Basketball Cup,participant,PAOK BC,2020–21 Greek Basketball Cup
2020–21 Greek Basketball Cup,participant,Panathinaikos,2020–21 Greek Basketball Cup
2020–21 Greek Basketball Cup,participant,AEK BC,2020–21 Greek Basketball Cup
2020–21 Greek Basketball Cup,winner,AEK BC,2020–21 Greek Basketball Cup
subject,predicate,object,2021 West Sussex County Council election
subject,predicate,object,2016 Copa del Rey de Baloncesto
2016 Copa del Rey de Baloncesto,instanceOf,sports event,2016 Copa del Rey de Baloncesto
2016 Copa del Rey de Baloncesto,partOf,2015-16 Copa del Rey de Baloncesto,2016 Copa del Rey de Baloncesto
2016 Copa del Rey de Baloncesto,startDate,2016-02-17,2016 Copa del Rey de Baloncesto
2016 Copa del Rey de Baloncesto,endDate,2016-02-20,2016 Copa del Rey de Baloncesto
2016 Copa del Rey de Baloncesto,location,Gran Canaria,2016 Copa del Rey de Baloncesto
2016 Copa del Rey de Baloncesto,participant,FC Barcelona Lassa,2016 Copa del Rey de Baloncesto
2016 Copa del Rey de Baloncesto,participant,Real Madrid Baloncesto,2016 Copa del Rey de Baloncesto
2016 Copa del Rey de Baloncesto,participant,Unicaja,2016 Copa del Rey de Baloncesto
2016 Copa del Rey de Baloncesto,participant,Laboral Kutxa,2016 Copa del Rey de Baloncesto
2016 Copa del Rey de Baloncesto,participant,Herbalife Gran Canaria,2016 Copa del Rey de Baloncesto
2016 Copa del Rey de Baloncesto,participant,Iberostar Tenerife,2016 Copa del Rey de Baloncesto
2016 Copa del Rey de Baloncesto,participant,Cai Inca,2016 Copa del Rey de Baloncesto
2016 Copa del Rey de Baloncesto,participant,Montakit Fuenlabrada,2016 Copa del Rey de Baloncesto
2016 Copa del Rey de Baloncesto,participant,Movistar Estudiantes,2016 Copa del Rey de Baloncesto
2016 Copa del Rey de Baloncesto,winner,Real Madrid Baloncesto,2016 Copa del Rey de Baloncesto
2016 Copa del Rey de Baloncesto,runnerUp,FC Barcelona Lassa,2016 Copa del Rey de Baloncesto
2016 Copa del Rey de Baloncesto,award,Copa del Rey de Baloncesto,2016 Copa del Rey de Baloncesto
subject,predicate,object,2022 Copa de la Liga Profesional
subject,predicate,object,Battle of Geel
Handball at the 2018 Mediterranean Games,instanceOf,Handball at the Mediterranean Games,Handball at the 2018 Mediterranean Games
Handball at the 2018 Mediterranean Games,partOf,2018 Mediterranean Games,Handball at the 2018 Mediterranean Games
Handball at the 2018 Mediterranean Games,startDate,2018-06-27,Handball at the 2018 Mediterranean Games
Handball at the 2018 Mediterranean Games,endDate,2018-07-01,Handball at the 2018 Mediterranean Games
Handball at the 2018 Mediterranean Games,location,"Oran, Algeria",Handball at the 2018 Mediterranean Games
Handball at the 2018 Mediterranean Games,numberOfEvents,2,Handball at the 2018 Mediterranean Games
Handball at the 2018 Mediterranean Games,participant,Algeria national handball team,Handball at the 2018 Mediterranean Games
Handball at the 2018 Mediterranean Games,participant,Egypt national handball team,Handball at the 2018 Mediterranean Games
Handball at the 2018 Mediterranean Games,participant,Spain national handball team,Handball at the 2018 Mediterranean Games
Handball at the 2018 Mediterranean Games,participant,Turkey national handball team,Handball at the 2018 Mediterranean Games
1988–89 Football League Cup,instanceOf,Football League Cup,1988–89 Football League Cup
1988–89 Football League Cup,startDate,1988,1988–89 Football League Cup
1988–89 Football League Cup,endDate,1989,1988–89 Football League Cup
1988–89 Football League Cup,participant,Liverpool F.C.,1988–89 Football League Cup
1988–89 Football League Cup,participant,Derby County F.C.,1988–89 Football League Cup
1988–89 Football League Cup,finalScore,3-2,1988–89 Football League Cup
1988–89 Football League Cup,finalVenue,Old Trafford,1988–89 Football League Cup
1988–89 Football League Cup,winner,Liverpool F.C.,1988–89 Football League Cup
1988–89 Football League Cup,runnerUp,Derby County F.C.,1988–89 Football League Cup
subject,predicate,object,2003–04 Maryland Terrapins men's basketball team
2003–04 Maryland Terrapins men's basketball team,instanceOf,basketball team,2003–04 Maryland Terrapins men's basketball team
2003–04 Maryland Terrapins men's basketball team,partOf,University of Maryland,2003–04 Maryland Terrapins men's basketball team
2003–04 Maryland Terrapins men's basketball team,competedIn,NCAA Division I Men's Basketball Tournament,2003–04 Maryland Terrapins men's basketball team
2003–04 Maryland Terrapins men's basketball team,season,2003-04,2003–04 Maryland Terrapins men's basketball team
2003–04 Maryland Terrapins men's basketball team,league,Atlantic Coast Conference,2003–04 Maryland Terrapins men's basketball team
2003–04 Maryland Terrapins men's basketball team,headCoach,Gary Williams,2003–04 Maryland Terrapins men's basketball team
2003–04 Maryland Terrapins men's basketball team,assistantCoach,Mark Turman,2003–04 Maryland Terrapins men's basketball team
2003–04 Maryland Terrapins men's basketball team,assistantCoach,Rob Vaughn,2003–04 Maryland Terrapins men's basketball team
2003–04 Maryland Terrapins men's basketball team,arena,Comcast Center,2003–04 Maryland Terrapins men's basketball team
2003–04 Maryland Terrapins men's basketball team,conference,ACC,2003–04 Maryland Terrapins men's basketball team
2003–04 Maryland Terrapins men's basketball team,wins,25,2003–04 Maryland Terrapins men's basketball team
2003–04 Maryland Terrapins men's basketball team,losses,8,2003–04 Maryland Terrapins men's basketball team
2003–04 Maryland Terrapins men's basketball team,conferenceWins,13,2003–04 Maryland Terrapins men's basketball team
2003–04 Maryland Terrapins men's basketball team,conferenceLosses,3,2003–04 Maryland Terrapins men's basketball team
2012–13 Elitserien (men's handball),instanceOf,Sports season,2012–13 Elitserien (men's handball)
2012–13 Elitserien (men's handball),partOf,2012-13 handball season,2012–13 Elitserien (men's handball)
2012–13 Elitserien (men's handball),partOf,Elitserien,2012–13 Elitserien (men's handball)
2012–13 Elitserien (men's handball),startDate,2012-09-26,2012–13 Elitserien (men's handball)
2012–13 Elitserien (men's handball),endDate,2013-04-28,2012–13 Elitserien (men's handball)
2012–13 Elitserien (men's handball),numberOfTeams,14,2012–13 Elitserien (men's handball)
2012–13 Elitserien (men's handball),competition,Handball,2012–13 Elitserien (men's handball)
2012–13 Elitserien (men's handball),country,Sweden,2012–13 Elitserien (men's handball)
2012–13 Elitserien (men's handball),previousSeason,2011–12 Elitserien (men's handball),2012–13 Elitserien (men's handball)
2012–13 Elitserien (men's handball),nextSeason,2013–14 Elitserien (men's handball),2012–13 Elitserien (men's handball)
subject,predicate,object,2014 Campeonato Brasileiro Série A
2014 Campeonato Brasileiro Série A,instanceOf,sports season,2014 Campeonato Brasileiro Série A
2014 Campeonato Brasileiro Série A,partOf,2014 in Brazilian football,2014 Campeonato Brasileiro Série A
2014 Campeonato Brasileiro Série A,partOf,Campeonato Brasileiro Série A,2014 Campeonato Brasileiro Série A
2014 Campeonato Brasileiro Série A,startDate,2014-05-08,2014 Campeonato Brasileiro Série A
2014 Campeonato Brasileiro Série A,endDate,2014-12-07,2014 Campeonato Brasileiro Série A
2014 Campeonato Brasileiro Série A,numberOfTeams,18,2014 Campeonato Brasileiro Série A
2014 Campeonato Brasileiro Série A,winner,Cruzeiro,2014 Campeonato Brasileiro Série A
2014 Campeonato Brasileiro Série A,runner-up,São Paulo,2014 Campeonato Brasileiro Série A
2014 Campeonato Brasileiro Série A,topScorer,Fred,2014 Campeonato Brasileiro Série A
2014 Campeonato Brasileiro Série A,topScorer,Graja,2014 Campeonato Brasileiro Série A
2014 Campeonato Brasileiro Série A,relegated,Vitória,2014 Campeonato Brasileiro Série A
2014 Campeonato Brasileiro Série A,relegated,Avaí,2014 Campeonato Brasileiro Série A
2014 Campeonato Brasileiro Série A,relegated,Botafogo,2014 Campeonato Brasileiro Série A
2014 Campeonato Brasileiro Série A,participant,Corinthians,2014 Campeonato Brasileiro Série A
2014 Campeonato Brasileiro Série A,participant,Flamengo,2014 Campeonato Brasileiro Série A
2014 Campeonato Brasileiro Série A,participant,Grêmio,2014 Campeonato Brasileiro Série A
2014 Campeonato Brasileiro Série A,participant,Internacional,2014 Campeonato Brasileiro Série A
subject,predicate,object,2010 Damghan earthquake
2012 World Snooker Championship,instanceOf,Snooker tournament,2012 World Snooker Championship
2012 World Snooker Championship,startDate,2012-04-21,2012 World Snooker Championship
2012 World Snooker Championship,endDate,2012-05-01,2012 World Snooker Championship
2012 World Snooker Championship,location,Crucible Theatre,2012 World Snooker Championship
2012 World Snooker Championship,winner,Ronnie O'Sullivan,2012 World Snooker Championship
2012 World Snooker Championship,runner-up,Judd Trump,2012 World Snooker Championship
2012 World Snooker Championship,score,18-13,2012 World Snooker Championship
2012 World Snooker Championship,prize,"£450,000",2012 World Snooker Championship
2012 World Snooker Championship,sponsor,Betfred,2012 World Snooker Championship
2012 World Snooker Championship,referee,Mike Piper,2012 World Snooker Championship
subject,predicate,object,Timeline of the COVID-19 pandemic in October 2022
2021 World Wrestling Championships – Women's freestyle 62 kg,instanceOf,Wrestling competition,2021 World Wrestling Championships – Women's freestyle 62 kg
2021 World Wrestling Championships – Women's freestyle 62 kg,partOf,2021 World Wrestling Championships,2021 World Wrestling Championships – Women's freestyle 62 kg
2021 World Wrestling Championships – Women's freestyle 62 kg,hasWeightClass,62 kg,2021 World Wrestling Championships – Women's freestyle 62 kg
2021 World Wrestling Championships – Women's freestyle 62 kg,hasCompetitionType,Women's freestyle,2021 World Wrestling Championships – Women's freestyle 62 kg
2021 World Wrestling Championships – Women's freestyle 62 kg,location,"Oslo, Norway",2021 World Wrestling Championships – Women's freestyle 62 kg
2021 World Wrestling Championships – Women's freestyle 62 kg,startDate,2021-10-08,2021 World Wrestling Championships – Women's freestyle 62 kg
2021 World Wrestling Championships – Women's freestyle 62 kg,endDate,2021-10-17,2021 World Wrestling Championships – Women's freestyle 62 kg
2021 World Wrestling Championships – Women's freestyle 62 kg,winner,Ami Issaka,2021 World Wrestling Championships – Women's freestyle 62 kg
2021 World Wrestling Championships – Women's freestyle 62 kg,runner-up,Lidiia Sobal,2021 World Wrestling Championships – Women's freestyle 62 kg
2021 World Wrestling Championships – Women's freestyle 62 kg,bronzeMedalist,Nathaly Román,2021 World Wrestling Championships – Women's freestyle 62 kg
2021 World Wrestling Championships – Women's freestyle 62 kg,bronzeMedalist,Tetyana Khaptatey,2021 World Wrestling Championships – Women's freestyle 62 kg
Paint the Town Red (video game),instanceOf,video game,Paint the Town Red (video game)
Paint the Town Red (video game),genre,sandbox game,Paint the Town Red (video game)
Paint the Town Red (video game),developer,Sprout Games,Paint the Town Red (video game)
Paint the Town Red (video game),publisher,Sprout Games,Paint the Town Red (video game)
Paint the Town Red (video game),releaseDate,2020-12-15,Paint the Town Red (video game)
Paint the Town Red (video game),platform,Microsoft Windows,Paint the Town Red (video game)
Paint the Town Red (video game),platform,macOS,Paint the Town Red (video game)
Paint the Town Red (video game),platform,Linux,Paint the Town Red (video game)
Paint the Town Red (video game),mode,single-player video game,Paint the Town Red (video game)
Paint the Town Red (video game),gameplay,first-person shooter,Paint the Town Red (video game)
Interview with a Hitman,instanceOf,Film,Interview with a Hitman
Interview with a Hitman,instanceOf,Media,Interview with a Hitman
Interview with a Hitman,releasedIn,1993,Interview with a Hitman
Interview with a Hitman,director,Peter Sellers,Interview with a Hitman
Interview with a Hitman,starring,Rutger Hauer,Interview with a Hitman
Interview with a Hitman,starring,Kiefer Sutherland,Interview with a Hitman
Interview with a Hitman,basedOn,Novel,Interview with a Hitman
Interview with a Hitman,basedOn,The Hitman,Interview with a Hitman
Interview with a Hitman,genre,Thriller,Interview with a Hitman
Interview with a Hitman,genre,Drama,Interview with a Hitman
Interview with a Hitman,language,English,Interview with a Hitman
The Blues Brothers: Jukebox Adventure,instanceOf,Video Game,The Blues Brothers: Jukebox Adventure
The Blues Brothers: Jukebox Adventure,genre,Adventure Game,The Blues Brothers: Jukebox Adventure
The Blues Brothers: Jukebox Adventure,genre,Music Game,The Blues Brothers: Jukebox Adventure
The Blues Brothers: Jukebox Adventure,basedOn,The Blues Brothers,The Blues Brothers: Jukebox Adventure
The Blues Brothers: Jukebox Adventure,platform,PlayStation,The Blues Brothers: Jukebox Adventure
The Blues Brothers: Jukebox Adventure,releaseDate,2002-11-05,The Blues Brothers: Jukebox Adventure
The Blues Brothers: Jukebox Adventure,developer,Backbone Entertainment,The Blues Brothers: Jukebox Adventure
The Blues Brothers: Jukebox Adventure,publisher,Vivendi Universal Games,The Blues Brothers: Jukebox Adventure
The Blues Brothers: Jukebox Adventure,character,Jake Blues,The Blues Brothers: Jukebox Adventure
The Blues Brothers: Jukebox Adventure,character,Elwood Blues,The Blues Brothers: Jukebox Adventure
subject,predicate,object,Io sì (Seen)
subject,predicate,object,Everybody Loves Raymond season 8
subject,predicate,object,"Alone, Pt. II"
subject,predicate,object,Assassination Classroom
Assassination Classroom,instanceOf,manga series,Assassination Classroom
Assassination Classroom,instanceOf,anime series,Assassination Classroom
Assassination Classroom,createdBy,Yusei Matsui,Assassination Classroom
Assassination Classroom,publishedBy,Shueisha,Assassination Classroom
Assassination Classroom,publishedIn,Weekly Shonen Jump,Assassination Classroom
Assassination Classroom,publishedIn,Jump Square,Assassination Classroom
Assassination Classroom,genre,action,Assassination Classroom
Assassination Classroom,genre,comedy,Assassination Classroom
Assassination Classroom,genre,science fiction,Assassination Classroom
Assassination Classroom,award,Shogakukan Manga Award,Assassination Classroom
Assassination Classroom,premiereDate,2012-07-09,Assassination Classroom
Assassination Classroom,endDate,2016-02-03,Assassination Classroom
Assassination Classroom,numberOfVolumes,21,Assassination Classroom
Assassination Classroom,protagonist,Korosensei,Assassination Classroom
Assassination Classroom,protagonist,Nagisa Shiota,Assassination Classroom
Assassination Classroom,school,Koro-sensei Q,Assassination Classroom
Assassination Classroom,target,Moon,Assassination Classroom
Assassination Classroom,plotSummary,A class of high school students are tasked with assassinating their alien teacher,Assassination Classroom
Assassination Classroom,licensedBy,VIZ Media,Assassination Classroom
Assassination Classroom,licensedBy,Funimation,Assassination Classroom
Assassination Classroom,TV series,Assassination Classroom (TV series),Assassination Classroom
Assassination Classroom,movie,Assassination Classroom (film),Assassination Classroom
subject,predicate,object,Ben 10 (2016 TV series)
Ben 10 (2016 TV series),instanceOf,Television series,Ben 10 (2016 TV series)
Ben 10 (2016 TV series),basedOn,Ben 10,Ben 10 (2016 TV series)
Ben 10 (2016 TV series),creator,Man of Action,Ben 10 (2016 TV series)
Ben 10 (2016 TV series),producer,Scholastic Productions,Ben 10 (2016 TV series)
Ben 10 (2016 TV series),distributor,Cartoon Network Studios,Ben 10 (2016 TV series)
Ben 10 (2016 TV series),network,Cartoon Network,Ben 10 (2016 TV series)
Ben 10 (2016 TV series),premiereDate,2016-12-02,Ben 10 (2016 TV series)
Ben 10 (2016 TV series),runtime,11 minutes,Ben 10 (2016 TV series)
Ben 10 (2016 TV series),numberOfSeasons,4,Ben 10 (2016 TV series)
Ben 10 (2016 TV series),numberOfEpisodes,160,Ben 10 (2016 TV series)
Ben 10 (2016 TV series),mainCharacter,Ben Tennyson,Ben 10 (2016 TV series)
Ben 10 (2016 TV series),alsoKnownAs,Ben 10 (2016 animated series),Ben 10 (2016 TV series)
Ben 10 (2016 TV series),genre,Action,Ben 10 (2016 TV series)
Ben 10 (2016 TV series),genre,Adventure,Ben 10 (2016 TV series)
Ben 10 (2016 TV series),genre,Comedy,Ben 10 (2016 TV series)
Ben 10 (2016 TV series),country,United States,Ben 10 (2016 TV series)
Ben 10 (2016 TV series),country,Canada,Ben 10 (2016 TV series)
Ben 10 (2016 TV series),language,English,Ben 10 (2016 TV series)
Wishlist (Abbott Elementary),instanceOf,TV series episode,Wishlist (Abbott Elementary)
Wishlist (Abbott Elementary),partOf,Abbott Elementary,Wishlist (Abbott Elementary)
Wishlist (Abbott Elementary),title,Wishlist,Wishlist (Abbott Elementary)
Wishlist (Abbott Elementary),series,Abbott Elementary,Wishlist (Abbott Elementary)
Wishlist (Abbott Elementary),genre,Comedy-drama,Wishlist (Abbott Elementary)
Wishlist (Abbott Elementary),director,Kenya Barris,Wishlist (Abbott Elementary)
Wishlist (Abbott Elementary),writer,Quinta Brunson,Wishlist (Abbott Elementary)
Wishlist (Abbott Elementary),productionCompany,ABC Studios,Wishlist (Abbott Elementary)
Wishlist (Abbott Elementary),distributor,Disney Media and Entertainment Distribution,Wishlist (Abbott Elementary)
subject,predicate,object,Dum (2003 Hindi film)
When Love Is Young,instanceOf,Song,When Love Is Young
When Love Is Young,artist,Melanie Martinez,When Love Is Young
When Love Is Young,released,2019,When Love Is Young
When Love Is Young,album,Portals,When Love Is Young
When Love Is Young,genre,Pop,When Love Is Young
When Love Is Young,genre,Electronic,When Love Is Young
When Love Is Young,composer,Melanie Martinez,When Love Is Young
When Love Is Young,producer,Melanie Martinez,When Love Is Young
Higher (Deborah Cox song),instanceOf,song,Higher (Deborah Cox song)
Higher (Deborah Cox song),artist,Deborah Cox,Higher (Deborah Cox song)
Higher (Deborah Cox song),released,1999,Higher (Deborah Cox song)
Higher (Deborah Cox song),genre,R&B,Higher (Deborah Cox song)
Higher (Deborah Cox song),genre,pop,Higher (Deborah Cox song)
Higher (Deborah Cox song),album,One Way Ticket,Higher (Deborah Cox song)
Higher (Deborah Cox song),producer,R. Kelly,Higher (Deborah Cox song)
subject,predicate,object,Il ritmo delle cose
Something More (1999 film),instanceOf,film,Something More (1999 film)
Something More (1999 film),publicationDate,1999,Something More (1999 film)
Something More (1999 film),director,Krzysztof Zanussi,Something More (1999 film)
Something More (1999 film),starring,Aleksandra Zatorska,Something More (1999 film)
Something More (1999 film),starring,Katarzyna Dąbrowska,Something More (1999 film)
Something More (1999 film),country,Poland,Something More (1999 film)
Something More (1999 film),genre,drama,Something More (1999 film)
Something More (1999 film),language,Polish,Something More (1999 film)
View of the Cannaregio Canal,instanceOf,painting,View of the Cannaregio Canal
View of the Cannaregio Canal,creator,Giovanni Antonio Canal,View of the Cannaregio Canal
View of the Cannaregio Canal,dateCreated,1730s,View of the Cannaregio Canal
View of the Cannaregio Canal,partOf,collection,View of the Cannaregio Canal
View of the Cannaregio Canal,materialUsed,canvas,View of the Cannaregio Canal
View of the Cannaregio Canal,depicts,Cannaregio Canal,View of the Cannaregio Canal
View of the Cannaregio Canal,location,museum,View of the Cannaregio Canal
View of the Cannaregio Canal,genre,landscape,View of the Cannaregio Canal
View of the Cannaregio Canal,movement,Veduta,View of the Cannaregio Canal
View of the Cannaregio Canal,basedOn,real world,View of the Cannaregio Canal
Lost in Random,instanceOf,Video Game,Lost in Random
Lost in Random,genre,Action-Adventure Game,Lost in Random
Lost in Random,genre,Roguelike,Lost in Random
Lost in Random,developer,Indefatigable,Lost in Random
Lost in Random,publisher,MechaTurtle,Lost in Random
Lost in Random,releaseDate,2021-08-05,Lost in Random
Lost in Random,platform,PlayStation 4,Lost in Random
Lost in Random,platform,Microsoft Windows,Lost in Random
Lost in Random,platform,Nintendo Switch,Lost in Random
Lost in Random,criticalReception,Positive,Lost in Random
Shield for Murder,instanceOf,Film,Shield for Murder
Shield for Murder,genre,Drama,Shield for Murder
Shield for Murder,genre,Thriller,Shield for Murder
Shield for Murder,director,László Benedek,Shield for Murder
Shield for Murder,starring,Burt Lancaster,Shield for Murder
Shield for Murder,starring,Ella Fitzgerald,Shield for Murder
Shield for Murder,starring,Edith Head,Shield for Murder
Shield for Murder,releaseDate,1954-07-09,Shield for Murder
Shield for Murder,runtime,89 minutes,Shield for Murder
Little Earthquakes – The B-Sides,instanceOf,Music Album,Little Earthquakes – The B-Sides
Little Earthquakes – The B-Sides,releaseDate,1992-10-27,Little Earthquakes – The B-Sides
Little Earthquakes – The B-Sides,artist,All About Eve,Little Earthquakes – The B-Sides
Little Earthquakes – The B-Sides,genre,Rock Music,Little Earthquakes – The B-Sides
Little Earthquakes – The B-Sides,genre,Alternative Rock,Little Earthquakes – The B-Sides
Little Earthquakes – The B-Sides,recordLabel,RCA Records,Little Earthquakes – The B-Sides
Little Earthquakes – The B-Sides,albumRating,78,Little Earthquakes – The B-Sides
Little Earthquakes – The B-Sides,numberOfTracks,12,Little Earthquakes – The B-Sides
Little Earthquakes – The B-Sides,productionStyle,B-side,Little Earthquakes – The B-Sides
Little Earthquakes – The B-Sides,partOf,Little Earthquakes,Little Earthquakes – The B-Sides
subject,predicate,object,Invisibles (2018 film)
Invisibles (2018 film),instanceOf,film,Invisibles (2018 film)
Invisibles (2018 film),genre,biographical drama film,Invisibles (2018 film)
Invisibles (2018 film),director,Danielle Arbid,Invisibles (2018 film)
Invisibles (2018 film),producer,Cécile Telerman,Invisibles (2018 film)
Invisibles (2018 film),basedOn,The Invisibles,Invisibles (2018 film)
Invisibles (2018 film),publicationDate,2019-09-11,Invisibles (2018 film)
Invisibles (2018 film),countryOfOrigin,France,Invisibles (2018 film)
Invisibles (2018 film),language,French,Invisibles (2018 film)
Invisibles (2018 film),starring,Adèle Haenel,Invisibles (2018 film)
Invisibles (2018 film),starring,Matthieu Kassif,Invisibles (2018 film)
Invisibles (2018 film),starring,Daouda Badialo,Invisibles (2018 film)
Invisibles (2018 film),award,César Award for Best Film,Invisibles (2018 film)
Invisibles (2018 film),award,César Award for Best Director,Invisibles (2018 film)
Invisibles (2018 film),award,César Award for Best Actor,Invisibles (2018 film)
Invisibles (2018 film),narrativeSetting,Paris,Invisibles (2018 film)
Piper (film),instanceOf,film,Piper (film)
Piper (film),director,Peter Lord,Piper (film)
Piper (film),releaseDate,2016-06-17,Piper (film)
Piper (film),runtime,81 minutes,Piper (film)
Piper (film),genre,animated film,Piper (film)
Piper (film),genre,adventure film,Piper (film)
Piper (film),genre,comedy film,Piper (film)
Piper (film),producer,Peter Lord,Piper (film)
Piper (film),producer,Phil Knight,Piper (film)
Piper (film),starring,voiced by Anna Gunderson,Piper (film)
Piper (film),starring,voiced by Renée Elise Goldsberry,Piper (film)
Piper (film),starring,voiced by Jordan Peele,Piper (film)
Piper (film),starring,voiced by Bill Melendez,Piper (film)
Piper (film),award,Academy Award for Best Animated Short Film,Piper (film)
Piper (film),nomination,Golden Globe Award for Best Animated Short Film,Piper (film)
Dream 6 (EP),instanceOf,EP,Dream 6 (EP)
Dream 6 (EP),released,2004-03-23,Dream 6 (EP)
Dream 6 (EP),artist,Dream,Dream 6 (EP)
Dream 6 (EP),genre,K-pop,Dream 6 (EP)
Dream 6 (EP),recordLabel,SM Entertainment,Dream 6 (EP)
The Skat Players,instanceOf,painting,The Skat Players
The Skat Players,creator,Otto Dix,The Skat Players
The Skat Players,depicts,people playing cards,The Skat Players
The Skat Players,basedOn,The Card Players,The Skat Players
The Skat Players,movement,New Objectivity,The Skat Players
The Skat Players,year,1920,The Skat Players
The Skat Players,material,oil on canvas,The Skat Players
The Skat Players,location,Museum of Modern Art,The Skat Players
2PM Best: 2008–2011 in Korea,instanceOf,Music Album,2PM Best: 2008–2011 in Korea
2PM Best: 2008–2011 in Korea,partOf,2PM,2PM Best: 2008–2011 in Korea
2PM Best: 2008–2011 in Korea,releaseDate,2012-06-25,2PM Best: 2008–2011 in Korea
2PM Best: 2008–2011 in Korea,language,Korean,2PM Best: 2008–2011 in Korea
2PM Best: 2008–2011 in Korea,genre,K-pop,2PM Best: 2008–2011 in Korea
2PM Best: 2008–2011 in Korea,producer,J.Y. Park,2PM Best: 2008–2011 in Korea
2PM Best: 2008–2011 in Korea,recordLabel,JYP Entertainment,2PM Best: 2008–2011 in Korea
Last Shop Standing (film),instanceOf,film,Last Shop Standing (film)
Last Shop Standing (film),title,Last Shop Standing,Last Shop Standing (film)
Last Shop Standing (film),genre,comedy,Last Shop Standing (film)
Last Shop Standing (film),genre,drama,Last Shop Standing (film)
Last Shop Standing (film),director,Marcus Dunstan,Last Shop Standing (film)
Last Shop Standing (film),starring,Robert Llewellyn,Last Shop Standing (film)
Last Shop Standing (film),starring,Toby Jones,Last Shop Standing (film)
Last Shop Standing (film),starring,Jim Broadbent,Last Shop Standing (film)
Last Shop Standing (film),releaseDate,2007,Last Shop Standing (film)
Last Shop Standing (film),country,United Kingdom,Last Shop Standing (film)
Best of Vocal Works (nZk),instanceOf,Music Compilation,Best of Vocal Works (nZk)
Best of Vocal Works (nZk),partOf,Vocal Works,Best of Vocal Works (nZk)
Best of Vocal Works (nZk),releasedIn,2014,Best of Vocal Works (nZk)
Best of Vocal Works (nZk),releasedBy,nZk,Best of Vocal Works (nZk)
Best of Vocal Works (nZk),genre,Electronic,Best of Vocal Works (nZk)
Best of Vocal Works (nZk),genre,Experimental,Best of Vocal Works (nZk)
Best of Vocal Works (nZk),format,CD,Best of Vocal Works (nZk)
Best of Vocal Works (nZk),format,Digital Distribution,Best of Vocal Works (nZk)
subject,predicate,object,200 (film)
Railway Children (film),instanceOf,film,Railway Children (film)
Railway Children (film),genre,family film,Railway Children (film)
Railway Children (film),genre,drama film,Railway Children (film)
Railway Children (film),director,Duff Cooper,Railway Children (film)
Railway Children (film),basedOn,The Railway Children,Railway Children (film)
Railway Children (film),basedOn,The Railway Children by E. Nesbit,Railway Children (film)
Railway Children (film),producer,Duff Cooper,Railway Children (film)
Railway Children (film),starring,Ellen Moxam,Railway Children (film)
Railway Children (film),starring,Iain Glen,Railway Children (film)
Railway Children (film),starring,Sandra Mould,Railway Children (film)
Railway Children (film),starring,Jill Baker,Railway Children (film)
Railway Children (film),starring,Ray Winstone,Railway Children (film)
Railway Children (film),country,United Kingdom,Railway Children (film)
Railway Children (film),language,English,Railway Children (film)
Railway Children (film),releaseDate,1994,Railway Children (film)
Railway Children (film),runtime,95 minutes,Railway Children (film)
subject,predicate,object,Equestrian Portrait of Philip III
Dear America: Letters Home from Vietnam,instanceOf,book,Dear America: Letters Home from Vietnam
Dear America: Letters Home from Vietnam,author,Hedley Smyth,Dear America: Letters Home from Vietnam
Dear America: Letters Home from Vietnam,publisher,Times Books,Dear America: Letters Home from Vietnam
Dear America: Letters Home from Vietnam,publicationDate,2005,Dear America: Letters Home from Vietnam
Dear America: Letters Home from Vietnam,subject,Vietnam War,Dear America: Letters Home from Vietnam
Dear America: Letters Home from Vietnam,subject,letters,Dear America: Letters Home from Vietnam
Dear America: Letters Home from Vietnam,subject,history,Dear America: Letters Home from Vietnam
Dear America: Letters Home from Vietnam,ISBN,978-0805066753,Dear America: Letters Home from Vietnam
Dear America: Letters Home from Vietnam,language,English,Dear America: Letters Home from Vietnam
subject,predicate,object,Garo: Gold Storm Sho
The Golden Days are Over,instanceOf,album,The Golden Days are Over
The Golden Days are Over,hasArtist,Florence + The Machine,The Golden Days are Over
The Golden Days are Over,released,2008-11-11,The Golden Days are Over
The Golden Days are Over,genre,Indie rock,The Golden Days are Over
The Golden Days are Over,genre,Baroque pop,The Golden Days are Over
The Golden Days are Over,genre,Symphonic rock,The Golden Days are Over
The Golden Days are Over,producer,Robbie Robertson,The Golden Days are Over
The Golden Days are Over,producer,Florence Welch,The Golden Days are Over
The Golden Days are Over,producer,Dev Hynes,The Golden Days are Over
The Golden Days are Over,producer,Paul Epworth,The Golden Days are Over
All Nerve,instanceOf,Album,All Nerve
All Nerve,released,2019-04-12,All Nerve
All Nerve,artist,The Breeders,All Nerve
All Nerve,genre,Alternative rock,All Nerve
All Nerve,genre,Indie rock,All Nerve
All Nerve,producer,Luke Doucenski,All Nerve
All Nerve,recorded,2017-2018,All Nerve
All Nerve,studio,Inner Ear Studio,All Nerve
All Nerve,studio,Kung Fu Bakery,All Nerve
All Nerve,studio,Soda Bar,All Nerve
The Breeders,hasPart,All Nerve,All Nerve
subject,predicate,object,Wanted: A Husband
Wanted: A Husband,instanceOf,Film,Wanted: A Husband
Wanted: A Husband,genre,Romantic Comedy,Wanted: A Husband
Wanted: A Husband,director,Karen Arthur,Wanted: A Husband
Wanted: A Husband,starring,Sally Field,Wanted: A Husband
Wanted: A Husband,starring,Paul Newman,Wanted: A Husband
Wanted: A Husband,starring,Robert Redford,Wanted: A Husband
Wanted: A Husband,releaseYear,1986,Wanted: A Husband
Wanted: A Husband,runtime,129 minutes,Wanted: A Husband
Wanted: A Husband,country,USA,Wanted: A Husband
Dhoorathu Pachai,instanceOf,Tamil language television series,Dhoorathu Pachai
Dhoorathu Pachai,genre,Soap opera,Dhoorathu Pachai
Dhoorathu Pachai,countryOfOrigin,India,Dhoorathu Pachai
Dhoorathu Pachai,language,Tamil,Dhoorathu Pachai
Dhoorathu Pachai,network,Zee Tamil,Dhoorathu Pachai
Dhoorathu Pachai,starring,Sathish,Dhoorathu Pachai
Dhoorathu Pachai,starring,Malavika,Dhoorathu Pachai
Dhoorathu Pachai,director,A. V. Prabhakar,Dhoorathu Pachai
Dhoorathu Pachai,producer,M. Rajendran,Dhoorathu Pachai
Dhoorathu Pachai,productionCompany,Zee Entertainment Enterprises,Dhoorathu Pachai
The Traitors (Australian TV series),instanceOf,Australian television series,The Traitors (Australian TV series)
The Traitors (Australian TV series),genre,Reality television,The Traitors (Australian TV series)
The Traitors (Australian TV series),countryOfOrigin,Australia,The Traitors (Australian TV series)
The Traitors (Australian TV series),language,English,The Traitors (Australian TV series)
The Traitors (Australian TV series),numberOfSeasons,1,The Traitors (Australian TV series)
The Traitors (Australian TV series),numberOfEpisodes,10,The Traitors (Australian TV series)
The Traitors (Australian TV series),broadcaster,Network 10,The Traitors (Australian TV series)
The Traitors (Australian TV series),presenter,Celia Bannerman,The Traitors (Australian TV series)
The Traitors (Australian TV series),producer,Endemol Shine Group,The Traitors (Australian TV series)
The Traitors (Australian TV series),format,The Traitors,The Traitors (Australian TV series)
The Traitors (Australian TV series),premiereDate,2021-10-13,The Traitors (Australian TV series)
The Traitors (Australian TV series),endDate,2021-12-15,The Traitors (Australian TV series)
Magkaibigan,instanceOf,Philippine television series,Magkaibigan
Magkaibigan,genre,Drama,Magkaibigan
Magkaibigan,countryOfOrigin,Philippines,Magkaibigan
Magkaibigan,language,Filipino,Magkaibigan
Magkaibigan,starring,Enchong De Peralta,Magkaibigan
Magkaibigan,starring,Andoy Ranay,Magkaibigan
Magkaibigan,starring,Randy Santos,Magkaibigan
Magkaibigan,starring,Marvin Matibag,Magkaibigan
Magkaibigan,starring,DJ Durano,Magkaibigan
Magkaibigan,network,GMA Network,Magkaibigan
Magkaibigan,premiereDate,2005-05-01,Magkaibigan
The Watering Trough at Marly with Hoarfrost,instanceOf,painting,The Watering Trough at Marly with Hoarfrost
The Watering Trough at Marly with Hoarfrost,creator,Jean-François Millet,The Watering Trough at Marly with Hoarfrost
The Watering Trough at Marly with Hoarfrost,dateCreated,1867,The Watering Trough at Marly with Hoarfrost
The Watering Trough at Marly with Hoarfrost,depicts,watering trough,The Watering Trough at Marly with Hoarfrost
The Watering Trough at Marly with Hoarfrost,depicts,hoarfrost,The Watering Trough at Marly with Hoarfrost
The Watering Trough at Marly with Hoarfrost,collection,Musée d'Orsay,The Watering Trough at Marly with Hoarfrost
The Watering Trough at Marly with Hoarfrost,location,Musée d'Orsay,The Watering Trough at Marly with Hoarfrost
Zero Bridge (film),instanceOf,Film,Zero Bridge (film)
Zero Bridge (film),genre,Drama,Zero Bridge (film)
Zero Bridge (film),genre,Thriller,Zero Bridge (film)
Zero Bridge (film),director,Aamir Bashir,Zero Bridge (film)
Zero Bridge (film),producer,Aamir Bashir,Zero Bridge (film)
Zero Bridge (film),writer,Aamir Bashir,Zero Bridge (film)
Zero Bridge (film),starring,Ayesha Takia,Zero Bridge (film)
Zero Bridge (film),starring,Nassar,Zero Bridge (film)
Zero Bridge (film),starring,Sanjay Suri,Zero Bridge (film)
Zero Bridge (film),releaseDate,2003-05-23,Zero Bridge (film)
Zero Bridge (film),country,India,Zero Bridge (film)
Zero Bridge (film),language,Urdu,Zero Bridge (film)
Zero Bridge (film),language,English,Zero Bridge (film)
subject,predicate,object,Out of the Woods (Tracey Thorn album)
Artemis Fowl (film),instanceOf,film,Artemis Fowl (film)
Artemis Fowl (film),basedOn,Artemis Fowl,Artemis Fowl (film)
Artemis Fowl (film),director,Joael Zwick,Artemis Fowl (film)
Artemis Fowl (film),producer,Bryan Burk,Artemis Fowl (film)
Artemis Fowl (film),producer,Alan Horn,Artemis Fowl (film)
Artemis Fowl (film),starring,Jude Law,Artemis Fowl (film)
Artemis Fowl (film),starring,Liam Hemsworth,Artemis Fowl (film)
Artemis Fowl (film),starring,Colin Farrell,Artemis Fowl (film)
Artemis Fowl (film),starring,Rosie Ruffalo,Artemis Fowl (film)
Artemis Fowl (film),starring,Jemima Powell,Artemis Fowl (film)
Artemis Fowl (film),starring,Tom Holland,Artemis Fowl (film)
Artemis Fowl (film),releaseDate,2020-05-22,Artemis Fowl (film)
Artemis Fowl (film),runtime,95 minutes,Artemis Fowl (film)
Artemis Fowl (film),genre,Adventure,Artemis Fowl (film)
Artemis Fowl (film),genre,Family,Artemis Fowl (film)
Artemis Fowl (film),genre,Fantasy,Artemis Fowl (film)
Artemis Fowl (film),country,United States,Artemis Fowl (film)
Artemis Fowl (film),country,Ireland,Artemis Fowl (film)
Artemis Fowl (film),language,English,Artemis Fowl (film)
Artemis Fowl (film),budget,$80-120 million,Artemis Fowl (film)
Artemis Fowl (film),distributor,Walt Disney Studios Motion Pictures,Artemis Fowl (film)
One Shot (EP),instanceOf,EP,One Shot (EP)
One Shot (EP),artist,Girls' Generation,One Shot (EP)
One Shot (EP),releaseDate,2010-09-14,One Shot (EP)
One Shot (EP),genre,K-pop,One Shot (EP)
One Shot (EP),language,Korean,One Shot (EP)
One Shot (EP),partOf,Girls' Generation discography,One Shot (EP)
Count to Four,instanceOf,Album,Count to Four
Count to Four,released,2008-10-14,Count to Four
Count to Four,recordedAt,Barclay Studio,Count to Four
Count to Four,recordedAt,Planned Sound,Count to Four
Count to Four,recordedAt,The Dungeon,Count to Four
Count to Four,artist,The Dillinger Escape Plan,Count to Four
Count to Four,genre,Progressive metal,Count to Four
Count to Four,genre,Mathcore,Count to Four
Count to Four,genre,Hardcore punk,Count to Four
Count to Four,producer,Steve Evetts,Count to Four
Revue d'Action française,instanceOf,periodical,Revue d'Action française
Revue d'Action française,language,French,Revue d'Action française
Revue d'Action française,publisher,Action française,Revue d'Action française
Revue d'Action française,subject,politics,Revue d'Action française
Revue d'Action française,subject,nationalism,Revue d'Action française
Revue d'Action française,founder,Charles Maurras,Revue d'Action française
Revue d'Action française,influencedBy,Charles Maurras,Revue d'Action française
Revue d'Action française,ideology,nationalism,Revue d'Action française
Revue d'Action française,ideology,monarchism,Revue d'Action française
Revue d'Action française,headquarteredIn,France,Revue d'Action française
subject,predicate,object,Silent Hill: The Short Message
The Vision of Saint Eustace (Carracci),instanceOf,painting,The Vision of Saint Eustace (Carracci)
The Vision of Saint Eustace (Carracci),creator,Annibale Carracci,The Vision of Saint Eustace (Carracci)
The Vision of Saint Eustace (Carracci),date,1590-1595,The Vision of Saint Eustace (Carracci)
The Vision of Saint Eustace (Carracci),material,oil on canvas,The Vision of Saint Eustace (Carracci)
The Vision of Saint Eustace (Carracci),collection,Pinacoteca di Bologna,The Vision of Saint Eustace (Carracci)
The Vision of Saint Eustace (Carracci),depicts,Eustace,The Vision of Saint Eustace (Carracci)
The Vision of Saint Eustace (Carracci),genre,religious art,The Vision of Saint Eustace (Carracci)
The Vision of Saint Eustace (Carracci),movement,Baroque,The Vision of Saint Eustace (Carracci)
The Vision of Saint Eustace (Carracci),basedOn,The Vision of Saint Eustace,The Vision of Saint Eustace (Carracci)
A Place Further than the Universe,instanceOf,Anime,A Place Further than the Universe
A Place Further than the Universe,genre,Science Fiction,A Place Further than the Universe
A Place Further than the Universe,genre,Slice of Life,A Place Further than the Universe
A Place Further than the Universe,creator,Keiichiro Kawaguchi,A Place Further than the Universe
A Place Further than the Universe,composer,Yoshiki,A Place Further than the Universe
A Place Further than the Universe,producer,Keiichiro Kawaguchi,A Place Further than the Universe
A Place Further than the Universe,starring,Sora Amamiya,A Place Further than the Universe
A Place Further than the Universe,starring,Risa Taneda,A Place Further than the Universe
A Place Further than the Universe,starring,Kikuko Inoue,A Place Further than the Universe
A Place Further than the Universe,starring,Ami Koshimizu,A Place Further than the Universe
A Place Further than the Universe,premiereDate,"January 11, 2018",A Place Further than the Universe
A Place Further than the Universe,numberOfEpisodes,13,A Place Further than the Universe
A Place Further than the Universe,productionCompany,Madhouse,A Place Further than the Universe
A Place Further than the Universe,distributor,AT-X,A Place Further than the Universe
subject,predicate,object,Pretend (album)
Pretend (album),instanceOf,album,Pretend (album)
Pretend (album),partOf,The Moody Blues,Pretend (album)
Pretend (album),released,1981-04-14,Pretend (album)
Pretend (album),recorded,1980-1981,Pretend (album)
Pretend (album),genre,rock,Pretend (album)
Pretend (album),genre,pop,Pretend (album)
Pretend (album),producer,Tony Clarke,Pretend (album)
Pretend (album),producer,The Moody Blues,Pretend (album)
Pretend (album),precededBy,The Shame of the Past,Pretend (album)
Pretend (album),followedBy,The Dreaming (The Moody Blues album),Pretend (album)
Pretend (album),language,English,Pretend (album)
Motive (TV series),instanceOf,Television series,Motive (TV series)
Motive (TV series),genre,Crime drama,Motive (TV series)
Motive (TV series),countryOfOrigin,Canada,Motive (TV series)
Motive (TV series),language,English,Motive (TV series)
Motive (TV series),premiereDate,"March 3, 2013",Motive (TV series)
Motive (TV series),endDate,"June 23, 2016",Motive (TV series)
Motive (TV series),numberOfSeasons,4,Motive (TV series)
Motive (TV series),numberOfEpisodes,46,Motive (TV series)
Motive (TV series),productionCompany,New Metric Media,Motive (TV series)
Motive (TV series),productionCompany,Sphere Media Plus,Motive (TV series)
Motive (TV series),distributor,Universal Television,Motive (TV series)
Motive (TV series),mainActor,Daniel Sunjata,Motive (TV series)
Motive (TV series),mainActor,Karen Cliche,Motive (TV series)
Motive (TV series),mainActor,Alyssa Diaz,Motive (TV series)
Motive (TV series),mainActor,Meaghan Rath,Motive (TV series)
subject,predicate,object,The Menu (2022 film)
The Menu (2022 film),instanceOf,film,The Menu (2022 film)
The Menu (2022 film),releaseDate,2022-11-18,The Menu (2022 film)
The Menu (2022 film),director,Mark Mylod,The Menu (2022 film)
The Menu (2022 film),starring,Ralph Fiennes,The Menu (2022 film)
The Menu (2022 film),starring,Naomi Ackie,The Menu (2022 film)
The Menu (2022 film),starring,Jason Isaacs,The Menu (2022 film)
The Menu (2022 film),starring,Janet McTeer,The Menu (2022 film)
The Menu (2022 film),starring,F. Murray Abraham,The Menu (2022 film)
The Menu (2022 film),genre,black comedy film,The Menu (2022 film)
The Menu (2022 film),genre,thriller film,The Menu (2022 film)
The Menu (2022 film),producer,Maya Lynne,The Menu (2022 film)
The Menu (2022 film),producer,Jason Reitman,The Menu (2022 film)
The Menu (2022 film),productionCompany,Universal Pictures,The Menu (2022 film)
The Menu (2022 film),distributionCompany,Universal Pictures,The Menu (2022 film)
The Menu (2022 film),runtime,104 minutes,The Menu (2022 film)
Te Llegará Mi Olvido,instanceOf,Song,Te Llegará Mi Olvido
Te Llegará Mi Olvido,composer,Manuel Álvarez Álvarez,Te Llegará Mi Olvido
Te Llegará Mi Olvido,lyricist,Manolo García,Te Llegará Mi Olvido
Te Llegará Mi Olvido,performer,Bebe,Te Llegará Mi Olvido
Te Llegará Mi Olvido,partOf,Bebe (album),Te Llegará Mi Olvido
Facing Destiny,instanceOf,Television Series,Facing Destiny
Facing Destiny,genre,Drama,Facing Destiny
Facing Destiny,genre,Mystery,Facing Destiny
Facing Destiny,creator,Corrado Ciamarra,Facing Destiny
Facing Destiny,creator,Nicholas Niciphor,Facing Destiny
Facing Destiny,starring,Sydney Teri,Facing Destiny
Facing Destiny,starring,Dylan Sprayberry,Facing Destiny
Facing Destiny,starring,Mikael Persbrandt,Facing Destiny
Facing Destiny,country,United States,Facing Destiny
Facing Destiny,language,English,Facing Destiny
Facing Destiny,numberOfSeasons,1,Facing Destiny
Facing Destiny,numberOfEpisodes,10,Facing Destiny
Overtures of Blasphemy,instanceOf,Music Album,Overtures of Blasphemy
Overtures of Blasphemy,releaseDate,2000-10-03,Overtures of Blasphemy
Overtures of Blasphemy,artist,Gorguts,Overtures of Blasphemy
Overtures of Blasphemy,genre,Death Metal,Overtures of Blasphemy
Overtures of Blasphemy,producer,Gorguts,Overtures of Blasphemy
Overtures of Blasphemy,recordLabel,The End Records,Overtures of Blasphemy
subject,predicate,object,Along Came Love (2023 film)
Maragatha Veenai (film),instanceOf,Film,Maragatha Veenai (film)
Maragatha Veenai (film),language,Tamil,Maragatha Veenai (film)
Maragatha Veenai (film),releaseDate,2021-10-22,Maragatha Veenai (film)
Maragatha Veenai (film),director,Arun Kumar,Maragatha Veenai (film)
Maragatha Veenai (film),starring,Arjun,Maragatha Veenai (film)
Maragatha Veenai (film),starring,Sonia,Maragatha Veenai (film)
Maragatha Veenai (film),genre,Action,Maragatha Veenai (film)
Maragatha Veenai (film),genre,Drama,Maragatha Veenai (film)
Maragatha Veenai (film),countryOfOrigin,India,Maragatha Veenai (film)
Paradinha (song),instanceOf,song,Paradinha (song)
Paradinha (song),creator,João Gilberto,Paradinha (song)
Paradinha (song),composer,João Gilberto,Paradinha (song)
Paradinha (song),publishedBy,Sony Music,Paradinha (song)
Paradinha (song),language,Portuguese,Paradinha (song)
Paradinha (song),genre,Bossa nova,Paradinha (song)
Paradinha (song),partOf,Brazilian music,Paradinha (song)
subject,predicate,object,Prelude in D major (Rachmaninoff)
Small Mercies (novel),instanceOf,Novel,Small Mercies (novel)
Small Mercies (novel),author,Cynthia D'Aprix Sweeney,Small Mercies (novel)
Small Mercies (novel),publisher,Ecco Press,Small Mercies (novel)
Small Mercies (novel),publicationDate,2021,Small Mercies (novel)
Small Mercies (novel),subject,Family,Small Mercies (novel)
Small Mercies (novel),subject,Mercy,Small Mercies (novel)
Small Mercies (novel),award,Goodreads Choice Award,Small Mercies (novel)
Seduction (1973 film),instanceOf,film,Seduction (1973 film)
Seduction (1973 film),genre,drama,Seduction (1973 film)
Seduction (1973 film),countryOfOrigin,France,Seduction (1973 film)
Seduction (1973 film),language,French,Seduction (1973 film)
Seduction (1973 film),director,François Dominique,Seduction (1973 film)
Seduction (1973 film),releaseYear,1973,Seduction (1973 film)
Seduction (1973 film),title,Seduction,Seduction (1973 film)
Seduction (1973 film),alsoKnownAs,La Séduction,Seduction (1973 film)
Seduction (1973 film),starring,Mylène Demaison,Seduction (1973 film)
String Quartet in D minor (Sibelius),instanceOf,string quartet,String Quartet in D minor (Sibelius)
String Quartet in D minor (Sibelius),composer,Jean Sibelius,String Quartet in D minor (Sibelius)
String Quartet in D minor (Sibelius),hasPart,violin,String Quartet in D minor (Sibelius)
String Quartet in D minor (Sibelius),hasPart,viola,String Quartet in D minor (Sibelius)
String Quartet in D minor (Sibelius),hasPart,cello,String Quartet in D minor (Sibelius)
String Quartet in D minor (Sibelius),key,D minor,String Quartet in D minor (Sibelius)
String Quartet in D minor (Sibelius),op.,posthumous,String Quartet in D minor (Sibelius)
String Quartet in D minor (Sibelius),namedAfter,D minor,String Quartet in D minor (Sibelius)
String Quartet in D minor (Sibelius),partOf,string quartet repertoire,String Quartet in D minor (Sibelius)
Integrity Blues,instanceOf,album,Integrity Blues
Integrity Blues,released,2016-04-29,Integrity Blues
Integrity Blues,creator,Modest Mouse,Integrity Blues
Integrity Blues,recordLabel,Epic Records,Integrity Blues
Killer's Romance,instanceOf,Film,Killer's Romance
Killer's Romance,genre,Thriller,Killer's Romance
Killer's Romance,director,Ching-Po Wong,Killer's Romance
Killer's Romance,starring,Maggie Cheung,Killer's Romance
Killer's Romance,starring,Tony Leung,Killer's Romance
Killer's Romance,releaseDate,1993-07-14,Killer's Romance
Killer's Romance,country,Hong Kong,Killer's Romance
Killer's Romance,language,Cantonese,Killer's Romance
subject,predicate,object,Children of the Sea (painting)
Children of the Sea (painting),instanceOf,painting,Children of the Sea (painting)
Children of the Sea (painting),creator,Eugène Delacroix,Children of the Sea (painting)
Children of the Sea (painting),createdAt,1841,Children of the Sea (painting)
Children of the Sea (painting),location,Louvre Museum,Children of the Sea (painting)
Children of the Sea (painting),depicts,child,Children of the Sea (painting)
Children of the Sea (painting),depicts,sea,Children of the Sea (painting)
Children of the Sea (painting),movement,Romanticism,Children of the Sea (painting)
Children of the Sea (painting),medium,oil on canvas,Children of the Sea (painting)
Children of the Sea (painting),partOf,collection of the Louvre Museum,Children of the Sea (painting)
subject,predicate,object,Tenebrae Responsoria (Gesualdo)
Wonder Boy (2019 film),instanceOf,film,Wonder Boy (2019 film)
Wonder Boy (2019 film),releaseDate,2019,Wonder Boy (2019 film)
Wonder Boy (2019 film),director,Andrea Štolf,Wonder Boy (2019 film)
Wonder Boy (2019 film),starring,Milo Ventimiglia,Wonder Boy (2019 film)
Wonder Boy (2019 film),starring,Paddy Considine,Wonder Boy (2019 film)
Wonder Boy (2019 film),starring,Tess Peak,Wonder Boy (2019 film)
Wonder Boy (2019 film),genre,drama film,Wonder Boy (2019 film)
Wonder Boy (2019 film),country,Austria,Wonder Boy (2019 film)
Wonder Boy (2019 film),language,German,Wonder Boy (2019 film)
Wonder Boy (2019 film),basedOn,Wonder Boy,Wonder Boy (2019 film)
subject,predicate,object,Chimes of Freedom (album)
Chimes of Freedom (album),instanceOf,album,Chimes of Freedom (album)
Chimes of Freedom (album),releaseDate,1984-11-27,Chimes of Freedom (album)
Chimes of Freedom (album),artist,Bob Dylan,Chimes of Freedom (album)
Chimes of Freedom (album),composer,Bob Dylan,Chimes of Freedom (album)
Chimes of Freedom (album),producer,Tom Wilson,Chimes of Freedom (album)
Chimes of Freedom (album),recordLabel,Columbia Records,Chimes of Freedom (album)
Chimes of Freedom (album),partOf,The Bootleg Series Volume 1–3,Chimes of Freedom (album)
Chimes of Freedom (album),title,Chimes of Freedom,Chimes of Freedom (album)
Chimes of Freedom (album),hasPart,Chimes of Freedom,Chimes of Freedom (album)
Chimes of Freedom (album),precededBy,Infidels,Chimes of Freedom (album)
Chimes of Freedom (album),followedBy,Empire Burlesque,Chimes of Freedom (album)
Tobias and the Angel (sculpture),instanceOf,sculpture,Tobias and the Angel (sculpture)
Tobias and the Angel (sculpture),creator,Gian Lorenzo Bernini,Tobias and the Angel (sculpture)
Tobias and the Angel (sculpture),basedOn,The Story of Tobias,Tobias and the Angel (sculpture)
Tobias and the Angel (sculpture),material,marble,Tobias and the Angel (sculpture)
Tobias and the Angel (sculpture),location,Chapel of the Propagation of the Faith,Tobias and the Angel (sculpture)
Tobias and the Angel (sculpture),commissionedBy,Gregory XIII,Tobias and the Angel (sculpture)
Tobias and the Angel (sculpture),createdIn,Rome,Tobias and the Angel (sculpture)
Tobias and the Angel (sculpture),createdIn,Italy,Tobias and the Angel (sculpture)
Tobias and the Angel (sculpture),dateCreated,1660s,Tobias and the Angel (sculpture)
Tobias and the Angel (sculpture),description,A sculpture depicting Tobias and the angel,Tobias and the Angel (sculpture)
Tobias and the Angel (sculpture),partOf,Chapel of the Propagation of the Faith,Tobias and the Angel (sculpture)
subject,predicate,object,Charmed (2018 TV series)
Charmed (2018 TV series),instanceOf,television series,Charmed (2018 TV series)
Charmed (2018 TV series),genre,fantasy television series,Charmed (2018 TV series)
Charmed (2018 TV series),genre,drama television series,Charmed (2018 TV series)
Charmed (2018 TV series),genre,supernatural television series,Charmed (2018 TV series)
Charmed (2018 TV series),basedOn,Charmed,Charmed (2018 TV series)
Charmed (2018 TV series),creator,David Kreiz,Charmed (2018 TV series)
Charmed (2018 TV series),starring,Melissa McIntyre,Charmed (2018 TV series)
Charmed (2018 TV series),starring,Rebecca Mader,Charmed (2018 TV series)
Charmed (2018 TV series),starring,Carrie Coon,Charmed (2018 TV series)
Charmed (2018 TV series),starring,Jamie Chang,Charmed (2018 TV series)
Charmed (2018 TV series),countryOfOrigin,United States,Charmed (2018 TV series)
Charmed (2018 TV series),originalLanguage,English,Charmed (2018 TV series)
Charmed (2018 TV series),originalNetwork,The CW,Charmed (2018 TV series)
Charmed (2018 TV series),numberOfSeasons,4,Charmed (2018 TV series)
Charmed (2018 TV series),numberOfEpisodes,72,Charmed (2018 TV series)
Charmed (2018 TV series),premiereDate,2018-10-14,Charmed (2018 TV series)
Charmed (2018 TV series),endDate,2022-05-24,Charmed (2018 TV series)
Charmed (2018 TV series),precededBy,Charmed,Charmed (2018 TV series)
Charmed (2018 TV series),followedBy,Charmed: The Lost,Charmed (2018 TV series)
Birth of John the Baptist (Signorelli),instanceOf,painting,Birth of John the Baptist (Signorelli)
Birth of John the Baptist (Signorelli),creator,Luca Signorelli,Birth of John the Baptist (Signorelli)
Birth of John the Baptist (Signorelli),depicts,Birth of John the Baptist,Birth of John the Baptist (Signorelli)
Birth of John the Baptist (Signorelli),location,Uffizi Gallery,Birth of John the Baptist (Signorelli)
"Love, Honor and Goodbye",instanceOf,novel,"Love, Honor and Goodbye"
"Love, Honor and Goodbye",author,James Michener,"Love, Honor and Goodbye"
"Love, Honor and Goodbye",publishedIn,1955,"Love, Honor and Goodbye"
"Love, Honor and Goodbye",language,English,"Love, Honor and Goodbye"
Matched (book),instanceOf,Novel,Matched (book)
Matched (book),author,Alison Krauss,Matched (book)
Matched (book),publishedIn,2005,Matched (book)
Matched (book),publisher,Viking Press,Matched (book)
Matched (book),genre,Romance novel,Matched (book)
Matched (book),pages,336,Matched (book)
Matched (book),countryOfOrigin,United States,Matched (book)
Matched (book),language,English,Matched (book)
Stingaree (1934 film),instanceOf,film,Stingaree (1934 film)
Stingaree (1934 film),publicationDate,1934,Stingaree (1934 film)
Stingaree (1934 film),director,George W. Hill,Stingaree (1934 film)
Stingaree (1934 film),starring,James Cagney,Stingaree (1934 film)
Stingaree (1934 film),starring,Madge Kennedy,Stingaree (1934 film)
Stingaree (1934 film),genre,comedy film,Stingaree (1934 film)
Stingaree (1934 film),country,United States,Stingaree (1934 film)
Stingaree (1934 film),language,English,Stingaree (1934 film)
"Apanhei-te, cavaquinho",instanceOf,Fado song,"Apanhei-te, cavaquinho"
"Apanhei-te, cavaquinho",writtenBy,Alfredo Keil,"Apanhei-te, cavaquinho"
"Apanhei-te, cavaquinho",composer,Alfredo Keil,"Apanhei-te, cavaquinho"
"Apanhei-te, cavaquinho",lyricist,Alfredo Keil,"Apanhei-te, cavaquinho"
"Apanhei-te, cavaquinho",partOf,Portuguese music,"Apanhei-te, cavaquinho"
subject,predicate,object,Shair (film)
Bestie (Yungen song),instanceOf,song,Bestie (Yungen song)
Bestie (Yungen song),artist,Yungen,Bestie (Yungen song)
Bestie (Yungen song),genre,Hip hop,Bestie (Yungen song)
Bestie (Yungen song),released,2019,Bestie (Yungen song)
Bestie (Yungen song),album,The 4th Dimension,Bestie (Yungen song)
Bestie (Yungen song),producer,ZelooperZ,Bestie (Yungen song)
Bestie (Yungen song),language,English,Bestie (Yungen song)
Nisi Dominus (Vivaldi),instanceOf,Musical composition,Nisi Dominus (Vivaldi)
Nisi Dominus (Vivaldi),composer,Antonio Vivaldi,Nisi Dominus (Vivaldi)
Nisi Dominus (Vivaldi),partOf,Gloria (Vivaldi),Nisi Dominus (Vivaldi)
Nisi Dominus (Vivaldi),inspiredBy,Psalm 127,Nisi Dominus (Vivaldi)
Nisi Dominus (Vivaldi),writtenIn,Baroque music,Nisi Dominus (Vivaldi)
Nisi Dominus (Vivaldi),hasInstrument,Harpsichord,Nisi Dominus (Vivaldi)
Nisi Dominus (Vivaldi),hasVocalPart,Soprano,Nisi Dominus (Vivaldi)
Nisi Dominus (Vivaldi),RV,RV 193,Nisi Dominus (Vivaldi)
Nisi Dominus (Vivaldi),composedIn,18th century,Nisi Dominus (Vivaldi)
subject,predicate,object,WWE '12
Bridge of Spies (film),instanceOf,film,Bridge of Spies (film)
Bridge of Spies (film),genre,historical drama,Bridge of Spies (film)
Bridge of Spies (film),genre,thriller,Bridge of Spies (film)
Bridge of Spies (film),director,Steven Spielberg,Bridge of Spies (film)
Bridge of Spies (film),producer,Steven Spielberg,Bridge of Spies (film)
Bridge of Spies (film),producer,Kathleen Kennedy,Bridge of Spies (film)
Bridge of Spies (film),producer,Frank Marshall,Bridge of Spies (film)
Bridge of Spies (film),starring,Tom Hanks,Bridge of Spies (film)
Bridge of Spies (film),starring,Mark Rylance,Bridge of Spies (film)
Bridge of Spies (film),starring,Amy Ryan,Bridge of Spies (film)
Bridge of Spies (film),releaseDate,"October 16, 2015",Bridge of Spies (film)
Bridge of Spies (film),runtime,141 minutes,Bridge of Spies (film)
Bridge of Spies (film),country,United States,Bridge of Spies (film)
Bridge of Spies (film),language,English,Bridge of Spies (film)
Bridge of Spies (film),basedOn,Bridge of Spies,Bridge of Spies (film)
Bridge of Spies (film),screenplay,Matt Charman,Bridge of Spies (film)
Bridge of Spies (film),screenplay,Ethan Coen,Bridge of Spies (film)
Bridge of Spies (film),screenplay,Joel Coen,Bridge of Spies (film)
Bridge of Spies (film),score,John Williams,Bridge of Spies (film)
Bridge of Spies (film),distributor,Columbia Pictures,Bridge of Spies (film)
Bridge of Spies (film),budget,$61 million,Bridge of Spies (film)
Bridge of Spies (film),boxOffice,$163.4 million,Bridge of Spies (film)
Confession (1955 film),instanceOf,film,Confession (1955 film)
Confession (1955 film),genre,drama film,Confession (1955 film)
Confession (1955 film),year,1955,Confession (1955 film)
Confession (1955 film),director,Edward Dmytryk,Confession (1955 film)
Confession (1955 film),starring,Robert Ryan,Confession (1955 film)
Confession (1955 film),starring,Robert Mitchum,Confession (1955 film)
Confession (1955 film),country,United States,Confession (1955 film)
Confession (1955 film),language,English,Confession (1955 film)
Small Passion,instanceOf,altarpiece,Small Passion
Small Passion,createdBy,Albrecht Dürer,Small Passion
Small Passion,partOf,Passion of Christ,Small Passion
Small Passion,depicts,Christ,Small Passion
Small Passion,depicts,Virgin Mary,Small Passion
Small Passion,depicts,John the Baptist,Small Passion
Small Passion,depicts,Apostles,Small Passion
Small Passion,shows,suffering,Small Passion
Small Passion,shows,mourning,Small Passion
Small Passion,madeOf,wood,Small Passion
Small Passion,madeOf,oil paint,Small Passion
Small Passion,influencedBy,Northern Renaissance,Small Passion
If there are more facts,I can try to provide them,but it would be nice to know if there's a specific type of fact you're interested in.,Les Chemins de l'amour
Tamara Vol. 2,instanceOf,album,Tamara Vol. 2
Tamara Vol. 2,releaseDate,1992-10-27,Tamara Vol. 2
Tamara Vol. 2,artist,Tamara,Tamara Vol. 2
Tamara Vol. 2,genre,pop,Tamara Vol. 2
Tamara Vol. 2,language,English,Tamara Vol. 2
Invocation (Debussy),instanceOf,Musical Composition,Invocation (Debussy)
Invocation (Debussy),composer,Claude Debussy,Invocation (Debussy)
Invocation (Debussy),partOf,La Damoiselle élue,Invocation (Debussy)
Invocation (Debussy),type,Piano piece,Invocation (Debussy)
Invocation (Debussy),writtenIn,French,Invocation (Debussy)
Invocation (Debussy),publicationDate,1907,Invocation (Debussy)
"Ele, My Friend",instanceOf,Film,"Ele, My Friend"
"Ele, My Friend",genre,Drama,"Ele, My Friend"
"Ele, My Friend",genre,Romance,"Ele, My Friend"
"Ele, My Friend",releaseDate,1981-01-01,"Ele, My Friend"
"Ele, My Friend",director,Andrzej Bartkowiak,"Ele, My Friend"
"Ele, My Friend",starring,Zofia Merle,"Ele, My Friend"
"Ele, My Friend",starring,Ryszard Kaim,"Ele, My Friend"
"Ele, My Friend",country,Poland,"Ele, My Friend"
"Ele, My Friend",language,Polish,"Ele, My Friend"
subject,predicate,object,The End (Fallout)
Lurker (film),instanceOf,Film,Lurker (film)
Lurker (film),genre,Horror film,Lurker (film)
Lurker (film),director,Garth Marenghi,Lurker (film)
Lurker (film),producer,Garth Marenghi,Lurker (film)
Lurker (film),writer,Garth Marenghi,Lurker (film)
Lurker (film),releaseDate,2014-03-14,Lurker (film)
Lurker (film),runtime,85,Lurker (film)
Lurker (film),countryOfOrigin,United Kingdom,Lurker (film)
Lurker (film),language,English,Lurker (film)
Joe Palooka Meets Humphrey,instanceOf,Film,Joe Palooka Meets Humphrey
Joe Palooka Meets Humphrey,director,Edward Bernds,Joe Palooka Meets Humphrey
Joe Palooka Meets Humphrey,producer,Edward Bernds,Joe Palooka Meets Humphrey
Joe Palooka Meets Humphrey,releaseDate,1936-04-17,Joe Palooka Meets Humphrey
Joe Palooka Meets Humphrey,runtime,65 minutes,Joe Palooka Meets Humphrey
Joe Palooka Meets Humphrey,starring,Joe Palooka,Joe Palooka Meets Humphrey
Joe Palooka Meets Humphrey,starring,Humphrey,Joe Palooka Meets Humphrey
K.D. (film),instanceOf,Film,K.D. (film)
K.D. (film),title,K.D.,K.D. (film)
K.D. (film),director,Pan Nalin,K.D. (film)
K.D. (film),starring,Amitabh Bachchan,K.D. (film)
K.D. (film),starring,Raveena Tandon,K.D. (film)
K.D. (film),releaseDate,2002-05-17,K.D. (film)
K.D. (film),country,India,K.D. (film)
K.D. (film),language,Hindi,K.D. (film)
K.D. (film),genre,Drama,K.D. (film)
K.D. (film),runtime,155 minutes,K.D. (film)
subject,predicate,object,Fletch (novel)
Anybody (Movin' On),instanceOf,song,Anybody (Movin' On)
Anybody (Movin' On),artist,Ne-Yo,Anybody (Movin' On)
Anybody (Movin' On),released,2005,Anybody (Movin' On)
Anybody (Movin' On),genre,R&B,Anybody (Movin' On)
Anybody (Movin' On),genre,pop,Anybody (Movin' On)
Anybody (Movin' On),album,Because of You,Anybody (Movin' On)
Los Motivos de Luz,instanceOf,Argentine musical group,Los Motivos de Luz
Los Motivos de Luz,genre,Rock,Los Motivos de Luz
Los Motivos de Luz,activeYears,2005-2012,Los Motivos de Luz
Los Motivos de Luz,member,Nathy Peñalba,Los Motivos de Luz
Los Motivos de Luz,member,Juan Di Natale,Los Motivos de Luz
Los Motivos de Luz,member,Tomi Coli,Los Motivos de Luz
Los Motivos de Luz,member,Pablo Spataro,Los Motivos de Luz
Los Motivos de Luz,discography,Los Motivos de Luz discography,Los Motivos de Luz
The Coyote (film),instanceOf,Film,The Coyote (film)
The Coyote (film),director,"Ramos, Luiso",The Coyote (film)
The Coyote (film),starring,Adolfo Alix,The Coyote (film)
The Coyote (film),starring,Luiso Ramos,The Coyote (film)
The Coyote (film),starring,Blanca Soto,The Coyote (film)
The Coyote (film),genre,Action,The Coyote (film)
The Coyote (film),genre,Thriller,The Coyote (film)
The Coyote (film),country,Mexico,The Coyote (film)
The Coyote (film),language,Spanish,The Coyote (film)
The Coyote (film),releaseDate,2016-10-14,The Coyote (film)
The Associate (1946 film),instanceOf,film,The Associate (1946 film)
The Associate (1946 film),title,The Associate,The Associate (1946 film)
The Associate (1946 film),year,1946,The Associate (1946 film)
The Associate (1946 film),director,Donald Marquis,The Associate (1946 film)
The Associate (1946 film),producer,Martha Scott,The Associate (1946 film)
The Associate (1946 film),starring,Martha Scott,The Associate (1946 film)
The Associate (1946 film),starring,John Garfield,The Associate (1946 film)
The Associate (1946 film),genre,drama,The Associate (1946 film)
The Associate (1946 film),runtime,95 minutes,The Associate (1946 film)
The Hook (1976 film),instanceOf,film,The Hook (1976 film)
The Hook (1976 film),genre,war drama,The Hook (1976 film)
The Hook (1976 film),country,United States,The Hook (1976 film)
The Hook (1976 film),language,English,The Hook (1976 film)
The Hook (1976 film),director,Robert Aldrich,The Hook (1976 film)
The Hook (1976 film),starring,Jane Fonda,The Hook (1976 film)
The Hook (1976 film),starring,Peter Falk,The Hook (1976 film)
The Hook (1976 film),starring,Aldo Ray,The Hook (1976 film)
The Hook (1976 film),releaseDate,1976,The Hook (1976 film)
The Hook (1976 film),runtime,124 minutes,The Hook (1976 film)
The Hook (1976 film),summary,"During the Vietnam War, three US soldiers are sent to a remote jungle village to destroy a Viet Cong base.",The Hook (1976 film)
Mark Felt: The Man Who Brought Down the White House,instanceOf,book,Mark Felt: The Man Who Brought Down the White House
Mark Felt: The Man Who Brought Down the White House,author,Mark Felt,Mark Felt: The Man Who Brought Down the White House
Mark Felt: The Man Who Brought Down the White House,publisher,"Little, Brown and Company",Mark Felt: The Man Who Brought Down the White House
Mark Felt: The Man Who Brought Down the White House,publicationDate,"May 30, 2012",Mark Felt: The Man Who Brought Down the White House
Mark Felt: The Man Who Brought Down the White House,subject,Watergate scandal,Mark Felt: The Man Who Brought Down the White House
Mark Felt: The Man Who Brought Down the White House,subject,Mark Felt,Mark Felt: The Man Who Brought Down the White House
Mark Felt: The Man Who Brought Down the White House,award,New York Times bestseller,Mark Felt: The Man Who Brought Down the White House
Mark Felt: The Man Who Brought Down the White House,language,English,Mark Felt: The Man Who Brought Down the White House
Mark Felt: The Man Who Brought Down the White House,ISBN,978-0316956360,Mark Felt: The Man Who Brought Down the White House
subject,predicate,object,Don Quixote (1973 film)
Don Quixote (1973 film),instanceOf,film,Don Quixote (1973 film)
Don Quixote (1973 film),title,Don Quixote,Don Quixote (1973 film)
Don Quixote (1973 film),year,1973,Don Quixote (1973 film)
Don Quixote (1973 film),director,Peter Yates,Don Quixote (1973 film)
Don Quixote (1973 film),starring,Peter O'Toole,Don Quixote (1973 film)
Don Quixote (1973 film),genre,Adventure,Don Quixote (1973 film)
Don Quixote (1973 film),basedOn,Don Quixote,Don Quixote (1973 film)
Don Quixote (1973 film),screenplay,Gordon Williams,Don Quixote (1973 film)
Don Quixote (1973 film),productionCompany,United Artists,Don Quixote (1973 film)
Don Quixote (1973 film),runtime,125 minutes,Don Quixote (1973 film)
Don Quixote (1973 film),country,United Kingdom,Don Quixote (1973 film)
Don Quixote (1973 film),language,English,Don Quixote (1973 film)
Reflections (1984 film),instanceOf,film,Reflections (1984 film)
Reflections (1984 film),releaseDate,1984,Reflections (1984 film)
Reflections (1984 film),director,András Kovács,Reflections (1984 film)
Reflections (1984 film),countryOfOrigin,Hungary,Reflections (1984 film)
Reflections (1984 film),language,Hungarian,Reflections (1984 film)
Reflections (1984 film),genre,drama,Reflections (1984 film)
subject,predicate,object,The Edge (2010 film)
NGC 277,instanceOf,galaxy,NGC 277
NGC 277,locatedIn,Perseus (constellation),NGC 277
NGC 277,locatedIn,Triangulum,NGC 277
NGC 277,discoveredBy,John Herschel,NGC 277
NGC 277,discoveredIn,1831,NGC 277
NGC 277,type,SA(r)b,NGC 277
NGC 277,upwardSpeed,5200 km/s,NGC 277
NGC 277,distance,237 Mly,NGC 277
NGC 277,diameter,100 000 ly,NGC 277
subject,predicate,object,VelociCoaster
subject,predicate,object,Ferryland Head Light
HMS Jed (1942),instanceOf,Royal Navy ship,HMS Jed (1942)
HMS Jed (1942),isCommissionedIn,Royal Navy,HMS Jed (1942)
HMS Jed (1942),hasCountryOfOrigin,United Kingdom,HMS Jed (1942)
HMS Jed (1942),hasType,Ship,HMS Jed (1942)
HMS Jed (1942),hasClass,Royal Navy ship,HMS Jed (1942)
HMS Jed (1942),isBuiltBy,William Denny and Brothers,HMS Jed (1942)
HMS Jed (1942),hasMotto,,HMS Jed (1942)
HMS Jed (1942),hasNickname,,HMS Jed (1942)
HMS Jed (1942),participatedIn,World War II,HMS Jed (1942)
HMS Jed (1942),hasCommandingOfficer,Commander Colin Maud,HMS Jed (1942)
HMS Jed (1942),isDecommissionedIn,,HMS Jed (1942)
Unité d'Habitation of Briey,instanceOf,Unité d'Habitation,Unité d'Habitation of Briey
Unité d'Habitation of Briey,location,Briey,Unité d'Habitation of Briey
Unité d'Habitation of Briey,architect,Le Corbusier,Unité d'Habitation of Briey
Unité d'Habitation of Briey,architect,Marie-Charlotte Perriand,Unité d'Habitation of Briey
Unité d'Habitation of Briey,builtAt,1952,Unité d'Habitation of Briey
Unité d'Habitation of Briey,partOf,Briey,Unité d'Habitation of Briey
Unité d'Habitation of Briey,isApartmentBuilding,true,Unité d'Habitation of Briey
Unité d'Habitation of Briey,isProtectedBy,Monument historique,Unité d'Habitation of Briey
Unité d'Habitation of Briey,listedAs,Monument historique,Unité d'Habitation of Briey
Unité d'Habitation of Briey,hasFloor,13,Unité d'Habitation of Briey
Alan Kurdi (ship),instanceOf,ship,Alan Kurdi (ship)
Alan Kurdi (ship),name,Alan Kurdi,Alan Kurdi (ship)
Alan Kurdi (ship),operator,Doctors Without Borders,Alan Kurdi (ship)
Alan Kurdi (ship),flag,Netherlands,Alan Kurdi (ship)
Alan Kurdi (ship),commissioned,2015,Alan Kurdi (ship)
Alan Kurdi (ship),decommissioned,2015,Alan Kurdi (ship)
Alan Kurdi (ship),baptized,August 2015,Alan Kurdi (ship)
Alan Kurdi (ship),homeport,Rotterdam,Alan Kurdi (ship)
Alan Kurdi (ship),length,78,Alan Kurdi (ship)
Alan Kurdi (ship),beam,13,Alan Kurdi (ship)
Alan Kurdi (ship),draught,3.5,Alan Kurdi (ship)
Alan Kurdi (ship),speed,11,Alan Kurdi (ship)
Alan Kurdi (ship),builder,Seyfert's Dock,Alan Kurdi (ship)
Alan Kurdi (ship),christenedBy,Birgitte Gøye,Alan Kurdi (ship)
Alan Kurdi (ship),namedAfter,Alan Kurdi,Alan Kurdi (ship)
Alan Kurdi (ship),participatedIn,European migrant crisis,Alan Kurdi (ship)
Type 63 multiple rocket launcher,instanceOf,Multiple rocket launcher,Type 63 multiple rocket launcher
Type 63 multiple rocket launcher,origin,China,Type 63 multiple rocket launcher
Type 63 multiple rocket launcher,manufacturer,Chongqing Ordnance Factory,Type 63 multiple rocket launcher
Type 63 multiple rocket launcher,usedBy,People's Liberation Army,Type 63 multiple rocket launcher
Type 63 multiple rocket launcher,usedBy,Vietnamese People's Army,Type 63 multiple rocket launcher
Type 63 multiple rocket launcher,type,Rocket artillery,Type 63 multiple rocket launcher
Type 63 multiple rocket launcher,service,1963,Type 63 multiple rocket launcher
Type 63 multiple rocket launcher,caliber,122mm,Type 63 multiple rocket launcher
Type 63 multiple rocket launcher,range,20-30 km,Type 63 multiple rocket launcher
Type 63 multiple rocket launcher,propulsion,Solid rocket,Type 63 multiple rocket launcher
Type 63 multiple rocket launcher,variants,Type 63-1,Type 63 multiple rocket launcher
Type 63 multiple rocket launcher,variants,Type 63-2,Type 63 multiple rocket launcher
subject,predicate,object,Integral (train)
Integral (train),instanceOf,Train,Integral (train)
Integral (train),operator,Tren de Gran Larga Distancia,Integral (train)
Integral (train),service,Passenger rail,Integral (train)
Integral (train),manufacturer,Talgo,Integral (train)
Integral (train),countryOfOrigin,Spain,Integral (train)
Integral (train),type,Railway locomotive,Integral (train)
Integral (train),model,Talgo 250,Integral (train)
Integral (train),maxSpeed,250 km/h,Integral (train)
Integral (train),powerType,Diesel-electric,Integral (train)
Integral (train),builder,Patagon,Integral (train)
Integral (train),formation,10 coaches,Integral (train)
Integral (train),seatingCapacity,300-500,Integral (train)
Integral (train),operator,Renfe Operadora,Integral (train)
HD 196761,instanceOf,Star,HD 196761
HD 196761,locatedIn,Milky Way,HD 196761
HD 196761,hasSpectralType,G-type main-sequence star,HD 196761
HD 196761,hasMass,1.04,HD 196761
HD 196761,hasRadius,1.01,HD 196761
HD 196761,hasSurfaceTemperature,5850,HD 196761
HD 196761,hasLuminosity,1.02,HD 196761
HD 196761,hasAge,4.5 billion years,HD 196761
HD 196761,hasPlanetarySystem,HD 196761b,HD 196761
HD 196761b,orbits,HD 196761,HD 196761
HD 196761b,hasMass,0.4,HD 196761
HD 196761b,hasOrbitalPeriod,6.54 days,HD 196761
subject,predicate,object,Pigment Yellow 83
Razgrad clock tower,instanceOf,Clock tower,Razgrad clock tower
Razgrad clock tower,locatedIn,Razgrad,Razgrad clock tower
Razgrad clock tower,locatedIn,Bulgaria,Razgrad clock tower
Razgrad clock tower,typeOf,Historic landmark,Razgrad clock tower
Razgrad clock tower,architecturalStyle,Ottoman architecture,Razgrad clock tower
Razgrad clock tower,built,19th century,Razgrad clock tower
C&C 3/4 Ton,instanceOf,Sailboat,C&C 3/4 Ton
C&C 3/4 Ton,designer,C&C Yachts,C&C 3/4 Ton
C&C 3/4 Ton,length,7.62,C&C 3/4 Ton
C&C 3/4 Ton,beam,2.59,C&C 3/4 Ton
C&C 3/4 Ton,draft,1.22,C&C 3/4 Ton
C&C 3/4 Ton,displacement,1500,C&C 3/4 Ton
C&C 3/4 Ton,ballast,900,C&C 3/4 Ton
C&C 3/4 Ton,engine,inboard,C&C 3/4 Ton
C&C 3/4 Ton,year,1977,C&C 3/4 Ton
C&C 3/4 Ton,category,Racing Yacht,C&C 3/4 Ton
Momik,instanceOf,Municipality,Momik
INS Vagir (S25),instanceOf,INS Vagir-class submarine,INS Vagir (S25)
INS Vagir (S25),partOf,Indian Navy,INS Vagir (S25)
INS Vagir (S25),builtBy,Mazagon Dock Shipbuilders Limited,INS Vagir (S25)
INS Vagir (S25),commissioned,2022,INS Vagir (S25)
INS Vagir (S25),name,INS Vagir,INS Vagir (S25)
INS Vagir (S25),number,S25,INS Vagir (S25)
INS Vagir (S25),class,Vagir-class submarine,INS Vagir (S25)
INS Vagir (S25),type,Submarine,INS Vagir (S25)
INS Vagir (S25),operator,Indian Navy,INS Vagir (S25)
INS Vagir (S25),manufacturer,Mazagon Dock Shipbuilders Limited,INS Vagir (S25)
INS Vagir (S25),laidDown,2020,INS Vagir (S25)
INS Vagir (S25),launched,2021,INS Vagir (S25)
INS Vagir (S25),commissionedDate,2022,INS Vagir (S25)
Arado SC I,instanceOf,glider,Arado SC I
Arado SC I,manufacturer,Arado Flugzeugwerke,Arado SC I
Arado SC I,type,sailplane,Arado SC I
Arado SC I,firstFlight,1930,Arado SC I
Arado SC I,wingspan,14.5 m,Arado SC I
Arado SC I,length,5.35 m,Arado SC I
Arado SC I,height,2.2 m,Arado SC I
Arado SC I,emptyMass,170 kg,Arado SC I
Arado SC I,maxTakeoffMass,250 kg,Arado SC I
Arado SC I,cruiseSpeed,120 km/h,Arado SC I
Arado SC I,stallSpeed,60 km/h,Arado SC I
subject,predicate,object,Pątnów Power Station
subject,predicate,object,German submarine U-971
Tuff-E-Nuff (tugboat),instanceOf,tugboat,Tuff-E-Nuff (tugboat)
Tuff-E-Nuff (tugboat),operator,New York City Department of Transportation,Tuff-E-Nuff (tugboat)
Tuff-E-Nuff (tugboat),commissioningDate,1983,Tuff-E-Nuff (tugboat)
Tuff-E-Nuff (tugboat),builder,Jakson (Tug) Boatbuilding Co.,Tuff-E-Nuff (tugboat)
Tuff-E-Nuff (tugboat),length,40.2 m,Tuff-E-Nuff (tugboat)
Tuff-E-Nuff (tugboat),beam,9.1 m,Tuff-E-Nuff (tugboat)
Tuff-E-Nuff (tugboat),draft,3.2 m,Tuff-E-Nuff (tugboat)
Tuff-E-Nuff (tugboat),topSpeed,14 km/h,Tuff-E-Nuff (tugboat)
Tuff-E-Nuff (tugboat),powerType,diesel,Tuff-E-Nuff (tugboat)
Tuff-E-Nuff (tugboat),isPartOf,New York City Department of Transportation's Tug Fleet,Tuff-E-Nuff (tugboat)
August and Eliza Fuermann Jr. House,instanceOf,House,August and Eliza Fuermann Jr. House
August and Eliza Fuermann Jr. House,location,United States,August and Eliza Fuermann Jr. House
August and Eliza Fuermann Jr. House,architect,unknown,August and Eliza Fuermann Jr. House
August and Eliza Fuermann Jr. House,architecturalStyle,unknown,August and Eliza Fuermann Jr. House
August and Eliza Fuermann Jr. House,built,unknown,August and Eliza Fuermann Jr. House
August and Eliza Fuermann Jr. House,NRHPReferenceNumber,unknown,August and Eliza Fuermann Jr. House
subject,predicate,object,Sri Lanka Railways S5
NGC 7124,instanceOf,Galaxy,NGC 7124
NGC 7124,type,Spiral Galaxy,NGC 7124
NGC 7124,locatedIn,Tucana,NGC 7124
NGC 7124,discoveredBy,John Herschel,NGC 7124
NGC 7124,discoveryYear,1834,NGC 7124
NGC 7124,NGC,7124,NGC 7124
NGC 7124,IRAS,C2234-7556,NGC 7124
NGC 7124,ESO,022-025,NGC 7124
NGC 7124,PGC,10486,NGC 7124
NGC 7124,2MASX,J22365653-7546490,NGC 7124
subject,predicate,object,NGC 7609
NGC 244,instanceOf,Spiral Galaxy,NGC 244
NGC 244,locatedIn,Pisces,NGC 244
NGC 244,hasType,SA(rs)b,NGC 244
NGC 244,hasRedshift,0.018667,NGC 244
NGC 244,hasDistance,101.3 Mpc,NGC 244
NGC 244,discoveredBy,Élie Jean-Mairec Mascart,NGC 244
NGC 244,discoveredIn,1919,NGC 244
NGC 244,isPartOf,New General Catalogue,NGC 244
NGC 244,hasMorphology,Spiral,NGC 244
NGC 244,hasBrightness,12.6,NGC 244
MV Maersk Tigris,instanceOf,container ship,MV Maersk Tigris
MV Maersk Tigris,operator,Maersk Line,MV Maersk Tigris
MV Maersk Tigris,shipBuilder,Odense Steel Shipyard,MV Maersk Tigris
MV Maersk Tigris,laidDown,2006,MV Maersk Tigris
MV Maersk Tigris,launched,2007,MV Maersk Tigris
MV Maersk Tigris,length,398 meters,MV Maersk Tigris
MV Maersk Tigris,beam,53 meters,MV Maersk Tigris
MV Maersk Tigris,draft,14 meters,MV Maersk Tigris
MV Maersk Tigris,speed,25 knots,MV Maersk Tigris
MV Maersk Tigris,capacity,3954 TEU,MV Maersk Tigris
MV Maersk Tigris,portOfRegistry,Copenhagen,MV Maersk Tigris
MV Maersk Tigris,status,active,MV Maersk Tigris
MV Maersk Tigris,homePort,Copenhagen,MV Maersk Tigris
MV Maersk Tigris,ship classes,Maersk Tigris-class container ship,MV Maersk Tigris
Shirin Su bathhouse,instanceOf,bathhouse,Shirin Su bathhouse
Shirin Su bathhouse,locatedIn,Iran,Shirin Su bathhouse
Shirin Su bathhouse,isPartOf,Iranian architecture,Shirin Su bathhouse
Shirin Su bathhouse,hasType,historical bathhouse,Shirin Su bathhouse
Shirin Su bathhouse,wasBuiltIn,Safavid dynasty,Shirin Su bathhouse
Shirin Su bathhouse,features,traditional Iranian architecture,Shirin Su bathhouse
Shirin Su bathhouse,isNamedAfter,Shirin,Shirin Su bathhouse
Shirin Su bathhouse,isLocatedIn,West Azerbaijan Province,Shirin Su bathhouse
Shirin Su bathhouse,hasArchitecturalStyle,Islamic architecture,Shirin Su bathhouse
HMAS Kapunda,instanceOf,Royal Australian Navy ship,HMAS Kapunda
HMAS Kapunda,instanceOf,Auxiliary ship,HMAS Kapunda
HMAS Kapunda,countryOfOrigin,Australia,HMAS Kapunda
HMAS Kapunda,operator,Royal Australian Navy,HMAS Kapunda
HMAS Kapunda,shipDisplacement,400 tons,HMAS Kapunda
HMAS Kapunda,shipLength,45.7 metres,HMAS Kapunda
HMAS Kapunda,shipBeam,10.7 metres,HMAS Kapunda
HMAS Kapunda,shipDraft,4.3 metres,HMAS Kapunda
HMAS Kapunda,commissioningDate,1941-03-22,HMAS Kapunda
HMAS Kapunda,decommissioningDate,1945-12-21,HMAS Kapunda
HMAS Kapunda,shipBuilder,Birodalom,HMAS Kapunda
HMAS Kapunda,shipClass,Bathurst-class corvette,HMAS Kapunda
subject,predicate,object,Just Dance 2023 Edition
Just Dance 2023 Edition,instanceOf,video game,Just Dance 2023 Edition
Just Dance 2023 Edition,partOf,Just Dance series,Just Dance 2023 Edition
Just Dance 2023 Edition,developer,Ubisoft,Just Dance 2023 Edition
Just Dance 2023 Edition,publisher,Ubisoft,Just Dance 2023 Edition
Just Dance 2023 Edition,releaseDate,2022-09-09,Just Dance 2023 Edition
Just Dance 2023 Edition,platform,Nintendo Switch,Just Dance 2023 Edition
Just Dance 2023 Edition,platform,PlayStation 4,Just Dance 2023 Edition
Just Dance 2023 Edition,platform,PlayStation 5,Just Dance 2023 Edition
Just Dance 2023 Edition,platform,Xbox One,Just Dance 2023 Edition
Just Dance 2023 Edition,platform,Xbox Series X/S,Just Dance 2023 Edition
Just Dance 2023 Edition,genre,dance game,Just Dance 2023 Edition
Just Dance 2023 Edition,contains,List of songs in Just Dance 2023 Edition,Just Dance 2023 Edition
subject,predicate,object,QQ Browser
subject,predicate,object,Joy (yacht)
subject,predicate,object,Samsung Galaxy M51
HMAS Poyang,instanceOf,Royal Australian Navy ship,HMAS Poyang
HMAS Poyang,instanceOf,Bathurst-class corvette,HMAS Poyang
HMAS Poyang,shipClass,Bathurst-class corvette,HMAS Poyang
HMAS Poyang,commissioned,1941,HMAS Poyang
HMAS Poyang,decommissioned,1945,HMAS Poyang
HMAS Poyang,builder,Fairmile Marine,HMAS Poyang
HMAS Poyang,operator,Royal Australian Navy,HMAS Poyang
HMAS Poyang,countryOfOrigin,Australia,HMAS Poyang
C&C 26 Wave,instanceOf,C&C 26,C&C 26 Wave
C&C 26 Wave,isA,Sailing Yacht,C&C 26 Wave
C&C 26 Wave,designer,C&C Yachts,C&C 26 Wave
C&C 26 Wave,length,7.62 meters,C&C 26 Wave
C&C 26 Wave,beam,2.44 meters,C&C 26 Wave
C&C 26 Wave,draft,1.22 meters,C&C 26 Wave
C&C 26 Wave,displacement,1040 kg,C&C 26 Wave
C&C 26 Wave,engine,Inboard diesel,C&C 26 Wave
C&C 26 Wave,year,1980s,C&C 26 Wave
C&C 26 Wave,countryOfOrigin,Canada,C&C 26 Wave
Forest Railway Welschbruch,instanceOf,railway,Forest Railway Welschbruch
Forest Railway Welschbruch,location,Welschbruch,Forest Railway Welschbruch
Forest Railway Welschbruch,type,heritage railway,Forest Railway Welschbruch
Forest Railway Welschbruch,operator,Regierungsbezirk,Forest Railway Welschbruch
Forest Railway Welschbruch,startYear,1905,Forest Railway Welschbruch
Forest Railway Welschbruch,endYear,1965,Forest Railway Welschbruch
Forest Railway Welschbruch,gauge,1000 mm,Forest Railway Welschbruch
Forest Railway Welschbruch,system,Welschbruch,Forest Railway Welschbruch
Forest Railway Welschbruch,alsoKnownAs,Welschbruch Forest Railway,Forest Railway Welschbruch
SpellTower,instanceOf,Video Game,SpellTower
SpellTower,developer,WayForward Technologies,SpellTower
SpellTower,publisher,WayForward Technologies,SpellTower
SpellTower,releaseDate,2011-05-25,SpellTower
SpellTower,genre,Puzzle Game,SpellTower
SpellTower,platform,iOS,SpellTower
SpellTower,platform,Android,SpellTower
SpellTower,mode,Single-player,SpellTower
SpellTower,mode,Multi-player,SpellTower
SpellTower,influencedBy,Tetris,SpellTower
SpellTower,hasComponent,Tower building,SpellTower
subject,predicate,object,"Ali Qapu Gate, Qazvin"
"Ali Qapu Gate, Qazvin",instanceOf,gate,"Ali Qapu Gate, Qazvin"
"Ali Qapu Gate, Qazvin",locatedIn,Qazvin,"Ali Qapu Gate, Qazvin"
"Ali Qapu Gate, Qazvin",partOf,Qazvin Palace,"Ali Qapu Gate, Qazvin"
"Ali Qapu Gate, Qazvin",architecturalStyle,Safavid architecture,"Ali Qapu Gate, Qazvin"
"Ali Qapu Gate, Qazvin",commissionedBy,Shah Abbas I,"Ali Qapu Gate, Qazvin"
"Ali Qapu Gate, Qazvin",builtIn,16th century,"Ali Qapu Gate, Qazvin"
"Ali Qapu Gate, Qazvin",materialUsed,brick,"Ali Qapu Gate, Qazvin"
"Ali Qapu Gate, Qazvin",materialUsed,stone,"Ali Qapu Gate, Qazvin"
"Ali Qapu Gate, Qazvin",instanceOf,cultural heritage site,"Ali Qapu Gate, Qazvin"
Phelps–Jones House,instanceOf,Historic house,Phelps–Jones House
Phelps–Jones House,location,United States,Phelps–Jones House
Phelps–Jones House,architecturalStyle,Greek Revival,Phelps–Jones House
Phelps–Jones House,addedToNRHP,1982,Phelps–Jones House
Phelps–Jones House,NRHPReferenceNumber,82001715,Phelps–Jones House
Paddle wheel,instanceOf,Device,Paddle wheel
Paddle wheel,usedFor,Propulsion,Paddle wheel
Paddle wheel,usedIn,Ship,Paddle wheel
Paddle wheel,usedIn,Boat,Paddle wheel
Paddle wheel,partOf,Steamboat,Paddle wheel
Paddle wheel,hasComponent,Blade,Paddle wheel
Paddle wheel,hasComponent,Shaft,Paddle wheel
Paddle wheel,hasComponent,Hub,Paddle wheel
Paddle wheel,operatedBy,Engine,Paddle wheel
Paddle wheel,drivenBy,Steam engine,Paddle wheel
Paddle wheel,usedIn,Riverboat,Paddle wheel
Paddle wheel,usedIn,Ferries,Paddle wheel
Paddle wheel,shape,Circular,Paddle wheel
Paddle wheel,material,Metal,Paddle wheel
Paddle wheel,era,Industrial Revolution,Paddle wheel
Paddle wheel,designedBy,John Stevens,Paddle wheel
Paddle wheel,manufacturer,Various,Paddle wheel
NGC 730,instanceOf,galaxy,NGC 730
NGC 730,locatedIn,Triangulum,NGC 730
NGC 730,hasMorphologicalType,S0,NGC 730
NGC 730,hasStellarType,E,NGC 730
NGC 730,hasRedshift,0.017,NGC 730
NGC 730,hasDistance,67.4 Mpc,NGC 730
NGC 730,hasCGCMember,NGC 752,NGC 730
NGC 730,hasCGCMember,NGC 714,NGC 730
NGC 730,hasCGCMember,NGC 717,NGC 730
NGC 730,hasCGCMember,NGC 718,NGC 730
NGC 730,hasCGCMember,NGC 719,NGC 730
NGC 730,hasCGCMember,NGC 721,NGC 730
NGC 730,hasCGCMember,NGC 722,NGC 730
NGC 730,hasCGCMember,NGC 723,NGC 730
NGC 730,hasCGCMember,NGC 724,NGC 730
NGC 730,hasCGCMember,NGC 725,NGC 730
NGC 730,hasCGCMember,NGC 726,NGC 730
NGC 730,hasCGCMember,NGC 727,NGC 730
NGC 730,hasCGCMember,NGC 728,NGC 730
NGC 730,hasCGCMember,NGC 729,NGC 730
subject,predicate,object,Flag of the Arab Federation
NGC 4453,instanceOf,Galaxy,NGC 4453
NGC 4453,instanceOf,Astronomical Object,NGC 4453
NGC 4453,locatedIn,Virgo Cluster,NGC 4453
NGC 4453,locatedIn,Local Group,NGC 4453
NGC 4453,type,Elliptical Galaxy,NGC 4453
NGC 4453,morphology,E5,NGC 4453
NGC 4453,hasStar,Supergiant Star,NGC 4453
NGC 4453,hasStar,Red Giant Star,NGC 4453
NGC 4453,distance,108 million light-years,NGC 4453
NGC 4453,discoveredBy,William Herschel,NGC 4453
NGC 4453,discoveredIn,1784,NGC 4453
Pineapple cake,instanceOf,Dessert,Pineapple cake
Pineapple cake,isA,Cake,Pineapple cake
Pineapple cake,originatedIn,Hawaii,Pineapple cake
Pineapple cake,contains,Pineapple,Pineapple cake
Pineapple cake,contains,Cake,Pineapple cake
Pineapple cake,isTypicallyServed,As a dessert,Pineapple cake
Pineapple cake,hasMainIngredient,Flour,Pineapple cake
Pineapple cake,hasMainIngredient,Sugar,Pineapple cake
Pineapple cake,hasMainIngredient,Eggs,Pineapple cake
Pineapple cake,hasMainIngredient,Butter,Pineapple cake
Pineapple cake,isOftenToppedWith,Pineapple rings,Pineapple cake
Pineapple cake,isOftenToppedWith,Cherry,Pineapple cake
Pineapple cake,isServedAt,Parties,Pineapple cake
Pineapple cake,isServedAt,Celebrations,Pineapple cake
Pineapple cake,isPopularIn,American cuisine,Pineapple cake
Pineapple cake,isSimilarTo,Pound cake,Pineapple cake
If I don't have more information,I can also return the above,or an empty list `[]` if I don't know the subject.,40-foot radio telescope
subject,predicate,object,HSwMS Munin (1911)
HSwMS Munin (1911),instanceOf,torpedo boat,HSwMS Munin (1911)
HSwMS Munin (1911),isPartOf,Swedish Navy,HSwMS Munin (1911)
HSwMS Munin (1911),hasCountryOfOrigin,Sweden,HSwMS Munin (1911)
HSwMS Munin (1911),builtAt,Eriksbergs varvet,HSwMS Munin (1911)
HSwMS Munin (1911),commissioned,1911,HSwMS Munin (1911)
HSwMS Munin (1911),decommissioned,1947,HSwMS Munin (1911)
HSwMS Munin (1911),hasDisplacement,533 tons,HSwMS Munin (1911)
HSwMS Munin (1911),hasLength,74.5 m,HSwMS Munin (1911)
HSwMS Munin (1911),hasBeam,7.5 m,HSwMS Munin (1911)
HSwMS Munin (1911),hasDraught,2.9 m,HSwMS Munin (1911)
HSwMS Munin (1911),hasTopSpeed,25 knots,HSwMS Munin (1911)
subject,predicate,object,Europium(II) telluride
BNS Shaheed Ruhul Amin (1994),instanceOf,Naval Ship,BNS Shaheed Ruhul Amin (1994)
BNS Shaheed Ruhul Amin (1994),class,B-58 Class Missile Boat,BNS Shaheed Ruhul Amin (1994)
BNS Shaheed Ruhul Amin (1994),commissioned,1994,BNS Shaheed Ruhul Amin (1994)
BNS Shaheed Ruhul Amin (1994),decommissioned,2017,BNS Shaheed Ruhul Amin (1994)
BNS Shaheed Ruhul Amin (1994),countryOfOrigin,Pakistan,BNS Shaheed Ruhul Amin (1994)
BNS Shaheed Ruhul Amin (1994),operator,Pakistan Navy,BNS Shaheed Ruhul Amin (1994)
BNS Shaheed Ruhul Amin (1994),shipBuilder,Khulna Shipyard,BNS Shaheed Ruhul Amin (1994)
BNS Shaheed Ruhul Amin (1994),laidDown,1993,BNS Shaheed Ruhul Amin (1994)
BNS Shaheed Ruhul Amin (1994),launched,1994,BNS Shaheed Ruhul Amin (1994)
BNS Shaheed Ruhul Amin (1994),length,38.6 meters,BNS Shaheed Ruhul Amin (1994)
BNS Shaheed Ruhul Amin (1994),beam,7.6 meters,BNS Shaheed Ruhul Amin (1994)
BNS Shaheed Ruhul Amin (1994),draught,2.4 meters,BNS Shaheed Ruhul Amin (1994)
BNS Shaheed Ruhul Amin (1994),topSpeed,32 knots,BNS Shaheed Ruhul Amin (1994)
(481394) 2006 SF6,instanceOf,asteroid,(481394) 2006 SF6
(481394) 2006 SF6,discoveredBy,Catalina Sky Survey,(481394) 2006 SF6
(481394) 2006 SF6,discoveryDate,2006-09-18,(481394) 2006 SF6
(481394) 2006 SF6,diameter,0.7 km,(481394) 2006 SF6
(481394) 2006 SF6,albedo,0.07,(481394) 2006 SF6
(481394) 2006 SF6,absoluteMagnitude,22.7,(481394) 2006 SF6
(481394) 2006 SF6,orbitalPeriod,453.6 days,(481394) 2006 SF6
(481394) 2006 SF6,perihelion,0.983 AU,(481394) 2006 SF6
(481394) 2006 SF6,aphelion,1.017 AU,(481394) 2006 SF6
(481394) 2006 SF6,eccentricity,0.036,(481394) 2006 SF6
subject,predicate,object,Alfred C. and Nettie Ruby House
Alfred C. and Nettie Ruby House,instanceOf,House,Alfred C. and Nettie Ruby House
Alfred C. and Nettie Ruby House,location,United States,Alfred C. and Nettie Ruby House
Alfred C. and Nettie Ruby House,location,Washington,Alfred C. and Nettie Ruby House
Alfred C. and Nettie Ruby House,architect,unknown,Alfred C. and Nettie Ruby House
Alfred C. and Nettie Ruby House,architectureStyle,Craftsman,Alfred C. and Nettie Ruby House
Alfred C. and Nettie Ruby House,builtDate,1914,Alfred C. and Nettie Ruby House
Alfred C. and Nettie Ruby House,NRHP Reference Number,75001867,Alfred C. and Nettie Ruby House
Frozen 2 (soundtrack),instanceOf,soundtrack album,Frozen 2 (soundtrack)
Frozen 2 (soundtrack),partOf,Frozen II,Frozen 2 (soundtrack)
Frozen 2 (soundtrack),released,"November 15, 2019",Frozen 2 (soundtrack)
Frozen 2 (soundtrack),language,English,Frozen 2 (soundtrack)
Frozen 2 (soundtrack),genre,Soundtrack,Frozen 2 (soundtrack)
Frozen 2 (soundtrack),producer,Kristen Anderson-Lopez,Frozen 2 (soundtrack)
Frozen 2 (soundtrack),producer,Robert Lopez,Frozen 2 (soundtrack)
Frozen 2 (soundtrack),producer,Chris Bridges,Frozen 2 (soundtrack)
Frozen 2 (soundtrack),composer,Kristen Anderson-Lopez,Frozen 2 (soundtrack)
Frozen 2 (soundtrack),composer,Robert Lopez,Frozen 2 (soundtrack)
Frozen 2 (soundtrack),composer,Dave Bukshpan,Frozen 2 (soundtrack)
Frozen 2 (soundtrack),composer,Josh Goldstone,Frozen 2 (soundtrack)
Frozen 2 (soundtrack),trackList,Into the Unknown,Frozen 2 (soundtrack)
Frozen 2 (soundtrack),trackList,Reindeer(s) Are Better Than People,Frozen 2 (soundtrack)
Frozen 2 (soundtrack),trackList,A Place Inside Someones/On My Own,Frozen 2 (soundtrack)
Frozen 2 (soundtrack),trackList,The Next Time Right,Frozen 2 (soundtrack)
Frozen 2 (soundtrack),trackList,Life's Too Short,Frozen 2 (soundtrack)
Frozen 2 (soundtrack),trackList,I Don't Understand,Frozen 2 (soundtrack)
Frozen 2 (soundtrack),trackList,Show Yourself,Frozen 2 (soundtrack)
Frozen 2 (soundtrack),trackList,For the First Time in Forever,Frozen 2 (soundtrack)
Frozen 2 (soundtrack),trackList,When I Loved Myself Enough,Frozen 2 (soundtrack)
Frozen 2 (soundtrack),trackList,Something That I Want,Frozen 2 (soundtrack)
subject,predicate,object,Se (Armenian letter)
Se (Armenian letter),instanceOf,Letter,Se (Armenian letter)
Se (Armenian letter),partOf,Armenian alphabet,Se (Armenian letter)
Se (Armenian letter),hasPart,Խ,Se (Armenian letter)
Se (Armenian letter),Unicode,U+054C,Se (Armenian letter)
Se (Armenian letter),pronunciation,sɛ,Se (Armenian letter)
Se (Armenian letter),isNamed,Se,Se (Armenian letter)
Se (Armenian letter),isUsedIn,Armenian language,Se (Armenian letter)
Se (Armenian letter),hasEncoding,U+054C,Se (Armenian letter)
Se (Armenian letter),isALetter,Yes,Se (Armenian letter)
Se (Armenian letter),type,Character,Se (Armenian letter)
Se (Armenian letter),symbol,լ,Se (Armenian letter)
Se (Armenian letter),representation,լ,Se (Armenian letter)
Se (Armenian letter),alphabet,Armenian alphabet,Se (Armenian letter)
Se (Armenian letter),classification,Consonant,Se (Armenian letter)
Se (Armenian letter),sound,sɛ,Se (Armenian letter)
Se (Armenian letter),category,Letter,Se (Armenian letter)
Se (Armenian letter),script,Armenian script,Se (Armenian letter)
Carter-Simmons House,instanceOf,Historic house museum,Carter-Simmons House
Carter-Simmons House,location,United States,Carter-Simmons House
Carter-Simmons House,location,Texas,Carter-Simmons House
Carter-Simmons House,architecturalStyle,Greek Revival,Carter-Simmons House
Carter-Simmons House,built,1859,Carter-Simmons House
Carter-Simmons House,NRHP reference number,00001186,Carter-Simmons House
subject,predicate,object,Otagiri Dam
Web Open Font Format,instanceOf,font format,Web Open Font Format
Web Open Font Format,abbreviation,WOFF,Web Open Font Format
Web Open Font Format,developedBy,Mozilla,Web Open Font Format
Web Open Font Format,fileExtension,.woff,Web Open Font Format
Web Open Font Format,MIMEType,font/woff,Web Open Font Format
Web Open Font Format,releaseDate,2009-12-17,Web Open Font Format
Web Open Font Format,publishedBy,W3C,Web Open Font Format
Web Open Font Format,usedFor,web fonts,Web Open Font Format
Web Open Font Format,compatibleWith,CSS,Web Open Font Format
Web Open Font Format,supersedes,TrueType,Web Open Font Format
Web Open Font Format,supersedes,PostScript,Web Open Font Format
NGC 4545,instanceOf,Galaxy,NGC 4545
NGC 4545,locatedIn,Canes Venatici,NGC 4545
NGC 4545,type,Spiral Galaxy,NGC 4545
NGC 4545,discoveredBy,Heinrich d'Arrest,NGC 4545
NGC 4545,discoveryDate,1855-05-16,NGC 4545
NGC 4545,morphologicalType,SA(s)b,NGC 4545
NGC 4545,distance,83.3 Mpc,NGC 4545
NGC 4545,NGC,4545,NGC 4545
NGC 4545,IRAS,F12291+6131,NGC 4545
NGC 4545,2MASS,J12320898+6119014,NGC 4545
The General Gramophone,instanceOf,Gramophone,The General Gramophone
The General Gramophone,type,Musical Instrument,The General Gramophone
The General Gramophone,usedFor,Playing Music,The General Gramophone
The General Gramophone,hasPart,Horn,The General Gramophone
The General Gramophone,hasPart,Cylinder,The General Gramophone
The General Gramophone,hasPart,Needle,The General Gramophone
The General Gramophone,manufacturer,Victor Talking Machine Company,The General Gramophone
The General Gramophone,alsoKnownAs,Victor Gramophone,The General Gramophone
The General Gramophone,era,Early 20th century,The General Gramophone
The General Gramophone,significantEvent,Development of recorded music,The General Gramophone
National Geographic Endurance,instanceOf,Research Vessel,National Geographic Endurance
National Geographic Endurance,operator,National Geographic,National Geographic Endurance
National Geographic Endurance,shipType,Icebreaker,National Geographic Endurance
National Geographic Endurance,commissioned,2020,National Geographic Endurance
National Geographic Endurance,homePort,Vessel Home Port,National Geographic Endurance
National Geographic Endurance,length,122.4 m,National Geographic Endurance
National Geographic Endurance,beam,14.0 m,National Geographic Endurance
National Geographic Endurance,draft,5.2 m,National Geographic Endurance
National Geographic Endurance,speed,14 knots,National Geographic Endurance
National Geographic Endurance,capacity,500 passengers,National Geographic Endurance
National Geographic Endurance,crew,40,National Geographic Endurance
National Geographic Endurance,builder,Siemens Gamesa,National Geographic Endurance
National Geographic Endurance,launched,2019,National Geographic Endurance
subject,predicate,object,Ivarmacitinib
D/1895 Q1 (Swift),instanceOf,asteroid,D/1895 Q1 (Swift)
D/1895 Q1 (Swift),namedAfter,Swift,D/1895 Q1 (Swift)
D/1895 Q1 (Swift),discoveryDate,1895-02-21,D/1895 Q1 (Swift)
D/1895 Q1 (Swift),discoverer,Max Franz Wolf,D/1895 Q1 (Swift)
D/1895 Q1 (Swift),orbitalPeriod,5.357,D/1895 Q1 (Swift)
D/1895 Q1 (Swift),perihelion,1.945,D/1895 Q1 (Swift)
D/1895 Q1 (Swift),aphelion,4.023,D/1895 Q1 (Swift)
D/1895 Q1 (Swift),eccentricity,0.1709,D/1895 Q1 (Swift)
D/1895 Q1 (Swift),diameter,10.0,D/1895 Q1 (Swift)
Wanlockhead beam engine,instanceOf,Beam engine,Wanlockhead beam engine
Wanlockhead beam engine,location,Wanlockhead,Wanlockhead beam engine
Wanlockhead beam engine,location,Dumfries and Galloway,Wanlockhead beam engine
Wanlockhead beam engine,location,Scotland,Wanlockhead beam engine
Wanlockhead beam engine,partOf,Wanlockhead Museum,Wanlockhead beam engine
Wanlockhead beam engine,builtBy,William Murdoch,Wanlockhead beam engine
Wanlockhead beam engine,yearBuilt,1812,Wanlockhead beam engine
Wanlockhead beam engine,type,Steam engine,Wanlockhead beam engine
Wanlockhead beam engine,powered,mine,Wanlockhead beam engine
Wanlockhead beam engine,heritageStatus,Scheduled Ancient Monument,Wanlockhead beam engine
subject,predicate,object,USS Provo Victory
Buturon,instanceOf,Medication,Buturon
Buturon,hasActiveIngredient,Bupropion,Buturon
Buturon,isPrescriptionOnly,true,Buturon
Buturon,isUsedFor,Smoking cessation,Buturon
Buturon,isManufacturedBy,GlaxoSmithKline,Buturon
Nord 3.1101 and 3.1102,instanceOf,Locomotive,Nord 3.1101 and 3.1102
Nord 3.1101 and 3.1102,manufacturer,Ateliers de construction de La Rochelle,Nord 3.1101 and 3.1102
Nord 3.1101 and 3.1102,operator,Chemin de fer du Nord,Nord 3.1101 and 3.1102
Nord 3.1101 and 3.1102,buildYear,1927,Nord 3.1101 and 3.1102
Nord 3.1101 and 3.1102,countryOfOrigin,France,Nord 3.1101 and 3.1102
Nord 3.1101 and 3.1102,type,Steam locomotive,Nord 3.1101 and 3.1102
CCGS Bartlett,instanceOf,Icebreaker,CCGS Bartlett
CCGS Bartlett,operator,Canadian Coast Guard,CCGS Bartlett
CCGS Bartlett,shipType,Icebreaker,CCGS Bartlett
CCGS Bartlett,commissioning,2010,CCGS Bartlett
CCGS Bartlett,length,94.4 metres,CCGS Bartlett
CCGS Bartlett,beam,24.4 metres,CCGS Bartlett
CCGS Bartlett,draught,8.2 metres,CCGS Bartlett
CCGS Bartlett,speed,15.5 knots,CCGS Bartlett
CCGS Bartlett,homeport,"Halifax, Nova Scotia",CCGS Bartlett
John P. and Stella Gray House,instanceOf,House,John P. and Stella Gray House
John P. and Stella Gray House,location,United States,John P. and Stella Gray House
John P. and Stella Gray House,architect,Gerrit Smith,John P. and Stella Gray House
John P. and Stella Gray House,architect,John G. Haskell,John P. and Stella Gray House
John P. and Stella Gray House,builtAt,1854,John P. and Stella Gray House
John P. and Stella Gray House,style,Italianate,John P. and Stella Gray House
John P. and Stella Gray House,nrhpReferenceNumber,73000742,John P. and Stella Gray House
John P. and Stella Gray House,isPartOf,National Register of Historic Places,John P. and Stella Gray House
John P. and Stella Gray House,location,"Columbus, Ohio",John P. and Stella Gray House
Abnaki-class tugboat,instanceOf,ship class,Abnaki-class tugboat
Abnaki-class tugboat,subclassOf,tugboat,Abnaki-class tugboat
Abnaki-class tugboat,manufacturer,Mare Island Naval Shipyard,Abnaki-class tugboat
Abnaki-class tugboat,countryOfOrigin,United States,Abnaki-class tugboat
Abnaki-class tugboat,operator,United States Navy,Abnaki-class tugboat
Abnaki-class tugboat,serviceEntry,1940,Abnaki-class tugboat
Abnaki-class tugboat,numberOfShips,18,Abnaki-class tugboat
Abnaki-class tugboat,shipDisplacement,"1,255 tons",Abnaki-class tugboat
Abnaki-class tugboat,shipLength,314 feet,Abnaki-class tugboat
Abnaki-class tugboat,shipBeam,58 feet 2 inches,Abnaki-class tugboat
Abnaki-class tugboat,shipDraft,15 feet 6 inches,Abnaki-class tugboat
Abnaki-class tugboat,shipPower,"2,400 horsepower",Abnaki-class tugboat
Abnaki-class tugboat,shipSpeed,12 knots,Abnaki-class tugboat
Methyl 2-chloroacrylate,instanceOf,Chemical compound,Methyl 2-chloroacrylate
Methyl 2-chloroacrylate,chemicalFormula,C4H5ClO2,Methyl 2-chloroacrylate
Methyl 2-chloroacrylate,CASNumber,2523-26-0,Methyl 2-chloroacrylate
Methyl 2-chloroacrylate,inChI,1S/C4H5ClO2/c1-3(2)4(5)6-3/h1-2H3,Methyl 2-chloroacrylate
Methyl 2-chloroacrylate,Key,RHWOLJKMBQZSMUQ-UWTATZPHSA-N,Methyl 2-chloroacrylate
Methyl 2-chloroacrylate,SMILES,COC(=O)C(=C)Cl,Methyl 2-chloroacrylate
Methyl 2-chloroacrylate,isA,"Alpha,beta-unsaturated ester",Methyl 2-chloroacrylate
Methyl 2-chloroacrylate,usedIn,Organic synthesis,Methyl 2-chloroacrylate
Methyl 2-chloroacrylate,type,Ester,Methyl 2-chloroacrylate
subject,predicate,object,Football Manager 2015
subject,predicate,object,USS LST-353
subject,predicate,object,Tees Jubilee Bridge
subject,predicate,object,DKW F1
Tower of the church of San Salvador,instanceOf,tower,Tower of the church of San Salvador
Tower of the church of San Salvador,partOf,church of San Salvador,Tower of the church of San Salvador
Tower of the church of San Salvador,locatedIn,Spain,Tower of the church of San Salvador
Tower of the church of San Salvador,architect,Alberto Gael,Tower of the church of San Salvador
Tower of the church of San Salvador,builtAt,16th century,Tower of the church of San Salvador
SS Melita,instanceOf,Ship,SS Melita
SS Melita,hasType,Passenger ship,SS Melita
SS Melita,builtAt,Harland and Wolff,SS Melita
SS Melita,builder,Harland and Wolff,SS Melita
SS Melita,commissioned,1922,SS Melita
SS Melita,decommissioned,1939,SS Melita
SS Melita,countryOfOrigin,Malta,SS Melita
Elijah Iles House,instanceOf,House,Elijah Iles House
Elijah Iles House,location,Connecticut,Elijah Iles House
Elijah Iles House,architect,Elijah Iles,Elijah Iles House
Elijah Iles House,built,18th century,Elijah Iles House
Elijah Iles House,listed on the National Register of Historic Places,yes,Elijah Iles House
Elijah Iles House,architectural style,Colonial,Elijah Iles House
Elijah Iles House,part of,Historic District,Elijah Iles House
subject,predicate,object,USCGC Kukui (WAK-186)
subject,predicate,object,NGC 3197
subject,predicate,object,Pandora (spacecraft)
subject,predicate,object,Journal of Chinese Information Processing
subject,predicate,object,Gullen Range Wind Farm
subject,predicate,object,VideoScribe
VideoScribe,instanceOf,Software,VideoScribe
VideoScribe,developer,GoAnimate,VideoScribe
VideoScribe,genre,Animation,VideoScribe
VideoScribe,platform,Web,VideoScribe
VideoScribe,platform,Windows,VideoScribe
VideoScribe,platform,macOS,VideoScribe
VideoScribe,releaseDate,2012,VideoScribe
VideoScribe,usedFor,Animation,VideoScribe
VideoScribe,usedFor,Video creation,VideoScribe
VideoScribe,similarTo,Powtoon,VideoScribe
VideoScribe,similarTo,GoAnimate,VideoScribe
VideoScribe,hasFeature,Drag-and-drop interface,VideoScribe
VideoScribe,hasFeature,Animation library,VideoScribe
Soviet submarine M-172,instanceOf,Submarine,Soviet submarine M-172
Soviet submarine M-172,countryOfOrigin,Soviet Union,Soviet submarine M-172
Soviet submarine M-172,type,M-class submarine,Soviet submarine M-172
Soviet submarine M-172,operator,Soviet Navy,Soviet submarine M-172
Soviet submarine M-172,commissioned,1940,Soviet submarine M-172
Soviet submarine M-172,decommissioned,1955,Soviet submarine M-172
Soviet submarine M-172,length,58.5 m,Soviet submarine M-172
Soviet submarine M-172,beam,3.25 m,Soviet submarine M-172
Soviet submarine M-172,draught,2.1 m,Soviet submarine M-172
Soviet submarine M-172,speed,17.5 knots,Soviet submarine M-172
"Statue of John Howard, Bedford",instanceOf,statue,"Statue of John Howard, Bedford"
"Statue of John Howard, Bedford",depicts,John Howard,"Statue of John Howard, Bedford"
"Statue of John Howard, Bedford",locatedIn,Bedford,"Statue of John Howard, Bedford"
"Statue of John Howard, Bedford",commemorates,John Howard,"Statue of John Howard, Bedford"
SMS Pfeil (1882),instanceOf,Torpedo boat,SMS Pfeil (1882)
SMS Pfeil (1882),isPartOf,German Imperial Navy,SMS Pfeil (1882)
SMS Pfeil (1882),commissioned,1882,SMS Pfeil (1882)
SMS Pfeil (1882),decommissioned,1906,SMS Pfeil (1882)
SMS Pfeil (1882),builder,Schiffbauanstalt J. & C. Tecklenborg,SMS Pfeil (1882)
SMS Pfeil (1882),class,Brummse-class torpedo boat,SMS Pfeil (1882)
SMS Pfeil (1882),displacement,64 tons,SMS Pfeil (1882)
SMS Pfeil (1882),length,29.4 m,SMS Pfeil (1882)
SMS Pfeil (1882),beam,4.3 m,SMS Pfeil (1882)
SMS Pfeil (1882),draught,1.5 m,SMS Pfeil (1882)
SMS Pfeil (1882),speed,21 knots,SMS Pfeil (1882)
subject,predicate,object,Bisaldeo temple
subject,predicate,object,"St Lawrence's Church, Erfurt"
Bulwark-class ship of the line,instanceOf,Ship class,Bulwark-class ship of the line
Bulwark-class ship of the line,subclassOf,Ship of the line,Bulwark-class ship of the line
Bulwark-class ship of the line,hasPart,Bulwark,Bulwark-class ship of the line
Bulwark-class ship of the line,operator,Royal Navy,Bulwark-class ship of the line
Bulwark-class ship of the line,manufacturer,Chatham Dockyard,Bulwark-class ship of the line
Bulwark-class ship of the line,hasDisplacement,2048,Bulwark-class ship of the line
Bulwark-class ship of the line,hasBeam,55,Bulwark-class ship of the line
Bulwark-class ship of the line,hasDraft,23,Bulwark-class ship of the line
Bulwark-class ship of the line,hasLength,167,Bulwark-class ship of the line
Bulwark-class ship of the line,hasSailPlan,Full-rigged ship,Bulwark-class ship of the line
Bulwark-class ship of the line,isCommissionedIn,1772,Bulwark-class ship of the line
Bulwark-class ship of the line,isCommissionedOut,1783,Bulwark-class ship of the line
Bulwark-class ship of the line,hasBuilder,Chatham Dockyard,Bulwark-class ship of the line
Bulwark-class ship of the line,hasOrdered,1769,Bulwark-class ship of the line
NGC 646,instanceOf,Galaxy,NGC 646
NGC 646,locatedIn,Fornax,NGC 646
NGC 646,hasType,Barred spiral galaxy,NGC 646
NGC 646,diameter,"approximately 100,000 light-years",NGC 646
NGC 646,distance,approximately 62 million light-years,NGC 646
NGC 646,discoveredBy,John Herschel,NGC 646
NGC 646,discoveredIn,1834,NGC 646
NGC 646,cataloguedIn,New General Catalogue,NGC 646
NGC 646,hasMorphology,SB(s)b,NGC 646
NGC 646,hasRedshift,0.00534,NGC 646
subject,predicate,object,Volkswagen Jetta (A1)
MS GNV Allegra,instanceOf,Passenger Ship,MS GNV Allegra
MS GNV Allegra,operator,Grimaldi Lines,MS GNV Allegra
MS GNV Allegra,flag,Italy,MS GNV Allegra
MS GNV Allegra,portOfRegistry,Naples,MS GNV Allegra
MS GNV Allegra,built,2006,MS GNV Allegra
MS GNV Allegra,length,153.3 m,MS GNV Allegra
MS GNV Allegra,beam,25.4 m,MS GNV Allegra
MS GNV Allegra,draught,6.5 m,MS GNV Allegra
MS GNV Allegra,speed,18.5 knots,MS GNV Allegra
MS GNV Allegra,capacity,2500 passengers,MS GNV Allegra
MS GNV Allegra,capacity,700 cars,MS GNV Allegra
MS GNV Allegra,route,Italy - Albania - Greece,MS GNV Allegra
Jinde Bridge,instanceOf,bridge,Jinde Bridge
Jinde Bridge,locatedIn,China,Jinde Bridge
Jinde Bridge,hasPart,arch,Jinde Bridge
Jinde Bridge,crosses,river,Jinde Bridge
Jinde Bridge,namedAfter,Jinde,Jinde Bridge
Jinde Bridge,constructedBy,engineer,Jinde Bridge
Jinde Bridge,completionDate,date,Jinde Bridge
Jinde Bridge,length,length,Jinde Bridge
Jinde Bridge,width,width,Jinde Bridge
Jinde Bridge,height,height,Jinde Bridge
subject,predicate,object,ARA Uruguay
3951 Zichichi,instanceOf,Asteroid,3951 Zichichi
3951 Zichichi,namedAfter,Alessandro Zichichi,3951 Zichichi
3951 Zichichi,discoveryDate,1980/03/12,3951 Zichichi
3951 Zichichi,discoverer,Edward L. G. Bowell,3951 Zichichi
3951 Zichichi,orbitalPeriod,5.57,3951 Zichichi
3951 Zichichi,eccentricity,0.077,3951 Zichichi
3951 Zichichi,perihelion,2.73,3951 Zichichi
3951 Zichichi,aphelion,3.42,3951 Zichichi
3951 Zichichi,diameter,11,3951 Zichichi
3951 Zichichi,absoluteMagnitude,12.9,3951 Zichichi
Howa Type 20,instanceOf,assault rifle,Howa Type 20
Howa Type 20,origin,Japan,Howa Type 20
Howa Type 20,manufacturer,Howa,Howa Type 20
Howa Type 20,usedBy,Japan Self-Defense Forces,Howa Type 20
Howa Type 20,cartridge,5.56x45mm NATO,Howa Type 20
Howa Type 20,magazine,20-round detachable box magazine,Howa Type 20
Howa Type 20,barrelLength,415 mm,Howa Type 20
Howa Type 20,length,880 mm,Howa Type 20
Howa Type 20,weight,3.9 kg,Howa Type 20
Howa Type 20,muzzleVelocity,900 m/s,Howa Type 20
Howa Type 20,effectiveFiringRange,500 m,Howa Type 20
Howa Type 20,introduced,2003,Howa Type 20
Houma (YTB-811),instanceOf,YTB-800-class harbor tug,Houma (YTB-811)
Houma (YTB-811),countryOfOrigin,United States,Houma (YTB-811)
Houma (YTB-811),operator,United States Navy,Houma (YTB-811)
Houma (YTB-811),builder,Island-class Harbor Tug,Houma (YTB-811)
Houma (YTB-811),commissioned,1944,Houma (YTB-811)
Houma (YTB-811),decommissioned,1969,Houma (YTB-811)
Houma (YTB-811),shipDisplacement,375 tons,Houma (YTB-811)
Houma (YTB-811),length,157 feet,Houma (YTB-811)
Houma (YTB-811),beam,33 feet,Houma (YTB-811)
Houma (YTB-811),draft,10 feet,Houma (YTB-811)
Houma (YTB-811),shipSpeed,12 knots,Houma (YTB-811)
Chalabioghlou mausoleum,instanceOf,mausoleum,Chalabioghlou mausoleum
Chalabioghlou mausoleum,location,Turkey,Chalabioghlou mausoleum
Chalabioghlou mausoleum,architect,unknown,Chalabioghlou mausoleum
Chalabioghlou mausoleum,architecturalStyle,Ottoman architecture,Chalabioghlou mausoleum
Chalabioghlou mausoleum,inception,unknown,Chalabioghlou mausoleum
Chalabioghlou mausoleum,namedAfter,Chalabioghlu,Chalabioghlou mausoleum
Chalabioghlou mausoleum,type,tomb,Chalabioghlou mausoleum
Chalabioghlou mausoleum,isLocatedOn,unknown,Chalabioghlou mausoleum
HMHS Letitia (1912),instanceOf,Hospital Ship,HMHS Letitia (1912)
HMHS Letitia (1912),commissioned,1912,HMHS Letitia (1912)
HMHS Letitia (1912),operator,Royal Navy,HMHS Letitia (1912)
HMHS Letitia (1912),convertedFrom,RMS Letitia,HMHS Letitia (1912)
HMHS Letitia (1912),convertedTo,Hospital Ship,HMHS Letitia (1912)
HMHS Letitia (1912),length,300 feet,HMHS Letitia (1912)
HMHS Letitia (1912),beam,38 feet,HMHS Letitia (1912)
HMHS Letitia (1912),tonnage,4800 tons,HMHS Letitia (1912)
HMHS Letitia (1912),builder,Chalmers Shipbuilding Company,HMHS Letitia (1912)
HMHS Letitia (1912),laidDown,1911,HMHS Letitia (1912)
HMHS Letitia (1912),launched,April 1912,HMHS Letitia (1912)
HMHS Letitia (1912),fate,sunk 1916,HMHS Letitia (1912)
Silver thiocyanate,instanceOf,Chemical compound,Silver thiocyanate
Silver thiocyanate,chemicalFormula,AgSCN,Silver thiocyanate
Silver thiocyanate,appearance,White crystalline solid,Silver thiocyanate
Silver thiocyanate,solubility,Insoluble in water,Silver thiocyanate
Silver thiocyanate,density,4.35 g/cm3,Silver thiocyanate
Silver thiocyanate,CAS Number,7761-41-7,Silver thiocyanate
Silver thiocyanate,UN Number,2813,Silver thiocyanate
Silver thiocyanate,GHS Hazard Class,"Corrosive to metals, Harmful if inhaled, Causes skin and eye irritation",Silver thiocyanate
Silver thiocyanate,InChI,1S/Ag.SC#N/c1-2-3-4;1-3-4/h;1H,Silver thiocyanate
Silver thiocyanate,Key,CTUWXKMRCCFGDA-UHFFFAOYSA-N,Silver thiocyanate
Panasonic Lumix DC-G9,instanceOf,Micro Four Thirds camera,Panasonic Lumix DC-G9
Panasonic Lumix DC-G9,manufacturer,Panasonic,Panasonic Lumix DC-G9
Panasonic Lumix DC-G9,model,Lumix DC-G9,Panasonic Lumix DC-G9
Panasonic Lumix DC-G9,releaseDate,2017-11-03,Panasonic Lumix DC-G9
Panasonic Lumix DC-G9,sensorType,Live MOS,Panasonic Lumix DC-G9
Panasonic Lumix DC-G9,sensorSize,Four Thirds,Panasonic Lumix DC-G9
Panasonic Lumix DC-G9,resolution,20.3 megapixels,Panasonic Lumix DC-G9
Panasonic Lumix DC-G9,imageStabilization,yes,Panasonic Lumix DC-G9
Panasonic Lumix DC-G9,videoResolution,4K 60fps,Panasonic Lumix DC-G9
Panasonic Lumix DC-G9,memoryCardSlot,SD,Panasonic Lumix DC-G9
Panasonic Lumix DC-G9,weight,727 grams,Panasonic Lumix DC-G9
Panasonic Lumix DC-G9,dimensions,137 x 97 x 94 mm,Panasonic Lumix DC-G9
MV Fingal,instanceOf,Ship,MV Fingal
MV Fingal,hasName,MV Fingal,MV Fingal
MV Fingal,isOwnedBy,P&O Ferries,MV Fingal
MV Fingal,hasMMSI,230000000,MV Fingal
MV Fingal,hasLength,148.8 metres,MV Fingal
MV Fingal,hasBeam,23.4 metres,MV Fingal
MV Fingal,hasDraught,5.3 metres,MV Fingal
MV Fingal,hasSpeed,21 knots,MV Fingal
MV Fingal,isRoute,Dublin - Holyhead,MV Fingal
MV Fingal,wasBuilt,2009,MV Fingal
MV Fingal,wasBuiltBy,Harland and Wolff,MV Fingal
MV Fingal,isInService,true,MV Fingal
subject,predicate,object,NGC 1084
subject,predicate,object,Cloth face mask
Pyrrhochalcia,instanceOf,genus,Pyrrhochalcia
Pyrrhochalcia,subclassOf,Lepidoptera,Pyrrhochalcia
Pyrrhochalcia,family,Pyralidae,Pyrrhochalcia
Conometridae,instanceOf,Family,Conometridae
Conometridae,subclassOf,Odontoturbellaria,Conometridae
Conometridae,subclassOf,Platyhelminthes,Conometridae
Conometridae,familyOf,Conometra,Conometridae
Conometridae,taxonomicRank,Family,Conometridae
Fagopsis,instanceOf,Genus,Fagopsis
Fagopsis,family,Betulaceae,Fagopsis
Fagopsis,genus,Fagopsis,Fagopsis
Fagopsis,type,plant,Fagopsis
Trachelas,instanceOf,genus,Trachelas
Trachelas,family,Dysderidae,Trachelas
Trachelas,genusCategory,Araneomorphae,Trachelas
Trachelas,genusCategory,Araneidae,Trachelas
Trachelas,class,Arachnida,Trachelas
Trachelas,order,Araneomorphae,Trachelas
Trachelas,phylum,Arthropoda,Trachelas
Isogona,instanceOf,Genus,Isogona
Isogona,subclassOf,Lepidoptera,Isogona
Isogona,family,Depressariidae,Isogona
Isogona,order,Lepidoptera,Isogona
subject,predicate,object,Cambridge Greensand
Jalpaite,instanceOf,Mineral,Jalpaite
Jalpaite,chemicalFormula,Ag2ZnGeS4,Jalpaite
Jalpaite,namedAfter,Jalpa de Serra,Jalpaite
Jalpaite,crystalSystem,Tetragonal,Jalpaite
Jalpaite,strunz,2/C.19.01,Jalpaite
Jalpaite,crystalClass,Ditetragonal dipyramidal,Jalpaite
Phytoliriomyza pittosporophylli,instanceOf,Species,Phytoliriomyza pittosporophylli
Phytoliriomyza pittosporophylli,genus,Phytoliriomyza,Phytoliriomyza pittosporophylli
Phytoliriomyza pittosporophylli,family,Agromyzidae,Phytoliriomyza pittosporophylli
Phytoliriomyza pittosporophylli,order,Diptera,Phytoliriomyza pittosporophylli
Phytoliriomyza pittosporophylli,class,Insecta,Phytoliriomyza pittosporophylli
Phytoliriomyza pittosporophylli,phylum,Arthropoda,Phytoliriomyza pittosporophylli
Phytoliriomyza pittosporophylli,kingdom,Animalia,Phytoliriomyza pittosporophylli
Spathiopterygidae,instanceOf,family,Spathiopterygidae
Spathiopterygidae,class,Insecta,Spathiopterygidae
Spathiopterygidae,order,Lepidoptera,Spathiopterygidae
Spathiopterygidae,suborder,Heteroneura,Spathiopterygidae
Spathiopterygidae,superfamily,Spathiopterygidae,Spathiopterygidae
Spathiopterygidae,hasMember,Spathioptera,Spathiopterygidae
subject,predicate,object,Kappa Librae
Kappa Librae,instanceOf,Star,Kappa Librae
Kappa Librae,partOf,Libra (constellation),Kappa Librae
Kappa Librae,hasConstellation,Libra,Kappa Librae
Kappa Librae,hasSpectralType,B-type,Kappa Librae
Kappa Librae,hasLuminosityClass,III,Kappa Librae
Kappa Librae,hasApparentMagnitude,4.72,Kappa Librae
Kappa Librae,hasAbsoluteMagnitude,-3.91,Kappa Librae
Kappa Librae,hasRadius,16.5 R Sun,Kappa Librae
Kappa Librae,hasLuminosity,1700 L Sun,Kappa Librae
Kappa Librae,hasMass,16 M Sun,Kappa Librae
Kappa Librae,hasAge,10 million years,Kappa Librae
Trichordestra dodii,instanceOf,species,Trichordestra dodii
Trichordestra dodii,subclassOf,Trichordestra,Trichordestra dodii
Trichordestra dodii,taxonomicRank,species,Trichordestra dodii
Trichordestra dodii,hasScientificName,Trichordestra dodii,Trichordestra dodii
Trichordestra dodii,hasGenus,Trichordestra,Trichordestra dodii
Trichordestra dodii,hasFamily,Noctuidae,Trichordestra dodii
Pseudonocardia hydrocarbonoxydans,instanceOf, bacterium,Pseudonocardia hydrocarbonoxydans
Pseudonocardia hydrocarbonoxydans,genus,Pseudonocardia,Pseudonocardia hydrocarbonoxydans
Pseudonocardia hydrocarbonoxydans,species,Pseudonocardia hydrocarbonoxydans,Pseudonocardia hydrocarbonoxydans
Pseudonocardia hydrocarbonoxydans,type,Actinomycetota,Pseudonocardia hydrocarbonoxydans
Pseudonocardia hydrocarbonoxydans,isolationSource,soil,Pseudonocardia hydrocarbonoxydans
BH Virginis,instanceOf,Star,BH Virginis
BH Virginis,locatedIn,Virgo,BH Virginis
BH Virginis,hasSpectralType,M-type main-sequence star,BH Virginis
BH Virginis,hasMass,0.16,BH Virginis
BH Virginis,hasRadius,0.23,BH Virginis
BH Virginis,hasLuminosity,0.013,BH Virginis
BH Virginis,hasSurfaceTemperature,3370,BH Virginis
BH Virginis,isVariableStar,true,BH Virginis
BH Virginis,isLocatedIn,Virgo constellation,BH Virginis
Metarranthis homuraria,instanceOf,Species,Metarranthis homuraria
Metarranthis homuraria,subspeciesOf,Metarranthis,Metarranthis homuraria
Metarranthis homuraria,family,Geometridae,Metarranthis homuraria
Metarranthis homuraria,order,Lepidoptera,Metarranthis homuraria
Metarranthis homuraria,class,Insect,Metarranthis homuraria
Metarranthis homuraria,phylum,Arthropoda,Metarranthis homuraria
Metarranthis homuraria,kingdom,Animal,Metarranthis homuraria
Metarranthis homuraria,scientificName,Metarranthis homuraria,Metarranthis homuraria
Metarranthis homuraria,commonName,Metarranthis homuraria,Metarranthis homuraria
Calicium viride,instanceOf,species,Calicium viride
Calicium viride,partOf,Caliciaceae,Calicium viride
Calicium viride,hasDomain,Eukarya,Calicium viride
Calicium viride,isA,lichenized fungus,Calicium viride
Calicium viride,foundIn,North America,Calicium viride
Calicium viride,foundIn,Europe,Calicium viride
Calicium viride,hasHabitat,tree bark,Calicium viride
Calicium viride,hasHabitat,wood,Calicium viride
Calicium viride,describedBy,Nylander,Calicium viride
Calicium viride,hasClassification,Ascomycota,Calicium viride
subject,predicate,object,Bergenin
subject,predicate,object,Clinical Rheumatology
Taselisib,instanceOf,Drug,Taselisib
Taselisib,hasChemicalName,Taselisib,Taselisib
Taselisib,hasOtherName,GDC-075,Taselisib
Taselisib,hasCASNumber,1265022-65-2,Taselisib
Taselisib,isUsedForTreatmentOf,breast cancer,Taselisib
Taselisib,isUsedForTreatmentOf,ovarian cancer,Taselisib
Taselisib,isInPhase,Phase I,Taselisib
Taselisib,isInPhase,Phase II,Taselisib
Taselisib,hasMechanismOfAction,PI3K inhibitor,Taselisib
Taselisib,hasTarget,PI3K,Taselisib
Taselisib,developedBy,Genentech,Taselisib
Taselisib,developedBy,Roche,Taselisib
Taselisib,hasClinicalTrialIdentifier,NCT02297698,Taselisib
Lens (hydrology),instanceOf,Concept,Lens (hydrology)
Lens (hydrology),subDisciplineOf,Hydrology,Lens (hydrology)
Lens (hydrology),namedAfter,"Lens, a device",Lens (hydrology)
Lens (hydrology),describes,Water lens,Lens (hydrology)
Lens (hydrology),describes,Groundwater lens,Lens (hydrology)
Lens (hydrology),studyArea,Groundwater,Lens (hydrology)
Lens (hydrology),studyArea,Aquifer,Lens (hydrology)
Lens (hydrology),relatedField,Hydrogeology,Lens (hydrology)
Lens (hydrology),relatedField,Geology,Lens (hydrology)
subject,predicate,object,Vexillum fidicula
Polycoccum,instanceOf,Genus,Polycoccum
Polycoccum,classifiesAs,fungus,Polycoccum
Polycoccum,family,Arthoniaceae,Polycoccum
Polycoccum,order,Arthoniales,Polycoccum
Polycoccum,class,Arthoniomycetes,Polycoccum
Haloceratidae,instanceOf,family,Haloceratidae
Haloceratidae,subclassOf,Cephalopod,Haloceratidae
Haloceratidae,namedAfter,Haloceras,Haloceratidae
Haloceratidae,extinct,true,Haloceratidae
Haloceratidae,fossilRange,Early Jurassic to Late Jurassic,Haloceratidae
Exechiopsis,instanceOf,Genus,Exechiopsis
Exechiopsis,subclassOf,Diptera,Exechiopsis
Exechiopsis,family,Mycetophilidae,Exechiopsis
Exechiopsis,genus,Exechiopsis,Exechiopsis
Ferrimolybdite,instanceOf,Mineral,Ferrimolybdite
Ferrimolybdite,chemicalFormula,Fe3Mo2O8,Ferrimolybdite
Ferrimolybdite,crystalSystem,Trigonal,Ferrimolybdite
Ferrimolybdite,name,Ferrimolybdite,Ferrimolybdite
Ferrimolybdite,category,Oxide minerals,Ferrimolybdite
Ferrimolybdite,strunzCode,04.FL.20,Ferrimolybdite
Ferrimolybdite,color,Black,Ferrimolybdite
Ferrimolybdite,crystalHabit,Granular,Ferrimolybdite
Ferrimolybdite,discovered,1964,Ferrimolybdite
Ferrimolybdite,molybdenumContent,Molybdenum,Ferrimolybdite
Phialemonium curvatum,instanceOf,Fungus,Phialemonium curvatum
Phialemonium curvatum,genus,Phialemonium,Phialemonium curvatum
Phialemonium curvatum,family,Nectriaceae,Phialemonium curvatum
Phialemonium curvatum,order,Hypocreales,Phialemonium curvatum
Phialemonium curvatum,class,Sordariomycetes,Phialemonium curvatum
Phialemonium curvatum,phylum,Ascomycota,Phialemonium curvatum
Phialemonium curvatum,kingdom,Fungi,Phialemonium curvatum
Trypeticus,instanceOf,Genus,Trypeticus
Trypeticus,subclassOf,Laniidae,Trypeticus
Trypeticus,isA,bird,Trypeticus
Trypeticus,isA,animal,Trypeticus
Trypeticus,isA,organism,Trypeticus
Trypeticus,hasOrigin,Africa,Trypeticus
Trypeticus,hasHabitat,tropical regions,Trypeticus
subject,predicate,object,2020 HA10
subject,predicate,object,Sodium-dependent phosphate transport protein 2A
Stephanispa freycineticola,instanceOf,species,Stephanispa freycineticola
Stephanispa freycineticola,subclassOf,Stephanispa,Stephanispa freycineticola
Stephanispa freycineticola,family,Eulophidae,Stephanispa freycineticola
Stephanispa freycineticola,genus,Stephanispa,Stephanispa freycineticola
Stephanispa freycineticola,order,Hymenoptera,Stephanispa freycineticola
Stephanispa freycineticola,class,Insecta,Stephanispa freycineticola
Stephanispa freycineticola,phylum,Arthropoda,Stephanispa freycineticola
Stephanispa freycineticola,kingdom,Animalia,Stephanispa freycineticola
Kepler-296d,instanceOf,Exoplanet,Kepler-296d
Kepler-296d,partOf,Kepler-296,Kepler-296d
Kepler-296d,locatedIn,Draco,Kepler-296d
Kepler-296d,discoveredBy,NASA,Kepler-296d
Kepler-296d,discoveryDate,2014-04-17,Kepler-296d
Kepler-296d,orbitalPeriod,22.67,Kepler-296d
Kepler-296d,radius,1.38,Kepler-296d
Kepler-296d,mass,unknown,Kepler-296d
Kepler-296d,surfaceTemperature,unknown,Kepler-296d
Kepler-296d,hostStar,Kepler-296,Kepler-296d
Nitidulini,instanceOf,Tribe,Nitidulini
Nitidulini,subordinateTo,Nitidulidae,Nitidulini
Nitidulini,classification,Coleoptera,Nitidulini
Nitidulini,type,Insecta,Nitidulini
Clivinini,instanceOf,Tribe,Clivinini
Clivinini,partOf,Carabidae,Clivinini
Clivinini,classification,Insecta,Clivinini
Clivinini,classification,Coleoptera,Clivinini
Clivinini,classification,Adephaga,Clivinini
Clivinini,classification,Caraboidea,Clivinini
Nireus,instanceOf,Mythological Figure,Nireus
Nireus,instanceOf,Hero,Nireus
Nireus,from,Thessaly,Nireus
Nireus,son of,Poseidon,Nireus
Nireus,leader of,Methone,Nireus
Nireus,leader of,Thessalian,Nireus
Nireus,participant in,Trojan War,Nireus
Nireus,killed by,Hector,Nireus
Sperchontidae,instanceOf,family,Sperchontidae
Sperchontidae,subclassOf,Trombidiformes,Sperchontidae
Sperchontidae,familyOf,Sperchontid,Sperchontidae
Sperchontidae,order,Trombidiformes,Sperchontidae
Sperchontidae,class,Arachnida,Sperchontidae
Pertusaria litchiicola,instanceOf,Fungus,Pertusaria litchiicola
Pertusaria litchiicola,classifiesAs,Pertusaria,Pertusaria litchiicola
Pertusaria litchiicola,isA,Lichenized fungus,Pertusaria litchiicola
Pertusaria litchiicola,foundIn,Asia,Pertusaria litchiicola
Pertusaria litchiicola,foundIn,China,Pertusaria litchiicola
Pertusaria litchiicola,hasScientificName,Pertusaria litchiicola,Pertusaria litchiicola
Pertusaria litchiicola,scientificNameClassification,Pertusaria,Pertusaria litchiicola
Pertusaria litchiicola,namedBy,H. Yamaguchi,Pertusaria litchiicola
subject,predicate,object,Trinitroanisole
Software Package Data Exchange,instanceOf,Specification,Software Package Data Exchange
Software Package Data Exchange,alsoKnownAs,SPDX,Software Package Data Exchange
Software Package Data Exchange,developedBy,Linux Foundation,Software Package Data Exchange
Software Package Data Exchange,usedFor,Software package management,Software Package Data Exchange
Software Package Data Exchange,appliesTo,Software packages,Software Package Data Exchange
Software Package Data Exchange,releasedAs,Version 2.2,Software Package Data Exchange
Software Package Data Exchange,releasedAs,Version 2.3,Software Package Data Exchange
Software Package Data Exchange,supportedBy,Many tools,Software Package Data Exchange
Software Package Data Exchange,fileFormat,JSON,Software Package Data Exchange
Software Package Data Exchange,fileFormat,YAML,Software Package Data Exchange
Software Package Data Exchange,usedIn,Open-source software,Software Package Data Exchange
Software Package Data Exchange,usedIn,Proprietary software,Software Package Data Exchange
7-Methylguanine,instanceOf,Purine,7-Methylguanine
7-Methylguanine,instanceOf,Methylated Guanine,7-Methylguanine
7-Methylguanine,chemicalFormula,C6H9N5O,7-Methylguanine
7-Methylguanine,InChI,"1S/C6H9N5O/c1-7-3-4(7)9-6(8)5(11)10-2-3/h2H,1H3,(H,8,9,10,11)",7-Methylguanine
7-Methylguanine,isomericSMILES,CN1C=NC2=C1C(=O)N(C)N2,7-Methylguanine
7-Methylguanine,chemicalName,7-Methylguanine,7-Methylguanine
7-Methylguanine,IUPACName,7-methylguanine,7-Methylguanine
7-Methylguanine,CASNumber,1214-39-7,7-Methylguanine
7-Methylguanine,ChEBIID,CHEBI:15863,7-Methylguanine
subject,predicate,object,Hydrodynamic stability
subject,predicate,object,Mycoplasma amphoriforme
Thecamonas trahens,instanceOf,species,Thecamonas trahens
Thecamonas trahens,genus,Thecamonas,Thecamonas trahens
Thecamonas trahens,family,Pyrrophyta,Thecamonas trahens
Thecamonas trahens,phylum,Dinophyta,Thecamonas trahens
Thecamonas trahens,class,Dinophyceae,Thecamonas trahens
Thecamonas trahens,order,Gonyaulacales,Thecamonas trahens
Thecamonas trahens,species,Thecamonas trahens,Thecamonas trahens
NGC 6584,instanceOf,globular cluster,NGC 6584
NGC 6584,locatedIn,Milky Way,NGC 6584
NGC 6584,locatedIn,Southern Hemisphere,NGC 6584
NGC 6584,constellation,Sagittarius,NGC 6584
NGC 6584,discoveredBy,Edward Charles Pickering,NGC 6584
NGC 6584,discoveryYear,1896,NGC 6584
NGC 6584,cylindrical radius,0.13,NGC 6584
NGC 6584,half-light radius,2.16 arcminutes,NGC 6584
NGC 6584,metallicity,-1.42,NGC 6584
NGC 6584,age,13.9 billion years,NGC 6584
Triphenylethanol,instanceOf,Chemical compound,Triphenylethanol
Triphenylethanol,chemicalFormula,C20H16O,Triphenylethanol
Triphenylethanol,CASNumber,122-31-6,Triphenylethanol
Triphenylethanol,isA,Organic compound,Triphenylethanol
Triphenylethanol,isA,Alcohol,Triphenylethanol
Triphenylethanol,hasMolecularWeight,260.35 g/mol,Triphenylethanol
Triphenylethanol,boilingPoint,135-140°C,Triphenylethanol
Triphenylethanol,meltingPoint,47-50°C,Triphenylethanol
Kappa Normae,instanceOf,Star,Kappa Normae
Kappa Normae,constellation,Norma,Kappa Normae
Kappa Normae,hasAlternativeName,Kappa Nor,Kappa Normae
Kappa Normae,hasBayerAbbreviation,κ Nor,Kappa Normae
Kappa Normae,spectralType,B-type,Kappa Normae
Kappa Normae,brightness,4.11,Kappa Normae
Kappa Normae,distance,109 light years,Kappa Normae
Kappa Normae,surfaceTemperature,22000 K,Kappa Normae
Kappa Normae,mass,6.5 solar mass,Kappa Normae
Kappa Normae,radius,5.5 solar radius,Kappa Normae
Nemegtosaurus,instanceOf,Dinosaur,Nemegtosaurus
Nemegtosaurus,instanceOf,Saurolophine,Nemegtosaurus
Nemegtosaurus,suborder,Ornithischia,Nemegtosaurus
Nemegtosaurus,family,Hadrosauridae,Nemegtosaurus
Nemegtosaurus,genus,Nemegtosaurus,Nemegtosaurus
Nemegtosaurus,species,N. mongoliensis,Nemegtosaurus
Nemegtosaurus,namedBy,Malkin,Nemegtosaurus
Nemegtosaurus,namedBy,Tsessensky,Nemegtosaurus
Nemegtosaurus,yearOfDiscovery,1977,Nemegtosaurus
Nemegtosaurus,discoveredIn,Mongolia,Nemegtosaurus
Butyl methacrylate,instanceOf,chemical compound,Butyl methacrylate
Butyl methacrylate,chemical formula,C7H12O2,Butyl methacrylate
Butyl methacrylate,CAS number,97-88-1,Butyl methacrylate
Butyl methacrylate,inChI,1S7CH3CH2CH2CH2OC(=O)C(=C)C-1,Butyl methacrylate
Butyl methacrylate,SMILES,CCCCOC(=O)C(=C)C,Butyl methacrylate
Butyl methacrylate,appearance,colorless liquid,Butyl methacrylate
Butyl methacrylate,boiling point,163-165 °C,Butyl methacrylate
Butyl methacrylate,density,0.89 g/cm³,Butyl methacrylate
Butyl methacrylate,used in,coatings,Butyl methacrylate
Butyl methacrylate,used in,adhesives,Butyl methacrylate
Butyl methacrylate,used in,plastics,Butyl methacrylate
Radequinil,instanceOf,ChemicalCompound,Radequinil
Radequinil,chemicalFormula,C22H27ClN4O3,Radequinil
Radequinil,isA,Serotonin modulator,Radequinil
Radequinil,hasActiveIngredient,Radequinil,Radequinil
Radequinil,usedFor,Anxiety Disorders,Radequinil
Radequinil,usedFor,Depression,Radequinil
Radequinil,usedFor,Obsessive-Compulsive Disorder,Radequinil
Radequinil,usedFor,Panic Disorder,Radequinil
Radequinil,belongsTo,Atypical antipsychotic,Radequinil
Radequinil,belongsTo,Serotonin antagonist,Radequinil
subject,predicate,object,"2,3-Dichloroaniline"
Path of Totality,instanceOf,album,Path of Totality
Path of Totality,genre,deathgrind,Path of Totality
Path of Totality,genre,melodic death metal,Path of Totality
Path of Totality,genre,technical death metal,Path of Totality
Path of Totality,released,2004-04-06,Path of Totality
Path of Totality,recordedAt,Barbaros Studio,Path of Totality
Path of Totality,producer,Knut Avenstrup Hauge,Path of Totality
Path of Totality,producer,Catalyst,Path of Totality
Path of Totality,starring,Bård Eithun,Path of Totality
Path of Totality,starring,Erik Danielsson,Path of Totality
Path of Totality,starring,Jens Broman,Path of Totality
Path of Totality,starring,Kjell Haroldsen,Path of Totality
Path of Totality,label,Candlelight Records,Path of Totality
Path of Totality,previousWork,Dark Matter,Path of Totality
Path of Totality,subsequentWork,Transcendence,Path of Totality
subject,predicate,object,Mucor circinelloides
Pseudodineura,instanceOf,Genus,Pseudodineura
Pseudodineura,subclassOf,Hymenoptera,Pseudodineura
Pseudodineura,family,Eumenidae,Pseudodineura
Pseudodineura,order,Hymenoptera,Pseudodineura
Pseudodineura,class,Insect,Pseudodineura
Viridothelium,instanceOf,Genus,Viridothelium
Viridothelium,subclassOf,Ascomycota,Viridothelium
Viridothelium,family,Graphidiaceae,Viridothelium
Viridothelium,genus,Viridothelium,Viridothelium
Viridothelium,type,Fungus,Viridothelium
Arp 256,instanceOf,Star,Arp 256
Arp 256,locatedIn,Milky Way,Arp 256
Arp 256,partOf,NGC 3221,Arp 256
Arp 256,hasConstellation,Leo,Arp 256
Arp 256,typeOf,Interacting galaxy,Arp 256
Arp 256,composedOf,Galaxy,Arp 256
Arp 256,hasMorphology,E/S0,Arp 256
Arp 256,distance,400 million light-years,Arp 256
REDD+,instanceOf,Climate Change Mitigation Program,REDD+
REDD+,abbreviationOf,Reducing Emissions from Deforestation and Forest Degradation,REDD+
REDD+,focusOn,Deforestation,REDD+
REDD+,focusOn,Forest Degradation,REDD+
REDD+,focusOn,Climate Change,REDD+
REDD+,implementedIn,Developing Countries,REDD+
REDD+,fundedBy,United Nations,REDD+
REDD+,fundedBy,World Bank,REDD+
REDD+,partnerWith,UNICEF,REDD+
REDD+,partnerWith,World Wildlife Fund,REDD+
REDD+,goal,Reduce Greenhouse Gas Emissions,REDD+
REDD+,goal,Protect Forest Ecosystems,REDD+
REDD+,establishedIn,2005,REDD+
REDD+,operatesIn,Asia,REDD+
REDD+,operatesIn,Africa,REDD+
REDD+,operatesIn,Latin America,REDD+
PKS 0048−097,instanceOf,Star,PKS 0048−097
PKS 0048−097,isA,High-proper-motion star,PKS 0048−097
PKS 0048−097,discoveredBy,ESO,PKS 0048−097
PKS 0048−097,coordinates,RA 00h 49m 05.5233s,PKS 0048−097
PKS 0048−097,coordinates,DEC −09° 44′ 35.053″,PKS 0048−097
PKS 0048−097,distance,≈390 light-years,PKS 0048−097
PKS 0048−097,spectralType,G-type main-sequence star,PKS 0048−097
PKS 0048−097,mass,0.8 M☉,PKS 0048−097
PKS 0048−097,radius,0.76 R☉,PKS 0048−097
PKS 0048−097,luminosity,0.16 L☉,PKS 0048−097
PKS 0048−097,surfaceTemperature,5200 K,PKS 0048−097
PKS 0048−097,metallicity,−0.5,PKS 0048−097
PKS 0048−097,age,11.34 billion years,PKS 0048−097
subject,predicate,object,Coagulation factor XIII A chain
Coagulation factor XIII A chain,instanceOf,Protein,Coagulation factor XIII A chain
Coagulation factor XIII A chain,partOf,Coagulation factor XIII,Coagulation factor XIII A chain
Coagulation factor XIII A chain,hasAminoAcidSequence,MVLSPADKTNVKAAWGKVGAHAGEYGAEALERMFLSFPTTKTYFVNAMPKYLAADKTNVKAAWGKVGAHAGEYGAEALERMFLSFPTTKTYFVNAMPK,Coagulation factor XIII A chain
Coagulation factor XIII A chain,encodedBy,F13A1,Coagulation factor XIII A chain
Coagulation factor XIII A chain,hasMolecularWeight,78543,Coagulation factor XIII A chain
Coagulation factor XIII A chain,hasFunction,Catalytic activity,Coagulation factor XIII A chain
Coagulation factor XIII A chain,involvedIn,Blood coagulation,Coagulation factor XIII A chain
Coagulation factor XIII A chain,interactsWith,Coagulation factor XIII B chain,Coagulation factor XIII A chain
Coagulation factor XIII A chain,hasComponent,Transglutaminase domain,Coagulation factor XIII A chain
Coagulation factor XIII A chain,hasCellularComponent,Endoplasmic reticulum,Coagulation factor XIII A chain
Coagulation factor XIII A chain,hasBiologicalProcess,Platelet activation,Coagulation factor XIII A chain
subject,predicate,object,Sundochernes
Note,I was only able to find a few facts,if you would like me to search more I can try,Sundochernes
subject,predicate,object,Dethiobacter alkaliphilus
Fusarium oxysporum f.sp. cubense,instanceOf,Fusarium oxysporum f.sp. cubense,Fusarium oxysporum f.sp. cubense
Fusarium oxysporum f.sp. cubense,isA,Fungus,Fusarium oxysporum f.sp. cubense
Fusarium oxysporum f.sp. cubense,isA,Ascomycota,Fusarium oxysporum f.sp. cubense
Fusarium oxysporum f.sp. cubense,isA,Nectriaceae,Fusarium oxysporum f.sp. cubense
Fusarium oxysporum f.sp. cubense,causes,Panama disease,Fusarium oxysporum f.sp. cubense
Fusarium oxysporum f.sp. cubense,affects,Banana,Fusarium oxysporum f.sp. cubense
Fusarium oxysporum f.sp. cubense,foundIn,Soil,Fusarium oxysporum f.sp. cubense
Fusarium oxysporum f.sp. cubense,taxonomyRank,subspecies,Fusarium oxysporum f.sp. cubense
Fusarium oxysporum f.sp. cubense,genus,Fusarium,Fusarium oxysporum f.sp. cubense
Fusarium oxysporum f.sp. cubense,family,Nectriaceae,Fusarium oxysporum f.sp. cubense
Fusarium oxysporum f.sp. cubense,order,Hypocreales,Fusarium oxysporum f.sp. cubense
Fusarium oxysporum f.sp. cubense,class,Sordariomycetes,Fusarium oxysporum f.sp. cubense
subject,predicate,object,Ditrichaceae
Suillus weaverae,instanceOf,fungus,Suillus weaverae
Suillus weaverae,class,Agaricomycetes,Suillus weaverae
Suillus weaverae,family,Suillaceae,Suillus weaverae
Suillus weaverae,genus,Suillus,Suillus weaverae
Suillus weaverae,species,Suillus weaverae,Suillus weaverae
Pholadoblatta,instanceOf,Genus,Pholadoblatta
Pholadoblatta,subclassOf,Insect,Pholadoblatta
Pholadoblatta,family,Pholadoblattidae,Pholadoblatta
Pholadoblatta,order,Blattodea,Pholadoblatta
Pholadoblatta,class,Insecta,Pholadoblatta
GoldSrc,instanceOf,game engine,GoldSrc
GoldSrc,alsoKnownAs,Gold Source,GoldSrc
GoldSrc,developedBy,Valve Corporation,GoldSrc
GoldSrc,basedOn,Quake engine,GoldSrc
GoldSrc,usedIn,Half-Life,GoldSrc
GoldSrc,usedIn,Counter-Strike,GoldSrc
GoldSrc,usedIn,Team Fortress Classic,GoldSrc
GoldSrc,releaseYear,1999,GoldSrc
GoldSrc,predecessor,Quake engine,GoldSrc
GoldSrc,successor,Source engine,GoldSrc
GoldSrc,programmingLanguage,C++,GoldSrc
subject,predicate,object,Taguahelix elaiodes
HD 28700,instanceOf,Star,HD 28700
HD 28700,locatedIn,Milky Way,HD 28700
HD 28700,hasSpectralType,G-type main-sequence star,HD 28700
HD 28700,hasBrightness,8.31,HD 28700
HD 28700,hasDistance,178 light-years,HD 28700
HD 28700,hasRadius,1.02 solar radii,HD 28700
HD 28700,hasMass,1.01 solar masses,HD 28700
HD 28700,hasSurfaceTemperature,"5,570 K",HD 28700
HD 28700,hasAge,1.2 billion years,HD 28700
HD 28700,isVisibleTo,naked eye,HD 28700
HD 28700,hasCatalogNumber,HD 28700,HD 28700
HD 28700,hasHipparcosCatalogNumber,Hip 42147,HD 28700
HD 28700,hasHenry DraperCatalogNumber,HIC 42147,HD 28700
subject,predicate,object,Nitrosyl bromide
subject,predicate,object,Selisistat
"If you want me to ""pretend"" the subject is more popular and provide more facts",I can try to generate some,but I would still respond in the same format.,Selisistat
subject,predicate,object,Methyl hydroperoxide
Thiocarbamate,instanceOf,Chemical compound,Thiocarbamate
Thiocarbamate,hasFunctionalGroup,Thiocarbamate group,Thiocarbamate
Thiocarbamate,isA,Organosulfur compound,Thiocarbamate
Thiocarbamate,isRelatedTo,Carbon disulfide,Thiocarbamate
Thiocarbamate,isRelatedTo,Amines,Thiocarbamate
Thiocarbamate,usedIn,Pesticide,Thiocarbamate
Thiocarbamate,usedIn,Pharmaceuticals,Thiocarbamate
Thiocarbamate,hasApplication,Rubber production,Thiocarbamate
Thiocarbamate,hasApplication,Lubricant additive,Thiocarbamate
Thiocarbamate,typeOf,Thiocarbamates,Thiocarbamate
Mulleripicus,instanceOf,Genus,Mulleripicus
Mulleripicus,subclassOf,Barbet,Mulleripicus
Mulleripicus,family,Capitonidae,Mulleripicus
Mulleripicus,namedAfter,Johannes Müller,Mulleripicus
Mulleripicus,extinct,false,Mulleripicus
VARS2,instanceOf,Gene,VARS2
VARS2,hasOfficialFullName,Valine-tRNA synthetase 2,VARS2
VARS2,hasGeneSymbol,VARS2,VARS2
VARS2,isLocatedOn,human chromosome 11,VARS2
VARS2,hasNCBIEntrezGeneID,10964,VARS2
VARS2,isInvolvedIn,aminoacyl-tRNA synthesis,VARS2
VARS2,interactsWith,tRNA,VARS2
VARS2,isExpressedIn,multiple tissues,VARS2
subject,predicate,object,Eulepidoptera
1 Ceti,instanceOf,Star,1 Ceti
1 Ceti,locatedIn,Cetus,1 Ceti
1 Ceti,hasBrightness,4.01,1 Ceti
1 Ceti,hasColor,K-type,1 Ceti
1 Ceti,hasDistance,13.1 ly,1 Ceti
1 Ceti,hasMass,1.90 M☉,1 Ceti
1 Ceti,hasRadius,11 R☉,1 Ceti
1 Ceti,hasSurfaceTemperature,"4,710 K",1 Ceti
1 Ceti,isAlsoKnownAs,HD 4128,1 Ceti
1 Ceti,isAlsoKnownAs,HR 166,1 Ceti
Temiar language,instanceOf,language,Temiar language
Temiar language,spokenIn,Malaysia,Temiar language
Temiar language,spokenIn,Thailand,Temiar language
Temiar language,partOf,Mon-Khmer languages,Temiar language
Temiar language,family,Austroasiatic languages,Temiar language
Temiar language,iso639-3,tmi,Temiar language
Temiar language,linguisticType,Mon-Khmer language,Temiar language
Chlorosarcinaceae,instanceOf,family,Chlorosarcinaceae
Chlorosarcinaceae,subclassOf,Chlorosarcinales,Chlorosarcinaceae
Chlorosarcinaceae,isA,green algae family,Chlorosarcinaceae
Chlorosarcinaceae,taxonomicRank,family,Chlorosarcinaceae
Chlorosarcinaceae,hasType,Chlorosarcinaceae,Chlorosarcinaceae
subject,predicate,object,PACER (law)
subject,predicate,object,Anaerococcus tetradius
subject,predicate,object,RW Aurigae
subject,predicate,object,Lex Baiuvariorum
Protonectarina,instanceOf,Genus,Protonectarina
Protonectarina,subclassOf,Bird,Protonectarina
Protonectarina,family,Trochilidae,Protonectarina
Protonectarina,genus,Protonectarina,Protonectarina
Protonectarina,type,Hummingbird,Protonectarina
Eubleekeria,instanceOf,Genus,Eubleekeria
Eubleekeria,family,Eubleekeridae,Eubleekeria
Eubleekeria,genusOf,Eubleekeria diacopa,Eubleekeria
Eubleekeria,genusOf,Eubleekeria eurygaster,Eubleekeria
Eubleekeria,genusOf,Eubleekeria grandis,Eubleekeria
Eubleekeria,namedAfter,Johannes Eubleeker,Eubleekeria
Eubleekeria,wasCreated,1863,Eubleekeria
Jirel language,instanceOf,language,Jirel language
Jirel language,spoken in,Nepal,Jirel language
Jirel language,spoken in,India,Jirel language
Jirel language,part of,Sino-Tibetan language family,Jirel language
Jirel language,ISO 639-3 code,jir,Jirel language
Jirel language,also known as,Jirel,Jirel language
Jirel language,has native speakers,yes,Jirel language
Jirel language,number of native speakers,"about 10,000",Jirel language
Jirel language,officially recognized in,Nepal,Jirel language
subject,predicate,object,Eubacterium aggregans
Also,I can try to provide more,but it would require access to more specific or technical databases,Eubacterium aggregans
Apsilops,instanceOf,Genus,Apsilops
Apsilops,subclassOf,Ichneumonidae,Apsilops
Apsilops,suborder,Apocrita,Apsilops
Apsilops,order,Hymenoptera,Apsilops
Apsilops,class,Insecta,Apsilops
Apsilops,phylum,Arthropoda,Apsilops
Apsilops,kingdom,Animalia,Apsilops
LTT 9779,instanceOf,star,LTT 9779
LTT 9779,locatedIn,TESS,LTT 9779
LTT 9779,discoveredBy,Transiting Exoplanet Survey Satellite,LTT 9779
LTT 9779,hasMass,0.729,LTT 9779
LTT 9779,hasRadius,0.867,LTT 9779
LTT 9779,surfaceTemperature,547.3,LTT 9779
LTT 9779,orbitalPeriod,0.6725,LTT 9779
LTT 9779,eccentricity,0.025,LTT 9779
LTT 9779,hasPlanet,LTT 9779 b,LTT 9779
LTT 9779 b,instanceOf,exoplanet,LTT 9779
LTT 9779 b,orbitalPeriod,0.6725,LTT 9779
LTT 9779 b,mass,0.092,LTT 9779
LTT 9779 b,radius,0.586,LTT 9779
LTT 9779 b,surfaceTemperature,325.15,LTT 9779
subject,predicate,object,1-Phenylethanol
Haliclona,instanceOf,genus,Haliclona
Haliclona,subclassOf,Haplosclerida,Haliclona
Haliclona,family,Chalinidae,Haliclona
Haliclona,class,Demospongiae,Haliclona
Haliclona,phylum,Porifera,Haliclona
Haliclona,kingdom,Animalia,Haliclona
Haliclona,isFoundIn,marine environment,Haliclona
Haliclona,hasPart,skeleton,Haliclona
Haliclona,hasPart,spicules,Haliclona
Sulfiram,instanceOf,Drug,Sulfiram
Sulfiram,instanceOf,ChemicalCompound,Sulfiram
Sulfiram,usedFor,Antidotes,Sulfiram
Sulfiram,usedFor,Alcoholism treatment,Sulfiram
Sulfiram,chemicalFormula,C10H10S,Sulfiram
Sulfiram,IUPACName,diethyl dithiocarbamate,Sulfiram
Sulfiram,CASNumber,94-14-4,Sulfiram
Sulfiram,ATCCode,N07BB,Sulfiram
Sulfiram,manufacturer,Sigma-Aldrich,Sulfiram
Sulfiram,manufacturer,Pfizer,Sulfiram
Sminthidae,instanceOf,Family,Sminthidae
Sminthidae,subclassOf,Araneomorphae,Sminthidae
Sminthidae,subclassOf,Araneidae,Sminthidae
Sminthidae,family,Sminthidae,Sminthidae
Tyloderma,instanceOf,Genus,Tyloderma
Tyloderma,subclassOf,Curculionidae,Tyloderma
Tyloderma,family,Curculionidae,Tyloderma
Tyloderma,order,Coleoptera,Tyloderma
Tyloderma,class,Insecta,Tyloderma
Tyloderma,phylum,Arthropoda,Tyloderma
Tyloderma,kingdom,Animalia,Tyloderma
Arisierpeton,instanceOf,Genus,Arisierpeton
Arisierpeton,subclassOf,Mammalia,Arisierpeton
Arisierpeton,wasDescribedBy,Novacek and Clement,Arisierpeton
Arisierpeton,isKnownFrom,North America,Arisierpeton
Arisierpeton,existedDuring,Paleocene epoch,Arisierpeton
Arisierpeton,typeOf,Extinct genus,Arisierpeton
subject,predicate,object,Lintneria
Symplegma,instanceOf,Genus,Symplegma
Symplegma,subclassOf,Araneomorphae,Symplegma
Symplegma,family,Linyphiidae,Symplegma
Symplegma,genus,Symplegma,Symplegma
Symplegma,isAraneae,true,Symplegma
Symplegma,isArachnid,true,Symplegma
Symplegma,hasPart,Pedipalp,Symplegma
Symplegma,hasPart,Abdomen,Symplegma
Symplegma,hasPart,Cephalothorax,Symplegma
subject,predicate,object,Flavobacterium chilense
subject,predicate,object,Estradiol glucuronide
HD 77258,instanceOf,Star,HD 77258
HD 77258,namedAfter,HD 77258,HD 77258
HD 77258,hasSpectralType,G-type main-sequence star,HD 77258
HD 77258,hasMass,1.04,HD 77258
HD 77258,hasRadius,1.11,HD 77258
HD 77258,hasSurfaceTemperature,5850,HD 77258
HD 77258,hasLuminosity,1.32,HD 77258
HD 77258,hasAge,6.3 billion years,HD 77258
HD 77258,isLocatedIn,Milky Way,HD 77258
HD 77258,hasPlanetarySystem,HD 77258 b,HD 77258
subject,predicate,object,Elixia (lichen)
subject,predicate,object,Hawaiia minuscula
Ilienses,instanceOf,Ancient People,Ilienses
Ilienses,locatedIn,Ilyria,Ilienses
Ilienses,locatedIn,Ancient Greece,Ilienses
Ilienses,partOf,Illyria,Ilienses
Ilienses,hasTribe,Illirii,Ilienses
Samanyolu,instanceOf,Galaxy,Samanyolu
Samanyolu,name,Samanyolu,Samanyolu
Samanyolu,alsoKnownAs,Milky Way,Samanyolu
Samanyolu,type,Spiral Galaxy,Samanyolu
Samanyolu,contains,Solar System,Samanyolu
Samanyolu,contains,Earth,Samanyolu
Samanyolu,diameter,100000 light-years,Samanyolu
Samanyolu,age,13.6 billion years,Samanyolu
Samanyolu,numberOfStars,200-400 billion,Samanyolu
subject,predicate,object,The Festivus
Baeksang Arts Award for Best Actress – Television,instanceOf,award,Baeksang Arts Award for Best Actress – Television
Baeksang Arts Award for Best Actress – Television,partOf,Baeksang Arts Award,Baeksang Arts Award for Best Actress – Television
Baeksang Arts Award for Best Actress – Television,category,Best Actress,Baeksang Arts Award for Best Actress – Television
Baeksang Arts Award for Best Actress – Television,media,Television,Baeksang Arts Award for Best Actress – Television
Baeksang Arts Award for Best Actress – Television,country,South Korea,Baeksang Arts Award for Best Actress – Television
Baeksang Arts Award for Best Actress – Television,presentedBy,Baeksang Arts Awards,Baeksang Arts Award for Best Actress – Television
The Glorious Sons,instanceOf,Canadian rock band,The Glorious Sons
The Glorious Sons,genre,Rock,The Glorious Sons
The Glorious Sons,genre,Blues-rock,The Glorious Sons
The Glorious Sons,genre,Hard rock,The Glorious Sons
The Glorious Sons,activeYears,2001-present,The Glorious Sons
The Glorious Sons,recordLabel,Universal Music Canada,The Glorious Sons
The Glorious Sons,member,Jordan Valeriote,The Glorious Sons
The Glorious Sons,member,Kees van Velzen,The Glorious Sons
The Glorious Sons,member,Paul Phillips,The Glorious Sons
The Glorious Sons,member,Craig Wawrzyn,The Glorious Sons
The Glorious Sons,member,Darryl Johns,The Glorious Sons
The Glorious Sons,discography,Fighting the World with Love,The Glorious Sons
The Glorious Sons,discography,The Glorious Sons,The Glorious Sons
The Glorious Sons,discography,Worship and Tribute,The Glorious Sons
The Glorious Sons,discography,Romp,The Glorious Sons
The Glorious Sons,discography,The Launch,The Glorious Sons
The Glorious Sons,discography,High Country,The Glorious Sons
The Glorious Sons,discography,Heavy,The Glorious Sons
Barbadian cuisine,instanceOf,Cuisine,Barbadian cuisine
Barbadian cuisine,origin,Barbados,Barbadian cuisine
Barbadian cuisine,influencedBy,African cuisine,Barbadian cuisine
Barbadian cuisine,influencedBy,British cuisine,Barbadian cuisine
Barbadian cuisine,influencedBy,Indian cuisine,Barbadian cuisine
Barbadian cuisine,influencedBy,Portuguese cuisine,Barbadian cuisine
Barbadian cuisine,characterizedBy,"use of rice, flour, and cornmeal",Barbadian cuisine
Barbadian cuisine,characterizedBy,"use of peas, carrots, and beans",Barbadian cuisine
Barbadian cuisine,features,Cou-cou,Barbadian cuisine
Barbadian cuisine,features,Flying fish,Barbadian cuisine
Barbadian cuisine,features,Conch fritters,Barbadian cuisine
Barbadian cuisine,features,Jerk chicken,Barbadian cuisine
Barbadian cuisine,popularDish,Flying fish sandwich,Barbadian cuisine
Barbadian cuisine,popularDish,Cou-cou and flying fish,Barbadian cuisine
Barbadian cuisine,popularDrink,Rum punch,Barbadian cuisine
Barbadian cuisine,popularDrink,Sorrel,Barbadian cuisine
"Government of National Capital Territory of Delhi (Amendment) Act, 2021",instanceOf,Act of Parliament of India,"Government of National Capital Territory of Delhi (Amendment) Act, 2021"
"Government of National Capital Territory of Delhi (Amendment) Act, 2021",amends,"Government of National Capital Territory of Delhi Act, 1998","Government of National Capital Territory of Delhi (Amendment) Act, 2021"
"Government of National Capital Territory of Delhi (Amendment) Act, 2021",came into effect,"May 28, 2021","Government of National Capital Territory of Delhi (Amendment) Act, 2021"
"Government of National Capital Territory of Delhi (Amendment) Act, 2021",received assent,Ram Nath Kovind,"Government of National Capital Territory of Delhi (Amendment) Act, 2021"
"Government of National Capital Territory of Delhi (Amendment) Act, 2021",passed by,Parliament of India,"Government of National Capital Territory of Delhi (Amendment) Act, 2021"
"Government of National Capital Territory of Delhi (Amendment) Act, 2021",relates to,National Capital Territory of Delhi,"Government of National Capital Territory of Delhi (Amendment) Act, 2021"
"Government of National Capital Territory of Delhi (Amendment) Act, 2021",type,amendment act,"Government of National Capital Territory of Delhi (Amendment) Act, 2021"
"Government of National Capital Territory of Delhi (Amendment) Act, 2021",jurisdiction,India,"Government of National Capital Territory of Delhi (Amendment) Act, 2021"
subject,predicate,object,Les Afriques
subject,predicate,object,Three-Step Dance
Three-Step Dance,instanceOf,Dance,Three-Step Dance
Three-Step Dance,subTypeOf,Ballroom Dance,Three-Step Dance
Three-Step Dance,alsoKnownAs,Waltz,Three-Step Dance
Three-Step Dance,originatedIn,Europe,Three-Step Dance
Three-Step Dance,popularizedIn,United States,Three-Step Dance
Three-Step Dance,hasPart,Leader,Three-Step Dance
Three-Step Dance,hasPart,Follower,Three-Step Dance
Three-Step Dance,hasPart,Music,Three-Step Dance
Three-Step Dance,typicallyIn,3/4 Time,Three-Step Dance
Three-Step Dance,characterizedBy,Rise and Fall Movement,Three-Step Dance
Three-Step Dance,isOftenTaughtAs,Social Dance,Three-Step Dance
Three-Step Dance,isPartOf,Ballroom Dance Syllabus,Three-Step Dance
Three-Step Dance,hasVariations,American Style,Three-Step Dance
Three-Step Dance,hasVariations,International Style,Three-Step Dance
Three-Step Dance,isRelatedTo,Swing Dance,Three-Step Dance
Three-Step Dance,isRelatedTo,Tango Dance,Three-Step Dance
Blunder Boys,instanceOf,Dutch comedy film,Blunder Boys
Blunder Boys,releaseDate,2000-11-15,Blunder Boys
Blunder Boys,director,Joram Lürsen,Blunder Boys
Blunder Boys,starring,Tuur Troost,Blunder Boys
Blunder Boys,starring,Ricky Koeman,Blunder Boys
Blunder Boys,starring,Jeroen Heerschop,Blunder Boys
Blunder Boys,genre,Comedy,Blunder Boys
Blunder Boys,countryOfOrigin,Netherlands,Blunder Boys
Blunder Boys,language,Dutch,Blunder Boys
Davis Rules,instanceOf,American television series,Davis Rules
Davis Rules,genre,Sitcom,Davis Rules
Davis Rules,creator,Jonathan Davis,Davis Rules
Davis Rules,starring,Maureen McCormick,Davis Rules
Davis Rules,starring,Dennis Haskins,Davis Rules
Davis Rules,country,United States,Davis Rules
Davis Rules,numberOfSeasons,2,Davis Rules
Davis Rules,numberOfEpisodes,46,Davis Rules
Davis Rules,broadcastNetwork,NBC,Davis Rules
Davis Rules,premiereDate,1991-01-01,Davis Rules
Davis Rules,finaleDate,1992-05-28,Davis Rules
Cleone,instanceOf,mythological figure,Cleone (mythology)
Cleone,partOf,Greek mythology,Cleone (mythology)
Cleone,namedAfter,Cleone,Cleone (mythology)
Cleone,childOf,Pausanias (mythology),Cleone (mythology)
Cleone,hasMythologicalTitle,Nereid,Cleone (mythology)
Cleone,hasMythologicalRelative,Nereus,Cleone (mythology)
Cleone,hasMythologicalRelative,Doris (mythology),Cleone (mythology)
Nasi gandul,instanceOf,Culinary tradition,Nasi gandul
Nasi gandul,origin,Indonesia,Nasi gandul
Nasi gandul,origin,Pati Regency,Nasi gandul
Nasi gandul,type,Rice dish,Nasi gandul
Nasi gandul,mainIngredient,Rice,Nasi gandul
Nasi gandul,mainIngredient,Coconut milk,Nasi gandul
Nasi gandul,mainIngredient,Meat,Nasi gandul
Nasi gandul,servedWith,Side dish,Nasi gandul
Nasi gandul,region,Java,Nasi gandul
Nasi gandul,region,Central Java,Nasi gandul
subject,predicate,object,Siyah Qalam
Neljänsuora,instanceOf,Municipality,Neljänsuora
Neljänsuora,location,Finland,Neljänsuora
Neljänsuora,partOf,Kainuu,Neljänsuora
Neljänsuora,capital,Kakavaara,Neljänsuora
subject,predicate,object,Buzkashi Boys
Cinema of Bolivia,instanceOf,Cinema of a country,Cinema of Bolivia
Cinema of Bolivia,partOf,Cinema of South America,Cinema of Bolivia
Cinema of Bolivia,hasPart,Bolivian film industry,Cinema of Bolivia
Cinema of Bolivia,influencedBy,Hollywood,Cinema of Bolivia
Cinema of Bolivia,influencedBy,Cinema of Argentina,Cinema of Bolivia
Cinema of Bolivia,hasDirector,Jorge Gaggero,Cinema of Bolivia
Cinema of Bolivia,hasDirector,Kiro Kirino,Cinema of Bolivia
Cinema of Bolivia,hasFilm,Tears of the Wind,Cinema of Bolivia
Cinema of Bolivia,hasFilm,The Embrace of the Serpent,Cinema of Bolivia
Cinema of Bolivia,produces,Bolivian films,Cinema of Bolivia
Cinema of Bolivia,exhibits,International Film Festival of Cartagena,Cinema of Bolivia
Cinema of Bolivia,supportedBy,Bolivian government,Cinema of Bolivia
Cinema of Bolivia,relatedTo,Bolivian culture,Cinema of Bolivia
Cinema of Bolivia,studiedBy,Film students in Bolivia,Cinema of Bolivia
Maltese Challenge League,instanceOf,sports league,Maltese Challenge League
Maltese Challenge League,country,Malta,Maltese Challenge League
Maltese Challenge League,sport,football,Maltese Challenge League
Maltese Challenge League,level,2,Maltese Challenge League
Maltese Challenge League,organizer,Maltese Football Association,Maltese Challenge League
Maltese Challenge League,relegation,Maltese Football League,Maltese Challenge League
Maltese Challenge League,promotion,Maltese Premier League,Maltese Challenge League
Maltese Challenge League,season,2022,Maltese Challenge League
Maltese Challenge League,participant,Gżira United,Maltese Challenge League
Maltese Challenge League,participant,Marsa FC,Maltese Challenge League
Maltese Challenge League,participant,Melita FC,Maltese Challenge League
Maltese Challenge League,participant,Senglea Athletic,Maltese Challenge League
Maltese Challenge League,participant,Sirens FC,Maltese Challenge League
Maltese Challenge League,participant,St. Patrick's FC,Maltese Challenge League
Maltese Challenge League,participant,Tarxien Rainbows,Maltese Challenge League
Maltese Challenge League,participant,Zebbug Rangers,Maltese Challenge League
subject,predicate,object,Culture of Oceania
Culture of Oceania,instanceOf,Culture,Culture of Oceania
Culture of Oceania,partOf,Oceania,Culture of Oceania
Culture of Oceania,includes,Culture of Australia,Culture of Oceania
Culture of Oceania,includes,Culture of New Zealand,Culture of Oceania
Culture of Oceania,includes,Culture of Papua New Guinea,Culture of Oceania
Culture of Oceania,includes,Culture of Fiji,Culture of Oceania
Culture of Oceania,influencedBy,European culture,Culture of Oceania
Culture of Oceania,influencedBy,Asian culture,Culture of Oceania
Culture of Oceania,influencedBy,American culture,Culture of Oceania
Culture of Oceania,hasLanguage,English language,Culture of Oceania
Culture of Oceania,hasLanguage,French language,Culture of Oceania
Culture of Oceania,hasLanguage,Indonesian language,Culture of Oceania
Culture of Oceania,hasMythology,Māori mythology,Culture of Oceania
Culture of Oceania,hasMythology,Australian Aboriginal mythology,Culture of Oceania
Culture of Oceania,hasFestival,Māori New Year,Culture of Oceania
Culture of Oceania,hasFestival,Australian Day,Culture of Oceania
Culture of Oceania,hasSymbol,Kakadu plum,Culture of Oceania
Culture of Oceania,hasSymbol,Kiwifruit,Culture of Oceania
Culture of Oceania,hasSymbol,Hula girl,Culture of Oceania
Culture of Oceania,hasDance,Hula dance,Culture of Oceania
Culture of Oceania,hasDance,Kapa Haka,Culture of Oceania
Culture of Oceania,hasMusic,Didgeridoo,Culture of Oceania
Culture of Oceania,hasMusic,Ukulele,Culture of Oceania
Culture of Oceania,hasFood,Pavlova (dessert),Culture of Oceania
Culture of Oceania,hasFood,Meat pie,Culture of Oceania
Culture of Oceania,hasDrink,Kava,Culture of Oceania
Culture of Oceania,hasDrink,Beer,Culture of Oceania
Culture of Oceania,hasSport,Rugby union,Culture of Oceania
Culture of Oceania,hasSport,Cricket,Culture of Oceania
Culture of Oceania,hasSport,Sailing,Culture of Oceania
Koibal dialect,instanceOf,language,Koibal dialect
Koibal dialect,spokenIn,Siberia,Koibal dialect
Koibal dialect,spokenIn,Russia,Koibal dialect
Koibal dialect,languageFamily,Tuvan languages,Koibal dialect
Koibal dialect,alsoKnownAs,Koibal,Koibal dialect
Koibal dialect,varietyOf,Tuvan language,Koibal dialect
Canadian Review of Comparative Literature,instanceOf,academic journal,Canadian Review of Comparative Literature
Canadian Review of Comparative Literature,publisher,University of Alberta,Canadian Review of Comparative Literature
Canadian Review of Comparative Literature,language,English,Canadian Review of Comparative Literature
Canadian Review of Comparative Literature,subject,Comparative literature,Canadian Review of Comparative Literature
Canadian Review of Comparative Literature,genre,Academic journal,Canadian Review of Comparative Literature
Canadian Review of Comparative Literature,ISSN,0317-1979,Canadian Review of Comparative Literature
Canadian Review of Comparative Literature,inception,1974,Canadian Review of Comparative Literature
Trism,instanceOf,Video Game,Trism
Trism,instanceOf,Puzzle Game,Trism
Trism,developer,Taito Corporation,Trism
Trism,publisher,Taito Corporation,Trism
Trism,releaseDate,2005-07-20,Trism
Trism,platform,PlayStation Portable,Trism
Trism,genre,Puzzle Game,Trism
Trism,mode,Single-player,Trism
Trism,rating,ESRB: E10+,Trism
Trism,rating,PEGI: 3+,Trism
A' Cleachdadh na Gàidhlig,instanceOf,TV series,A' Cleachdadh na Gàidhlig
A' Cleachdadh na Gàidhlig,genre,Documentary,A' Cleachdadh na Gàidhlig
A' Cleachdadh na Gàidhlig,countryOfOrigin,Scotland,A' Cleachdadh na Gàidhlig
A' Cleachdadh na Gàidhlig,language,Scottish Gaelic,A' Cleachdadh na Gàidhlig
A' Cleachdadh na Gàidhlig,presenter,Mairi Nèill,A' Cleachdadh na Gàidhlig
A' Cleachdadh na Gàidhlig,productionCompany,BBC Scotland,A' Cleachdadh na Gàidhlig
A' Cleachdadh na Gàidhlig,numberOfEpisodes,6,A' Cleachdadh na Gàidhlig
A' Cleachdadh na Gàidhlig,firstAirDate,2015-03-24,A' Cleachdadh na Gàidhlig
A' Cleachdadh na Gàidhlig,lastAirDate,2015-04-28,A' Cleachdadh na Gàidhlig
subject,predicate,object,Iwanaga-hime
subject,predicate,object,Tax Credits Act 2002
Tax Credits Act 2002,instanceOf,Act of Parliament,Tax Credits Act 2002
Tax Credits Act 2002,year,2002,Tax Credits Act 2002
Tax Credits Act 2002,jurisdiction,United Kingdom,Tax Credits Act 2002
Tax Credits Act 2002,amends,Tax Credits Act 1999,Tax Credits Act 2002
Tax Credits Act 2002,replaces,Working Families Tax Credit,Tax Credits Act 2002
Tax Credits Act 2002,replaces,Child Tax Credit,Tax Credits Act 2002
Tax Credits Act 2002,introduces,Child Tax Credit,Tax Credits Act 2002
Tax Credits Act 2002,introduces,Working Tax Credit,Tax Credits Act 2002
Tax Credits Act 2002,cameIntoForce,2003-04-06,Tax Credits Act 2002
Tax Credits Act 2002,longTitle,"An Act to make provision to consolidate, with amendments, certain enactments relating to tax credits; and for connected purposes.",Tax Credits Act 2002
subject,predicate,object,Brunei Malay
East Asian History (journal),instanceOf,academic journal,East Asian History (journal)
East Asian History (journal),publisher,Cambridge University Press,East Asian History (journal)
East Asian History (journal),subject,East Asian history,East Asian History (journal)
East Asian History (journal),language,English,East Asian History (journal)
East Asian History (journal),ISSN,13600887,East Asian History (journal)
East Asian History (journal),website,https://www.cambridge.org/journals/eas,East Asian History (journal)
Daitokai Series,instanceOf,Series,Daitokai Series
Daitokai Series,partOf,Japanese Professional Baseball,Daitokai Series
Daitokai Series,hasPart,Central League,Daitokai Series
Daitokai Series,hasPart,Pacific League,Daitokai Series
Daitokai Series,isPlayedBy,Yomiuri Giants,Daitokai Series
Daitokai Series,isPlayedBy,Tokyo Yakult Swallows,Daitokai Series
Daitokai Series,isPlayedBy,Hanshin Tigers,Daitokai Series
Daitokai Series,isPlayedBy,Hiroshima Toyo Carp,Daitokai Series
Daitokai Series,isPlayedBy,Chunichi Dragons,Daitokai Series
Daitokai Series,isPlayedBy,Seibu Lions,Daitokai Series
Daitokai Series,isPlayedBy,Fukuoka SoftBank Hawks,Daitokai Series
Daitokai Series,isPlayedBy,Saitama Seibu Lions,Daitokai Series
Daitokai Series,isPlayedBy,Tohoku Rakuten Golden Eagles,Daitokai Series
Daitokai Series,isPlayedBy,Orix Buffaloes,Daitokai Series
Daitokai Series,isPlayedBy,Chiba Lotte Marines,Daitokai Series
Daitokai Series,isPlayedBy,Hokkaido Nippon-Ham Fighters,Daitokai Series
Daitokai Series,hasWinner,Yomiuri Giants,Daitokai Series
Daitokai Series,hasWinner,Seibu Lions,Daitokai Series
Daitokai Series,hasWinner,Fukuoka Daiei Hawks,Daitokai Series
Daitokai Series,hasWinner,Orix BlueWave,Daitokai Series
Decoration of Honour for Services to the Republic of Austria,instanceOf,Order of Honour,Decoration of Honour for Services to the Republic of Austria
Decoration of Honour for Services to the Republic of Austria,country,Austria,Decoration of Honour for Services to the Republic of Austria
Decoration of Honour for Services to the Republic of Austria,category,State decoration,Decoration of Honour for Services to the Republic of Austria
Decoration of Honour for Services to the Republic of Austria,hasLevel,Grand Cross,Decoration of Honour for Services to the Republic of Austria
Decoration of Honour for Services to the Republic of Austria,hasLevel,Gold,Decoration of Honour for Services to the Republic of Austria
Decoration of Honour for Services to the Republic of Austria,hasLevel,Silver,Decoration of Honour for Services to the Republic of Austria
Decoration of Honour for Services to the Republic of Austria,hasLevel,Bronze,Decoration of Honour for Services to the Republic of Austria
Decoration of Honour for Services to the Republic of Austria,confersOn,Citizens of Austria,Decoration of Honour for Services to the Republic of Austria
Decoration of Honour for Services to the Republic of Austria,confersOn,Foreigners,Decoration of Honour for Services to the Republic of Austria
Decoration of Honour for Services to the Republic of Austria,awardedBy,President of Austria,Decoration of Honour for Services to the Republic of Austria
Katan Aleinu,instanceOf,Jewish Prayer,Katan Aleinu
Katan Aleinu,partOf,Daily Jewish Prayer,Katan Aleinu
Katan Aleinu,recitedBy,Jewish Community,Katan Aleinu
Katan Aleinu,alsoKnownAs,Katan HaAinu,Katan Aleinu
Katan Aleinu,alsoKnownAs,Katan HaAleinu,Katan Aleinu
Katan Aleinu,meaning,Prayer for the Government,Katan Aleinu
Katan Aleinu,composedBy,Rabbi Judah Halevi,Katan Aleinu
Katan Aleinu,composedBy,Rabbi Yosef ibn Avitor,Katan Aleinu
Katan Aleinu,recitedDuring,Morning Prayer,Katan Aleinu
Katan Aleinu,recitedDuring,Evening Prayer,Katan Aleinu
Aathanka,instanceOf,Tamil Film,Aathanka
Aathanka,releaseDate,1997,Aathanka
Aathanka,director,T. L. V. Prasad,Aathanka
Aathanka,starring,Sathyaraj,Aathanka
Aathanka,starring,Koundinya,Aathanka
Aathanka,starring,Rambha,Aathanka
Aathanka,starring,Goundeswari,Aathanka
Podvig naroda,instanceOf,database,Podvig naroda
Podvig naroda,location,Russia,Podvig naroda
Podvig naroda,language,Russian,Podvig naroda
Podvig naroda,subject,History of the Soviet Union,Podvig naroda
Podvig naroda,description,database of memorial records about participants of the Great Patriotic War,Podvig naroda
Podvig naroda,operator,Ministry of Defense of the Russian Federation,Podvig naroda
Podvig naroda,accessMode,online,Podvig naroda
Podvig naroda,launchDate,2010-05-09,Podvig naroda
Podvig naroda,numberOfRecords,more than 12 million,Podvig naroda
Zange Meshi,instanceOf,Japanese television series,Zange Meshi
Zange Meshi,instanceOf,Television series,Zange Meshi
Zange Meshi,basedOn,Zange Meshi,Zange Meshi
Zange Meshi,director,Miki Dezmond,Zange Meshi
Zange Meshi,starring,Takahiro Miyoshi,Zange Meshi
Zange Meshi,starring,Rina Kondo,Zange Meshi
Zange Meshi,starring,Yoshiki Aoyama,Zange Meshi
Zange Meshi,countryOfOrigin,Japan,Zange Meshi
Zange Meshi,language,Japanese,Zange Meshi
Zange Meshi,genre,Comedy-drama,Zange Meshi
Zange Meshi,numberOfEpisodes,13,Zange Meshi
Zange Meshi,broadcastNetwork,Tokyo Broadcasting System,Zange Meshi
subject,predicate,object,Responsorial psalmody
Contemporânea,instanceOf,art movement,Contemporânea
Contemporânea,instanceOf,Brazilian art movement,Contemporânea
Contemporânea,foundedBy,Tarsila do Amaral,Contemporânea
Contemporânea,foundedBy,Anita Malfatti,Contemporânea
Contemporânea,foundedBy,Mário de Andrade,Contemporânea
Contemporânea,foundedBy,Oswald de Andrade,Contemporânea
Contemporânea,foundedBy,Menotti Gozzano,Contemporânea
Contemporânea,activeFrom,1922,Contemporânea
Contemporânea,activeUntil,1930,Contemporânea
Contemporânea,influencedBy,Modernism,Contemporânea
Contemporânea,influencedBy,Cubism,Contemporânea
Contemporânea,influencedBy,Futurism,Contemporânea
Contemporânea,associatedWith,Brazilian modernism,Contemporânea
subject,predicate,object,Ord och Bild
subject,predicate,object,Family support
subject,predicate,object,Scottish Women's Football
10vor10,instanceOf,News Program,10vor10
10vor10,broadcastOn,Swiss Broadcasting Corporation,10vor10
10vor10,broadcastOn,SRF,10vor10
10vor10,language,German,10vor10
10vor10,country,Switzerland,10vor10
10vor10,format,Television News,10vor10
10vor10,type,TV Show,10vor10
Alai Osai,instanceOf,stadium,Alai Osai
Alai Osai,locatedIn,Turkey,Alai Osai
Alai Osai,locatedIn,Ankara,Alai Osai
Alai Osai,capacity,47375,Alai Osai
Alai Osai,inaugurated,2010,Alai Osai
Versions of Modern Performance,instanceOf,theatrical production,Versions of Modern Performance
Versions of Modern Performance,creator,The Wooster Group,Versions of Modern Performance
Versions of Modern Performance,creator,Elizabeth Leal,Versions of Modern Performance
Versions of Modern Performance,creator,Kate Valk,Versions of Modern Performance
Versions of Modern Performance,basedOn,The Cherry Orchard,Versions of Modern Performance
Versions of Modern Performance,basedOn,The Crayon,Versions of Modern Performance
Versions of Modern Performance,basedOn,The Seagull,Versions of Modern Performance
Versions of Modern Performance,premiereDate,1984-04-19,Versions of Modern Performance
Versions of Modern Performance,premiereLocation,The Wooster Theatre,Versions of Modern Performance
Versions of Modern Performance,award,Obie Award,Versions of Modern Performance
Death Battle,instanceOf,YouTube series,Death Battle
Death Battle,creator,Bryan,Death Battle
Death Battle,editor,Bryan,Death Battle
Death Battle,host,Bryan,Death Battle
Death Battle,genre,Mock trial,Death Battle
Death Battle,genre,Comedy,Death Battle
Death Battle,genre,Entertainment,Death Battle
Death Battle,related,Destroy the Godmodder,Death Battle
Death Battle,related,VS,Death Battle
Death Battle,channel,Death Battle,Death Battle
Death Battle,country,United States,Death Battle
Death Battle,language,English,Death Battle
subject,predicate,object,Opus (classical record magazine)
Opus (classical record magazine),instanceOf,magazine,Opus (classical record magazine)
Opus (classical record magazine),genre,classical music,Opus (classical record magazine)
Opus (classical record magazine),publisher,Various,Opus (classical record magazine)
Opus (classical record magazine),country,United Kingdom,Opus (classical record magazine)
Opus (classical record magazine),language,English,Opus (classical record magazine)
Opus (classical record magazine),subject,Music,Opus (classical record magazine)
Opus (classical record magazine),dissolved,1994,Opus (classical record magazine)
Opus (classical record magazine),issn,0268-2011,Opus (classical record magazine)
Music genre,instanceOf,Concept,Music genre
Music genre,subclassOf,Genre,Music genre
Music genre,is a type of,Classification,Music genre
Music genre,describes,Music,Music genre
Music genre,characterized by,Sound,Music genre
Music genre,characterized by,Style,Music genre
Music genre,has subtypes,Pop music,Music genre
Music genre,has subtypes,Rock music,Music genre
Music genre,has subtypes,Jazz,Music genre
Music genre,has subtypes,Classical music,Music genre
Music genre,has subtypes,Folk music,Music genre
Music genre,influenced by,Culture,Music genre
Music genre,influenced by,History,Music genre
Music genre,is studied in,Musicology,Music genre
Music genre,is a part of,Music industry,Music genre
subject,predicate,object,Fashion Theory
subject,predicate,object,Don't Waste Your Wishes
Don't Waste Your Wishes,instanceOf,Album,Don't Waste Your Wishes
Don't Waste Your Wishes,released,2015-05-15,Don't Waste Your Wishes
Don't Waste Your Wishes,producer,Rob Halford,Don't Waste Your Wishes
Don't Waste Your Wishes,producer,Gregg Morgan,Don't Waste Your Wishes
Don't Waste Your Wishes,recordLabel,Anison,Don't Waste Your Wishes
Don't Waste Your Wishes,recordLabel,Nuclear Blast Records,Don't Waste Your Wishes
Don't Waste Your Wishes,performer,Rob Halford,Don't Waste Your Wishes
Rob Halford,instanceOf,Musician,Don't Waste Your Wishes
subject,predicate,object,Joint Declaration on the Doctrine of Justification
Joint Declaration on the Doctrine of Justification,instanceOf,theological document,Joint Declaration on the Doctrine of Justification
Joint Declaration on the Doctrine of Justification,publishedBy,Lutheran World Federation,Joint Declaration on the Doctrine of Justification
Joint Declaration on the Doctrine of Justification,publishedBy,Catholic Church,Joint Declaration on the Doctrine of Justification
Joint Declaration on the Doctrine of Justification,publicationDate,1999-06-10,Joint Declaration on the Doctrine of Justification
Joint Declaration on the Doctrine of Justification,subject,doctrine of justification,Joint Declaration on the Doctrine of Justification
Joint Declaration on the Doctrine of Justification,subject,Lutheran-Catholic dialogue,Joint Declaration on the Doctrine of Justification
Joint Declaration on the Doctrine of Justification,signedBy,Lutheran World Federation,Joint Declaration on the Doctrine of Justification
Joint Declaration on the Doctrine of Justification,signedBy,Catholic Church,Joint Declaration on the Doctrine of Justification
Joint Declaration on the Doctrine of Justification,refersTo,Martin Luther,Joint Declaration on the Doctrine of Justification
Joint Declaration on the Doctrine of Justification,refersTo,Protestant Reformation,Joint Declaration on the Doctrine of Justification
Joint Declaration on the Doctrine of Justification,refersTo,Catholic Church doctrine,Joint Declaration on the Doctrine of Justification
subject,predicate,object,Scottish League Two
Gather (sewing),instanceOf,Sewing technique,Gather (sewing)
Gather (sewing),subclassOf,Fabric manipulation technique,Gather (sewing)
Gather (sewing),usedFor,Garment construction,Gather (sewing)
Gather (sewing),usedFor,Home decor,Gather (sewing)
Gather (sewing),hasPart,Gathering stitch,Gather (sewing)
Gather (sewing),hasPart,Running stitch,Gather (sewing)
Gather (sewing),relatedTo,Ruffles,Gather (sewing)
Gather (sewing),relatedTo,Pleats,Gather (sewing)
Gather (sewing),seeAlso,Shirring (sewing),Gather (sewing)
Gather (sewing),seeAlso,Drapery,Gather (sewing)
Gather (sewing),isUsedIn,Fashion design,Gather (sewing)
Gather (sewing),isUsedIn,Textile arts,Gather (sewing)
Museum card (Finland),instanceOf,Museum card,Museum card (Finland)
Museum card (Finland),countryOfOrigin,Finland,Museum card (Finland)
Museum card (Finland),usedFor,Museum admission,Museum card (Finland)
Museum card (Finland),issuedBy,I Finland,Museum card (Finland)
Museum card (Finland),type,Museum card,Museum card (Finland)
Museum card (Finland),validity,1 year,Museum card (Finland)
Museum card (Finland),benefits,Free admission,Museum card (Finland)
Museum card (Finland),availableFor,Finns,Museum card (Finland)
Museum card (Finland),availableFor,Foreign tourists,Museum card (Finland)
Museum card (Finland),website,https://www.museokortti.fi/,Museum card (Finland)
Abui people,instanceOf,ethnic group,Abui people
Abui people,nativeTo,Indonesia,Abui people
Abui people,nativeTo,Maluku Islands,Abui people
Abui people,language,Abui language,Abui people
Abui people,family,Malayo-Polynesian peoples,Abui people
Abui people,partOf,Maluku Province,Abui people
Abui people,population,"approximately 100,000",Abui people
Chachi people,instanceOf,Indigenous peoples,Chachi people
Chachi people,locatedIn,Ecuador,Chachi people
Chachi people,language,Chachi language,Chachi people
Chachi people,population,"around 8,000",Chachi people
Chachi people,ethnicGroup,Chachi,Chachi people
Chachi people,culturalRegion,Amazon rainforest,Chachi people
Chachi people,traditionalSubsistence,hunting and gathering,Chachi people
Chachi people,traditionalHousing,maloca,Chachi people
Taking One for the Team,instanceOf,album,Taking One for the Team
Taking One for the Team,released,1975-11-20,Taking One for the Team
Taking One for the Team,performer,The Wiggles,Taking One for the Team
Taking One for the Team,genre,children's music,Taking One for the Team
Taking One for the Team,producer,John Field,Taking One for the Team
Workmanship,instanceOf,Concept,Workmanship
Workmanship,is,Skill,Workmanship
Workmanship,refersTo,Quality of work,Workmanship
Workmanship,involves,Craftsmanship,Workmanship
Workmanship,requires,Skill,Workmanship
Workmanship,requires,Attention to detail,Workmanship
Workmanship,relatedTo,Trade,Workmanship
Workmanship,relatedTo,Profession,Workmanship
Workmanship,valuedIn,Crafts,Workmanship
Workmanship,valuedIn,Manufacturing,Workmanship
Workmanship,influences,Quality,Workmanship
Workmanship,influences,Productivity,Workmanship
subject,predicate,object,Workmanship
Seite an Seite,instanceOf,TV series,Seite an Seite
Seite an Seite,genre,Drama,Seite an Seite
Seite anseite,productionCompany,Bavaria Film,Seite an Seite
Seite anseite,countryOfOrigin,Germany,Seite an Seite
Seite anseite,language,German,Seite an Seite
Seite anseite,premiereDate,2002-03-04,Seite an Seite
Seite anseite,numberOfEpisodes,75,Seite an Seite
Seite anseite,numberOfSeasons,5,Seite an Seite
Seite anseite,mainActor,Klaus Welle,Seite an Seite
Seite anseite,mainActor,Gerd Wameling,Seite an Seite
Seite anseite,mainActress,Barbara Folk,Seite an Seite
Seite anseite,mainActress,Monika Przeweska,Seite an Seite
Cuisine of New Orleans,instanceOf,Cuisine,Cuisine of New Orleans
Cuisine of New Orleans,influencedBy,French cuisine,Cuisine of New Orleans
Cuisine of New Orleans,influencedBy,Spanish cuisine,Cuisine of New Orleans
Cuisine of New Orleans,influencedBy,African cuisine,Cuisine of New Orleans
Cuisine of New Orleans,influencedBy,Caribbean cuisine,Cuisine of New Orleans
Cuisine of New Orleans,characterizedBy,use of spices,Cuisine of New Orleans
Cuisine of New Orleans,characterizedBy,use of seafood,Cuisine of New Orleans
Cuisine of New Orleans,characterizedBy,use of rice,Cuisine of New Orleans
Cuisine of New Orleans,popularized,Gumbo,Cuisine of New Orleans
Cuisine of New Orleans,popularized,Jambalaya,Cuisine of New Orleans
Cuisine of New Orleans,popularized,Beignets,Cuisine of New Orleans
Cuisine of New Orleans,popularized,King cake,Cuisine of New Orleans
Cuisine of New Orleans,associatedWith,New Orleans,Cuisine of New Orleans
Cuisine of New Orleans,associatedWith,Louisiana,Cuisine of New Orleans
Cuisine of New Orleans,hasInfluenceOn,Cajun cuisine,Cuisine of New Orleans
Cuisine of New Orleans,hasInfluenceOn,Creole cuisine,Cuisine of New Orleans
subject,predicate,object,Project Mc2
subject,predicate,object,California Agriculture
Patriotic March,instanceOf,March,Patriotic March
Patriotic March,composer,Pyotr Ilyich Tchaikovsky,Patriotic March
Patriotic March,partOf,The Year 1812,Patriotic March
Patriotic March,instrument,Orchestra,Patriotic March
Patriotic March,musicalPeriod,Romantic era,Patriotic March
Sarabham,instanceOf,Hindu ritual,Sarabham
Sarabham,subtypeOf,Puja,Sarabham
Sarabham,isRelatedTo,Hinduism,Sarabham
Sarabham,isPracticedIn,South India,Sarabham
Sarabham,isRelatedTo,Ayurveda,Sarabham
Sarabham,hasPurpose,Spiritual growth,Sarabham
Sarabham,hasPurpose,Physical well-being,Sarabham
Sarabham,isUsedFor,Healing,Sarabham
Sarabham,isUsedFor,Meditation,Sarabham
Whistled language of Aas,instanceOf,Whistled language,Whistled language of Aas
Whistled language of Aas,location,Aas,Whistled language of Aas
Whistled language of Aas,languageStatus,vulnerable,Whistled language of Aas
Whistled language of Aas,ISO 639-3 code,ahs,Whistled language of Aas
Whistled language of Aas,linguisticType,Whistled language,Whistled language of Aas
Whistled language of Aas,alsoKnownAs,Silbo de Aas,Whistled language of Aas
Whistled language of Aas,spokenIn,Aas,Whistled language of Aas
Whistled language of Aas,hasNativeName,Silbo,Whistled language of Aas
Whistled language of Aas,linguisticCategory,Language,Whistled language of Aas
Whistled language of Aas,UNESCO language classification,vulnerable,Whistled language of Aas
Yaña Älem,instanceOf,online newspaper,Yaña Älem
Yaña Älem,language,Tatar,Yaña Älem
Yaña Älem,country,Russia,Yaña Älem
Yaña Älem,headquarters,Kazan,Yaña Älem
Yaña Älem,registrationDate,2014-05-20,Yaña Älem
Yaña Älem,editor,Ildar Eşev,Yaña Älem
Yaña Älem,publisher,Yaña Älem Ltd,Yaña Älem
Yaña Älem,issn,2411-4043,Yaña Älem
Yaña Älem,website,https://yanaalem.ru/,Yaña Älem
Historisches Lexikon Bayerns,instanceOf,encyclopedia,Historisches Lexikon Bayerns
Historisches Lexikon Bayerns,language,German,Historisches Lexikon Bayerns
Historisches Lexikon Bayerns,publisher,Beck-Verlag,Historisches Lexikon Bayerns
Historisches Lexikon Bayerns,editor,Klaus Graf,Historisches Lexikon Bayerns
Historisches Lexikon Bayerns,publicationDate,2011,Historisches Lexikon Bayerns
Historisches Lexikon Bayerns,subject,Bavaria,Historisches Lexikon Bayerns
Historisches Lexikon Bayerns,subject,history,Historisches Lexikon Bayerns
Historisches Lexikon Bayerns,instanceOf,online encyclopedia,Historisches Lexikon Bayerns
Historisches Lexikon Bayerns,url,https://www.historisches-lexikon-bayerns.de/,Historisches Lexikon Bayerns
Connaissance des Arts,instanceOf,magazine,Connaissance des Arts
Connaissance des Arts,instanceOf,art magazine,Connaissance des Arts
Connaissance des Arts,publisher,Éditions de l'Art,Connaissance des Arts
Connaissance des Arts,language,French,Connaissance des Arts
Connaissance des Arts,countryOfOrigin,France,Connaissance des Arts
Connaissance des Arts,firstIssue,1952,Connaissance des Arts
Connaissance des Arts,subject,art,Connaissance des Arts
Connaissance des Arts,subject,art history,Connaissance des Arts
Connaissance des Arts,subject,culture,Connaissance des Arts
Connaissance des Arts,ISSN,0397-0184,Connaissance des Arts
Eino Leino Prize,instanceOf,literary award,Eino Leino Prize
Eino Leino Prize,namedAfter,Eino Leino,Eino Leino Prize
Eino Leino Prize,location,Finland,Eino Leino Prize
Eino Leino Prize,category,poetry,Eino Leino Prize
Eino Leino Prize,category,literature,Eino Leino Prize
Eino Leino Prize,awardHolders,list of recipients,Eino Leino Prize
Eino Leino Prize,presenter,Finnish Writers' Association,Eino Leino Prize
Eino Leino Prize,established,1981,Eino Leino Prize
Fluttershy,instanceOf,Pony,Fluttershy
Fluttershy,partOf,The Mane Six,Fluttershy
Fluttershy,hasFriend,Pinkie Pie,Fluttershy
Fluttershy,hasFriend,Applejack,Fluttershy
Fluttershy,hasFriend,Rarity,Fluttershy
Fluttershy,hasFriend,Twilight Sparkle,Fluttershy
Fluttershy,hasFriend,Spike,Fluttershy
Fluttershy,livesIn,Ponyville,Fluttershy
Fluttershy,hasAnimal,Butterflies,Fluttershy
Fluttershy,hasAnimal,Animals,Fluttershy
Fluttershy,isKnownFor,Gentle nature,Fluttershy
Fluttershy,isKnownFor,Animal whisperer,Fluttershy
Fluttershy,appearsIn,My Little Pony: Friendship is Magic,Fluttershy
Fluttershy,createdBy,Lauren Faust,Fluttershy
Fluttershy,voicedBy,Andrea Libman,Fluttershy
Fluttershy,hasSibling,Sparky,Fluttershy
Fluttershy,isCharacterOf,Cartoon series,Fluttershy
subject,predicate,object,Saturn Awards
Thattai (Indian food),instanceOf,Indian dish,Thattai (Indian food)
Thattai (Indian food),origin,Tamil Nadu,Thattai (Indian food)
Thattai (Indian food),type,Snack,Thattai (Indian food)
Thattai (Indian food),madeFrom,Rice flour,Thattai (Indian food)
Thattai (Indian food),madeFrom,Urad dal,Thattai (Indian food)
Thattai (Indian food),madeFrom,Spices,Thattai (Indian food)
Thattai (Indian food),isSimilarTo,Murukku,Thattai (Indian food)
Thattai (Indian food),isSimilarTo,Chakli,Thattai (Indian food)
Thattai (Indian food),popularIn,Tamil Nadu,Thattai (Indian food)
Thattai (Indian food),popularIn,Kerala,Thattai (Indian food)
Thattai (Indian food),popularIn,Karnataka,Thattai (Indian food)
Einsamkeit,instanceOf,concept,Einsamkeit
Einsamkeit,language,German,Einsamkeit
Einsamkeit,translation,loneliness,Einsamkeit
Einsamkeit,partOf,human emotion,Einsamkeit
Einsamkeit,relatedTo,solitude,Einsamkeit
Einsamkeit,relatedTo,isolation,Einsamkeit
Caribbean Quarterly,instanceOf,Academic Journal,Caribbean Quarterly
Caribbean Quarterly,publisher,University of the West Indies,Caribbean Quarterly
Caribbean Quarterly,language,English,Caribbean Quarterly
Caribbean Quarterly,subject,Caribbean Studies,Caribbean Quarterly
Caribbean Quarterly,subject,Cultural Studies,Caribbean Quarterly
Caribbean Quarterly,subject,History,Caribbean Quarterly
Caribbean Quarterly,foundedBy,University of the West Indies,Caribbean Quarterly
Caribbean Quarterly,firstPublished,1955,Caribbean Quarterly
Caribbean Quarterly,discipline,Caribbean Studies,Caribbean Quarterly
Löwensenf,instanceOf,German television series,Löwensenf
Löwensenf,genre,Comedy,Löwensenf
Löwensenf,countryOfOrigin,Germany,Löwensenf
Löwensenf,premiereDate,1994-04-06,Löwensenf
Löwensenf,starring,Wolfgang Bahro,Löwensenf
Löwensenf,starring,Gerd Wameling,Löwensenf
Löwensenf,starring,Thomas Klausner,Löwensenf
Löwensenf,numberOfSeasons,4,Löwensenf
Löwensenf,numberOfEpisodes,75,Löwensenf
Children and Young Persons (Harmful Publications) Act 1955,instanceOf,Act of Parliament,Children and Young Persons (Harmful Publications) Act 1955
Children and Young Persons (Harmful Publications) Act 1955,hasPart,Harmful Publications,Children and Young Persons (Harmful Publications) Act 1955
Children and Young Persons (Harmful Publications) Act 1955,appliesTo,Children,Children and Young Persons (Harmful Publications) Act 1955
Children and Young Persons (Harmful Publications) Act 1955,appliesTo,Young Persons,Children and Young Persons (Harmful Publications) Act 1955
Children and Young Persons (Harmful Publications) Act 1955,wasEnactedBy,United Kingdom Parliament,Children and Young Persons (Harmful Publications) Act 1955
Children and Young Persons (Harmful Publications) Act 1955,wasSignedOn,1955,Children and Young Persons (Harmful Publications) Act 1955
Children and Young Persons (Harmful Publications) Act 1955,isRelatedTo,Obscene Publications Act 1959,Children and Young Persons (Harmful Publications) Act 1955
Children and Young Persons (Harmful Publications) Act 1955,regulates,Publication,Children and Young Persons (Harmful Publications) Act 1955
Children and Young Persons (Harmful Publications) Act 1955,cites,Children and Young Persons Act 1933,Children and Young Persons (Harmful Publications) Act 1955
Children and Young Persons (Harmful Publications) Act 1955,repealedBy,Children and Young Persons (Harmful Publications) Act 1968,Children and Young Persons (Harmful Publications) Act 1955
Rebel Beat,instanceOf,Music Genre,Rebel Beat
Rebel Beat,subgenreOf,Rock Music,Rebel Beat
Rebel Beat,influencedBy,Punk Rock,Rebel Beat
Rebel Beat,influencedBy,Ska,Rebel Beat
Rebel Beat,influencedBy,New Wave,Rebel Beat
Rebel Beat,style,Energetic,Rebel Beat
Rebel Beat,style,Rebellious,Rebel Beat
Rebel Beat,associatedWith,Youth Culture,Rebel Beat
Rebel Beat,associatedWith,Counterculture,Rebel Beat
Rebel Beat,popularIn,United States,Rebel Beat
Rebel Beat,popularIn,United Kingdom,Rebel Beat
Rebel Beat,hasMusicalInstrument,Electric Guitar,Rebel Beat
Rebel Beat,hasMusicalInstrument,Drums,Rebel Beat
Rebel Beat,hasMusicalInstrument,Bass Guitar,Rebel Beat
Gefragt – Gejagt,instanceOf,game show,Gefragt – Gejagt
Gefragt – Gejagt,countryOfOrigin,Germany,Gefragt – Gejagt
Gefragt – Gejagt,languageOfWork,German,Gefragt – Gejagt
Gefragt – Gejagt,presenter,Frank Plaschkert,Gefragt – Gejagt
Gefragt – Gejagt,presenter,Ralph Clemente,Gefragt – Gejagt
Gefragt – Gejagt,channel,Das Erste,Gefragt – Gejagt
Gefragt – Gejagt,numberOfSeasons,5,Gefragt – Gejagt
Gefragt – Gejagt,awardReceived,Deutscher Fernsehpreis,Gefragt – Gejagt
Gefragt – Gejagt,category,Quiz show,Gefragt – Gejagt
subject,predicate,object,Late Extra
subject,predicate,object,Suomen sarja
subject,predicate,object,Learn to Swim
Baltimore Wecker,instanceOf,Clock,Baltimore Wecker
Baltimore Wecker,location,Baltimore,Baltimore Wecker
Baltimore Wecker,type,Time Ball,Baltimore Wecker
Baltimore Wecker,alsoKnownAs,Baltimore Time Ball,Baltimore Wecker
Baltimore Wecker,usedFor,timekeeping,Baltimore Wecker
Baltimore Wecker,installedIn,1870,Baltimore Wecker
Baltimore Wecker,dismantledIn,1960,Baltimore Wecker
Golden Threshold,instanceOf,poem,Golden Threshold
Golden Threshold,partOf,The Wind in the Willows,Golden Threshold
Golden Threshold,author,Kenneth Grahame,Golden Threshold
Golden Threshold,publicationDate,1908,Golden Threshold
Golden Threshold,illustrator,E.B. White,Golden Threshold
Carl von Ossietzky Medal,instanceOf,Award,Carl von Ossietzky Medal
Carl von Ossietzky Medal,namedAfter,Carl von Ossietzky,Carl von Ossietzky Medal
Carl von Ossietzky Medal,presentedBy,Nobel Prize,Carl von Ossietzky Medal
Carl von Ossietzky Medal,establishedIn,1995,Carl von Ossietzky Medal
Carl von Ossietzky Medal,category,Peace,Carl von Ossietzky Medal
Carl von Ossietzky Medal,description,Award for outstanding contributions to peace and understanding,Carl von Ossietzky Medal
Krytyka,instanceOf,Literary Magazine,Krytyka
Krytyka,language,Polish,Krytyka
Krytyka,publicationDate,1990,Krytyka
Krytyka,publisher,Agora,Krytyka
Krytyka,editor,Marek Zaleski,Krytyka
Krytyka,editor,Kinga Stolarska,Krytyka
Krytyka,subject,Literary Criticism,Krytyka
Krytyka,subject,Polish Literature,Krytyka
Krytyka,type,Quarterly Journal,Krytyka
Matrimonial Causes Act 1857,instanceOf,Act of Parliament,Matrimonial Causes Act 1857
Matrimonial Causes Act 1857,namedAfter,United Kingdom,Matrimonial Causes Act 1857
Matrimonial Causes Act 1857,passedIn,1857,Matrimonial Causes Act 1857
Matrimonial Causes Act 1857,regulates,divorce,Matrimonial Causes Act 1857
Matrimonial Causes Act 1857,regulates,matrimonial causes,Matrimonial Causes Act 1857
Matrimonial Causes Act 1857,allowed,divorce,Matrimonial Causes Act 1857
Matrimonial Causes Act 1857,repealed,Matrimonial Causes Act 1827,Matrimonial Causes Act 1857
Matrimonial Causes Act 1857,amendedBy,Matrimonial and Family Proceedings Act 1984,Matrimonial Causes Act 1857
Matrimonial Causes Act 1857,amendedBy,Family Law Reform Act 1969,Matrimonial Causes Act 1857
Matrimonial Causes Act 1857,hasSection,Section 1 of the Matrimonial Causes Act 1857,Matrimonial Causes Act 1857
Matrimonial Causes Act 1857,jurisdiction,England and Wales,Matrimonial Causes Act 1857
subject,predicate,object,Rauris Literature Prize
Rauris Literature Prize,instanceOf,literary award,Rauris Literature Prize
Rauris Literature Prize,location,Austria,Rauris Literature Prize
Rauris Literature Prize,namedAfter,Rauris,Rauris Literature Prize
Rauris Literature Prize,category,prize,Rauris Literature Prize
Rauris Literature Prize,language,German,Rauris Literature Prize
Rauris Literature Prize,founder,Rauris Municipality,Rauris Literature Prize
Rauris Literature Prize,awardMainSubject,literature,Rauris Literature Prize
Rauris Literature Prize,eligibility,Austrian writer,Rauris Literature Prize
Rauris Literature Prize,sponsor,Rauris Municipality,Rauris Literature Prize
Rauris Literature Prize,yearEstablished,2001,Rauris Literature Prize
Marriage Blue,instanceOf,Film,Marriage Blue
Marriage Blue,director,Mabel Cheung,Marriage Blue
Marriage Blue,starring,Josephine Siao,Marriage Blue
Marriage Blue,starring,Woo Hoi-ching,Marriage Blue
Marriage Blue,releaseYear,2006,Marriage Blue
Marriage Blue,country,Hong Kong,Marriage Blue
Marriage Blue,language,Cantonese,Marriage Blue
subject,predicate,object,Medieval philosophy
subject,predicate,object,Women's fencing
subject,predicate,object,Nicaraguan Americans
Nicaraguan Americans,instanceOf,Ethnic group,Nicaraguan Americans
Nicaraguan Americans,locatedIn,United States,Nicaraguan Americans
Nicaraguan Americans,ethnicGroup,Nicaraguan,Nicaraguan Americans
Nicaraguan Americans,language,Spanish,Nicaraguan Americans
Nicaraguan Americans,language,English,Nicaraguan Americans
Nicaraguan Americans,religion,Christianity,Nicaraguan Americans
Nicaraguan Americans,religion,Catholicism,Nicaraguan Americans
Nicaraguan Americans,culture,Nicaraguan culture,Nicaraguan Americans
Nicaraguan Americans,culture,American culture,Nicaraguan Americans
Nicaraguan Americans,hasPart,Nicaraguan American community,Nicaraguan Americans
Nicaraguan Americans,locatedIn,California,Nicaraguan Americans
Nicaraguan Americans,locatedIn,Florida,Nicaraguan Americans
Nicaraguan Americans,locatedIn,New York City,Nicaraguan Americans
Nicaraguan Americans,numberOf,1000000,Nicaraguan Americans
Nicaraguan Americans,influencedBy,Nicaraguan cuisine,Nicaraguan Americans
Nicaraguan Americans,influencedBy,American cuisine,Nicaraguan Americans
Nicaraguan Americans,hasSubgroup,Nicaraguan American youth,Nicaraguan Americans
Nicaraguan Americans,hasSubgroup,Nicaraguan American women,Nicaraguan Americans
Nicaraguan Americans,hasSubgroup,Nicaraguan American men,Nicaraguan Americans
Nicaraguan Americans,partOf,Hispanic and Latino Americans,Nicaraguan Americans
Nicaraguan Americans,partOf,American people of European descent,Nicaraguan Americans
Nicaraguan Americans,relatedEthnicGroup,Nicaraguans,Nicaraguan Americans
Nicaraguan Americans,relatedEthnicGroup,Americans,Nicaraguan Americans
Home Cooking in the UK,instanceOf,Television Program,Home Cooking in the UK
Home Cooking in the UK,genre,Cooking Show,Home Cooking in the UK
Home Cooking in the UK,countryOfOrigin,United Kingdom,Home Cooking in the UK
Home Cooking in the UK,language,English,Home Cooking in the UK
Home Cooking in the UK,presenter,Delia Smith,Home Cooking in the UK
Baillie (surname),instanceOf,surname,Baillie (surname)
Baillie (surname),origin,Scottish,Baillie (surname)
Baillie (surname),variantOf,Bailie,Baillie (surname)
Baillie (surname),variantOf,Baily,Baillie (surname)
Baillie (surname),variantOf,Baylie,Baillie (surname)
Baillie (surname),hasIndex,Baillie,Baillie (surname)
Trictrac,instanceOf,Board Game,Trictrac
Trictrac,isA,Strategy Game,Trictrac
Trictrac,hasNumberOfPlayers,2-4,Trictrac
Trictrac,hasPlaytime,60-90 minutes,Trictrac
Trictrac,hasDesigner,Klaus Teuber,Trictrac
Trictrac,hasPublisher,Kosmos,Trictrac
Trictrac,isPartOf,The Settlers of Catan,Trictrac
Trictrac,isAlsoKnownAs,The Settlers of Catan: Trictrac Edition,Trictrac
Trictrac,hasComponents,Game Board,Trictrac
Trictrac,hasComponents,Wooden Houses,Trictrac
Trictrac,hasComponents,Wooden Roads,Trictrac
Trictrac,hasComponents,Development Cards,Trictrac
subject,predicate,object,Gopo Awards
Efek Rumah Kaca,instanceOf,Indonesian film,Efek Rumah Kaca
Efek Rumah Kaca,title,Efek Rumah Kaca,Efek Rumah Kaca
Efek Rumah Kaca,releaseYear,2008,Efek Rumah Kaca
Efek Rumah Kaca,director,Harris Nizam,Efek Rumah Kaca
Efek Rumah Kaca,starring,Anissa Rawles,Efek Rumah Kaca
Efek Rumah Kaca,genre,Drama,Efek Rumah Kaca
Efek Rumah Kaca,country,Indonesia,Efek Rumah Kaca
Efek Rumah Kaca,language,Indonesian,Efek Rumah Kaca
subject,predicate,object,Händel-Jahrbuch
Pay as You Enter,instanceOf,telephone service plan,Pay as You Enter
Pay as You Enter,alsoKnownAs,Pay-as-you-go,Pay as You Enter
Pay as You Enter,description,a type of telephone service plan where the user pays for the service as they use it,Pay as You Enter
Pay as You Enter,benefit,no monthly subscription fee,Pay as You Enter
Pay as You Enter,benefit,flexible payment options,Pay as You Enter
Pay as You Enter,usedBy,prepaid mobile phone users,Pay as You Enter
Pay as You Enter,usedBy,people with limited or no fixed income,Pay as You Enter
Pay as You Enter,popularIn,developing countries,Pay as You Enter
Pay as You Enter,popularIn,rural areas,Pay as You Enter
subject,predicate,object,Family Home Protection Act 1976
Law Officers Act 1997,instanceOf,Act of Parliament,Law Officers Act 1997
Law Officers Act 1997,name,Law Officers Act 1997,Law Officers Act 1997
Law Officers Act 1997,longName,"An Act to make provision for the appointment, tenure of office and functions of the Director of Public Prosecutions and the Solicitor General; and for connected purposes.",Law Officers Act 1997
Law Officers Act 1997,country,United Kingdom,Law Officers Act 1997
Law Officers Act 1997,jurisdiction,England and Wales,Law Officers Act 1997
Law Officers Act 1997,legislature,Parliament of the United Kingdom,Law Officers Act 1997
Law Officers Act 1997,amends,Solicitors Act 1974,Law Officers Act 1997
Law Officers Act 1997,amends,Prosecution of Offences Act 1985,Law Officers Act 1997
Law Officers Act 1997,amends,Supreme Court Act 1981,Law Officers Act 1997
Law Officers Act 1997,passedBy,Parliament of the United Kingdom,Law Officers Act 1997
Law Officers Act 1997,publicationDate,1997-03-19,Law Officers Act 1997
Law Officers Act 1997,type,Public Act,Law Officers Act 1997
Law Officers Act 1997,number,16,Law Officers Act 1997
Law Officers Act 1997,year,1997,Law Officers Act 1997
subject,predicate,object,Brazilian Constitution of 1937
Andaman Kadhali,instanceOf,Species,Andaman Kadhali
Andaman Kadhali,genus,Diospyros,Andaman Kadhali
Andaman Kadhali,family,Ebenaceae,Andaman Kadhali
Andaman Kadhali,nativePlace,Andaman Islands,Andaman Kadhali
Lutzia shinonagai,instanceOf,species,Lutzia shinonagai
Lutzia shinonagai,class,Insecta,Lutzia shinonagai
Lutzia shinonagai,order,Hemiptera,Lutzia shinonagai
Lutzia shinonagai,family,Nabidae,Lutzia shinonagai
Lutzia shinonagai,genus,Lutzia,Lutzia shinonagai
Lutzia shinonagai,is a species of,true,Lutzia shinonagai
Dasychira manto,instanceOf,Species,Dasychira manto
Dasychira manto,class,Dasychira,Dasychira manto
Dasychira manto,family,Erebidae,Dasychira manto
Dasychira manto,order,Lepidoptera,Dasychira manto
Dasychira manto,genus,Dasychira,Dasychira manto
Conasprella janowskyae,instanceOf,Species,Conasprella janowskyae
Conasprella janowskyae,subclassOf,Conasprella,Conasprella janowskyae
Conasprella janowskyae,family,Conidae,Conasprella janowskyae
Conasprella janowskyae,genus,Conasprella,Conasprella janowskyae
Conasprella janowskyae,scientificName,Conasprella janowskyae,Conasprella janowskyae
Conasprella janowskyae,name,Conasprella janowskyae,Conasprella janowskyae
Eupithecia acolpodes,instanceOf,Species,Eupithecia acolpodes
Eupithecia acolpodes,subspeciesOf,Eupithecia,Eupithecia acolpodes
Eupithecia acolpodes,taxonomicRank,Species,Eupithecia acolpodes
Eupithecia acolpodes,genus,Eupithecia,Eupithecia acolpodes
Eupithecia acolpodes,family,Geometridae,Eupithecia acolpodes
Eupithecia acolpodes,order,Lepidoptera,Eupithecia acolpodes
Eupithecia acolpodes,class,Insect,Eupithecia acolpodes
Eupithecia acolpodes,phylum,Arthropoda,Eupithecia acolpodes
Eupithecia acolpodes,kingdom,Animal,Eupithecia acolpodes
Lubricogobius,instanceOf,genus,Lubricogobius
Lubricogobius,subclassOf,Gobiidae,Lubricogobius
Lubricogobius,isKnownFor,species,Lubricogobius
Lubricogobius,hasProperty,taxonomy,Lubricogobius
Lubricogobius,isStudiedIn,marine biology,Lubricogobius
Lubricogobius,isFoundIn,oceans,Lubricogobius
Lubricogobius,hasPart,scales,Lubricogobius
Lubricogobius,hasPart,fins,Lubricogobius
subject,predicate,object,Rhynchoconger trewavasae
subject,predicate,object,Heterodontosaurus
subject,predicate,object,Charaxes aubyni
Plinthodes taeniatus,instanceOf,species,Plinthodes taeniatus
Plinthodes taeniatus,family,Geryonidae,Plinthodes taeniatus
Plinthodes taeniatus,genus,Plinthodes,Plinthodes taeniatus
Plinthodes taeniatus,scientificName,Plinthodes taeniatus,Plinthodes taeniatus
Plinthodes taeniatus,commonName,,Plinthodes taeniatus
Plinthodes taeniatus,classification,Eukaryota,Plinthodes taeniatus
Plinthodes taeniatus,classification,Animalia,Plinthodes taeniatus
Plinthodes taeniatus,classification,Arthropoda,Plinthodes taeniatus
Plinthodes taeniatus,classification,Crustacea,Plinthodes taeniatus
Plinthodes taeniatus,classification,Malacostraca,Plinthodes taeniatus
Plinthodes taeniatus,classification,Decapoda,Plinthodes taeniatus
Helicopsis filimargo,instanceOf,Species,Helicopsis filimargo
Helicopsis filimargo,class,Gastropoda,Helicopsis filimargo
Helicopsis filimargo,family,Pristilomatidae,Helicopsis filimargo
Helicopsis filimargo,genus,Helicopsis,Helicopsis filimargo
Helicopsis filimargo,taxonomicRank,species,Helicopsis filimargo
Pitthea perspicua,instanceOf,Species,Pitthea perspicua
Pitthea perspicua,subclassOf,Pitthea,Pitthea perspicua
Pitthea perspicua,family,Erebidae,Pitthea perspicua
Pitthea perspicua,genus,Pitthea,Pitthea perspicua
Pitthea perspicua,scientificName,Pitthea perspicua,Pitthea perspicua
Guraleus alucinans,instanceOf,Species,Guraleus alucinans
Guraleus alucinans,subclassOf,Guraleus,Guraleus alucinans
Guraleus alucinans,family,Cerambycidae,Guraleus alucinans
Guraleus alucinans,genus,Guraleus,Guraleus alucinans
Guraleus alucinans,classification,Insecta,Guraleus alucinans
Amalda similis,instanceOf,Species,Amalda similis
Amalda similis,classifiesAs,Amalda,Amalda similis
Amalda similis,subspeciesOf,Amalda,Amalda similis
Amalda similis,isA,Mollusca,Amalda similis
Amalda similis,isA,Gastropoda,Amalda similis
Amalda similis,isA,Caenogastropoda,Amalda similis
Amalda similis,isA,Neogastropoda,Amalda similis
Amalda similis,family,Ancillariidae,Amalda similis
Amalda similis,genus,Amalda,Amalda similis
Xenobalanus globicipitis,instanceOf,Species,Xenobalanus globicipitis
Xenobalanus globicipitis,subclassOf,Xenobalanus,Xenobalanus globicipitis
Xenobalanus globicipitis,hasScientificName,Xenobalanus globicipitis,Xenobalanus globicipitis
Xenobalanus globicipitis,hasCommonName,Globiceps cirratus,Xenobalanus globicipitis
Xenobalanus globicipitis,isParasiteOf,Globicephala,Xenobalanus globicipitis
Xenobalanus globicipitis,isFoundIn,Pacific Ocean,Xenobalanus globicipitis
Xenobalanus globicipitis,isFoundIn,Indian Ocean,Xenobalanus globicipitis
Xenobalanus globicipitis,hasBodyLocation,Skin,Xenobalanus globicipitis
subject,predicate,object,Pocillopora elegans
subject,predicate,object,Fibulia ramosa
subject,predicate,object,Gyrinophilus palleucus necturoides
subject,predicate,object,Duellman's pigmy leaf-toed gecko
Tigriopus brevicornis,instanceOf,Species,Tigriopus brevicornis
Tigriopus brevicornis,genus,Tigriopus,Tigriopus brevicornis
Tigriopus brevicornis,family,Harpacticidae,Tigriopus brevicornis
Tigriopus brevicornis,phylum,Arthropoda,Tigriopus brevicornis
Tigriopus brevicornis,class,Maxillopoda,Tigriopus brevicornis
Tigriopus brevicornis,order,Harpacticoida,Tigriopus brevicornis
Tigriopus brevicornis,species,Tigriopus brevicornis,Tigriopus brevicornis
Cabassous,instanceOf,Genus,Cabassous
Cabassous,family,Dasypodidae,Cabassous
Cabassous,genus,Cabassous,Cabassous
Cabassous,name,Cabassous,Cabassous
Cabassous,classification,Mammalia,Cabassous
Cabassous,order,Cingulata,Cabassous
subject,predicate,object,Idas simpsoni
subject,predicate,object,Inti tanager
Hellinsia inquinatus,instanceOf,Species,Hellinsia inquinatus
Hellinsia inquinatus,class,Insect,Hellinsia inquinatus
Hellinsia inquinatus,order,Lepidoptera,Hellinsia inquinatus
Hellinsia inquinatus,family,Pterophoridae,Hellinsia inquinatus
Hellinsia inquinatus,genus,Hellinsia,Hellinsia inquinatus
Hellinsia inquinatus,species,Hellinsia inquinatus,Hellinsia inquinatus
subject,predicate,object,Sparisoma rubripinne
Batrichthys albofasciatus,instanceOf,Species,Batrichthys albofasciatus
Batrichthys albofasciatus,class,Batrachthyidae,Batrichthys albofasciatus
Batrichthys albofasciatus,family,Batrachthyidae,Batrichthys albofasciatus
Batrichthys albofasciatus,order,Gobiiformes,Batrichthys albofasciatus
Batrichthys albofasciatus,genus,Batrichthys,Batrichthys albofasciatus
Batrichthys albofasciatus,species,Batrichthys albofasciatus,Batrichthys albofasciatus
Monoblastus (insect),instanceOf,genus,Monoblastus (insect)
Monoblastus (insect),isA,family Tachinidae,Monoblastus (insect)
Monoblastus (insect),isIn,order Diptera,Monoblastus (insect)
Monoblastus (insect),isIn,class Insecta,Monoblastus (insect)
Monoblastus (insect),isIn,phylum Arthropoda,Monoblastus (insect)
Monoblastus (insect),isIn,kingdom Animalia,Monoblastus (insect)
Planorbarius metidjensis,instanceOf,Species,Planorbarius metidjensis
Planorbarius metidjensis,class,Gastropoda,Planorbarius metidjensis
Planorbarius metidjensis,family,Planorbidae,Planorbarius metidjensis
Planorbarius metidjensis,genus,Planorbarius,Planorbarius metidjensis
Planorbarius metidjensis,extinct,true,Planorbarius metidjensis
Planorbarius metidjensis,fossilRecord, Miocene,Planorbarius metidjensis
subject,predicate,object,Charaxes octavus
subject,predicate,object,Corythucha celtidis
Optioservus browni,instanceOf,species,Optioservus browni
Optioservus browni,class,Insecta,Optioservus browni
Optioservus browni,order,Coleoptera,Optioservus browni
Optioservus browni,family,Elateridae,Optioservus browni
Optioservus browni,genus,Optioservus,Optioservus browni
Hexathele,instanceOf,Genus,Hexathele
Hexathele,subclassOf,Araneomorphae,Hexathele
Hexathele,subclassOf,Mygalomorphae,Hexathele
Hexathele,family,Hexathelidae,Hexathele
Hexathele,genus,Hexathele,Hexathele
Hexathele,type,Arachnid,Hexathele
Hexathele,type,Animal,Hexathele
Hexathele,type,Eukaryote,Hexathele
Phytometra orgiae,instanceOf,Species,Phytometra orgiae
Phytometra orgiae,subclassOf,Phytometra,Phytometra orgiae
Phytometra orgiae,family,Erebidae,Phytometra orgiae
Phytometra orgiae,genus,Phytometra,Phytometra orgiae
Phytometra orgiae,common name,Orgies,Phytometra orgiae
Uroplata sculptilis,instanceOf,Species,Uroplata sculptilis
Uroplata sculptilis,subclassOf,Uroplata,Uroplata sculptilis
Uroplata sculptilis,family,Chrysomelidae,Uroplata sculptilis
Uroplata sculptilis,genus,Uroplata,Uroplata sculptilis
Uroplata sculptilis,class,Insect,Uroplata sculptilis
Uroplata sculptilis,order,Coleoptera,Uroplata sculptilis
Uroplata sculptilis,phylum,Arthropoda,Uroplata sculptilis
Uroplata sculptilis,kingdom,Animal,Uroplata sculptilis
subject,predicate,object,Agaronia testacea
subject,predicate,object,Urophora xanthippe
Rabdophaga degeerii,instanceOf,Species,Rabdophaga degeerii
Rabdophaga degeerii,genus,Rabdophaga,Rabdophaga degeerii
Rabdophaga degeerii,family,Cecidomyiidae,Rabdophaga degeerii
Rabdophaga degeerii,class,Insecta,Rabdophaga degeerii
Rabdophaga degeerii,order,Diptera,Rabdophaga degeerii
Rabdophaga degeerii, kingdom,Animalia,Rabdophaga degeerii
Black-throated coucal,instanceOf,Species,Black-throated coucal
Black-throated coucal,classifiesAs,Bird,Black-throated coucal
Black-throated coucal,scientificName,Cacatua tenuirostris,Black-throated coucal
Black-throated coucal,family,Cuculidae,Black-throated coucal
Black-throated coucal,habitat,Tropical regions,Black-throated coucal
Black-throated coucal,distribution,Australia,Black-throated coucal
Black-throated coucal,conservationStatus,Least Concern,Black-throated coucal
Black-throated coucal,diet,Insects,Black-throated coucal
Black-throated coucal,length,30-35 cm,Black-throated coucal
Black-throated coucal,wingspan,40-45 cm,Black-throated coucal
Phaenops californica,instanceOf,Species,Phaenops californica
Phaenops californica,subclassOf,Phaenops,Phaenops californica
Phaenops californica,family,Buprestidae,Phaenops californica
Phaenops californica,genus,Phaenops,Phaenops californica
Phaenops californica,scientificName,Phaenops californica,Phaenops californica
Phaenops californica,commonName,California jewel beetle,Phaenops californica
Phaenops californica,distribution,California,Phaenops californica
Phaenops californica,habitat,Woodlands,Phaenops californica
Phaenops californica,typeSpecies,Phaenops,Phaenops californica
Bithia spreta,instanceOf,Species,Bithia spreta
Bithia spreta,classifiesAs,Insect,Bithia spreta
Bithia spreta,classifiesAs,Arthropod,Bithia spreta
Bithia spreta,taxonomicRank,Species,Bithia spreta
Bithia spreta,genus,Bithia,Bithia spreta
Pusia granum,instanceOf,Species,Pusia granum
Pusia granum,classifiesAs,Mollusca,Pusia granum
Pusia granum,classifiesAs,Caenogastropoda,Pusia granum
Pusia granum,classifiesAs,Rapanidae,Pusia granum
Pusia granum,hasScientificName,Pusia granum,Pusia granum
Pusia granum,hasCommonName,Pusia granum,Pusia granum
Anaspides driesseni,instanceOf,species,Anaspides driesseni
Anaspides driesseni,subclassOf,Anaspides,Anaspides driesseni
Anaspides driesseni,hasScientificName,Anaspides driesseni,Anaspides driesseni
Anaspides driesseni,hasCommonName,no common name,Anaspides driesseni
Anaspides driesseni,taxonomyRank,species,Anaspides driesseni
Anaspides,instanceOf,genus,Anaspides driesseni
Anaspides,subclassOf,Atyidae,Anaspides driesseni
Palatogobius grandoculus,instanceOf,Species,Palatogobius grandoculus
Palatogobius grandoculus,genus,Palatogobius,Palatogobius grandoculus
Palatogobius grandoculus,family,Oxudercinae,Palatogobius grandoculus
Palatogobius grandoculus,class,Actinopterygii,Palatogobius grandoculus
Palatogobius grandoculus,phylum,Chordata,Palatogobius grandoculus
Palatogobius grandoculus,kingdom,Animalia,Palatogobius grandoculus
Palatogobius grandoculus,name,Palatogobius grandoculus,Palatogobius grandoculus
Palatogobius grandoculus,isScientificName,true,Palatogobius grandoculus
Guraleus delicatulus,instanceOf,Species,Guraleus delicatulus
Guraleus delicatulus,class,Mollusca,Guraleus delicatulus
Guraleus delicatulus,phylum,Mollusca,Guraleus delicatulus
Guraleus delicatulus,family,Cerithiidae,Guraleus delicatulus
Guraleus delicatulus,genus,Guraleus,Guraleus delicatulus
Guraleus delicatulus,species,Guraleus delicatulus,Guraleus delicatulus
Guraleus delicatulus,marineSpecies,true,Guraleus delicatulus
Guraleus delicatulus,shellShape,elongated,Guraleus delicatulus
Guraleus delicatulus,shellSize,small,Guraleus delicatulus
Also,I want to mention that Atrichonotus taeniatulus seems to be a species of beetle. If you are looking for more information,I can try to provide it.,Atrichonotus taeniatulus
Hexathele petriei,instanceOf,Species,Hexathele petriei
Hexathele petriei,genus,Hexathele,Hexathele petriei
Hexathele petriei,family,Hexathelidae,Hexathele petriei
Hexathele petriei,class,Arachnida,Hexathele petriei
Hexathele petriei,order,Araneomorphae,Hexathele petriei
Hexathele petriei,species,Hexathele petriei,Hexathele petriei
Tasmanian blenny,instanceOf,species,Tasmanian blenny
Tasmanian blenny,class,Actinopterygii,Tasmanian blenny
Tasmanian blenny,order,Blenniiformes,Tasmanian blenny
Tasmanian blenny,family,Blenniidae,Tasmanian blenny
Tasmanian blenny,genus,Parablennius,Tasmanian blenny
Tasmanian blenny,species,Parablennius parvicillius,Tasmanian blenny
Parablennius parvicillius,commonName,Tasmanian blenny,Tasmanian blenny
Tasmanian blenny,foundIn,Australia,Tasmanian blenny
Tasmanian blenny,habitat,marine,Tasmanian blenny
Tasmanian blenny,habitat,coastal waters,Tasmanian blenny
Desert rain frog,instanceOf,Frog,Desert rain frog
Desert rain frog,instanceOf,Amphibian,Desert rain frog
Desert rain frog,scientificName,Breviceps macrops,Desert rain frog
Desert rain frog,family,Microhylidae,Desert rain frog
Desert rain frog,habitat,Desert,Desert rain frog
Desert rain frog,distribution,Southern Africa,Desert rain frog
Desert rain frog,length,2-3 cm,Desert rain frog
Desert rain frog,diet,Insects,Desert rain frog
Desert rain frog,IUCNStatus,Least Concern,Desert rain frog
Plagiotremus goslinei,instanceOf,Species,Plagiotremus goslinei
Plagiotremus goslinei,subclassOf,Plagiotremus,Plagiotremus goslinei
Plagiotremus goslinei,family,Monacanthidae,Plagiotremus goslinei
Plagiotremus goslinei,genus,Plagiotremus,Plagiotremus goslinei
Plagiotremus goslinei,scientificName,Plagiotremus goslinei,Plagiotremus goslinei
Plagiotremus goslinei,commonName,Gosline's filefish,Plagiotremus goslinei
Oryctes gnu,instanceOf,species,Oryctes gnu
Oryctes gnu,subclassOf,beetle,Oryctes gnu
Oryctes gnu,scientificName,Oryctes gnu,Oryctes gnu
Oryctes gnu,commonName,gnu beetle,Oryctes gnu
Oryctes gnu,taxonomicRank,species,Oryctes gnu
Idiops pullus,instanceOf,Species,Idiops pullus
Idiops pullus,subclassOf,Idiops,Idiops pullus
Idiops pullus,taxonomicRank,species,Idiops pullus
Idiops pullus,subjectHasRole,organism,Idiops pullus
Idiops pullus,hasScientificName,Idiops pullus,Idiops pullus
Adaina scalesiae,instanceOf,species,Adaina scalesiae
Adaina scalesiae,subclassOf,Adaina,Adaina scalesiae
Adaina scalesiae,family,Crambidae,Adaina scalesiae
Adaina scalesiae,genus,Adaina,Adaina scalesiae
Adaina scalesiae,class,Insecta,Adaina scalesiae
Adaina scalesiae,order,Lepidoptera,Adaina scalesiae
Trichromia phaeocrota,instanceOf,Species,Trichromia phaeocrota
Trichromia phaeocrota,classifiesAs,Trichromia,Trichromia phaeocrota
Trichromia phaeocrota,taxonomicRank,Species,Trichromia phaeocrota
Trichromia phaeocrota,family,Erebidae,Trichromia phaeocrota
Trichromia phaeocrota,genus,Trichromia,Trichromia phaeocrota
Trichromia phaeocrota,order,Lepidoptera,Trichromia phaeocrota
Comotechna corculata,instanceOf,Species,Comotechna corculata
Comotechna corculata,classifiesAs,Lepidoptera,Comotechna corculata
Comotechna corculata,subfamily,Archipinae,Comotechna corculata
Comotechna corculata,family,Tortricidae,Comotechna corculata
Comotechna corculata,genus,Comotechna,Comotechna corculata
subject,predicate,object,Cyphanthera albicans
Colobodactylus taunayi,instanceOf,Species,Colobodactylus taunayi
Colobodactylus taunayi,genus,Colobodactylus,Colobodactylus taunayi
Colobodactylus taunayi,family,Dactyloidae,Colobodactylus taunayi
Colobodactylus taunayi,class,Reptilia,Colobodactylus taunayi
Colobodactylus taunayi,phylum,Chordata,Colobodactylus taunayi
Colobodactylus taunayi,kingdom,Animalia,Colobodactylus taunayi
Colobodactylus taunayi,scientificName,Colobodactylus taunayi,Colobodactylus taunayi
Colobodactylus taunayi,commonName,Taunayi's anole,Colobodactylus taunayi
Phantom cardinalfish,instanceOf,Fish,Phantom cardinalfish
Phantom cardinalfish,classifiesAs,Cardinalfish,Phantom cardinalfish
Phantom cardinalfish,hasScientificName,Apogonidae,Phantom cardinalfish
Phantom cardinalfish,isA,Marine fish,Phantom cardinalfish
Phantom cardinalfish,foundIn,Indo-Pacific region,Phantom cardinalfish
Phantom cardinalfish,hasLength, Maximum length: 15 cm (5.9 in),Phantom cardinalfish
Phantom cardinalfish,hasDiet,Small invertebrates,Phantom cardinalfish
Phantom cardinalfish,isPartOf,Apogonidae family,Phantom cardinalfish
Subcoccinella vigintiquatuorpunctata,instanceOf,Species,Subcoccinella vigintiquatuorpunctata
Subcoccinella vigintiquatuorpunctata,family,Coccinellidae,Subcoccinella vigintiquatuorpunctata
Subcoccinella vigintiquatuorpunctata,genus,Subcoccinella,Subcoccinella vigintiquatuorpunctata
Subcoccinella vigintiquatuorpunctata,commonName,Twenty-four-spotted Lady,Subcoccinella vigintiquatuorpunctata
Subcoccinella vigintiquatuorpunctata,TaxonomicRank,Species,Subcoccinella vigintiquatuorpunctata
Subcoccinella vigintiquatuorpunctata,EOL_ID,320283,Subcoccinella vigintiquatuorpunctata
Subcoccinella vigintiquatuorpunctata,GBIF_ID,7593654,Subcoccinella vigintiquatuorpunctata
Subcoccinella vigintiquatuorpunctata,NCBI_ID,709623,Subcoccinella vigintiquatuorpunctata
Subcoccinella vigintiquatuorpunctata,distribution,Europe,Subcoccinella vigintiquatuorpunctata
Subcoccinella vigintiquatuorpunctata,distribution,Asia,Subcoccinella vigintiquatuorpunctata
Subcoccinella vigintiquatuorpunctata,distribution,North America,Subcoccinella vigintiquatuorpunctata
Bipalium,instanceOf,Genus,Bipalium
Bipalium,classifiesAs,Turbellaria,Bipalium
Bipalium,isA,flatworm,Bipalium
Bipalium,belongsTo,Geoplanidae,Bipalium
Bipalium,hasPart,eye spots,Bipalium
Bipalium,hasPart,pharynx,Bipalium
Bipalium,hasPart,gut,Bipalium
Bipalium,livesIn,soil,Bipalium
Bipalium,livesIn,leaf litter,Bipalium
Bipalium,feedsOn,invertebrates,Bipalium
Bipalium,feedsOn,protozoa,Bipalium
Bipalium,isKnownFor,regeneration,Bipalium
Abantennarius sanguineus,instanceOf,species,Abantennarius sanguineus
Abantennarius sanguineus,subclassOf,Abantennarius,Abantennarius sanguineus
Abantennarius sanguineus,hasScientificName,Abantennarius sanguineus,Abantennarius sanguineus
Abantennarius sanguineus,classificationRank,species,Abantennarius sanguineus
Abantennarius sanguineus,isInfraspecificTaxonOf,Abantennarius,Abantennarius sanguineus
Abantennarius sanguineus,taxonomicRank,species,Abantennarius sanguineus
Abantennarius sanguineus,isSpeciesIn,Abantennarius,Abantennarius sanguineus
Pleuroloma flavipes,instanceOf,Species,Pleuroloma flavipes
Pleuroloma flavipes,classifiesAs,Lichen,Pleuroloma flavipes
Pleuroloma flavipes,hasScientificName,Pleuroloma flavipes,Pleuroloma flavipes
Pleuroloma flavipes,hasCommonName,Yellow-fruited Pleuroloma,Pleuroloma flavipes
Pleuroloma flavipes,foundIn,North America,Pleuroloma flavipes
Pleuroloma flavipes,foundIn,United States,Pleuroloma flavipes
Pleuroloma flavipes,habitat,Forests,Pleuroloma flavipes
Pleuroloma flavipes,habitat,Woodlands,Pleuroloma flavipes
Pleuroloma flavipes,features,Yellow fruit,Pleuroloma flavipes
Pleuroloma flavipes,features,Small leaves,Pleuroloma flavipes
subject,predicate,object,Libelloides longicornis
Myzia oblongoguttata,instanceOf,Species,Myzia oblongoguttata
Myzia oblongoguttata,genus,Myzia,Myzia oblongoguttata
Myzia oblongoguttata,family,Eulachnidae,Myzia oblongoguttata
Myzia oblongoguttata,order,Hemiptera,Myzia oblongoguttata
Myzia oblongoguttata,class,Insecta,Myzia oblongoguttata
subject,predicate,object,Neodiprion sertifer
subject,predicate,object,Euophrys gracilis
Trichonephila plumipes,instanceOf,Species,Trichonephila plumipes
Trichonephila plumipes,class,Araneomorphae,Trichonephila plumipes
Trichonephila plumipes,family,Theridiidae,Trichonephila plumipes
Trichonephila plumipes,genus,Trichonephila,Trichonephila plumipes
Trichonephila plumipes,commonName,Cupboard Spider,Trichonephila plumipes
Trichonephila plumipes,distribution,Australia,Trichonephila plumipes
Trichonephila plumipes,distribution,New Zealand,Trichonephila plumipes
Trichonephila plumipes,distribution,China,Trichonephila plumipes
Trichonephila plumipes,distribution,Japan,Trichonephila plumipes
Trichonephila plumipes,habitat,House,Trichonephila plumipes
Trichonephila plumipes,habitat,Garden,Trichonephila plumipes
Trichonephila plumipes,diet,Insect,Trichonephila plumipes
Trichonephila plumipes,diet,Other small arachnids,Trichonephila plumipes
subject,predicate,object,Antaeotricha nitrota
subject,predicate,object,Eunoe nodosa
subject,predicate,object,Apocephalus borealis
Arcuatula papyria,instanceOf,species,Arcuatula papyria
Arcuatula papyria,subclassOf,Arcuatula,Arcuatula papyria
Arcuatula papyria,taxonomicRank,species,Arcuatula papyria
Arcuatula papyria,hasScientificName,Arcuatula papyria,Arcuatula papyria
Graphium empedovana,instanceOf,Species,Graphium empedovana
Graphium empedovana,partOf,Graphium,Graphium empedovana
Graphium empedovana,taxonomicRank,species,Graphium empedovana
Graphium empedovana,subject,Butterflies and Moths,Graphium empedovana
Graphium empedovana,family,Papilionidae,Graphium empedovana
Graphium empedovana,genus,Graphium,Graphium empedovana
Graphium empedovana,commonName,Empedovan Graphium,Graphium empedovana
Proshermacha tepperi,instanceOf,species,Proshermacha tepperi
Proshermacha tepperi,classifiesAs,Proshermacha,Proshermacha tepperi
Proshermacha tepperi,hasPart,tepperi,Proshermacha tepperi
Proshermacha tepperi,isA,insect,Proshermacha tepperi
Proshermacha tepperi,isA,beetle,Proshermacha tepperi
subject,predicate,object,Appias drusilla
Campodea egena,instanceOf,Species,Campodea egena
Campodea egena,classifiesAs,Insect,Campodea egena
Campodea egena,taxonomicRank,Species,Campodea egena
Campodea egena,family,Campodeidae,Campodea egena
Campodea egena,genus,Campodea,Campodea egena
Campodea egena,scientificName,Campodea egena,Campodea egena
Mesacmaea mitchellii,instanceOf,Species,Mesacmaea mitchellii
Mesacmaea mitchellii,genus,Mesacmaea,Mesacmaea mitchellii
Mesacmaea mitchellii,family,Crappaceae,Mesacmaea mitchellii
Mesacmaea mitchellii,kingdom,Animalia,Mesacmaea mitchellii
Mesacmaea mitchellii,phylum,Cnidaria,Mesacmaea mitchellii
Mesacmaea mitchellii,class,Hexacorallia,Mesacmaea mitchellii
Mesacmaea mitchellii,order,Corallimorpharia,Mesacmaea mitchellii
Mesacmaea mitchellii,scientificName,Mesacmaea mitchellii,Mesacmaea mitchellii
Mesacmaea mitchellii,commonName,no common name,Mesacmaea mitchellii
subject,predicate,object,Anyphops civicus
subject,predicate,object,Bucculatrix ulmella
subject,predicate,object,Atractus clarki
Heriaeus transvaalicus,instanceOf,Species,Heriaeus transvaalicus
Heriaeus transvaalicus,subclassOf,Heriaeus,Heriaeus transvaalicus
Heriaeus transvaalicus,family,Heridae,Heriaeus transvaalicus
Heriaeus transvaalicus,genus,Heriaeus,Heriaeus transvaalicus
Heriaeus transvaalicus,class,Arachnida,Heriaeus transvaalicus
Heriaeus transvaalicus,order,Araneomorphae,Heriaeus transvaalicus
Heriaeus transvaalicus,phylum,Arthropoda,Heriaeus transvaalicus
Heriaeus transvaalicus,kingdom,Animalia,Heriaeus transvaalicus
Ichneutica omicron,instanceOf,species,Ichneutica omicron
Ichneutica omicron,partOf,Ichneutica,Ichneutica omicron
Ichneutica omicron,classification,Noctuidae,Ichneutica omicron
Ichneutica omicron,scientificName,Ichneutica omicron,Ichneutica omicron
Ichneutica omicron,taxonomyRank,species,Ichneutica omicron
Syncopacma taeniolella,instanceOf,Species,Syncopacma taeniolella
Syncopacma taeniolella,class,Lepidoptera,Syncopacma taeniolella
Syncopacma taeniolella,family,Autostichidae,Syncopacma taeniolella
Syncopacma taeniolella,genus,Syncopacma,Syncopacma taeniolella
Syncopacma taeniolella,scientificName,Syncopacma taeniolella,Syncopacma taeniolella
Euoplos ornatus,instanceOf,Species,Euoplos ornatus
Euoplos ornatus,classifiesAs,Araneomorphae,Euoplos ornatus
Euoplos ornatus,family,Desidae,Euoplos ornatus
Euoplos ornatus,genus,Euoplos,Euoplos ornatus
Euoplos ornatus,isA,Arachnid,Euoplos ornatus
Euoplos ornatus,isA,Arthropod,Euoplos ornatus
Euoplos ornatus,isA,Chelicerate,Euoplos ornatus
Euoplos ornatus,suborder,Opisthothelae,Euoplos ornatus
subject,predicate,object,Conasprella wendrosi
Eviota sebreei,instanceOf,Species,Eviota sebreei
Eviota sebreei,classifiesAs,Eviota,Eviota sebreei
Eviota sebreei,scientificName,Eviota sebreei,Eviota sebreei
Eviota sebreei,commonName,Sebree's dartfish,Eviota sebreei
Eviota sebreei,taxonomicRank,species,Eviota sebreei
Eviota sebreei,family,Gobiidae,Eviota sebreei
Eviota sebreei,genus,Eviota,Eviota sebreei
Eviota sebreei,order,Gobiiformes,Eviota sebreei
Eviota sebreei,class,Actinopterygii,Eviota sebreei
Eviota sebreei,phylum,Chordata,Eviota sebreei
subject,predicate,object,Gastroserica cognata
Glyptotendipes,instanceOf,genus,Glyptotendipes
Glyptotendipes,family,Chironomidae,Glyptotendipes
Glyptotendipes,order,Diptera,Glyptotendipes
Glyptotendipes,class,Insecta,Glyptotendipes
Glyptotendipes,phylum,Arthropoda,Glyptotendipes
Glyptotendipes,kingdom,Animalia,Glyptotendipes
Glyptotendipes,scientificName,Glyptotendipes,Glyptotendipes
Glyptotendipes,genusRank,genus,Glyptotendipes
subject,predicate,object,Pseudispa tuberculata
subject,predicate,object,Vespula vidua
Plagiomimicus kathyae,instanceOf,species,Plagiomimicus kathyae
Plagiomimicus kathyae,class,Insecta,Plagiomimicus kathyae
Plagiomimicus kathyae,order,Lepidoptera,Plagiomimicus kathyae
Plagiomimicus kathyae,family,Noctuidae,Plagiomimicus kathyae
Plagiomimicus kathyae,genus,Plagiomimicus,Plagiomimicus kathyae
Plagiomimicus kathyae,species,Plagiomimicus kathyae,Plagiomimicus kathyae
Taphon (gastropod),instanceOf,Gastropod,Taphon (gastropod)
Taphon (gastropod),family,Cerithiidae,Taphon (gastropod)
Taphon (gastropod),genus,Taphon,Taphon (gastropod)
Taphon (gastropod),class,Gastropoda,Taphon (gastropod)
Taphon (gastropod),phylum,Mollusca,Taphon (gastropod)
Taphon (gastropod),kingdom,Animalia,Taphon (gastropod)
Blueside darter,instanceOf,Species,Blueside darter
Blueside darter,scientificName,Etheostoma blennius,Blueside darter
Blueside darter,family,Percidae,Blueside darter
Blueside darter,habitat,Freshwater,Blueside darter
Blueside darter,distribution,United States,Blueside darter
Blueside darter,length,4-6 cm,Blueside darter
Blueside darter,color,Blue,Blueside darter
Blueside darter,diet,Invertebrates,Blueside darter
Blueside darter,conservationStatus,Least Concern,Blueside darter
Cucullia omissa,instanceOf,Species,Cucullia omissa
Cucullia omissa,subclassOf,Cucullia,Cucullia omissa
Cucullia omissa,taxonomicRank,Species,Cucullia omissa
Cucullia omissa,hasScientificName,Cucullia omissa,Cucullia omissa
Cucullia omissa,hasCommonName,Omitted Cuckoo-moth,Cucullia omissa
Stegastes beebei,instanceOf,Species,Stegastes beebei
Stegastes beebei,classifiesAs,Stegastes,Stegastes beebei
Stegastes beebei,isA,Animal,Stegastes beebei
Stegastes beebei,isA,Chordate,Stegastes beebei
Stegastes beebei,isA,Actinopterygii,Stegastes beebei
Stegastes beebei,isA,Perciformes,Stegastes beebei
Stegastes beebei,isA,Pomacentridae,Stegastes beebei
Stegastes beebei,commonName,Beebei damselfish,Stegastes beebei
Stegastes beebei,habitat,marine environment,Stegastes beebei
Stegastes beebei,habitat,reef,Stegastes beebei
Stegastes beebei,distribution,Trinidad and Tobago,Stegastes beebei
Stegastes beebei,distribution,Grenada,Stegastes beebei
Stegastes beebei,distribution,Venezuela,Stegastes beebei
Elopichthys,instanceOf,Genus,Elopichthys
Elopichthys,family,Cyprinidae,Elopichthys
Elopichthys,order,Cypriniformes,Elopichthys
Elopichthys,class,Actinopterygii,Elopichthys
Elopichthys,phylum,Chordata,Elopichthys
Elopichthys,kingdom,Animalia,Elopichthys
subject,predicate,object,Ctenophorus cristatus
Socca,instanceOf,Spider,Socca (spider)
Socca,genus,Socca,Socca (spider)
Socca,family,Theridiidae,Socca (spider)
Socca,isA,Theridiidae,Socca (spider)
Socca,type,Genus,Socca (spider)
Socca,taxonomyRank,Genus,Socca (spider)
Orchestia mediterranea,instanceOf,Species,Orchestia mediterranea
Orchestia mediterranea,classifiesAs,Amphipod,Orchestia mediterranea
Orchestia mediterranea,foundIn,Mediterranean Sea,Orchestia mediterranea
Orchestia mediterranea,habitat,Marine environment,Orchestia mediterranea
Orchestia mediterranea,taxonomyRank,Species,Orchestia mediterranea
Cerithideopsis californica,instanceOf,Species,Cerithideopsis californica
Cerithideopsis californica,subclassOf,Cerithideopsis,Cerithideopsis californica
Cerithideopsis californica,family,Cerithiidae,Cerithideopsis californica
Cerithideopsis californica,genus,Cerithideopsis,Cerithideopsis californica
Cerithideopsis californica,commonName,California cerith,Cerithideopsis californica
Cerithideopsis californica,distribution,Pacific Ocean,Cerithideopsis californica
Cerithideopsis californica,distribution,North America,Cerithideopsis californica
Cerithideopsis californica,typeLocality,California,Cerithideopsis californica
Cerithideopsis californica,shellShape,Turret-shaped,Cerithideopsis californica
Cerithideopsis californica,shellSize,10-20 mm,Cerithideopsis californica
Senna clavigera,instanceOf,Species,Senna clavigera
Senna clavigera,classifiesAs,Angiosperm,Senna clavigera
Senna clavigera,family,Fabaceae,Senna clavigera
Senna clavigera,genus,Senna,Senna clavigera
Senna clavigera,species,Senna clavigera,Senna clavigera
Acacia delicatula,instanceOf,plant species,Acacia delicatula
Acacia delicatula,partOf,Acacia genus,Acacia delicatula
Acacia delicatula,family,Fabaceae,Acacia delicatula
Acacia delicatula,classification, flowering plant,Acacia delicatula
Acacia delicatula,origin,Australia,Acacia delicatula
Pultenaea mollis,instanceOf,species,Pultenaea mollis
Pultenaea mollis,class,Fabaceae,Pultenaea mollis
Pultenaea mollis,family,Fabaceae,Pultenaea mollis
Pultenaea mollis,genus,Pultenaea,Pultenaea mollis
Pultenaea mollis,species,Pultenaea mollis,Pultenaea mollis
Pultenaea mollis,is a type of,shrub,Pultenaea mollis
Pultenaea mollis,found in,Australia,Pultenaea mollis
Aggreflorum luehmannii,instanceOf,species,Aggreflorum luehmannii
Aggreflorum luehmannii,genus,Aggreflorum,Aggreflorum luehmannii
Aggreflorum luehmannii,family,Orchidaceae,Aggreflorum luehmannii
Aggreflorum luehmannii,kingdom,Plantae,Aggreflorum luehmannii
Aggreflorum luehmannii,phylum,Magnoliophyta,Aggreflorum luehmannii
Aggreflorum luehmannii,class,Liliopsida,Aggreflorum luehmannii
Aggreflorum luehmannii,order,Asparagales,Aggreflorum luehmannii
subject,predicate,object,Cora hawksworthiana
Diospyros havilandii,instanceOf,Species,Diospyros havilandii
Diospyros havilandii,subclassOf,Diospyros,Diospyros havilandii
Diospyros havilandii,family,Ebenaceae,Diospyros havilandii
Diospyros havilandii,genus,Diospyros,Diospyros havilandii
Diospyros havilandii,species,Diospyros havilandii,Diospyros havilandii
Diospyros havilandii,classification,Angiosperms,Diospyros havilandii
Diospyros havilandii,classification,Eudicots,Diospyros havilandii
Diospyros havilandii,classification,Asterids,Diospyros havilandii
Diospyros havilandii,habitat,tropical forest,Diospyros havilandii
subject,predicate,object,Senna lindheimeriana
subject,predicate,object,Juncus castaneus
subject,predicate,object,Androcalva viscidula
Arctostaphylos manzanita,instanceOf,species,Arctostaphylos manzanita
Arctostaphylos manzanita,genus,Arctostaphylos,Arctostaphylos manzanita
Arctostaphylos manzanita,family,Ericaceae,Arctostaphylos manzanita
Arctostaphylos manzanita,commonName,Manzanita,Arctostaphylos manzanita
Arctostaphylos manzanita,nativeTo,California,Arctostaphylos manzanita
Arctostaphylos manzanita,type,evergreen shrub,Arctostaphylos manzanita
Arctostaphylos manzanita,growthHabit,upright,Arctostaphylos manzanita
Arctostaphylos manzanita,leafType,leathery,Arctostaphylos manzanita
Arctostaphylos manzanita,leafColor,dark green,Arctostaphylos manzanita
Arctostaphylos manzanita,flowerColor,white,Arctostaphylos manzanita
Arctostaphylos manzanita,bloomTime,winter,Arctostaphylos manzanita
Arctostaphylos manzanita,soilPreference,well-drained,Arctostaphylos manzanita
Arctostaphylos manzanita,moisturePreference,drought-tolerant,Arctostaphylos manzanita
Nothocestrum,instanceOf,Genus,Nothocestrum
Nothocestrum,subclassOf,Lamiaceae,Nothocestrum
Nothocestrum,hasClassification,Angiosperm,Nothocestrum
Nothocestrum,hasClassification,Eudicot,Nothocestrum
Nothocestrum,hasClassification,Asterid,Nothocestrum
Nothocestrum,isNativeTo,Hawaii,Nothocestrum
Stachys buttleri,instanceOf,species,Stachys buttleri
Stachys buttleri,genus,Stachys,Stachys buttleri
Stachys buttleri,family,Lamiaceae,Stachys buttleri
Stachys buttleri,kingdom,Plantae,Stachys buttleri
Stachys buttleri,phylum,Angiospermophyta,Stachys buttleri
Stachys buttleri,class,Magnoliopsida,Stachys buttleri
Stachys buttleri,order,Lamiales,Stachys buttleri
Atkinsonia,instanceOf,Genus,Atkinsonia
Atkinsonia,family,Orchidaceae,Atkinsonia
Atkinsonia,genus,Atkinsonia,Atkinsonia
Atkinsonia,type, flowering plant,Atkinsonia
Atkinsonia,nativeTo,Australia,Atkinsonia
Eremophila purpurascens,instanceOf,Species,Eremophila purpurascens
Eremophila purpurascens,partOf,Eremophila,Eremophila purpurascens
Eremophila purpurascens,classification,Plant,Eremophila purpurascens
Eremophila purpurascens,nativeTo,Australia,Eremophila purpurascens
Eremophila purpurascens,hasCharacteristic,Purple flowers,Eremophila purpurascens
subject,predicate,object,Pluchea camphorata
subject,predicate,object,Qipengyuania gaetbuli
subject,predicate,object,Wilkiea pubescens
subject,predicate,object,Carex tristachya
Eremurus himalaicus,instanceOf,Species,Eremurus himalaicus
Eremurus himalaicus,genus,Eremurus,Eremurus himalaicus
Eremurus himalaicus,family,Asparagaceae,Eremurus himalaicus
Eremurus himalaicus,nativeTo,Himalayas,Eremurus himalaicus
Eremurus himalaicus,typeOf,Flowering plant,Eremurus himalaicus
Eremurus himalaicus,hasPart,Leaf,Eremurus himalaicus
Eremurus himalaicus,hasPart,Flower,Eremurus himalaicus
Eremurus himalaicus,growthHabit,Perennial,Eremurus himalaicus
subject,predicate,object,Nepenthes diabolica
Amyema miraculosa,instanceOf,Species,Amyema miraculosa
Amyema miraculosa,subclassOf,Amyema,Amyema miraculosa
Amyema miraculosa,family,Santalaceae,Amyema miraculosa
Amyema miraculosa,genus,Amyema,Amyema miraculosa
Amyema miraculosa,species,Amyema miraculosa,Amyema miraculosa
subject,predicate,object,Diospyros subrhomboidea
subject,predicate,object,Thelymitra basaltica
For this example,I was able to gather a few basic facts. In a real-world scenario,the number of facts could be much higher.,Thelymitra basaltica
subject,predicate,object,Renealmia cernua
subject,predicate,object,Eucalyptus striaticalyx
Kima montana,instanceOf,Species,Kima montana
Kima montana,class,Reptilia,Kima montana
Kima montana,order,Squamata,Kima montana
Kima montana,family,Gekkonidae,Kima montana
Kima montana,genus,Kima,Kima montana
Kima montana,scientific name,Kima montana,Kima montana
subject,predicate,object,Caladenia campbellii
Hebenstretia kamiesbergensis,instanceOf,Species,Hebenstretia kamiesbergensis
Hebenstretia kamiesbergensis,classifiesAs,Hebenstretia,Hebenstretia kamiesbergensis
Hebenstretia kamiesbergensis,isSpeciesIn,family,Hebenstretia kamiesbergensis
Hebenstretia kamiesbergensis,isSpeciesIn,genus,Hebenstretia kamiesbergensis
Hebenstretia kamiesbergensis,isSpeciesIn,order,Hebenstretia kamiesbergensis
Hebenstretia kamiesbergensis,isSpeciesIn,class,Hebenstretia kamiesbergensis
Hebenstretia kamiesbergensis,isSpeciesIn,phylum,Hebenstretia kamiesbergensis
Hebenstretia kamiesbergensis,isSpeciesIn,kingdom,Hebenstretia kamiesbergensis
subject,predicate,object,Planchonella sandwicensis
subject,predicate,object,Penstemon fremontii
Cranfillia,instanceOf,Genus,Cranfillia
Cranfillia,family,Eupteridae,Cranfillia
Cranfillia,genus,Cranfillia,Cranfillia
Cranfillia, TaxonomicRank,Genus,Cranfillia
Scoparia turneri,instanceOf,Species,Scoparia turneri
Scoparia turneri,class,Insect,Scoparia turneri
Scoparia turneri,order,Lepidoptera,Scoparia turneri
Scoparia turneri,family,Crambidae,Scoparia turneri
Scoparia turneri,genus,Scoparia,Scoparia turneri
Scoparia turneri,scientificName,Scoparia turneri,Scoparia turneri
subject,predicate,object,Calothamnus scabridus
Melaleuca haplantha,instanceOf,Species,Melaleuca haplantha
Melaleuca haplantha,genus,Melaleuca,Melaleuca haplantha
Melaleuca haplantha,family,Myrtaceae,Melaleuca haplantha
Melaleuca haplantha,class,Angiosperms,Melaleuca haplantha
Melaleuca haplantha,order,Myrtales,Melaleuca haplantha
Melaleuca haplantha,Kingdom,Plantae,Melaleuca haplantha
Melaleuca haplantha,scientificName,Melaleuca haplantha,Melaleuca haplantha
subject,predicate,object,Gymnopogon brevifolius
subject,predicate,object,Xanthophyllum tenue
subject,predicate,object,Leucopogon borealis
subject,predicate,object,Polygonum ciliinode
Macaranga novoguineensis,instanceOf,Species,Macaranga novoguineensis
Macaranga novoguineensis,class,Eukaryota,Macaranga novoguineensis
Macaranga novoguineensis,kingdom,Plantae,Macaranga novoguineensis
Macaranga novoguineensis,phylum,Angiospermophyta,Macaranga novoguineensis
Macaranga novoguineensis,order,Malpighiales,Macaranga novoguineensis
Macaranga novoguineensis,family,Euphorbiaceae,Macaranga novoguineensis
Macaranga novoguineensis,genus,Macaranga,Macaranga novoguineensis
Macaranga novoguineensis,hasPart,leaf,Macaranga novoguineensis
Macaranga novoguineensis,hasPart,stem,Macaranga novoguineensis
Macaranga novoguineensis,hasPart,root,Macaranga novoguineensis
Macaranga novoguineensis,foundIn,New Guinea,Macaranga novoguineensis
subject,predicate,object,Dendrobium crassum
Froriepia subpinnata,instanceOf,Species,Froriepia subpinnata
Froriepia subpinnata,classifiesAs,Froriepia,Froriepia subpinnata
Froriepia subpinnata,taxonomicRank,species,Froriepia subpinnata
Froriepia subpinnata,subject,Moths of the World,Froriepia subpinnata
Froriepia subpinnata,mentionedIn,Global Biodiversity Information Facility,Froriepia subpinnata
Froriepia subpinnata,mentionedIn,Encyclopedia of Life,Froriepia subpinnata
Froriepia subpinnata,hasSynonym,Froriepia subpinnata (synonym),Froriepia subpinnata
Cora cyphellifera,instanceOf,Lichen,Cora cyphellifera
Cora cyphellifera,family,Coccoccomycetaceae,Cora cyphellifera
Cora cyphellifera,genus,Cora,Cora cyphellifera
Cora cyphellifera,species,Cora cyphellifera,Cora cyphellifera
Cora cyphellifera,is a type of,fungus,Cora cyphellifera
Styphelia macrocalyx,instanceOf,species,Styphelia macrocalyx
Styphelia macrocalyx,class,Ericales,Styphelia macrocalyx
Styphelia macrocalyx,family,Ericaceae,Styphelia macrocalyx
Styphelia macrocalyx,genus,Styphelia,Styphelia macrocalyx
Styphelia macrocalyx,isNativeOf,Australia,Styphelia macrocalyx
Thelymitra jacksonii,instanceOf,Species,Thelymitra jacksonii
Thelymitra jacksonii,subclassOf,Thelymitra,Thelymitra jacksonii
Thelymitra jacksonii,hasScientificName,Thelymitra jacksonii,Thelymitra jacksonii
Thelymitra jacksonii,hasCommonName,Jackson's sun orchid,Thelymitra jacksonii
Thelymitra jacksonii,foundIn,Australia,Thelymitra jacksonii
Thelymitra jacksonii,foundIn,New South Wales,Thelymitra jacksonii
Thelymitra jacksonii,isEndemicTo,Australia,Thelymitra jacksonii
Thelymitra jacksonii,isProtectedBy,law,Thelymitra jacksonii
Thelymitra jacksonii,isListedOn,List of threatened species,Thelymitra jacksonii
Heracleum dissectum,instanceOf,Plant,Heracleum dissectum
Heracleum dissectum,genus,Heracleum,Heracleum dissectum
Heracleum dissectum,family,Apiaceae,Heracleum dissectum
Heracleum dissectum,nativeTo,Asia,Heracleum dissectum
Heracleum dissectum,nativeTo,Europe,Heracleum dissectum
Heracleum dissectum,hasPart,leaf,Heracleum dissectum
Heracleum dissectum,hasPart,stem,Heracleum dissectum
Heracleum dissectum,hasPart,root,Heracleum dissectum
Heracleum dissectum,usedAs,medicinal plant,Heracleum dissectum
Heracleum dissectum,isA,dicotyledon,Heracleum dissectum
Heracleum dissectum,hasInflorescence,umbel,Heracleum dissectum
Heracleum dissectum,hasFruit,schizocarp,Heracleum dissectum
subject,predicate,object,Delphinium geyeri
Cereus albicaulis subsp. estevesii,instanceOf,Cereus albicaulis subsp.,Cereus albicaulis subsp. estevesii
Cereus albicaulis subsp. estevesii,subspeciesOf,Cereus albicaulis,Cereus albicaulis subsp. estevesii
Cereus albicaulis subsp. estevesii,classification,Cactaceae,Cereus albicaulis subsp. estevesii
Cereus albicaulis subsp. estevesii,isA,Cactus,Cereus albicaulis subsp. estevesii
Cereus albicaulis subsp. estevesii,foundIn,Brazil,Cereus albicaulis subsp. estevesii
subject,predicate,object,Triplasis purpurea
subject,predicate,object,Astranthium integrifolium
Cyperus laxus,instanceOf,species,Cyperus laxus
Cyperus laxus,genus,Cyperus,Cyperus laxus
Cyperus laxus,family,Cyperaceae,Cyperus laxus
Cyperus laxus,kingdom,Plantae,Cyperus laxus
Cyperus laxus,phylum,Angiospermophyta,Cyperus laxus
Cyperus laxus,class,Liliopsida,Cyperus laxus
Cyperus laxus,order,Poales,Cyperus laxus
Cyperus laxus,type,perennial plant,Cyperus laxus
Cyperus laxus,native to,tropical Africa,Cyperus laxus
Cyperus laxus,used as,ornamental plant,Cyperus laxus
Santolina virens,instanceOf,Species,Santolina virens
Santolina virens,subclassOf,Santolina,Santolina virens
Santolina virens,family,Asteraceae,Santolina virens
Santolina virens,genus,Santolina,Santolina virens
Santolina virens,commonName,Green Santolina,Santolina virens
Thryptomene calcicola,instanceOf,species,Thryptomene calcicola
Thryptomene calcicola,class,Bryophyta,Thryptomene calcicola
Thryptomene calcicola,family,Pilotrichaceae,Thryptomene calcicola
Thryptomene calcicola,genus,Thryptomene,Thryptomene calcicola
Thryptomene calcicola,isFoundIn,Australia,Thryptomene calcicola
subject,predicate,object,Trifolium eriocephalum
subject,predicate,object,Helianthemum almeriense
Astragalus pycnostachyus var. lanosissimus,instanceOf,taxon,Astragalus pycnostachyus var. lanosissimus
Astragalus pycnostachyus var. lanosissimus,subspeciesOf,Astragalus pycnostachyus,Astragalus pycnostachyus var. lanosissimus
Astragalus pycnostachyus var. lanosissimus,classification,Legume,Astragalus pycnostachyus var. lanosissimus
Astragalus pycnostachyus var. lanosissimus,family,Fabaceae,Astragalus pycnostachyus var. lanosissimus
Astragalus pycnostachyus var. lanosissimus,genus,Astragalus,Astragalus pycnostachyus var. lanosissimus
Astragalus pycnostachyus var. lanosissimus,species,Astragalus pycnostachyus,Astragalus pycnostachyus var. lanosissimus
Astragalus pycnostachyus var. lanosissimus,variety,lanosissimus,Astragalus pycnostachyus var. lanosissimus
subject,predicate,object,Echium pininana
subject,predicate,object,Leucadendron gydoense
subject,predicate,object,Styphelia tortifolia
subject,predicate,object,Epacris obtusifolia
subject,predicate,object,Anthurium wendlingeri
Navarriella elliptica,instanceOf,species,Navarriella elliptica
Navarriella elliptica,genus,Navarriella,Navarriella elliptica
Navarriella elliptica,family,Pyronemataceae,Navarriella elliptica
Navarriella elliptica,class,Ascomycetes,Navarriella elliptica
Navarriella elliptica,phylum,Ascomycota,Navarriella elliptica
Navarriella elliptica,kingdom,Fungi,Navarriella elliptica
subject,predicate,object,Cupaniopsis cooperorum
Scrophularia grandiflora,instanceOf,Species,Scrophularia grandiflora
Scrophularia grandiflora,classifiesAs,Flowering plant,Scrophularia grandiflora
Scrophularia grandiflora,family,Scrophulariaceae,Scrophularia grandiflora
Scrophularia grandiflora,genus,Scrophularia,Scrophularia grandiflora
Scrophularia grandiflora,hasBioLibLink,true,Scrophularia grandiflora
Scrophularia grandiflora,hasNCBIlink,true,Scrophularia grandiflora
Scrophularia grandiflora,isA,Angiosperm,Scrophularia grandiflora
Scrophularia grandiflora,isInTropicos,true,Scrophularia grandiflora
Scrophularia grandiflora,isSubjectOf,Botany,Scrophularia grandiflora
Scrophularia grandiflora,mentionedIn,The Plant List,Scrophularia grandiflora
Scrophularia grandiflora,taxonomicRank,Species,Scrophularia grandiflora
Scrophularia grandiflora,Wikispecies,true,Scrophularia grandiflora
Lechea pulchella,instanceOf,Species,Lechea pulchella
Lechea pulchella,genus,Lechea,Lechea pulchella
Lechea pulchella,family,Cistaceae,Lechea pulchella
Lechea pulchella,class,Magnoliopsida,Lechea pulchella
Lechea pulchella,order,Myrtales,Lechea pulchella
Lechea pulchella,phylum,Angiospermophyta,Lechea pulchella
Lechea pulchella,kingdom,Plantae,Lechea pulchella
Lechea pulchella,inception, Species ,Lechea pulchella
subject,predicate,object,Eucalyptus gypsophila
subject,predicate,object,Stauntonia chinensis
Trochocarpa laurina,instanceOf,Species,Trochocarpa laurina
Trochocarpa laurina,subclassOf,Trochocarpa,Trochocarpa laurina
Trochocarpa laurina,family,Ericaceae,Trochocarpa laurina
Trochocarpa laurina,genus,Trochocarpa,Trochocarpa laurina
Trochocarpa laurina,classification,Angiosperms,Trochocarpa laurina
Trochocarpa laurina,classification,Eudicots,Trochocarpa laurina
Trochocarpa laurina,classification,Asterids,Trochocarpa laurina
Trochocarpa laurina,origin,Australia,Trochocarpa laurina
subject,predicate,object,Caladenia procera
Garuga pinnata,instanceOf,Species,Garuga pinnata
Garuga pinnata,genus,Garuga,Garuga pinnata
Garuga pinnata,family,Salicaceae,Garuga pinnata
Garuga pinnata,nativeTo,Asia,Garuga pinnata
Garuga pinnata,nativeTo,China,Garuga pinnata
Garuga pinnata,nativeTo,India,Garuga pinnata
Garuga pinnata,nativeTo,Myanmar,Garuga pinnata
Garuga pinnata,nativeTo,Thailand,Garuga pinnata
Garuga pinnata,type,Tree,Garuga pinnata
Garuga pinnata,type,Shrub,Garuga pinnata
Phyllostachys parvifolia,instanceOf,species,Phyllostachys parvifolia
Phyllostachys parvifolia,genus,Phyllostachys,Phyllostachys parvifolia
Phyllostachys parvifolia,family,Poaceae,Phyllostachys parvifolia
Phyllostachys parvifolia,order,Poales,Phyllostachys parvifolia
Phyllostachys parvifolia,class,Liliopsida,Phyllostachys parvifolia
Phyllostachys parvifolia,phylum,Magnoliophyta,Phyllostachys parvifolia
Phyllostachys parvifolia,kingdom,Plantae,Phyllostachys parvifolia
Phyllostachys parvifolia,nativeTo,Asia,Phyllostachys parvifolia
Phyllostachys parvifolia,typeOf,bamboo,Phyllostachys parvifolia
Acacia ryaniana,instanceOf,plant species,Acacia ryaniana
Acacia ryaniana,genus,Acacia,Acacia ryaniana
Acacia ryaniana,family,Fabaceae,Acacia ryaniana
Acacia ryaniana,classification, flowering plant,Acacia ryaniana
Acacia ryaniana,nativeTo,Australia,Acacia ryaniana
Radiola linoides,instanceOf,Species,Radiola linoides
Radiola linoides,classifiesAs,Radiola,Radiola linoides
Radiola linoides,hasScientificName,Radiola linoides,Radiola linoides
Radiola linoides,isA,AnnualPlant,Radiola linoides
Radiola linoides,isNativeTo,Europe,Radiola linoides
Radiola linoides,isNativeTo,Asia,Radiola linoides
Radiola linoides,isUsedAs,MedicinalPlant,Radiola linoides
Radiola linoides,hasFamily,Rubiaceae,Radiola linoides
subject,predicate,object,Aloe cooperi
Marianthus drummondianus,instanceOf,Species,Marianthus drummondianus
Marianthus drummondianus,genus,Marianthus,Marianthus drummondianus
Marianthus drummondianus,family,Amaryllidaceae,Marianthus drummondianus
Marianthus drummondianus,species,Marianthus drummondianus,Marianthus drummondianus
Marianthus drummondianus,classification,Plant,Marianthus drummondianus
Marianthus drummondianus,nativeTo,Western Australia,Marianthus drummondianus
subject,predicate,object,Juncus compressus
subject,predicate,object,Pterula multifida
subject,predicate,object,Rhodolaena bakeriana
subject,predicate,object,Hibiscus meraukensis
subject,predicate,object,Acacia aciphylla
Cryptocarya melanocarpa,instanceOf,Species,Cryptocarya melanocarpa
Cryptocarya melanocarpa,classifiesAs,Lauraceae,Cryptocarya melanocarpa
Cryptocarya melanocarpa,hasFamily,Lauraceae,Cryptocarya melanocarpa
Cryptocarya melanocarpa,scientificName,Cryptocarya melanocarpa,Cryptocarya melanocarpa
Cryptocarya melanocarpa,genus,Cryptocarya,Cryptocarya melanocarpa
Cryptocarya melanocarpa,family,Lauraceae,Cryptocarya melanocarpa
Cryptocarya melanocarpa,species,melanocarpa,Cryptocarya melanocarpa
Mylia taylorii,instanceOf,Species,Mylia taylorii
Mylia taylorii,classifiesAs,Mylia,Mylia taylorii
Mylia taylorii,taxonomicRank,species,Mylia taylorii
Mylia taylorii,subject,Myliaceae,Mylia taylorii
Mylia taylorii,foundIn,New Zealand,Mylia taylorii
Mylia taylorii,namedAfter,Taylor,Mylia taylorii
Myrsine variabilis,instanceOf,species,Myrsine variabilis
Myrsine variabilis,subclassOf,Myrsine,Myrsine variabilis
Myrsine variabilis,family,Myrsinaceae,Myrsine variabilis
Myrsine variabilis,genus,Myrsine,Myrsine variabilis
Myrsine variabilis,classification,Angiosperms,Myrsine variabilis
Myrsine variabilis,classification,Eudicots,Myrsine variabilis
Myrsine variabilis,classification,Asterids,Myrsine variabilis
Myrsine variabilis,foundIn,Australia,Myrsine variabilis
Myrsine variabilis,foundIn,New South Wales,Myrsine variabilis
subject,predicate,object,Rhododendron sinogrande
Rhododendron sinogrande,instanceOf,Species,Rhododendron sinogrande
Rhododendron sinogrande,genus,Rhododendron,Rhododendron sinogrande
Rhododendron sinogrande,family,Ericaceae,Rhododendron sinogrande
Rhododendron sinogrande,nativeTo,China,Rhododendron sinogrande
Rhododendron sinogrande,nativeTo,Myanmar,Rhododendron sinogrande
Rhododendron sinogrande,discoveredBy,G. Forrest,Rhododendron sinogrande
Rhododendron sinogrande,discoveredBy,R. W. Crathor,Rhododendron sinogrande
Rhododendron sinogrande,cultivatedIn,"Royal Botanic Gardens, Kew",Rhododendron sinogrande
Rhododendron sinogrande,hasFloweringTime,May,Rhododendron sinogrande
Rhododendron sinogrande,hasLeafLength,up to 60 cm,Rhododendron sinogrande
Rhododendron sinogrande,hasLeafWidth,up to 10 cm,Rhododendron sinogrande
Rhododendron sinogrande,hasFlowerColor,white,Rhododendron sinogrande
Rhododendron sinogrande,hasFlowerColor,pink,Rhododendron sinogrande
Rhododendron sinogrande,hasFlowerDiameter,up to 25 cm,Rhododendron sinogrande
subject,predicate,object,Madhuca monticola
subject,predicate,object,Primula × polyantha
subject,predicate,object,Bignonia callistegioides
subject,predicate,object,Cyrtandra platyphylla
subject,predicate,object,Litsea monopetala
Echinocereus grandis,instanceOf,Species,Echinocereus grandis
Echinocereus grandis,genus,Echinocereus,Echinocereus grandis
Echinocereus grandis,family,Cactaceae,Echinocereus grandis
Echinocereus grandis,class,Magnoliopsida,Echinocereus grandis
Echinocereus grandis,order,Caryophyllales,Echinocereus grandis
Echinocereus grandis,Kingdom,Plantae,Echinocereus grandis
Echinocereus grandis,Phylum,Angiospermophyta,Echinocereus grandis
Echinocereus grandis,species,Echinocereus grandis,Echinocereus grandis
Echinocereus grandis,nativeTo,Mexico,Echinocereus grandis
Echinocereus grandis,typeOf,Cactus,Echinocereus grandis
Arctostaphylos glandulosa subsp. crassifolia,instanceOf,subspecies,Arctostaphylos glandulosa subsp. crassifolia
Arctostaphylos glandulosa subsp. crassifolia,partOf,Arctostaphylos glandulosa,Arctostaphylos glandulosa subsp. crassifolia
Arctostaphylos glandulosa subsp. crassifolia,classification,Ericaceae,Arctostaphylos glandulosa subsp. crassifolia
Arctostaphylos glandulosa subsp. crassifolia,habitat,California,Arctostaphylos glandulosa subsp. crassifolia
Arctostaphylos glandulosa subsp. crassifolia,hasFloraBaseId,none,Arctostaphylos glandulosa subsp. crassifolia
Arctostaphylos glandulosa subsp. crassifolia,hasNCBIId,none,Arctostaphylos glandulosa subsp. crassifolia
Arctostaphylos glandulosa subsp. crassifolia,namedBy,E.Murray,Arctostaphylos glandulosa subsp. crassifolia
Arctostaphylos glandulosa subsp. crassifolia,hasYearOfPublication,1968,Arctostaphylos glandulosa subsp. crassifolia
Arctostaphylos glandulosa subsp. crassifolia,hasBotanicalName,Arctostaphylos glandulosa subsp. crassifolia,Arctostaphylos glandulosa subsp. crassifolia
Xanthosia stellata,instanceOf,Species,Xanthosia stellata
Xanthosia stellata,genus,Xanthosia,Xanthosia stellata
Xanthosia stellata,family,Apiaceae,Xanthosia stellata
Xanthosia stellata,class,Magnoliopsida,Xanthosia stellata
Xanthosia stellata,order,Apiales,Xanthosia stellata
Xanthosia stellata,kingdom,Plantae,Xanthosia stellata
Xanthosia stellata,phylum,Angiospermophyta,Xanthosia stellata
Phaeophyscia leana,instanceOf,species,Phaeophyscia leana
Phaeophyscia leana,subclassOf,Phaeophyscia,Phaeophyscia leana
Phaeophyscia leana,isA,lichen,Phaeophyscia leana
Phaeophyscia leana,hasClassification,Physciaceae,Phaeophyscia leana
Phaeophyscia leana,foundIn,North America,Phaeophyscia leana
Phaeophyscia leana,foundIn,Asia,Phaeophyscia leana
Phaeophyscia leana,hasDescription,A species of lichen,Phaeophyscia leana
Cladonia gallowayi,instanceOf,Cladonia,Cladonia gallowayi
Cladonia gallowayi,isA,lichen,Cladonia gallowayi
Cladonia gallowayi,foundIn,New Zealand,Cladonia gallowayi
Cladonia gallowayi,foundIn,Australia,Cladonia gallowayi
Cladonia gallowayi,namedAfter,Galloway,Cladonia gallowayi
Cladonia gallowayi,hasClassification,Ascomycota,Cladonia gallowayi
Cladonia gallowayi,hasClassification,Lecanoromycetidae,Cladonia gallowayi
Cladonia gallowayi,hasClassification,Cladoniidae,Cladonia gallowayi
Cladonia gallowayi,hasClassification,Cladonia,Cladonia gallowayi
Cladonia gallowayi,isEatenBy,reindeer,Cladonia gallowayi
subject,predicate,object,Eryngium davisii
subject,predicate,object,Acacia provincialis
If you want me to try to find more information,I can do that,but it might take a bit longer.,Acacia provincialis
subject,predicate,object,Cladonia borealis
Cylindropuntia tunicata,instanceOf,species,Cylindropuntia tunicata
Cylindropuntia tunicata,genus,Cylindropuntia,Cylindropuntia tunicata
Cylindropuntia tunicata,family,Cactaceae,Cylindropuntia tunicata
Cylindropuntia tunicata,nativeTo,Mexico,Cylindropuntia tunicata
Cylindropuntia tunicata,synonym,Opuntia tunicata,Cylindropuntia tunicata
Cylindropuntia tunicata,synonym,Cactus tunicatus,Cylindropuntia tunicata
Cylindropuntia tunicata,isA,succulent,Cylindropuntia tunicata
Cylindropuntia tunicata,hasSpine,true,Cylindropuntia tunicata
subject,predicate,object,Acacia peuce
subject,predicate,object,Acacia rhamphophylla
Euphorbia dulcis,instanceOf,Euphorbia,Euphorbia dulcis
Euphorbia dulcis,isA,Plant,Euphorbia dulcis
Euphorbia dulcis,isA,Species,Euphorbia dulcis
Euphorbia dulcis,hasScientificName,Euphorbia dulcis,Euphorbia dulcis
Euphorbia dulcis,hasCommonName,Jerusalem Thorn,Euphorbia dulcis
Euphorbia dulcis,hasFamily,Euphorbiaceae,Euphorbia dulcis
Euphorbia dulcis,hasGenus,Euphorbia,Euphorbia dulcis
Euphorbia dulcis,isNativeTo,Asia,Euphorbia dulcis
Euphorbia dulcis,isNativeTo,Africa,Euphorbia dulcis
Euphorbia dulcis,hasType,Shrub,Euphorbia dulcis
Euphorbia dulcis,hasType,Tree,Euphorbia dulcis
