subject,predicate,object,subject_name
Bhoomidevi Pushpiniyayi,instanceOf,Film,Bhoomidevi Pushpiniyayi
Bhoomidevi Pushpiniyayi,language,Malayalam,Bhoomidevi Pushpiniyayi
Bhoomidevi Pushpiniyayi,country,India,Bhoomidevi Pushpiniyayi
Bhoomidevi Pushpiniyayi,director,Sasikumar,Bhoomidevi Pushpiniyayi
Bhoomidevi Pushpiniyayi,releaseYear,1974,Bhoomidevi Pushpiniyayi
Bhoomidevi Pushpiniyayi,starring,Prem Nazir,Bhoomidevi Pushpiniyayi
Bhoomidevi Pushpiniyayi,starring,Jayabharathi,Bhoomidevi Pushpiniyayi
Bhoomidevi Pushpiniyayi,musicComposer,G. Devarajan,Bhoomidevi Pushpiniyayi
Katie Kitamura,instanceOf,Person,Katie Kitamura
Katie Kitamura,instanceOf,Novelist,Katie Kitamura
Katie Kitamura,instanceOf,Author,Katie Kitamura
Katie Kitamura,instanceOf,Art critic,Katie Kitamura
Katie Kitamura,instanceOf,Journalist,Katie Kitamura
Katie Kitamura,gender,Female,Katie Kitamura
Katie Kitamura,nationality,American,Katie Kitamura
Katie Kitamura,ethnicity,Japanese-American,Katie Kitamura
Katie Kitamura,birthYear,1979,Katie Kitamura
Katie Kitamura,placeOfBirth,California,Katie Kitamura
Katie Kitamura,educatedAt,Princeton University,Katie Kitamura
Katie Kitamura,educatedAt,University of London,Katie Kitamura
Katie Kitamura,residesIn,New York City,Katie Kitamura
Katie Kitamura,authorOf,The Longshot,Katie Kitamura
Katie Kitamura,authorOf,Gone to the Forest,Katie Kitamura
Katie Kitamura,authorOf,A Separation,Katie Kitamura
Katie Kitamura,authorOf,Intimacies,Katie Kitamura
Katie Kitamura,recipientOf,Rome Prize,Katie Kitamura
Katie Kitamura,finalistFor,PEN/Faulkner Award,Katie Kitamura
Katie Kitamura,longlistedFor,Booker Prize,Katie Kitamura
Katie Kitamura,contributorTo,The New York Times Book Review,Katie Kitamura
Katie Kitamura,contributorTo,The Guardian,Katie Kitamura
Katie Kitamura,teachesAt,New York University,Katie Kitamura
Bueng Kan province,instanceOf,province,Bueng Kan province
Bueng Kan province,country,Thailand,Bueng Kan province
Bueng Kan province,locatedIn,Isan,Bueng Kan province
Bueng Kan province,hasCapital,Bueng Kan,Bueng Kan province
Bueng Kan province,established,2011,Bueng Kan province
Bueng Kan province,createdFrom,Nong Khai province,Bueng Kan province
Bueng Kan province,borders,Laos,Bueng Kan province
Bueng Kan province,borders,Nong Khai province,Bueng Kan province
Bueng Kan province,borders,Sakon Nakhon province,Bueng Kan province
Bueng Kan province,borders,Nakhon Phanom province,Bueng Kan province
Bueng Kan province,hasNumberOfAmphoes,8,Bueng Kan province
Survivor: Kaôh Rōng,instanceOf,Survivor season,Survivor: Kaôh Rōng
Survivor: Kaôh Rōng,partOf,Survivor,Survivor: Kaôh Rōng
Survivor: Kaôh Rōng,seasonNumber,32,Survivor: Kaôh Rōng
Survivor: Kaôh Rōng,originalBroadcaster,CBS,Survivor: Kaôh Rōng
Survivor: Kaôh Rōng,country,United States,Survivor: Kaôh Rōng
Survivor: Kaôh Rōng,premiereDate,"February 17, 2016",Survivor: Kaôh Rōng
Survivor: Kaôh Rōng,filmingLocation,Cambodia,Survivor: Kaôh Rōng
Survivor: Kaôh Rōng,host,Jeff Probst,Survivor: Kaôh Rōng
Survivor: Kaôh Rōng,winner,Michele Fitzgerald,Survivor: Kaôh Rōng
Survivor: Kaôh Rōng,runnerUp,Aubry Bracco,Survivor: Kaôh Rōng
Survivor: Kaôh Rōng,runnerUp,Tai Trang,Survivor: Kaôh Rōng
Survivor: Kaôh Rōng,numberOfContestants,18,Survivor: Kaôh Rōng
Survivor: Kaôh Rōng,numberOfEpisodes,14,Survivor: Kaôh Rōng
Survivor: Kaôh Rōng,hasTribe,Chan Loh,Survivor: Kaôh Rōng
Survivor: Kaôh Rōng,hasTribe,Gondol,Survivor: Kaôh Rōng
Survivor: Kaôh Rōng,hasTribe,To Tang,Survivor: Kaôh Rōng
Survivor: Kaôh Rōng,theme,Brains vs. Brawn vs. Beauty,Survivor: Kaôh Rōng
Survivor: Kaôh Rōng,medicalEvacuation,Caleb Reynolds,Survivor: Kaôh Rōng
Survivor: Kaôh Rōng,medicalEvacuation,Neal Gottlieb,Survivor: Kaôh Rōng
Survivor: Kaôh Rōng,hasContestant,Michele Fitzgerald,Survivor: Kaôh Rōng
Survivor: Kaôh Rōng,hasContestant,Aubry Bracco,Survivor: Kaôh Rōng
Survivor: Kaôh Rōng,hasContestant,Tai Trang,Survivor: Kaôh Rōng
Survivor: Kaôh Rōng,hasContestant,Cydney Gillon,Survivor: Kaôh Rōng
Survivor: Kaôh Rōng,hasContestant,Julia Sokolowski,Survivor: Kaôh Rōng
Survivor: Kaôh Rōng,hasContestant,Kyle Jason,Survivor: Kaôh Rōng
Survivor: Kaôh Rōng,hasContestant,Scot Pollard,Survivor: Kaôh Rōng
Survivor: Kaôh Rōng,hasContestant,Jason Linden,Survivor: Kaôh Rōng
Survivor: Kaôh Rōng,hasContestant,Nick Maiorano,Survivor: Kaôh Rōng
Whitmell P. Martin,instanceOf,Person,Whitmell P. Martin
Whitmell P. Martin,fullName,Whitmell Pugh Martin,Whitmell P. Martin
Whitmell P. Martin,bornOn,"August 12, 1867",Whitmell P. Martin
Whitmell P. Martin,diedOn,"April 6, 1929",Whitmell P. Martin
Whitmell P. Martin,bornIn,"Napoleonville, Louisiana",Whitmell P. Martin
Whitmell P. Martin,diedIn,"Washington, D.C.",Whitmell P. Martin
Whitmell P. Martin,occupation,lawyer,Whitmell P. Martin
Whitmell P. Martin,occupation,politician,Whitmell P. Martin
Whitmell P. Martin,educatedAt,Louisiana State University,Whitmell P. Martin
Whitmell P. Martin,positionHeld,United States Representative,Whitmell P. Martin
Whitmell P. Martin,represented,Louisiana,Whitmell P. Martin
Whitmell P. Martin,politicalParty,Progressive Party,Whitmell P. Martin
Whitmell P. Martin,politicalParty,Democratic Party,Whitmell P. Martin
Whitmell P. Martin,positionHeld,district attorney,Whitmell P. Martin
Whitmell P. Martin,participatedIn,Louisiana constitutional convention,Whitmell P. Martin
SM UB-74,instanceOf,UB III-class submarine,SM UB-74
SM UB-74,operator,Imperial German Navy,SM UB-74
SM UB-74,country,German Empire,SM UB-74
SM UB-74,builder,AG Vulcan,SM UB-74
SM UB-74,laidDown,5 May 1917,SM UB-74
SM UB-74,launched,12 September 1917,SM UB-74
SM UB-74,commissioned,24 October 1917,SM UB-74
SM UB-74,participatedIn,World War I,SM UB-74
SM UB-74,sunkOn,26 May 1918,SM UB-74
SM UB-74,sunkBy,British motor launches,SM UB-74
Vida Movahed,instanceOf,Person,Vida Movahed
Vida Movahed,instanceOf,Woman,Vida Movahed
Vida Movahed,instanceOf,Activist,Vida Movahed
Vida Movahed,nationality,Iranian,Vida Movahed
Vida Movahed,gender,Female,Vida Movahed
Vida Movahed,knownFor,Waving hijab on a stick,Vida Movahed
Vida Movahed,alias,Girl of Enghelab Street,Vida Movahed
Vida Movahed,participatedIn,2017-2018 Iranian protests,Vida Movahed
Vida Movahed,protestLocation,"Enghelab Street, Tehran",Vida Movahed
Vida Movahed,protestDate,"December 27, 2017",Vida Movahed
Vida Movahed,wasArrested,true,Vida Movahed
Little Brosna River,instanceOf,River,Little Brosna River
Little Brosna River,country,Ireland,Little Brosna River
Little Brosna River,locatedIn,County Offaly,Little Brosna River
Little Brosna River,locatedIn,County Tipperary,Little Brosna River
Little Brosna River,flowsInto,River Shannon,Little Brosna River
Little Brosna River,tributaryOf,River Shannon,Little Brosna River
Little Brosna River,riverBasin,Shannon River Basin,Little Brosna River
"Fokino, Bryansk Oblast",instanceOf,town,"Fokino, Bryansk Oblast"
"Fokino, Bryansk Oblast",instanceOf,closed administrative-territorial formation,"Fokino, Bryansk Oblast"
"Fokino, Bryansk Oblast",locatedIn,Bryansk Oblast,"Fokino, Bryansk Oblast"
"Fokino, Bryansk Oblast",country,Russia,"Fokino, Bryansk Oblast"
"Fokino, Bryansk Oblast",partOf,Central Federal District,"Fokino, Bryansk Oblast"
Tixpéhual Municipality,instanceOf,Municipality,Tixpéhual Municipality
Tixpéhual Municipality,locatedIn,Yucatán,Tixpéhual Municipality
Tixpéhual Municipality,country,Mexico,Tixpéhual Municipality
Tixpéhual Municipality,hasMunicipalSeat,Tixpéhual,Tixpéhual Municipality
Tixpéhual Municipality,partOf,Yucatán State,Tixpéhual Municipality
Horten Church,instanceOf,Church,Horten Church
Horten Church,instanceOf,Parish church,Horten Church
Horten Church,locatedIn,Horten,Horten Church
Horten Church,locatedIn,Vestfold,Horten Church
Horten Church,locatedIn,Norway,Horten Church
Horten Church,architect,Christian Heinrich Grosch,Horten Church
Horten Church,constructionYear,1855,Horten Church
Horten Church,buildingMaterial,Wood,Horten Church
Horten Church,architecturalStyle,Long church,Horten Church
Horten Church,denomination,Church of Norway,Horten Church
Horten Church,color,White,Horten Church
Johannes Loccenius,instanceOf,Person,Johannes Loccenius
Johannes Loccenius,instanceOf,Historian,Johannes Loccenius
Johannes Loccenius,instanceOf,Jurist,Johannes Loccenius
Johannes Loccenius,birthYear,1598,Johannes Loccenius
Johannes Loccenius,birthPlace,Itzehoe,Johannes Loccenius
Johannes Loccenius,deathYear,1677,Johannes Loccenius
Johannes Loccenius,deathPlace,Uppsala,Johannes Loccenius
Johannes Loccenius,nationality,German,Johannes Loccenius
Johannes Loccenius,nationality,Swedish,Johannes Loccenius
Johannes Loccenius,employer,Uppsala University,Johannes Loccenius
Johannes Loccenius,profession,Professor of History,Johannes Loccenius
Johannes Loccenius,profession,Professor of Law,Johannes Loccenius
Johannes Loccenius,profession,University Librarian,Johannes Loccenius
Johannes Loccenius,fieldOfWork,Swedish legal history,Johannes Loccenius
Johannes Loccenius,fieldOfWork,Swedish antiquities,Johannes Loccenius
Johannes Loccenius,notableWork,Antiquitates Sueo-Gothicae,Johannes Loccenius
Johannes Loccenius,notableWork,Rerum Suecicarum Historia,Johannes Loccenius
Johannes Loccenius,movedTo,Sweden,Johannes Loccenius
Johannes Loccenius,yearMovedTo,1628,Johannes Loccenius
Ministry of Justice (Niger),instanceOf,Ministry,Ministry of Justice (Niger)
Ministry of Justice (Niger),instanceOf,Government ministry,Ministry of Justice (Niger)
Ministry of Justice (Niger),country,Niger,Ministry of Justice (Niger)
Ministry of Justice (Niger),jurisdiction,Niger,Ministry of Justice (Niger)
Ministry of Justice (Niger),parentOrganization,Government of Niger,Ministry of Justice (Niger)
Brand USA,instanceOf,Organization,Brand USA
Brand USA,alsoKnownAs,Corporation for Travel Promotion,Brand USA
Brand USA,foundedIn,2010,Brand USA
Brand USA,locatedIn,"Washington, D.C.",Brand USA
Brand USA,hasMission,promote international tourism to the US,Brand USA
Brand USA,fundedBy,Visa Waiver Program fees,Brand USA
Brand USA,fundedBy,private sector contributions,Brand USA
Brand USA,website,thebrandusa.com,Brand USA
Brand USA,operates,VisitTheUSA.com,Brand USA
Counter-Terrorism and Border Security Act 2019,instanceOf,Act of the Parliament of the United Kingdom,Counter-Terrorism and Border Security Act 2019
Counter-Terrorism and Border Security Act 2019,jurisdiction,United Kingdom,Counter-Terrorism and Border Security Act 2019
Counter-Terrorism and Border Security Act 2019,enactedBy,Parliament of the United Kingdom,Counter-Terrorism and Border Security Act 2019
Counter-Terrorism and Border Security Act 2019,royalAssentDate,12 February 2019,Counter-Terrorism and Border Security Act 2019
Counter-Terrorism and Border Security Act 2019,enactedYear,2019,Counter-Terrorism and Border Security Act 2019
Counter-Terrorism and Border Security Act 2019,amends,Terrorism Act 2000,Counter-Terrorism and Border Security Act 2019
Counter-Terrorism and Border Security Act 2019,amends,Terrorism Act 2006,Counter-Terrorism and Border Security Act 2019
Counter-Terrorism and Border Security Act 2019,amends,Counter-Terrorism Act 2008,Counter-Terrorism and Border Security Act 2019
Counter-Terrorism and Border Security Act 2019,introducesOffence,viewing terrorist material,Counter-Terrorism and Border Security Act 2019
Counter-Terrorism and Border Security Act 2019,introducesOffence,entering designated area,Counter-Terrorism and Border Security Act 2019
Counter-Terrorism and Border Security Act 2019,purpose,counter-terrorism,Counter-Terrorism and Border Security Act 2019
Counter-Terrorism and Border Security Act 2019,purpose,border security,Counter-Terrorism and Border Security Act 2019
Counter-Terrorism and Border Security Act 2019,providesFor,hostile activity examination,Counter-Terrorism and Border Security Act 2019
Counter-Terrorism and Border Security Act 2019,appliesTo,United Kingdom,Counter-Terrorism and Border Security Act 2019
WeTransfer,instanceOf,Company,WeTransfer
WeTransfer,instanceOf,File sharing service,WeTransfer
WeTransfer,instanceOf,Online platform,WeTransfer
WeTransfer,foundedIn,2009,WeTransfer
WeTransfer,foundedBy,Bas Beerens,WeTransfer
WeTransfer,foundedBy,Rinke van der Heijden,WeTransfer
WeTransfer,headquartersCity,Amsterdam,WeTransfer
WeTransfer,headquartersCountry,Netherlands,WeTransfer
WeTransfer,website,https://wetransfer.com,WeTransfer
WeTransfer,providesService,File transfer,WeTransfer
WeTransfer,providesService,File sharing,WeTransfer
WeTransfer,offersPlan,Free tier,WeTransfer
WeTransfer,offersPlan,WeTransfer Pro,WeTransfer
WeTransfer,maxFileSizeFree,2 GB,WeTransfer
WeTransfer,maxFileSizePro,20 GB,WeTransfer
WeTransfer,industry,Cloud storage,WeTransfer
WeTransfer,industry,Internet services,WeTransfer
WeTransfer,competitor,Dropbox,WeTransfer
WeTransfer,competitor,Google Drive,WeTransfer
WeTransfer,competitor,Microsoft OneDrive,WeTransfer
WeTransfer,supportsFeature,Link sharing,WeTransfer
WeTransfer,supportsFeature,Password protection,WeTransfer
WeTransfer,supportsFeature,Expiration dates,WeTransfer
WeTransfer,legalForm,B.V.,WeTransfer
Draupner wave,instanceOf,rogue wave,Draupner wave
Draupner wave,instanceOf,freak wave,Draupner wave
Draupner wave,occurredOn,1 January 1995,Draupner wave
Draupner wave,recordedAt,Draupner E platform,Draupner wave
Draupner wave,locatedIn,North Sea,Draupner wave
Draupner wave,hasMaximumHeight,25.6 meters,Draupner wave
Draupner wave,hasSignificantWaveHeight,11.9 meters,Draupner wave
Draupner wave,alsoKnownAs,New Year's wave,Draupner wave
Draupner wave,confirmedExistenceOf,rogue waves,Draupner wave
Draupner wave,caused,minor damage to platform,Draupner wave
Draupner wave,occurredDuring,severe storm,Draupner wave
Draupner wave,measuredBy,laser sensor,Draupner wave
2012 World Junior Ice Hockey Championships,instanceOf,ice hockey tournament,2012 World Junior Ice Hockey Championships
2012 World Junior Ice Hockey Championships,instanceOf,World Junior Ice Hockey Championships,2012 World Junior Ice Hockey Championships
2012 World Junior Ice Hockey Championships,edition,36,2012 World Junior Ice Hockey Championships
2012 World Junior Ice Hockey Championships,hostCountry,Canada,2012 World Junior Ice Hockey Championships
2012 World Junior Ice Hockey Championships,hostCity,Calgary,2012 World Junior Ice Hockey Championships
2012 World Junior Ice Hockey Championships,hostCity,Edmonton,2012 World Junior Ice Hockey Championships
2012 World Junior Ice Hockey Championships,startDate,2011-12-26,2012 World Junior Ice Hockey Championships
2012 World Junior Ice Hockey Championships,endDate,2012-01-05,2012 World Junior Ice Hockey Championships
2012 World Junior Ice Hockey Championships,winner,Sweden,2012 World Junior Ice Hockey Championships
2012 World Junior Ice Hockey Championships,runnerUp,Russia,2012 World Junior Ice Hockey Championships
2012 World Junior Ice Hockey Championships,thirdPlace,Canada,2012 World Junior Ice Hockey Championships
2012 World Junior Ice Hockey Championships,organizer,International Ice Hockey Federation,2012 World Junior Ice Hockey Championships
2012 World Junior Ice Hockey Championships,sport,ice hockey,2012 World Junior Ice Hockey Championships
2012 World Junior Ice Hockey Championships,ageGroup,under-20,2012 World Junior Ice Hockey Championships
2012 World Junior Ice Hockey Championships,numberOfTeams,10,2012 World Junior Ice Hockey Championships
2012 World Junior Ice Hockey Championships,previousEdition,2011 World Junior Ice Hockey Championships,2012 World Junior Ice Hockey Championships
2012 World Junior Ice Hockey Championships,nextEdition,2013 World Junior Ice Hockey Championships,2012 World Junior Ice Hockey Championships
Forever (Bon Jovi album),instanceOf,Album,Forever (Bon Jovi album)
Forever (Bon Jovi album),artist,Bon Jovi,Forever (Bon Jovi album)
Forever (Bon Jovi album),releaseDate,2024-06-14,Forever (Bon Jovi album)
Forever (Bon Jovi album),genre,Rock,Forever (Bon Jovi album)
Forever (Bon Jovi album),recordLabel,Island Records,Forever (Bon Jovi album)
Forever (Bon Jovi album),country,United States,Forever (Bon Jovi album)
Forever (Bon Jovi album),language,English,Forever (Bon Jovi album)
Forever (Bon Jovi album),numberOfTracks,12,Forever (Bon Jovi album)
Forever (Bon Jovi album),hasSingle,Legendary,Forever (Bon Jovi album)
Cartagena Cathedral,instanceOf,Cathedral,Cartagena Cathedral
Cartagena Cathedral,instanceOf,Minor basilica,Cartagena Cathedral
Cartagena Cathedral,alsoKnownAs,Catedral Basílica Menor de Santa Catalina de Alejandría,Cartagena Cathedral
Cartagena Cathedral,alsoKnownAs,Catedral de Santa Catalina de Alejandría,Cartagena Cathedral
Cartagena Cathedral,location,Cartagena,Cartagena Cathedral
Cartagena Cathedral,location,Colombia,Cartagena Cathedral
Cartagena Cathedral,country,Colombia,Cartagena Cathedral
Cartagena Cathedral,city,Cartagena,Cartagena Cathedral
Cartagena Cathedral,continent,South America,Cartagena Cathedral
Cartagena Cathedral,dedicatedTo,Saint Catherine of Alexandria,Cartagena Cathedral
Cartagena Cathedral,religion,Roman Catholicism,Cartagena Cathedral
Cartagena Cathedral,diocese,Roman Catholic Archdiocese of Cartagena,Cartagena Cathedral
Cartagena Cathedral,architecturalStyle,Baroque,Cartagena Cathedral
Cartagena Cathedral,architecturalStyle,Renaissance,Cartagena Cathedral
Cartagena Cathedral,partOf,Historic Centre of Cartagena,Cartagena Cathedral
Cartagena Cathedral,partOf,"Port, Fortresses and Group of Monuments, Cartagena",Cartagena Cathedral
Cartagena Cathedral,partOf,UNESCO World Heritage Site,Cartagena Cathedral
Cartagena Cathedral,buildingFunction,Seat of the bishop,Cartagena Cathedral
Cartagena Cathedral,hasFeature,Bell tower,Cartagena Cathedral
2016 FIFA U-17 Women's World Cup,instanceOf,FIFA U-17 Women's World Cup,2016 FIFA U-17 Women's World Cup
2016 FIFA U-17 Women's World Cup,instanceOf,women's association football tournament,2016 FIFA U-17 Women's World Cup
2016 FIFA U-17 Women's World Cup,hostCountry,Jordan,2016 FIFA U-17 Women's World Cup
2016 FIFA U-17 Women's World Cup,startDate,2016-09-30,2016 FIFA U-17 Women's World Cup
2016 FIFA U-17 Women's World Cup,endDate,2016-10-21,2016 FIFA U-17 Women's World Cup
2016 FIFA U-17 Women's World Cup,organizer,FIFA,2016 FIFA U-17 Women's World Cup
2016 FIFA U-17 Women's World Cup,sport,association football,2016 FIFA U-17 Women's World Cup
2016 FIFA U-17 Women's World Cup,ageGroup,under-17,2016 FIFA U-17 Women's World Cup
2016 FIFA U-17 Women's World Cup,gender,female,2016 FIFA U-17 Women's World Cup
2016 FIFA U-17 Women's World Cup,numberOfTeams,16,2016 FIFA U-17 Women's World Cup
2016 FIFA U-17 Women's World Cup,numberOfMatches,32,2016 FIFA U-17 Women's World Cup
2016 FIFA U-17 Women's World Cup,winner,North Korea,2016 FIFA U-17 Women's World Cup
2016 FIFA U-17 Women's World Cup,runnerUp,Japan,2016 FIFA U-17 Women's World Cup
Nuraghe Genna Maria,instanceOf,Nuraghe,Nuraghe Genna Maria
Nuraghe Genna Maria,instanceOf,Archaeological site,Nuraghe Genna Maria
Nuraghe Genna Maria,locatedIn,Villanovaforru,Nuraghe Genna Maria
Nuraghe Genna Maria,locatedIn,South Sardinia,Nuraghe Genna Maria
Nuraghe Genna Maria,locatedIn,Sardinia,Nuraghe Genna Maria
Nuraghe Genna Maria,locatedIn,Italy,Nuraghe Genna Maria
Nuraghe Genna Maria,partOf,Nuragic civilization,Nuraghe Genna Maria
Nuraghe Genna Maria,builtDuring,Bronze Age,Nuraghe Genna Maria
Nuraghe Genna Maria,architecturalStyle,Megalithic,Nuraghe Genna Maria
Nuraghe Genna Maria,hasFeature,Central tower,Nuraghe Genna Maria
Nuraghe Genna Maria,hasFeature,Bastion,Nuraghe Genna Maria
Nuraghe Genna Maria,hasFeature,Courtyard,Nuraghe Genna Maria
Nuraghe Genna Maria,hasFeature,Huts,Nuraghe Genna Maria
Nuraghe Genna Maria,status,Excavated,Nuraghe Genna Maria
Nuraghe Genna Maria,status,Open to visitors,Nuraghe Genna Maria
Saxton Oval,instanceOf,cricket ground,Saxton Oval
Saxton Oval,location,Nelson,Saxton Oval
Saxton Oval,country,New Zealand,Saxton Oval
Saxton Oval,sport,cricket,Saxton Oval
Saxton Oval,usedFor,first-class cricket,Saxton Oval
Ohio State Route 292,instanceOf,State highway,Ohio State Route 292
Ohio State Route 292,locatedIn,Ohio,Ohio State Route 292
Ohio State Route 292,country,United States,Ohio State Route 292
Rodriguésia (journal),instanceOf,scientific journal,Rodriguésia (journal)
Rodriguésia (journal),instanceOf,botanical journal,Rodriguésia (journal)
Rodriguésia (journal),publishedBy,Jardim Botânico do Rio de Janeiro,Rodriguésia (journal)
Rodriguésia (journal),country,Brazil,Rodriguésia (journal)
Rodriguésia (journal),location,Rio de Janeiro,Rodriguésia (journal)
Rodriguésia (journal),discipline,botany,Rodriguésia (journal)
Rodriguésia (journal),discipline,plant systematics,Rodriguésia (journal)
Rodriguésia (journal),discipline,floristics,Rodriguésia (journal)
Rodriguésia (journal),language,Portuguese,Rodriguésia (journal)
Rodriguésia (journal),language,English,Rodriguésia (journal)
Durga Shanker Mishra,instanceOf,Person,Durga Shanker Mishra
Durga Shanker Mishra,nationality,Indian,Durga Shanker Mishra
Durga Shanker Mishra,occupation,Civil servant,Durga Shanker Mishra
Durga Shanker Mishra,memberOf,Indian Administrative Service,Durga Shanker Mishra
Durga Shanker Mishra,iasBatch,1984,Durga Shanker Mishra
Durga Shanker Mishra,iasCadre,Uttar Pradesh,Durga Shanker Mishra
Durga Shanker Mishra,servedAs,Chief Secretary of Uttar Pradesh,Durga Shanker Mishra
Durga Shanker Mishra,servedAs,Secretary in the Ministry of Housing and Urban Affairs,Durga Shanker Mishra
Durga Shanker Mishra,employer,Government of Uttar Pradesh,Durga Shanker Mishra
Durga Shanker Mishra,employer,Government of India,Durga Shanker Mishra
Durga Shanker Mishra,position,Principal Secretary,Durga Shanker Mishra
Durga Shanker Mishra,position,Chief Secretary,Durga Shanker Mishra
Durga Shanker Mishra,position,Secretary to the Government of India,Durga Shanker Mishra
Großkrotzenburg,instanceOf,municipality,Großkrotzenburg
Großkrotzenburg,country,Germany,Großkrotzenburg
Großkrotzenburg,locatedIn,Hesse,Großkrotzenburg
Großkrotzenburg,locatedIn,Main-Kinzig-Kreis,Großkrotzenburg
Großkrotzenburg,locatedOn,Main,Großkrotzenburg
Misfat al Abriyeen,instanceOf,village,Misfat al Abriyeen
Misfat al Abriyeen,country,Oman,Misfat al Abriyeen
Misfat al Abriyeen,locatedIn,Ad Dakhiliyah Governorate,Misfat al Abriyeen
Misfat al Abriyeen,locatedIn,Wilayat Al Hamra,Misfat al Abriyeen
Misfat al Abriyeen,locatedIn,Al Hajar Mountains,Misfat al Abriyeen
Misfat al Abriyeen,knownFor,traditional mud-brick houses,Misfat al Abriyeen
Misfat al Abriyeen,knownFor,ancient falaj irrigation system,Misfat al Abriyeen
Misfat al Abriyeen,knownFor,date palm groves,Misfat al Abriyeen
Misfat al Abriyeen,knownFor,mountain hiking trails,Misfat al Abriyeen
Misfat al Abriyeen,namedAfter,Al Abri tribe,Misfat al Abriyeen
Gaspar de Bono,instanceOf,Person,Gaspar de Bono
Gaspar de Bono,birthDate,1530-01-05,Gaspar de Bono
Gaspar de Bono,birthPlace,"Valencia, Spain",Gaspar de Bono
Gaspar de Bono,deathDate,1604-07-14,Gaspar de Bono
Gaspar de Bono,deathPlace,"Valencia, Spain",Gaspar de Bono
Gaspar de Bono,nationality,Spanish,Gaspar de Bono
Gaspar de Bono,religion,Roman Catholic,Gaspar de Bono
Gaspar de Bono,profession,Priest,Gaspar de Bono
Gaspar de Bono,memberOf,Order of Minims,Gaspar de Bono
Gaspar de Bono,beatificationDate,1786,Gaspar de Bono
Gaspar de Bono,beatifiedBy,Pope Pius VI,Gaspar de Bono
North Central Hardwood Forests,instanceOf,Ecoregion,North Central Hardwood Forests
North Central Hardwood Forests,instanceOf,EPA Level III Ecoregion,North Central Hardwood Forests
North Central Hardwood Forests,hasEPAIdentifier,51,North Central Hardwood Forests
North Central Hardwood Forests,locatedIn,Minnesota,North Central Hardwood Forests
North Central Hardwood Forests,locatedIn,Wisconsin,North Central Hardwood Forests
North Central Hardwood Forests,locatedIn,Michigan,North Central Hardwood Forests
North Central Hardwood Forests,locatedIn,United States,North Central Hardwood Forests
North Central Hardwood Forests,borders,Northern Lakes and Forests,North Central Hardwood Forests
North Central Hardwood Forests,borders,Driftless Area,North Central Hardwood Forests
North Central Hardwood Forests,borders,Western Corn Belt Plains,North Central Hardwood Forests
North Central Hardwood Forests,hasLandform,Glacial till plains,North Central Hardwood Forests
North Central Hardwood Forests,hasLandform,Moraines,North Central Hardwood Forests
North Central Hardwood Forests,hasLandform,Kettle lakes,North Central Hardwood Forests
North Central Hardwood Forests,hasVegetation,Oak forests,North Central Hardwood Forests
North Central Hardwood Forests,hasVegetation,Maple forests,North Central Hardwood Forests
North Central Hardwood Forests,hasVegetation,Basswood forests,North Central Hardwood Forests
North Central Hardwood Forests,hasVegetation,Pine forests,North Central Hardwood Forests
North Central Hardwood Forests,hasClimate,Humid continental climate,North Central Hardwood Forests
North Central Hardwood Forests,hasEconomy,Agriculture,North Central Hardwood Forests
North Central Hardwood Forests,hasEconomy,Forestry,North Central Hardwood Forests
North Central Hardwood Forests,hasEconomy,Recreation,North Central Hardwood Forests
North Central Hardwood Forests,hasWaterBody,Numerous lakes,North Central Hardwood Forests
North Central Hardwood Forests,hasSoil,Loamy soils,North Central Hardwood Forests
North Central Hardwood Forests,hasGeology,Glacial deposits,North Central Hardwood Forests
North Central Hardwood Forests,partOf,Temperate broadleaf and mixed forest biome,North Central Hardwood Forests
Lesser amberjack,instanceOf,species,Lesser amberjack
Lesser amberjack,hasScientificName,Seriola fasciata,Lesser amberjack
Lesser amberjack,genus,Seriola,Lesser amberjack
Lesser amberjack,family,Carangidae,Lesser amberjack
Lesser amberjack,order,Carangiformes,Lesser amberjack
Lesser amberjack,class,Actinopterygii,Lesser amberjack
Lesser amberjack,phylum,Chordata,Lesser amberjack
Lesser amberjack,kingdom,Animalia,Lesser amberjack
Lesser amberjack,livesIn,Atlantic Ocean,Lesser amberjack
Lesser amberjack,livesIn,Mediterranean Sea,Lesser amberjack
Lesser amberjack,isA,jack,Lesser amberjack
Lesser amberjack,hasCommonName,Lesser amberjack,Lesser amberjack
Chengdu J-20,instanceOf,fifth-generation stealth fighter,Chengdu J-20
Chengdu J-20,manufacturer,Chengdu Aircraft Industry Group,Chengdu J-20
Chengdu J-20,countryOfOrigin,People's Republic of China,Chengdu J-20
Chengdu J-20,operator,People's Liberation Army Air Force,Chengdu J-20
Chengdu J-20,firstFlight,11 January 2011,Chengdu J-20
Chengdu J-20,introduced,March 2017,Chengdu J-20
Chengdu J-20,role,air superiority fighter,Chengdu J-20
Chengdu J-20,role,multirole fighter,Chengdu J-20
Chengdu J-20,nickname,Mighty Dragon,Chengdu J-20
Chengdu J-20,engine,WS-10C turbofan,Chengdu J-20
Chengdu J-20,engine,WS-15 turbofan,Chengdu J-20
Chengdu J-20,hasFeature,stealth design,Chengdu J-20
Chengdu J-20,hasFeature,canards,Chengdu J-20
Chengdu J-20,hasFeature,supercruise,Chengdu J-20
Chengdu J-20,hasFeature,advanced avionics,Chengdu J-20
Chengdu J-20,armament,PL-10 missile,Chengdu J-20
Chengdu J-20,armament,PL-15 missile,Chengdu J-20
Chengdu J-20,armament,internal cannon,Chengdu J-20
Chengdu J-20,developedBy,Aviation Industry Corporation of China,Chengdu J-20
Chengdu J-20,program,J-XX,Chengdu J-20
Chengdu J-20,status,in active service,Chengdu J-20
Chengdu J-20,crew,1,Chengdu J-20
Chengdu J-20,numberOfEngines,2,Chengdu J-20
Chengdu J-20,configuration,twin-engine,Chengdu J-20
Chengdu J-20,wingConfiguration,delta wings with canards,Chengdu J-20
Chengdu J-20,inletType,diverterless supersonic inlet,Chengdu J-20
Chengdu J-20,radarType,active electronically scanned array,Chengdu J-20
Chengdu J-20,variant,J-20A,Chengdu J-20
Chengdu J-20,variant,J-20B,Chengdu J-20
Chengdu J-20,variant,J-20S two-seat,Chengdu J-20
Chengdu J-20,hasFeature,low observability,Chengdu J-20
Chengdu J-20,hasFeature,high maneuverability,Chengdu J-20
Études (journal),instanceOf,academic journal,Études (journal)
Études (journal),country,France,Études (journal)
Études (journal),language,French,Études (journal)
Études (journal),inception,1856,Études (journal)
Études (journal),publisher,Society of Jesus,Études (journal)
Études (journal),frequency,monthly,Études (journal)
Études (journal),topic,theology,Études (journal)
Études (journal),topic,philosophy,Études (journal)
Études (journal),topic,literature,Études (journal)
Études (journal),topic,Catholicism,Études (journal)
Études (journal),topic,culture,Études (journal)
Black-capped foliage-gleaner,instanceOf,bird,Black-capped foliage-gleaner
Black-capped foliage-gleaner,hasScientificName,Philydor atricapillus,Black-capped foliage-gleaner
Black-capped foliage-gleaner,belongsToFamily,Furnariidae,Black-capped foliage-gleaner
Black-capped foliage-gleaner,belongsToOrder,Passeriformes,Black-capped foliage-gleaner
Black-capped foliage-gleaner,belongsToClass,Aves,Black-capped foliage-gleaner
Black-capped foliage-gleaner,belongsToKingdom,Animalia,Black-capped foliage-gleaner
Black-capped foliage-gleaner,foundIn,Brazil,Black-capped foliage-gleaner
Black-capped foliage-gleaner,foundIn,Paraguay,Black-capped foliage-gleaner
Black-capped foliage-gleaner,foundIn,Argentina,Black-capped foliage-gleaner
Black-capped foliage-gleaner,habitat,Atlantic Forest,Black-capped foliage-gleaner
Black-capped foliage-gleaner,conservationStatus,Vulnerable,Black-capped foliage-gleaner
Black-capped foliage-gleaner,diet,insects,Black-capped foliage-gleaner
Black-capped foliage-gleaner,diet,arthropods,Black-capped foliage-gleaner
Black-capped foliage-gleaner,foragingMethod,foliage-gleaning,Black-capped foliage-gleaner
"Friary Church of St Francis and St Anthony, Crawley",instanceOf,Church,"Friary Church of St Francis and St Anthony, Crawley"
"Friary Church of St Francis and St Anthony, Crawley",instanceOf,Roman Catholic church,"Friary Church of St Francis and St Anthony, Crawley"
"Friary Church of St Francis and St Anthony, Crawley",locatedIn,Crawley,"Friary Church of St Francis and St Anthony, Crawley"
"Friary Church of St Francis and St Anthony, Crawley",locatedIn,West Sussex,"Friary Church of St Francis and St Anthony, Crawley"
"Friary Church of St Francis and St Anthony, Crawley",locatedIn,England,"Friary Church of St Francis and St Anthony, Crawley"
"Friary Church of St Francis and St Anthony, Crawley",country,United Kingdom,"Friary Church of St Francis and St Anthony, Crawley"
"Friary Church of St Francis and St Anthony, Crawley",dedicatedTo,St Francis of Assisi,"Friary Church of St Francis and St Anthony, Crawley"
"Friary Church of St Francis and St Anthony, Crawley",dedicatedTo,St Anthony of Padua,"Friary Church of St Francis and St Anthony, Crawley"
"Friary Church of St Francis and St Anthony, Crawley",religion,Roman Catholicism,"Friary Church of St Francis and St Anthony, Crawley"
"Friary Church of St Francis and St Anthony, Crawley",type,Parish church,"Friary Church of St Francis and St Anthony, Crawley"
"Friary Church of St Francis and St Anthony, Crawley",partOf,Diocese of Arundel and Brighton,"Friary Church of St Francis and St Anthony, Crawley"
Aleš Dryml Sr.,instanceOf,Person,Aleš Dryml Sr.
Aleš Dryml Sr.,instanceOf,Athlete,Aleš Dryml Sr.
Aleš Dryml Sr.,nationality,Czech Republic,Aleš Dryml Sr.
Aleš Dryml Sr.,occupation,Motorcycle speedway rider,Aleš Dryml Sr.
Aleš Dryml Sr.,hasChild,Aleš Dryml Jr.,Aleš Dryml Sr.
Rådmandsgade,instanceOf,street,Rådmandsgade
Rådmandsgade,locatedIn,Copenhagen,Rådmandsgade
Rådmandsgade,locatedIn,Nørrebro,Rådmandsgade
Rådmandsgade,locatedIn,Denmark,Rådmandsgade
HSC Winnipeg Children's Hospital,instanceOf,Hospital,HSC Winnipeg Children's Hospital
HSC Winnipeg Children's Hospital,instanceOf,Children's hospital,HSC Winnipeg Children's Hospital
HSC Winnipeg Children's Hospital,locatedIn,Winnipeg,HSC Winnipeg Children's Hospital
HSC Winnipeg Children's Hospital,locatedIn,Manitoba,HSC Winnipeg Children's Hospital
HSC Winnipeg Children's Hospital,locatedIn,Canada,HSC Winnipeg Children's Hospital
HSC Winnipeg Children's Hospital,partOf,Health Sciences Centre,HSC Winnipeg Children's Hospital
HSC Winnipeg Children's Hospital,affiliatedWith,University of Manitoba,HSC Winnipeg Children's Hospital
HSC Winnipeg Children's Hospital,specializesIn,Pediatrics,HSC Winnipeg Children's Hospital
HSC Winnipeg Children's Hospital,hasDepartment,Pediatric emergency department,HSC Winnipeg Children's Hospital
HSC Winnipeg Children's Hospital,hasDepartment,Neonatal intensive care unit,HSC Winnipeg Children's Hospital
HSC Winnipeg Children's Hospital,hasDepartment,Pediatric intensive care unit,HSC Winnipeg Children's Hospital
Deool Band,instanceOf,Film,Deool Band
Deool Band,language,Marathi,Deool Band
Deool Band,countryOfOrigin,India,Deool Band
Deool Band,releaseYear,2015,Deool Band
Deool Band,director,Prashant Pawar,Deool Band
Deool Band,starring,Gashmeer Mahajani,Deool Band
Deool Band,starring,Girish Oak,Deool Band
Deool Band,genre,Comedy,Deool Band
Deool Band,genre,Drama,Deool Band
Armadillidae,instanceOf,Family,Armadillidae
Armadillidae,kingdom,Animalia,Armadillidae
Armadillidae,phylum,Arthropoda,Armadillidae
Armadillidae,class,Malacostraca,Armadillidae
Armadillidae,order,Isopoda,Armadillidae
Armadillidae,suborder,Oniscidea,Armadillidae
Armadillidae,hasCharacteristic,conglobation,Armadillidae
Armadillidae,habitat,terrestrial,Armadillidae
Armadillidae,habitat,soil,Armadillidae
Armadillidae,habitat,leaf litter,Armadillidae
Armadillidae,commonName,armadillo woodlouse,Armadillidae
Armadillidae,isA,woodlouse,Armadillidae
Armadillidae,isA,isopod,Armadillidae
Armadillidae,isA,crustacean,Armadillidae
Armadillidae,includesGenus,Armadillo,Armadillidae
Armadillidae,includesGenus,Cubaris,Armadillidae
Armadillidae,distribution,tropical regions,Armadillidae
Armadillidae,distribution,subtropical regions,Armadillidae
Haris Hajradinović,instanceOf,Person,Haris Hajradinović
Haris Hajradinović,givenName,Haris,Haris Hajradinović
Haris Hajradinović,familyName,Hajradinović,Haris Hajradinović
Haris Hajradinović,dateOfBirth,1994-10-18,Haris Hajradinović
Haris Hajradinović,birthPlace,Zenica,Haris Hajradinović
Haris Hajradinović,countryOfBirth,Bosnia and Herzegovina,Haris Hajradinović
Haris Hajradinović,nationality,Bosnia and Herzegovina,Haris Hajradinović
Haris Hajradinović,profession,Association football player,Haris Hajradinović
Haris Hajradinović,position,Midfielder,Haris Hajradinović
Haris Hajradinović,memberOf,Kasımpaşa S.K.,Haris Hajradinović
Haris Hajradinović,memberOf,Bosnia and Herzegovina national football team,Haris Hajradinović
Haris Hajradinović,height,178 cm,Haris Hajradinović
Haris Hajradinović,formerTeam,FK Željezničar Sarajevo,Haris Hajradinović
Haris Hajradinović,formerTeam,NK Inter Zaprešić,Haris Hajradinović
Haris Hajradinović,formerTeam,FK Austria Wien,Haris Hajradinović
Haris Hajradinović,formerTeam,Hapoel Haifa F.C.,Haris Hajradinović
Haris Hajradinović,formerTeam,NK Osijek,Haris Hajradinović
Salmo ciscaucasicus,instanceOf,species,Salmo ciscaucasicus
Salmo ciscaucasicus,genus,Salmo,Salmo ciscaucasicus
Salmo ciscaucasicus,family,Salmonidae,Salmo ciscaucasicus
Salmo ciscaucasicus,order,Salmoniformes,Salmo ciscaucasicus
Salmo ciscaucasicus,class,Actinopterygii,Salmo ciscaucasicus
Salmo ciscaucasicus,phylum,Chordata,Salmo ciscaucasicus
Salmo ciscaucasicus,kingdom,Animalia,Salmo ciscaucasicus
Salmo ciscaucasicus,commonName,Terek trout,Salmo ciscaucasicus
Salmo ciscaucasicus,commonName,Ciscaucasian trout,Salmo ciscaucasicus
Salmo ciscaucasicus,habitat,freshwater rivers,Salmo ciscaucasicus
Salmo ciscaucasicus,endemicTo,Ciscaucasia,Salmo ciscaucasicus
Arp 273,instanceOf,interacting galaxy pair,Arp 273
Arp 273,catalogedIn,Atlas of Peculiar Galaxies,Arp 273
Arp 273,discoveredBy,Halton Arp,Arp 273
Arp 273,hasComponent,UGC 1810,Arp 273
Arp 273,hasComponent,UGC 1813,Arp 273
Arp 273,locatedInConstellation,Andromeda,Arp 273
Arp 273,distance,340 million light-years,Arp 273
Arp 273,observedBy,Hubble Space Telescope,Arp 273
Arp 273,alsoKnownAs,UGC 1810/UGC 1813,Arp 273
Arp 273,type,peculiar galaxies,Arp 273
Arp 273,largerGalaxy,UGC 1810,Arp 273
Arp 273,smallerGalaxy,UGC 1813,Arp 273
Arp 273,appearance,rose-like spiral structure,Arp 273
Qihoo 360,instanceOf,Company,Qihoo 360
Qihoo 360,instanceOf,Software company,Qihoo 360
Qihoo 360,foundedIn,2005,Qihoo 360
Qihoo 360,founder,Zhou Hongyi,Qihoo 360
Qihoo 360,headquartersLocation,Beijing,Qihoo 360
Qihoo 360,country,China,Qihoo 360
Qihoo 360,industry,Internet security,Qihoo 360
Qihoo 360,industry,Software,Qihoo 360
Qihoo 360,product,360 Total Security,Qihoo 360
Qihoo 360,product,360 Antivirus,Qihoo 360
Qihoo 360,product,360 Safe Browser,Qihoo 360
Qihoo 360,product,360 Mobile Security,Qihoo 360
Qihoo 360,product,360 Cloud Drive,Qihoo 360
Qihoo 360,product,360 Search,Qihoo 360
Qihoo 360,ceo,Zhou Hongyi,Qihoo 360
Qihoo 360,alsoKnownAs,360 Security,Qihoo 360
Qihoo 360,alsoKnownAs,Qihoo,Qihoo 360
Qihoo 360,stockSymbol,QIHU,Qihoo 360
Qihoo 360,stockSymbol,601360,Qihoo 360
Qihoo 360,listedOn,New York Stock Exchange,Qihoo 360
Qihoo 360,listedOn,Shanghai Stock Exchange,Qihoo 360
Qihoo 360,wentPrivateIn,2016,Qihoo 360
Qihoo 360,website,360.cn,Qihoo 360
Qihoo 360,operatesIn,China,Qihoo 360
Qihoo 360,competitor,Tencent,Qihoo 360
Qihoo 360,competitor,Kingsoft,Qihoo 360
Qihoo 360,offers,Antivirus software,Qihoo 360
Qihoo 360,offers,Browser,Qihoo 360
Qihoo 360,offers,Cloud services,Qihoo 360
Glières-Val-de-Borne,instanceOf,commune,Glières-Val-de-Borne
Glières-Val-de-Borne,country,France,Glières-Val-de-Borne
Glières-Val-de-Borne,locatedIn,Auvergne-Rhône-Alpes,Glières-Val-de-Borne
Glières-Val-de-Borne,locatedIn,Haute-Savoie,Glières-Val-de-Borne
Glières-Val-de-Borne,inception,2019,Glières-Val-de-Borne
Glières-Val-de-Borne,formedFrom,Le Petit-Bornand-les-Glières,Glières-Val-de-Borne
Glières-Val-de-Borne,formedFrom,Entremont,Glières-Val-de-Borne
Sales (band),instanceOf,band,Sales (band)
Sales (band),genre,indie pop,Sales (band)
Sales (band),origin,Orlando,Sales (band)
Sales (band),origin,Florida,Sales (band)
Sales (band),country,United States,Sales (band)
Sales (band),formationYear,2014,Sales (band)
Sales (band),hasMember,Lauren Morgan,Sales (band)
Sales (band),hasMember,Jordan Shih,Sales (band)
Sales (band),musicStyle,dream pop,Sales (band)
Municipality of Izola,instanceOf,municipality,Municipality of Izola
Municipality of Izola,country,Slovenia,Municipality of Izola
Municipality of Izola,locatedIn,Coastal-Karst Statistical Region,Municipality of Izola
Municipality of Izola,administrativeCenter,Izola,Municipality of Izola
Municipality of Izola,officialLanguage,Slovenian,Municipality of Izola
Municipality of Izola,officialLanguage,Italian,Municipality of Izola
Municipality of Izola,partOf,Slovenian Istria,Municipality of Izola
Municipality of Izola,borders,Municipality of Koper,Municipality of Izola
Municipality of Izola,borders,Adriatic Sea,Municipality of Izola
Municipality of Izola,hasCoastOn,Adriatic Sea,Municipality of Izola
Municipality of Izola,continent,Europe,Municipality of Izola
Broch of Culswick,instanceOf,broch,Broch of Culswick
Broch of Culswick,locatedIn,Culswick,Broch of Culswick
Broch of Culswick,locatedIn,Shetland,Broch of Culswick
Broch of Culswick,locatedIn,Scotland,Broch of Culswick
Broch of Culswick,country,United Kingdom,Broch of Culswick
Broch of Culswick,timePeriod,Iron Age,Broch of Culswick
Broch of Culswick,alsoKnownAs,Culswick Broch,Broch of Culswick
Broch of Culswick,heritageDesignation,scheduled monument,Broch of Culswick
Broch of Culswick,material,stone,Broch of Culswick
Broch of Culswick,category,archaeological site,Broch of Culswick
Telefónica Argentina,instanceOf,Telecommunications company,Telefónica Argentina
Telefónica Argentina,subsidiaryOf,Telefónica S.A.,Telefónica Argentina
Telefónica Argentina,operatesIn,Argentina,Telefónica Argentina
Telefónica Argentina,provides,Mobile telephony,Telefónica Argentina
Telefónica Argentina,provides,Broadband internet,Telefónica Argentina
Telefónica Argentina,provides,Fixed-line telephony,Telefónica Argentina
Telefónica Argentina,provides,Pay television,Telefónica Argentina
Telefónica Argentina,brand,Movistar,Telefónica Argentina
Telefónica Argentina,headquartersLocation,Buenos Aires,Telefónica Argentina
Telefónica Argentina,industry,Telecommunications,Telefónica Argentina
Telefónica Argentina,parentOrganization,Telefónica,Telefónica Argentina
Telefónica Argentina,country,Argentina,Telefónica Argentina
Telefónica Argentina,type,Subsidiary,Telefónica Argentina
Telefónica Argentina,foundedIn,1990,Telefónica Argentina
Line S4 (Milan suburban railway service),instanceOf,suburban railway line,Line S4 (Milan suburban railway service)
Line S4 (Milan suburban railway service),partOf,Milan suburban railway service,Line S4 (Milan suburban railway service)
Line S4 (Milan suburban railway service),location,Milan,Line S4 (Milan suburban railway service)
Line S4 (Milan suburban railway service),country,Italy,Line S4 (Milan suburban railway service)
Line S4 (Milan suburban railway service),operator,Trenord,Line S4 (Milan suburban railway service)
Line S4 (Milan suburban railway service),terminus,Milano Cadorna,Line S4 (Milan suburban railway service)
Line S4 (Milan suburban railway service),terminus,Camnago-Lentate,Line S4 (Milan suburban railway service)
Line S4 (Milan suburban railway service),runsOn,Milano-Asso railway,Line S4 (Milan suburban railway service)
Esporte Clube São Luiz,instanceOf,Association football club,Esporte Clube São Luiz
Esporte Clube São Luiz,founded,1938,Esporte Clube São Luiz
Esporte Clube São Luiz,locatedIn,Ijuí,Esporte Clube São Luiz
Esporte Clube São Luiz,locatedIn,Rio Grande do Sul,Esporte Clube São Luiz
Esporte Clube São Luiz,locatedIn,Brazil,Esporte Clube São Luiz
Esporte Clube São Luiz,homeStadium,Estádio 4 de Julho,Esporte Clube São Luiz
Esporte Clube São Luiz,competesIn,Campeonato Gaúcho,Esporte Clube São Luiz
Esporte Clube São Luiz,nickname,Leão do Sul,Esporte Clube São Luiz
Esporte Clube São Luiz,nickname,Azulão,Esporte Clube São Luiz
Esporte Clube São Luiz,color,Blue,Esporte Clube São Luiz
Esporte Clube São Luiz,color,White,Esporte Clube São Luiz
Esporte Clube São Luiz,sport,Football,Esporte Clube São Luiz
Esporte Clube São Luiz,fullName,Esporte Clube São Luiz,Esporte Clube São Luiz
Desmodus draculae,instanceOf,species,Desmodus draculae
Desmodus draculae,genus,Desmodus,Desmodus draculae
Desmodus draculae,family,Phyllostomidae,Desmodus draculae
Desmodus draculae,order,Chiroptera,Desmodus draculae
Desmodus draculae,class,Mammalia,Desmodus draculae
Desmodus draculae,phylum,Chordata,Desmodus draculae
Desmodus draculae,kingdom,Animalia,Desmodus draculae
Desmodus draculae,commonName,giant vampire bat,Desmodus draculae
Desmodus draculae,status,extinct,Desmodus draculae
Desmodus draculae,livedDuring,Pleistocene,Desmodus draculae
Desmodus draculae,nativeTo,South America,Desmodus draculae
Desmodus draculae,nativeTo,Venezuela,Desmodus draculae
Desmodus draculae,nativeTo,Brazil,Desmodus draculae
Desmodus draculae,diet,blood,Desmodus draculae
Desmodus draculae,isLargerThan,Desmodus rotundus,Desmodus draculae
Desmodus draculae,namedAfter,Count Dracula,Desmodus draculae
Black-throated magpie-jay,instanceOf,bird,Black-throated magpie-jay
Black-throated magpie-jay,scientificName,Calocitta colliei,Black-throated magpie-jay
Black-throated magpie-jay,genus,Calocitta,Black-throated magpie-jay
Black-throated magpie-jay,family,Corvidae,Black-throated magpie-jay
Black-throated magpie-jay,order,Passeriformes,Black-throated magpie-jay
Black-throated magpie-jay,class,Aves,Black-throated magpie-jay
Black-throated magpie-jay,phylum,Chordata,Black-throated magpie-jay
Black-throated magpie-jay,kingdom,Animalia,Black-throated magpie-jay
Black-throated magpie-jay,endemicTo,Mexico,Black-throated magpie-jay
Black-throated magpie-jay,nativeRange,northwestern Mexico,Black-throated magpie-jay
Black-throated magpie-jay,habitat,dry forest,Black-throated magpie-jay
Black-throated magpie-jay,habitat,thorn woodland,Black-throated magpie-jay
Black-throated magpie-jay,hasPlumageColor,black,Black-throated magpie-jay
Black-throated magpie-jay,hasPlumageColor,white,Black-throated magpie-jay
Black-throated magpie-jay,hasPlumageColor,blue,Black-throated magpie-jay
Black-throated magpie-jay,hasThroatColor,black,Black-throated magpie-jay
Black-throated magpie-jay,hasTail,long,Black-throated magpie-jay
Black-throated magpie-jay,diet,insects,Black-throated magpie-jay
Black-throated magpie-jay,diet,fruit,Black-throated magpie-jay
Black-throated magpie-jay,diet,seeds,Black-throated magpie-jay
Black-throated magpie-jay,conservationStatus,Least Concern,Black-throated magpie-jay
Black-throated magpie-jay,socialBehavior,group living,Black-throated magpie-jay
Black-throated magpie-jay,vocalization,loud calls,Black-throated magpie-jay
West Thurrock Lagoon and Marshes,instanceOf,Site of Special Scientific Interest,West Thurrock Lagoon and Marshes
West Thurrock Lagoon and Marshes,locatedIn,West Thurrock,West Thurrock Lagoon and Marshes
West Thurrock Lagoon and Marshes,locatedIn,Thurrock,West Thurrock Lagoon and Marshes
West Thurrock Lagoon and Marshes,locatedIn,Essex,West Thurrock Lagoon and Marshes
West Thurrock Lagoon and Marshes,locatedIn,England,West Thurrock Lagoon and Marshes
West Thurrock Lagoon and Marshes,locatedIn,United Kingdom,West Thurrock Lagoon and Marshes
West Thurrock Lagoon and Marshes,type,Lagoon,West Thurrock Lagoon and Marshes
West Thurrock Lagoon and Marshes,type,Marsh,West Thurrock Lagoon and Marshes
West Thurrock Lagoon and Marshes,partOf,Thames Estuary,West Thurrock Lagoon and Marshes
West Thurrock Lagoon and Marshes,ecosystemType,Wetland,West Thurrock Lagoon and Marshes
West Thurrock Lagoon and Marshes,importantFor,Bird conservation,West Thurrock Lagoon and Marshes
West Thurrock Lagoon and Marshes,habitatFor,Wading birds,West Thurrock Lagoon and Marshes
West Thurrock Lagoon and Marshes,habitatFor,Wildfowl,West Thurrock Lagoon and Marshes
José María Oriol Urquijo,instanceOf,Person,José María Oriol Urquijo
José María Oriol Urquijo,instanceOf,Engineer,José María Oriol Urquijo
José María Oriol Urquijo,instanceOf,Businessperson,José María Oriol Urquijo
José María Oriol Urquijo,instanceOf,Politician,José María Oriol Urquijo
José María Oriol Urquijo,nationality,Spanish,José María Oriol Urquijo
José María Oriol Urquijo,birthDate,1909-08-12,José María Oriol Urquijo
José María Oriol Urquijo,birthPlace,Bilbao,José María Oriol Urquijo
José María Oriol Urquijo,deathDate,1995-11-09,José María Oriol Urquijo
José María Oriol Urquijo,deathPlace,Madrid,José María Oriol Urquijo
José María Oriol Urquijo,politicalAffiliation,Carlist,José María Oriol Urquijo
José María Oriol Urquijo,occupation,Industrialist,José María Oriol Urquijo
"Alan Franco (footballer, born 1996)",instanceOf,Association football player,"Alan Franco (footballer, born 1996)"
"Alan Franco (footballer, born 1996)",fullName,Alan Steven Franco Palma,"Alan Franco (footballer, born 1996)"
"Alan Franco (footballer, born 1996)",birthDate,1996-08-21,"Alan Franco (footballer, born 1996)"
"Alan Franco (footballer, born 1996)",birthPlace,"Quito, Ecuador","Alan Franco (footballer, born 1996)"
"Alan Franco (footballer, born 1996)",nationality,Ecuador,"Alan Franco (footballer, born 1996)"
"Alan Franco (footballer, born 1996)",position,Midfielder,"Alan Franco (footballer, born 1996)"
"Alan Franco (footballer, born 1996)",height,1.75 m,"Alan Franco (footballer, born 1996)"
"Alan Franco (footballer, born 1996)",playsFor,Independiente del Valle,"Alan Franco (footballer, born 1996)"
"Alan Franco (footballer, born 1996)",playsFor,Atlético Mineiro,"Alan Franco (footballer, born 1996)"
"Alan Franco (footballer, born 1996)",playsFor,Ecuador national football team,"Alan Franco (footballer, born 1996)"
Research in Developmental Disabilities,instanceOf,Academic journal,Research in Developmental Disabilities
Research in Developmental Disabilities,publishedBy,Elsevier,Research in Developmental Disabilities
Research in Developmental Disabilities,covers,Developmental disabilities,Research in Developmental Disabilities
Research in Developmental Disabilities,covers,Intellectual disability,Research in Developmental Disabilities
Research in Developmental Disabilities,covers,Autism spectrum disorder,Research in Developmental Disabilities
Research in Developmental Disabilities,covers,Down syndrome,Research in Developmental Disabilities
Research in Developmental Disabilities,language,English,Research in Developmental Disabilities
Research in Developmental Disabilities,country,Netherlands,Research in Developmental Disabilities
Research in Developmental Disabilities,discipline,Developmental psychology,Research in Developmental Disabilities
Research in Developmental Disabilities,discipline,Special education,Research in Developmental Disabilities
Chestnut-and-black weaver,instanceOf,bird species,Chestnut-and-black weaver
Chestnut-and-black weaver,hasScientificName,Ploceus castaneofuscus,Chestnut-and-black weaver
Chestnut-and-black weaver,belongsToGenus,Ploceus,Chestnut-and-black weaver
Chestnut-and-black weaver,belongsToFamily,Ploceidae,Chestnut-and-black weaver
Chestnut-and-black weaver,belongsToOrder,Passeriformes,Chestnut-and-black weaver
Chestnut-and-black weaver,belongsToClass,Aves,Chestnut-and-black weaver
Chestnut-and-black weaver,belongsToKingdom,Animalia,Chestnut-and-black weaver
Chestnut-and-black weaver,nativeTo,West Africa,Chestnut-and-black weaver
Chestnut-and-black weaver,foundIn,Nigeria,Chestnut-and-black weaver
Chestnut-and-black weaver,foundIn,Ghana,Chestnut-and-black weaver
Chestnut-and-black weaver,foundIn,Cameroon,Chestnut-and-black weaver
Chestnut-and-black weaver,foundIn,Liberia,Chestnut-and-black weaver
Chestnut-and-black weaver,foundIn,Ivory Coast,Chestnut-and-black weaver
Chestnut-and-black weaver,livesIn,moist lowland forests,Chestnut-and-black weaver
Chestnut-and-black weaver,livesIn,dry savanna,Chestnut-and-black weaver
Chestnut-and-black weaver,livesIn,subtropical forests,Chestnut-and-black weaver
Chestnut-and-black weaver,hasPlumage,chestnut and black,Chestnut-and-black weaver
Chestnut-and-black weaver,builds,woven nests,Chestnut-and-black weaver
Chestnut-and-black weaver,isA,passerine,Chestnut-and-black weaver
Chestnut-and-black weaver,isA,weaver bird,Chestnut-and-black weaver
Le Bal (novella),instanceOf,novella,Le Bal (novella)
Le Bal (novella),author,Irène Némirovsky,Le Bal (novella)
Le Bal (novella),publicationYear,1930,Le Bal (novella)
Le Bal (novella),originalLanguage,French,Le Bal (novella)
Le Bal (novella),englishTitle,The Ball,Le Bal (novella)
Le Bal (novella),writtenInCountry,France,Le Bal (novella)
Le Bal (novella),genre,literary fiction,Le Bal (novella)
Le Bal (novella),mainTheme,social climbing,Le Bal (novella)
BET Awards 2011,instanceOf,award ceremony,BET Awards 2011
BET Awards 2011,partOf,BET Awards,BET Awards 2011
BET Awards 2011,editionNumber,11,BET Awards 2011
BET Awards 2011,date,"June 26, 2011",BET Awards 2011
BET Awards 2011,venue,Shrine Auditorium,BET Awards 2011
BET Awards 2011,city,Los Angeles,BET Awards 2011
BET Awards 2011,state,California,BET Awards 2011
BET Awards 2011,country,United States,BET Awards 2011
BET Awards 2011,host,Kevin Hart,BET Awards 2011
BET Awards 2011,broadcaster,BET,BET Awards 2011
BET Awards 2011,bestMaleR&BArtist,Chris Brown,BET Awards 2011
BET Awards 2011,bestFemaleR&BArtist,Beyoncé,BET Awards 2011
BET Awards 2011,videoOfTheYear,Look at Me Now,BET Awards 2011
BET Awards 2011,bestCollaboration,Look at Me Now,BET Awards 2011
BET Awards 2011,bestMaleHipHopArtist,Kanye West,BET Awards 2011
Remscheid Hauptbahnhof,instanceOf,railway station,Remscheid Hauptbahnhof
Remscheid Hauptbahnhof,location,Remscheid,Remscheid Hauptbahnhof
Remscheid Hauptbahnhof,country,Germany,Remscheid Hauptbahnhof
Remscheid Hauptbahnhof,state,North Rhine-Westphalia,Remscheid Hauptbahnhof
Remscheid Hauptbahnhof,operator,Deutsche Bahn,Remscheid Hauptbahnhof
Anacamptis collina,instanceOf,species,Anacamptis collina
Anacamptis collina,genus,Anacamptis,Anacamptis collina
Anacamptis collina,family,Orchidaceae,Anacamptis collina
Anacamptis collina,subfamily,Orchidoideae,Anacamptis collina
Anacamptis collina,order,Asparagales,Anacamptis collina
Anacamptis collina,kingdom,Plantae,Anacamptis collina
Anacamptis collina,commonName,sparse-flowered orchid,Anacamptis collina
Anacamptis collina,synonym,Orchis collina,Anacamptis collina
Anacamptis collina,nativeTo,Mediterranean Basin,Anacamptis collina
Anacamptis collina,habitat,grassy slopes,Anacamptis collina
Anacamptis collina,habitat,olive groves,Anacamptis collina
Anacamptis collina,floweringPeriod,March to May,Anacamptis collina
Anacamptis collina,describedBy,"R.M.Bateman, Pridgeon & M.W.Chase",Anacamptis collina
Serious Sam,instanceOf,video game series,Serious Sam
Serious Sam,developer,Croteam,Serious Sam
Serious Sam,publisher,Devolver Digital,Serious Sam
Serious Sam,genre,first-person shooter,Serious Sam
Serious Sam,releaseYear,2001,Serious Sam
Serious Sam,platform,PC,Serious Sam
Serious Sam,platform,Xbox,Serious Sam
Serious Sam,platform,PlayStation 4,Serious Sam
Serious Sam,platform,Nintendo Switch,Serious Sam
Serious Sam,protagonist,Sam Stone,Serious Sam
Serious Sam,fullName,Samuel Stone,Serious Sam
Serious Sam,species,human,Serious Sam
Serious Sam,antagonist,Mental,Serious Sam
Serious Sam,enemy,Beheaded Kamikaze,Serious Sam
Serious Sam,enemy,Gnaar,Serious Sam
Serious Sam,enemy,Kleer,Serious Sam
Serious Sam,enemy,Werebull,Serious Sam
Serious Sam,enemy,Scorpion,Serious Sam
Serious Sam,enemy,Lava Golem,Serious Sam
Serious Sam,enemy,Arachnoid,Serious Sam
Serious Sam,enemy,Cucurbit,Serious Sam
Serious Sam,enemy,Marsh Hopper,Serious Sam
Serious Sam,enemy,Aludran Reptiloid,Serious Sam
Serious Sam,enemy,Exotech Larva,Serious Sam
Serious Sam,enemy,Mammoth,Serious Sam
Serious Sam,enemy,Centaur,Serious Sam
Serious Sam,enemy,Bio-mechanoid,Serious Sam
Serious Sam,enemy,Fiend,Serious Sam
Serious Sam,weapon,Minigun,Serious Sam
Serious Sam,weapon,Rocket Launcher,Serious Sam
Serious Sam,weapon,Double Shotgun,Serious Sam
Serious Sam,weapon,Grenade Launcher,Serious Sam
Serious Sam,weapon,Laser Rifle,Serious Sam
Serious Sam,weapon,Cannon,Serious Sam
Serious Sam,weapon,Serious Bomb,Serious Sam
Serious Sam,weapon,Chainsaw,Serious Sam
Serious Sam,weapon,Tommy Gun,Serious Sam
Serious Sam,game,Serious Sam: The First Encounter,Serious Sam
Serious Sam,game,Serious Sam: The Second Encounter,Serious Sam
Serious Sam,game,Serious Sam 2,Serious Sam
Serious Sam,game,Serious Sam 3: BFE,Serious Sam
Serious Sam,game,Serious Sam 4,Serious Sam
Serious Sam,game,Serious Sam: Siberian Mayhem,Serious Sam
Serious Sam,game,Serious Sam HD: The First Encounter,Serious Sam
Serious Sam,game,Serious Sam HD: The Second Encounter,Serious Sam
Serious Sam,engine,Serious Engine,Serious Sam
Serious Sam,engine,Serious Engine 3,Serious Sam
Serious Sam,engine,Serious Engine 4,Serious Sam
Serious Sam,composer,Damjan Mravunac,Serious Sam
Serious Sam,style,humorous,Serious Sam
Serious Sam,style,over-the-top,Serious Sam
Serious Sam,mode,single-player,Serious Sam
Serious Sam,mode,co-op,Serious Sam
Serious Sam,mode,multiplayer,Serious Sam
Serious Sam,country,Croatia,Serious Sam
Giovanni Maria da Varano,instanceOf,human,Giovanni Maria da Varano
Giovanni Maria da Varano,instanceOf,condottiero,Giovanni Maria da Varano
Giovanni Maria da Varano,instanceOf,nobleman,Giovanni Maria da Varano
Giovanni Maria da Varano,instanceOf,lord,Giovanni Maria da Varano
Giovanni Maria da Varano,title,Lord of Camerino,Giovanni Maria da Varano
Giovanni Maria da Varano,father,Giulio Cesare da Varano,Giovanni Maria da Varano
Giovanni Maria da Varano,mother,Giovanna Malatesta,Giovanni Maria da Varano
Giovanni Maria da Varano,spouse,Caterina Cybo,Giovanni Maria da Varano
Giovanni Maria da Varano,child,Giulia da Varano,Giovanni Maria da Varano
Giovanni Maria da Varano,memberOf,House of Varano,Giovanni Maria da Varano
Giovanni Maria da Varano,ruled,Duchy of Camerino,Giovanni Maria da Varano
Giovanni Maria da Varano,regainedLordship,1515,Giovanni Maria da Varano
Giovanni Maria da Varano,diedIn,1527,Giovanni Maria da Varano
American College of Greece,instanceOf,College,American College of Greece
American College of Greece,foundedIn,1875,American College of Greece
American College of Greece,locatedIn,Athens,American College of Greece
American College of Greece,locatedIn,Greece,American College of Greece
American College of Greece,hasCampusIn,Agia Paraskevi,American College of Greece
American College of Greece,type,Private,American College of Greece
American College of Greece,type,Non-profit,American College of Greece
American College of Greece,accreditedBy,New England Commission of Higher Education,American College of Greece
American College of Greece,hasDivision,Deree College,American College of Greece
American College of Greece,hasDivision,Pierce College,American College of Greece
American College of Greece,offers,Undergraduate programs,American College of Greece
American College of Greece,offers,Graduate programs,American College of Greece
American College of Greece,abbreviation,ACG,American College of Greece
Voyant Tools,instanceOf,software,Voyant Tools
Voyant Tools,instanceOf,web application,Voyant Tools
Voyant Tools,developedBy,Stéfan Sinclair,Voyant Tools
Voyant Tools,developedBy,Geoffrey Rockwell,Voyant Tools
Voyant Tools,usedFor,text analysis,Voyant Tools
Voyant Tools,usedFor,visualization,Voyant Tools
Voyant Tools,usedFor,digital humanities,Voyant Tools
Voyant Tools,includes,Cirrus,Voyant Tools
Voyant Tools,includes,Trends,Voyant Tools
Voyant Tools,includes,Collocates,Voyant Tools
Voyant Tools,includes,Contexts,Voyant Tools
Voyant Tools,includes,Summary,Voyant Tools
Voyant Tools,is,open source,Voyant Tools
Voyant Tools,accessibleVia,web browser,Voyant Tools
Voyant Tools,allowsUsersTo,upload texts,Voyant Tools
Voyant Tools,allowsUsersTo,analyze corpora,Voyant Tools
Voyant Tools,accessibleAt,https://voyant-tools.org/,Voyant Tools
Ascanio della Corgna,instanceOf,condottiero,Ascanio della Corgna
Ascanio della Corgna,instanceOf,nobleman,Ascanio della Corgna
Ascanio della Corgna,dateOfBirth,1516,Ascanio della Corgna
Ascanio della Corgna,placeOfBirth,Perugia,Ascanio della Corgna
Ascanio della Corgna,dateOfDeath,1571,Ascanio della Corgna
Ascanio della Corgna,placeOfDeath,Rome,Ascanio della Corgna
Ascanio della Corgna,title,Marquis of Castiglione del Lago,Ascanio della Corgna
Ascanio della Corgna,family,Della Corgna,Ascanio della Corgna
Ascanio della Corgna,sibling,Fulvio della Corgna,Ascanio della Corgna
Ascanio della Corgna,occupation,military leader,Ascanio della Corgna
Shōmaru Station,instanceOf,railway station,Shōmaru Station
Shōmaru Station,locatedIn,Yokoze,Shōmaru Station
Shōmaru Station,locatedIn,Saitama Prefecture,Shōmaru Station
Shōmaru Station,locatedIn,Japan,Shōmaru Station
Shōmaru Station,operatedBy,Seibu Railway,Shōmaru Station
Shōmaru Station,partOf,Seibu Chichibu Line,Shōmaru Station
Shōmaru Station,hasJapaneseName,正丸駅,Shōmaru Station
Jatt & Juliet 2,instanceOf,film,Jatt & Juliet 2
Jatt & Juliet 2,directedBy,Anurag Singh,Jatt & Juliet 2
Jatt & Juliet 2,writtenBy,Amberdeep Singh,Jatt & Juliet 2
Jatt & Juliet 2,stars,Diljit Dosanjh,Jatt & Juliet 2
Jatt & Juliet 2,stars,Neeru Bajwa,Jatt & Juliet 2
Jatt & Juliet 2,stars,Rana Ranbir,Jatt & Juliet 2
Jatt & Juliet 2,stars,Jaswinder Bhalla,Jatt & Juliet 2
Jatt & Juliet 2,releasedIn,2013,Jatt & Juliet 2
Jatt & Juliet 2,countryOfOrigin,India,Jatt & Juliet 2
Jatt & Juliet 2,language,Punjabi,Jatt & Juliet 2
Jatt & Juliet 2,genre,comedy,Jatt & Juliet 2
Jatt & Juliet 2,genre,romance,Jatt & Juliet 2
Jatt & Juliet 2,isSequelOf,Jatt & Juliet,Jatt & Juliet 2
Jatt & Juliet 2,productionCompany,Panj-aab Productions,Jatt & Juliet 2
Jatt & Juliet 2,distributedBy,White Hill Studios,Jatt & Juliet 2
Wendy Mogel,instanceOf,Person,Wendy Mogel
Wendy Mogel,instanceOf,Psychologist,Wendy Mogel
Wendy Mogel,occupation,clinical psychologist,Wendy Mogel
Wendy Mogel,occupation,author,Wendy Mogel
Wendy Mogel,authorOf,The Blessing of a Skinned Knee,Wendy Mogel
Wendy Mogel,authorOf,The Blessing of a B Minus,Wendy Mogel
Wendy Mogel,specialization,child psychology,Wendy Mogel
Wendy Mogel,specialization,parenting,Wendy Mogel
Wendy Mogel,approach,Jewish teachings,Wendy Mogel
Wendy Mogel,nationality,American,Wendy Mogel
Wendy Mogel,residesIn,Los Angeles,Wendy Mogel
Wendy Mogel,advocates,resilience in children,Wendy Mogel
Wendy Mogel,advocates,self-reliance in children,Wendy Mogel
Wendy Mogel,knownFor,parenting advice,Wendy Mogel
Ife National Museum,instanceOf,Museum,Ife National Museum
Ife National Museum,locatedIn,Ile-Ife,Ife National Museum
Ife National Museum,locatedIn,Osun State,Ife National Museum
Ife National Museum,locatedIn,Nigeria,Ife National Museum
Ife National Museum,operator,National Commission for Museums and Monuments,Ife National Museum
Ife National Museum,exhibits,Ife bronze heads,Ife National Museum
Ife National Museum,exhibits,Terracotta sculptures,Ife National Museum
Ife National Museum,exhibits,Stone figures,Ife National Museum
Ife National Museum,culturalContext,Yoruba heritage,Ife National Museum
China Railway CR400AF,instanceOf,high-speed train,China Railway CR400AF
China Railway CR400AF,instanceOf,electric multiple unit,China Railway CR400AF
China Railway CR400AF,instanceOf,passenger train,China Railway CR400AF
China Railway CR400AF,manufacturer,CRRC Qingdao Sifang,China Railway CR400AF
China Railway CR400AF,operator,China Railway,China Railway CR400AF
China Railway CR400AF,partOf,Fuxing series,China Railway CR400AF
China Railway CR400AF,alsoKnownAs,Fuxing Hao,China Railway CR400AF
China Railway CR400AF,alsoKnownAs,Rejuvenation,China Railway CR400AF
China Railway CR400AF,maximumSpeed,400 km/h,China Railway CR400AF
China Railway CR400AF,operatingSpeed,350 km/h,China Railway CR400AF
China Railway CR400AF,introduced,2017,China Railway CR400AF
China Railway CR400AF,country,China,China Railway CR400AF
China Railway CR400AF,powerSource,25 kV 50 Hz AC overhead catenary,China Railway CR400AF
China Railway CR400AF,trackGauge,"1,435 mm",China Railway CR400AF
China Railway CR400AF,developedBy,CRRC,China Railway CR400AF
China Railway CR400AF,hasFormation,8-car trainset,China Railway CR400AF
China Railway CR400AF,hasFormation,16-car trainset,China Railway CR400AF
China Railway CR400AF,hasVariant,CR400AF-A,China Railway CR400AF
China Railway CR400AF,hasVariant,CR400AF-B,China Railway CR400AF
China Railway CR400AF,usedOn,Beijing-Shanghai high-speed railway,China Railway CR400AF
China Railway CR400AF,usedOn,Beijing-Guangzhou high-speed railway,China Railway CR400AF
China Railway CR400AF,serviceStartDate,August 2017,China Railway CR400AF
China Railway CR400AF,designedFor,high-speed passenger transport,China Railway CR400AF
"Borisoglebsky, Murmansk Oblast",instanceOf,rural locality,"Borisoglebsky, Murmansk Oblast"
"Borisoglebsky, Murmansk Oblast",located in,Murmansk Oblast,"Borisoglebsky, Murmansk Oblast"
"Borisoglebsky, Murmansk Oblast",located in,Pechengsky District,"Borisoglebsky, Murmansk Oblast"
"Borisoglebsky, Murmansk Oblast",country,Russia,"Borisoglebsky, Murmansk Oblast"
"Borisoglebsky, Murmansk Oblast",located on,Pasvik River,"Borisoglebsky, Murmansk Oblast"
"Borisoglebsky, Murmansk Oblast",borders,Norway,"Borisoglebsky, Murmansk Oblast"
"Borisoglebsky, Murmansk Oblast",contains,Borisoglebskaya Hydroelectric Power Plant,"Borisoglebsky, Murmansk Oblast"
"Borisoglebsky, Murmansk Oblast",part of,Kola Peninsula,"Borisoglebsky, Murmansk Oblast"
"Borisoglebsky, Murmansk Oblast",has feature,Russia-Norway border crossing,"Borisoglebsky, Murmansk Oblast"
"Sipesville, Pennsylvania",instanceOf,Census-designated place,"Sipesville, Pennsylvania"
"Sipesville, Pennsylvania",country,United States,"Sipesville, Pennsylvania"
"Sipesville, Pennsylvania",state,Pennsylvania,"Sipesville, Pennsylvania"
"Sipesville, Pennsylvania",county,Somerset County,"Sipesville, Pennsylvania"
"Sipesville, Pennsylvania",locatedIn,Lincoln Township,"Sipesville, Pennsylvania"
Staphylococcus schleiferi,instanceOf,bacterial species,Staphylococcus schleiferi
Staphylococcus schleiferi,genus,Staphylococcus,Staphylococcus schleiferi
Staphylococcus schleiferi,family,Staphylococcaceae,Staphylococcus schleiferi
Staphylococcus schleiferi,order,Bacillales,Staphylococcus schleiferi
Staphylococcus schleiferi,class,Bacilli,Staphylococcus schleiferi
Staphylococcus schleiferi,phylum,Firmicutes,Staphylococcus schleiferi
Staphylococcus schleiferi,kingdom,Bacteria,Staphylococcus schleiferi
Staphylococcus schleiferi,isGramPositive,true,Staphylococcus schleiferi
Staphylococcus schleiferi,cellShape,cocci,Staphylococcus schleiferi
Staphylococcus schleiferi,coagulase,variable,Staphylococcus schleiferi
Staphylococcus schleiferi,catalase,positive,Staphylococcus schleiferi
Staphylococcus schleiferi,oxidase,negative,Staphylococcus schleiferi
Staphylococcus schleiferi,oxygenRequirement,facultative anaerobe,Staphylococcus schleiferi
Staphylococcus schleiferi,firstDescribed,1988,Staphylococcus schleiferi
Staphylococcus schleiferi,describedBy,Igimi et al.,Staphylococcus schleiferi
Staphylococcus schleiferi,primaryHost,dogs,Staphylococcus schleiferi
Staphylococcus schleiferi,causes,pyoderma,Staphylococcus schleiferi
Staphylococcus schleiferi,causes,otitis externa,Staphylococcus schleiferi
Staphylococcus schleiferi,causes,wound infections,Staphylococcus schleiferi
Staphylococcus schleiferi,associatedWith,canine skin,Staphylococcus schleiferi
Staphylococcus schleiferi,subspecies,Staphylococcus schleiferi subsp. schleiferi,Staphylococcus schleiferi
Staphylococcus schleiferi,subspecies,Staphylococcus schleiferi subsp. coagulans,Staphylococcus schleiferi
Staphylococcus schleiferi,canInfectHumans,true,Staphylococcus schleiferi
Staphylococcus schleiferi,humanInfections,endocarditis,Staphylococcus schleiferi
Staphylococcus schleiferi,humanInfections,bacteremia,Staphylococcus schleiferi
Mionnay station,instanceOf,railway station,Mionnay station
Mionnay station,location,Mionnay,Mionnay station
Mionnay station,locatedIn,Ain,Mionnay station
Mionnay station,country,France,Mionnay station
Mionnay station,partOf,Lyon–Bourg-en-Bresse railway,Mionnay station
Mionnay station,operator,SNCF,Mionnay station
Mionnay station,servedBy,TER Auvergne-Rhône-Alpes,Mionnay station
Mionnay station,region,Auvergne-Rhône-Alpes,Mionnay station
Mionnay station,transportType,train,Mionnay station
Philip Adolphe Klier,instanceOf,person,Philip Adolphe Klier
Philip Adolphe Klier,givenName,Philip,Philip Adolphe Klier
Philip Adolphe Klier,middleName,Adolphe,Philip Adolphe Klier
Philip Adolphe Klier,familyName,Klier,Philip Adolphe Klier
Philip Adolphe Klier,nationality,German,Philip Adolphe Klier
Philip Adolphe Klier,occupation,photographer,Philip Adolphe Klier
Philip Adolphe Klier,occupation,merchant,Philip Adolphe Klier
Philip Adolphe Klier,birthYear,circa 1845,Philip Adolphe Klier
Philip Adolphe Klier,birthPlace,Germany,Philip Adolphe Klier
Philip Adolphe Klier,deathYear,1914,Philip Adolphe Klier
Philip Adolphe Klier,deathPlace,Rangoon,Philip Adolphe Klier
Philip Adolphe Klier,workLocation,Burma,Philip Adolphe Klier
Philip Adolphe Klier,workLocation,Rangoon,Philip Adolphe Klier
Philip Adolphe Klier,knownFor,Burma photography,Philip Adolphe Klier
Philip Adolphe Klier,activePeriod,1860s-1910s,Philip Adolphe Klier
"Mill Creek East, Washington",instanceOf,Census-designated place,"Mill Creek East, Washington"
"Mill Creek East, Washington",locatedIn,Snohomish County,"Mill Creek East, Washington"
"Mill Creek East, Washington",locatedIn,Washington,"Mill Creek East, Washington"
"Mill Creek East, Washington",locatedIn,United States,"Mill Creek East, Washington"
"Mill Creek East, Washington",partOf,Seattle metropolitan area,"Mill Creek East, Washington"
"Mill Creek East, Washington",partOf,Pacific Northwest,"Mill Creek East, Washington"
"Mill Creek East, Washington",splitFrom,"Mill Creek, Washington","Mill Creek East, Washington"
"Mill Creek East, Washington",timeZone,Pacific Time Zone,"Mill Creek East, Washington"
"Mill Creek East, Washington",country,United States,"Mill Creek East, Washington"
"Mill Creek East, Washington",state,Washington,"Mill Creek East, Washington"
"Mill Creek East, Washington",county,Snohomish County,"Mill Creek East, Washington"
"Dmytrivka, Chernihiv Oblast",instanceOf,village,"Dmytrivka, Chernihiv Oblast"
"Dmytrivka, Chernihiv Oblast",instanceOf,human settlement,"Dmytrivka, Chernihiv Oblast"
"Dmytrivka, Chernihiv Oblast",country,Ukraine,"Dmytrivka, Chernihiv Oblast"
"Dmytrivka, Chernihiv Oblast",locatedIn,Chernihiv Oblast,"Dmytrivka, Chernihiv Oblast"
"Dmytrivka, Chernihiv Oblast",locatedIn,Ukraine,"Dmytrivka, Chernihiv Oblast"
Bailey's Dam,instanceOf,dam,Bailey's Dam
Bailey's Dam,locatedIn,"Red River near Alexandria, Louisiana",Bailey's Dam
Bailey's Dam,constructedIn,1864,Bailey's Dam
Bailey's Dam,constructedBy,Lt. Col. Joseph Bailey,Bailey's Dam
Bailey's Dam,constructedBy,Union Army soldiers,Bailey's Dam
Bailey's Dam,partOf,Red River Campaign,Bailey's Dam
Bailey's Dam,purpose,raise water level to allow gunboats to pass rapids,Bailey's Dam
Bailey's Dam,material,logs,Bailey's Dam
Bailey's Dam,material,stone,Bailey's Dam
Bailey's Dam,material,brush,Bailey's Dam
Bailey's Dam,type,temporary dam,Bailey's Dam
Bailey's Dam,outcome,enabled Union fleet to escape rapids,Bailey's Dam
Day of Reckoning (1933 film),instanceOf,Film,Day of Reckoning (1933 film)
Day of Reckoning (1933 film),releaseYear,1933,Day of Reckoning (1933 film)
Day of Reckoning (1933 film),director,Charles Brabin,Day of Reckoning (1933 film)
Day of Reckoning (1933 film),starring,Richard Dix,Day of Reckoning (1933 film)
Day of Reckoning (1933 film),starring,Madge Evans,Day of Reckoning (1933 film)
Day of Reckoning (1933 film),producedBy,Metro-Goldwyn-Mayer,Day of Reckoning (1933 film)
Day of Reckoning (1933 film),distributedBy,Metro-Goldwyn-Mayer,Day of Reckoning (1933 film)
Day of Reckoning (1933 film),genre,Drama,Day of Reckoning (1933 film)
Day of Reckoning (1933 film),country,United States,Day of Reckoning (1933 film)
Day of Reckoning (1933 film),language,English,Day of Reckoning (1933 film)
Day of Reckoning (1933 film),color,Black and white,Day of Reckoning (1933 film)
Gordon Jackson Rees,instanceOf,Human,Gordon Jackson Rees
Gordon Jackson Rees,occupation,Anaesthetist,Gordon Jackson Rees
Gordon Jackson Rees,nationality,Welsh,Gordon Jackson Rees
Gordon Jackson Rees,nationality,British,Gordon Jackson Rees
Gordon Jackson Rees,dateOfBirth,1918,Gordon Jackson Rees
Gordon Jackson Rees,dateOfDeath,2001,Gordon Jackson Rees
Gordon Jackson Rees,fieldOfWork,Paediatric anaesthesia,Gordon Jackson Rees
Gordon Jackson Rees,knownFor,Jackson-Rees circuit,Gordon Jackson Rees
Gordon Jackson Rees,knownFor,Jackson-Rees modification of Ayre's T-piece,Gordon Jackson Rees
Gordon Jackson Rees,employer,Alder Hey Children's Hospital,Gordon Jackson Rees
Gordon Jackson Rees,affiliation,University of Liverpool,Gordon Jackson Rees
Gordon Jackson Rees,founded,Association of Paediatric Anaesthetists of Great Britain and Ireland,Gordon Jackson Rees
Otakar Šín,instanceOf,human,Otakar Šín
Otakar Šín,instanceOf,composer,Otakar Šín
Otakar Šín,instanceOf,music theorist,Otakar Šín
Otakar Šín,instanceOf,pedagogue,Otakar Šín
Otakar Šín,nationality,Czech,Otakar Šín
Otakar Šín,birthYear,1881,Otakar Šín
Otakar Šín,deathYear,1943,Otakar Šín
Otakar Šín,birthPlace,Žatec,Otakar Šín
Otakar Šín,deathPlace,Prague,Otakar Šín
Otakar Šín,educatedAt,Prague Conservatory,Otakar Šín
Otakar Šín,taughtAt,Prague Conservatory,Otakar Šín
2017 Kurdistan Region independence referendum,instanceOf,referendum,2017 Kurdistan Region independence referendum
2017 Kurdistan Region independence referendum,heldOn,25 September 2017,2017 Kurdistan Region independence referendum
2017 Kurdistan Region independence referendum,location,Kurdistan Region,2017 Kurdistan Region independence referendum
2017 Kurdistan Region independence referendum,location,Iraq,2017 Kurdistan Region independence referendum
2017 Kurdistan Region independence referendum,organizedBy,Kurdistan Regional Government,2017 Kurdistan Region independence referendum
2017 Kurdistan Region independence referendum,involved,Masoud Barzani,2017 Kurdistan Region independence referendum
2017 Kurdistan Region independence referendum,voteInFavor,92.73%,2017 Kurdistan Region independence referendum
2017 Kurdistan Region independence referendum,voterTurnout,72.16%,2017 Kurdistan Region independence referendum
2017 Kurdistan Region independence referendum,outcome,independence approved by voters,2017 Kurdistan Region independence referendum
2017 Kurdistan Region independence referendum,notRecognizedBy,any sovereign state,2017 Kurdistan Region independence referendum
2017 Kurdistan Region independence referendum,opposedBy,Iraq,2017 Kurdistan Region independence referendum
2017 Kurdistan Region independence referendum,opposedBy,Turkey,2017 Kurdistan Region independence referendum
2017 Kurdistan Region independence referendum,opposedBy,Iran,2017 Kurdistan Region independence referendum
2017 Kurdistan Region independence referendum,consequence,military confrontation with Iraq,2017 Kurdistan Region independence referendum
2017 Kurdistan Region independence referendum,consequence,loss of control over Kirkuk,2017 Kurdistan Region independence referendum
2017 Kurdistan Region independence referendum,consequence,Barzani resignation,2017 Kurdistan Region independence referendum
HNoMS Otra (1939),instanceOf,Minesweeper,HNoMS Otra (1939)
HNoMS Otra (1939),instanceOf,Ship,HNoMS Otra (1939)
HNoMS Otra (1939),instanceOf,Naval vessel,HNoMS Otra (1939)
HNoMS Otra (1939),country,Norway,HNoMS Otra (1939)
HNoMS Otra (1939),operator,Royal Norwegian Navy,HNoMS Otra (1939)
HNoMS Otra (1939),launchYear,1939,HNoMS Otra (1939)
HNoMS Otra (1939),shipClass,Otra-class minesweeper,HNoMS Otra (1939)
HNoMS Otra (1939),hasSisterShip,HNoMS Rauma (1939),HNoMS Otra (1939)
HNoMS Otra (1939),builder,Nylands Verksted,HNoMS Otra (1939)
HNoMS Otra (1939),participatedIn,World War II,HNoMS Otra (1939)
HNoMS Otra (1939),captureYear,1940,HNoMS Otra (1939)
HNoMS Otra (1939),capturedBy,Kriegsmarine,HNoMS Otra (1939)
HNoMS Otra (1939),postwarFate,Returned to Norway in 1945,HNoMS Otra (1939)
HNoMS Otra (1939),decommissionYear,1959,HNoMS Otra (1939)
Oregon Route 569,instanceOf,state highway,Oregon Route 569
Oregon Route 569,locatedIn,Oregon,Oregon Route 569
Oregon Route 569,locatedIn,Lane County,Oregon Route 569
Oregon Route 569,alsoKnownAs,Beltline Road,Oregon Route 569
Oregon Route 569,alsoKnownAs,Randy Pape Beltline,Oregon Route 569
Oregon Route 569,passesThrough,Eugene,Oregon Route 569
Oregon Route 569,passesThrough,Springfield,Oregon Route 569
Oregon Route 569,connectsTo,Interstate 5,Oregon Route 569
Oregon Route 569,connectsTo,Oregon Route 99,Oregon Route 569
Oregon Route 569,connectsTo,Oregon Route 126,Oregon Route 569
Oregon Route 569,maintainedBy,Oregon Department of Transportation,Oregon Route 569
Oregon Route 569,type,beltway,Oregon Route 569
Mucuri Airport,instanceOf,Airport,Mucuri Airport
Mucuri Airport,locatedIn,Mucuri,Mucuri Airport
Mucuri Airport,locatedIn,Bahia,Mucuri Airport
Mucuri Airport,locatedIn,Brazil,Mucuri Airport
Mucuri Airport,country,Brazil,Mucuri Airport
Mucuri Airport,iataCode,MVS,Mucuri Airport
Mucuri Airport,icaoCode,SNMU,Mucuri Airport
Mucuri Airport,serves,Mucuri,Mucuri Airport
Mucuri Airport,alsoKnownAs,Aeroporto de Mucuri,Mucuri Airport
Dōjigiri,instanceOf,Tachi,Dōjigiri
Dōjigiri,alsoKnownAs,Dōjigiri Yasutsuna,Dōjigiri
Dōjigiri,forgedBy,Yasutsuna,Dōjigiri
Dōjigiri,forgedBy,Hōki-no-Kuni Yasutsuna,Dōjigiri
Dōjigiri,school,Hōki school,Dōjigiri
Dōjigiri,partOf,Tenka-Goken,Dōjigiri
Dōjigiri,usedBy,Minamoto no Yorimitsu,Dōjigiri
Dōjigiri,associatedWith,Shuten-dōji,Dōjigiri
Dōjigiri,housedAt,Tokyo National Museum,Dōjigiri
Dōjigiri,designatedAs,National Treasure of Japan,Dōjigiri
Dōjigiri,originCountry,Japan,Dōjigiri
Danny Abeckaser,instanceOf,Person,Danny Abeckaser
Danny Abeckaser,bornIn,Israel,Danny Abeckaser
Danny Abeckaser,raisedIn,Brooklyn,Danny Abeckaser
Danny Abeckaser,occupation,actor,Danny Abeckaser
Danny Abeckaser,occupation,film director,Danny Abeckaser
Danny Abeckaser,occupation,film producer,Danny Abeckaser
Danny Abeckaser,countryOfCitizenship,United States,Danny Abeckaser
Danny Abeckaser,directed,First We Take Brooklyn,Danny Abeckaser
Danny Abeckaser,directed,Mob Town,Danny Abeckaser
Danny Abeckaser,knownFor,First We Take Brooklyn,Danny Abeckaser
American Society of Magazine Editors,instanceOf,Organization,American Society of Magazine Editors
American Society of Magazine Editors,abbreviation,ASME,American Society of Magazine Editors
American Society of Magazine Editors,inception,1963,American Society of Magazine Editors
American Society of Magazine Editors,headquartersLocation,New York City,American Society of Magazine Editors
American Society of Magazine Editors,country,United States,American Society of Magazine Editors
American Society of Magazine Editors,award,National Magazine Awards,American Society of Magazine Editors
American Society of Magazine Editors,fieldOfWork,Magazine editing,American Society of Magazine Editors
To the Wonder,instanceOf,Film,To the Wonder
To the Wonder,director,Terrence Malick,To the Wonder
To the Wonder,screenwriter,Terrence Malick,To the Wonder
To the Wonder,starring,Ben Affleck,To the Wonder
To the Wonder,starring,Olga Kurylenko,To the Wonder
To the Wonder,starring,Rachel McAdams,To the Wonder
To the Wonder,starring,Javier Bardem,To the Wonder
To the Wonder,genre,Drama,To the Wonder
To the Wonder,genre,Romance,To the Wonder
To the Wonder,country,United States,To the Wonder
To the Wonder,language,English,To the Wonder
To the Wonder,releaseYear,2012,To the Wonder
To the Wonder,cinematographer,Emmanuel Lubezki,To the Wonder
To the Wonder,musicComposer,Hanan Townshend,To the Wonder
To the Wonder,premieredAt,Venice International Film Festival,To the Wonder
To the Wonder,distributedBy,Magnolia Pictures,To the Wonder
To the Wonder,runtime,112 minutes,To the Wonder
To the Wonder,filmedIn,Oklahoma,To the Wonder
To the Wonder,filmedIn,Paris,To the Wonder
To the Wonder,filmedIn,France,To the Wonder
Juncus inflexus,instanceOf,species,Juncus inflexus
Juncus inflexus,genus,Juncus,Juncus inflexus
Juncus inflexus,family,Juncaceae,Juncus inflexus
Juncus inflexus,order,Poales,Juncus inflexus
Juncus inflexus,class,Liliopsida,Juncus inflexus
Juncus inflexus,kingdom,Plantae,Juncus inflexus
Juncus inflexus,hasCommonName,hard rush,Juncus inflexus
Juncus inflexus,synonym,Juncus glaucus,Juncus inflexus
Juncus inflexus,nativeTo,Europe,Juncus inflexus
Juncus inflexus,nativeTo,western Asia,Juncus inflexus
Juncus inflexus,nativeTo,North Africa,Juncus inflexus
Juncus inflexus,nativeTo,southern Africa,Juncus inflexus
Juncus inflexus,describedBy,Carl Linnaeus,Juncus inflexus
Juncus inflexus,lifeForm,perennial herb,Juncus inflexus
Juncus inflexus,habitat,wetlands,Juncus inflexus
Juncus inflexus,habitat,damp grassland,Juncus inflexus
Juncus inflexus,stemColor,blue-green,Juncus inflexus
Òran Mór,instanceOf,music venue,Òran Mór
Òran Mór,instanceOf,bar,Òran Mór
Òran Mór,instanceOf,restaurant,Òran Mór
Òran Mór,city,Glasgow,Òran Mór
Òran Mór,country,Scotland,Òran Mór
Òran Mór,locatedIn,West End,Òran Mór
Òran Mór,housedIn,converted church,Òran Mór
Òran Mór,features,ceiling mural by Alasdair Gray,Òran Mór
Òran Mór,hosts,"A Play, A Pie and A Pint",Òran Mór
Òran Mór,nameMeaning,Great Song,Òran Mór
Òran Mór,street,Byres Road,Òran Mór
Òran Mór,usedFor,live music performances,Òran Mór
Òran Mór,usedFor,events,Òran Mór
Òran Mór,usedFor,weddings,Òran Mór
The Rookie: Feds,instanceOf,Television series,The Rookie: Feds
The Rookie: Feds,genre,Police procedural,The Rookie: Feds
The Rookie: Feds,genre,Crime drama,The Rookie: Feds
The Rookie: Feds,creator,Alexi Hawley,The Rookie: Feds
The Rookie: Feds,creator,Terence Paul Winter,The Rookie: Feds
The Rookie: Feds,starring,Niecy Nash,The Rookie: Feds
The Rookie: Feds,starring,Frankie Faison,The Rookie: Feds
The Rookie: Feds,starring,Brandi Denise,The Rookie: Feds
The Rookie: Feds,starring,Kevin Zegers,The Rookie: Feds
The Rookie: Feds,starring,Felix Solis,The Rookie: Feds
The Rookie: Feds,originalNetwork,ABC,The Rookie: Feds
The Rookie: Feds,countryOfOrigin,United States,The Rookie: Feds
The Rookie: Feds,originalLanguage,English,The Rookie: Feds
The Rookie: Feds,premiereDate,"September 27, 2022",The Rookie: Feds
The Rookie: Feds,endDate,"May 2, 2023",The Rookie: Feds
The Rookie: Feds,numberOfSeasons,1,The Rookie: Feds
The Rookie: Feds,numberOfEpisodes,22,The Rookie: Feds
The Rookie: Feds,spinOffOf,The Rookie,The Rookie: Feds
The Rookie: Feds,productionCompany,ABC Signature,The Rookie: Feds
The Rookie: Feds,productionCompany,20th Television,The Rookie: Feds
"Hill Point, Wisconsin",instanceOf,unincorporated community,"Hill Point, Wisconsin"
"Hill Point, Wisconsin",locatedIn,Sauk County,"Hill Point, Wisconsin"
"Hill Point, Wisconsin",locatedIn,Wisconsin,"Hill Point, Wisconsin"
"Hill Point, Wisconsin",locatedIn,United States,"Hill Point, Wisconsin"
"Hill Point, Wisconsin",partOf,Town of Washington,"Hill Point, Wisconsin"
"Hill Point, Wisconsin",country,United States,"Hill Point, Wisconsin"
"Hill Point, Wisconsin",state,Wisconsin,"Hill Point, Wisconsin"
"Hill Point, Wisconsin",county,Sauk County,"Hill Point, Wisconsin"
Cazzano di Tramigna,instanceOf,comune,Cazzano di Tramigna
Cazzano di Tramigna,locatedIn,Province of Verona,Cazzano di Tramigna
Cazzano di Tramigna,locatedIn,Veneto,Cazzano di Tramigna
Cazzano di Tramigna,country,Italy,Cazzano di Tramigna
Megascolides,instanceOf,Genus,Megascolides
Megascolides,kingdom,Animalia,Megascolides
Megascolides,phylum,Annelida,Megascolides
Megascolides,class,Clitellata,Megascolides
Megascolides,family,Megascolecidae,Megascolides
Megascolides,hasSpecies,Megascolides australis,Megascolides
Megascolides,nativeTo,Australia,Megascolides
Lahore Se Aagey,instanceOf,Film,Lahore Se Aagey
Lahore Se Aagey,country,Pakistan,Lahore Se Aagey
Lahore Se Aagey,originalLanguage,Urdu,Lahore Se Aagey
Lahore Se Aagey,releaseYear,2016,Lahore Se Aagey
Lahore Se Aagey,genre,Comedy,Lahore Se Aagey
Lahore Se Aagey,genre,Adventure,Lahore Se Aagey
Lahore Se Aagey,isSequelOf,Karachi Se Lahore,Lahore Se Aagey
Lahore Se Aagey,starring,Ayesha Omar,Lahore Se Aagey
Lahore Se Aagey,starring,Saba Qamar,Lahore Se Aagey
Lahore Se Aagey,starring,Vasay Chaudhry,Lahore Se Aagey
Lahore Se Aagey,starring,Yasir Hussain,Lahore Se Aagey
Lahore Se Aagey,starring,Umar Khan,Lahore Se Aagey
AAPG Bulletin,instanceOf,academic journal,AAPG Bulletin
AAPG Bulletin,publisher,American Association of Petroleum Geologists,AAPG Bulletin
AAPG Bulletin,fullName,Bulletin of the American Association of Petroleum Geologists,AAPG Bulletin
AAPG Bulletin,abbreviation,AAPG Bull.,AAPG Bulletin
AAPG Bulletin,topic,petroleum geology,AAPG Bulletin
AAPG Bulletin,topic,sedimentology,AAPG Bulletin
AAPG Bulletin,topic,stratigraphy,AAPG Bulletin
AAPG Bulletin,language,English,AAPG Bulletin
AAPG Bulletin,country,United States,AAPG Bulletin
"2,3-Dimethylhexane",instanceOf,alkane,"2,3-Dimethylhexane"
"2,3-Dimethylhexane",instanceOf,hydrocarbon,"2,3-Dimethylhexane"
"2,3-Dimethylhexane",instanceOf,organic compound,"2,3-Dimethylhexane"
"2,3-Dimethylhexane",chemicalFormula,C8H18,"2,3-Dimethylhexane"
"2,3-Dimethylhexane",carbonCount,8,"2,3-Dimethylhexane"
"2,3-Dimethylhexane",hydrogenCount,18,"2,3-Dimethylhexane"
"2,3-Dimethylhexane",structuralIsomerOf,n-octane,"2,3-Dimethylhexane"
"2,3-Dimethylhexane",parentChain,hexane,"2,3-Dimethylhexane"
"2,3-Dimethylhexane",methylSubstituentPosition,2,"2,3-Dimethylhexane"
"2,3-Dimethylhexane",methylSubstituentPosition,3,"2,3-Dimethylhexane"
Cap-Haïtien International Airport,instanceOf,Airport,Cap-Haïtien International Airport
Cap-Haïtien International Airport,locatedIn,Cap-Haïtien,Cap-Haïtien International Airport
Cap-Haïtien International Airport,locatedIn,Haiti,Cap-Haïtien International Airport
Cap-Haïtien International Airport,hasIATACode,CAP,Cap-Haïtien International Airport
Cap-Haïtien International Airport,hasICAOCode,MTCH,Cap-Haïtien International Airport
Cap-Haïtien International Airport,alternativeName,Aéroport International du Cap-Haïtien,Cap-Haïtien International Airport
Cap-Haïtien International Airport,serves,Cap-Haïtien,Cap-Haïtien International Airport
Cap-Haïtien International Airport,serves,Northern Haiti,Cap-Haïtien International Airport
Cap-Haïtien International Airport,isSecondLargestAirportIn,Haiti,Cap-Haïtien International Airport
Soviet destroyer Nezamozhnik,instanceOf,destroyer,Soviet destroyer Nezamozhnik
Soviet destroyer Nezamozhnik,operator,Soviet Navy,Soviet destroyer Nezamozhnik
Soviet destroyer Nezamozhnik,fleet,Black Sea Fleet,Soviet destroyer Nezamozhnik
Soviet destroyer Nezamozhnik,country,Soviet Union,Soviet destroyer Nezamozhnik
Soviet destroyer Nezamozhnik,class,Fidonisy-class destroyer,Soviet destroyer Nezamozhnik
Soviet destroyer Nezamozhnik,participatedIn,World War II,Soviet destroyer Nezamozhnik
Bangalore Days,instanceOf,film,Bangalore Days
Bangalore Days,director,Anjali Menon,Bangalore Days
Bangalore Days,writer,Anjali Menon,Bangalore Days
Bangalore Days,producer,Anwar Rasheed,Bangalore Days
Bangalore Days,releaseYear,2014,Bangalore Days
Bangalore Days,language,Malayalam,Bangalore Days
Bangalore Days,country,India,Bangalore Days
Bangalore Days,starring,Dulquer Salmaan,Bangalore Days
Bangalore Days,starring,Nivin Pauly,Bangalore Days
Bangalore Days,starring,Nazriya Nazim,Bangalore Days
Bangalore Days,starring,Parvathy Thiruvothu,Bangalore Days
Bangalore Days,starring,Kalpana,Bangalore Days
Bangalore Days,starring,Vijayaraghavan,Bangalore Days
Bangalore Days,musicComposer,Gopi Sundar,Bangalore Days
Bangalore Days,cinematographer,Sameer Thahir,Bangalore Days
Bangalore Days,genre,comedy-drama,Bangalore Days
Bangalore Days,genre,coming-of-age,Bangalore Days
Bangalore Days,productionCompany,Anwar Rasheed Entertainments,Bangalore Days
Bangalore Days,setting,Bangalore,Bangalore Days
Tmesiphantes,instanceOf,genus,Tmesiphantes
Tmesiphantes,family,Theraphosidae,Tmesiphantes
Tmesiphantes,order,Araneae,Tmesiphantes
Tmesiphantes,class,Arachnida,Tmesiphantes
Tmesiphantes,phylum,Arthropoda,Tmesiphantes
Tmesiphantes,kingdom,Animalia,Tmesiphantes
Tmesiphantes,nativeTo,Brazil,Tmesiphantes
Tmesiphantes,isA,tarantula,Tmesiphantes
Tmesiphantes,describedBy,Mello-Leitão,Tmesiphantes
Tmesiphantes,describedIn,1929,Tmesiphantes
Methacrylamide,instanceOf,Chemical compound,Methacrylamide
Methacrylamide,formula,C4H7NO,Methacrylamide
Methacrylamide,iupacName,2-methylprop-2-enamide,Methacrylamide
Methacrylamide,synonym,Methacrylic amide,Methacrylamide
Methacrylamide,synonym,2-Methyl-2-propenamide,Methacrylamide
Methacrylamide,class,Primary amide,Methacrylamide
Methacrylamide,class,Unsaturated amide,Methacrylamide
Methacrylamide,class,Methacrylate derivative,Methacrylamide
Methacrylamide,usedAs,Monomer,Methacrylamide
Methacrylamide,usedIn,Polymer production,Methacrylamide
Methacrylamide,usedIn,Adhesives,Methacrylamide
Methacrylamide,usedIn,Coatings,Methacrylamide
Methacrylamide,physicalForm,White crystalline solid,Methacrylamide
Methacrylamide,solubility,Soluble in water,Methacrylamide
Methacrylamide,solubility,Soluble in polar organic solvents,Methacrylamide
Methacrylamide,reactsVia,Free radical polymerization,Methacrylamide
Methacrylamide,productOf,Methacrylic acid,Methacrylamide
Methacrylamide,molecularWeight,85.105 g/mol,Methacrylamide
Methacrylamide,meltingPoint,109-111 °C,Methacrylamide
Methacrylamide,casNumber,79-39-0,Methacrylamide
IBTE Jefri Bolkiah Campus,instanceOf,Campus,IBTE Jefri Bolkiah Campus
IBTE Jefri Bolkiah Campus,partOf,Institute of Brunei Technical Education,IBTE Jefri Bolkiah Campus
IBTE Jefri Bolkiah Campus,location,Kuala Belait,IBTE Jefri Bolkiah Campus
IBTE Jefri Bolkiah Campus,location,Brunei,IBTE Jefri Bolkiah Campus
IBTE Jefri Bolkiah Campus,provides,Technical education,IBTE Jefri Bolkiah Campus
IBTE Jefri Bolkiah Campus,provides,Vocational training,IBTE Jefri Bolkiah Campus
MV Ganga Vilas,instanceOf,cruise ship,MV Ganga Vilas
MV Ganga Vilas,instanceOf,motor vessel,MV Ganga Vilas
MV Ganga Vilas,instanceOf,luxury river cruise liner,MV Ganga Vilas
MV Ganga Vilas,country,India,MV Ganga Vilas
MV Ganga Vilas,operator,Antara Cruises,MV Ganga Vilas
MV Ganga Vilas,inauguratedBy,Narendra Modi,MV Ganga Vilas
MV Ganga Vilas,inaugurationDate,13 January 2023,MV Ganga Vilas
MV Ganga Vilas,routeStart,Varanasi,MV Ganga Vilas
MV Ganga Vilas,routeEnd,Dibrugarh,MV Ganga Vilas
MV Ganga Vilas,sailsOn,Ganges River,MV Ganga Vilas
MV Ganga Vilas,sailsOn,Brahmaputra River,MV Ganga Vilas
MV Ganga Vilas,journeyDistance,3200 km,MV Ganga Vilas
MV Ganga Vilas,journeyDuration,51 days,MV Ganga Vilas
MV Ganga Vilas,isKnownAs,world's longest river cruise,MV Ganga Vilas
MV Ganga Vilas,passengerCapacity,36 suites,MV Ganga Vilas
MV Ganga Vilas,purpose,luxury tourism,MV Ganga Vilas
2016–17 Segona Divisió,instanceOf,football league season,2016–17 Segona Divisió
2016–17 Segona Divisió,country,Andorra,2016–17 Segona Divisió
2016–17 Segona Divisió,sport,association football,2016–17 Segona Divisió
2016–17 Segona Divisió,competition,Segona Divisió,2016–17 Segona Divisió
2016–17 Segona Divisió,season,2016–17,2016–17 Segona Divisió
2016–17 Segona Divisió,governingBody,Federació Andorrana de Futbol,2016–17 Segona Divisió
2016–17 Segona Divisió,levelInPyramid,2,2016–17 Segona Divisió
Dol pri Šmarju,instanceOf,settlement,Dol pri Šmarju
Dol pri Šmarju,locatedIn,Slovenia,Dol pri Šmarju
Dol pri Šmarju,locatedIn,Municipality of Grosuplje,Dol pri Šmarju
Dol pri Šmarju,partOf,Central Slovenia Statistical Region,Dol pri Šmarju
Dol pri Šmarju,traditionalRegion,Lower Carniola,Dol pri Šmarju
Bopyridae,instanceOf,family,Bopyridae
Bopyridae,kingdom,Animalia,Bopyridae
Bopyridae,phylum,Arthropoda,Bopyridae
Bopyridae,class,Malacostraca,Bopyridae
Bopyridae,order,Isopoda,Bopyridae
Bopyridae,isA,ectoparasite,Bopyridae
Bopyridae,parasitizes,shrimp,Bopyridae
Bopyridae,parasitizes,crabs,Bopyridae
Bopyridae,environment,marine,Bopyridae
Airdrieonians F.C.,instanceOf,Association football club,Airdrieonians F.C.
Airdrieonians F.C.,country,Scotland,Airdrieonians F.C.
Airdrieonians F.C.,basedIn,Airdrie,Airdrieonians F.C.
Airdrieonians F.C.,basedIn,North Lanarkshire,Airdrieonians F.C.
Airdrieonians F.C.,homeStadium,Excelsior Stadium,Airdrieonians F.C.
Airdrieonians F.C.,stadiumCapacity,10101,Airdrieonians F.C.
Airdrieonians F.C.,league,Scottish League One,Airdrieonians F.C.
Airdrieonians F.C.,playsIn,Scottish Professional Football League,Airdrieonians F.C.
Airdrieonians F.C.,nickname,The Diamonds,Airdrieonians F.C.
Airdrieonians F.C.,founded,2002,Airdrieonians F.C.
Airdrieonians F.C.,fullName,Airdrieonians Football Club,Airdrieonians F.C.
Airdrieonians F.C.,previousName,Airdrie United F.C.,Airdrieonians F.C.
Airdrieonians F.C.,renamedIn,2013,Airdrieonians F.C.
Airdrieonians F.C.,sport,Association football,Airdrieonians F.C.
Airdrieonians F.C.,kitColor,Red,Airdrieonians F.C.
Airdrieonians F.C.,kitColor,White,Airdrieonians F.C.
Airdrieonians F.C.,rival,Albion Rovers F.C.,Airdrieonians F.C.
Inca finch,instanceOf,bird,Inca finch
Inca finch,kingdom,Animalia,Inca finch
Inca finch,phylum,Chordata,Inca finch
Inca finch,class,Aves,Inca finch
Inca finch,order,Passeriformes,Inca finch
Inca finch,family,Thraupidae,Inca finch
Inca finch,genus,Incaspiza,Inca finch
Inca finch,nativeTo,Peru,Inca finch
Inca finch,habitat,Andes,Inca finch
Inca finch,habitat,montane shrubland,Inca finch
Inca finch,diet,seeds,Inca finch
2021 NCAA Division I baseball tournament,instanceOf,NCAA Division I baseball tournament,2021 NCAA Division I baseball tournament
2021 NCAA Division I baseball tournament,instanceOf,sports tournament,2021 NCAA Division I baseball tournament
2021 NCAA Division I baseball tournament,sport,baseball,2021 NCAA Division I baseball tournament
2021 NCAA Division I baseball tournament,division,Division I,2021 NCAA Division I baseball tournament
2021 NCAA Division I baseball tournament,year,2021,2021 NCAA Division I baseball tournament
2021 NCAA Division I baseball tournament,organizer,NCAA,2021 NCAA Division I baseball tournament
2021 NCAA Division I baseball tournament,partOf,2021 NCAA Division I baseball season,2021 NCAA Division I baseball tournament
2021 NCAA Division I baseball tournament,numberOfTeams,64,2021 NCAA Division I baseball tournament
2021 NCAA Division I baseball tournament,format,double-elimination,2021 NCAA Division I baseball tournament
2021 NCAA Division I baseball tournament,includesStage,regionals,2021 NCAA Division I baseball tournament
2021 NCAA Division I baseball tournament,includesStage,super regionals,2021 NCAA Division I baseball tournament
2021 NCAA Division I baseball tournament,includesStage,College World Series,2021 NCAA Division I baseball tournament
2021 NCAA Division I baseball tournament,finalsVenue,TD Ameritrade Park Omaha,2021 NCAA Division I baseball tournament
2021 NCAA Division I baseball tournament,finalsLocation,"Omaha, Nebraska",2021 NCAA Division I baseball tournament
2021 NCAA Division I baseball tournament,finalsLocation,United States,2021 NCAA Division I baseball tournament
2021 NCAA Division I baseball tournament,champion,Mississippi State Bulldogs,2021 NCAA Division I baseball tournament
2021 NCAA Division I baseball tournament,runnerUp,Vanderbilt Commodores,2021 NCAA Division I baseball tournament
2021 NCAA Division I baseball tournament,previousEdition,2020 NCAA Division I baseball tournament,2021 NCAA Division I baseball tournament
2021 NCAA Division I baseball tournament,nextEdition,2022 NCAA Division I baseball tournament,2021 NCAA Division I baseball tournament
Westworld season 3,instanceOf,Television season,Westworld season 3
Westworld season 3,partOf,Westworld,Westworld season 3
Westworld season 3,originalBroadcaster,HBO,Westworld season 3
Westworld season 3,countryOfOrigin,United States,Westworld season 3
Westworld season 3,originalLanguage,English,Westworld season 3
Westworld season 3,numberOfEpisodes,8,Westworld season 3
Westworld season 3,startYear,2020,Westworld season 3
Westworld season 3,premiereDate,2020-03-15,Westworld season 3
Westworld season 3,finaleDate,2020-05-03,Westworld season 3
Westworld season 3,starring,Evan Rachel Wood,Westworld season 3
Westworld season 3,starring,Jeffrey Wright,Westworld season 3
Westworld season 3,starring,Thandie Newton,Westworld season 3
Westworld season 3,starring,Tessa Thompson,Westworld season 3
Westworld season 3,starring,Aaron Paul,Westworld season 3
Westworld season 3,showrunner,Jonathan Nolan,Westworld season 3
Westworld season 3,showrunner,Lisa Joy,Westworld season 3
Westworld season 3,genre,Science fiction,Westworld season 3
Westworld season 3,genre,Drama,Westworld season 3
Westworld season 3,follows,Westworld season 2,Westworld season 3
Westworld season 3,followedBy,Westworld season 4,Westworld season 3
Trichosanthin,instanceOf,ribosome-inactivating protein,Trichosanthin
Trichosanthin,extractedFrom,Trichosanthes kirilowii,Trichosanthin
Trichosanthin,alsoKnownAs,Tian Hua Fen,Trichosanthin
Trichosanthin,usedAs,abortifacient,Trichosanthin
Trichosanthin,usedIn,traditional Chinese medicine,Trichosanthin
Trichosanthin,activeAgainst,HIV,Trichosanthin
Trichosanthin,isA,type I ribosome-inactivating protein,Trichosanthin
Trichosanthin,inhibits,protein synthesis,Trichosanthin
Trichosanthin,hasMolecularWeight,27 kDa,Trichosanthin
Trichosanthin,consistsOf,247 amino acids,Trichosanthin
Trichosanthin,hasEnzymaticActivity,N-glycosidase,Trichosanthin
Trichosanthin,originatesFrom,China,Trichosanthin
Carmen (Stromae song),instanceOf,Song,Carmen (Stromae song)
Carmen (Stromae song),performer,Stromae,Carmen (Stromae song)
Carmen (Stromae song),album,Racine Carrée,Carmen (Stromae song)
Carmen (Stromae song),releaseYear,2013,Carmen (Stromae song)
Carmen (Stromae song),genre,Electronic music,Carmen (Stromae song)
Carmen (Stromae song),genre,Hip hop music,Carmen (Stromae song)
Carmen (Stromae song),language,French,Carmen (Stromae song)
Carmen (Stromae song),lyricist,Stromae,Carmen (Stromae song)
Carmen (Stromae song),composer,Stromae,Carmen (Stromae song)
Carmen (Stromae song),producer,Stromae,Carmen (Stromae song)
Carmen (Stromae song),countryOfOrigin,Belgium,Carmen (Stromae song)
Carmen (Stromae song),recordLabel,Mosaert,Carmen (Stromae song)
Carmen (Stromae song),basedOn,Carmen (Bizet),Carmen (Stromae song)
Taisan-ji (Matsuyama),instanceOf,Buddhist temple,Taisan-ji (Matsuyama)
Taisan-ji (Matsuyama),locatedIn,Matsuyama,Taisan-ji (Matsuyama)
Taisan-ji (Matsuyama),locatedIn,Ehime Prefecture,Taisan-ji (Matsuyama)
Taisan-ji (Matsuyama),locatedIn,Japan,Taisan-ji (Matsuyama)
Taisan-ji (Matsuyama),partOf,Shikoku 88 Temple Pilgrimage,Taisan-ji (Matsuyama)
Taisan-ji (Matsuyama),pilgrimageNumber,52,Taisan-ji (Matsuyama)
Live & More (Roberta Flack and Peabo Bryson album),instanceOf,Album,Live & More (Roberta Flack and Peabo Bryson album)
Live & More (Roberta Flack and Peabo Bryson album),artist,Roberta Flack,Live & More (Roberta Flack and Peabo Bryson album)
Live & More (Roberta Flack and Peabo Bryson album),artist,Peabo Bryson,Live & More (Roberta Flack and Peabo Bryson album)
Live & More (Roberta Flack and Peabo Bryson album),releaseDate,1980,Live & More (Roberta Flack and Peabo Bryson album)
Live & More (Roberta Flack and Peabo Bryson album),recordLabel,Atlantic Records,Live & More (Roberta Flack and Peabo Bryson album)
Live & More (Roberta Flack and Peabo Bryson album),genre,Soul,Live & More (Roberta Flack and Peabo Bryson album)
Live & More (Roberta Flack and Peabo Bryson album),genre,Rhythm and blues,Live & More (Roberta Flack and Peabo Bryson album)
Live & More (Roberta Flack and Peabo Bryson album),genre,Pop,Live & More (Roberta Flack and Peabo Bryson album)
Live & More (Roberta Flack and Peabo Bryson album),format,Live album,Live & More (Roberta Flack and Peabo Bryson album)
Live & More (Roberta Flack and Peabo Bryson album),format,Double album,Live & More (Roberta Flack and Peabo Bryson album)
Bellatrix Lestrange,instanceOf,Fictional character,Bellatrix Lestrange
Bellatrix Lestrange,fullName,Bellatrix Lestrange,Bellatrix Lestrange
Bellatrix Lestrange,maidenName,Black,Bellatrix Lestrange
Bellatrix Lestrange,gender,Female,Bellatrix Lestrange
Bellatrix Lestrange,species,Human,Bellatrix Lestrange
Bellatrix Lestrange,bloodStatus,Pure-blood,Bellatrix Lestrange
Bellatrix Lestrange,nationality,British,Bellatrix Lestrange
Bellatrix Lestrange,family,House of Black,Bellatrix Lestrange
Bellatrix Lestrange,affiliation,Death Eaters,Bellatrix Lestrange
Bellatrix Lestrange,loyalty,Lord Voldemort,Bellatrix Lestrange
Bellatrix Lestrange,sibling,Narcissa Malfoy,Bellatrix Lestrange
Bellatrix Lestrange,sibling,Andromeda Tonks,Bellatrix Lestrange
Bellatrix Lestrange,spouse,Rodolphus Lestrange,Bellatrix Lestrange
Bellatrix Lestrange,father,Cygnus Black,Bellatrix Lestrange
Bellatrix Lestrange,mother,Druella Rosier,Bellatrix Lestrange
Bellatrix Lestrange,cousin,Sirius Black,Bellatrix Lestrange
Bellatrix Lestrange,cousin,Regulus Black,Bellatrix Lestrange
Bellatrix Lestrange,auntOf,Draco Malfoy,Bellatrix Lestrange
Bellatrix Lestrange,auntOf,Nymphadora Tonks,Bellatrix Lestrange
Bellatrix Lestrange,killed,Sirius Black,Bellatrix Lestrange
Bellatrix Lestrange,killedBy,Molly Weasley,Bellatrix Lestrange
Bellatrix Lestrange,tortured,Frank Longbottom,Bellatrix Lestrange
Bellatrix Lestrange,tortured,Alice Longbottom,Bellatrix Lestrange
Bellatrix Lestrange,escapedFrom,Azkaban,Bellatrix Lestrange
Bellatrix Lestrange,participatedIn,Battle of the Department of Mysteries,Bellatrix Lestrange
Bellatrix Lestrange,participatedIn,Battle of Hogwarts,Bellatrix Lestrange
Bellatrix Lestrange,firstAppearedIn,Harry Potter and the Order of the Phoenix,Bellatrix Lestrange
Bellatrix Lestrange,appearsIn,Harry Potter and the Half-Blood Prince,Bellatrix Lestrange
Bellatrix Lestrange,appearsIn,Harry Potter and the Deathly Hallows,Bellatrix Lestrange
Bellatrix Lestrange,portrayedBy,Helena Bonham Carter,Bellatrix Lestrange
Bellatrix Lestrange,createdBy,J. K. Rowling,Bellatrix Lestrange
Maurice Fatio,instanceOf,Person,Maurice Fatio
Maurice Fatio,instanceOf,Architect,Maurice Fatio
Maurice Fatio,birthPlace,"Geneva, Switzerland",Maurice Fatio
Maurice Fatio,birthDate,1892-08-18,Maurice Fatio
Maurice Fatio,deathDate,1971,Maurice Fatio
Maurice Fatio,nationality,Swiss,Maurice Fatio
Maurice Fatio,nationality,American,Maurice Fatio
Maurice Fatio,profession,architect,Maurice Fatio
Maurice Fatio,knownFor,Mediterranean Revival architecture,Maurice Fatio
Maurice Fatio,workedIn,"Palm Beach, Florida",Maurice Fatio
Maurice Fatio,workedIn,New York City,Maurice Fatio
Maurice Fatio,spouse,Eleanor Fatio,Maurice Fatio
Mark Nepo,instanceOf,Person,Mark Nepo
Mark Nepo,instanceOf,Author,Mark Nepo
Mark Nepo,instanceOf,Poet,Mark Nepo
Mark Nepo,instanceOf,Philosopher,Mark Nepo
Mark Nepo,instanceOf,Teacher,Mark Nepo
Mark Nepo,authorOf,The Book of Awakening,Mark Nepo
Mark Nepo,authorOf,Seven Thousand Ways to Listen,Mark Nepo
Mark Nepo,authorOf,The One Life We're Given,Mark Nepo
Mark Nepo,authorOf,Inside the Miracle,Mark Nepo
Mark Nepo,authorOf,Finding Inner Courage,Mark Nepo
Mark Nepo,birthYear,1951,Mark Nepo
Mark Nepo,nationality,American,Mark Nepo
Mark Nepo,survived,Cancer,Mark Nepo
Mark Nepo,appearedOn,Super Soul Sunday,Mark Nepo
Mark Nepo,residence,Michigan,Mark Nepo
Dynatrace,instanceOf,Company,Dynatrace
Dynatrace,instanceOf,SoftwareCompany,Dynatrace
Dynatrace,instanceOf,PubliclyTradedCompany,Dynatrace
Dynatrace,industry,Software,Dynatrace
Dynatrace,industry,ApplicationPerformanceMonitoring,Dynatrace
Dynatrace,industry,Observability,Dynatrace
Dynatrace,industry,AIOps,Dynatrace
Dynatrace,headquartersLocation,Waltham,Dynatrace
Dynatrace,headquartersLocation,Massachusetts,Dynatrace
Dynatrace,country,UnitedStates,Dynatrace
Dynatrace,stockSymbol,DT,Dynatrace
Dynatrace,listedOn,NYSE,Dynatrace
Dynatrace,chiefExecutiveOfficer,RickMcConnell,Dynatrace
Dynatrace,provides,SoftwareIntelligencePlatform,Dynatrace
Dynatrace,provides,FullStackMonitoring,Dynatrace
Dynatrace,provides,ApplicationPerformanceManagement,Dynatrace
Dynatrace,provides,InfrastructureMonitoring,Dynatrace
Dynatrace,provides,RealUserMonitoring,Dynatrace
Dynatrace,provides,CloudMonitoring,Dynatrace
Dynatrace,technology,ArtificialIntelligence,Dynatrace
Dynatrace,technology,Automation,Dynatrace
Dynatrace,technology,MachineLearning,Dynatrace
Dynatrace,product,OneAgent,Dynatrace
Dynatrace,product,DavisAI,Dynatrace
Dynatrace,product,Smartscape,Dynatrace
Dynatrace,foundedYear,1997,Dynatrace
Dynatrace,originCountry,Austria,Dynatrace
Stalag V-A,instanceOf,prisoner-of-war camp,Stalag V-A
Stalag V-A,instanceOf,Stalag,Stalag V-A
Stalag V-A,locatedIn,Ludwigsburg,Stalag V-A
Stalag V-A,locatedIn,Germany,Stalag V-A
Stalag V-A,locatedIn,Baden-Württemberg,Stalag V-A
Stalag V-A,operatedBy,Wehrmacht,Stalag V-A
Stalag V-A,country,Nazi Germany,Stalag V-A
Stalag V-A,during,World War II,Stalag V-A
Stalag V-A,heldPrisonersFrom,France,Stalag V-A
Stalag V-A,heldPrisonersFrom,United Kingdom,Stalag V-A
Stalag V-A,heldPrisonersFrom,Poland,Stalag V-A
Stalag V-A,heldPrisonersFrom,Belgium,Stalag V-A
Stalag V-A,heldPrisonersFrom,Soviet Union,Stalag V-A
Stalag V-A,heldPrisonersFrom,United States,Stalag V-A
Stalag V-A,heldPrisonersFrom,Yugoslavia,Stalag V-A
Stalag V-A,type,Stammlager,Stalag V-A
Stalag V-A,for,enlisted personnel,Stalag V-A
Stalag V-A,had,sub-camps,Stalag V-A
Stalag V-A,alsoKnownAs,Stalag 5A,Stalag V-A
Stalag V-A,liberatedBy,French forces,Stalag V-A
Stalag V-A,liberationYear,1945,Stalag V-A
Spartaco Fontanot,instanceOf,human,Spartaco Fontanot
Spartaco Fontanot,nationality,Italian,Spartaco Fontanot
Spartaco Fontanot,occupation,partisan,Spartaco Fontanot
Spartaco Fontanot,memberOf,French Resistance,Spartaco Fontanot
Spartaco Fontanot,memberOf,FTP-MOI,Spartaco Fontanot
Spartaco Fontanot,dateOfDeath,1944-02-21,Spartaco Fontanot
Spartaco Fontanot,placeOfDeath,Fort Mont-Valérien,Spartaco Fontanot
Spartaco Fontanot,causeOfDeath,execution by firing squad,Spartaco Fontanot
Webtoon (platform),instanceOf,webtoon platform,Webtoon (platform)
Webtoon (platform),instanceOf,online platform,Webtoon (platform)
Webtoon (platform),ownedBy,Naver Corporation,Webtoon (platform)
Webtoon (platform),countryOfOrigin,South Korea,Webtoon (platform)
Webtoon (platform),inception,2003,Webtoon (platform)
Webtoon (platform),globalLaunch,2014,Webtoon (platform)
Webtoon (platform),officialWebsite,webtoons.com,Webtoon (platform)
Webtoon (platform),availableOn,iOS,Webtoon (platform)
Webtoon (platform),availableOn,Android,Webtoon (platform)
Webtoon (platform),availableIn,South Korea,Webtoon (platform)
Webtoon (platform),availableIn,United States,Webtoon (platform)
Webtoon (platform),availableIn,Canada,Webtoon (platform)
Webtoon (platform),availableIn,United Kingdom,Webtoon (platform)
Webtoon (platform),availableIn,France,Webtoon (platform)
Webtoon (platform),availableIn,Germany,Webtoon (platform)
Webtoon (platform),availableIn,Japan,Webtoon (platform)
Webtoon (platform),availableIn,China,Webtoon (platform)
Webtoon (platform),availableIn,Indonesia,Webtoon (platform)
Webtoon (platform),availableIn,Thailand,Webtoon (platform)
Webtoon (platform),availableIn,Spain,Webtoon (platform)
Webtoon (platform),language,Korean,Webtoon (platform)
Webtoon (platform),language,English,Webtoon (platform)
Webtoon (platform),language,Japanese,Webtoon (platform)
Webtoon (platform),language,Chinese,Webtoon (platform)
Webtoon (platform),language,Spanish,Webtoon (platform)
Webtoon (platform),language,French,Webtoon (platform)
Webtoon (platform),language,Indonesian,Webtoon (platform)
Webtoon (platform),language,Thai,Webtoon (platform)
Webtoon (platform),contentType,webtoon,Webtoon (platform)
Webtoon (platform),contentType,digital comic,Webtoon (platform)
Webtoon (platform),businessModel,freemium,Webtoon (platform)
Webtoon (platform),monetizedBy,advertising,Webtoon (platform)
Webtoon (platform),monetizedBy,in-app purchases,Webtoon (platform)
Webtoon (platform),monetizedBy,subscriptions,Webtoon (platform)
Webtoon (platform),notableWork,Tower of God,Webtoon (platform)
Webtoon (platform),notableWork,Solo Leveling,Webtoon (platform)
Webtoon (platform),notableWork,The God of High School,Webtoon (platform)
Webtoon (platform),notableWork,True Beauty,Webtoon (platform)
Webtoon (platform),notableWork,Lore Olympus,Webtoon (platform)
Webtoon (platform),notableWork,unOrdinary,Webtoon (platform)
Webtoon (platform),notableWork,Sweet Home,Webtoon (platform)
Webtoon (platform),notableWork,Who Made Me a Princess,Webtoon (platform)
Webtoon (platform),notableWork,The Beginning After the End,Webtoon (platform)
Webtoon (platform),notableWork,My Dear Cold-Blooded King,Webtoon (platform)
Webtoon (platform),notableWork,Hooky,Webtoon (platform)
Webtoon (platform),notableWork,Cursed Princess Club,Webtoon (platform)
Webtoon (platform),notableWork,Castle Swimmer,Webtoon (platform)
East Nottingham Friends Meetinghouse,instanceOf,Quaker meetinghouse,East Nottingham Friends Meetinghouse
East Nottingham Friends Meetinghouse,instanceOf,historic building,East Nottingham Friends Meetinghouse
East Nottingham Friends Meetinghouse,instanceOf,National Register of Historic Places property,East Nottingham Friends Meetinghouse
East Nottingham Friends Meetinghouse,location,East Nottingham Township,East Nottingham Friends Meetinghouse
East Nottingham Friends Meetinghouse,location,Chester County,East Nottingham Friends Meetinghouse
East Nottingham Friends Meetinghouse,location,Pennsylvania,East Nottingham Friends Meetinghouse
East Nottingham Friends Meetinghouse,location,United States,East Nottingham Friends Meetinghouse
East Nottingham Friends Meetinghouse,religion,Quaker,East Nottingham Friends Meetinghouse
East Nottingham Friends Meetinghouse,alsoKnownAs,Brick Meetinghouse,East Nottingham Friends Meetinghouse
East Nottingham Friends Meetinghouse,yearBuilt,1724,East Nottingham Friends Meetinghouse
East Nottingham Friends Meetinghouse,partOf,Nottingham Monthly Meeting,East Nottingham Friends Meetinghouse
Steven Pressman,instanceOf,Person,Steven Pressman
Steven Pressman,instanceOf,Economist,Steven Pressman
Steven Pressman,hasOccupation,Economist,Steven Pressman
Steven Pressman,hasNationality,American,Steven Pressman
Steven Pressman,authorOf,Fifty Major Economists,Steven Pressman
Steven Pressman,authorOf,Understanding Piketty's Capital in the Twenty-First Century,Steven Pressman
Steven Pressman,authorOf,"The Economics of Poverty, Inequality and Wealth",Steven Pressman
Steven Pressman,fieldOfWork,Post-Keynesian economics,Steven Pressman
Steven Pressman,fieldOfWork,History of economic thought,Steven Pressman
Steven Pressman,affiliatedWith,Monmouth University,Steven Pressman
So Fine (film),instanceOf,Film,So Fine (film)
So Fine (film),director,Andrew Bergman,So Fine (film)
So Fine (film),writer,Andrew Bergman,So Fine (film)
So Fine (film),releaseYear,1981,So Fine (film)
So Fine (film),genre,Comedy,So Fine (film)
So Fine (film),starring,Ryan O'Neal,So Fine (film)
So Fine (film),starring,Jack Warden,So Fine (film)
So Fine (film),starring,Mariangela Melato,So Fine (film)
So Fine (film),starring,Richard Kiel,So Fine (film)
So Fine (film),country,United States,So Fine (film)
So Fine (film),language,English,So Fine (film)
So Fine (film),productionCompany,The Ladd Company,So Fine (film)
So Fine (film),distributedBy,Warner Bros.,So Fine (film)
Replay (Zendaya song),instanceOf,Song,Replay (Zendaya song)
Replay (Zendaya song),performer,Zendaya,Replay (Zendaya song)
Replay (Zendaya song),fromAlbum,Zendaya (album),Replay (Zendaya song)
Replay (Zendaya song),releaseYear,2013,Replay (Zendaya song)
Replay (Zendaya song),genre,Pop,Replay (Zendaya song)
Replay (Zendaya song),genre,Contemporary R&B,Replay (Zendaya song)
Replay (Zendaya song),genre,Electropop,Replay (Zendaya song)
Replay (Zendaya song),recordLabel,Hollywood Records,Replay (Zendaya song)
Replay (Zendaya song),country,United States,Replay (Zendaya song)
Replay (Zendaya song),language,English,Replay (Zendaya song)
BMD-4,instanceOf,Infantry fighting vehicle,BMD-4
BMD-4,countryOfOrigin,Russia,BMD-4
BMD-4,manufacturer,Kurganmashzavod,BMD-4
BMD-4,operator,Russian Airborne Forces,BMD-4
BMD-4,predecessor,BMD-3,BMD-4
BMD-4,armament,2A70 100 mm gun,BMD-4
BMD-4,armament,2A72 30 mm autocannon,BMD-4
BMD-4,armament,PKT 7.62 mm machine gun,BMD-4
BMD-4,hasFeature,Amphibious,BMD-4
BMD-4,hasFeature,Airdroppable,BMD-4
BMD-4,developedBy,Kurganmashzavod,BMD-4
BMD-4,inServiceSince,2004,BMD-4
BMD-4,role,Airborne combat vehicle,BMD-4
BMD-4,type,Tracked armored vehicle,BMD-4
BMD-4,variant,BMD-4M,BMD-4
BMD-4,class,Airborne infantry fighting vehicle,BMD-4
"Nowa Góra, Lesser Poland Voivodeship",instanceOf,village,"Nowa Góra, Lesser Poland Voivodeship"
"Nowa Góra, Lesser Poland Voivodeship",country,Poland,"Nowa Góra, Lesser Poland Voivodeship"
"Nowa Góra, Lesser Poland Voivodeship",locatedIn,Lesser Poland Voivodeship,"Nowa Góra, Lesser Poland Voivodeship"
"Nowa Góra, Lesser Poland Voivodeship",locatedIn,Kraków County,"Nowa Góra, Lesser Poland Voivodeship"
"Nowa Góra, Lesser Poland Voivodeship",partOf,Gmina Krzeszowice,"Nowa Góra, Lesser Poland Voivodeship"
Port of Kherson,instanceOf,Port,Port of Kherson
Port of Kherson,country,Ukraine,Port of Kherson
Port of Kherson,city,Kherson,Port of Kherson
Port of Kherson,locatedOn,Dnieper River,Port of Kherson
Port of Kherson,adjacentTo,Black Sea,Port of Kherson
Port of Kherson,handlesCargo,Grain,Port of Kherson
Port of Kherson,handlesCargo,Metals,Port of Kherson
Port of Kherson,handlesCargo,Coal,Port of Kherson
Port of Kherson,handlesCargo,Ore,Port of Kherson
Port of Kherson,handlesCargo,Fertilizers,Port of Kherson
Port of Kherson,type,River-sea port,Port of Kherson
Port of Kherson,wasOccupiedBy,Russian forces,Port of Kherson
Port of Kherson,occupationStart,March 2022,Port of Kherson
Port of Kherson,liberatedBy,Ukrainian forces,Port of Kherson
Port of Kherson,liberationDate,November 2022,Port of Kherson
Bad Guy (Billie Eilish song),instanceOf,Song,Bad Guy (Billie Eilish song)
Bad Guy (Billie Eilish song),performer,Billie Eilish,Bad Guy (Billie Eilish song)
Bad Guy (Billie Eilish song),album,"When We All Fall Asleep, Where Do We Go?",Bad Guy (Billie Eilish song)
Bad Guy (Billie Eilish song),releaseDate,"March 29, 2019",Bad Guy (Billie Eilish song)
Bad Guy (Billie Eilish song),genre,electropop,Bad Guy (Billie Eilish song)
Bad Guy (Billie Eilish song),genre,dance-pop,Bad Guy (Billie Eilish song)
Bad Guy (Billie Eilish song),genre,pop,Bad Guy (Billie Eilish song)
Bad Guy (Billie Eilish song),writer,Billie Eilish,Bad Guy (Billie Eilish song)
Bad Guy (Billie Eilish song),writer,Finneas O'Connell,Bad Guy (Billie Eilish song)
Bad Guy (Billie Eilish song),producer,Finneas O'Connell,Bad Guy (Billie Eilish song)
Bad Guy (Billie Eilish song),recordLabel,Darkroom,Bad Guy (Billie Eilish song)
Bad Guy (Billie Eilish song),recordLabel,Interscope Records,Bad Guy (Billie Eilish song)
Bad Guy (Billie Eilish song),length,3:14,Bad Guy (Billie Eilish song)
Bad Guy (Billie Eilish song),language,English,Bad Guy (Billie Eilish song)
Bad Guy (Billie Eilish song),country,United States,Bad Guy (Billie Eilish song)
Bad Guy (Billie Eilish song),musicVideoDirector,Dave Meyers,Bad Guy (Billie Eilish song)
Bad Guy (Billie Eilish song),peakChartPosition,1 (Billboard Hot 100),Bad Guy (Billie Eilish song)
Bad Guy (Billie Eilish song),peakChartPosition,1 (UK Singles Chart),Bad Guy (Billie Eilish song)
Bad Guy (Billie Eilish song),peakChartPosition,1 (ARIA Charts),Bad Guy (Billie Eilish song)
Bad Guy (Billie Eilish song),grammyAward,Best Pop Solo Performance,Bad Guy (Billie Eilish song)
Bad Guy (Billie Eilish song),releaseType,Lead single,Bad Guy (Billie Eilish song)
Bad Guy (Billie Eilish song),chartedIn,Canada,Bad Guy (Billie Eilish song)
Bad Guy (Billie Eilish song),chartedIn,Germany,Bad Guy (Billie Eilish song)
Bad Guy (Billie Eilish song),chartedIn,France,Bad Guy (Billie Eilish song)
Bad Guy (Billie Eilish song),chartedIn,New Zealand,Bad Guy (Billie Eilish song)
Bad Guy (Billie Eilish song),chartedIn,Ireland,Bad Guy (Billie Eilish song)
Bad Guy (Billie Eilish song),chartedIn,Netherlands,Bad Guy (Billie Eilish song)
2016 Tajik constitutional referendum,instanceOf,referendum,2016 Tajik constitutional referendum
2016 Tajik constitutional referendum,country,Tajikistan,2016 Tajik constitutional referendum
2016 Tajik constitutional referendum,date,2016-05-22,2016 Tajik constitutional referendum
2016 Tajik constitutional referendum,type,constitutional,2016 Tajik constitutional referendum
2016 Tajik constitutional referendum,amends,Constitution of Tajikistan,2016 Tajik constitutional referendum
2016 Tajik constitutional referendum,amendment,removal of presidential term limits,2016 Tajik constitutional referendum
2016 Tajik constitutional referendum,amendment,lowering minimum presidential candidate age from 35 to 30,2016 Tajik constitutional referendum
2016 Tajik constitutional referendum,amendment,creation of Leader of the Nation status for Emomali Rahmon,2016 Tajik constitutional referendum
2016 Tajik constitutional referendum,amendment,ban on political parties based on religion,2016 Tajik constitutional referendum
2016 Tajik constitutional referendum,outcome,approved,2016 Tajik constitutional referendum
2016 Tajik constitutional referendum,heldBy,Government of Tajikistan,2016 Tajik constitutional referendum
2016 Tajik constitutional referendum,criticism,seen as power consolidation by opposition,2016 Tajik constitutional referendum
2016 Tajik constitutional referendum,enables,Emomali Rahmon indefinite re-election,2016 Tajik constitutional referendum
Booker T (wrestler),instanceOf,Professional wrestler,Booker T (wrestler)
Booker T (wrestler),fullName,Booker Tio Huffman Jr.,Booker T (wrestler)
Booker T (wrestler),dateOfBirth,"March 1, 1965",Booker T (wrestler)
Booker T (wrestler),placeOfBirth,"Houston, Texas, United States",Booker T (wrestler)
Booker T (wrestler),nationality,American,Booker T (wrestler)
Booker T (wrestler),ethnicity,African American,Booker T (wrestler)
Booker T (wrestler),height,6 ft 3 in (191 cm),Booker T (wrestler)
Booker T (wrestler),weight,250 lb (113 kg),Booker T (wrestler)
Booker T (wrestler),spouse,Sharmell Sullivan,Booker T (wrestler)
Booker T (wrestler),sibling,Stevie Ray,Booker T (wrestler)
Booker T (wrestler),memberOf,Harlem Heat,Booker T (wrestler)
Booker T (wrestler),tagTeamPartner,Stevie Ray,Booker T (wrestler)
Booker T (wrestler),wrestledFor,World Championship Wrestling,Booker T (wrestler)
Booker T (wrestler),wrestledFor,World Wrestling Entertainment,Booker T (wrestler)
Booker T (wrestler),wrestledFor,Total Nonstop Action Wrestling,Booker T (wrestler)
Booker T (wrestler),heldTitle,WCW World Heavyweight Championship,Booker T (wrestler)
Booker T (wrestler),heldTitle,WCW World Television Championship,Booker T (wrestler)
Booker T (wrestler),heldTitle,WCW Tag Team Championship,Booker T (wrestler)
Booker T (wrestler),heldTitle,WWE World Heavyweight Championship,Booker T (wrestler)
Booker T (wrestler),heldTitle,TNA Legends Championship,Booker T (wrestler)
Booker T (wrestler),nickname,King Booker,Booker T (wrestler)
Booker T (wrestler),nickname,The Book,Booker T (wrestler)
Booker T (wrestler),finishingMove,Scissors Kick,Booker T (wrestler)
Booker T (wrestler),inductedInto,WWE Hall of Fame,Booker T (wrestler)
Booker T (wrestler),inductionYear,2013,Booker T (wrestler)
Nathan Stewart-Jarrett,instanceOf,Actor,Nathan Stewart-Jarrett
Nathan Stewart-Jarrett,birthDate,1985-12-20,Nathan Stewart-Jarrett
Nathan Stewart-Jarrett,birthPlace,London,Nathan Stewart-Jarrett
Nathan Stewart-Jarrett,nationality,British,Nathan Stewart-Jarrett
Nathan Stewart-Jarrett,gender,Male,Nathan Stewart-Jarrett
Nathan Stewart-Jarrett,occupation,Actor,Nathan Stewart-Jarrett
Nathan Stewart-Jarrett,educatedAt,BRIT School,Nathan Stewart-Jarrett
Nathan Stewart-Jarrett,knownFor,Misfits,Nathan Stewart-Jarrett
Nathan Stewart-Jarrett,knownFor,Candyman,Nathan Stewart-Jarrett
Nathan Stewart-Jarrett,knownFor,The Imitation Game,Nathan Stewart-Jarrett
Nathan Stewart-Jarrett,appearedIn,Misfits,Nathan Stewart-Jarrett
Nathan Stewart-Jarrett,appearedIn,Candyman,Nathan Stewart-Jarrett
Nathan Stewart-Jarrett,appearedIn,The Imitation Game,Nathan Stewart-Jarrett
Nathan Stewart-Jarrett,appearedIn,Utopia,Nathan Stewart-Jarrett
Nathan Stewart-Jarrett,portrayed,Curtis Donovan,Nathan Stewart-Jarrett
Harumafuji Kōhei,instanceOf,sumo wrestler,Harumafuji Kōhei
Harumafuji Kōhei,instanceOf,yokozuna,Harumafuji Kōhei
Harumafuji Kōhei,birthName,Davaajargal Mönkhbat,Harumafuji Kōhei
Harumafuji Kōhei,birthPlace,Ulaanbaatar,Harumafuji Kōhei
Harumafuji Kōhei,birthPlace,Mongolia,Harumafuji Kōhei
Harumafuji Kōhei,birthDate,1984-09-14,Harumafuji Kōhei
Harumafuji Kōhei,nationality,Mongolian,Harumafuji Kōhei
Harumafuji Kōhei,height,1.86 m,Harumafuji Kōhei
Harumafuji Kōhei,heya,Isegahama stable,Harumafuji Kōhei
Harumafuji Kōhei,highestRank,yokozuna,Harumafuji Kōhei
Harumafuji Kōhei,yokozunaPromotion,2009,Harumafuji Kōhei
Harumafuji Kōhei,makuuchiChampionships,9,Harumafuji Kōhei
Harumafuji Kōhei,debut,2001,Harumafuji Kōhei
Harumafuji Kōhei,retirementDate,2017-11,Harumafuji Kōhei
Harumafuji Kōhei,retirementReason,assault incident,Harumafuji Kōhei
Harumafuji Kōhei,assaulted,Takanoiwa,Harumafuji Kōhei
Harumafuji Kōhei,postRetirement,restaurant owner,Harumafuji Kōhei
Harumafuji Kōhei,predecessorAsYokozuna,Asashōryū,Harumafuji Kōhei
Harumafuji Kōhei,successorAsYokozuna,Kakuryū,Harumafuji Kōhei
2018 Hualien earthquake,instanceOf,earthquake,2018 Hualien earthquake
2018 Hualien earthquake,occurredOn,"February 6, 2018",2018 Hualien earthquake
2018 Hualien earthquake,occurredAt,23:50 local time,2018 Hualien earthquake
2018 Hualien earthquake,hasMagnitude,6.4,2018 Hualien earthquake
2018 Hualien earthquake,magnitudeScale,Mw,2018 Hualien earthquake
2018 Hualien earthquake,epicenterNear,Hualien City,2018 Hualien earthquake
2018 Hualien earthquake,location,Taiwan,2018 Hualien earthquake
2018 Hualien earthquake,country,Taiwan,2018 Hualien earthquake
2018 Hualien earthquake,depth,10 km,2018 Hualien earthquake
2018 Hualien earthquake,numberOfDeaths,17,2018 Hualien earthquake
2018 Hualien earthquake,numberOfInjuries,285,2018 Hualien earthquake
2018 Hualien earthquake,causedCollapseOf,Yun Men Tsui Ti building,2018 Hualien earthquake
2018 Hualien earthquake,feltIn,Taipei,2018 Hualien earthquake
2018 Hualien earthquake,faultingType,oblique reverse,2018 Hualien earthquake
2018 Hualien earthquake,affectedRegion,Hualien County,2018 Hualien earthquake
Le Double Amour,instanceOf,Film,Le Double Amour
Le Double Amour,director,Jean Epstein,Le Double Amour
Le Double Amour,releaseYear,1925,Le Double Amour
Le Double Amour,countryOfOrigin,France,Le Double Amour
Le Double Amour,genre,Drama,Le Double Amour
Le Double Amour,isSilent,true,Le Double Amour
USS Chester T. O'Brien,instanceOf,John C. Butler-class destroyer escort,USS Chester T. O'Brien
USS Chester T. O'Brien,instanceOf,destroyer escort,USS Chester T. O'Brien
USS Chester T. O'Brien,operator,United States Navy,USS Chester T. O'Brien
USS Chester T. O'Brien,country,United States,USS Chester T. O'Brien
USS Chester T. O'Brien,namesake,Chester T. O'Brien,USS Chester T. O'Brien
USS Chester T. O'Brien,hullNumber,DE-421,USS Chester T. O'Brien
Gmina Bobowa,instanceOf,Gmina,Gmina Bobowa
Gmina Bobowa,country,Poland,Gmina Bobowa
Gmina Bobowa,locatedIn,Lesser Poland Voivodeship,Gmina Bobowa
Gmina Bobowa,locatedIn,Gorlice County,Gmina Bobowa
Gmina Bobowa,hasSeat,Bobowa,Gmina Bobowa
Gmina Bobowa,administrativeType,rural gmina,Gmina Bobowa
Gmina Bobowa,areaTotal,88.9 km²,Gmina Bobowa
Gmina Bobowa,population,9223,Gmina Bobowa
Gmina Bobowa,populationAsOf,2006,Gmina Bobowa
Gliese 536,instanceOf,star,Gliese 536
Gliese 536,instanceOf,red dwarf,Gliese 536
Gliese 536,constellation,Libra,Gliese 536
Gliese 536,alsoKnownAs,GJ 536,Gliese 536
Gliese 536,spectralType,M1V,Gliese 536
Gliese 536,distance,32.7 light years,Gliese 536
Gliese 536,hasExoplanet,Gliese 536 b,Gliese 536
Gliese 536,exoplanetDiscoveryMethod,radial velocity,Gliese 536
Gliese 536,exoplanetDiscoveryYear,2017,Gliese 536
F.C. De Kampioenen (comic),instanceOf,comic series,F.C. De Kampioenen (comic)
F.C. De Kampioenen (comic),createdBy,Hec Leemans,F.C. De Kampioenen (comic)
F.C. De Kampioenen (comic),countryOfOrigin,Belgium,F.C. De Kampioenen (comic)
F.C. De Kampioenen (comic),language,Dutch,F.C. De Kampioenen (comic)
F.C. De Kampioenen (comic),publisher,Standaard Uitgeverij,F.C. De Kampioenen (comic)
F.C. De Kampioenen (comic),genre,humor,F.C. De Kampioenen (comic)
F.C. De Kampioenen (comic),genre,sports,F.C. De Kampioenen (comic)
F.C. De Kampioenen (comic),adaptedInto,F.C. De Kampioenen (TV series),F.C. De Kampioenen (comic)
Barbarano Mossano,instanceOf,comune,Barbarano Mossano
Barbarano Mossano,locatedIn,Veneto,Barbarano Mossano
Barbarano Mossano,locatedIn,Province of Vicenza,Barbarano Mossano
Barbarano Mossano,locatedIn,Italy,Barbarano Mossano
Barbarano Mossano,inception,2018,Barbarano Mossano
Barbarano Mossano,mergedFrom,Barbarano Vicentino,Barbarano Mossano
Barbarano Mossano,mergedFrom,Mossano,Barbarano Mossano
Leonard Berkowitz,instanceOf,social psychologist,Leonard Berkowitz
Leonard Berkowitz,instanceOf,professor,Leonard Berkowitz
Leonard Berkowitz,instanceOf,author,Leonard Berkowitz
Leonard Berkowitz,birthDate,1926-08-11,Leonard Berkowitz
Leonard Berkowitz,deathDate,2016-01-03,Leonard Berkowitz
Leonard Berkowitz,birthPlace,Brooklyn,Leonard Berkowitz
Leonard Berkowitz,birthPlace,New York City,Leonard Berkowitz
Leonard Berkowitz,nationality,American,Leonard Berkowitz
Leonard Berkowitz,gender,male,Leonard Berkowitz
Leonard Berkowitz,occupation,social psychologist,Leonard Berkowitz
Leonard Berkowitz,employer,University of Wisconsin-Madison,Leonard Berkowitz
Leonard Berkowitz,field,social psychology,Leonard Berkowitz
Leonard Berkowitz,knownFor,research on human aggression,Leonard Berkowitz
Leonard Berkowitz,knownFor,weapons effect,Leonard Berkowitz
Leonard Berkowitz,knownFor,cognitive-neoassociation model,Leonard Berkowitz
Leonard Berkowitz,authorOf,Aggression: A Social Psychological Analysis,Leonard Berkowitz
Leonard Berkowitz,authorOf,"Aggression: Its Causes, Consequences, and Control",Leonard Berkowitz
Herbert Von King Park,instanceOf,Park,Herbert Von King Park
Herbert Von King Park,locatedIn,New York City,Herbert Von King Park
Herbert Von King Park,locatedIn,Brooklyn,Herbert Von King Park
Herbert Von King Park,neighborhood,Bedford-Stuyvesant,Herbert Von King Park
Herbert Von King Park,namedAfter,Herbert Von King,Herbert Von King Park
Herbert Von King Park,managedBy,New York City Department of Parks and Recreation,Herbert Von King Park
Herbert Von King Park,hasAmenity,Playground,Herbert Von King Park
Herbert Von King Park,hasAmenity,Basketball courts,Herbert Von King Park
Herbert Von King Park,hasAmenity,Baseball fields,Herbert Von King Park
Herbert Von King Park,hasAmenity,Recreation center,Herbert Von King Park
Herbert Von King Park,address,"Lafayette Avenue, Brooklyn, NY",Herbert Von King Park
Pluriarc,instanceOf,musical instrument,Pluriarc
Pluriarc,instanceOf,chordophone,Pluriarc
Pluriarc,origin,Central Africa,Pluriarc
Pluriarc,hasFeature,multiple curved necks,Pluriarc
Pluriarc,isPlayedBy,plucking,Pluriarc
Pluriarc,alsoKnownAs,pluriarc lute,Pluriarc
Pluriarc,usedIn,traditional African music,Pluriarc
Alberto Siliotti,instanceOf,Person,Alberto Siliotti
Alberto Siliotti,instanceOf,Egyptologist,Alberto Siliotti
Alberto Siliotti,nationality,Italian,Alberto Siliotti
Alberto Siliotti,occupation,Archaeologist,Alberto Siliotti
Alberto Siliotti,occupation,Author,Alberto Siliotti
Alberto Siliotti,occupation,Photographer,Alberto Siliotti
Alberto Siliotti,field,Egyptology,Alberto Siliotti
Alberto Siliotti,knownFor,Books on ancient Egyptian sites,Alberto Siliotti
Lexia to Perplexia,instanceOf,electronic literature,Lexia to Perplexia
Lexia to Perplexia,createdBy,Talan Memmott,Lexia to Perplexia
Lexia to Perplexia,createdIn,2000,Lexia to Perplexia
Lexia to Perplexia,medium,web-based,Lexia to Perplexia
Lexia to Perplexia,usesTechnology,DHTML,Lexia to Perplexia
Lexia to Perplexia,usesTechnology,JavaScript,Lexia to Perplexia
Lexia to Perplexia,theme,language,Lexia to Perplexia
Lexia to Perplexia,theme,digital identity,Lexia to Perplexia
Lexia to Perplexia,theme,cyborg subjectivity,Lexia to Perplexia
Gran Turismo Sport,instanceOf,video game,Gran Turismo Sport
Gran Turismo Sport,developedBy,Polyphony Digital,Gran Turismo Sport
Gran Turismo Sport,publishedBy,Sony Interactive Entertainment,Gran Turismo Sport
Gran Turismo Sport,platform,PlayStation 4,Gran Turismo Sport
Gran Turismo Sport,releaseDate,2017-10-17,Gran Turismo Sport
Gran Turismo Sport,genre,Racing,Gran Turismo Sport
Gran Turismo Sport,genre,Simulation,Gran Turismo Sport
Gran Turismo Sport,series,Gran Turismo,Gran Turismo Sport
Gran Turismo Sport,director,Kazunori Yamauchi,Gran Turismo Sport
Gran Turismo Sport,countryOfOrigin,Japan,Gran Turismo Sport
Jerome Messam,instanceOf,Person,Jerome Messam
Jerome Messam,instanceOf,Canadian football player,Jerome Messam
Jerome Messam,instanceOf,Running back,Jerome Messam
Jerome Messam,gender,Male,Jerome Messam
Jerome Messam,nationality,Canadian,Jerome Messam
Jerome Messam,birthDate,1985-05-02,Jerome Messam
Jerome Messam,sport,Canadian football,Jerome Messam
Jerome Messam,league,Canadian Football League,Jerome Messam
Jerome Messam,position,Running back,Jerome Messam
Jerome Messam,educatedAt,Graceland University,Jerome Messam
Jerome Messam,playsFor,Calgary Stampeders,Jerome Messam
Jerome Messam,playsFor,Edmonton Eskimos,Jerome Messam
Jerome Messam,playsFor,Saskatchewan Roughriders,Jerome Messam
Jerome Messam,playsFor,BC Lions,Jerome Messam
Jerome Messam,height,6 ft 3 in,Jerome Messam
Jerome Messam,weight,250 lb,Jerome Messam
Jerome Messam,careerStartYear,2009,Jerome Messam
Jerome Messam,achievement,Grey Cup champion,Jerome Messam
Vulcan Centaur,instanceOf,rocket,Vulcan Centaur
Vulcan Centaur,instanceOf,launch vehicle,Vulcan Centaur
Vulcan Centaur,developedBy,United Launch Alliance,Vulcan Centaur
Vulcan Centaur,manufacturer,United Launch Alliance,Vulcan Centaur
Vulcan Centaur,operator,United Launch Alliance,Vulcan Centaur
Vulcan Centaur,firstStage,Vulcan,Vulcan Centaur
Vulcan Centaur,upperStage,Centaur V,Vulcan Centaur
Vulcan Centaur,firstStageEngine,BE-4,Vulcan Centaur
Vulcan Centaur,upperStageEngine,RL10,Vulcan Centaur
Vulcan Centaur,propellant,liquid methane,Vulcan Centaur
Vulcan Centaur,propellant,liquid oxygen,Vulcan Centaur
Vulcan Centaur,propellant,liquid hydrogen,Vulcan Centaur
Vulcan Centaur,countryOfOrigin,United States,Vulcan Centaur
Vulcan Centaur,replaces,Atlas V,Vulcan Centaur
Vulcan Centaur,replaces,Delta IV,Vulcan Centaur
Vulcan Centaur,launchSite,Cape Canaveral Space Force Station,Vulcan Centaur
Vulcan Centaur,launchSite,Vandenberg Space Force Base,Vulcan Centaur
Vulcan Centaur,function,orbital launch,Vulcan Centaur
Vulcan Centaur,type,expendable launch vehicle,Vulcan Centaur
Vulcan Centaur,associatedWith,Blue Origin,Vulcan Centaur
Tigrovaya Balka Nature Reserve,instanceOf,Nature reserve,Tigrovaya Balka Nature Reserve
Tigrovaya Balka Nature Reserve,country,Tajikistan,Tigrovaya Balka Nature Reserve
Tigrovaya Balka Nature Reserve,locatedIn,Khatlon Region,Tigrovaya Balka Nature Reserve
Tigrovaya Balka Nature Reserve,locatedAlong,Vakhsh River,Tigrovaya Balka Nature Reserve
Tigrovaya Balka Nature Reserve,established,1938,Tigrovaya Balka Nature Reserve
Tigrovaya Balka Nature Reserve,protects,Tugai forests,Tigrovaya Balka Nature Reserve
Tigrovaya Balka Nature Reserve,protects,Bukhara deer,Tigrovaya Balka Nature Reserve
Tigrovaya Balka Nature Reserve,protects,Jungle cat,Tigrovaya Balka Nature Reserve
Tigrovaya Balka Nature Reserve,protects,Pheasant,Tigrovaya Balka Nature Reserve
Tigrovaya Balka Nature Reserve,wasLastRefugeOf,Caspian tiger,Tigrovaya Balka Nature Reserve
Tigrovaya Balka Nature Reserve,heritageDesignation,UNESCO World Heritage Site,Tigrovaya Balka Nature Reserve
Giubiasco–Locarno railway,instanceOf,railway line,Giubiasco–Locarno railway
Giubiasco–Locarno railway,country,Switzerland,Giubiasco–Locarno railway
Giubiasco–Locarno railway,locatedIn,Ticino,Giubiasco–Locarno railway
Giubiasco–Locarno railway,connects,Giubiasco,Giubiasco–Locarno railway
Giubiasco–Locarno railway,connects,Locarno,Giubiasco–Locarno railway
Giubiasco–Locarno railway,operator,Swiss Federal Railways,Giubiasco–Locarno railway
Giubiasco–Locarno railway,trackGauge,"1,435 mm",Giubiasco–Locarno railway
Giubiasco–Locarno railway,electrification,15 kV 16.7 Hz AC,Giubiasco–Locarno railway
Giubiasco–Locarno railway,partOf,Gotthard railway,Giubiasco–Locarno railway
Giubiasco–Locarno railway,type,branch line,Giubiasco–Locarno railway
Krzysztof Piątek,instanceOf,human,Krzysztof Piątek
Krzysztof Piątek,instanceOf,association football player,Krzysztof Piątek
Krzysztof Piątek,dateOfBirth,1995-07-01,Krzysztof Piątek
Krzysztof Piątek,placeOfBirth,Dzierżoniów,Krzysztof Piątek
Krzysztof Piątek,countryOfBirth,Poland,Krzysztof Piątek
Krzysztof Piątek,nationality,Poland,Krzysztof Piątek
Krzysztof Piątek,height,1.83 m,Krzysztof Piątek
Krzysztof Piątek,position,striker,Krzysztof Piątek
Krzysztof Piątek,position,forward,Krzysztof Piątek
Krzysztof Piątek,playsFor,Hertha BSC,Krzysztof Piątek
Krzysztof Piątek,playsFor,Poland national football team,Krzysztof Piątek
Krzysztof Piątek,hasPlayedFor,Zagłębie Lubin,Krzysztof Piątek
Krzysztof Piątek,hasPlayedFor,Genoa C.F.C.,Krzysztof Piątek
Krzysztof Piątek,hasPlayedFor,A.C. Milan,Krzysztof Piątek
Krzysztof Piątek,hasPlayedFor,ACF Fiorentina,Krzysztof Piątek
Krzysztof Piątek,hasPlayedFor,U.S. Salernitana 1919,Krzysztof Piątek
Krzysztof Piątek,gender,male,Krzysztof Piątek
Krzysztof Piątek,sport,association football,Krzysztof Piątek
Krzysztof Piątek,givenName,Krzysztof,Krzysztof Piątek
Krzysztof Piątek,familyName,Piątek,Krzysztof Piątek
Moor Bridge tram stop,instanceOf,tram stop,Moor Bridge tram stop
Moor Bridge tram stop,partOf,Nottingham Express Transit,Moor Bridge tram stop
Moor Bridge tram stop,locatedIn,Bulwell,Moor Bridge tram stop
Moor Bridge tram stop,locatedIn,Nottingham,Moor Bridge tram stop
Moor Bridge tram stop,locatedIn,Nottinghamshire,Moor Bridge tram stop
Moor Bridge tram stop,country,United Kingdom,Moor Bridge tram stop
Ramal de Braga,instanceOf,railway line,Ramal de Braga
Ramal de Braga,locatedIn,Portugal,Ramal de Braga
Ramal de Braga,connects,Nine,Ramal de Braga
Ramal de Braga,connects,Braga,Ramal de Braga
Ramal de Braga,partOf,Portuguese railway network,Ramal de Braga
Ramal de Braga,operator,Comboios de Portugal,Ramal de Braga
Canton of Le Diois,instanceOf,Canton,Canton of Le Diois
Canton of Le Diois,country,France,Canton of Le Diois
Canton of Le Diois,locatedIn,Drôme,Canton of Le Diois
Canton of Le Diois,capital,Die,Canton of Le Diois
Canton of Le Diois,locatedIn,Auvergne-Rhône-Alpes,Canton of Le Diois
Canton of Le Diois,partOf,Arrondissement of Die,Canton of Le Diois
Canton of Le Diois,dissolved,2015,Canton of Le Diois
Canton of Le Diois,INSEECode,2609,Canton of Le Diois
Salix pyrenaica,instanceOf,species,Salix pyrenaica
Salix pyrenaica,genus,Salix,Salix pyrenaica
Salix pyrenaica,family,Salicaceae,Salix pyrenaica
Salix pyrenaica,order,Malpighiales,Salix pyrenaica
Salix pyrenaica,class,Magnoliopsida,Salix pyrenaica
Salix pyrenaica,kingdom,Plantae,Salix pyrenaica
Salix pyrenaica,nativeTo,Pyrenees,Salix pyrenaica
Salix pyrenaica,growthForm,shrub,Salix pyrenaica
Salix pyrenaica,leafType,deciduous,Salix pyrenaica
Ali Abbasi (director),instanceOf,film director,Ali Abbasi (director)
Ali Abbasi (director),born,1981,Ali Abbasi (director)
Ali Abbasi (director),placeOfBirth,"Tehran, Iran",Ali Abbasi (director)
Ali Abbasi (director),nationality,Iranian,Ali Abbasi (director)
Ali Abbasi (director),nationality,Swedish,Ali Abbasi (director)
Ali Abbasi (director),educatedAt,National Film School of Denmark,Ali Abbasi (director)
Ali Abbasi (director),directed,Shelley,Ali Abbasi (director)
Ali Abbasi (director),directed,Border,Ali Abbasi (director)
Ali Abbasi (director),directed,Holy Spider,Ali Abbasi (director)
Ali Abbasi (director),occupation,screenwriter,Ali Abbasi (director)
Cap Blanc rock shelter,instanceOf,rock shelter,Cap Blanc rock shelter
Cap Blanc rock shelter,instanceOf,archaeological site,Cap Blanc rock shelter
Cap Blanc rock shelter,locatedIn,Marquay,Cap Blanc rock shelter
Cap Blanc rock shelter,locatedIn,Dordogne,Cap Blanc rock shelter
Cap Blanc rock shelter,locatedIn,France,Cap Blanc rock shelter
Cap Blanc rock shelter,contains,horse frieze,Cap Blanc rock shelter
Cap Blanc rock shelter,culturalAffiliation,Magdalenian,Cap Blanc rock shelter
Cap Blanc rock shelter,timePeriod,Upper Paleolithic,Cap Blanc rock shelter
Cap Blanc rock shelter,isPartOf,Vézère Valley,Cap Blanc rock shelter
Cap Blanc rock shelter,hasDesignation,UNESCO World Heritage Site,Cap Blanc rock shelter
Czech Republic Davis Cup team,instanceOf,Davis Cup national team,Czech Republic Davis Cup team
Czech Republic Davis Cup team,represents,Czech Republic,Czech Republic Davis Cup team
Czech Republic Davis Cup team,competesIn,Davis Cup,Czech Republic Davis Cup team
Czech Republic Davis Cup team,governedBy,Czech Tennis Association,Czech Republic Davis Cup team
Czech Republic Davis Cup team,predecessor,Czechoslovakia Davis Cup team,Czech Republic Davis Cup team
Czech Republic Davis Cup team,hasWon,2012 Davis Cup,Czech Republic Davis Cup team
Czech Republic Davis Cup team,hasWon,2013 Davis Cup,Czech Republic Davis Cup team
Czech Republic Davis Cup team,hasPlayer,Tomáš Berdych,Czech Republic Davis Cup team
Czech Republic Davis Cup team,hasPlayer,Radek Štěpánek,Czech Republic Davis Cup team
Czech Republic Davis Cup team,hasPlayer,Lukáš Rosol,Czech Republic Davis Cup team
Czech Republic Davis Cup team,hasPlayer,Jiří Veselý,Czech Republic Davis Cup team
Czech Republic Davis Cup team,hasPlayer,Jan Hájek,Czech Republic Davis Cup team
Czech Republic Davis Cup team,hasPlayer,Adam Pavlásek,Czech Republic Davis Cup team
Trouble No More (Darden Smith album),instanceOf,Album,Trouble No More (Darden Smith album)
Trouble No More (Darden Smith album),artist,Darden Smith,Trouble No More (Darden Smith album)
Trouble No More (Darden Smith album),releaseYear,1990,Trouble No More (Darden Smith album)
Trouble No More (Darden Smith album),genre,Country,Trouble No More (Darden Smith album)
Trouble No More (Darden Smith album),genre,Folk,Trouble No More (Darden Smith album)
Flute Concerto No. 1 (Jolivet),instanceOf,musical composition,Flute Concerto No. 1 (Jolivet)
Flute Concerto No. 1 (Jolivet),instanceOf,concerto,Flute Concerto No. 1 (Jolivet)
Flute Concerto No. 1 (Jolivet),composer,André Jolivet,Flute Concerto No. 1 (Jolivet)
Flute Concerto No. 1 (Jolivet),compositionYear,1949,Flute Concerto No. 1 (Jolivet)
Flute Concerto No. 1 (Jolivet),originalTitle,Concerto pour flûte et orchestre,Flute Concerto No. 1 (Jolivet)
Flute Concerto No. 1 (Jolivet),soloInstrument,flute,Flute Concerto No. 1 (Jolivet)
Flute Concerto No. 1 (Jolivet),accompaniment,orchestra,Flute Concerto No. 1 (Jolivet)
Flute Concerto No. 1 (Jolivet),genre,classical music,Flute Concerto No. 1 (Jolivet)
Flute Concerto No. 1 (Jolivet),period,20th century,Flute Concerto No. 1 (Jolivet)
Flute Concerto No. 1 (Jolivet),countryOfOrigin,France,Flute Concerto No. 1 (Jolivet)
Flute Concerto No. 1 (Jolivet),premierePerformer,Jean-Pierre Rampal,Flute Concerto No. 1 (Jolivet)
Flute Concerto No. 1 (Jolivet),premiereYear,1950,Flute Concerto No. 1 (Jolivet)
Flute Concerto No. 1 (Jolivet),hasMovement,Andante,Flute Concerto No. 1 (Jolivet)
Flute Concerto No. 1 (Jolivet),hasMovement,Allegro scherzando,Flute Concerto No. 1 (Jolivet)
Flute Concerto No. 1 (Jolivet),hasMovement,Largo,Flute Concerto No. 1 (Jolivet)
Flute Concerto No. 1 (Jolivet),alsoKnownAs,Flute Concerto (Jolivet),Flute Concerto No. 1 (Jolivet)
"Ann, Lady Fanshawe",instanceOf,Person,"Ann, Lady Fanshawe"
"Ann, Lady Fanshawe",birthDate,1625-03-25,"Ann, Lady Fanshawe"
"Ann, Lady Fanshawe",deathDate,1680-01-20,"Ann, Lady Fanshawe"
"Ann, Lady Fanshawe",birthPlace,London,"Ann, Lady Fanshawe"
"Ann, Lady Fanshawe",deathPlace,Ware,"Ann, Lady Fanshawe"
"Ann, Lady Fanshawe",nationality,English,"Ann, Lady Fanshawe"
"Ann, Lady Fanshawe",spouse,Richard Fanshawe,"Ann, Lady Fanshawe"
"Ann, Lady Fanshawe",father,John Harrison,"Ann, Lady Fanshawe"
"Ann, Lady Fanshawe",occupation,Writer,"Ann, Lady Fanshawe"
"Ann, Lady Fanshawe",notableWork,Memoirs of Lady Fanshawe,"Ann, Lady Fanshawe"
"Ann, Lady Fanshawe",gender,Female,"Ann, Lady Fanshawe"
2011 European Wrestling Championships,instanceOf,Wrestling tournament,2011 European Wrestling Championships
2011 European Wrestling Championships,location,Dortmund,2011 European Wrestling Championships
2011 European Wrestling Championships,country,Germany,2011 European Wrestling Championships
2011 European Wrestling Championships,startDate,2011-03-29,2011 European Wrestling Championships
2011 European Wrestling Championships,endDate,2011-04-03,2011 European Wrestling Championships
2011 European Wrestling Championships,editionOf,European Wrestling Championships,2011 European Wrestling Championships
2011 European Wrestling Championships,discipline,Freestyle wrestling,2011 European Wrestling Championships
2011 European Wrestling Championships,discipline,Greco-Roman wrestling,2011 European Wrestling Championships
2011 European Wrestling Championships,discipline,Women's freestyle wrestling,2011 European Wrestling Championships
2011 European Wrestling Championships,governingBody,FILA,2011 European Wrestling Championships
2024 United States Senate election in Florida,instanceOf,United States Senate election,2024 United States Senate election in Florida
2024 United States Senate election in Florida,heldIn,Florida,2024 United States Senate election in Florida
2024 United States Senate election in Florida,country,United States,2024 United States Senate election in Florida
2024 United States Senate election in Florida,date,"November 5, 2024",2024 United States Senate election in Florida
2024 United States Senate election in Florida,type,general election,2024 United States Senate election in Florida
2024 United States Senate election in Florida,incumbent,Rick Scott,2024 United States Senate election in Florida
2024 United States Senate election in Florida,incumbentParty,Republican Party,2024 United States Senate election in Florida
2024 United States Senate election in Florida,candidate,Rick Scott,2024 United States Senate election in Florida
2024 United States Senate election in Florida,candidate,Debbie Mucarsel-Powell,2024 United States Senate election in Florida
2024 United States Senate election in Florida,partOf,2024 United States elections,2024 United States Senate election in Florida
2024 United States Senate election in Florida,partOf,2024 United States Senate elections,2024 United States Senate election in Florida
2024 United States Senate election in Florida,senateClass,Class I,2024 United States Senate election in Florida
2024 United States Senate election in Florida,office,United States Senator from Florida,2024 United States Senate election in Florida
2024 United States Senate election in Florida,previousElection,2018 United States Senate election in Florida,2024 United States Senate election in Florida
2024 United States Senate election in Florida,nextElection,2030 United States Senate election in Florida,2024 United States Senate election in Florida
2024 United States Senate election in Florida,termLength,6 years,2024 United States Senate election in Florida
2024 United States Senate election in Florida,electionMethod,popular vote,2024 United States Senate election in Florida
German submarine U-106 (1940),instanceOf,Type IXB U-boat,German submarine U-106 (1940)
German submarine U-106 (1940),operator,Kriegsmarine,German submarine U-106 (1940)
German submarine U-106 (1940),country,Nazi Germany,German submarine U-106 (1940)
German submarine U-106 (1940),shipyard,AG Weser,German submarine U-106 (1940)
German submarine U-106 (1940),laidDown,26 November 1939,German submarine U-106 (1940)
German submarine U-106 (1940),launched,17 June 1940,German submarine U-106 (1940)
German submarine U-106 (1940),commissioned,24 September 1940,German submarine U-106 (1940)
German submarine U-106 (1940),partOf,2nd U-boat Flotilla,German submarine U-106 (1940)
German submarine U-106 (1940),sunk,2 August 1941,German submarine U-106 (1940)
German submarine U-106 (1940),sunkBy,British and Australian aircraft,German submarine U-106 (1940)
German submarine U-106 (1940),commander,Jürgen Oesten,German submarine U-106 (1940)
German submarine U-106 (1940),commander,Hermann Rasch,German submarine U-106 (1940)
German submarine U-106 (1940),participatedIn,Battle of the Atlantic,German submarine U-106 (1940)
British Rail Class 505,instanceOf,Electric multiple unit,British Rail Class 505
British Rail Class 505,buildYear,1931,British Rail Class 505
British Rail Class 505,manufacturer,Metropolitan-Cammell,British Rail Class 505
British Rail Class 505,manufacturer,Birmingham Railway Carriage and Wagon Company,British Rail Class 505
British Rail Class 505,designedFor,Manchester South Junction and Altrincham Railway,British Rail Class 505
British Rail Class 505,electrificationSystem,1500 V DC overhead,British Rail Class 505
British Rail Class 505,withdrawalYear,1971,British Rail Class 505
British Rail Class 505,operator,British Rail,British Rail Class 505
British Rail Class 505,trackGauge,1435 mm,British Rail Class 505
British Rail Class 505,powerType,Electric,British Rail Class 505
British Rail Class 505,numberBuilt,22,British Rail Class 505
British Rail Class 505,configuration,2-car,British Rail Class 505
Creed II,instanceOf,Film,Creed II
Creed II,directedBy,Steven Caple Jr.,Creed II
Creed II,writtenBy,Juel Taylor,Creed II
Creed II,writtenBy,Sylvester Stallone,Creed II
Creed II,storyBy,Cheo Hodari Coker,Creed II
Creed II,starring,Michael B. Jordan,Creed II
Creed II,starring,Sylvester Stallone,Creed II
Creed II,starring,Tessa Thompson,Creed II
Creed II,starring,Wood Harris,Creed II
Creed II,starring,Russell Hornsby,Creed II
Creed II,starring,Phylicia Rashad,Creed II
Creed II,starring,Dolph Lundgren,Creed II
Creed II,starring,Florian Munteanu,Creed II
Creed II,starring,Andre Ward,Creed II
Creed II,starring,Brigitte Nielsen,Creed II
Creed II,producedBy,Sylvester Stallone,Creed II
Creed II,producedBy,Irwin Winkler,Creed II
Creed II,producedBy,Kevin King Templeton,Creed II
Creed II,musicBy,Ludwig Göransson,Creed II
Creed II,cinematographyBy,Kramer Morgenthau,Creed II
Creed II,editedBy,Saira Haider,Creed II
Creed II,releaseYear,2018,Creed II
Creed II,releaseDate,2018-11-21,Creed II
Creed II,countryOfOrigin,United States,Creed II
Creed II,originalLanguage,English,Creed II
Creed II,genre,Drama,Creed II
Creed II,genre,Sports,Creed II
Creed II,sequelTo,Creed,Creed II
Creed II,partOfSeries,Rocky,Creed II
Creed II,productionCompany,Metro-Goldwyn-Mayer,Creed II
Creed II,productionCompany,New Line Cinema,Creed II
Creed II,distributedBy,Warner Bros. Pictures,Creed II
Creed II,runtime,130 minutes,Creed II
Creed II,budget,$50 million,Creed II
Creed II,boxOffice,$137 million,Creed II
United Nations Security Council Resolution 1428,instanceOf,United Nations Security Council Resolution,United Nations Security Council Resolution 1428
United Nations Security Council Resolution 1428,number,1428,United Nations Security Council Resolution 1428
United Nations Security Council Resolution 1428,adoptedOn,30 July 2002,United Nations Security Council Resolution 1428
United Nations Security Council Resolution 1428,concerns,Situation between Ethiopia and Eritrea,United Nations Security Council Resolution 1428
United Nations Security Council Resolution 1428,extends,United Nations Mission in Ethiopia and Eritrea,United Nations Security Council Resolution 1428
United Nations Security Council Resolution 1428,extensionDuration,six months,United Nations Security Council Resolution 1428
United Nations Security Council Resolution 1428,adoptedBy,United Nations Security Council,United Nations Security Council Resolution 1428
United Nations Security Council Resolution 1428,reaffirms,Resolution 1398,United Nations Security Council Resolution 1428
Hovea montana,instanceOf,species,Hovea montana
Hovea montana,genus,Hovea,Hovea montana
Hovea montana,family,Fabaceae,Hovea montana
Hovea montana,order,Fabales,Hovea montana
Hovea montana,class,Magnoliopsida,Hovea montana
Hovea montana,kingdom,Plantae,Hovea montana
Hovea montana,commonName,mountain hovea,Hovea montana
Hovea montana,commonName,alpine hovea,Hovea montana
Hovea montana,nativeTo,Australia,Hovea montana
Hovea montana,endemicTo,south-eastern Australia,Hovea montana
Hovea montana,growthHabit,shrub,Hovea montana
Hovea montana,habitat,alpine regions,Hovea montana
Hovea montana,habitat,subalpine woodlands,Hovea montana
Hovea montana,flowerColor,purple,Hovea montana
Hovea montana,flowerColor,blue,Hovea montana
Derozio Memorial College,instanceOf,College,Derozio Memorial College
Derozio Memorial College,locatedIn,Rajarhat,Derozio Memorial College
Derozio Memorial College,locatedIn,Kolkata,Derozio Memorial College
Derozio Memorial College,locatedIn,North 24 Parganas,Derozio Memorial College
Derozio Memorial College,locatedIn,West Bengal,Derozio Memorial College
Derozio Memorial College,locatedIn,India,Derozio Memorial College
Derozio Memorial College,establishedIn,1996,Derozio Memorial College
Derozio Memorial College,affiliatedWith,West Bengal State University,Derozio Memorial College
Derozio Memorial College,namedAfter,Henry Louis Vivian Derozio,Derozio Memorial College
Trinity Jo-Li Bliss,instanceOf,human,Trinity Jo-Li Bliss
Trinity Jo-Li Bliss,occupation,actress,Trinity Jo-Li Bliss
Trinity Jo-Li Bliss,dateOfBirth,2009-05-26,Trinity Jo-Li Bliss
Trinity Jo-Li Bliss,nationality,American,Trinity Jo-Li Bliss
Trinity Jo-Li Bliss,gender,female,Trinity Jo-Li Bliss
Trinity Jo-Li Bliss,knownFor,Avatar: The Way of Water,Trinity Jo-Li Bliss
Trinity Jo-Li Bliss,portrayed,Tuk,Trinity Jo-Li Bliss
HDMS Peder Skram (1864),instanceOf,frigate,HDMS Peder Skram (1864)
HDMS Peder Skram (1864),country,Denmark,HDMS Peder Skram (1864)
HDMS Peder Skram (1864),launchYear,1864,HDMS Peder Skram (1864)
HDMS Peder Skram (1864),namesake,Peder Skram,HDMS Peder Skram (1864)
HDMS Peder Skram (1864),operator,Royal Danish Navy,HDMS Peder Skram (1864)
HDMS Peder Skram (1864),type,armored steam frigate,HDMS Peder Skram (1864)
Leverkusen Mitte station,instanceOf,railway station,Leverkusen Mitte station
Leverkusen Mitte station,locatedIn,Leverkusen,Leverkusen Mitte station
Leverkusen Mitte station,locatedIn,North Rhine-Westphalia,Leverkusen Mitte station
Leverkusen Mitte station,locatedIn,Germany,Leverkusen Mitte station
Leverkusen Mitte station,operator,Deutsche Bahn,Leverkusen Mitte station
Leverkusen Mitte station,partOf,Cologne–Duisburg railway,Leverkusen Mitte station
Leverkusen Mitte station,servedBy,S6,Leverkusen Mitte station
Leverkusen Mitte station,servedBy,RE 5,Leverkusen Mitte station
1892 United States presidential election in New York,instanceOf,United States presidential election,1892 United States presidential election in New York
1892 United States presidential election in New York,partOf,1892 United States presidential election,1892 United States presidential election in New York
1892 United States presidential election in New York,location,New York,1892 United States presidential election in New York
1892 United States presidential election in New York,date,1892-11-08,1892 United States presidential election in New York
1892 United States presidential election in New York,winner,Grover Cleveland,1892 United States presidential election in New York
1892 United States presidential election in New York,winningParty,Democratic Party,1892 United States presidential election in New York
1892 United States presidential election in New York,candidate,Grover Cleveland,1892 United States presidential election in New York
1892 United States presidential election in New York,candidate,Benjamin Harrison,1892 United States presidential election in New York
1892 United States presidential election in New York,candidate,James B. Weaver,1892 United States presidential election in New York
"3,4-Dihydroxybenzaldehyde",instanceOf,chemical compound,"3,4-Dihydroxybenzaldehyde"
"3,4-Dihydroxybenzaldehyde",chemicalFormula,C7H6O3,"3,4-Dihydroxybenzaldehyde"
"3,4-Dihydroxybenzaldehyde",alternativeName,protocatechualdehyde,"3,4-Dihydroxybenzaldehyde"
"3,4-Dihydroxybenzaldehyde",alternativeName,protocatechuic aldehyde,"3,4-Dihydroxybenzaldehyde"
"3,4-Dihydroxybenzaldehyde",IUPACName,"3,4-dihydroxybenzaldehyde","3,4-Dihydroxybenzaldehyde"
"3,4-Dihydroxybenzaldehyde",CASNumber,139-85-5,"3,4-Dihydroxybenzaldehyde"
"3,4-Dihydroxybenzaldehyde",hasFunctionalGroup,aldehyde,"3,4-Dihydroxybenzaldehyde"
"3,4-Dihydroxybenzaldehyde",hasFunctionalGroup,phenol,"3,4-Dihydroxybenzaldehyde"
"3,4-Dihydroxybenzaldehyde",isDerivativeOf,benzaldehyde,"3,4-Dihydroxybenzaldehyde"
"3,4-Dihydroxybenzaldehyde",occursNaturallyIn,plants,"3,4-Dihydroxybenzaldehyde"
"3,4-Dihydroxybenzaldehyde",hasBiologicalActivity,antioxidant,"3,4-Dihydroxybenzaldehyde"
Butralin,instanceOf,herbicide,Butralin
Butralin,instanceOf,dinitroaniline,Butralin
Butralin,chemicalFormula,C14H21N3O4,Butralin
Butralin,IUPACName,"N-butan-2-yl-4-tert-butyl-2,6-dinitroaniline",Butralin
Butralin,CASNumber,33629-47-9,Butralin
Butralin,usedAs,pre-emergent herbicide,Butralin
Butralin,usedFor,weed control in crops,Butralin
Butralin,appliedTo,tobacco,Butralin
Butralin,appliedTo,cotton,Butralin
Butralin,appliedTo,soybeans,Butralin
Butralin,modeOfAction,inhibits microtubule assembly,Butralin
Butralin,tradeName,Amex,Butralin
NGC 7812,instanceOf,spiral galaxy,NGC 7812
NGC 7812,constellation,Sculptor,NGC 7812
NGC 7812,discoveredBy,John Herschel,NGC 7812
NGC 7812,discoveryDate,1834-09-25,NGC 7812
NGC 7812,catalog,New General Catalogue,NGC 7812
Microsoft Band 2,instanceOf,fitness tracker,Microsoft Band 2
Microsoft Band 2,manufacturer,Microsoft,Microsoft Band 2
Microsoft Band 2,predecessor,Microsoft Band,Microsoft Band 2
Microsoft Band 2,releaseDate,2015,Microsoft Band 2
Microsoft Band 2,compatibleWith,Windows 10 Mobile,Microsoft Band 2
Microsoft Band 2,compatibleWith,Android,Microsoft Band 2
Microsoft Band 2,compatibleWith,iOS,Microsoft Band 2
Microsoft Band 2,hasFeature,heart rate monitoring,Microsoft Band 2
Microsoft Band 2,hasFeature,built-in GPS,Microsoft Band 2
Microsoft Band 2,hasFeature,accelerometer,Microsoft Band 2
Microsoft Band 2,hasFeature,gyroscope,Microsoft Band 2
Microsoft Band 2,hasFeature,barometer,Microsoft Band 2
Microsoft Band 2,hasFeature,UV sensor,Microsoft Band 2
Microsoft Band 2,hasFeature,skin temperature sensor,Microsoft Band 2
Microsoft Band 2,hasFeature,capacitive touch display,Microsoft Band 2
Microsoft Band 2,display,curved OLED,Microsoft Band 2
Microsoft Band 2,batteryLife,up to 48 hours,Microsoft Band 2
Microsoft Band 2,waterResistance,IP67,Microsoft Band 2
Microsoft Band 2,monitors,steps,Microsoft Band 2
Microsoft Band 2,monitors,calories burned,Microsoft Band 2
Microsoft Band 2,monitors,sleep quality,Microsoft Band 2
Microsoft Band 2,monitors,workouts,Microsoft Band 2
Microsoft Band 2,supports,notifications,Microsoft Band 2
Microsoft Band 2,supports,Cortana,Microsoft Band 2
Microsoft Band 2,partOfSeries,Microsoft Band,Microsoft Band 2
Forrest N. Iandola,instanceOf,Person,Forrest N. Iandola
Forrest N. Iandola,occupation,Computer scientist,Forrest N. Iandola
Forrest N. Iandola,knownFor,SqueezeNet,Forrest N. Iandola
Forrest N. Iandola,affiliation,"University of California, Berkeley",Forrest N. Iandola
Forrest N. Iandola,field,Deep learning,Forrest N. Iandola
Forrest N. Iandola,field,Computer vision,Forrest N. Iandola
Portsmouth Historic Dockyard,instanceOf,historic dockyard,Portsmouth Historic Dockyard
Portsmouth Historic Dockyard,instanceOf,tourist attraction,Portsmouth Historic Dockyard
Portsmouth Historic Dockyard,instanceOf,museum,Portsmouth Historic Dockyard
Portsmouth Historic Dockyard,locatedIn,Portsmouth,Portsmouth Historic Dockyard
Portsmouth Historic Dockyard,locatedIn,Hampshire,Portsmouth Historic Dockyard
Portsmouth Historic Dockyard,locatedIn,England,Portsmouth Historic Dockyard
Portsmouth Historic Dockyard,locatedIn,United Kingdom,Portsmouth Historic Dockyard
Portsmouth Historic Dockyard,contains,HMS Victory,Portsmouth Historic Dockyard
Portsmouth Historic Dockyard,contains,HMS Warrior,Portsmouth Historic Dockyard
Portsmouth Historic Dockyard,contains,Mary Rose,Portsmouth Historic Dockyard
Portsmouth Historic Dockyard,contains,HMS M33,Portsmouth Historic Dockyard
Portsmouth Historic Dockyard,contains,Boathouse 4,Portsmouth Historic Dockyard
Portsmouth Historic Dockyard,operatedBy,National Museum of the Royal Navy,Portsmouth Historic Dockyard
Portsmouth Historic Dockyard,partOf,HM Naval Base Portsmouth,Portsmouth Historic Dockyard
Portsmouth Historic Dockyard,includes,Mary Rose Museum,Portsmouth Historic Dockyard
Portsmouth Historic Dockyard,includes,Action Stations,Portsmouth Historic Dockyard
Portsmouth Historic Dockyard,near,Portsmouth Harbour,Portsmouth Historic Dockyard
Canton of Nomeny,instanceOf,former canton of France,Canton of Nomeny
Canton of Nomeny,country,France,Canton of Nomeny
Canton of Nomeny,located in,Meurthe-et-Moselle,Canton of Nomeny
Canton of Nomeny,capital,Nomeny,Canton of Nomeny
Canton of Nomeny,abolished,2015,Canton of Nomeny
Canton of Nomeny,located in,Lorraine,Canton of Nomeny
Canton of Nomeny,located in,Grand Est,Canton of Nomeny
Zhongyuan Bank,instanceOf,Commercial bank,Zhongyuan Bank
Zhongyuan Bank,country,China,Zhongyuan Bank
Zhongyuan Bank,headquartersCity,Zhengzhou,Zhongyuan Bank
Zhongyuan Bank,headquartersProvince,Henan,Zhongyuan Bank
Zhongyuan Bank,foundedIn,2014,Zhongyuan Bank
Zhongyuan Bank,fullName,"Zhongyuan Bank Co., Ltd.",Zhongyuan Bank
Zhongyuan Bank,listedOn,Hong Kong Stock Exchange,Zhongyuan Bank
Zhongyuan Bank,tickerSymbol,1216.HK,Zhongyuan Bank
Zhongyuan Bank,industry,Banking,Zhongyuan Bank
Zhongyuan Bank,type,Joint-stock commercial bank,Zhongyuan Bank
Zhongyuan Bank,establishedBy,Merger of 13 city commercial banks,Zhongyuan Bank
Zhongyuan Bank,operatesIn,Henan Province,Zhongyuan Bank
Zhongyuan Bank,legalForm,Joint stock limited company,Zhongyuan Bank
Cilejit railway station,instanceOf,railway station,Cilejit railway station
Cilejit railway station,country,Indonesia,Cilejit railway station
Cilejit railway station,locatedIn,West Java,Cilejit railway station
Cilejit railway station,locatedIn,Bogor Regency,Cilejit railway station
Cilejit railway station,operator,PT Kereta Api Indonesia,Cilejit railway station
Cilejit railway station,partOf,KRL Commuterline,Cilejit railway station
"Hôtel de Ville, Angers",instanceOf,town hall,"Hôtel de Ville, Angers"
"Hôtel de Ville, Angers",locatedIn,Angers,"Hôtel de Ville, Angers"
"Hôtel de Ville, Angers",country,France,"Hôtel de Ville, Angers"
"Hôtel de Ville, Angers",region,Pays de la Loire,"Hôtel de Ville, Angers"
"Hôtel de Ville, Angers",department,Maine-et-Loire,"Hôtel de Ville, Angers"
"Hôtel de Ville, Angers",cityHallOf,Angers,"Hôtel de Ville, Angers"
Israel Abanikanda,instanceOf,American football player,Israel Abanikanda
Israel Abanikanda,position,running back,Israel Abanikanda
Israel Abanikanda,currentTeam,New York Jets,Israel Abanikanda
Israel Abanikanda,collegeTeam,Pittsburgh Panthers,Israel Abanikanda
Israel Abanikanda,draftYear,2023,Israel Abanikanda
Israel Abanikanda,draftRound,fifth,Israel Abanikanda
Israel Abanikanda,draftedBy,New York Jets,Israel Abanikanda
Israel Abanikanda,birthYear,2002,Israel Abanikanda
Israel Abanikanda,birthPlace,"Brooklyn, New York",Israel Abanikanda
Israel Abanikanda,nationality,United States,Israel Abanikanda
Israel Abanikanda,highSchool,Abraham Lincoln High School,Israel Abanikanda
Israel Abanikanda,playedCollegeFootballAt,University of Pittsburgh,Israel Abanikanda
Mikhail Pashnin,instanceOf,human,Mikhail Pashnin
Mikhail Pashnin,instanceOf,ice hockey player,Mikhail Pashnin
Mikhail Pashnin,dateOfBirth,1989-05-11,Mikhail Pashnin
Mikhail Pashnin,placeOfBirth,Chelyabinsk,Mikhail Pashnin
Mikhail Pashnin,nationality,Russia,Mikhail Pashnin
Mikhail Pashnin,position,defenceman,Mikhail Pashnin
Mikhail Pashnin,sport,ice hockey,Mikhail Pashnin
Mikhail Pashnin,gender,male,Mikhail Pashnin
Mikhail Pashnin,draftedBy,New York Rangers,Mikhail Pashnin
Mikhail Pashnin,draftYear,2009,Mikhail Pashnin
Mikhail Pashnin,draftRound,7,Mikhail Pashnin
Mikhail Pashnin,draftPick,188,Mikhail Pashnin
Mikhail Pashnin,league,Kontinental Hockey League,Mikhail Pashnin
Ignacy Tłoczyński,instanceOf,TennisPlayer,Ignacy Tłoczyński
Ignacy Tłoczyński,nationality,Polish,Ignacy Tłoczyński
Ignacy Tłoczyński,birthDate,24 July 1911,Ignacy Tłoczyński
Ignacy Tłoczyński,deathDate,25 December 2000,Ignacy Tłoczyński
Ignacy Tłoczyński,birthPlace,Poznań,Ignacy Tłoczyński
Ignacy Tłoczyński,occupation,tennis player,Ignacy Tłoczyński
Ignacy Tłoczyński,competedIn,Davis Cup,Ignacy Tłoczyński
Ignacy Tłoczyński,competedIn,Wimbledon Championships,Ignacy Tłoczyński
Ignacy Tłoczyński,country,Poland,Ignacy Tłoczyński
Ignacy Tłoczyński,sport,tennis,Ignacy Tłoczyński
Lemon (1969 film),instanceOf,Film,Lemon (1969 film)
Lemon (1969 film),directedBy,Hollis Frampton,Lemon (1969 film)
Lemon (1969 film),releaseYear,1969,Lemon (1969 film)
Lemon (1969 film),countryOfOrigin,United States,Lemon (1969 film)
Lemon (1969 film),genre,Experimental film,Lemon (1969 film)
Lemon (1969 film),format,Short film,Lemon (1969 film)
Lemon (1969 film),runtime,7.5 minutes,Lemon (1969 film)
Eristalini,instanceOf,Tribe,Eristalini
Eristalini,parentTaxon,Eristalinae,Eristalini
Eristalini,family,Syrphidae,Eristalini
Eristalini,order,Diptera,Eristalini
Eristalini,class,Insecta,Eristalini
Eristalini,phylum,Arthropoda,Eristalini
Eristalini,kingdom,Animalia,Eristalini
Eristalini,includesGenus,Eristalis,Eristalini
Eristalini,includesGenus,Eristalinus,Eristalini
Eristalini,includesGenus,Palpada,Eristalini
Eristalini,larvalForm,rat-tailed maggot,Eristalini
Eristalini,habitat,aquatic,Eristalini
Eristalini,ecologicalRole,pollinator,Eristalini
Eristalini,mimicry,bee mimic,Eristalini
Horsburgh Castle,instanceOf,Castle,Horsburgh Castle
Horsburgh Castle,instanceOf,Tower house,Horsburgh Castle
Horsburgh Castle,isLocatedIn,Scotland,Horsburgh Castle
Horsburgh Castle,isLocatedIn,Scottish Borders,Horsburgh Castle
Horsburgh Castle,isLocatedIn,Peeblesshire,Horsburgh Castle
Horsburgh Castle,locatedNear,Peebles,Horsburgh Castle
Horsburgh Castle,wasBuiltIn,16th century,Horsburgh Castle
Horsburgh Castle,hasStatus,ruined,Horsburgh Castle
Horsburgh Castle,associatedWith,Horsburgh family,Horsburgh Castle
USS W. S. Sims,instanceOf,Knox-class frigate,USS W. S. Sims
USS W. S. Sims,instanceOf,frigate,USS W. S. Sims
USS W. S. Sims,instanceOf,naval ship,USS W. S. Sims
USS W. S. Sims,operator,United States Navy,USS W. S. Sims
USS W. S. Sims,country,United States,USS W. S. Sims
USS W. S. Sims,namedAfter,William Sowden Sims,USS W. S. Sims
USS W. S. Sims,pennantNumber,FF-1059,USS W. S. Sims
USS W. S. Sims,shipClass,Knox class,USS W. S. Sims
USS W. S. Sims,originalClassification,destroyer escort,USS W. S. Sims
USS W. S. Sims,hullNumber,1059,USS W. S. Sims
USS W. S. Sims,builder,Avondale Shipyard,USS W. S. Sims
USS W. S. Sims,laidDownYear,1967,USS W. S. Sims
USS W. S. Sims,launchedYear,1969,USS W. S. Sims
USS W. S. Sims,commissionedYear,1970,USS W. S. Sims
USS W. S. Sims,decommissionedYear,1991,USS W. S. Sims
The Three Witches,instanceOf,Fictional characters,The Three Witches
The Three Witches,appearsIn,Macbeth,The Three Witches
The Three Witches,createdBy,William Shakespeare,The Three Witches
The Three Witches,alsoKnownAs,The Weird Sisters,The Three Witches
The Three Witches,meets,Macbeth,The Three Witches
The Three Witches,meets,Banquo,The Three Witches
The Three Witches,prophesiesTo,Macbeth,The Three Witches
The Three Witches,prophesiesTo,Banquo,The Three Witches
The Three Witches,utters,"Fair is foul, and foul is fair",The Three Witches
The Three Witches,utters,Double double toil and trouble,The Three Witches
The Three Witches,uses,Cauldron,The Three Witches
The Three Witches,hasFamiliar,Graymalkin,The Three Witches
The Three Witches,hasFamiliar,Paddock,The Three Witches
The Three Witches,appearsIn,Act 1 Scene 1,The Three Witches
The Three Witches,appearsIn,Act 1 Scene 3,The Three Witches
The Three Witches,appearsIn,Act 3 Scene 5,The Three Witches
The Three Witches,appearsIn,Act 4 Scene 1,The Three Witches
The Three Witches,influences,Macbeth,The Three Witches
The Three Witches,symbolizes,Supernatural forces,The Three Witches
The Three Witches,isSummonedBy,Hecate,The Three Witches
Double Concerto (Lutosławski),instanceOf,musical composition,Double Concerto (Lutosławski)
Double Concerto (Lutosławski),instanceOf,concerto,Double Concerto (Lutosławski)
Double Concerto (Lutosławski),composer,Witold Lutosławski,Double Concerto (Lutosławski)
Double Concerto (Lutosławski),composedYear,1980,Double Concerto (Lutosławski)
Double Concerto (Lutosławski),instrument,oboe,Double Concerto (Lutosławski)
Double Concerto (Lutosławski),instrument,harp,Double Concerto (Lutosławski)
Double Concerto (Lutosławski),instrument,chamber orchestra,Double Concerto (Lutosławski)
Double Concerto (Lutosławski),commissionedBy,Paul Sacher,Double Concerto (Lutosławski)
Double Concerto (Lutosławski),writtenFor,Heinz Holliger,Double Concerto (Lutosławski)
Double Concerto (Lutosławski),writtenFor,Ursula Holliger,Double Concerto (Lutosławski)
Double Concerto (Lutosławski),premiereDate,21 August 1980,Double Concerto (Lutosławski)
Double Concerto (Lutosławski),premiereLocation,Lucerne,Double Concerto (Lutosławski)
Double Concerto (Lutosławski),premiereLocation,Switzerland,Double Concerto (Lutosławski)
Double Concerto (Lutosławski),premiereSoloist,Heinz Holliger,Double Concerto (Lutosławski)
Double Concerto (Lutosławski),premiereSoloist,Ursula Holliger,Double Concerto (Lutosławski)
Double Concerto (Lutosławski),premiereConductor,Paul Sacher,Double Concerto (Lutosławski)
Double Concerto (Lutosławski),genre,contemporary classical music,Double Concerto (Lutosławski)
Double Concerto (Lutosławski),duration,approximately 20 minutes,Double Concerto (Lutosławski)
RAF Montford Bridge,instanceOf,airfield,RAF Montford Bridge
RAF Montford Bridge,instanceOf,Royal Air Force station,RAF Montford Bridge
RAF Montford Bridge,country,United Kingdom,RAF Montford Bridge
RAF Montford Bridge,county,Shropshire,RAF Montford Bridge
RAF Montford Bridge,near,Shrewsbury,RAF Montford Bridge
RAF Montford Bridge,operator,Royal Air Force,RAF Montford Bridge
RAF Montford Bridge,conflict,World War II,RAF Montford Bridge
RAF Montford Bridge,opened,1942,RAF Montford Bridge
RAF Montford Bridge,closed,1945,RAF Montford Bridge
RAF Montford Bridge,role,training airfield,RAF Montford Bridge
RAF Montford Bridge,satelliteOf,RAF Shawbury,RAF Montford Bridge
RAF Montford Bridge,unit,No. 11 (Pilots) Advanced Flying Unit,RAF Montford Bridge
Hideaway (1937 film),instanceOf,film,Hideaway (1937 film)
Hideaway (1937 film),releaseYear,1937,Hideaway (1937 film)
Hideaway (1937 film),countryOfOrigin,United States,Hideaway (1937 film)
Hideaway (1937 film),language,English,Hideaway (1937 film)
Hideaway (1937 film),director,Richard Rosson,Hideaway (1937 film)
Hideaway (1937 film),productionCompany,RKO Pictures,Hideaway (1937 film)
Hideaway (1937 film),distributedBy,RKO Pictures,Hideaway (1937 film)
Hideaway (1937 film),genre,comedy,Hideaway (1937 film)
Hideaway (1937 film),starring,Fred Stone,Hideaway (1937 film)
Hideaway (1937 film),starring,Marjorie Main,Hideaway (1937 film)
Hideaway (1937 film),color,black and white,Hideaway (1937 film)
MV American Courage,instanceOf,Lake freighter,MV American Courage
MV American Courage,operatesOn,Great Lakes,MV American Courage
MV American Courage,ownedBy,American Steamship Company,MV American Courage
MV American Courage,type,Self-unloading bulk carrier,MV American Courage
MV American Courage,flag,United States,MV American Courage
Audio Publishers Association,instanceOf,Trade association,Audio Publishers Association
Audio Publishers Association,abbreviation,APA,Audio Publishers Association
Audio Publishers Association,foundedIn,1986,Audio Publishers Association
Audio Publishers Association,country,United States,Audio Publishers Association
Audio Publishers Association,promotes,Audiobooks,Audio Publishers Association
Audio Publishers Association,organizes,Audie Awards,Audio Publishers Association
Audio Publishers Association,represents,Audiobook publishers,Audio Publishers Association
Audio Publishers Association,focus,Audiobook industry,Audio Publishers Association
Audio Publishers Association,type,Nonprofit organization,Audio Publishers Association
Audio Publishers Association,website,audiopub.org,Audio Publishers Association
Every Ocean Hughes,instanceOf,artist,Every Ocean Hughes
Every Ocean Hughes,instanceOf,performer,Every Ocean Hughes
Every Ocean Hughes,instanceOf,writer,Every Ocean Hughes
Every Ocean Hughes,formerName,Emily Roysdon,Every Ocean Hughes
Every Ocean Hughes,nationality,American,Every Ocean Hughes
Every Ocean Hughes,residesIn,New York,Every Ocean Hughes
Every Ocean Hughes,residesIn,Stockholm,Every Ocean Hughes
Every Ocean Hughes,pronouns,they/them,Every Ocean Hughes
Trustfall (song),instanceOf,Song,Trustfall (song)
Trustfall (song),artist,Pink,Trustfall (song)
Trustfall (song),album,Trustfall,Trustfall (song)
Trustfall (song),released,2023,Trustfall (song)
Trustfall (song),genre,Pop,Trustfall (song)
Trustfall (song),writer,Pink,Trustfall (song)
Trustfall (song),writer,Fred Again,Trustfall (song)
Trustfall (song),writer,Johnny McDaid,Trustfall (song)
Trustfall (song),producer,Fred Again,Trustfall (song)
Trustfall (song),producer,Johnny McDaid,Trustfall (song)
Trustfall (song),label,RCA Records,Trustfall (song)
Trustfall (song),language,English,Trustfall (song)
Trustfall (song),leadSingleFrom,Trustfall,Trustfall (song)
"Rodrigo de Sousa Coutinho, 1st Count of Linhares",instanceOf,human,"Rodrigo de Sousa Coutinho, 1st Count of Linhares"
"Rodrigo de Sousa Coutinho, 1st Count of Linhares",instanceOf,nobleman,"Rodrigo de Sousa Coutinho, 1st Count of Linhares"
"Rodrigo de Sousa Coutinho, 1st Count of Linhares",instanceOf,diplomat,"Rodrigo de Sousa Coutinho, 1st Count of Linhares"
"Rodrigo de Sousa Coutinho, 1st Count of Linhares",instanceOf,politician,"Rodrigo de Sousa Coutinho, 1st Count of Linhares"
"Rodrigo de Sousa Coutinho, 1st Count of Linhares",nationality,Portuguese,"Rodrigo de Sousa Coutinho, 1st Count of Linhares"
"Rodrigo de Sousa Coutinho, 1st Count of Linhares",dateOfBirth,4 May 1755,"Rodrigo de Sousa Coutinho, 1st Count of Linhares"
"Rodrigo de Sousa Coutinho, 1st Count of Linhares",placeOfBirth,"Lisbon, Portugal","Rodrigo de Sousa Coutinho, 1st Count of Linhares"
"Rodrigo de Sousa Coutinho, 1st Count of Linhares",dateOfDeath,26 January 1812,"Rodrigo de Sousa Coutinho, 1st Count of Linhares"
"Rodrigo de Sousa Coutinho, 1st Count of Linhares",placeOfDeath,"Rio de Janeiro, Brazil","Rodrigo de Sousa Coutinho, 1st Count of Linhares"
"Rodrigo de Sousa Coutinho, 1st Count of Linhares",title,1st Count of Linhares,"Rodrigo de Sousa Coutinho, 1st Count of Linhares"
"Rodrigo de Sousa Coutinho, 1st Count of Linhares",titleCreated,1808,"Rodrigo de Sousa Coutinho, 1st Count of Linhares"
"Rodrigo de Sousa Coutinho, 1st Count of Linhares",occupation,ambassador,"Rodrigo de Sousa Coutinho, 1st Count of Linhares"
"Rodrigo de Sousa Coutinho, 1st Count of Linhares",occupation,Secretary of State,"Rodrigo de Sousa Coutinho, 1st Count of Linhares"
"Rodrigo de Sousa Coutinho, 1st Count of Linhares",servedAs,ambassador to Turin,"Rodrigo de Sousa Coutinho, 1st Count of Linhares"
"Rodrigo de Sousa Coutinho, 1st Count of Linhares",servedAs,Minister of War and Foreign Affairs,"Rodrigo de Sousa Coutinho, 1st Count of Linhares"
"Rodrigo de Sousa Coutinho, 1st Count of Linhares",keyRole,transfer of Portuguese court to Brazil,"Rodrigo de Sousa Coutinho, 1st Count of Linhares"
" Rodrigo de Sousa Coutinho, 1st Count of Linhares",era,Napoleonic Wars,"Rodrigo de Sousa Coutinho, 1st Count of Linhares"
"Rodrigo de Sousa Coutinho, 1st Count of Linhares",affiliation,Portuguese royal court,"Rodrigo de Sousa Coutinho, 1st Count of Linhares"
Hirudinaria (annelid),instanceOf,Genus,Hirudinaria (annelid)
Hirudinaria (annelid),kingdom,Animalia,Hirudinaria (annelid)
Hirudinaria (annelid),phylum,Annelida,Hirudinaria (annelid)
Hirudinaria (annelid),class,Clitellata,Hirudinaria (annelid)
Hirudinaria (annelid),order,Arhynchobdellida,Hirudinaria (annelid)
Hirudinaria (annelid),family,Hirudinidae,Hirudinaria (annelid)
Hirudinaria (annelid),habitat,freshwater,Hirudinaria (annelid)
Hirudinaria (annelid),diet,blood,Hirudinaria (annelid)
Hirudinaria (annelid),isA,leech,Hirudinaria (annelid)
Hirudinaria (annelid),hasCommonName,Indian cattle leech,Hirudinaria (annelid)
Huepetuche District,instanceOf,District,Huepetuche District
Huepetuche District,country,Peru,Huepetuche District
Huepetuche District,locatedIn,Huancavelica Region,Huepetuche District
Huepetuche District,locatedIn,Tayacaja Province,Huepetuche District
Huepetuche District,capital,Huepetuche,Huepetuche District
Huepetuche District,partOf,Peru,Huepetuche District
Huepetuche District,locatedIn,South America,Huepetuche District
Dmitry Petrovich Dokhturov,instanceOf,person,Dmitry Petrovich Dokhturov
Dmitry Petrovich Dokhturov,occupation,general,Dmitry Petrovich Dokhturov
Dmitry Petrovich Dokhturov,nationality,Russian,Dmitry Petrovich Dokhturov
Dmitry Petrovich Dokhturov,allegiance,Russian Empire,Dmitry Petrovich Dokhturov
Dmitry Petrovich Dokhturov,rank,General of the Infantry,Dmitry Petrovich Dokhturov
Dmitry Petrovich Dokhturov,participatedIn,Patriotic War of 1812,Dmitry Petrovich Dokhturov
Dmitry Petrovich Dokhturov,participatedIn,Battle of Borodino,Dmitry Petrovich Dokhturov
Dmitry Petrovich Dokhturov,participatedIn,Battle of Smolensk,Dmitry Petrovich Dokhturov
Dmitry Petrovich Dokhturov,participatedIn,Battle of Maloyaroslavets,Dmitry Petrovich Dokhturov
Dmitry Petrovich Dokhturov,participatedIn,Napoleonic Wars,Dmitry Petrovich Dokhturov
Dmitry Petrovich Dokhturov,commanded,6th Infantry Corps,Dmitry Petrovich Dokhturov
Dmitry Petrovich Dokhturov,familyName,Dokhturov,Dmitry Petrovich Dokhturov
Dmitry Petrovich Dokhturov,givenName,Dmitry,Dmitry Petrovich Dokhturov
Dmitry Petrovich Dokhturov,patronymicName,Petrovich,Dmitry Petrovich Dokhturov
United States Department of Justice Criminal Division,instanceOf,United States federal agency,United States Department of Justice Criminal Division
United States Department of Justice Criminal Division,partOf,United States Department of Justice,United States Department of Justice Criminal Division
United States Department of Justice Criminal Division,locatedIn,"Washington, D.C.",United States Department of Justice Criminal Division
United States Department of Justice Criminal Division,hasJurisdiction,United States federal criminal law,United States Department of Justice Criminal Division
United States Department of Justice Criminal Division,ledByTitle,Assistant Attorney General,United States Department of Justice Criminal Division
United States Department of Justice Criminal Division,hasSection,Fraud Section,United States Department of Justice Criminal Division
United States Department of Justice Criminal Division,hasSection,Public Integrity Section,United States Department of Justice Criminal Division
United States Department of Justice Criminal Division,hasSection,Organized Crime and Gang Section,United States Department of Justice Criminal Division
United States Department of Justice Criminal Division,hasSection,Appellate Section,United States Department of Justice Criminal Division
United States Department of Justice Criminal Division,hasSection,Capital Case Section,United States Department of Justice Criminal Division
United States Department of Justice Criminal Division,hasSection,Child Exploitation and Obscenity Section,United States Department of Justice Criminal Division
United States Department of Justice Criminal Division,hasSection,Counterintelligence and Export Control Section,United States Department of Justice Criminal Division
United States Department of Justice Criminal Division,hasSection,Human Rights and Special Prosecutions Section,United States Department of Justice Criminal Division
United States Department of Justice Criminal Division,hasSection,Money Laundering and Asset Recovery Section,United States Department of Justice Criminal Division
United States Department of Justice Criminal Division,hasSection,Narcotic and Dangerous Drug Section,United States Department of Justice Criminal Division
United States Department of Justice Criminal Division,hasSection,Strategy Section,United States Department of Justice Criminal Division
Robbie Ryan (cinematographer),instanceOf,Cinematographer,Robbie Ryan (cinematographer)
Robbie Ryan (cinematographer),nationality,Irish,Robbie Ryan (cinematographer)
Robbie Ryan (cinematographer),birthYear,1970,Robbie Ryan (cinematographer)
Robbie Ryan (cinematographer),collaboratedWith,Andrea Arnold,Robbie Ryan (cinematographer)
Robbie Ryan (cinematographer),collaboratedWith,Yorgos Lanthimos,Robbie Ryan (cinematographer)
Robbie Ryan (cinematographer),collaboratedWith,Ken Loach,Robbie Ryan (cinematographer)
Robbie Ryan (cinematographer),workedOn,Red Road,Robbie Ryan (cinematographer)
Robbie Ryan (cinematographer),workedOn,Fish Tank,Robbie Ryan (cinematographer)
Robbie Ryan (cinematographer),workedOn,Wuthering Heights,Robbie Ryan (cinematographer)
Robbie Ryan (cinematographer),workedOn,American Honey,Robbie Ryan (cinematographer)
Robbie Ryan (cinematographer),workedOn,The Favourite,Robbie Ryan (cinematographer)
Robbie Ryan (cinematographer),workedOn,Poor Things,Robbie Ryan (cinematographer)
Robbie Ryan (cinematographer),workedOn,Kinds of Kindness,Robbie Ryan (cinematographer)
Robbie Ryan (cinematographer),workedOn,Bird,Robbie Ryan (cinematographer)
Robbie Ryan (cinematographer),workedOn,The Angels' Share,Robbie Ryan (cinematographer)
Robbie Ryan (cinematographer),workedOn,"I, Daniel Blake",Robbie Ryan (cinematographer)
Robbie Ryan (cinematographer),workedOn,Sorry We Missed You,Robbie Ryan (cinematographer)
Robbie Ryan (cinematographer),nominatedFor,Academy Award for Best Cinematography for The Favourite,Robbie Ryan (cinematographer)
Robbie Ryan (cinematographer),nominatedFor,Academy Award for Best Cinematography for Poor Things,Robbie Ryan (cinematographer)
Starsector,instanceOf,video game,Starsector
Starsector,developedBy,Fractal Softworks,Starsector
Starsector,publishedBy,Fractal Softworks,Starsector
Starsector,genre,space simulation,Starsector
Starsector,genre,role-playing game,Starsector
Starsector,genre,real-time strategy,Starsector
Starsector,genre,indie game,Starsector
Starsector,platform,Microsoft Windows,Starsector
Starsector,platform,macOS,Starsector
Starsector,platform,Linux,Starsector
Starsector,writtenIn,Java,Starsector
Starsector,gameplayFeature,fleet management,Starsector
Starsector,gameplayFeature,space combat,Starsector
Starsector,gameplayFeature,trading,Starsector
Starsector,gameplayFeature,exploration,Starsector
Starsector,gameplayFeature,piracy,Starsector
Starsector,gameplayFeature,faction warfare,Starsector
Starsector,setting,science fiction,Starsector
Starsector,perspective,top-down 2D,Starsector
Starsector,combatType,real-time with pause,Starsector
Starsector,supports,modding,Starsector
Starsector,availableOn,official website,Starsector
Starsector,featuresFaction,Hegemony,Starsector
Starsector,featuresFaction,Tri-Tachyon,Starsector
Starsector,featuresFaction,Persean League,Starsector
Starsector,featuresFaction,Luddic Church,Starsector
Starsector,featuresFaction,Sindrian Diktat,Starsector
Starsector,featuresFaction,Luddic Path,Starsector
Starsector,featuresFaction,Independent,Starsector
Starsector,releaseStatus,early access,Starsector
Starsector,initialReleaseYear,2011,Starsector
Starsector,originalName,Starfarer,Starsector
Starsector,leadDeveloper,Alex,Starsector
Roman amphitheatre of Italica,instanceOf,Roman amphitheatre,Roman amphitheatre of Italica
Roman amphitheatre of Italica,instanceOf,amphitheatre,Roman amphitheatre of Italica
Roman amphitheatre of Italica,locatedIn,Santiponce,Roman amphitheatre of Italica
Roman amphitheatre of Italica,locatedIn,Seville Province,Roman amphitheatre of Italica
Roman amphitheatre of Italica,locatedIn,Andalusia,Roman amphitheatre of Italica
Roman amphitheatre of Italica,locatedIn,Spain,Roman amphitheatre of Italica
Roman amphitheatre of Italica,partOf,Italica,Roman amphitheatre of Italica
Roman amphitheatre of Italica,partOf,Archaeological Ensemble of Italica,Roman amphitheatre of Italica
Roman amphitheatre of Italica,builtDuring,2nd century AD,Roman amphitheatre of Italica
Roman amphitheatre of Italica,builtDuringReignOf,Hadrian,Roman amphitheatre of Italica
Roman amphitheatre of Italica,seatingCapacity,25000,Roman amphitheatre of Italica
Roman amphitheatre of Italica,rank,third-largest Roman amphitheatre,Roman amphitheatre of Italica
Roman amphitheatre of Italica,usedFor,gladiatorial contests,Roman amphitheatre of Italica
Roman amphitheatre of Italica,usedFor,venationes,Roman amphitheatre of Italica
Roman amphitheatre of Italica,hasFeature,arena,Roman amphitheatre of Italica
Roman amphitheatre of Italica,hasFeature,hypogeum,Roman amphitheatre of Italica
Roman amphitheatre of Italica,hasFeature,vomitoria,Roman amphitheatre of Italica
Roman amphitheatre of Italica,material,stone,Roman amphitheatre of Italica
Roman amphitheatre of Italica,material,concrete,Roman amphitheatre of Italica
Roman amphitheatre of Italica,near,Seville,Roman amphitheatre of Italica
Roman amphitheatre of Italica,country,Spain,Roman amphitheatre of Italica
Roman amphitheatre of Italica,continent,Europe,Roman amphitheatre of Italica
Roman amphitheatre of Italica,heritageStatus,archaeological site,Roman amphitheatre of Italica
Roman amphitheatre of Italica,managedBy,Junta de Andalucia,Roman amphitheatre of Italica
Tamil Times,instanceOf,magazine,Tamil Times
Tamil Times,country,United Kingdom,Tamil Times
Tamil Times,placeOfPublication,London,Tamil Times
Tamil Times,language,English,Tamil Times
Tamil Times,frequency,monthly,Tamil Times
Tamil Times,topic,Tamil people,Tamil Times
Tamil Times,topic,Sri Lanka,Tamil Times
Tamil Times,topic,Sri Lankan civil war,Tamil Times
Lesser prairie-chicken,instanceOf,bird species,Lesser prairie-chicken
Lesser prairie-chicken,scientificName,Tympanuchus pallidicinctus,Lesser prairie-chicken
Lesser prairie-chicken,genus,Tympanuchus,Lesser prairie-chicken
Lesser prairie-chicken,family,Phasianidae,Lesser prairie-chicken
Lesser prairie-chicken,order,Galliformes,Lesser prairie-chicken
Lesser prairie-chicken,class,Aves,Lesser prairie-chicken
Lesser prairie-chicken,nativeTo,United States,Lesser prairie-chicken
Lesser prairie-chicken,nativeTo,Kansas,Lesser prairie-chicken
Lesser prairie-chicken,nativeTo,Oklahoma,Lesser prairie-chicken
Lesser prairie-chicken,nativeTo,Texas,Lesser prairie-chicken
Lesser prairie-chicken,nativeTo,New Mexico,Lesser prairie-chicken
Lesser prairie-chicken,nativeTo,Colorado,Lesser prairie-chicken
Lesser prairie-chicken,habitat,shortgrass prairie,Lesser prairie-chicken
Lesser prairie-chicken,habitat,sand sagebrush prairie,Lesser prairie-chicken
Lesser prairie-chicken,conservationStatus,threatened,Lesser prairie-chicken
Lesser prairie-chicken,diet,seeds,Lesser prairie-chicken
Lesser prairie-chicken,diet,insects,Lesser prairie-chicken
Lesser prairie-chicken,diet,leaves,Lesser prairie-chicken
Lesser prairie-chicken,diet,berries,Lesser prairie-chicken
Lesser prairie-chicken,length,38-41 cm,Lesser prairie-chicken
Lesser prairie-chicken,weight,500-900 g,Lesser prairie-chicken
Lesser prairie-chicken,relatedTo,Greater prairie-chicken,Lesser prairie-chicken
Lesser prairie-chicken,hasFeature,lekking behavior,Lesser prairie-chicken
Lesser prairie-chicken,hasFeature,inflatable air sacs,Lesser prairie-chicken
Lesser prairie-chicken,hasFeature,booming call,Lesser prairie-chicken
Lesser prairie-chicken,threatenedBy,habitat loss,Lesser prairie-chicken
Lesser prairie-chicken,threatenedBy,overgrazing,Lesser prairie-chicken
Lesser prairie-chicken,threatenedBy,climate change,Lesser prairie-chicken
Lesser prairie-chicken,populationTrend,declining,Lesser prairie-chicken
Acta Zoologica Cracoviensia,instanceOf,scientific journal,Acta Zoologica Cracoviensia
Acta Zoologica Cracoviensia,publishedBy,Polish Academy of Sciences,Acta Zoologica Cracoviensia
Acta Zoologica Cracoviensia,publishedBy,Institute of Systematics and Evolution of Animals,Acta Zoologica Cracoviensia
Acta Zoologica Cracoviensia,locatedIn,Kraków,Acta Zoologica Cracoviensia
Acta Zoologica Cracoviensia,country,Poland,Acta Zoologica Cracoviensia
Acta Zoologica Cracoviensia,focusesOn,zoology,Acta Zoologica Cracoviensia
Acta Zoologica Cracoviensia,focusesOn,animal systematics,Acta Zoologica Cracoviensia
Peking University First Hospital,instanceOf,Hospital,Peking University First Hospital
Peking University First Hospital,locatedIn,Beijing,Peking University First Hospital
Peking University First Hospital,country,China,Peking University First Hospital
Peking University First Hospital,affiliatedWith,Peking University,Peking University First Hospital
Peking University First Hospital,establishedIn,1915,Peking University First Hospital
Peking University First Hospital,alsoKnownAs,Beijing First Hospital,Peking University First Hospital
Peking University First Hospital,alsoKnownAs,PKU First Hospital,Peking University First Hospital
Peking University First Hospital,type,Teaching hospital,Peking University First Hospital
Peking University First Hospital,category,General hospital,Peking University First Hospital
Peking University First Hospital,level,Tertiary A,Peking University First Hospital
Peking University First Hospital,partOf,Peking University Health Science Center,Peking University First Hospital
Peking University First Hospital,city,Beijing,Peking University First Hospital
Peking University First Hospital,hasSpecialty,Urology,Peking University First Hospital
Peking University First Hospital,hasSpecialty,Cardiology,Peking University First Hospital
Peking University First Hospital,hasSpecialty,Internal Medicine,Peking University First Hospital
Peking University First Hospital,hasSpecialty,Surgery,Peking University First Hospital
Peking University First Hospital,hasSpecialty,Neurology,Peking University First Hospital
Peking University First Hospital,hasSpecialty,Oncology,Peking University First Hospital
Peking University First Hospital,hasSpecialty,Pediatrics,Peking University First Hospital
Peking University First Hospital,hasSpecialty,Obstetrics and Gynecology,Peking University First Hospital
Peking University First Hospital,hasSpecialty,Ophthalmology,Peking University First Hospital
Peking University First Hospital,hasSpecialty,Dermatology,Peking University First Hospital
Vipera berus sachalinensis,instanceOf,subspecies,Vipera berus sachalinensis
Vipera berus sachalinensis,subspeciesOf,Vipera berus,Vipera berus sachalinensis
Vipera berus sachalinensis,taxonomicRank,subspecies,Vipera berus sachalinensis
Vipera berus sachalinensis,kingdom,Animalia,Vipera berus sachalinensis
Vipera berus sachalinensis,phylum,Chordata,Vipera berus sachalinensis
Vipera berus sachalinensis,class,Reptilia,Vipera berus sachalinensis
Vipera berus sachalinensis,order,Squamata,Vipera berus sachalinensis
Vipera berus sachalinensis,family,Viperidae,Vipera berus sachalinensis
Vipera berus sachalinensis,genus,Vipera,Vipera berus sachalinensis
Vipera berus sachalinensis,species,Vipera berus,Vipera berus sachalinensis
Vipera berus sachalinensis,isVenomous,true,Vipera berus sachalinensis
Vipera berus sachalinensis,geographicDistribution,Sakhalin Island,Vipera berus sachalinensis
Vipera berus sachalinensis,geographicDistribution,Russian Far East,Vipera berus sachalinensis
Marcell Ateman,instanceOf,American football player,Marcell Ateman
Marcell Ateman,position,wide receiver,Marcell Ateman
Marcell Ateman,birthDate,1994-09-16,Marcell Ateman
Marcell Ateman,birthPlace,"Dallas, Texas",Marcell Ateman
Marcell Ateman,college,Oklahoma State University,Marcell Ateman
Marcell Ateman,draftedBy,Oakland Raiders,Marcell Ateman
Marcell Ateman,draftYear,2018,Marcell Ateman
Marcell Ateman,draftRound,7,Marcell Ateman
Marcell Ateman,draftPick,228,Marcell Ateman
Marcell Ateman,height,6 ft 4 in,Marcell Ateman
Marcell Ateman,weight,216 lb,Marcell Ateman
Marcell Ateman,nationality,American,Marcell Ateman
Marcell Ateman,playedFor,Oakland Raiders,Marcell Ateman
Marcell Ateman,sport,American football,Marcell Ateman
NGC 4999,instanceOf,Galaxy,NGC 4999
NGC 4999,constellation,Virgo,NGC 4999
NGC 4999,discoveredBy,William Herschel,NGC 4999
NGC 4999,catalogue,New General Catalogue,NGC 4999
Brown-snouted blind snake,instanceOf,reptile,Brown-snouted blind snake
Brown-snouted blind snake,instanceOf,snake,Brown-snouted blind snake
Brown-snouted blind snake,family,Typhlopidae,Brown-snouted blind snake
Brown-snouted blind snake,scientificName,Anilios wiedii,Brown-snouted blind snake
Brown-snouted blind snake,habitat,underground,Brown-snouted blind snake
Brown-snouted blind snake,habitat,soil,Brown-snouted blind snake
Brown-snouted blind snake,diet,ants,Brown-snouted blind snake
Brown-snouted blind snake,diet,termites,Brown-snouted blind snake
Brown-snouted blind snake,characteristic,reduced eyes,Brown-snouted blind snake
Brown-snouted blind snake,characteristic,brown snout,Brown-snouted blind snake
Brown-snouted blind snake,isVenomous,false,Brown-snouted blind snake
Brown-snouted blind snake,distribution,Australia,Brown-snouted blind snake
Brown-snouted blind snake,order,Squamata,Brown-snouted blind snake
Brown-snouted blind snake,class,Reptilia,Brown-snouted blind snake
2012 OFC Nations Cup final,instanceOf,Association football match,2012 OFC Nations Cup final
2012 OFC Nations Cup final,partOf,2012 OFC Nations Cup,2012 OFC Nations Cup final
2012 OFC Nations Cup final,date,10 June 2012,2012 OFC Nations Cup final
2012 OFC Nations Cup final,venue,Lawson Tama Stadium,2012 OFC Nations Cup final
2012 OFC Nations Cup final,location,Honiara,2012 OFC Nations Cup final
2012 OFC Nations Cup final,location,Solomon Islands,2012 OFC Nations Cup final
2012 OFC Nations Cup final,participant,Tahiti national football team,2012 OFC Nations Cup final
2012 OFC Nations Cup final,participant,New Caledonia national football team,2012 OFC Nations Cup final
2012 OFC Nations Cup final,score,1-0,2012 OFC Nations Cup final
2012 OFC Nations Cup final,winner,Tahiti national football team,2012 OFC Nations Cup final
2012 OFC Nations Cup final,goalScorer,Lorenzo Tehau,2012 OFC Nations Cup final
2012 OFC Nations Cup final,result,Tahiti won the 2012 OFC Nations Cup,2012 OFC Nations Cup final
2012 OFC Nations Cup final,qualification,Tahiti qualified for 2013 FIFA Confederations Cup,2012 OFC Nations Cup final
Never Worn White,instanceOf,Song,Never Worn White
Never Worn White,performedBy,Katy Perry,Never Worn White
Never Worn White,releaseDate,2020-03-05,Never Worn White
Never Worn White,genre,Pop,Never Worn White
Never Worn White,genre,Ballad,Never Worn White
Never Worn White,instanceOf,Single,Never Worn White
Never Worn White,writtenBy,Katy Perry,Never Worn White
Never Worn White,isAbout,Pregnancy,Never Worn White
Australia at the 2018 Winter Olympics,instanceOf,Olympic delegation,Australia at the 2018 Winter Olympics
Australia at the 2018 Winter Olympics,country,Australia,Australia at the 2018 Winter Olympics
Australia at the 2018 Winter Olympics,olympicGames,2018 Winter Olympics,Australia at the 2018 Winter Olympics
Australia at the 2018 Winter Olympics,hostCity,Pyeongchang,Australia at the 2018 Winter Olympics
Australia at the 2018 Winter Olympics,hostCountry,South Korea,Australia at the 2018 Winter Olympics
Australia at the 2018 Winter Olympics,startDate,9 February 2018,Australia at the 2018 Winter Olympics
Australia at the 2018 Winter Olympics,endDate,25 February 2018,Australia at the 2018 Winter Olympics
Australia at the 2018 Winter Olympics,numberOfAthletes,51,Australia at the 2018 Winter Olympics
Australia at the 2018 Winter Olympics,numberOfSports,10,Australia at the 2018 Winter Olympics
Australia at the 2018 Winter Olympics,competedIn,Alpine skiing,Australia at the 2018 Winter Olympics
Australia at the 2018 Winter Olympics,competedIn,Bobsleigh,Australia at the 2018 Winter Olympics
Australia at the 2018 Winter Olympics,competedIn,Cross-country skiing,Australia at the 2018 Winter Olympics
Australia at the 2018 Winter Olympics,competedIn,Curling,Australia at the 2018 Winter Olympics
Australia at the 2018 Winter Olympics,competedIn,Figure skating,Australia at the 2018 Winter Olympics
Australia at the 2018 Winter Olympics,competedIn,Freestyle skiing,Australia at the 2018 Winter Olympics
Australia at the 2018 Winter Olympics,competedIn,Short track speed skating,Australia at the 2018 Winter Olympics
Australia at the 2018 Winter Olympics,competedIn,Skeleton,Australia at the 2018 Winter Olympics
Australia at the 2018 Winter Olympics,competedIn,Snowboarding,Australia at the 2018 Winter Olympics
Australia at the 2018 Winter Olympics,competedIn,Speed skating,Australia at the 2018 Winter Olympics
2022 Colombian presidential election,instanceOf,presidential election,2022 Colombian presidential election
2022 Colombian presidential election,country,Colombia,2022 Colombian presidential election
2022 Colombian presidential election,year,2022,2022 Colombian presidential election
2022 Colombian presidential election,firstRoundDate,"May 29, 2022",2022 Colombian presidential election
2022 Colombian presidential election,secondRoundDate,"June 19, 2022",2022 Colombian presidential election
2022 Colombian presidential election,winner,Gustavo Petro,2022 Colombian presidential election
2022 Colombian presidential election,runningMate,Francia Márquez,2022 Colombian presidential election
2022 Colombian presidential election,runnerUp,Rodolfo Hernández,2022 Colombian presidential election
2022 Colombian presidential election,candidate,Gustavo Petro,2022 Colombian presidential election
2022 Colombian presidential election,candidate,Rodolfo Hernández,2022 Colombian presidential election
2022 Colombian presidential election,candidate,Federico Gutiérrez,2022 Colombian presidential election
2022 Colombian presidential election,candidate,Sergio Fajardo,2022 Colombian presidential election
2022 Colombian presidential election,candidate,Íngrid Betancourt,2022 Colombian presidential election
2022 Colombian presidential election,electedPresident,Gustavo Petro,2022 Colombian presidential election
2022 Colombian presidential election,electedVicePresident,Francia Márquez,2022 Colombian presidential election
2022 Colombian presidential election,previousPresident,Iván Duque,2022 Colombian presidential election
2022 Colombian presidential election,significance,first left-wing president elected,2022 Colombian presidential election
2022 Colombian presidential election,location,Colombia,2022 Colombian presidential election
2022 Colombian presidential election,office,President of Colombia,2022 Colombian presidential election
2022 Colombian presidential election,office,Vice President of Colombia,2022 Colombian presidential election
North Carolina Highway 125,instanceOf,state highway,North Carolina Highway 125
North Carolina Highway 125,locatedIn,North Carolina,North Carolina Highway 125
North Carolina Highway 125,locatedIn,United States,North Carolina Highway 125
North Carolina Highway 125,startsAt,NC 903 near Scotland Neck,North Carolina Highway 125
North Carolina Highway 125,endsAt,US 64 Business in Williamston,North Carolina Highway 125
North Carolina Highway 125,passesThrough,Scotland Neck,North Carolina Highway 125
North Carolina Highway 125,passesThrough,Williamston,North Carolina Highway 125
North Carolina Highway 125,traverses,Halifax County,North Carolina Highway 125
North Carolina Highway 125,traverses,Martin County,North Carolina Highway 125
North Carolina Highway 125,maintainedBy,North Carolina Department of Transportation,North Carolina Highway 125
Pilagás Department,instanceOf,Department,Pilagás Department
Pilagás Department,country,Argentina,Pilagás Department
Pilagás Department,partOf,Formosa Province,Pilagás Department
Pilagás Department,capital,El Espinillo,Pilagás Department
Pilagás Department,locatedIn,Argentina,Pilagás Department
White-headed wren,instanceOf,species,White-headed wren
White-headed wren,scientificName,Campylorhynchus albobrunneus,White-headed wren
White-headed wren,genus,Campylorhynchus,White-headed wren
White-headed wren,family,Troglodytidae,White-headed wren
White-headed wren,order,Passeriformes,White-headed wren
White-headed wren,class,Aves,White-headed wren
White-headed wren,phylum,Chordata,White-headed wren
White-headed wren,kingdom,Animalia,White-headed wren
White-headed wren,nativeTo,Colombia,White-headed wren
White-headed wren,nativeTo,Panama,White-headed wren
White-headed wren,habitat,subtropical moist lowland forest,White-headed wren
White-headed wren,habitat,subtropical moist montane forest,White-headed wren
White-headed wren,conservationStatus,Least Concern,White-headed wren
Leucadendron salicifolium,instanceOf,species,Leucadendron salicifolium
Leucadendron salicifolium,genus,Leucadendron,Leucadendron salicifolium
Leucadendron salicifolium,family,Proteaceae,Leucadendron salicifolium
Leucadendron salicifolium,order,Proteales,Leucadendron salicifolium
Leucadendron salicifolium,kingdom,Plantae,Leucadendron salicifolium
Leucadendron salicifolium,nativeTo,South Africa,Leucadendron salicifolium
Leucadendron salicifolium,endemicTo,Western Cape,Leucadendron salicifolium
Leucadendron salicifolium,habitat,fynbos,Leucadendron salicifolium
Leucadendron salicifolium,growthForm,evergreen shrub,Leucadendron salicifolium
Leucadendron salicifolium,leafShape,willow-like,Leucadendron salicifolium
Leucadendron salicifolium,commonName,willow-leaf conebush,Leucadendron salicifolium
Leucadendron salicifolium,reproduction,dioecious,Leucadendron salicifolium
Leucadendron salicifolium,usedFor,ornamental horticulture,Leucadendron salicifolium
Leucadendron salicifolium,usedFor,cut flowers,Leucadendron salicifolium
Leh–Manali Highway,instanceOf,Highway,Leh–Manali Highway
Leh–Manali Highway,locatedIn,India,Leh–Manali Highway
Leh–Manali Highway,locatedIn,Ladakh,Leh–Manali Highway
Leh–Manali Highway,locatedIn,Himachal Pradesh,Leh–Manali Highway
Leh–Manali Highway,connects,Leh,Leh–Manali Highway
Leh–Manali Highway,connects,Manali,Leh–Manali Highway
Leh–Manali Highway,crosses,Rohtang Pass,Leh–Manali Highway
Leh–Manali Highway,crosses,Baralacha La,Leh–Manali Highway
Leh–Manali Highway,crosses,Nakeela Pass,Leh–Manali Highway
Leh–Manali Highway,crosses,Lachulung La,Leh–Manali Highway
Leh–Manali Highway,crosses,Tanglang La,Leh–Manali Highway
Leh–Manali Highway,passesThrough,Keylong,Leh–Manali Highway
Leh–Manali Highway,passesThrough,Jispa,Leh–Manali Highway
Leh–Manali Highway,passesThrough,Darcha,Leh–Manali Highway
Leh–Manali Highway,passesThrough,Sarchu,Leh–Manali Highway
Leh–Manali Highway,passesThrough,Pang,Leh–Manali Highway
Leh–Manali Highway,passesThrough,Upshi,Leh–Manali Highway
Leh–Manali Highway,maintainedBy,Border Roads Organisation,Leh–Manali Highway
Leh–Manali Highway,isClosedIn,Winter,Leh–Manali Highway
Leh–Manali Highway,isOpenDuring,Summer,Leh–Manali Highway
Leh–Manali Highway,isPopularFor,Adventure travel,Leh–Manali Highway
Leh–Manali Highway,partOf,National Highway 3,Leh–Manali Highway
Leh–Manali Highway,alternativeName,Manali-Leh Highway,Leh–Manali Highway
Jean Jaurès,instanceOf,politician,Jean Jaurès
Jean Jaurès,fullName,Auguste Marie Joseph Jean Léon Jaurès,Jean Jaurès
Jean Jaurès,birthDate,1859-09-03,Jean Jaurès
Jean Jaurès,birthPlace,"Castres, France",Jean Jaurès
Jean Jaurès,deathDate,1914-07-31,Jean Jaurès
Jean Jaurès,deathPlace,"Paris, France",Jean Jaurès
Jean Jaurès,causeOfDeath,assassination,Jean Jaurès
Jean Jaurès,assassinatedBy,Raoul Villain,Jean Jaurès
Jean Jaurès,occupation,politician,Jean Jaurès
Jean Jaurès,occupation,historian,Jean Jaurès
Jean Jaurès,occupation,journalist,Jean Jaurès
Jean Jaurès,occupation,teacher,Jean Jaurès
Jean Jaurès,politicalParty,French Section of the Workers' International,Jean Jaurès
Jean Jaurès,founded,L'Humanité,Jean Jaurès
Jean Jaurès,almaMater,École Normale Supérieure,Jean Jaurès
Jean Jaurès,ideology,socialism,Jean Jaurès
Jean Jaurès,ideology,pacifism,Jean Jaurès
Jean Jaurès,ideology,reformism,Jean Jaurès
Jean Jaurès,supported,Dreyfus Affair,Jean Jaurès
Jean Jaurès,opposed,World War I,Jean Jaurès
Jean Jaurès,spouse,Louise Bois,Jean Jaurès
Jean Jaurès,child,Madeleine Jaurès,Jean Jaurès
Jean Jaurès,child,Louis Jaurès,Jean Jaurès
Jean Jaurès,positionHeld,member of the National Assembly of France,Jean Jaurès
Jean Jaurès,positionHeld,leader of the SFIO,Jean Jaurès
Jean Jaurès,notableWork,Histoire Socialiste de la Révolution française,Jean Jaurès
Jean Jaurès,nationality,French,Jean Jaurès
Jean Jaurès,gender,male,Jean Jaurès
Jean Jaurès,countryOfCitizenship,France,Jean Jaurès
Jean Jaurès,languagesSpoken,French,Jean Jaurès
Cyprus Volleyball Division 1,instanceOf,Volleyball league,Cyprus Volleyball Division 1
Cyprus Volleyball Division 1,country,Cyprus,Cyprus Volleyball Division 1
Cyprus Volleyball Division 1,sport,Volleyball,Cyprus Volleyball Division 1
Cyprus Volleyball Division 1,organizer,Cyprus Volleyball Federation,Cyprus Volleyball Division 1
Cyprus Volleyball Division 1,level,Top division,Cyprus Volleyball Division 1
Munsey's Magazine,instanceOf,Magazine,Munsey's Magazine
Munsey's Magazine,foundedBy,Frank A. Munsey,Munsey's Magazine
Munsey's Magazine,country,United States,Munsey's Magazine
Munsey's Magazine,language,English,Munsey's Magazine
Munsey's Magazine,inception,1889,Munsey's Magazine
Munsey's Magazine,endDate,1929,Munsey's Magazine
Munsey's Magazine,frequency,Monthly,Munsey's Magazine
Munsey's Magazine,price,10 cents,Munsey's Magazine
Munsey's Magazine,predecessor,Munsey's Weekly,Munsey's Magazine
Munsey's Magazine,publisher,Frank A. Munsey,Munsey's Magazine
Munsey's Magazine,genre,Fiction,Munsey's Magazine
Munsey's Magazine,genre,General interest,Munsey's Magazine
Munsey's Magazine,format,Illustrated,Munsey's Magazine
Munsey's Magazine,circulationPeak,Over 500000,Munsey's Magazine
Hof HaSharon Regional Council,instanceOf,regional council,Hof HaSharon Regional Council
Hof HaSharon Regional Council,country,Israel,Hof HaSharon Regional Council
Hof HaSharon Regional Council,locatedIn,Central District,Hof HaSharon Regional Council
Hof HaSharon Regional Council,locatedIn,Sharon plain,Hof HaSharon Regional Council
Hof HaSharon Regional Council,hasOfficialLanguage,Hebrew,Hof HaSharon Regional Council
Hof HaSharon Regional Council,hasHebrewName,מועצה אזורית חוף השרון,Hof HaSharon Regional Council
"Mount Holly (Foote, Mississippi)",instanceOf,plantation house,"Mount Holly (Foote, Mississippi)"
"Mount Holly (Foote, Mississippi)",instanceOf,historic building,"Mount Holly (Foote, Mississippi)"
"Mount Holly (Foote, Mississippi)",locatedIn,"Foote, Mississippi","Mount Holly (Foote, Mississippi)"
"Mount Holly (Foote, Mississippi)",locatedIn,"Washington County, Mississippi","Mount Holly (Foote, Mississippi)"
"Mount Holly (Foote, Mississippi)",locatedIn,Mississippi,"Mount Holly (Foote, Mississippi)"
"Mount Holly (Foote, Mississippi)",locatedIn,United States,"Mount Holly (Foote, Mississippi)"
"Mount Holly (Foote, Mississippi)",architecturalStyle,Greek Revival,"Mount Holly (Foote, Mississippi)"
"Mount Holly (Foote, Mississippi)",yearOfConstruction,1856,"Mount Holly (Foote, Mississippi)"
"Mount Holly (Foote, Mississippi)",alsoKnownAs,Mount Holly Plantation,"Mount Holly (Foote, Mississippi)"
"Mount Holly (Foote, Mississippi)",isListedOn,National Register of Historic Places,"Mount Holly (Foote, Mississippi)"
Wiener Gruppe,instanceOf,literary group,Wiener Gruppe
Wiener Gruppe,instanceOf,avant-garde collective,Wiener Gruppe
Wiener Gruppe,city,Vienna,Wiener Gruppe
Wiener Gruppe,country,Austria,Wiener Gruppe
Wiener Gruppe,alsoKnownAs,Vienna Group,Wiener Gruppe
Wiener Gruppe,startTime,1952,Wiener Gruppe
Wiener Gruppe,endTime,1958,Wiener Gruppe
Wiener Gruppe,hasMember,H.C. Artmann,Wiener Gruppe
Wiener Gruppe,hasMember,Friedrich Achleitner,Wiener Gruppe
Wiener Gruppe,hasMember,Gerhard Rühm,Wiener Gruppe
Wiener Gruppe,hasMember,Oswald Wiener,Wiener Gruppe
Wiener Gruppe,hasMember,Konrad Bayer,Wiener Gruppe
Wiener Gruppe,genre,concrete poetry,Wiener Gruppe
Wiener Gruppe,genre,experimental literature,Wiener Gruppe
Wiener Gruppe,genre,dialect poetry,Wiener Gruppe
Wiener Gruppe,influencedBy,Dadaism,Wiener Gruppe
Wiener Gruppe,influencedBy,Surrealism,Wiener Gruppe
Wiener Gruppe,associatedWith,Art Club,Wiener Gruppe
Wiener Gruppe,knownFor,literary cabaret,Wiener Gruppe
Wiener Gruppe,knownFor,happenings,Wiener Gruppe
Wiener Gruppe,language,German,Wiener Gruppe
Wiener Gruppe,language,Viennese dialect,Wiener Gruppe
Johnny Test (2021 TV series),instanceOf,Animated television series,Johnny Test (2021 TV series)
Johnny Test (2021 TV series),instanceOf,Television series,Johnny Test (2021 TV series)
Johnny Test (2021 TV series),genre,Animation,Johnny Test (2021 TV series)
Johnny Test (2021 TV series),genre,Comedy,Johnny Test (2021 TV series)
Johnny Test (2021 TV series),genre,Action,Johnny Test (2021 TV series)
Johnny Test (2021 TV series),genre,Adventure,Johnny Test (2021 TV series)
Johnny Test (2021 TV series),genre,Science fiction,Johnny Test (2021 TV series)
Johnny Test (2021 TV series),createdBy,Scott Fellows,Johnny Test (2021 TV series)
Johnny Test (2021 TV series),originalNetwork,Netflix,Johnny Test (2021 TV series)
Johnny Test (2021 TV series),premiereYear,2021,Johnny Test (2021 TV series)
Johnny Test (2021 TV series),countryOfOrigin,Canada,Johnny Test (2021 TV series)
Johnny Test (2021 TV series),language,English,Johnny Test (2021 TV series)
Johnny Test (2021 TV series),basedOn,Johnny Test (2005 TV series),Johnny Test (2021 TV series)
Johnny Test (2021 TV series),productionCompany,WildBrain,Johnny Test (2021 TV series)
Johnny Test (2021 TV series),featuresCharacter,Johnny Test,Johnny Test (2021 TV series)
Johnny Test (2021 TV series),featuresCharacter,Dukey,Johnny Test (2021 TV series)
Johnny Test (2021 TV series),featuresCharacter,Susan Test,Johnny Test (2021 TV series)
Johnny Test (2021 TV series),featuresCharacter,Mary Test,Johnny Test (2021 TV series)
Johnny Test (2021 TV series),featuresCharacter,Hugh Test,Johnny Test (2021 TV series)
Johnny Test (2021 TV series),featuresCharacter,Lila Test,Johnny Test (2021 TV series)
Sandro Puppo,instanceOf,Person,Sandro Puppo
Sandro Puppo,dateOfBirth,29 January 1918,Sandro Puppo
Sandro Puppo,placeOfBirth,"Piacenza, Italy",Sandro Puppo
Sandro Puppo,dateOfDeath,16 October 1986,Sandro Puppo
Sandro Puppo,placeOfDeath,"Piacenza, Italy",Sandro Puppo
Sandro Puppo,nationality,Italian,Sandro Puppo
Sandro Puppo,occupation,association football player,Sandro Puppo
Sandro Puppo,occupation,association football manager,Sandro Puppo
Sandro Puppo,position,midfielder,Sandro Puppo
Sandro Puppo,playedFor,Juventus F.C.,Sandro Puppo
Sandro Puppo,playedFor,Piacenza Calcio,Sandro Puppo
Sandro Puppo,managed,Turkey national football team,Sandro Puppo
Anna Fontcuberta i Morral,instanceOf,Person,Anna Fontcuberta i Morral
Anna Fontcuberta i Morral,givenName,Anna,Anna Fontcuberta i Morral
Anna Fontcuberta i Morral,familyName,Fontcuberta i Morral,Anna Fontcuberta i Morral
Anna Fontcuberta i Morral,gender,Female,Anna Fontcuberta i Morral
Anna Fontcuberta i Morral,nationality,Spanish,Anna Fontcuberta i Morral
Anna Fontcuberta i Morral,occupation,Physicist,Anna Fontcuberta i Morral
Anna Fontcuberta i Morral,employer,EPFL,Anna Fontcuberta i Morral
Anna Fontcuberta i Morral,position,Professor,Anna Fontcuberta i Morral
Anna Fontcuberta i Morral,researchArea,Nanotechnology,Anna Fontcuberta i Morral
Anna Fontcuberta i Morral,researchArea,Semiconductor materials,Anna Fontcuberta i Morral
Anna Fontcuberta i Morral,affiliation,Laboratory of Semiconductor Materials,Anna Fontcuberta i Morral
Patagonian red octopus,instanceOf,species,Patagonian red octopus
Patagonian red octopus,scientificName,Enteroctopus megalocyathus,Patagonian red octopus
Patagonian red octopus,genus,Enteroctopus,Patagonian red octopus
Patagonian red octopus,family,Octopodidae,Patagonian red octopus
Patagonian red octopus,order,Octopoda,Patagonian red octopus
Patagonian red octopus,class,Cephalopoda,Patagonian red octopus
Patagonian red octopus,phylum,Mollusca,Patagonian red octopus
Patagonian red octopus,kingdom,Animalia,Patagonian red octopus
Patagonian red octopus,nativeTo,Argentina,Patagonian red octopus
Patagonian red octopus,nativeTo,Chile,Patagonian red octopus
Patagonian red octopus,habitat,South Atlantic Ocean,Patagonian red octopus
Patagonian red octopus,habitat,Patagonia,Patagonian red octopus
Patagonian red octopus,color,red,Patagonian red octopus
Thornton Carle Fry,instanceOf,Person,Thornton Carle Fry
Thornton Carle Fry,instanceOf,Mathematician,Thornton Carle Fry
Thornton Carle Fry,birthYear,1892,Thornton Carle Fry
Thornton Carle Fry,deathYear,1991,Thornton Carle Fry
Thornton Carle Fry,nationality,American,Thornton Carle Fry
Thornton Carle Fry,workedAt,Bell Telephone Laboratories,Thornton Carle Fry
Thornton Carle Fry,authorOf,Probability and Its Engineering Uses,Thornton Carle Fry
Thornton Carle Fry,field,Applied mathematics,Thornton Carle Fry
Thornton Carle Fry,field,Probability theory,Thornton Carle Fry
Thornton Carle Fry,occupation,Statistician,Thornton Carle Fry
Breakout (Miley Cyrus album),instanceOf,Album,Breakout (Miley Cyrus album)
Breakout (Miley Cyrus album),artist,Miley Cyrus,Breakout (Miley Cyrus album)
Breakout (Miley Cyrus album),releaseDate,"July 22, 2008",Breakout (Miley Cyrus album)
Breakout (Miley Cyrus album),recordLabel,Hollywood Records,Breakout (Miley Cyrus album)
Breakout (Miley Cyrus album),genre,Pop rock,Breakout (Miley Cyrus album)
Breakout (Miley Cyrus album),genre,Teen pop,Breakout (Miley Cyrus album)
Breakout (Miley Cyrus album),genre,Pop,Breakout (Miley Cyrus album)
Breakout (Miley Cyrus album),precededBy,Meet Miley Cyrus,Breakout (Miley Cyrus album)
Breakout (Miley Cyrus album),followedBy,Can't Be Tamed,Breakout (Miley Cyrus album)
Breakout (Miley Cyrus album),single,7 Things,Breakout (Miley Cyrus album)
Breakout (Miley Cyrus album),single,Fly on the Wall,Breakout (Miley Cyrus album)
Breakout (Miley Cyrus album),single,Breakout,Breakout (Miley Cyrus album)
Breakout (Miley Cyrus album),track,Breakout,Breakout (Miley Cyrus album)
Breakout (Miley Cyrus album),track,7 Things,Breakout (Miley Cyrus album)
Breakout (Miley Cyrus album),track,The Driveway,Breakout (Miley Cyrus album)
Breakout (Miley Cyrus album),track,Girls Just Wanna Have Fun,Breakout (Miley Cyrus album)
Breakout (Miley Cyrus album),track,Full Circle,Breakout (Miley Cyrus album)
Breakout (Miley Cyrus album),track,Fly on the Wall,Breakout (Miley Cyrus album)
Breakout (Miley Cyrus album),track,Bottom of the Ocean,Breakout (Miley Cyrus album)
Breakout (Miley Cyrus album),track,Wake Up America,Breakout (Miley Cyrus album)
Breakout (Miley Cyrus album),track,These Four Walls,Breakout (Miley Cyrus album)
Breakout (Miley Cyrus album),track,Simple Song,Breakout (Miley Cyrus album)
Breakout (Miley Cyrus album),track,Goodbye,Breakout (Miley Cyrus album)
Breakout (Miley Cyrus album),track,See You Again,Breakout (Miley Cyrus album)
Breakout (Miley Cyrus album),totalLength,39:49,Breakout (Miley Cyrus album)
Breakout (Miley Cyrus album),peakPosition,1 (Billboard 200),Breakout (Miley Cyrus album)
Breakout (Miley Cyrus album),firstWeekSales,106000,Breakout (Miley Cyrus album)
Breakout (Miley Cyrus album),certification,Platinum (RIAA),Breakout (Miley Cyrus album)
Breakout (Miley Cyrus album),language,English,Breakout (Miley Cyrus album)
Nyamiviridae,instanceOf,VirusFamily,Nyamiviridae
Nyamiviridae,taxonomicRank,family,Nyamiviridae
Nyamiviridae,parentTaxon,Mononegavirales,Nyamiviridae
Nyamiviridae,genomeComposition,negative-sense single-stranded RNA,Nyamiviridae
Nyamiviridae,hasHost,arthropods,Nyamiviridae
Nyamiviridae,hasHost,birds,Nyamiviridae
Nyamiviridae,createdIn,2014,Nyamiviridae
Nyamiviridae,containsGenus,Nyavirus,Nyamiviridae
2003–04 Georgia Tech Yellow Jackets men's basketball team,instanceOf,NCAA Division I men's basketball team,2003–04 Georgia Tech Yellow Jackets men's basketball team
2003–04 Georgia Tech Yellow Jackets men's basketball team,represents,Georgia Institute of Technology,2003–04 Georgia Tech Yellow Jackets men's basketball team
2003–04 Georgia Tech Yellow Jackets men's basketball team,conference,Atlantic Coast Conference,2003–04 Georgia Tech Yellow Jackets men's basketball team
2003–04 Georgia Tech Yellow Jackets men's basketball team,headCoach,Paul Hewitt,2003–04 Georgia Tech Yellow Jackets men's basketball team
2003–04 Georgia Tech Yellow Jackets men's basketball team,season,2003–04 NCAA Division I men's basketball season,2003–04 Georgia Tech Yellow Jackets men's basketball team
2003–04 Georgia Tech Yellow Jackets men's basketball team,overallRecord,28-10,2003–04 Georgia Tech Yellow Jackets men's basketball team
2003–04 Georgia Tech Yellow Jackets men's basketball team,conferenceRecord,9-7,2003–04 Georgia Tech Yellow Jackets men's basketball team
2003–04 Georgia Tech Yellow Jackets men's basketball team,homeVenue,Alexander Memorial Coliseum,2003–04 Georgia Tech Yellow Jackets men's basketball team
2003–04 Georgia Tech Yellow Jackets men's basketball team,participatedIn,2004 NCAA Division I men's basketball tournament,2003–04 Georgia Tech Yellow Jackets men's basketball team
2003–04 Georgia Tech Yellow Jackets men's basketball team,seed,3,2003–04 Georgia Tech Yellow Jackets men's basketball team
2003–04 Georgia Tech Yellow Jackets men's basketball team,reached,Final Four,2003–04 Georgia Tech Yellow Jackets men's basketball team
2003–04 Georgia Tech Yellow Jackets men's basketball team,reached,National Championship game,2003–04 Georgia Tech Yellow Jackets men's basketball team
2003–04 Georgia Tech Yellow Jackets men's basketball team,lostTo,UConn Huskies,2003–04 Georgia Tech Yellow Jackets men's basketball team
2003–04 Georgia Tech Yellow Jackets men's basketball team,notablePlayer,Chris Bosh,2003–04 Georgia Tech Yellow Jackets men's basketball team
2003–04 Georgia Tech Yellow Jackets men's basketball team,notablePlayer,Jarrett Jack,2003–04 Georgia Tech Yellow Jackets men's basketball team
2003–04 Georgia Tech Yellow Jackets men's basketball team,notablePlayer,Marvin Lewis,2003–04 Georgia Tech Yellow Jackets men's basketball team
2003–04 Georgia Tech Yellow Jackets men's basketball team,notablePlayer,Luke Schenscher,2003–04 Georgia Tech Yellow Jackets men's basketball team
2003–04 Georgia Tech Yellow Jackets men's basketball team,notablePlayer,Anthony McHenry,2003–04 Georgia Tech Yellow Jackets men's basketball team
2003–04 Georgia Tech Yellow Jackets men's basketball team,defeatedInSweet16,Nevada Wolf Pack,2003–04 Georgia Tech Yellow Jackets men's basketball team
2003–04 Georgia Tech Yellow Jackets men's basketball team,defeatedInElite8,Kansas Jayhawks,2003–04 Georgia Tech Yellow Jackets men's basketball team
We'll Be Together Again (Pat Martino album),instanceOf,Album,We'll Be Together Again (Pat Martino album)
We'll Be Together Again (Pat Martino album),performedBy,Pat Martino,We'll Be Together Again (Pat Martino album)
We'll Be Together Again (Pat Martino album),genre,Jazz,We'll Be Together Again (Pat Martino album)
We'll Be Together Again (Pat Martino album),releaseYear,1987,We'll Be Together Again (Pat Martino album)
Duchess Elisabeth Alexandrine of Mecklenburg-Schwerin,instanceOf,human,Duchess Elisabeth Alexandrine of Mecklenburg-Schwerin
Duchess Elisabeth Alexandrine of Mecklenburg-Schwerin,birthDate,10 August 1869,Duchess Elisabeth Alexandrine of Mecklenburg-Schwerin
Duchess Elisabeth Alexandrine of Mecklenburg-Schwerin,birthPlace,Schwerin,Duchess Elisabeth Alexandrine of Mecklenburg-Schwerin
Duchess Elisabeth Alexandrine of Mecklenburg-Schwerin,deathDate,3 September 1955,Duchess Elisabeth Alexandrine of Mecklenburg-Schwerin
Duchess Elisabeth Alexandrine of Mecklenburg-Schwerin,deathPlace,Baden-Baden,Duchess Elisabeth Alexandrine of Mecklenburg-Schwerin
Duchess Elisabeth Alexandrine of Mecklenburg-Schwerin,parent,"Frederick Francis II, Grand Duke of Mecklenburg-Schwerin",Duchess Elisabeth Alexandrine of Mecklenburg-Schwerin
Duchess Elisabeth Alexandrine of Mecklenburg-Schwerin,parent,Princess Marie of Schwarzburg-Rudolstadt,Duchess Elisabeth Alexandrine of Mecklenburg-Schwerin
Duchess Elisabeth Alexandrine of Mecklenburg-Schwerin,spouse,"Frederick Augustus II, Grand Duke of Oldenburg",Duchess Elisabeth Alexandrine of Mecklenburg-Schwerin
Duchess Elisabeth Alexandrine of Mecklenburg-Schwerin,child,"Nikolaus, Hereditary Grand Duke of Oldenburg",Duchess Elisabeth Alexandrine of Mecklenburg-Schwerin
Duchess Elisabeth Alexandrine of Mecklenburg-Schwerin,child,Duchess Alexandrine of Oldenburg,Duchess Elisabeth Alexandrine of Mecklenburg-Schwerin
Duchess Elisabeth Alexandrine of Mecklenburg-Schwerin,child,Duchess Ingeborg Alix of Oldenburg,Duchess Elisabeth Alexandrine of Mecklenburg-Schwerin
Duchess Elisabeth Alexandrine of Mecklenburg-Schwerin,child,Duchess Altburg of Oldenburg,Duchess Elisabeth Alexandrine of Mecklenburg-Schwerin
Duchess Elisabeth Alexandrine of Mecklenburg-Schwerin,title,Grand Duchess of Oldenburg,Duchess Elisabeth Alexandrine of Mecklenburg-Schwerin
Duchess Elisabeth Alexandrine of Mecklenburg-Schwerin,title,Duchess of Mecklenburg-Schwerin,Duchess Elisabeth Alexandrine of Mecklenburg-Schwerin
Duchess Elisabeth Alexandrine of Mecklenburg-Schwerin,gender,female,Duchess Elisabeth Alexandrine of Mecklenburg-Schwerin
Duchess Elisabeth Alexandrine of Mecklenburg-Schwerin,sibling,"Frederick Francis III, Grand Duke of Mecklenburg-Schwerin",Duchess Elisabeth Alexandrine of Mecklenburg-Schwerin
Duchess Elisabeth Alexandrine of Mecklenburg-Schwerin,sibling,Marie of Mecklenburg-Schwerin,Duchess Elisabeth Alexandrine of Mecklenburg-Schwerin
Kaniama Airport,instanceOf,airport,Kaniama Airport
Kaniama Airport,IATACode,KNM,Kaniama Airport
Kaniama Airport,ICAOCode,FZTK,Kaniama Airport
Kaniama Airport,locatedIn,Kaniama,Kaniama Airport
Kaniama Airport,locatedIn,Democratic Republic of the Congo,Kaniama Airport
Free Fire (film),instanceOf,Film,Free Fire (film)
Free Fire (film),director,Ben Wheatley,Free Fire (film)
Free Fire (film),screenwriter,Ben Wheatley,Free Fire (film)
Free Fire (film),screenwriter,Amy Jump,Free Fire (film)
Free Fire (film),releaseYear,2016,Free Fire (film)
Free Fire (film),starring,Brie Larson,Free Fire (film)
Free Fire (film),starring,Armie Hammer,Free Fire (film)
Free Fire (film),starring,Cillian Murphy,Free Fire (film)
Free Fire (film),starring,Sharlto Copley,Free Fire (film)
Free Fire (film),starring,Jack Reynor,Free Fire (film)
Free Fire (film),starring,Babou Ceesay,Free Fire (film)
Free Fire (film),starring,Noah Taylor,Free Fire (film)
Free Fire (film),starring,Michael Smiley,Free Fire (film)
Free Fire (film),starring,Enzo Cilenti,Free Fire (film)
Free Fire (film),genre,Action,Free Fire (film)
Free Fire (film),genre,Comedy,Free Fire (film)
Free Fire (film),genre,Crime,Free Fire (film)
Free Fire (film),countryOfOrigin,United Kingdom,Free Fire (film)
Free Fire (film),originalLanguage,English,Free Fire (film)
Free Fire (film),runtime,91 minutes,Free Fire (film)
Free Fire (film),productionCompany,Rook Films,Free Fire (film)
Free Fire (film),distributor,StudioCanal,Free Fire (film)
Free Fire (film),premiere,Toronto International Film Festival,Free Fire (film)
Bette Otto-Bliesner,instanceOf,Person,Bette Otto-Bliesner
Bette Otto-Bliesner,occupation,Paleoclimatologist,Bette Otto-Bliesner
Bette Otto-Bliesner,occupation,Senior Scientist,Bette Otto-Bliesner
Bette Otto-Bliesner,affiliation,National Center for Atmospheric Research,Bette Otto-Bliesner
Bette Otto-Bliesner,affiliation,NCAR,Bette Otto-Bliesner
Bette Otto-Bliesner,worksIn,"Boulder, Colorado",Bette Otto-Bliesner
Bette Otto-Bliesner,country,United States,Bette Otto-Bliesner
Bette Otto-Bliesner,researchField,Paleoclimatology,Bette Otto-Bliesner
Bette Otto-Bliesner,researchField,Climate modeling,Bette Otto-Bliesner
Bette Otto-Bliesner,researchTopic,Last Glacial Maximum,Bette Otto-Bliesner
Bette Otto-Bliesner,researchTopic,Younger Dryas,Bette Otto-Bliesner
Bette Otto-Bliesner,researchTopic,Holocene climate,Bette Otto-Bliesner
Bette Otto-Bliesner,researchTopic,Past climate simulations,Bette Otto-Bliesner
Bette Otto-Bliesner,contributorTo,IPCC Assessment Reports,Bette Otto-Bliesner
Bette Otto-Bliesner,knownFor,Earth system modeling of paleoclimates,Bette Otto-Bliesner
Bette Otto-Bliesner,gender,Female,Bette Otto-Bliesner
Cesante (film),instanceOf,film,Cesante (film)
Cesante (film),instanceOf,short film,Cesante (film)
Cesante (film),countryOfOrigin,Chile,Cesante (film)
Cesante (film),releaseYear,2003,Cesante (film)
Cesante (film),director,Ricardo Villarroel,Cesante (film)
Cesante (film),language,Spanish,Cesante (film)
Cesante (film),genre,animation,Cesante (film)
Cesante (film),genre,drama,Cesante (film)
Cesante (film),productionCompany,Cine Animadores,Cesante (film)
German submarine U-854,instanceOf,Type IXC/40 submarine,German submarine U-854
German submarine U-854,operator,Kriegsmarine,German submarine U-854
German submarine U-854,country,Nazi Germany,German submarine U-854
German submarine U-854,builder,AG Weser,German submarine U-854
German submarine U-854,laidDown,21 September 1942,German submarine U-854
German submarine U-854,launched,5 May 1943,German submarine U-854
German submarine U-854,commissioned,19 August 1943,German submarine U-854
German submarine U-854,sunkOn,7 February 1944,German submarine U-854
German submarine U-854,sunkBy,mine,German submarine U-854
German submarine U-854,sunkIn,Baltic Sea,German submarine U-854
German submarine U-854,participatedIn,World War II,German submarine U-854
"Enfield, Victoria",instanceOf,locality,"Enfield, Victoria"
"Enfield, Victoria",locatedIn,Victoria,"Enfield, Victoria"
"Enfield, Victoria",partOf,Shire of Golden Plains,"Enfield, Victoria"
"Enfield, Victoria",country,Australia,"Enfield, Victoria"
"Enfield, Victoria",near,Ballarat,"Enfield, Victoria"
Hayao Kawai,instanceOf,Person,Hayao Kawai
Hayao Kawai,instanceOf,Psychologist,Hayao Kawai
Hayao Kawai,nationality,Japanese,Hayao Kawai
Hayao Kawai,gender,Male,Hayao Kawai
Hayao Kawai,birthYear,1928,Hayao Kawai
Hayao Kawai,deathYear,2007,Hayao Kawai
Hayao Kawai,occupation,Psychologist,Hayao Kawai
Hayao Kawai,field,Analytical psychology,Hayao Kawai
Hayao Kawai,citizenship,Japan,Hayao Kawai
Tropical Storm Arlene (2011),instanceOf,Tropical storm,Tropical Storm Arlene (2011)
Tropical Storm Arlene (2011),partOf,2011 Atlantic hurricane season,Tropical Storm Arlene (2011)
Tropical Storm Arlene (2011),firstStormOf,2011 Atlantic hurricane season,Tropical Storm Arlene (2011)
Tropical Storm Arlene (2011),formed,"June 28, 2011",Tropical Storm Arlene (2011)
Tropical Storm Arlene (2011),dissipated,"July 1, 2011",Tropical Storm Arlene (2011)
Tropical Storm Arlene (2011),origin,Bay of Campeche,Tropical Storm Arlene (2011)
Tropical Storm Arlene (2011),landfallLocation,"near Cabo Rojo, Veracruz, Mexico",Tropical Storm Arlene (2011)
Tropical Storm Arlene (2011),landfallDate,"June 30, 2011",Tropical Storm Arlene (2011)
Tropical Storm Arlene (2011),maxSustainedWinds,65 mph,Tropical Storm Arlene (2011)
Tropical Storm Arlene (2011),minimumPressure,993 mbar,Tropical Storm Arlene (2011)
Tropical Storm Arlene (2011),basin,Atlantic Ocean,Tropical Storm Arlene (2011)
Tropical Storm Arlene (2011),affected,Mexico,Tropical Storm Arlene (2011)
Sandy scops owl,instanceOf,species,Sandy scops owl
Sandy scops owl,hasScientificName,Otus icterorhynchus,Sandy scops owl
Sandy scops owl,belongsToKingdom,Animalia,Sandy scops owl
Sandy scops owl,belongsToPhylum,Chordata,Sandy scops owl
Sandy scops owl,belongsToClass,Aves,Sandy scops owl
Sandy scops owl,belongsToOrder,Strigiformes,Sandy scops owl
Sandy scops owl,belongsToFamily,Strigidae,Sandy scops owl
Sandy scops owl,belongsToGenus,Otus,Sandy scops owl
Sandy scops owl,isNocturnal,true,Sandy scops owl
Sandy scops owl,nativeTo,Cameroon,Sandy scops owl
Sandy scops owl,nativeTo,Central African Republic,Sandy scops owl
Sandy scops owl,nativeTo,Republic of the Congo,Sandy scops owl
Sandy scops owl,nativeTo,Democratic Republic of the Congo,Sandy scops owl
Sandy scops owl,nativeTo,Ivory Coast,Sandy scops owl
Sandy scops owl,nativeTo,Equatorial Guinea,Sandy scops owl
Sandy scops owl,nativeTo,Gabon,Sandy scops owl
Sandy scops owl,nativeTo,Ghana,Sandy scops owl
Sandy scops owl,nativeTo,Liberia,Sandy scops owl
Sandy scops owl,nativeTo,Nigeria,Sandy scops owl
Sandy scops owl,inhabits,subtropical or tropical moist lowland forest,Sandy scops owl
Costa Verde (Peru),instanceOf,coastal area,Costa Verde (Peru)
Costa Verde (Peru),locatedIn,Lima,Costa Verde (Peru)
Costa Verde (Peru),locatedIn,Peru,Costa Verde (Peru)
Costa Verde (Peru),borders,Pacific Ocean,Costa Verde (Peru)
Costa Verde (Peru),hasFeature,cliffs,Costa Verde (Peru)
Costa Verde (Peru),hasFeature,beaches,Costa Verde (Peru)
Costa Verde (Peru),hasFeature,parks,Costa Verde (Peru)
Costa Verde (Peru),contains,Malecón de Miraflores,Costa Verde (Peru)
Costa Verde (Peru),locatedIn,Miraflores District,Costa Verde (Peru)
Costa Verde (Peru),locatedIn,Barranco District,Costa Verde (Peru)
Costa Verde (Peru),knownFor,scenic views,Costa Verde (Peru)
Costa Verde (Peru),hasFeature,highway,Costa Verde (Peru)
Costa Verde (Peru),has,restaurants,Costa Verde (Peru)
Üç Şerefeli Mosque,instanceOf,Mosque,Üç Şerefeli Mosque
Üç Şerefeli Mosque,instanceOf,Ottoman mosque,Üç Şerefeli Mosque
Üç Şerefeli Mosque,instanceOf,place of worship,Üç Şerefeli Mosque
Üç Şerefeli Mosque,locatedIn,Edirne,Üç Şerefeli Mosque
Üç Şerefeli Mosque,locatedIn,Turkey,Üç Şerefeli Mosque
Üç Şerefeli Mosque,builtBy,Murad II,Üç Şerefeli Mosque
Üç Şerefeli Mosque,commissionedBy,Murad II,Üç Şerefeli Mosque
Üç Şerefeli Mosque,startDate,1438,Üç Şerefeli Mosque
Üç Şerefeli Mosque,endDate,1447,Üç Şerefeli Mosque
Üç Şerefeli Mosque,architecturalStyle,Ottoman architecture,Üç Şerefeli Mosque
Üç Şerefeli Mosque,hasFeature,four minarets,Üç Şerefeli Mosque
Üç Şerefeli Mosque,hasFeature,three balconies,Üç Şerefeli Mosque
Üç Şerefeli Mosque,hasFeature,large courtyard,Üç Şerefeli Mosque
Üç Şerefeli Mosque,hasFeature,fountain,Üç Şerefeli Mosque
Üç Şerefeli Mosque,hasFeature,central dome,Üç Şerefeli Mosque
Üç Şerefeli Mosque,alsoKnownAs,Uc Serefeli Camii,Üç Şerefeli Mosque
Üç Şerefeli Mosque,alsoKnownAs,Üçşerefeli Cami,Üç Şerefeli Mosque
Üç Şerefeli Mosque,religion,Islam,Üç Şerefeli Mosque
Üç Şerefeli Mosque,country,Turkey,Üç Şerefeli Mosque
Üç Şerefeli Mosque,city,Edirne,Üç Şerefeli Mosque
Nagao Station (Kagawa),instanceOf,railway station,Nagao Station (Kagawa)
Nagao Station (Kagawa),locatedIn,Japan,Nagao Station (Kagawa)
Nagao Station (Kagawa),locatedIn,Kagawa Prefecture,Nagao Station (Kagawa)
Nagao Station (Kagawa),locatedIn,Takamatsu,Nagao Station (Kagawa)
Nagao Station (Kagawa),operator,Takamatsu-Kotohira Electric Railroad,Nagao Station (Kagawa)
Nagao Station (Kagawa),partOf,Nagao Line,Nagao Station (Kagawa)
Nagao Station (Kagawa),nativeName,長尾駅,Nagao Station (Kagawa)
Nagao Station (Kagawa),isTerminusOf,Nagao Line,Nagao Station (Kagawa)
George Henry Hall (artist),instanceOf,painter,George Henry Hall (artist)
George Henry Hall (artist),dateOfBirth,1825-09-21,George Henry Hall (artist)
George Henry Hall (artist),placeOfBirth,Boston,George Henry Hall (artist)
George Henry Hall (artist),dateOfDeath,1913-02-17,George Henry Hall (artist)
George Henry Hall (artist),placeOfDeath,New York City,George Henry Hall (artist)
George Henry Hall (artist),countryOfCitizenship,United States,George Henry Hall (artist)
George Henry Hall (artist),occupation,painter,George Henry Hall (artist)
George Henry Hall (artist),genre,still life,George Henry Hall (artist)
George Henry Hall (artist),genre,genre painting,George Henry Hall (artist)
George Henry Hall (artist),genre,Orientalist painting,George Henry Hall (artist)
George Henry Hall (artist),educatedAt,Düsseldorf Academy,George Henry Hall (artist)
George Henry Hall (artist),residence,Paris,George Henry Hall (artist)
George Henry Hall (artist),residence,Rome,George Henry Hall (artist)
George Henry Hall (artist),memberOf,National Academy of Design,George Henry Hall (artist)
George Henry Hall (artist),notableWork,A Dead Rabbit,George Henry Hall (artist)
Crystal chemistry,instanceOf,Scientific discipline,Crystal chemistry
Crystal chemistry,subfieldOf,Chemistry,Crystal chemistry
Crystal chemistry,relatedTo,Crystallography,Crystal chemistry
Crystal chemistry,relatedTo,Solid state chemistry,Crystal chemistry
Crystal chemistry,relatedTo,Materials science,Crystal chemistry
Crystal chemistry,relatedTo,Mineralogy,Crystal chemistry
Crystal chemistry,studies,Crystal structure,Crystal chemistry
Crystal chemistry,studies,Atomic arrangement,Crystal chemistry
Crystal chemistry,studies,Chemical bonding in solids,Crystal chemistry
Crystal chemistry,studies,Crystal defects,Crystal chemistry
Crystal chemistry,studies,Ionic radii,Crystal chemistry
Crystal chemistry,studies,Coordination polyhedra,Crystal chemistry
Crystal chemistry,uses,X-ray diffraction,Crystal chemistry
Crystal chemistry,uses,Neutron diffraction,Crystal chemistry
Crystal chemistry,uses,Electron microscopy,Crystal chemistry
Crystal chemistry,aimsTo,Correlate structure and properties,Crystal chemistry
Crystal chemistry,aimsTo,Predict crystal structures,Crystal chemistry
Crystal chemistry,partOf,Inorganic chemistry,Crystal chemistry
Tibetan serin,instanceOf,bird,Tibetan serin
Tibetan serin,hasScientificName,Spinus thibetanus,Tibetan serin
Tibetan serin,family,Fringillidae,Tibetan serin
Tibetan serin,order,Passeriformes,Tibetan serin
Tibetan serin,class,Aves,Tibetan serin
Tibetan serin,phylum,Chordata,Tibetan serin
Tibetan serin,kingdom,Animalia,Tibetan serin
Tibetan serin,alsoKnownAs,Tibetan siskin,Tibetan serin
Tibetan serin,nativeTo,Himalayas,Tibetan serin
Tibetan serin,nativeTo,China,Tibetan serin
Tibetan serin,nativeTo,India,Tibetan serin
Tibetan serin,nativeTo,Nepal,Tibetan serin
Tibetan serin,nativeTo,Bhutan,Tibetan serin
Tibetan serin,nativeTo,Myanmar,Tibetan serin
Tibetan serin,diet,seeds,Tibetan serin
Tibetan serin,habitat,coniferous forests,Tibetan serin
Tibetan serin,habitat,montane forests,Tibetan serin
Tibetan serin,conservationStatus,Least Concern,Tibetan serin
2009 World Rhythmic Gymnastics Championships,instanceOf,World Rhythmic Gymnastics Championships,2009 World Rhythmic Gymnastics Championships
2009 World Rhythmic Gymnastics Championships,instanceOf,Sporting event,2009 World Rhythmic Gymnastics Championships
2009 World Rhythmic Gymnastics Championships,year,2009,2009 World Rhythmic Gymnastics Championships
2009 World Rhythmic Gymnastics Championships,hostCountry,Japan,2009 World Rhythmic Gymnastics Championships
2009 World Rhythmic Gymnastics Championships,hostCity,Ise,2009 World Rhythmic Gymnastics Championships
2009 World Rhythmic Gymnastics Championships,sport,Rhythmic gymnastics,2009 World Rhythmic Gymnastics Championships
2009 World Rhythmic Gymnastics Championships,governingBody,Fédération Internationale de Gymnastique,2009 World Rhythmic Gymnastics Championships
2009 World Rhythmic Gymnastics Championships,allAroundWinner,Evgenia Kanaeva,2009 World Rhythmic Gymnastics Championships
2009 World Rhythmic Gymnastics Championships,heldInMonth,September,2009 World Rhythmic Gymnastics Championships
Wyoming Game and Fish Department,instanceOf,state agency,Wyoming Game and Fish Department
Wyoming Game and Fish Department,instanceOf,wildlife management agency,Wyoming Game and Fish Department
Wyoming Game and Fish Department,locatedIn,Wyoming,Wyoming Game and Fish Department
Wyoming Game and Fish Department,headquarteredIn,Cheyenne,Wyoming Game and Fish Department
Wyoming Game and Fish Department,abbreviatedAs,WGFD,Wyoming Game and Fish Department
Wyoming Game and Fish Department,partOf,Wyoming state government,Wyoming Game and Fish Department
Wyoming Game and Fish Department,responsibleFor,wildlife management,Wyoming Game and Fish Department
Wyoming Game and Fish Department,responsibleFor,fisheries management,Wyoming Game and Fish Department
Wyoming Game and Fish Department,responsibleFor,hunting regulation,Wyoming Game and Fish Department
Wyoming Game and Fish Department,responsibleFor,fishing regulation,Wyoming Game and Fish Department
Wyoming Game and Fish Department,responsibleFor,conservation,Wyoming Game and Fish Department
Wyoming Game and Fish Department,responsibleFor,law enforcement,Wyoming Game and Fish Department
Wyoming Game and Fish Department,issues,hunting licenses,Wyoming Game and Fish Department
Wyoming Game and Fish Department,issues,fishing licenses,Wyoming Game and Fish Department
Wyoming Game and Fish Department,manages,game animals,Wyoming Game and Fish Department
Wyoming Game and Fish Department,enforces,wildlife laws,Wyoming Game and Fish Department
Wyoming Game and Fish Department,hasWebsite,wgfd.wyo.gov,Wyoming Game and Fish Department
Tulane Green Wave women's basketball,instanceOf,NCAA Division I women's basketball team,Tulane Green Wave women's basketball
Tulane Green Wave women's basketball,represents,Tulane University,Tulane Green Wave women's basketball
Tulane Green Wave women's basketball,competesIn,NCAA Division I,Tulane Green Wave women's basketball
Tulane Green Wave women's basketball,memberOf,American Athletic Conference,Tulane Green Wave women's basketball
Tulane Green Wave women's basketball,locatedIn,New Orleans,Tulane Green Wave women's basketball
Tulane Green Wave women's basketball,locatedIn,Louisiana,Tulane Green Wave women's basketball
Tulane Green Wave women's basketball,hasColors,Olive green,Tulane Green Wave women's basketball
Tulane Green Wave women's basketball,hasColors,Sky blue,Tulane Green Wave women's basketball
Tulane Green Wave women's basketball,playsHomeGamesAt,Fogelman Arena,Tulane Green Wave women's basketball
Tulane Green Wave women's basketball,nickname,Green Wave,Tulane Green Wave women's basketball
Tulane Green Wave women's basketball,partOf,Tulane Green Wave athletics,Tulane Green Wave women's basketball
Tulane Green Wave women's basketball,governedBy,NCAA,Tulane Green Wave women's basketball
Tulane Green Wave women's basketball,sport,Basketball,Tulane Green Wave women's basketball
Tulane Green Wave women's basketball,gender,Women's,Tulane Green Wave women's basketball
Tulane Green Wave women's basketball,division,Division I,Tulane Green Wave women's basketball
Tulane Green Wave women's basketball,affiliation,Tulane University,Tulane Green Wave women's basketball
Tulane Green Wave women's basketball,venue,Devlin Fieldhouse,Tulane Green Wave women's basketball
Boomerang (2015 film),instanceOf,Film,Boomerang (2015 film)
Boomerang (2015 film),director,François Favrat,Boomerang (2015 film)
Boomerang (2015 film),countryOfOrigin,France,Boomerang (2015 film)
Boomerang (2015 film),language,French,Boomerang (2015 film)
Boomerang (2015 film),genre,Comedy,Boomerang (2015 film)
Boomerang (2015 film),releaseYear,2015,Boomerang (2015 film)
Boomerang (2015 film),starring,Laurent Lafitte,Boomerang (2015 film)
Boomerang (2015 film),starring,Mélanie Doutey,Boomerang (2015 film)
Boomerang (2015 film),starring,Sara Giraudeau,Boomerang (2015 film)
Boomerang (2015 film),starring,Wladimir Yordanoff,Boomerang (2015 film)
Boomerang (2015 film),starring,Hervé Pierre,Boomerang (2015 film)
Homocitrulline,instanceOf,amino acid,Homocitrulline
Homocitrulline,instanceOf,non-proteinogenic amino acid,Homocitrulline
Homocitrulline,instanceOf,L-alpha-amino acid,Homocitrulline
Homocitrulline,chemicalFormula,C7H15N3O3,Homocitrulline
Homocitrulline,hasIUPACName,(2S)-2-amino-6-(carbamoylamino)hexanoic acid,Homocitrulline
Homocitrulline,alternativeName,N(6)-carbamoyl-L-lysine,Homocitrulline
Homocitrulline,isDerivedFrom,L-lysine,Homocitrulline
Homocitrulline,isHomologOf,citrulline,Homocitrulline
Homocitrulline,hasRole,metabolite,Homocitrulline
Homocitrulline,associatedWith,ornithine transcarbamylase deficiency,Homocitrulline
Homocitrulline,foundIn,urine,Homocitrulline
Homocitrulline,foundIn,blood plasma,Homocitrulline
Commandant (rank),instanceOf,Military rank,Commandant (rank)
Commandant (rank),usedBy,French Army,Commandant (rank)
Commandant (rank),usedBy,Belgian Armed Forces,Commandant (rank)
Commandant (rank),usedBy,Luxembourg Armed Forces,Commandant (rank)
Commandant (rank),equivalentTo,Major,Commandant (rank)
Commandant (rank),superiorTo,Captain,Commandant (rank)
Commandant (rank),subordinateTo,Lieutenant colonel,Commandant (rank)
Commandant (rank),NATOCode,OF-3,Commandant (rank)
Commandant (rank),countryOfOrigin,France,Commandant (rank)
Commandant (rank),isCommissionedOfficerRank,true,Commandant (rank)
Rocket.Chat,instanceOf,software,Rocket.Chat
Rocket.Chat,instanceOf,web application,Rocket.Chat
Rocket.Chat,instanceOf,chat platform,Rocket.Chat
Rocket.Chat,instanceOf,open-source project,Rocket.Chat
Rocket.Chat,alternativeTo,Slack,Rocket.Chat
Rocket.Chat,supports,real-time messaging,Rocket.Chat
Rocket.Chat,supports,video calls,Rocket.Chat
Rocket.Chat,supports,voice calls,Rocket.Chat
Rocket.Chat,supports,file sharing,Rocket.Chat
Rocket.Chat,supports,screen sharing,Rocket.Chat
Rocket.Chat,supports,end-to-end encryption,Rocket.Chat
Rocket.Chat,supports,API integrations,Rocket.Chat
Rocket.Chat,supports,bots,Rocket.Chat
Rocket.Chat,supports,channels,Rocket.Chat
Rocket.Chat,supports,direct messages,Rocket.Chat
Rocket.Chat,canBe,self-hosted,Rocket.Chat
Rocket.Chat,canBe,cloud-hosted,Rocket.Chat
Rocket.Chat,availableOn,web,Rocket.Chat
Rocket.Chat,availableOn,iOS,Rocket.Chat
Rocket.Chat,availableOn,Android,Rocket.Chat
Rocket.Chat,availableOn,Windows,Rocket.Chat
Rocket.Chat,availableOn,macOS,Rocket.Chat
Rocket.Chat,availableOn,Linux,Rocket.Chat
Rocket.Chat,developedUsing,JavaScript,Rocket.Chat
Rocket.Chat,developedUsing,Meteor,Rocket.Chat
Rocket.Chat,uses,MongoDB,Rocket.Chat
Rocket.Chat,developedBy,Rocket.Chat Technologies Corp.,Rocket.Chat
Rocket.Chat,foundedBy,Gabriel Engel,Rocket.Chat
Rocket.Chat,website,rocket.chat,Rocket.Chat
Brackwede station,instanceOf,railway station,Brackwede station
Brackwede station,locatedIn,Bielefeld,Brackwede station
Brackwede station,locatedIn,Brackwede,Brackwede station
Brackwede station,locatedIn,North Rhine-Westphalia,Brackwede station
Brackwede station,country,Germany,Brackwede station
Brackwede station,operatedBy,Deutsche Bahn,Brackwede station
Brackwede station,partOf,Hamm–Minden railway,Brackwede station
Brackwede station,openingDate,1847,Brackwede station
Martin Hume Johnson,instanceOf,Person,Martin Hume Johnson
Martin Hume Johnson,instanceOf,Scientist,Martin Hume Johnson
Martin Hume Johnson,nationality,British,Martin Hume Johnson
Martin Hume Johnson,gender,Male,Martin Hume Johnson
Martin Hume Johnson,birthYear,1945,Martin Hume Johnson
Martin Hume Johnson,occupation,Professor,Martin Hume Johnson
Martin Hume Johnson,employer,University of Cambridge,Martin Hume Johnson
Martin Hume Johnson,position,Professor of Reproductive Sciences,Martin Hume Johnson
Martin Hume Johnson,field,Developmental biology,Martin Hume Johnson
Martin Hume Johnson,field,Reproductive biology,Martin Hume Johnson
Martin Hume Johnson,field,Embryology,Martin Hume Johnson
Martin Hume Johnson,affiliation,"Department of Physiology, Development and Neuroscience",Martin Hume Johnson
Martin Hume Johnson,status,Professor Emeritus,Martin Hume Johnson
Martin Hume Johnson,knownFor,Research on preimplantation mammalian development,Martin Hume Johnson
Martin Hume Johnson,authorOf,Essential Reproduction,Martin Hume Johnson
Bayerisches Armeemuseum,instanceOf,Museum,Bayerisches Armeemuseum
Bayerisches Armeemuseum,locatedIn,Ingolstadt,Bayerisches Armeemuseum
Bayerisches Armeemuseum,locatedIn,Bavaria,Bayerisches Armeemuseum
Bayerisches Armeemuseum,locatedIn,Germany,Bayerisches Armeemuseum
Bayerisches Armeemuseum,hasEnglishName,Bavarian Army Museum,Bayerisches Armeemuseum
Bayerisches Armeemuseum,focus,Bavarian military history,Bayerisches Armeemuseum
Bayerisches Armeemuseum,housedIn,Reduit Tilly,Bayerisches Armeemuseum
Bayerisches Armeemuseum,foundedIn,1879,Bayerisches Armeemuseum
Bayerisches Armeemuseum,foundedIn,Munich,Bayerisches Armeemuseum
Bayerisches Armeemuseum,movedTo,Ingolstadt,Bayerisches Armeemuseum
Bayerisches Armeemuseum,movedIn,1972,Bayerisches Armeemuseum
Bayerisches Armeemuseum,hasExhibitsOn,Thirty Years' War,Bayerisches Armeemuseum
Bayerisches Armeemuseum,hasExhibitsOn,Napoleonic Wars,Bayerisches Armeemuseum
Bayerisches Armeemuseum,hasExhibitsOn,World War I,Bayerisches Armeemuseum
Bayerisches Armeemuseum,hasExhibitsOn,World War II,Bayerisches Armeemuseum
Raoul Hyman,instanceOf,Person,Raoul Hyman
Raoul Hyman,occupation,Racing driver,Raoul Hyman
Raoul Hyman,dateOfBirth,1996-05-12,Raoul Hyman
Raoul Hyman,placeOfBirth,Durban,Raoul Hyman
Raoul Hyman,nationality,South Africa,Raoul Hyman
Raoul Hyman,competesIn,FIA Formula 3 Championship,Raoul Hyman
Ten Ren Tea,instanceOf,Company,Ten Ren Tea
Ten Ren Tea,instanceOf,Tea retailer,Ten Ren Tea
Ten Ren Tea,headquarteredIn,Taiwan,Ten Ren Tea
Ten Ren Tea,origin,Taiwan,Ten Ren Tea
Ten Ren Tea,specializesIn,Chinese tea,Ten Ren Tea
Ten Ren Tea,specializesIn,Oolong tea,Ten Ren Tea
Ten Ren Tea,specializesIn,Green tea,Ten Ren Tea
Ten Ren Tea,specializesIn,Pu-erh tea,Ten Ren Tea
Ten Ren Tea,sells,Loose leaf tea,Ten Ren Tea
Ten Ren Tea,sells,Tea beverages,Ten Ren Tea
Ten Ren Tea,operatesIn,Taiwan,Ten Ren Tea
Ten Ren Tea,operatesIn,United States,Ten Ren Tea
Ten Ren Tea,operatesIn,Canada,Ten Ren Tea
Ten Ren Tea,category,Food and beverage,Ten Ren Tea
E. Talbot Donaldson,instanceOf,Person,E. Talbot Donaldson
E. Talbot Donaldson,fullName,Ethelbert Talbot Donaldson,E. Talbot Donaldson
E. Talbot Donaldson,birthYear,1910,E. Talbot Donaldson
E. Talbot Donaldson,deathYear,1989,E. Talbot Donaldson
E. Talbot Donaldson,nationality,American,E. Talbot Donaldson
E. Talbot Donaldson,profession,medievalist,E. Talbot Donaldson
E. Talbot Donaldson,profession,literary scholar,E. Talbot Donaldson
E. Talbot Donaldson,profession,professor,E. Talbot Donaldson
E. Talbot Donaldson,employer,Yale University,E. Talbot Donaldson
E. Talbot Donaldson,employer,Indiana University,E. Talbot Donaldson
E. Talbot Donaldson,field,Middle English literature,E. Talbot Donaldson
E. Talbot Donaldson,field,Chaucer studies,E. Talbot Donaldson
E. Talbot Donaldson,knownFor,editions of Piers Plowman,E. Talbot Donaldson
E. Talbot Donaldson,knownFor,work on Geoffrey Chaucer,E. Talbot Donaldson
E. Talbot Donaldson,authorOf,Speaking of Chaucer,E. Talbot Donaldson
E. Talbot Donaldson,authorOf,Piers Plowman: The C-Text and Its Poet,E. Talbot Donaldson
Dorothea Waley Singer,instanceOf,Person,Dorothea Waley Singer
Dorothea Waley Singer,birthYear,1882,Dorothea Waley Singer
Dorothea Waley Singer,deathYear,1964,Dorothea Waley Singer
Dorothea Waley Singer,nationality,British,Dorothea Waley Singer
Dorothea Waley Singer,gender,Female,Dorothea Waley Singer
Dorothea Waley Singer,occupation,Historian,Dorothea Waley Singer
Dorothea Waley Singer,field,History of science,Dorothea Waley Singer
Dorothea Waley Singer,field,History of medicine,Dorothea Waley Singer
Dorothea Waley Singer,field,History of alchemy,Dorothea Waley Singer
Dorothea Waley Singer,spouse,Charles Singer,Dorothea Waley Singer
Dorothea Waley Singer,knownFor,Cataloguing alchemical manuscripts,Dorothea Waley Singer
Dorothea Waley Singer,authorOf,Catalogue of Latin and Vernacular Alchemical Manuscripts in Great Britain and Ireland,Dorothea Waley Singer
Dorothea Waley Singer,countryOfCitizenship,United Kingdom,Dorothea Waley Singer
Dorothea Waley Singer,workPeriod,20th century,Dorothea Waley Singer
The Adventures of Nicholas Nickleby,instanceOf,novel,The Adventures of Nicholas Nickleby
The Adventures of Nicholas Nickleby,author,Charles Dickens,The Adventures of Nicholas Nickleby
The Adventures of Nicholas Nickleby,serialPublicationStart,1838,The Adventures of Nicholas Nickleby
The Adventures of Nicholas Nickleby,serialPublicationEnd,1839,The Adventures of Nicholas Nickleby
The Adventures of Nicholas Nickleby,publicationYear,1839,The Adventures of Nicholas Nickleby
The Adventures of Nicholas Nickleby,publisher,Chapman & Hall,The Adventures of Nicholas Nickleby
The Adventures of Nicholas Nickleby,illustrator,Hablot Knight Browne,The Adventures of Nicholas Nickleby
The Adventures of Nicholas Nickleby,language,English,The Adventures of Nicholas Nickleby
The Adventures of Nicholas Nickleby,country,United Kingdom,The Adventures of Nicholas Nickleby
The Adventures of Nicholas Nickleby,genre,social novel,The Adventures of Nicholas Nickleby
The Adventures of Nicholas Nickleby,genre,picaresque,The Adventures of Nicholas Nickleby
The Adventures of Nicholas Nickleby,protagonist,Nicholas Nickleby,The Adventures of Nicholas Nickleby
The Adventures of Nicholas Nickleby,character,Kate Nickleby,The Adventures of Nicholas Nickleby
The Adventures of Nicholas Nickleby,character,Ralph Nickleby,The Adventures of Nicholas Nickleby
The Adventures of Nicholas Nickleby,character,Smike,The Adventures of Nicholas Nickleby
The Adventures of Nicholas Nickleby,character,Wackford Squeers,The Adventures of Nicholas Nickleby
The Adventures of Nicholas Nickleby,setting,London,The Adventures of Nicholas Nickleby
The Adventures of Nicholas Nickleby,setting,Yorkshire,The Adventures of Nicholas Nickleby
The Adventures of Nicholas Nickleby,theme,child labor,The Adventures of Nicholas Nickleby
The Adventures of Nicholas Nickleby,theme,social injustice,The Adventures of Nicholas Nickleby
The Adventures of Nicholas Nickleby,theme,family,The Adventures of Nicholas Nickleby
The Adventures of Nicholas Nickleby,adaptedAs,film,The Adventures of Nicholas Nickleby
The Adventures of Nicholas Nickleby,adaptedAs,television series,The Adventures of Nicholas Nickleby
The Adventures of Nicholas Nickleby,adaptedAs,stage play,The Adventures of Nicholas Nickleby
Anne Buttimer,instanceOf,Person,Anne Buttimer
Anne Buttimer,instanceOf,Geographer,Anne Buttimer
Anne Buttimer,birthDate,1938-10-31,Anne Buttimer
Anne Buttimer,birthPlace,"Cork, Ireland",Anne Buttimer
Anne Buttimer,deathDate,2017-07-15,Anne Buttimer
Anne Buttimer,deathPlace,"Dublin, Ireland",Anne Buttimer
Anne Buttimer,nationality,Irish,Anne Buttimer
Anne Buttimer,educatedAt,University College Cork,Anne Buttimer
Anne Buttimer,educatedAt,University of Washington,Anne Buttimer
Anne Buttimer,employer,University College Dublin,Anne Buttimer
Anne Buttimer,position,Professor of Geography,Anne Buttimer
Anne Buttimer,presidentOf,International Geographical Union,Anne Buttimer
Anne Buttimer,termStart,2000,Anne Buttimer
Anne Buttimer,termEnd,2004,Anne Buttimer
Anne Buttimer,knownFor,Humanistic geography,Anne Buttimer
Anne Buttimer,knownFor,Social geography,Anne Buttimer
Anne Buttimer,award,Vautrin Lud Prize,Anne Buttimer
Ross Barkley,instanceOf,Footballer,Ross Barkley
Ross Barkley,dateOfBirth,5 December 1993,Ross Barkley
Ross Barkley,birthPlace,Liverpool,Ross Barkley
Ross Barkley,birthCountry,England,Ross Barkley
Ross Barkley,nationality,English,Ross Barkley
Ross Barkley,position,Midfielder,Ross Barkley
Ross Barkley,currentClub,Luton Town,Ross Barkley
Ross Barkley,formerClub,Everton,Ross Barkley
Ross Barkley,formerClub,Chelsea,Ross Barkley
Ross Barkley,formerClub,Aston Villa,Ross Barkley
Ross Barkley,nationalTeam,England,Ross Barkley
Ross Barkley,height,1.89 m,Ross Barkley
Ross Barkley,youthClub,Everton,Ross Barkley
Ross Barkley,professionalDebutClub,Everton,Ross Barkley
Ross Barkley,transferYearChelsea,2018,Ross Barkley
Ross Barkley,loanYearAstonVilla,2020,Ross Barkley
Ross Barkley,joinedYearLutonTown,2023,Ross Barkley
Ross Barkley,worldCupSquad,2018,Ross Barkley
Ross Barkley,playingStyle,Dribbling,Ross Barkley
Ross Barkley,playingStyle,Long-range shooting,Ross Barkley
Ross Barkley,foot,Right,Ross Barkley
1995–96 Arkansas Razorbacks men's basketball team,instanceOf,NCAA Division I men's basketball team,1995–96 Arkansas Razorbacks men's basketball team
1995–96 Arkansas Razorbacks men's basketball team,represents,University of Arkansas,1995–96 Arkansas Razorbacks men's basketball team
1995–96 Arkansas Razorbacks men's basketball team,competesIn,Southeastern Conference,1995–96 Arkansas Razorbacks men's basketball team
1995–96 Arkansas Razorbacks men's basketball team,headCoach,Nolan Richardson,1995–96 Arkansas Razorbacks men's basketball team
1995–96 Arkansas Razorbacks men's basketball team,homeArena,Bud Walton Arena,1995–96 Arkansas Razorbacks men's basketball team
1995–96 Arkansas Razorbacks men's basketball team,season,1995-96,1995–96 Arkansas Razorbacks men's basketball team
1995–96 Arkansas Razorbacks men's basketball team,nickname,Razorbacks,1995–96 Arkansas Razorbacks men's basketball team
1995–96 Arkansas Razorbacks men's basketball team,affiliation,Arkansas Razorbacks,1995–96 Arkansas Razorbacks men's basketball team
1995–96 Arkansas Razorbacks men's basketball team,participatedIn,1996 NCAA Division I men's basketball tournament,1995–96 Arkansas Razorbacks men's basketball team
2011–12 Harvard Crimson men's basketball team,instanceOf,NCAA Division I men's basketball team,2011–12 Harvard Crimson men's basketball team
2011–12 Harvard Crimson men's basketball team,represents,Harvard University,2011–12 Harvard Crimson men's basketball team
2011–12 Harvard Crimson men's basketball team,conference,Ivy League,2011–12 Harvard Crimson men's basketball team
2011–12 Harvard Crimson men's basketball team,headCoach,Tommy Amaker,2011–12 Harvard Crimson men's basketball team
2011–12 Harvard Crimson men's basketball team,homeArena,Lavietes Pavilion,2011–12 Harvard Crimson men's basketball team
2011–12 Harvard Crimson men's basketball team,overallRecord,26-5,2011–12 Harvard Crimson men's basketball team
2011–12 Harvard Crimson men's basketball team,conferenceRecord,12-2,2011–12 Harvard Crimson men's basketball team
2011–12 Harvard Crimson men's basketball team,conferenceStanding,1st,2011–12 Harvard Crimson men's basketball team
2011–12 Harvard Crimson men's basketball team,won,Ivy League regular season championship,2011–12 Harvard Crimson men's basketball team
2011–12 Harvard Crimson men's basketball team,qualifiedFor,2012 NCAA Division I men's basketball tournament,2011–12 Harvard Crimson men's basketball team
2011–12 Harvard Crimson men's basketball team,seed,14,2011–12 Harvard Crimson men's basketball team
2011–12 Harvard Crimson men's basketball team,firstRoundOpponent,Vanderbilt Commodores,2011–12 Harvard Crimson men's basketball team
2011–12 Harvard Crimson men's basketball team,firstRoundResult,lost 49-68,2011–12 Harvard Crimson men's basketball team
2011–12 Harvard Crimson men's basketball team,player,Kyle Casey,2011–12 Harvard Crimson men's basketball team
2011–12 Harvard Crimson men's basketball team,player,Keith Wright,2011–12 Harvard Crimson men's basketball team
2011–12 Harvard Crimson men's basketball team,player,Laurent Rivard,2011–12 Harvard Crimson men's basketball team
2011–12 Harvard Crimson men's basketball team,player,Brandyn Curry,2011–12 Harvard Crimson men's basketball team
2011–12 Harvard Crimson men's basketball team,player,Oliver McNally,2011–12 Harvard Crimson men's basketball team
