subject,predicate,object,subject_name
subject,predicate,object,Little Brosna River
Little Brosna River,P31,River,Little Brosna River
Little Brosna River,P100,Ireland,Little Brosna River
Little Brosna River,P19,Brosna River,Little Brosna River
Little Brosna River,P131,County Offaly,Little Brosna River
subject,predicate,object,"Fokino, Bryansk Oblast"
Fokino,Bryansk Oblast,P31,"Fokino, Bryansk Oblast"
Fokino,Bryansk Oblast,P17,"Fokino, Bryansk Oblast"
Fokino,Bryansk Oblast,P27,"Fokino, Bryansk Oblast"
Fokino,Bryansk Oblast,P625,"Fokino, Bryansk Oblast"
Fokino,Bryansk Oblast,P571,"Fokino, Bryansk Oblast"
Fokino,Bryansk Oblast,P18,"Fokino, Bryansk Oblast"
Fokino,Bryansk Oblast,P279,"Fokino, Bryansk Oblast"
Fokino,Bryansk Oblast,P474,"Fokino, Bryansk Oblast"
Fokino,Bryansk Oblast,P769,"Fokino, Bryansk Oblast"
subject,predicate,object,Katie Kitamura
Katie Kitamura,instance of,writer,Katie Kitamura
Katie Kitamura,occupation,novelist,Katie Kitamura
Katie Kitamura,occupation,journalist,Katie Kitamura
Katie Kitamura,educated at,Yale Law School,Katie Kitamura
Katie Kitamura,employer,The New York Times,Katie Kitamura
Katie Kitamura,has written,novel,Katie Kitamura
Katie Kitamura,author of,The House at the End of Hope Street,Katie Kitamura
Katie Kitamura,author of,The City of Saints and Thieves,Katie Kitamura
Katie Kitamura,author of,The Last Thing He Told Me,Katie Kitamura
Katie Kitamura,language of work,English,Katie Kitamura
Katie Kitamura,genre,literary fiction,Katie Kitamura
Katie Kitamura,genre,mystery,Katie Kitamura
Katie Kitamura,nationality,American,Katie Kitamura
Katie Kitamura,date of birth,1979,Katie Kitamura
Katie Kitamura,writes about,law,Katie Kitamura
Katie Kitamura,writes about,crime,Katie Kitamura
Katie Kitamura,based in,New York City,Katie Kitamura
Jorge Verstrynge,wdt:P31,Q5,Jorge Verstrynge
Jorge Verstrynge,wdt:P106,Q639669,Jorge Verstrynge
Jorge Verstrynge,wdt:P20,Q142,Jorge Verstrynge
Jorge Verstrynge,wdt:P569,Q28355843,Jorge Verstrynge
Jorge Verstrynge,wdt:P570,Q28355846,Jorge Verstrynge
Jorge Verstrynge,wdt:P18,Q28355845,Jorge Verstrynge
Jorge Verstrynge,wdt:P27,Q142,Jorge Verstrynge
Jorge Verstrynge,wdt:P734,Q28355844,Jorge Verstrynge
Jorge Verstrynge,wdt:P172,Verstrynge,Jorge Verstrynge
Jorge Verstrynge,wdt:P973,Verstrynge,Jorge Verstrynge
subject,predicate,object,Survivor: Kaôh Rōng
Survivor: Kaôh Rōng,P31,Reality television series,Survivor: Kaôh Rōng
subject,predicate,object,Bueng Kan province
Bueng Kan province,P31,Province of Thailand,Bueng Kan province
Bueng Kan province,P17,Thailand,Bueng Kan province
Bueng Kan province,P19,Isan,Bueng Kan province
Bueng Kan province,P30,Bueng Kan,Bueng Kan province
Bueng Kan province,P291,Administrative division of Thailand,Bueng Kan province
Bueng Kan province,P463,Bueng Kan Province,Bueng Kan province
Bueng Kan province,P1006,39,Bueng Kan province
Bueng Kan province,P1017,4136,Bueng Kan province
Bueng Kan province,P1025,22,Bueng Kan province
Bueng Kan province,P1034,Buddhism,Bueng Kan province
Bueng Kan province,P106,Q625,Bueng Kan province
Bueng Kan province,P108,List of districts of Thailand,Bueng Kan province
Bueng Kan province,P114,Mueang Bueng Kan District,Bueng Kan province
Bueng Kan province,P131,Isan,Bueng Kan province
Bueng Kan province,P136,UTC+7,Bueng Kan province
Bueng Kan province,P146,Thai,Bueng Kan province
Bueng Kan province,P150,Buddhism,Bueng Kan province
Bueng Kan province,P159,1770,Bueng Kan province
Bueng Kan province,P161,1770,Bueng Kan province
Bueng Kan province,P188,Seal of Bueng Kan Province,Bueng Kan province
Bueng Kan province,P242,Bueng Kan Province,Bueng Kan province
Bueng Kan province,P3007,Q15628,Bueng Kan province
Bueng Kan province,P306,Q515,Bueng Kan province
Bueng Kan province,P307,Q515,Bueng Kan province
Bueng Kan province,P310,Q15628,Bueng Kan province
subject,predicate,object,Whitmell P. Martin
Whitmell P. Martin,P31,Q5,Whitmell P. Martin
Whitmell P. Martin,P21,Q49757,Whitmell P. Martin
Whitmell P. Martin,P569,1876-04-22,Whitmell P. Martin
Whitmell P. Martin,P570,1962-04-30,Whitmell P. Martin
Whitmell P. Martin,P69,United States House of Representatives,Whitmell P. Martin
Whitmell P. Martin,P973,https://en.wikipedia.org/wiki/Whitmell_P._Martin,Whitmell P. Martin
Whitmell P. Martin,P106,Q120458,Whitmell P. Martin
Whitmell P. Martin,P19,Q159980,Whitmell P. Martin
Whitmell P. Martin,P27,Q159980,Whitmell P. Martin
Whitmell P. Martin,P1416,Martin Whitmell P.,Whitmell P. Martin
SM UB-74,P31,Submarine,SM UB-74
SM UB-74,P19,Germany,SM UB-74
SM UB-74,P46,German Empire,SM UB-74
SM UB-74,P58,1916,SM UB-74
SM UB-74,P973,Q515,SM UB-74
SM UB-74,P17,UB-74,SM UB-74
SM UB-74,P279,U-boat,SM UB-74
SM UB-74,P31,Ship,SM UB-74
SM UB-74,P840,German Empire Navy,SM UB-74
SM UB-74,P69,40,SM UB-74
SM UB-74,P70,4,SM UB-74
SM UB-74,P71,1,SM UB-74
SM UB-74,P27,1918,SM UB-74
SM UB-74,P656,Operation Hush,SM UB-74
SM UB-74,P513,UB-74,SM UB-74
SM UB-74,P544,Q1645102,SM UB-74
Vida Movahed,instance of,Human,Vida Movahed
Vida Movahed,given name,Vida,Vida Movahed
Vida Movahed,family name,Movahed,Vida Movahed
Vida Movahed,date of birth,1985,Vida Movahed
Vida Movahed,nationality,Iranian,Vida Movahed
Vida Movahed,occupation,Women's rights activist,Vida Movahed
Vida Movahed,participant of,2019 Iranian protests,Vida Movahed
Vida Movahed,arrested by,Government of Iran,Vida Movahed
Vida Movahed,convicted of,Inciting violence,Vida Movahed
Vida Movahed,imprisoned at,Qarchak Prison,Vida Movahed
Vida Movahed,has occupation,Activist,Vida Movahed
Vida Movahed,is a part of,Iranian women's movement,Vida Movahed
Vida Movahed,native language,Persian,Vida Movahed
Vida Movahed,has works in the collection,BBC News,Vida Movahed
Vida Movahed,has works in the collection,Al Jazeera,Vida Movahed
James Mendeika,instance of,human,James Mendeika
James Mendeika,given name,James,James Mendeika
James Mendeika,family name,Mendeika,James Mendeika
James Mendeika,country of citizenship,Lithuania,James Mendeika
James Mendeika,occupation,long jumper,James Mendeika
James Mendeika,date of birth,1990,James Mendeika
subject,predicate,object,Ministry of Justice (Niger)
subject,predicate,object,Horten Church
Horten Church,P31,Q515,Horten Church
Horten Church,P18,Q123456789,Horten Church
Horten Church,P17,Q123456,Horten Church
Horten Church,P279,Q123456,Horten Church
Horten Church,P31,Q62871,Horten Church
Horten Church,P143,Q123456,Horten Church
Horten Church,P569,1897,Horten Church
Horten Church,P585,1897-05-01,Horten Church
Horten Church,P6375,59.414444,Horten Church
Horten Church,P6376,10.483611,Horten Church
Horten Church,P973,Q123456,Horten Church
Horten Church,P106,Q590667,Horten Church
Horten Church,P463,Q123456,Horten Church
Horten Church,P676,Q123456,Horten Church
Horten Church,P758,Q123456,Horten Church
Horten Church,P853,Q123456,Horten Church
Q515 = Monument,Q62871 = Church building,Q590667 = Architect,Horten Church
Horten Church,P580,Q123456,Horten Church
Johannes Loccenius,instance of,historian,Johannes Loccenius
Johannes Loccenius,instance of,university teacher,Johannes Loccenius
Johannes Loccenius,instance of,writer,Johannes Loccenius
Johannes Loccenius,birth date,1640,Johannes Loccenius
Johannes Loccenius,birthplace,Uppsala,Johannes Loccenius
Johannes Loccenius,death date,13 July 1689,Johannes Loccenius
Johannes Loccenius,death place,Uppsala,Johannes Loccenius
Johannes Loccenius,educated at,Uppsala University,Johannes Loccenius
Johannes Loccenius,occupation,historian,Johannes Loccenius
Johannes Loccenius,occupation,university teacher,Johannes Loccenius
Johannes Loccenius,occupation,writer,Johannes Loccenius
Johannes Loccenius,position,professor,Johannes Loccenius
Johannes Loccenius,academic degree,Doctor of Philosophy,Johannes Loccenius
Johannes Loccenius,field of work,history,Johannes Loccenius
Johannes Loccenius,field of work,philosophy,Johannes Loccenius
Schizonycha ruficollis,instance of,Schizonycha,Schizonycha ruficollis
Schizonycha ruficollis,species,ruficollis,Schizonycha ruficollis
Schizonycha ruficollis,genus,Schizonycha,Schizonycha ruficollis
Schizonycha ruficollis,family,Melolonthidae,Schizonycha ruficollis
Schizonycha ruficollis,order,Coleoptera,Schizonycha ruficollis
Schizonycha ruficollis,class,Insecta,Schizonycha ruficollis
Schizonycha ruficollis,phylum,Arthropoda,Schizonycha ruficollis
Schizonycha ruficollis,kingdom,Animalia,Schizonycha ruficollis
Schizonycha ruficollis,found in,Africa,Schizonycha ruficollis
Schizonycha ruficollis,type locality,Africa,Schizonycha ruficollis
Horses Amphora,P31,Amphora,Horses Amphora
Horses Amphora,P18,Painting,Horses Amphora
Horses Amphora,P170,Pyotr Konchalovsky,Horses Amphora
Horses Amphora,P571,1930,Horses Amphora
Horses Amphora,P30,Russia,Horses Amphora
Horses Amphora,P14,The State Hermitage Museum,Horses Amphora
Horses Amphora,P973,Russian Art,Horses Amphora
Horses Amphora,P279,Painting by Pyotr Konchalovsky,Horses Amphora
Horses Amphora,P6375,Oil on canvas,Horses Amphora
Horses Amphora,P512,95 cm,Horses Amphora
Horses Amphora,P413,80 cm,Horses Amphora
Horses Amphora,P144,Horses,Horses Amphora
Horses Amphora,P973,Russian Art Online,Horses Amphora
Counter-Terrorism and Border Security Act 2019,P31,legislation,Counter-Terrorism and Border Security Act 2019
Counter-Terrorism and Border Security Act 2019,P18,United Kingdom,Counter-Terrorism and Border Security Act 2019
Counter-Terrorism and Border Security Act 2019,P577,2019,Counter-Terrorism and Border Security Act 2019
Counter-Terrorism and Border Security Act 2019,P1476,Counter-terrorism,Counter-Terrorism and Border Security Act 2019
Counter-Terrorism and Border Security Act 2019,P465,Border security,Counter-Terrorism and Border Security Act 2019
Counter-Terrorism and Border Security Act 2019,P249,Terrorism,Counter-Terrorism and Border Security Act 2019
Counter-Terrorism and Border Security Act 2019,P840,Royal assent,Counter-Terrorism and Border Security Act 2019
Counter-Terrorism and Border Security Act 2019,P973,https://www.legislation.gov.uk/ukpga/2019/3,Counter-Terrorism and Border Security Act 2019
Counter-Terrorism and Border Security Act 2019,P894,Parliament of the United Kingdom,Counter-Terrorism and Border Security Act 2019
Counter-Terrorism and Border Security Act 2019,P179,2019 in British law,Counter-Terrorism and Border Security Act 2019
Counter-Terrorism and Border Security Act 2019,P361,short title,Counter-Terrorism and Border Security Act 2019
Counter-Terrorism and Border Security Act 2019,P822,original publication date,Counter-Terrorism and Border Security Act 2019
Counter-Terrorism and Border Security Act 2019,P973,official URL,Counter-Terrorism and Border Security Act 2019
Counter-Terrorism and Border Security Act 2019,P1416,date promulgated,Counter-Terrorism and Border Security Act 2019
Counter-Terrorism and Border Security Act 2019,P5,has part,Counter-Terrorism and Border Security Act 2019
subject,predicate,object,Tixpéhual Municipality
Tixpéhual Municipality,instance of,municipality,Tixpéhual Municipality
Tixpéhual Municipality,located in,Yucatán,Tixpéhual Municipality
Tixpéhual Municipality,capital,Tixpéhual,Tixpéhual Municipality
Tixpéhual Municipality,elevation,10,Tixpéhual Municipality
Tixpéhual Municipality,area,161.29,Tixpéhual Municipality
Tixpéhual Municipality,time zone,UTC-6,Tixpéhual Municipality
Tixpéhual Municipality,has part,Tixpéhual,Tixpéhual Municipality
Tixpéhual Municipality,is a part of,Yucatán Municipality,Tixpéhual Municipality
Tixpéhual Municipality,located near,Mérida,Tixpéhual Municipality
Tixpéhual Municipality,has boundary,Tizimín Municipality,Tixpéhual Municipality
Tixpéhual Municipality,has boundary,Caxalá,Tixpéhual Municipality
Tixpéhual Municipality,has boundary,Motul Municipality,Tixpéhual Municipality
Tixpéhual Municipality,economy,agriculture,Tixpéhual Municipality
Tixpéhual Municipality,economy,tourism,Tixpéhual Municipality
Tixpéhual Municipality,has indigenous community,Maya people,Tixpéhual Municipality
Tixpéhual Municipality,official language,Spanish,Tixpéhual Municipality
Tixpéhual Municipality,has festival,Fiesta de la Santa Cruz,Tixpéhual Municipality
Tixpéhual Municipality,has educational institution,school,Tixpéhual Municipality
Tixpéhual Municipality,has healthcare institution,hospital,Tixpéhual Municipality
Brand USA,instance of,tourism campaign,Brand USA
Brand USA,country,United States,Brand USA
Brand USA,purpose,tourism promotion,Brand USA
Brand USA,launched by,U.S. Department of Commerce,Brand USA
Brand USA,launched in,2002,Brand USA
Brand USA,aimed at,international tourists,Brand USA
Brand USA,has slogan,USA: You America,Brand USA
Brand USA,has website,brandusa.gov,Brand USA
Brand USA,funded by,U.S. government,Brand USA
Brand USA,goal,increase tourism to the United States,Brand USA
Brand USA,target audience,international travelers,Brand USA
Brand USA,marketing strategy,social media,Brand USA
Brand USA,partner,National Tourism and Travel Office,Brand USA
Brand USA,partner,U.S. Travel Association,Brand USA
Brand USA,reports to,U.S. Secretary of Commerce,Brand USA
Brand USA,budget,$12 million,Brand USA
Brand USA,annual visitors,75 million,Brand USA
Brand USA,created under,U.S. Tourism and Travel Advisory Board,Brand USA
Brand USA,type,advertising campaign,Brand USA
Brand USA,language,English,Brand USA
Brand USA,promotion,travel to the United States,Brand USA
Brand USA,focus,safety,Brand USA
Brand USA,focus,diversity,Brand USA
Brand USA,industry,tourism,Brand USA
Brand USA,location,United States,Brand USA
Brand USA,has CEO,Christopher Nassetta,Brand USA
Brand USA,has partner,U.S. Chamber of Commerce,Brand USA
Brand USA,collaborates with,U.S. embassy,Brand USA
Brand USA,collaborates with,U.S. consulate,Brand USA
Brand USA,uses,Facebook,Brand USA
Brand USA,uses,Twitter,Brand USA
Brand USA,uses,Instagram,Brand USA
Brand USA,has partner,Brand USA Board of Directors,Brand USA
Brand USA,evaluated by,Office of Inspector General,Brand USA
Brand USA,evaluated by,Government Accountability Office,Brand USA
Brand USA,has impact,economic growth,Brand USA
Brand USA,has impact,job creation,Brand USA
Brand USA,promotes,travel,Brand USA
Brand USA,promotes,tourism,Brand USA
Brand USA,conducts,market research,Brand USA
Brand USA,conducts,advertising campaigns,Brand USA
Brand USA,conducts,public relations,Brand USA
Brand USA,has objective,increase travel,Brand USA
Brand USA,has objective,promote travel,Brand USA
Brand USA,has objective,enhance image,Brand USA
Brand USA,partner of,National Travel and Tourism Office,Brand USA
Brand USA,supported by,U.S. Travel Association,Brand USA
Brand USA,supported by,U.S. Chamber of Commerce,Brand USA
Brand USA,supported by,U.S. business,Brand USA
subject,predicate,object,"Milbank Arms, Barningham"
subject,predicate,object,Draupner wave
Draupner wave,P31,storm surge,Draupner wave
Draupner wave,P19,North Sea,Draupner wave
Draupner wave,P18,Draupner platform,Draupner wave
Draupner wave,P31,freak wave,Draupner wave
Draupner wave,P279,sea storm,Draupner wave
Draupner wave,P17,Norway,Draupner wave
Draupner wave,P1341,25.5,Draupner wave
Draupner wave,P1340,13,Draupner wave
Draupner wave,P102,Q Norway,Draupner wave
Draupner wave,P973,https://en.wikipedia.org/wiki/Draupner_wave,Draupner wave
Draupner wave,P822,https://orcid.org/0000-0002-0056-3101,Draupner wave
2019 AQ3,instance of,asteroid,2019 AQ3
2019 AQ3,discovered by,Cristóvão Jacques,2019 AQ3
2019 AQ3,discovery date,4 January 2019,2019 AQ3
2019 AQ3,orbital period,452.6 days,2019 AQ3
2019 AQ3,perihelion,0.307 AU,2019 AQ3
2019 AQ3,aphelion,0.444 AU,2019 AQ3
2019 AQ3,semi-major axis,0.375 AU,2019 AQ3
2019 AQ3,eccentricity,0.185,2019 AQ3
2019 AQ3,inclination,17.1°,2019 AQ3
subject,predicate,object,Cartagena Cathedral
Cartagena Cathedral,P31,Cathedral,Cartagena Cathedral
Cartagena Cathedral,P21,Catholic cathedral,Cartagena Cathedral
Cartagena Cartagena Cathedral,P18,Colombia,Cartagena Cathedral
Cartagena Cathedral,P17,Cartagena,Cartagena Cathedral
Cartagena Cathedral,P279,Spanish colonial city,Cartagena Cathedral
Cartagena Cathedral,P6379,1573,Cartagena Cathedral
Cartagena Cathedral,P6378,1582,Cartagena Cathedral
Cartagena Cathedral,P6375,Roman Catholic Church,Cartagena Cathedral
Cartagena Cathedral,P6376,Bishop of Cartagena,Cartagena Cathedral
Cartagena Cathedral,P1416,Spanish Baroque architecture,Cartagena Cathedral
Cartagena Cathedral,P31,Building,Cartagena Cathedral
Cartagena Cathedral,P463,UNESCO World Heritage Site,Cartagena Cathedral
Cartagena Cathedral,P18,Colombia,Cartagena Cathedral
Cartagena Cathedral,P40,Architect,Cartagena Cathedral
Cartagena Cathedral,P166,Architectural style,Cartagena Cathedral
Cartagena Cathedral,P571,Inception,Cartagena Cathedral
Cartagena Cathedral,P629,Location,Cartagena Cathedral
WeTransfer,instance of,file sharing,WeTransfer
WeTransfer,founded by,Nik van Moll,WeTransfer
WeTransfer,founded by,Hajo Feijen,WeTransfer
WeTransfer,founded by,Marten Vos,WeTransfer
WeTransfer,headquarters location,Amsterdam,WeTransfer
WeTransfer,official website,wetransfer.com,WeTransfer
WeTransfer,uses,cloud storage,WeTransfer
WeTransfer,allows,file transfer,WeTransfer
WeTransfer,offers,free storage,WeTransfer
WeTransfer,offers,paid storage,WeTransfer
WeTransfer,has industry,software,WeTransfer
WeTransfer,has product,WeTransfer,WeTransfer
WeTransfer,has service,file transfer service,WeTransfer
WeTransfer,is a,cloud computing,WeTransfer
WeTransfer,is a,software company,WeTransfer
WeTransfer,P31,Q628953,WeTransfer
WeTransfer,P112,Q1145693,WeTransfer
WeTransfer,P112,Q2337461,WeTransfer
WeTransfer,P112,Q904724,WeTransfer
WeTransfer,P17,Q90,WeTransfer
WeTransfer,P973,wetransfer.com,WeTransfer
WeTransfer,P279,Q1085495,WeTransfer
WeTransfer,P463,Q1245354,WeTransfer
WeTransfer,P517,Q185071,WeTransfer
WeTransfer,P279,Q114630,WeTransfer
WeTransfer,P840,Q2337461,WeTransfer
WeTransfer,P136,Q193092,WeTransfer
subject,predicate,object,2016 FIFA U-17 Women's World Cup
2016 FIFA U-17 Women's World Cup,P31,FIFA U-17 Women's World Cup,2016 FIFA U-17 Women's World Cup
2016 FIFA U-17 Women's World Cup,P17,2016,2016 FIFA U-17 Women's World Cup
2016 FIFA U-17 Women's World Cup,P112,Women's football,2016 FIFA U-17 Women's World Cup
2016 FIFA U-17 Women's World Cup,P27,Trinidad and Tobago,2016 FIFA U-17 Women's World Cup
2016 FIFA U-17 Women's World Cup,P10,30,2016 FIFA U-17 Women's World Cup
2016 FIFA U-17 Women's World Cup,P14,13,2016 FIFA U-17 Women's World Cup
2016 FIFA U-17 Women's World Cup,P11,North Korea,2016 FIFA U-17 Women's World Cup
2016 FIFA U-17 Women's World Cup,P19,2016 FIFA U-17 Women's World Cup squads,2016 FIFA U-17 Women's World Cup
2016 FIFA U-17 Women's World Cup,P38,2016,2016 FIFA U-17 Women's World Cup
2016 FIFA U-17 Women's World Cup,P39,2016 FIFA U-17 Women's World Cup,2016 FIFA U-17 Women's World Cup
2016 FIFA U-17 Women's World Cup,P5,FIFA,2016 FIFA U-17 Women's World Cup
2016 FIFA U-17 Women's World Cup,P150,Category:2016 FIFA U-17 Women's World Cup,2016 FIFA U-17 Women's World Cup
2016 FIFA U-17 Women's World Cup,P807,https://www.fifa.com/womens-tournaments/u17/2016/index.html,2016 FIFA U-17 Women's World Cup
2016 FIFA U-17 Women's World Cup,P3452,2016 FIFA U-17 Women's World Cup,2016 FIFA U-17 Women's World Cup
2016 FIFA U-17 Women's World Cup,P856,https://conmebol.com/competicion/2016-fifa-u-17-womens-world-cup,2016 FIFA U-17 Women's World Cup
2016 FIFA U-17 Women's World Cup,P915,Category:International sports competitions in Trinidad and Tobago,2016 FIFA U-17 Women's World Cup
2016 FIFA U-17 Women's World Cup,P4,Association football,2016 FIFA U-17 Women's World Cup
2016 FIFA U-17 Women's World Cup,P580,2016 FIFA U-17 Women's World Cup,2016 FIFA U-17 Women's World Cup
2016 FIFA U-17 Women's World Cup,P818,https://en.wikipedia.org/wiki/2016_FIFA_U-17_Women%27s_World_Cup,2016 FIFA U-17 Women's World Cup
2016 FIFA U-17 Women's World Cup,P973,Category:Women's sports competitions in Trinidad and Tobago,2016 FIFA U-17 Women's World Cup
2016 FIFA U-17 Women's World Cup,P1416,6,2016 FIFA U-17 Women's World Cup
subject,predicate,object,Forever (Bon Jovi album)
subject,predicate,object,2012 World Junior Ice Hockey Championships
2012 World Junior Ice Hockey Championships,P31,Ice hockey tournament,2012 World Junior Ice Hockey Championships
2012 World Junior Ice Hockey Championships,P17,Canada,2012 World Junior Ice Hockey Championships
2012 World Junior Ice Hockey Championships,P19,2011-12-26,2012 World Junior Ice Hockey Championships
2012 World Junior Ice Hockey Championships,P25,2012-01-05,2012 World Junior Ice Hockey Championships
2012 World Junior Ice Hockey Championships,P11,2012 World Junior Ice Hockey Championships team rosters,2012 World Junior Ice Hockey Championships
2012 World Junior Ice Hockey Championships,P47,IIHF,2012 World Junior Ice Hockey Championships
2012 World Junior Ice Hockey Championships,P463,Ice hockey,2012 World Junior Ice Hockey Championships
2012 World Junior Ice Hockey Championships,P361,Finland,2012 World Junior Ice Hockey Championships
2012 World Junior Ice Hockey Championships,P27,2012 IIHF World Junior Ice Hockey Championships medal table,2012 World Junior Ice Hockey Championships
2012 World Junior Ice Hockey Championships,P973,2012 IIHF World Junior Ice Hockey Championships,2012 World Junior Ice Hockey Championships
2012 World Junior Ice Hockey Championships,P4,2012 IIHF World Junior Ice Hockey Championships,2012 World Junior Ice Hockey Championships
2012 World Junior Ice Hockey Championships,P5,20,2012 World Junior Ice Hockey Championships
2012 World Junior Ice Hockey Championships,P6,2012 IIHF World Junior Ice Hockey Championships format,2012 World Junior Ice Hockey Championships
2012 World Junior Ice Hockey Championships,P17,Sweden,2012 World Junior Ice Hockey Championships
2012 World Junior Ice Hockey Championships,P17,Russia,2012 World Junior Ice Hockey Championships
2012 World Junior Ice Hockey Championships,P17,Czech Republic,2012 World Junior Ice Hockey Championships
2012 World Junior Ice Hockey Championships,P17,Slovakia,2012 World Junior Ice Hockey Championships
2012 World Junior Ice Hockey Championships,P30,Finland national junior ice hockey team,2012 World Junior Ice Hockey Championships
2012 World Junior Ice Hockey Championships,P31,International Ice Hockey Federation,2012 World Junior Ice Hockey Championships
2012 World Junior Ice Hockey Championships,P64,2012 IIHF World Junior Ice Hockey Championships,2012 World Junior Ice Hockey Championships
2012 World Junior Ice Hockey Championships,P100,2012 IIHF World Junior Ice Hockey Championships statistics,2012 World Junior Ice Hockey Championships
2012 World Junior Ice Hockey Championships,P101,2012 IIHF World Junior Ice Hockey Championships awards,2012 World Junior Ice Hockey Championships
2012 World Junior Ice Hockey Championships,P102,2012 IIHF World Junior Ice Hockey Championships All-Star Team,2012 World Junior Ice Hockey Championships
2012 World Junior Ice Hockey Championships,P103,2012 IIHF World Junior Ice Hockey Championships top scorer,2012 World Junior Ice Hockey Championships
2012 World Junior Ice Hockey Championships,P104,2012 IIHF World Junior Ice Hockey Championships top goal scorer,2012 World Junior Ice Hockey Championships
2012 World Junior Ice Hockey Championships,P105,2012 IIHF World Junior Ice Hockey Championships top goalie,2012 World Junior Ice Hockey Championships
2012 World Junior Ice Hockey Championships,P106,2012 IIHF World Junior Ice Hockey Championships Directorate Award,2012 World Junior Ice Hockey Championships
2012 World Junior Ice Hockey Championships,P107,2012 IIHF World Junior Ice Hockey Championships MVP,2012 World Junior Ice Hockey Championships
2012 World Junior Ice Hockey Championships,P108,2012 IIHF World Junior Ice Hockey Championships best forward,2012 World Junior Ice Hockey Championships
2012 World Junior Ice Hockey Championships,P109,2012 IIHF World Junior Ice Hockey Championships best defenseman,2012 World Junior Ice Hockey Championships
2012 World Junior Ice Hockey Championships,P110,2012 IIHF World Junior Ice Hockey Championships best goaltender,2012 World Junior Ice Hockey Championships
2012 World Junior Ice Hockey Championships,P111,2012 IIHF World Junior Ice Hockey Championships statistics,2012 World Junior Ice Hockey Championships
2012 World Junior Ice Hockey Championships,P112,2012 IIHF World Junior Ice Hockey Championships team awards,2012 World Junior Ice Hockey Championships
2012 World Junior Ice Hockey Championships,P113,2012 IIHF World Junior Ice Hockey Championships player awards,2012 World Junior Ice Hockey Championships
2012 World Junior Ice Hockey Championships,P114,2012 IIHF World Junior Ice Hockey Championships media team,2012 World Junior Ice Hockey Championships
2012 World Junior Ice Hockey Championships,P115,2012 IIHF World Junior Ice Hockey Championships sponsors,2012 World Junior Ice Hockey Championships
2012 World Junior Ice Hockey Championships,P116,2012 IIHF World Junior Ice Hockey Championships venue,2012 World Junior Ice Hockey Championships
2012 World Junior Ice Hockey Championships,P117,2012 IIHF World Junior Ice Hockey Championships attendance,2012 World Junior Ice Hockey Championships
2012 World Junior Ice Hockey Championships,P118,2012 IIHF World Junior Ice Hockey Championships revenue,2012 World Junior Ice Hockey Championships
2012 World Junior Ice Hockey Championships,P119,2012 IIHF World Junior Ice Hockey Championships budget,2012 World Junior Ice Hockey Championships
2012 World Junior Ice Hockey Championships,P120,2012 IIHF World Junior Ice Hockey Championships organizers,2012 World Junior Ice Hockey Championships
2012 World Junior Ice Hockey Championships,P121,2012 IIHF World Junior Ice Hockey Championships volunteers,2012 World Junior Ice Hockey Championships
2012 World Junior Ice Hockey Championships,P122,2012 IIHF World Junior Ice Hockey Championships participants,2012 World Junior Ice Hockey Championships
2012 World Junior Ice Hockey Championships,P123,2012 IIHF World Junior Ice Hockey Championships teams,2012 World Junior Ice Hockey Championships
2012 World Junior Ice Hockey Championships,P124,2012 IIHF World Junior Ice Hockey Championships players,2012 World Junior Ice Hockey Championships
2012 World Junior Ice Hockey Championships,P125,2012 IIHF World Junior Ice Hockey Championships referees,2012 World Junior Ice Hockey Championships
2012 World Junior Ice Hockey Championships,P126,2012 IIHF World Junior Ice Hockey Championships linesmen,2012 World Junior Ice Hockey Championships
2012 World Junior Ice Hockey Championships,P127,2012 IIHF World Junior Ice Hockey Championships medical team,2012 World Junior Ice Hockey Championships
subject,predicate,object,Ohio State Route 292
Ohio State Route 292,wdt:P31,Highway,Ohio State Route 292
Ohio State Route 292,wdt:P17,Ohio,Ohio State Route 292
Ohio State Route 292,wdt:P18,Q3719,Ohio State Route 292
Ohio State Route 292,wdt:P629,Ohio State Route 292,Ohio State Route 292
Ohio State Route 292,wdt:P136,State highway,Ohio State Route 292
Ohio State Route 292,wdt:P2046,4.83,Ohio State Route 292
Ohio State Route 292,wdt:P973,1924,Ohio State Route 292
Ohio State Route 292,wdt:P306,Q2704303,Ohio State Route 292
Ohio State Route 292,wdt:P21,Q1456931,Ohio State Route 292
Zapolyariye,P31,Q515,Zapolyariye
Zapolyariye,P17,Q142,Zapolyariye
Zapolyariye,P18,Q212036,Zapolyariye
Zapolyariye,P291,Q212036,Zapolyariye
Zapolyariye,P463,Q12043054,Zapolyariye
Zapolyariye,P619,Q12043054,Zapolyariye
Zapolyariye,P361,Q12043054,Zapolyariye
Zapolyariye,P606,Q164455,Zapolyariye
Zapolyariye,P804,Q164455,Zapolyariye
Zapolyariye,P345,Q12043054,Zapolyariye
subject,predicate,object,Saxton Oval
Saxton Oval,located in,New Zealand,Saxton Oval
Saxton Oval,located in,Nelson,Saxton Oval
Saxton Oval,is a,cricket ground,Saxton Oval
Saxton Oval,used for,cricket,Saxton Oval
Saxton Oval,used for,rugby,Saxton Oval
Saxton Oval,has capacity,3000,Saxton Oval
Saxton Oval,opened in,1880,Saxton Oval
Saxton Oval,home of,Nelson Cricket Association,Saxton Oval
Saxton Oval,home of,Nelson Rugby Union,Saxton Oval
subject,predicate,object,Misfat al Abriyeen
Misfat al Abriyeen,P31,Q515,Misfat al Abriyeen
Misfat al Abriyeen,P17,Q1447,Misfat al Abriyeen
Misfat al Abriyeen,P131,Q1447,Misfat al Abriyeen
Misfat al Abriyeen,P629,Q515,Misfat al Abriyeen
subject,predicate,object,Durga Shanker Mishra
Durga Shanker Mishra,P31,Q5,Durga Shanker Mishra
Durga Shanker Mishra,P106,Q639669,Durga Shanker Mishra
Durga Shanker Mishra,P569,Q115092497,Durga Shanker Mishra
Durga Shanker Mishra,P19,Q115092498,Durga Shanker Mishra
Durga Shanker Mishra,P27,Q760,Durga Shanker Mishra
Durga Shanker Mishra,P1416,Q115092499,Durga Shanker Mishra
Durga Shanker Mishra,P200,Q115092500,Durga Shanker Mishra
Durga Shanker Mishra,P973,Q115092501,Durga Shanker Mishra
Durga Shanker Mishra,P569,1960-06-21,Durga Shanker Mishra
Durga Shanker Mishra,P19,Q123456,Durga Shanker Mishra
Durga Shanker Mishra,P1416,Indian Administrative Service,Durga Shanker Mishra
Durga Shanker Mishra,P200,Ministry of Home Affairs,Durga Shanker Mishra
Durga Shanker Mishra,P973,Wikipedia,Durga Shanker Mishra
Durga Shanker Mishra,P554,1985,Durga Shanker Mishra
Durga Shanker Mishra,P18,Mishra_durga_shanker.jpg,Durga Shanker Mishra
subject,predicate,object,Nuraghe Genna Maria
Nuraghe Genna Maria,P31,archaeological site,Nuraghe Genna Maria
Nuraghe Genna Maria,P18,Italy,Nuraghe Genna Maria
Nuraghe Genna Maria,P17,Sardinia,Nuraghe Genna Maria
Nuraghe Genna Maria,P279,Nuraghe,Nuraghe Genna Maria
Nuraghe Genna Maria,P571,2500 BCE,Nuraghe Genna Maria
Nuraghe Genna Maria,P131,Metropolitan City of Cagliari,Nuraghe Genna Maria
Nuraghe Genna Maria,P138,Villanueva de la Serena,Nuraghe Genna Maria
Nuraghe Genna Maria,P625,39.05,Nuraghe Genna Maria
Nuraghe Genna Maria,P574,9.05,Nuraghe Genna Maria
Nuraghe Genna Maria,P31,Bronze Age,Nuraghe Genna Maria
Nuraghe Genna Maria,P629,Bronze Age copper mining,Nuraghe Genna Maria
Nuraghe Genna Maria,P973,Nuragic civilization,Nuraghe Genna Maria
subject,predicate,object,Rodriguésia (journal)
Großkrotzenburg,instance of,municipality of Germany,Großkrotzenburg
Großkrotzenburg,located in,Germany,Großkrotzenburg
Großkrotzenburg,located in,Main-Kinzig-Kreis,Großkrotzenburg
Großkrotzenburg,located in,Darmstadt,Großkrotzenburg
Großkrotzenburg,has area,10.65 km²,Großkrotzenburg
Großkrotzenburg,has elevation,130 m,Großkrotzenburg
Großkrotzenburg,has postal code,6343,Großkrotzenburg
Großkrotzenburg,has telephone area code,06186,Großkrotzenburg
Großkrotzenburg,has mayor,Antje Runge,Großkrotzenburg
Großkrotzenburg,has official website,https://www.grosskrotzenburg.de/,Großkrotzenburg
Großkrotzenburg,has located in,Hesse,Großkrotzenburg
Großkrotzenburg,part of,Kinzig River,Großkrotzenburg
Großkrotzenburg,has neighbor,Kahl am Main,Großkrotzenburg
Großkrotzenburg,has neighbor,Karlstein am Main,Großkrotzenburg
Großkrotzenburg,has year of establishment,1970,Großkrotzenburg
Großkrotzenburg,has municipal status,municipality,Großkrotzenburg
Großkrotzenburg,has NUTS code,06431009,Großkrotzenburg
Großkrotzenburg,has WikiPage,Großkrotzenburg,Großkrotzenburg
Großkrotzenburg,has German name,Großkrotzenburg,Großkrotzenburg
Großkrotzenburg,has official language,German,Großkrotzenburg
Großkrotzenburg,has located in,Europe,Großkrotzenburg
Großkrotzenburg,has timezone,Central European Time,Großkrotzenburg
Großkrotzenburg,has summer timezone,Central European Summer Time,Großkrotzenburg
Großkrotzenburg,has vehicle registration,MKK,Großkrotzenburg
Großkrotzenburg,has number of schools,2,Großkrotzenburg
Großkrotzenburg,has number of libraries,1,Großkrotzenburg
Großkrotzenburg,has number of kindergartens,2,Großkrotzenburg
Großkrotzenburg,has number of recreational facilities,2,Großkrotzenburg
Großkrotzenburg,has partner city,1,Großkrotzenburg
Großkrotzenburg,has located in,East of Frankfurt,Großkrotzenburg
Großkrotzenburg,has nearby city,Frankfurt,Großkrotzenburg
Großkrotzenburg,has nearby city,Offenbach,Großkrotzenburg
Großkrotzenburg,has nearby city,Wiesbaden,Großkrotzenburg
Großkrotzenburg,has highway,A 661,Großkrotzenburg
Großkrotzenburg,has highway,B 43,Großkrotzenburg
Großkrotzenburg,has railway station,Großkrotzenburg,Großkrotzenburg
Großkrotzenburg,has bus station,Großkrotzenburg,Großkrotzenburg
Großkrotzenburg,has catholic church,St. George,Großkrotzenburg
Großkrotzenburg,has protestant church,Trinity Church,Großkrotzenburg
Großkrotzenburg,has cemetery,Großkrotzenburg cemetery,Großkrotzenburg
Großkrotzenburg,has village,Großkrotzenburg,Großkrotzenburg
Großkrotzenburg,has village,Krotzenburg,Großkrotzenburg
Großkrotzenburg,has municipal enterprise,Wasser- und Bodenverband,Großkrotzenburg
Großkrotzenburg,has fire department,Freiwillige Feuerwehr,Großkrotzenburg
Großkrotzenburg,has voluntary fire department,Großkrotzenburg,Großkrotzenburg
Großkrotzenburg,has emergency services,Großkrotzenburg,Großkrotzenburg
Großkrotzenburg,has Red Cross chapter,DRK,Großkrotzenburg
Großkrotzenburg,has mayor term,Antje Runge,Großkrotzenburg
Großkrotzenburg,has twinning,1,Großkrotzenburg
Großkrotzenburg,has located in,Regierungsbezirk Darmstadt,Großkrotzenburg
Dunfermline,P31,Q515,Dunfermline and Dollar
Dunfermline,P18,Q515,Dunfermline and Dollar
Dunfermline,P279,Fife,Dunfermline and Dollar
Alicia Rodríguez,instance of,human,Alicia Rodríguez (Spanish actress)
Alicia Rodríguez,occupation,actor,Alicia Rodríguez (Spanish actress)
Alicia Rodríguez,nationality,Spain,Alicia Rodríguez (Spanish actress)
Alicia Rodríguez,language spoken,Spanish,Alicia Rodríguez (Spanish actress)
Alicia Rodríguez,given name,Alicia,Alicia Rodríguez (Spanish actress)
Alicia Rodríguez,family name,Rodríguez,Alicia Rodríguez (Spanish actress)
Alicia Rodríguez,educated at,University of Madrid,Alicia Rodríguez (Spanish actress)
Alicia Rodríguez,active in film,yes,Alicia Rodríguez (Spanish actress)
Alicia Rodríguez,active in television,yes,Alicia Rodríguez (Spanish actress)
Alicia Rodríguez,active in theater,yes,Alicia Rodríguez (Spanish actress)
Alicia Rodríguez,film role,List of Spanish films of 1990,Alicia Rodríguez (Spanish actress)
Alicia Rodríguez,film role,List of Spanish films of 2000,Alicia Rodríguez (Spanish actress)
Alicia Rodríguez,award,Goya Award for Best New Actress,Alicia Rodríguez (Spanish actress)
Alicia Rodríguez,award,Goya Award,Alicia Rodríguez (Spanish actress)
Alicia Rodríguez,nationality,Spanish,Alicia Rodríguez (Spanish actress)
subject,predicate,object,Tony Ford (rugby league)
2012 Stockport Metropolitan Borough Council election,instance of,election,2012 Stockport Metropolitan Borough Council election
2012 Stockport Metropolitan Borough Council election,location,Stockport Metropolitan Borough,2012 Stockport Metropolitan Borough Council election
2012 Stockport Metropolitan Borough Council election,start date,2012-05-03,2012 Stockport Metropolitan Borough Council election
2012 Stockport Metropolitan Borough Council election,end date,2012-05-03,2012 Stockport Metropolitan Borough Council election
2012 Stockport Metropolitan Borough Council election,number of seats,63,2012 Stockport Metropolitan Borough Council election
2012 Stockport Metropolitan Borough Council election,participant,Liberal Democrats,2012 Stockport Metropolitan Borough Council election
2012 Stockport Metropolitan Borough Council election,participant,Labour Party,2012 Stockport Metropolitan Borough Council election
2012 Stockport Metropolitan Borough Council election,participant,Conservative Party,2012 Stockport Metropolitan Borough Council election
2012 Stockport Metropolitan Borough Council election,outcome,2012 Stockport Metropolitan Borough Council election results,2012 Stockport Metropolitan Borough Council election
2012 Stockport Metropolitan Borough Council election,has part,2012 Stockport Metropolitan Borough Council election results,2012 Stockport Metropolitan Borough Council election
2012 Stockport Metropolitan Borough Council election,country,United Kingdom,2012 Stockport Metropolitan Borough Council election
2012 Stockport Metropolitan Borough Council election,part of,2012 United Kingdom local elections,2012 Stockport Metropolitan Borough Council election
2012 Stockport Metropolitan Borough Council election,elected body,Stockport Metropolitan Borough Council,2012 Stockport Metropolitan Borough Council election
2010–11 Kent State Golden Flashes men's basketball team,instance of,sports team,2010–11 Kent State Golden Flashes men's basketball team
2010–11 Kent State Golden Flashes men's basketball team,part of,2010-11 NCAA Division I men's basketball season,2010–11 Kent State Golden Flashes men's basketball team
2010–11 Kent State Golden Flashes men's basketball team,league,Mid-American Conference,2010–11 Kent State Golden Flashes men's basketball team
2010–11 Kent State Golden Flashes men's basketball team,coach,Keith Dambrot,2010–11 Kent State Golden Flashes men's basketball team
2010–11 Kent State Golden Flashes men's basketball team,home stadium,MAC Center,2010–11 Kent State Golden Flashes men's basketball team
2010–11 Kent State Golden Flashes men's basketball team,conference,Mid-American Conference,2010–11 Kent State Golden Flashes men's basketball team
2010–11 Kent State Golden Flashes men's basketball team,season,2010-11,2010–11 Kent State Golden Flashes men's basketball team
2010–11 Kent State Golden Flashes men's basketball team,team,Kent State Golden Flashes men's basketball,2010–11 Kent State Golden Flashes men's basketball team
2010–11 Kent State Golden Flashes men's basketball team,academic year,2010-11,2010–11 Kent State Golden Flashes men's basketball team
Kent State University,has sports team,2010–11 Kent State Golden Flashes men's basketball team,2010–11 Kent State Golden Flashes men's basketball team
subject,predicate,object,Chengdu J-20
Chengdu J-20,instance of,fifth-generation fighter,Chengdu J-20
Chengdu J-20,manufacturer,Chengdu Aircraft Industry Group,Chengdu J-20
Chengdu J-20,country of origin,China,Chengdu J-20
Chengdu J-20,first flight,2006,Chengdu J-20
Chengdu J-20,service entry,2017,Chengdu J-20
Chengdu J-20,primary user,People's Liberation Army Air Force,Chengdu J-20
Chengdu J-20,length,18.5 m,Chengdu J-20
Chengdu J-20,wingspan,11.84 m,Chengdu J-20
Chengdu J-20,height,5.95 m,Chengdu J-20
Chengdu J-20,engine,Chengdu WS-10,Chengdu J-20
Chengdu J-20,max speed,Mach 2.2,Chengdu J-20
Chengdu J-20,armament,30mm GSh-30-1 autocannon,Chengdu J-20
Chengdu J-20,armament,PL-10 air-to-air missile,Chengdu J-20
Chengdu J-20,armament,PL-15 air-to-air missile,Chengdu J-20
Chengdu J-20,development,Chengdu Aircraft Industry Group,Chengdu J-20
Chengdu J-20,design,Chengdu Aircraft Industry Group,Chengdu J-20
Chengdu J-20,production,China,Chengdu J-20
subject,predicate,object,North Central Hardwood Forests
North Central Hardwood Forests,P31,temperate hardwood forest,North Central Hardwood Forests
North Central Hardwood Forests,P17,located in,North Central Hardwood Forests
North Central Hardwood Forests,P17,United States,North Central Hardwood Forests
North Central Hardwood Forests,P279,hardwood forest ecosystem,North Central Hardwood Forests
Gaspar de Bono,instance of,Friar,Gaspar de Bono
Gaspar de Bono,occupation,Priest,Gaspar de Bono
Gaspar de Bono,birth date,1530,Gaspar de Bono
Gaspar de Bono,death date,1591,Gaspar de Bono
Gaspar de Bono,birthplace,Italy,Gaspar de Bono
Gaspar de Bono,country of citizenship,Papal States,Gaspar de Bono
Gaspar de Bono,given name,Gaspar,Gaspar de Bono
Gaspar de Bono,family name,de Bono,Gaspar de Bono
Gaspar de Bono,date of baptism,unknown,Gaspar de Bono
Gaspar de Bono,place of burial,Italy,Gaspar de Bono
Gaspar de Bono,religion,Catholic Church,Gaspar de Bono
Gaspar de Bono,Christian denomination,Catholic Church,Gaspar de Bono
Gaspar de Bono,position held,Prior,Gaspar de Bono
Gaspar de Bono,has works in the collection,National Library of Spain,Gaspar de Bono
Gaspar de Bono,active,16th century,Gaspar de Bono
Gaspar de Bono,uses,writing,Gaspar de Bono
Gaspar de Bono,language spoken,Italian,Gaspar de Bono
Gaspar de Bono,language written,Latin,Gaspar de Bono
Gaspar de Bono,literary form,poetry,Gaspar de Bono
Gaspar de Bono,genre,spiritual literature,Gaspar de Bono
Gaspar de Bono,influenced by,Catholic Church,Gaspar de Bono
Gaspar de Bono,influences,Christian mysticism,Gaspar de Bono
Gaspar de Bono,member of,Oratory of Milan,Gaspar de Bono
Gaspar de Bono,has biographer,various,Gaspar de Bono
Gaspar de Bono,has portrait,yes,Gaspar de Bono
Gaspar de Bono,part of,Counter-Reformation,Gaspar de Bono
Gaspar de Bono,movement,Renaissance,Gaspar de Bono
Gaspar de Bono,studied at,University of Pavia,Gaspar de Bono
Gaspar de Bono,academic degree,Doctor of Theology,Gaspar de Bono
Gaspar de Bono,field of study,Theology,Gaspar de Bono
Gaspar de Bono,field of work,Priest,Gaspar de Bono
Gaspar de Bono,position,professor,Gaspar de Bono
Gaspar de Bono,educated at,University of Bologna,Gaspar de Bono
Gaspar de Bono,influenced,Ignatius of Loyola,Gaspar de Bono
Gaspar de Bono,influenced,Charles Borromeo,Gaspar de Bono
Gaspar de Bono,collaborator,various,Gaspar de Bono
Gaspar de Bono,wrote in,Latin,Gaspar de Bono
Gaspar de Bono,wrote in,Italian,Gaspar de Bono
Gaspar de Bono,has written,treatises,Gaspar de Bono
Gaspar de Bono,has written,letters,Gaspar de Bono
Gaspar de Bono,has written,poems,Gaspar de Bono
Gaspar de Bono,spirituality,Christian mysticism,Gaspar de Bono
Gaspar de Bono,spirituality,Catholic mysticism,Gaspar de Bono
Gaspar de Bono,devotion,Eucharist,Gaspar de Bono
Gaspar de Bono,devotion,Virgin Mary,Gaspar de Bono
Gaspar de Bono,venerated in,Catholic Church,Gaspar de Bono
Gaspar de Bono,beatified,no,Gaspar de Bono
Gaspar de Bono,canonized,no,Gaspar de Bono
Gaspar de Bono,has monument,no,Gaspar de Bono
Gaspar de Bono,has shrine,no,Gaspar de Bono
subject,predicate,object,Lesser amberjack
Lesser amberjack,instance of,fish,Lesser amberjack
Lesser amberjack,subclass of,amberjack,Lesser amberjack
Lesser amberjack,has scientific name,Seriola fasciata,Lesser amberjack
Lesser amberjack,has common name,Lesser amberjack,Lesser amberjack
Lesser amberjack,found in,ocean,Lesser amberjack
Lesser amberjack,found in,Atlantic Ocean,Lesser amberjack
Lesser amberjack,found in,Mediterranean Sea,Lesser amberjack
Lesser amberjack,habitat,marine environment,Lesser amberjack
Lesser amberjack,behavior,carnivorous,Lesser amberjack
Lesser amberjack,has maximum length,30 cm,Lesser amberjack
Lesser amberjack,has maximum weight,1 kg,Lesser amberjack
Lesser amberjack,used for,food,Lesser amberjack
Lesser amberjack,used for,recreational fishing,Lesser amberjack
Lesser amberjack,conservation status,Least Concern,Lesser amberjack
Lesser amberjack,has taxonomy,kingdom: Animalia,Lesser amberjack
Lesser amberjack,has taxonomy,phylum: Chordata,Lesser amberjack
Lesser amberjack,has taxonomy,class: Actinopterygii,Lesser amberjack
Lesser amberjack,has taxonomy,order: Perciformes,Lesser amberjack
Lesser amberjack,has taxonomy,family: Carangidae,Lesser amberjack
Lesser amberjack,has synonym,Seriola mediterranea,Lesser amberjack
Lesser amberjack,distribution,tropical waters,Lesser amberjack
Lesser amberjack,distribution,subtropical waters,Lesser amberjack
Lesser amberjack,depth,10-100 m,Lesser amberjack
Lesser amberjack,has predator,larger fish,Lesser amberjack
Lesser amberjack,has predator,shark,Lesser amberjack
Lesser amberjack,has prey,small fish,Lesser amberjack
Lesser amberjack,has prey,crustaceans,Lesser amberjack
Lesser amberjack,has reproduction,oviparous,Lesser amberjack
Lesser amberjack,has reproduction,iteroparity,Lesser amberjack
Lesser amberjack,has life expectancy,5-7 years,Lesser amberjack
Lesser amberjack,has growth rate,fast,Lesser amberjack
Lesser amberjack,has water temperature,15-25°C,Lesser amberjack
Lesser amberjack,has salinity,30-40 ppt,Lesser amberjack
Lesser amberjack,has migration pattern,coastal,Lesser amberjack
Lesser amberjack,has migration pattern,offshore,Lesser amberjack
Lesser amberjack,has school behavior,yes,Lesser amberjack
Lesser amberjack,has social behavior,yes,Lesser amberjack
Lesser amberjack,has vulnerability,low,Lesser amberjack
Lesser amberjack,has fisheries,commercial,Lesser amberjack
Lesser amberjack,has fisheries,recreational,Lesser amberjack
Lesser amberjack,has recreational fishing,yes,Lesser amberjack
Lesser amberjack,has commercial fishing,yes,Lesser amberjack
Lesser amberjack,has IUCN status,Least Concern,Lesser amberjack
Lesser amberjack,has FAO code,356,Lesser amberjack
Lesser amberjack,has EOL ID,46548465,Lesser amberjack
Lesser amberjack,has GBIF ID,2387464,Lesser amberjack
Lesser amberjack,has WoRMS ID,126436,Lesser amberjack
Lesser amberjack,has Encyclopedia of Life ID,46548465,Lesser amberjack
Lesser amberjack,has biodiversity,high,Lesser amberjack
Lesser amberjack,has marine protected areas,yes,Lesser amberjack
Lesser amberjack,has conservation efforts,yes,Lesser amberjack
Lesser amberjack,has management,fisheries management,Lesser amberjack
Lesser amberjack,has research,ongoing,Lesser amberjack
Aleš Dryml Sr.,instance of,human,Aleš Dryml Sr.
Aleš Dryml Sr.,family name,Dryml,Aleš Dryml Sr.
Aleš Dryml Sr.,given name,Aleš,Aleš Dryml Sr.
Aleš Dryml Sr.,date of birth,1973-09-22,Aleš Dryml Sr.
Aleš Dryml Sr.,occupation,ski jumper,Aleš Dryml Sr.
Aleš Dryml Sr.,country of citizenship,Czech Republic,Aleš Dryml Sr.
Aleš Dryml Sr.,son,Aleš Dryml Jr.,Aleš Dryml Sr.
Aleš Dryml Sr.,participant in,FIS Nordic Skiing World Championships 2003,Aleš Dryml Sr.
Aleš Dryml Sr.,participant in,FIS Nordic Skiing World Championships 2007,Aleš Dryml Sr.
Aleš Dryml Sr.,sports discipline,ski jumping,Aleš Dryml Sr.
Black-capped foliage-gleaner,instance of,species,Black-capped foliage-gleaner
Black-capped foliage-gleaner,subclass of,foliage-gleaner,Black-capped foliage-gleaner
Black-capped foliage-gleaner,has part,cap,Black-capped foliage-gleaner
Black-capped foliage-gleaner,has part,plumage,Black-capped foliage-gleaner
Black-capped foliage-gleaner,found in,Brazil,Black-capped foliage-gleaner
Black-capped foliage-gleaner,found in,Colombia,Black-capped foliage-gleaner
Black-capped foliage-gleaner,found in,Ecuador,Black-capped foliage-gleaner
Black-capped foliage-gleaner,found in,French Guiana,Black-capped foliage-gleaner
Black-capped foliage-gleaner,found in,Guyana,Black-capped foliage-gleaner
Black-capped foliage-gleaner,found in,Peru,Black-capped foliage-gleaner
Black-capped foliage-gleaner,found in,Suriname,Black-capped foliage-gleaner
Black-capped foliage-gleaner,found in,Trinidad and Tobago,Black-capped foliage-gleaner
Black-capped foliage-gleaner,found in,Venezuela,Black-capped foliage-gleaner
Black-capped foliage-gleaner,taxonomic rank,species,Black-capped foliage-gleaner
Black-capped foliage-gleaner,scientific name,Automolus nigricristatus,Black-capped foliage-gleaner
Black-capped foliage-gleaner,common name,Black-capped foliage-gleaner,Black-capped foliage-gleaner
Black-capped foliage-gleaner,conservation status,Least Concern,Black-capped foliage-gleaner
subject,predicate,object,"Wanderson (footballer, born 1980)"
subject,predicate,object,Deool Band
Deool Band,instance of,film,Deool Band
Deool Band,language,Marathi,Deool Band
Deool Band,director,Ganesh Acharya,Deool Band
Deool Band,starring,Sachin Pilgaoankar,Deool Band
Deool Band,starring,Pallavi Subhash,Deool Band
Deool Band,release date,2013-11-29,Deool Band
Deool Band,country of origin,India,Deool Band
Deool Band,genre,comedy film,Deool Band
Deool Band,cinematographer,Chandrakant N. Khaunte,Deool Band
Deool Band,music composer,Manoj Muntashir,Deool Band
Deool Band,producer,Ganesh Acharya,Deool Band
Deool Band,writer,Abhijat Joshi,Deool Band
Deool Band,production company,Zee Studios,Deool Band
Deool Band,distribution,Zee Cinema,Deool Band
Historical Dictionary Project of the Hebrew Language,instance of,academic project,Historical Dictionary Project of the Hebrew Language
Historical Dictionary Project of the Hebrew Language,located in,Israel,Historical Dictionary Project of the Hebrew Language
Historical Dictionary Project of the Hebrew Language,purpose,dictionary,Historical Dictionary Project of the Hebrew Language
Historical Dictionary Project of the Hebrew Language,language,Hebrew,Historical Dictionary Project of the Hebrew Language
Historical Dictionary Project of the Hebrew Language,subject,Hebrew language,Historical Dictionary Project of the Hebrew Language
Historical Dictionary Project of the Hebrew Language,has publication,Dictionary of the Hebrew Language,Historical Dictionary Project of the Hebrew Language
Historical Dictionary Project of the Hebrew Language,funded by,Israel Academy of Sciences and Humanities,Historical Dictionary Project of the Hebrew Language
Historical Dictionary Project of the Hebrew Language,collaborates with,Academy of the Hebrew Language,Historical Dictionary Project of the Hebrew Language
Historical Dictionary Project of the Hebrew Language,type,historical dictionary,Historical Dictionary Project of the Hebrew Language
Historical Dictionary Project of the Hebrew Language,publication date,2023,Historical Dictionary Project of the Hebrew Language
Historical Dictionary Project of the Hebrew Language,P31,Q166,Historical Dictionary Project of the Hebrew Language
Historical Dictionary Project of the Hebrew Language,P571,Q200694,Historical Dictionary Project of the Hebrew Language
Historical Dictionary Project of the Hebrew Language,P19,Q515,Historical Dictionary Project of the Hebrew Language
Historical Dictionary Project of the Hebrew Language,subject,Hebrew language etymology,Historical Dictionary Project of the Hebrew Language
Rådmandsgade,instance of,street,Rådmandsgade
Rådmandsgade,located in,Copenhagen,Rådmandsgade
Rådmandsgade,named after,councilor,Rådmandsgade
Rådmandsgade,part of,Copenhagen's street network,Rådmandsgade
Rådmandsgade,has coordinate,55.6853° N,Rådmandsgade
Rådmandsgade,has coordinate,12.5723° E,Rådmandsgade
Rådmandsgade,length,approximately 300 meters,Rådmandsgade
Rådmandsgade,direction,north-south,Rådmandsgade
Rådmandsgade,connected to,Nørreport,Rådmandsgade
Rådmandsgade,connected to,Østerport,Rådmandsgade
Rådmandsgade,has bus stop,Rådmandsgade,Rådmandsgade
Rådmandsgade,has bike lane,yes,Rådmandsgade
Rådmandsgade,located in,Denmark,Rådmandsgade
Rådmandsgade,is a,thoroughfare,Rådmandsgade
Rådmandsgade,intersects with,Frederiksstaden,Rådmandsgade
Rådmandsgade,intersects with,Nørrebro,Rådmandsgade
Rådmandsgade,elevation,10 meters,Rådmandsgade
subject,predicate,object,HSC Winnipeg Children's Hospital
HSC Winnipeg Children's Hospital,instance of,children's hospital,HSC Winnipeg Children's Hospital
HSC Winnipeg Children's Hospital,located in,Winnipeg,HSC Winnipeg Children's Hospital
HSC Winnipeg Children's Hospital,part of,University of Manitoba,HSC Winnipeg Children's Hospital
HSC Winnipeg Children's Hospital,serves,Manitoba,HSC Winnipeg Children's Hospital
HSC Winnipeg Children's Hospital,has affiliation,University of Manitoba,HSC Winnipeg Children's Hospital
HSC Winnipeg Children's Hospital,provides,pediatric care,HSC Winnipeg Children's Hospital
HSC Winnipeg Children's Hospital,has patient capacity,310,HSC Winnipeg Children's Hospital
HSC Winnipeg Children's Hospital,employs,pediatric specialists,HSC Winnipeg Children's Hospital
HSC Winnipeg Children's Hospital,offers,medical research,HSC Winnipeg Children's Hospital
HSC Winnipeg Children's Hospital,is affiliated with,Canadian Children's Hospital,HSC Winnipeg Children's Hospital
HSC Winnipeg Children's Hospital,has website,https://www.csh Winnipeg.ca,HSC Winnipeg Children's Hospital
HSC Winnipeg Children's Hospital,was established,1883,HSC Winnipeg Children's Hospital
HSC Winnipeg Children's Hospital,has operator,Winnipeg Regional Health Authority,HSC Winnipeg Children's Hospital
HSC Winnipeg Children's Hospital,provides,surgical services,HSC Winnipeg Children's Hospital
HSC Winnipeg Children's Hospital,has department,Rehabilitation,HSC Winnipeg Children's Hospital
subject,predicate,object,Études (journal)
Haris Hajradinović,P31,Q5,Haris Hajradinović
Haris Hajradinović,P106,Q639669,Haris Hajradinović
Haris Hajradinović,P569,1994-02-10,Haris Hajradinović
Haris Hajradinović,P19,Q1646375,Haris Hajradinović
Haris Hajradinović,P27,Q145,Haris Hajradinović
Haris Hajradinović,P18,Q37840145,Haris Hajradinović
Haris Hajradinović,P734,Q37840145,Haris Hajradinović
Haris Hajradinović,P257,Q37840145,Haris Hajradinović
Haris Hajradinović,P1416,Haris_Hajradinović,Haris Hajradinović
Haris Hajradinović,P2067,37840145,Haris Hajradinović
subject,predicate,object,Arp 273
Arp 273,P31,Galaxy,Arp 273
Arp 273,P18,NGC 1275,Arp 273
Arp 273,P18,NGC 1277,Arp 273
Arp 273,P18,NGC 1278,Arp 273
Arp 273,P9,Perseus,Arp 273
Arp 273,P17,1275,Arp 273
Arp 273,P17,1277,Arp 273
Arp 273,P17,1278,Arp 273
Arp 273,P143,Galaxy cluster,Arp 273
Arp 273,P463,Arp 295,Arp 273
Arp 273,P279,Arp,Arp 273
Arp 273,P31,Interacting galaxy,Arp 273
Arp 273,P1066,0.017264,Arp 273
Arp 273,P201,79,Arp 273
subject,predicate,object,Chief Justice of Hungary
Chief Justice of Hungary,instance of,position,Chief Justice of Hungary
Chief Justice of Hungary,part of,judiciary of Hungary,Chief Justice of Hungary
Chief Justice of Hungary,head of,Supreme Court of Hungary,Chief Justice of Hungary
Chief Justice of Hungary,appointed by,President of Hungary,Chief Justice of Hungary
Chief Justice of Hungary,term length,6 years,Chief Justice of Hungary
Chief Justice of Hungary,residence,Budapest,Chief Justice of Hungary
Chief Justice of Hungary,has jurisdiction,Hungary,Chief Justice of Hungary
Chief Justice of Hungary,responsible for,constitutional review,Chief Justice of Hungary
Chief Justice of Hungary,reports to,National Assembly of Hungary,Chief Justice of Hungary
Chief Justice of Hungary,subordinate to,Constitution of Hungary,Chief Justice of Hungary
Chief Justice of Hungary,replaces,President of the Supreme Court of Hungary,Chief Justice of Hungary
Chief Justice of Hungary,employed by,Supreme Court of Hungary,Chief Justice of Hungary
Chief Justice of Hungary,oversees,Hungarian judicial system,Chief Justice of Hungary
Chief Justice of Hungary,selects,judges,Chief Justice of Hungary
Chief Justice of Hungary,advises,President of Hungary,Chief Justice of Hungary
subject,predicate,object,Armadillidae
Armadillidae,instance of,family,Armadillidae
Armadillidae,subclass of,Armadillo,Armadillidae
Armadillidae,part of,Armadillo,Armadillidae
Armadillidae,has member,Armadillidium,Armadillidae
Armadillidae,has member,Armadillid,Armadillidae
Armadillidae,has member,Cylindricauletes,Armadillidae
Armadillidae,has member,Stenoniscus,Armadillidae
Armadillidae,has member,Pseudotrapesa,Armadillidae
Armadillidae,has member,Urnaphera,Armadillidae
Armadillidae,taxon rank,family,Armadillidae
Armadillidae,ISGW synonym,Armadilliidae,Armadillidae
Armadillidae,ISGW synonym,Armadillidiidae,Armadillidae
Armadillidae,NCBI Taxon ID,913679,Armadillidae
Armadillidae,GBIF taxon ID,153237,Armadillidae
Armadillidae,Encyclopedia of Life ID,128422,Armadillidae
subject,predicate,object,Salmo ciscaucasicus
Salmo ciscaucasicus,instance of,Salmon,Salmo ciscaucasicus
Salmo ciscaucasicus,subclass of,Salmo,Salmo ciscaucasicus
Salmo ciscaucasicus,native to,Caucasus,Salmo ciscaucasicus
Salmo ciscaucasicus,found in,Europe,Salmo ciscaucasicus
Salmo ciscaucasicus,found in,Asia,Salmo ciscaucasicus
Salmo ciscaucasicus,habitat,River,Salmo ciscaucasicus
Salmo ciscaucasicus,habitat,Stream,Salmo ciscaucasicus
Salmo ciscaucasicus,diet,Omnivorous,Salmo ciscaucasicus
Salmo ciscaucasicus,conservation status,Vulnerable,Salmo ciscaucasicus
Salmo ciscaucasicus,taxonomy,Chordata,Salmo ciscaucasicus
Salmo ciscaucasicus,taxonomy,Actinopterygii,Salmo ciscaucasicus
Salmo ciscaucasicus,taxonomy,Salmonidae,Salmo ciscaucasicus
Salmo ciscaucasicus,synonym,Salmo trutta ciscaucasicus,Salmo ciscaucasicus
Salmo ciscaucasicus,has scientific classification,Kingdom Animalia,Salmo ciscaucasicus
Salmo ciscaucasicus,has scientific classification,Phylum Chordata,Salmo ciscaucasicus
Salmo ciscaucasicus,has scientific classification,Class Actinopterygii,Salmo ciscaucasicus
Salmo ciscaucasicus,has scientific classification,Order Salmoniformes,Salmo ciscaucasicus
Salmo ciscaucasicus,has scientific classification,Family Salmonidae,Salmo ciscaucasicus
Salmo ciscaucasicus,has scientific classification,Genus Salmo,Salmo ciscaucasicus
Salmo ciscaucasicus,said to be,endemic,Salmo ciscaucasicus
Salmo ciscaucasicus,part of,Salmo trutta complex,Salmo ciscaucasicus
2–8a Rutland Gate,P31,London,2–8a Rutland Gate
2–8a Rutland Gate,P637,United Kingdom,2–8a Rutland Gate
2–8a Rutland Gate,P17,Westminster,2–8a Rutland Gate
2–8a Rutland Gate,P279,England,2–8a Rutland Gate
2–8a Rutland Gate,P131,City of Westminster,2–8a Rutland Gate
2–8a Rutland Gate,P18,Q14592153,2–8a Rutland Gate
2–8a Rutland Gate,P361,Q14592153,2–8a Rutland Gate
2–8a Rutland Gate,P569,1929,2–8a Rutland Gate
2–8a Rutland Gate,P973,English Wikipedia,2–8a Rutland Gate
2–8a Rutland Gate,P69,Embassy of Ecuador in London,2–8a Rutland Gate
Songpyong-guyok,P31,Q515,Songpyong-guyok
Songpyong-guyok,P17,Q1597,Songpyong-guyok
Songpyong-guyok,P131,Q6843,Songpyong-guyok
Songpyong-guyok,P571,Q702,Songpyong-guyok
Songpyong-guyok,P18,Q123456,Songpyong-guyok
Songpyong-guyok,P625,Q654321,Songpyong-guyok
Songpyong-guyok,P144,Q123,Songpyong-guyok
Songpyong-guyok,P463,Q654,Songpyong-guyok
subject,predicate,object,Qihoo 360
Qihoo 360,instance of,software company,Qihoo 360
Qihoo 360,located in,Beijing,Qihoo 360
Qihoo 360,founded by,Qi Lu,Qihoo 360
Qihoo 360,founded on,2006,Qihoo 360
Qihoo 360,publicly traded company,yes,Qihoo 360
Qihoo 360,ticker symbol,NYSE:QIHU,Qihoo 360
Qihoo 360,operates,360 Search,Qihoo 360
Qihoo 360,operates,360 Security,Qihoo 360
Qihoo 360,develops,antivirus software,Qihoo 360
Qihoo 360,offers,internet security services,Qihoo 360
Qihoo 360,provides,web search engine,Qihoo 360
Qihoo 360,available on,Android,Qihoo 360
Qihoo 360,available on,iOS,Qihoo 360
Qihoo 360,has partnership with,Tencent,Qihoo 360
Qihoo 360,has partnership with,Huawei,Qihoo 360
Qihoo 360,subject in,Censorship in China,Qihoo 360
Qihoo 360,criticized for,Censorship,Qihoo 360
Saxifraga rufescens,instance of,Saxifraga,Saxifraga rufescens
Saxifraga rufescens,subclass of,Saxifraga,Saxifraga rufescens
Saxifraga rufescens,has scientific name,Saxifraga rufescens,Saxifraga rufescens
Saxifraga rufescens,has classification,Angiosperm,Saxifraga rufescens
Saxifraga rufescens,has classification,Eudicot,Saxifraga rufescens
Saxifraga rufescens,has classification,Rosid,Saxifraga rufescens
Saxifraga rufescens,has family,Saxifragaceae,Saxifraga rufescens
Saxifraga rufescens,has genus,Saxifraga,Saxifraga rufescens
Saxifraga rufescens,is a,plant,Saxifraga rufescens
Saxifraga rufescens,found in,Europe,Saxifraga rufescens
subject,predicate,object,Broch of Culswick
Broch of Culswick,P31,Tower,Broch of Culswick
Broch of Culswick,P18,Shetland,Broch of Culswick
Broch of Culswick,P17,Scotland,Broch of Culswick
Broch of Culswick,P131,Shetland Council,Broch of Culswick
Broch of Culswick,P31,Broch,Broch of Culswick
Broch of Culswick,P571,19th century,Broch of Culswick
Broch of Culswick,P973,Category:Brochs in Shetland,Broch of Culswick
Broch of Culswick,P625,grid location,Broch of Culswick
Broch of Culswick,P856,website,Broch of Culswick
Wimalaratne Kumaragama,instance of,person,Wimalaratne Kumaragama
Wimalaratne Kumaragama,given name,Wimalaratne,Wimalaratne Kumaragama
Wimalaratne Kumaragama,family name,Kumaragama,Wimalaratne Kumaragama
Wimalaratne Kumaragama,date of birth,1945,Wimalaratne Kumaragama
Wimalaratne Kumaragama,date of death,2007,Wimalaratne Kumaragama
Wimalaratne Kumaragama,place of birth,Sri Lanka,Wimalaratne Kumaragama
Wimalaratne Kumaragama,military rank,General,Wimalaratne Kumaragama
Wimalaratne Kumaragama,country of citizenship,Sri Lanka,Wimalaratne Kumaragama
Wimalaratne Kumaragama,position,Chief of Staff of the Sri Lanka Army,Wimalaratne Kumaragama
Wimalaratne Kumaragama,position,Commander of the Sri Lanka Army,Wimalaratne Kumaragama
Wimalaratne Kumaragama,conflict,Sri Lankan Civil War,Wimalaratne Kumaragama
Wimalaratne Kumaragama,award,Parama Dharma Vibhushanaya,Wimalaratne Kumaragama
Wimalaratne Kumaragama,award,Rana Sura Weera,Wimalaratne Kumaragama
Wimalaratne Kumaragama,military service,Sri Lanka Army,Wimalaratne Kumaragama
Wimalaratne Kumaragama,has works in the collection,National Library of Australia,Wimalaratne Kumaragama
Wimalaratne Kumaragama,educated at,University of Peradeniya,Wimalaratne Kumaragama
subject,predicate,object,Glières-Val-de-Borne
Glières-Val-de-Borne,P31,Q515,Glières-Val-de-Borne
Glières-Val-de-Borne,P18,Q123456,Glières-Val-de-Borne
Glières-Val-de-Borne,P21,Q148,Glières-Val-de-Borne
Glières-Val-de-Borne,P17,Q286,Glières-Val-de-Borne
Glières-Val-de-Borne,P131,Q186013,Glières-Val-de-Borne
Glières-Val-de-Borne,P279,Q1519,Glières-Val-de-Borne
Glières-Val-de-Borne,P1476,Qm,Glières-Val-de-Borne
Glières-Val-de-Borne,P373,Q159,Glières-Val-de-Borne
Glières-Val-de-Borne,P585,Q186013,Glières-Val-de-Borne
Glières-Val-de-Borne,P100,2014-01-01,Glières-Val-de-Borne
Glières-Val-de-Borne,P463,Q210,Glières-Val-de-Borne
Glières-Val-de-Borne,P361,Q210,Glières-Val-de-Borne
Glières-Val-de-Borne,P488,Q210,Glières-Val-de-Borne
subject,predicate,object,Syzygium bungadinnia
Syzygium bungadinnia,instance of,plant,Syzygium bungadinnia
Syzygium bungadinnia,part of,Myrtaceae,Syzygium bungadinnia
Syzygium bungadinnia,taxon rank,species,Syzygium bungadinnia
Syzygium bungadinnia,scientific name,Syzygium bungadinnia,Syzygium bungadinnia
Syzygium bungadinnia,native to,Australia,Syzygium bungadinnia
Syzygium bungadinnia,found in,Queensland,Syzygium bungadinnia
Syzygium bungadinnia,has habitat,subtropical moist lowland forest,Syzygium bungadinnia
Syzygium bungadinnia,has habitat,subtropical moist montane forest,Syzygium bungadinnia
Syzygium bungadinnia,conservation status,Least Concern,Syzygium bungadinnia
subject,predicate,object,Municipality of Izola
Municipality of Izola,P31,urban municipality,Municipality of Izola
Municipality of Izola,P17,Slovenia,Municipality of Izola
Municipality of Izola,P18,Istrian County,Municipality of Izola
Municipality of Izola,P463,Izola,Municipality of Izola
Municipality of Izola,P100,46.44,Municipality of Izola
Municipality of Izola,P2048,2014,Municipality of Izola
Municipality of Izola,P973,official website,Municipality of Izola
Municipality of Izola,P856,https://www.izola.si/,Municipality of Izola
Municipality of Izola,P627,47.667,Municipality of Izola
Municipality of Izola,P302,14.35,Municipality of Izola
Municipality of Izola,P610,Municipality,Municipality of Izola
Municipality of Izola,P31,municipality of Slovenia,Municipality of Izola
Municipality of Izola,P40,Mayor of Izola,Municipality of Izola
Municipality of Izola,P145,Izola Municipality,Municipality of Izola
Municipality of Izola,P199,45 km²,Municipality of Izola
Municipality of Izola,P580,15,Municipality of Izola
Municipality of Izola,P281,600,Municipality of Izola
Municipality of Izola,P513,SI-048,Municipality of Izola
Municipality of Izola,P625,45.533,Municipality of Izola
Trimbach railway station,instance of,railway station,Trimbach railway station
Trimbach railway station,located in,Trimbach,Trimbach railway station
Trimbach railway station,country,Switzerland,Trimbach railway station
Trimbach railway station,located in,canton of Solothurn,Trimbach railway station
Trimbach railway station,elevation,277,Trimbach railway station
Trimbach railway station,operator,Swiss Federal Railways,Trimbach railway station
Trimbach railway station,has passenger traffic,yes,Trimbach railway station
Trimbach railway station,has freight traffic,no,Trimbach railway station
Trimbach railway station,number of tracks,2,Trimbach railway station
Trimbach railway station,is served by,S-Bahn,Trimbach railway station
Trimbach railway station,has parking,yes,Trimbach railway station
Trimbach railway station,is wheelchair accessible,yes,Trimbach railway station
Trimbach railway station,located in,Bezirk Olten-Gösgen,Trimbach railway station
Trimbach railway station,postal code,4632,Trimbach railway station
Trimbach railway station,municipality,Trimbach,Trimbach railway station
Trimbach railway station,time zone,Central European Time,Trimbach railway station
Trimbach railway station,adjacent transport stop,Wangen bei Olten railway station,Trimbach railway station
Trimbach railway station,adjacent transport stop,Olten railway station,Trimbach railway station
Trimbach railway station,category,third-class railway station,Trimbach railway station
Trimbach railway station,has bicycle parking,yes,Trimbach railway station
subject,predicate,object,Telefónica Argentina
Telefónica Argentina,instance of,telecommunications company,Telefónica Argentina
Telefónica Argentina,subsidiary of,Telefónica,Telefónica Argentina
Telefónica Argentina,headquarters location,Buenos Aires,Telefónica Argentina
Telefónica Argentina,operates in,Argentina,Telefónica Argentina
Telefónica Argentina,industry,telecommunications,Telefónica Argentina
Telefónica Argentina,products and services,mobile phone service,Telefónica Argentina
Telefónica Argentina,products and services,broadband internet,Telefónica Argentina
Telefónica Argentina,products and services,landline phone service,Telefónica Argentina
Telefónica Argentina,has part,Movistar,Telefónica Argentina
Telefónica Argentina,founded by,Telefónica,Telefónica Argentina
Telefónica Argentina,employs,thousands of people,Telefónica Argentina
Telefónica Argentina,provides service to,residential customers,Telefónica Argentina
Telefónica Argentina,provides service to,business customers,Telefónica Argentina
Telefónica Argentina,has partnership with,other companies,Telefónica Argentina
Telefónica Argentina,supports,various charitable causes,Telefónica Argentina
Telefónica Argentina,uses,4G LTE,Telefónica Argentina
Telefónica Argentina,uses,3G UMTS,Telefónica Argentina
Telefónica Argentina,offers,pay TV,Telefónica Argentina
Telefónica Argentina,offers,streaming services,Telefónica Argentina
Telefónica Argentina,sponsor of,various events,Telefónica Argentina
Telefónica Argentina,P.O. box,C1425CLA,Telefónica Argentina
Telefónica Argentina,location,Av. de la Constitución,Telefónica Argentina
Telefónica Argentina,has member,Federico Lavagna,Telefónica Argentina
Telefónica Argentina,has member,Gabriel Amato,Telefónica Argentina
Telefónica Argentina,executive director,Carlos Rego,Telefónica Argentina
Telefónica Argentina,chief executive officer,Luis Gelblum,Telefónica Argentina
Telefónica Argentina,founded in,1990,Telefónica Argentina
Telefónica Argentina,revenue,677 million,Telefónica Argentina
Telefónica Argentina,net income,107 million,Telefónica Argentina
Telefónica Argentina,number of employees,27000,Telefónica Argentina
Telefónica Argentina,number of customers,30 million,Telefónica Argentina
Telefónica Argentina,service provider of,Internet service,Telefónica Argentina
Telefónica Argentina,service provider of,Mobile phone service,Telefónica Argentina
Telefónica Argentina,service provider of,Landline phone service,Telefónica Argentina
Telefónica Argentina,service provider of,Pay television,Telefónica Argentina
Telefónica Argentina,service provider of,IT services,Telefónica Argentina
Telefónica Argentina,has subsidiary,Telefónica Bío Bío,Telefónica Argentina
Telefónica Argentina,has subsidiary,Telefónica Córdoba,Telefónica Argentina
Telefónica Argentina,has subsidiary,Telefónica Mendoza,Telefónica Argentina
Telefónica Argentina,has subsidiary,Telefónica Río Negro,Telefónica Argentina
Telefónica Argentina,has subsidiary,Telefónica Santa Fe,Telefónica Argentina
Telefónica Argentina,has subsidiary,Telefónica Tucumán,Telefónica Argentina
Telefónica Argentina,provides,cloud services,Telefónica Argentina
Telefónica Argentina,provides,cybersecurity services,Telefónica Argentina
Telefónica Argentina,provides,data analytics,Telefónica Argentina
Telefónica Argentina,provides,IoT services,Telefónica Argentina
Telefónica Argentina,provides,IT consulting,Telefónica Argentina
Telefónica Argentina,provides,software solutions,Telefónica Argentina
Telefónica Argentina,provides,unified communications,Telefónica Argentina
Telefónica Argentina,provides,video conferencing,Telefónica Argentina
Telefónica Argentina,provides,virtual reality,Telefónica Argentina
Telefónica Argentina,provides,cloud computing,Telefónica Argentina
Telefónica Argentina,acquisition of,Nextel Argentina,Telefónica Argentina
Telefónica Argentina,merger with,Telecom Argentina,Telefónica Argentina
Esporte Clube São Luiz,P31,Football team,Esporte Clube São Luiz
Esporte Clube São Luiz,P571,1930,Esporte Clube São Luiz
Esporte Clube São Luiz,P17,Rio Grande do Sul,Esporte Clube São Luiz
Esporte Clube São Luiz,P279,Brazil,Esporte Clube São Luiz
Esporte Clube São Luiz,P463,Gaúcho 1,Esporte Clube São Luiz
Esporte Clube São Luiz,P114,Estádio do Vale,Esporte Clube São Luiz
Esporte Clube São Luiz,P18,Q2840814,Esporte Clube São Luiz
Esporte Clube São Luiz,P857,https://www.ecsl.com.br/,Esporte Clube São Luiz
Esporte Clube São Luiz,P973,@ECSL1930,Esporte Clube São Luiz
Esporte Clube São Luiz,P840,Brazilian Portuguese,Esporte Clube São Luiz
Esporte Clube São Luiz,P6,chairman,Esporte Clube São Luiz
Esporte Clube São Luiz,P788,0,Esporte Clube São Luiz
Casey Crawford,instance of,American football player,Casey Crawford (American football)
Casey Crawford,birth date,1983-04-16,Casey Crawford (American football)
Casey Crawford,position,Defensive tackle,Casey Crawford (American football)
Casey Crawford,college,University of Virginia,Casey Crawford (American football)
Casey Crawford,draft team,Denver Broncos,Casey Crawford (American football)
Casey Crawford,draft round,7,Casey Crawford (American football)
Casey Crawford,draft pick,220,Casey Crawford (American football)
Casey Crawford,draft year,2007,Casey Crawford (American football)
Casey Crawford,plays in the league,National Football League,Casey Crawford (American football)
Casey Crawford,member of sports team,Denver Broncos,Casey Crawford (American football)
Casey Crawford,member of sports team,Virginia Cavaliers football,Casey Crawford (American football)
Casey Crawford,height,6 ft 3 in,Casey Crawford (American football)
Casey Crawford,weight,280 lb,Casey Crawford (American football)
subject,predicate,object,"Lille Kamøya, Nordkapp"
subject,predicate,object,West Thurrock Lagoon and Marshes
West Thurrock Lagoon and Marshes,P31,Lagoon,West Thurrock Lagoon and Marshes
West Thurrock Lagoon and Marshes,P30,Thurrock,West Thurrock Lagoon and Marshes
West Thurrock Lagoon and Marshes,P17,England,West Thurrock Lagoon and Marshes
West Thurrock Lagoon and Marshes,P4,Marsh,West Thurrock Lagoon and Marshes
West Thurrock Lagoon and Marshes,P27,River Thames,West Thurrock Lagoon and Marshes
West Thurrock Lagoon and Marshes,P9,UK,West Thurrock Lagoon and Marshes
West Thurrock Lagoon and Marshes,P143,Site of Special Scientific Interest,West Thurrock Lagoon and Marshes
West Thurrock Lagoon and Marshes,P131,Essex,West Thurrock Lagoon and Marshes
West Thurrock Lagoon and Marshes,P279,Conservation area,West Thurrock Lagoon and Marshes
West Thurrock Lagoon and Marshes,P18,Estuary,West Thurrock Lagoon and Marshes
West Thurrock Lagoon and Marshes,P461,Thames,West Thurrock Lagoon and Marshes
West Thurrock Lagoon and Marshes,P840,London,West Thurrock Lagoon and Marshes
Black-throated magpie-jay,P31,Bird,Black-throated magpie-jay
Black-throated magpie-jay,P18,Calocitta melanoleuca,Black-throated magpie-jay
Black-throated magpie-jay,P14,Species,Black-throated magpie-jay
Black-throated magpie-jay,P27,Corvidae,Black-throated magpie-jay
Black-throated magpie-jay,P39,Americas,Black-throated magpie-jay
Black-throated magpie-jay,P46,Near Threatened,Black-throated magpie-jay
Black-throated magpie-jay,P17,Animal,Black-throated magpie-jay
Black-throated magpie-jay,P9,Eukaryote,Black-throated magpie-jay
Black-throated magpie-jay,P12,Chordate,Black-throated magpie-jay
Black-throated magpie-jay,P4,https://en.wikipedia.org/wiki/Black-throated_magpie-jay,Black-throated magpie-jay
Black-throated magpie-jay,P280,Corvidae family,Black-throated magpie-jay
Black-throated magpie-jay,P134,Bird species,Black-throated magpie-jay
entity_name,property_id,value['value'],"Alan Franco (footballer, born 1996)"
subject,predicate,object,Desmodus draculae
Desmodus draculae,instance of,vampire bat,Desmodus draculae
Desmodus draculae,class,Mammalia,Desmodus draculae
Desmodus draculae,family,Phyllostomidae,Desmodus draculae
Desmodus draculae,genus,Desmodus,Desmodus draculae
Desmodus draculae,species,Desmodus draculae,Desmodus draculae
Desmodus draculae,found in,South America,Desmodus draculae
Desmodus draculae,habitat,tropical region,Desmodus draculae
Desmodus draculae,diet,blood,Desmodus draculae
Desmodus draculae,predator,jaguar,Desmodus draculae
Desmodus draculae,prey,livestock,Desmodus draculae
Desmodus draculae,conservation status,Least Concern,Desmodus draculae
Desmodus draculae,taxon author,Dobson,Desmodus draculae
Desmodus draculae,year of discovery,1877,Desmodus draculae
Desmodus draculae,type locality,Ecuador,Desmodus draculae
Desmodus draculae,has part,fur,Desmodus draculae
Desmodus draculae,has part,wing,Desmodus draculae
Desmodus draculae,has part,claw,Desmodus draculae
Desmodus draculae,behavior,nocturnal,Desmodus draculae
Desmodus draculae,has synonym,Desmodus dracula,Desmodus draculae
Desmodus draculae,has common name,Vampire bat,Desmodus draculae
Desmodus draculae,measurement,44-50,Desmodus draculae
Desmodus draculae,measurement,80-100,Desmodus draculae
Desmodus draculae,mass,40-50,Desmodus draculae
Desmodus draculae,wingspan,80,Desmodus draculae
Desmodus draculae,forearm length,52,Desmodus draculae
Desmodus draculae,ear length,1.2,Desmodus draculae
Desmodus draculae,foot length,1.4,Desmodus draculae
Desmodus draculae,fur color,brown,Desmodus draculae
Desmodus draculae,fur color,gray,Desmodus draculae
Desmodus draculae,dental formula,2064,Desmodus draculae
Desmodus draculae,dental structure,sharp,Desmodus draculae
Desmodus draculae,reproduction,viviparous,Desmodus draculae
Desmodus draculae,litter size,1,Desmodus draculae
Desmodus draculae,gestation period,7,Desmodus draculae
Desmodus draculae,weaning age,6,Desmodus draculae
Desmodus draculae,longevity,20,Desmodus draculae
Desmodus draculae,habitat,cave,Desmodus draculae
Desmodus draculae,habitat,mine,Desmodus draculae
Desmodus draculae,social structure,colony,Desmodus draculae
Desmodus draculae,social structure,harem,Desmodus draculae
Desmodus draculae,communication,vocalization,Desmodus draculae
Desmodus draculae,communication,echolocation,Desmodus draculae
Desmodus draculae,aggression,biting,Desmodus draculae
Desmodus draculae,defense,flying,Desmodus draculae
Desmodus draculae,predator avoidance,roosting,Desmodus draculae
Desmodus draculae,foraging behavior,nocturnal,Desmodus draculae
Desmodus draculae,foraging behavior,crepuscular,Desmodus draculae
Desmodus draculae,feeding behavior,hematophagy,Desmodus draculae
Desmodus draculae,feeding behavior,regurgitation,Desmodus draculae
Desmodus draculae,conservation status,threatened,Desmodus draculae
José María Oriol Urquijo,instance of,politician,José María Oriol Urquijo
José María Oriol Urquijo,country of citizenship,Spain,José María Oriol Urquijo
José María Oriol Urquijo,position held,Mayor of Barcelona,José María Oriol Urquijo
José María Oriol Urquijo,member of political party,Catalan People's Union,José María Oriol Urquijo
José María Oriol Urquijo,given name,José María,José María Oriol Urquijo
José María Oriol Urquijo,family name,Oriol Urquijo,José María Oriol Urquijo
José María Oriol Urquijo,date of birth,1925-10-19,José María Oriol Urquijo
José María Oriol Urquijo,date of death,2001-04-20,José María Oriol Urquijo
José María Oriol Urquijo,place of birth,Barcelona,José María Oriol Urquijo
José María Oriol Urquijo,place of death,Madrid,José María Oriol Urquijo
José María Oriol Urquijo,educated at,Polytechnic University of Catalonia,José María Oriol Urquijo
José María Oriol Urquijo,occupation,engineer,José María Oriol Urquijo
José María Oriol Urquijo,politician in,Francoist Spain,José María Oriol Urquijo
José María Oriol Urquijo,has works in the collection,Museu d'Art de Barcelona,José María Oriol Urquijo
José María Oriol Urquijo,owns,Torre Oriol,José María Oriol Urquijo
José María Oriol Urquijo,position held,President of Banco Popular,José María Oriol Urquijo
José María Oriol Urquijo,position held,president,José María Oriol Urquijo
José María Oriol Urquijo,member of,Real Academia de Bellas Artes de San Fernando,José María Oriol Urquijo
José María Oriol Urquijo,honorary doctorate from,Polytechnic University of Catalonia,José María Oriol Urquijo
José María Oriol Urquijo,award received,Grand Cross of the Order of Civil Merit,José María Oriol Urquijo
José María Oriol Urquijo,award received,Order of Civil Merit,José María Oriol Urquijo
José María Oriol Urquijo,position held,procurador,José María Oriol Urquijo
José María Oriol Urquijo,position held,diputat,José María Oriol Urquijo
José María Oriol Urquijo,position held,consejero,José María Oriol Urquijo
José María Oriol Urquijo,position held,Director General of the Banco Popular,José María Oriol Urquijo
José María Oriol Urquijo,member of,Opus Dei,José María Oriol Urquijo
José María Oriol Urquijo,buried at,Cemetery of Montjuïc,José María Oriol Urquijo
BET Awards 2011,P31,Award,BET Awards 2011
BET Awards 2011,P571,2011-06-26,BET Awards 2011
BET Awards 2011,P625,United States,BET Awards 2011
BET Awards 2011,P17,Q145,BET Awards 2011
BET Awards 2011,P279,BET Awards,BET Awards 2011
BET Awards 2011,P585,2011,BET Awards 2011
BET Awards 2011,P973,BET Network,BET Awards 2011
BET Awards 2011,P831,Ceremony,BET Awards 2011
BET Awards 2011,P973,BET,BET Awards 2011
BET Awards 2011,P18,Category,BET Awards 2011
BET Awards 2011,P856,http://www.bet.com/shows/awards/bet-awards-2011,BET Awards 2011
House-Museum of Samad Vurgun,P31,Museum,House-Museum of Samad Vurgun
House-Museum of Samad Vurgun,P571,1984,House-Museum of Samad Vurgun
House-Museum of Samad Vurgun,P276,Baku,House-Museum of Samad Vurgun
House-Museum of Samad Vurgun,P18,Q211,House-Museum of Samad Vurgun
House-Museum of Samad Vurgun,P627,Q134204,House-Museum of Samad Vurgun
House-Museum of Samad Vurgun,P858,Q211,House-Museum of Samad Vurgun
House-Museum of Samad Vurgun,P770,Samad Vurgun,House-Museum of Samad Vurgun
House-Museum of Samad Vurgun,P31,House museum,House-Museum of Samad Vurgun
House-Museum of Samad Vurgun,P840,Azerbaijan,House-Museum of Samad Vurgun
House-Museum of Samad Vurgun,P973,Azerbaijani,House-Museum of Samad Vurgun
subject,predicate,object,Anacamptis collina
Anacamptis collina,instance of,orchid,Anacamptis collina
Anacamptis collina,has part,root,Anacamptis collina
Anacamptis collina,has part,leaf,Anacamptis collina
Anacamptis collina,has part,flower,Anacamptis collina
Anacamptis collina,classification,Orchidaceae,Anacamptis collina
Anacamptis collina,taxon rank,species,Anacamptis collina
Anacamptis collina,basionym,Orchis collina,Anacamptis collina
Anacamptis collina,replaced synonym,Orchis collina,Anacamptis collina
Anacamptis collina,distribution,Europe,Anacamptis collina
Anacamptis collina,distribution,North Africa,Anacamptis collina
Anacamptis collina,habitat,grassland,Anacamptis collina
Anacamptis collina,habitat,rocky outcrop,Anacamptis collina
Anacamptis collina,conservation status,least concern,Anacamptis collina
Anacamptis collina,uses,herbal medicine,Anacamptis collina
Anacamptis collina,used by,herbalist,Anacamptis collina
Anacamptis collina,ISHO synonym,Orchis provincialis,Anacamptis collina
Anacamptis collina,ISHO synonym,Orchis longicornu,Anacamptis collina
Anacamptis collina,has flower color,pink,Anacamptis collina
Anacamptis collina,has flower color,white,Anacamptis collina
Anacamptis collina,growth period,summer,Anacamptis collina
subject,predicate,object,Research in Developmental Disabilities
Research in Developmental Disabilities,P31,Journal,Research in Developmental Disabilities
Research in Developmental Disabilities,P21,Q123456,Research in Developmental Disabilities
Research in Developmental Disabilities,P577,1980,Research in Developmental Disabilities
Research in Developmental Disabilities,P18,United States,Research in Developmental Disabilities
Research in Developmental Disabilities,P27,Elsevier,Research in Developmental Disabilities
Research in Developmental Disabilities,P856,https://www.journal-of-research-in-developmental-disabilities.com/,Research in Developmental Disabilities
Research in Developmental Disabilities,P973,Q1526691,Research in Developmental Disabilities
Research in Developmental Disabilities,P143,Q145,Research in Developmental Disabilities
Research in Developmental Disabilities,P159,Q123456,Research in Developmental Disabilities
Research in Developmental Disabilities,P270,ISSN 0890-8367,Research in Developmental Disabilities
Research in Developmental Disabilities,P478,Q123456,Research in Developmental Disabilities
Research in Developmental Disabilities,P619,Q123456,Research in Developmental Disabilities
Research in Developmental Disabilities,P500,Developmental disabilities,Research in Developmental Disabilities
Research in Developmental Disabilities,P101,Q121,Research in Developmental Disabilities
Research in Developmental Disabilities,P103,Q134,Research in Developmental Disabilities
{fact['subject']},{fact['predicate']},{fact['object']},Research in Developmental Disabilities
subject,predicate,object,"Sir Hugh Smith, 1st Baronet"
Sir Hugh Smith,1st Baronet,P31,"Sir Hugh Smith, 1st Baronet"
Sir Hugh Smith,1st Baronet,P279,"Sir Hugh Smith, 1st Baronet"
Sir Hugh Smith,1st Baronet,P569,"Sir Hugh Smith, 1st Baronet"
Sir Hugh Smith,1st Baronet,P570,"Sir Hugh Smith, 1st Baronet"
Sir Hugh Smith,1st Baronet,P21,"Sir Hugh Smith, 1st Baronet"
Sir Hugh Smith,1st Baronet,P106,"Sir Hugh Smith, 1st Baronet"
Sir Hugh Smith,1st Baronet,P40,"Sir Hugh Smith, 1st Baronet"
subject,predicate,object,Manolo Muñoz (footballer)
subject,predicate,object,Serious Sam
Serious Sam,P31,Video Game,Serious Sam
Serious Sam,P17,Croteam,Serious Sam
Serious Sam,P279,First-Person Shooter,Serious Sam
Serious Sam,P31,Series,Serious Sam
Serious Sam,P1476,Serious Sam HD,Serious Sam
Serious Sam,P1476,Serious Sam: The First Encounter,Serious Sam
Serious Sam,P1476,Serious Sam: The Second Encounter,Serious Sam
Serious Sam,P553,http://www.croteam.com,Serious Sam
Serious Sam,P973,https://en.wikipedia.org/wiki/Serious_Sam,Serious Sam
Serious Sam,P585,2002,Serious Sam
Serious Sam,P108,Emil Žili,Serious Sam
Serious Sam,P571,2002-03-28,Serious Sam
Serious Sam,P619,Serious Sam: The First Encounter,Serious Sam
Serious Sam,P463,Microsoft Windows,Serious Sam
Serious Sam,P106,Action Game,Serious Sam
Serious Sam,P279,Real-Time Strategy,Serious Sam
Serious Sam,P854,https://www.mobygames.com/games/series/serious-sam-series,Serious Sam
Serious Sam,P973,https://www.ign.com/ franchises/serious-sam,Serious Sam
Serious Sam,P108,Davor Hunski,Serious Sam
Serious Sam,P31,Video Game Series,Serious Sam
subject,P31,Video Game,Serious Sam
subject,P17,Croteam,Serious Sam
Chestnut-and-black weaver,P31,Bird,Chestnut-and-black weaver
Chestnut-and-black weaver,P18,Ploceus nigerrimus,Chestnut-and-black weaver
Chestnut-and-black weaver,P14,Ploceus,Chestnut-and-black weaver
Chestnut-and-black weaver,P27,Africa,Chestnut-and-black weaver
Chestnut-and-black weaver,P261,Tropical region,Chestnut-and-black weaver
Chestnut-and-black weaver,P571,1834,Chestnut-and-black weaver
Chestnut-and-black weaver,P279,Passerine,Chestnut-and-black weaver
Chestnut-and-black weaver,P840,Animal,Chestnut-and-black weaver
Chestnut-and-black weaver,P901,Species,Chestnut-and-black weaver
Chestnut-and-black weaver,P46,Bird species,Chestnut-and-black weaver
Chestnut-and-black weaver,P973,Taxonomic rank,Chestnut-and-black weaver
Chestnut-and-black weaver,P0,EOL,Chestnut-and-black weaver
Chestnut-and-black weaver,P703,Ploceidae,Chestnut-and-black weaver
Chestnut-and-black weaver,P676,IUCN,Chestnut-and-black weaver
Chestnut-and-black weaver,P493,Taxon,Chestnut-and-black weaver
subject,predicate,object,Remscheid Hauptbahnhof
Remscheid Hauptbahnhof,wdt:P31,Railway station,Remscheid Hauptbahnhof
Remscheid Hauptbahnhof,wdt:P31,Bahnhof,Remscheid Hauptbahnhof
Remscheid Hauptbahnhof,wdt:P4,Germany,Remscheid Hauptbahnhof
Remscheid Hauptbahnhof,wdt:P17,North Rhine-Westphalia,Remscheid Hauptbahnhof
Remscheid Hauptbahnhof,wdt:P18,Remscheid,Remscheid Hauptbahnhof
Remscheid Hauptbahnhof,wdt:P291,Remscheid,Remscheid Hauptbahnhof
Remscheid Hauptbahnhof,wdt:P629,Hauptbahnhof,Remscheid Hauptbahnhof
Remscheid Hauptbahnhof,wdt:P1366,115,Remscheid Hauptbahnhof
Remscheid Hauptbahnhof,wdt:P973,S-Bahn,Remscheid Hauptbahnhof
Remscheid Hauptbahnhof,wdt:P6379,DB Netz,Remscheid Hauptbahnhof
Remscheid Hauptbahnhof,wdt:P558,Bahnhofstraße,Remscheid Hauptbahnhof
Remscheid Hauptbahnhof,wdt:P1315,1880,Remscheid Hauptbahnhof
Remscheid Hauptbahnhof,wdt:P768,656,Remscheid Hauptbahnhof
Remscheid Hauptbahnhof,wdt:P768,801,Remscheid Hauptbahnhof
Remscheid Hauptbahnhof,wdt:P768,RB 68,Remscheid Hauptbahnhof
Remscheid Hauptbahnhof,wdt:P768,RE 16,Remscheid Hauptbahnhof
Remscheid Hauptbahnhof,wdt:P768,RE 28,Remscheid Hauptbahnhof
Remscheid Hauptbahnhof,wdt:P601,13,Remscheid Hauptbahnhof
Remscheid Hauptbahnhof,wdt:P585,3,Remscheid Hauptbahnhof
Remscheid Hauptbahnhof,wdt:P1416,Q820661,Remscheid Hauptbahnhof
Remscheid Hauptbahnhof,wdt:P973,Regional-Express,Remscheid Hauptbahnhof
Remscheid Hauptbahnhof,wdt:P973,S-Bahn Rhein-Ruhr,Remscheid Hauptbahnhof
Remscheid Hauptbahnhof,wdt:P1181,Q1533621,Remscheid Hauptbahnhof
subject,predicate,object,Le Bal (novella)
subject,predicate,object,Giovanni Maria da Varano
Giovanni Maria da Varano,instance of,Duke,Giovanni Maria da Varano
Giovanni Maria da Varano,position,Duke of Camerino,Giovanni Maria da Varano
Giovanni Maria da Varano,family,Varano,Giovanni Maria da Varano
Giovanni Maria da Varano,given name,Giovanni,Giovanni Maria da Varano
Giovanni Maria da Varano,surname,Varano,Giovanni Maria da Varano
Giovanni Maria da Varano,date of birth,1615,Giovanni Maria da Varano
Giovanni Maria da Varano,date of death,1645,Giovanni Maria da Varano
Giovanni Maria da Varano,place of birth,Camerino,Giovanni Maria da Varano
Giovanni Maria da Varano,place of death,Camerino,Giovanni Maria da Varano
Giovanni Maria da Varano,noble title,Duke of Camerino,Giovanni Maria da Varano
Giovanni Maria da Varano,country,Italy,Giovanni Maria da Varano
Giovanni Maria da Varano,position,ruler,Giovanni Maria da Varano
Giovanni Maria da Varano,family,House of Varano,Giovanni Maria da Varano
Kenneth Binmoeller,type,Person,Kenneth Binmoeller
Kenneth Binmoeller,birthName,Kenneth Binmoeller,Kenneth Binmoeller
Kenneth Binmoeller,birthDate,1956,Kenneth Binmoeller
Kenneth Binmoeller,birthPlace,Germany,Kenneth Binmoeller
Kenneth Binmoeller,occupation,Catholic bishop,Kenneth Binmoeller
Kenneth Binmoeller,occupation,Catholic priest,Kenneth Binmoeller
Kenneth Binmoeller,position,Auxiliary Bishop of Freising,Kenneth Binmoeller
Kenneth Binmoeller,position,Titular Bishop of Cales,Kenneth Binmoeller
Kenneth Binmoeller,educatedAt,University of Regensburg,Kenneth Binmoeller
Kenneth Binmoeller,wikiPage,Kenneth Binmoeller,Kenneth Binmoeller
Kenneth Binmoeller,ordination,1980,Kenneth Binmoeller
Kenneth Binmoeller,consecration,2001,Kenneth Binmoeller
Kenneth Binmoeller,diocese,Roman Catholic Diocese of San José,Kenneth Binmoeller
Kenneth Binmoeller,nationality,German,Kenneth Binmoeller
subject,predicate,object,Ascanio della Corgna
Ascanio della Corgna,P31,Q5,Ascanio della Corgna
Ascanio della Corgna,P106,Q639669,Ascanio della Corgna
Ascanio della Corgna,P569,1515-12-16,Ascanio della Corgna
Ascanio della Corgna,P570,1572-02-10,Ascanio della Corgna
Ascanio della Corgna,P4,Papal States,Ascanio della Corgna
Ascanio della Corgna,P69,Collegiate Church of Santa Maria della Rocca,Ascanio della Corgna
Ascanio della Corgna,P487,Catholic Church,Ascanio della Corgna
Ascanio della Corgna,P108,Q236425,Ascanio della Corgna
Ascanio della Corgna,P27,Papal States,Ascanio della Corgna
Ascanio della Corgna,P40,Q774902,Ascanio della Corgna
Ascanio della Corgna,P13,Q24676,Ascanio della Corgna
subject,predicate,object,Felix Ua Duib Sláin
Felix Ua Duib Sláin,P31,Q5,Felix Ua Duib Sláin
Felix Ua Duib Sláin,P106,Q639669,Felix Ua Duib Sláin
Felix Ua Duib Sláin,P569,Q12053613,Felix Ua Duib Sláin
Felix Ua Duib Sláin,P570,Q12053615,Felix Ua Duib Sláin
Felix Ua Duib Sláin,P18,Q12053614,Felix Ua Duib Sláin
Felix Ua Duib Sláin,P39,Q639669,Felix Ua Duib Sláin
subject,predicate,object,Voyant Tools
Voyant Tools,instance of,software,Voyant Tools
Voyant Tools,creator,Stéfan Sinclair,Voyant Tools
Voyant Tools,creator,Geoffrey Rockwell,Voyant Tools
Voyant Tools,has part,Voyant Corpus,Voyant Tools
Voyant Tools,has part,Voyant Reader,Voyant Tools
Voyant Tools,has part,Voyant Search,Voyant Tools
Voyant Tools,used for,text analysis,Voyant Tools
Voyant Tools,used for,data visualization,Voyant Tools
Voyant Tools,used for,digital humanities,Voyant Tools
Voyant Tools,written in,JavaScript,Voyant Tools
Voyant Tools,written in,Java,Voyant Tools
Voyant Tools,available on,web,Voyant Tools
Voyant Tools,licensed under,GPL,Voyant Tools
Voyant Tools,has website,voyant-tools.org,Voyant Tools
Voyant Tools,has documentation,voyant-tools.org/docs,Voyant Tools
Voyant Tools,developed by,University of Alberta,Voyant Tools
Voyant Tools,developed by,Université de Montréal,Voyant Tools
Voyant Tools,release date,2009,Voyant Tools
subject,predicate,object,USS LST-952
USS LST-952,P31,LST-542-class tank landing ship,USS LST-952
USS LST-952,P19,United States Navy,USS LST-952
Shōmaru Station,instance of,railway station,Shōmaru Station
Shōmaru Station,located in,Japan,Shōmaru Station
Shōmaru Station,located in,Fukuoka Prefecture,Shōmaru Station
Shōmaru Station,located in,Kasuya,Shōmaru Station
Shōmaru Station,elevation,20.0,Shōmaru Station
Shōmaru Station,opened in,1924,Shōmaru Station
Shōmaru Station,closed in,2005,Shōmaru Station
Shōmaru Station,replaced by,Kasuya Station,Shōmaru Station
Shōmaru Station,part of,Kyushu Railway Company,Shōmaru Station
Shōmaru Station,has operator,Kyushu Railway Company,Shōmaru Station
Shōmaru Station,has English name,Shōmaru Station,Shōmaru Station
Shōmaru Station,has name in,Japanese,Shōmaru Station
Shōmaru Station,instance of,disused railway station,Shōmaru Station
Shōmaru Station,located on,Fukubu Line,Shōmaru Station
Shōmaru Station,has coordinate,130.5,Shōmaru Station
subject,predicate,object,American College of Greece
American College of Greece,P31,Private college,American College of Greece
Wendy Mogel,instance of,Human,Wendy Mogel
Wendy Mogel,occupation,Rabbi,Wendy Mogel
Wendy Mogel,occupation,Author,Wendy Mogel
Wendy Mogel,educated at,University of Pennsylvania,Wendy Mogel
Wendy Mogel,educated at,Jewish Theological Seminary of America,Wendy Mogel
Wendy Mogel,has given name,Wendy,Wendy Mogel
Wendy Mogel,has surname,Mogel,Wendy Mogel
Wendy Mogel,spouse,Robert Mogel,Wendy Mogel
Wendy Mogel,has child,Tova Mogel,Wendy Mogel
Wendy Mogel,has child,Eli Mogel,Wendy Mogel
Wendy Mogel,wrote,The Blessings of a B Minus,Wendy Mogel
Wendy Mogel,wrote,A Jewish Guide to Love and Marriage,Wendy Mogel
Wendy Mogel,provides services,Clerical Marriage,Wendy Mogel
Wendy Mogel,member of,Rabbinical Council of America,Wendy Mogel
Wendy Mogel,member of,Orthodox Union,Wendy Mogel
subject,predicate,object,"Ternovoye, Podgorensky District, Voronezh Oblast"
subject,predicate,object,"Borisoglebsky, Murmansk Oblast"
subject,predicate,object,Piponisiw River
Piponisiw River,P31,River,Piponisiw River
Piponisiw River,P2,Canada,Piponisiw River
Piponisiw River,P17,Manitoba,Piponisiw River
Piponisiw River,P18,Whiteshell Provincial Park,Piponisiw River
Piponisiw River,P19,Winnipeg River,Piponisiw River
Piponisiw River,P20,Hudson Bay,Piponisiw River
Piponisiw River,P281,Manitoba,Piponisiw River
Piponisiw River,P31,Q515,Piponisiw River
Piponisiw River,P2,Q16,Piponisiw River
Piponisiw River,P17,Q150,Piponisiw River
Piponisiw River,P18,Q1141656,Piponisiw River
Piponisiw River,P19,Q935314,Piponisiw River
Piponisiw River,P20,Q511,Piponisiw River
Piponisiw River,P461,Q515,Piponisiw River
Jatt & Juliet 2,instance of,Film,Jatt & Juliet 2
Jatt & Juliet 2,part of,Jatt & Juliet franchise,Jatt & Juliet 2
Jatt & Juliet 2,director,Parmeet Singh Rajaura,Jatt & Juliet 2
Jatt & Juliet 2,starring,Gippy Grewal,Jatt & Juliet 2
Jatt & Juliet 2,starring,Neeru Bedi,Jatt & Juliet 2
Jatt & Juliet 2,release date,2013-08-23,Jatt & Juliet 2
Jatt & Juliet 2,country of origin,India,Jatt & Juliet 2
Jatt & Juliet 2,language,Punjabi,Jatt & Juliet 2
Jatt & Juliet 2,sequel to,Jatt & Juliet,Jatt & Juliet 2
Jatt & Juliet 2,genre,Comedy-drama,Jatt & Juliet 2
Jatt & Juliet 2,cinematography,Bhanu Sharma,Jatt & Juliet 2
Jatt & Juliet 2,music director,Gourov Chabria,Jatt & Juliet 2
Jatt & Juliet 2,producer,Raja Sandhu,Jatt & Juliet 2
Jatt & Juliet 2,runtime,135 minutes,Jatt & Juliet 2
Jatt & Juliet 2,distributor,Tips Music Films,Jatt & Juliet 2
Jatt & Juliet 2,based on,Jatt & Juliet,Jatt & Juliet 2
subject,predicate,object,Sandaker senter tram stop
Sandaker senter tram stop,P31,Q515,Sandaker senter tram stop
Sandaker senter tram stop,P131,Q5903,Sandaker senter tram stop
Sandaker senter tram stop,P31,Q1248752,Sandaker senter tram stop
Sandaker senter tram stop,P1476,Q5903,Sandaker senter tram stop
Sandaker senter tram stop,P361,Q5903,Sandaker senter tram stop
Sandaker senter tram stop,P629,Q123456,Sandaker senter tram stop
Sandaker senter tram stop,P606,Q123456,Sandaker senter tram stop
Sandaker senter tram stop,P558,Q123456,Sandaker senter tram stop
Sandaker senter tram stop,P973,Q123456,Sandaker senter tram stop
Sandaker senter tram stop,P855,Q123456,Sandaker senter tram stop
Sandaker senter tram stop,P31,Q6877,Sandaker senter tram stop
Sandaker senter tram stop,P279,Q123456,Sandaker senter tram stop
Sandaker senter tram stop,P558,Q6308760,Sandaker senter tram stop
China Railway CR400AF,instance of,train,China Railway CR400AF
China Railway CR400AF,subclass of,CR400AF,China Railway CR400AF
China Railway CR400AF,manufacturer,CRRC,China Railway CR400AF
China Railway CR400AF,country of origin,China,China Railway CR400AF
China Railway CR400AF,operator,China Railway Corporation,China Railway CR400AF
China Railway CR400AF,has part,electric motor,China Railway CR400AF
China Railway CR400AF,has part,pantograph,China Railway CR400AF
China Railway CR400AF,maximum speed,400 km/h,China Railway CR400AF
China Railway CR400AF,power type,electric,China Railway CR400AF
China Railway CR400AF,first production,2016,China Railway CR400AF
China Railway CR400AF,production,ongoing,China Railway CR400AF
China Railway CR400AF,number of cars,8,China Railway CR400AF
China Railway CR400AF,service,China Railway Corporation,China Railway CR400AF
China Railway CR400AF,testing,China Railway Corporation,China Railway CR400AF
China Railway CR400AF,designed by,CRRC,China Railway CR400AF
China Railway CR400AF,built by,CRRC,China Railway CR400AF
China Railway CR400AF,entered service,2016,China Railway CR400AF
China Railway CR400AF,power supply,overhead catenary,China Railway CR400AF
China Railway CR400AF,traction motor,electric motor,China Railway CR400AF
China Railway CR400AF,acceleration,0.6 m/s²,China Railway CR400AF
China Railway CR400AF,braking,regenerative braking,China Railway CR400AF
China Railway CR400AF,length,209.4 m,China Railway CR400AF
China Railway CR400AF,width,3.5 m,China Railway CR400AF
China Railway CR400AF,height,5.35 m,China Railway CR400AF
Claude Théodore Decaen,instance of,military personnel,Claude Théodore Decaen
Claude Théodore Decaen,has occupation,officer,Claude Théodore Decaen
Claude Théodore Decaen,has given name,Claude,Claude Théodore Decaen
Claude Théodore Decaen,has surname,Decaen,Claude Théodore Decaen
Claude Théodore Decaen,has middle name,Théodore,Claude Théodore Decaen
Claude Théodore Decaen,date of birth,1769,Claude Théodore Decaen
Claude Théodore Decaen,date of death,1820,Claude Théodore Decaen
Claude Théodore Decaen,country of citizenship,France,Claude Théodore Decaen
Claude Théodore Decaen,military rank,général de brigade,Claude Théodore Decaen
Claude Théodore Decaen,has position,commander,Claude Théodore Decaen
Claude Théodore Decaen,part of,French Army,Claude Théodore Decaen
Claude Théodore Decaen,conflict,French Revolutionary Wars,Claude Théodore Decaen
Claude Théodore Decaen,conflict,Napoleonic Wars,Claude Théodore Decaen
Claude Théodore Decaen,commander of,13th Infantry Regiment,Claude Théodore Decaen
Claude Théodore Decaen,has battle,Battle of Fleurus,Claude Théodore Decaen
Claude Théodore Decaen,has battle,Battle of Leipzig,Claude Théodore Decaen
subject,predicate,object,Ife National Museum
Ife National Museum,P31,Museum,Ife National Museum
Ife National Museum,P17,Nigeria,Ife National Museum
Ife National Museum,P279,Ife,Ife National Museum
Ife National Museum,P131,Osun State,Ife National Museum
Ife National Museum,P571,1962,Ife National Museum
Ife National Museum,P1,Ife,Ife National Museum
Ife National Museum,P617,Archaeological museum,Ife National Museum
Ife National Museum,P973,http://www.nigeria.gov.ng/museums/ife-national-museum,Ife National Museum
Ife National Museum,P18,Ife,Ife National Museum
Ife National Museum,P463,Nigeria,Ife National Museum
Ife National Museum,P6379,12.2333° N 4.0167° E,Ife National Museum
Ife National Museum,P625,12.2333° N 4.0167° E,Ife National Museum
Ife National Museum,P706,Nigerian National Museum,Ife National Museum
Ife National Museum,P840,Yoruba people,Ife National Museum
Ife National Museum,P973,https://en.wikipedia.org/wiki/Ife_National_Museum,Ife National Museum
Ife National Museum,P31,cultural heritage site,Ife National Museum
Ife National Museum,P361,Ife terracotta,Ife National Museum
Ife National Museum,P973,https://www.tripadvisor.com/Attraction_Review-g313876-d196905-Reviews-Ife_National_Museum-Ife_Osun_State.html,Ife National Museum
Ife National Museum,P973,https://www.victoriajam.com/ife-national-museum/,Ife National Museum
Ife National Museum,P973,https://nigeria.tourism.com/nigeria-tourism/ife-national-museum,Ife National Museum
Ife National Museum,P856,Ife National Museum,Ife National Museum
Ife National Museum,P515,yes,Ife National Museum
Ife National Museum,P31,national museum,Ife National Museum
Ife National Museum,P279,West Africa,Ife National Museum
Ife National Museum,P279,Africa,Ife National Museum
Ife National Museum,P973,https://www.panoramio.com/photo/3745682,Ife National Museum
subject,predicate,object,"Dumbleton, Queensland"
subject,predicate,object,Mionnay station
Mionnay station,instance of,railway station,Mionnay station
Mionnay station,located in,France,Mionnay station
Mionnay station,located in,Auvergne-Rhône-Alpes,Mionnay station
Mionnay station,located in,Ain,Mionnay station
Mionnay station,elevation,540,Mionnay station
Mionnay station,has operator,SNCF,Mionnay station
Mionnay station,has service,train,Mionnay station
Mionnay station,has service,TER Auvergne-Rhône-Alpes,Mionnay station
Mionnay station,located on,Lyon–Geneva railway,Mionnay station
Mionnay station,has platform,2,Mionnay station
subject,predicate,object,Philip Adolphe Klier
Philip Adolphe Klier,P31,painter,Philip Adolphe Klier
Philip Adolphe Klier,P19,Germany,Philip Adolphe Klier
Philip Adolphe Klier,P569,1800-00-00,Philip Adolphe Klier
Philip Adolphe Klier,P570,1875-00-00,Philip Adolphe Klier
Philip Adolphe Klier,P18,Klier Philip Adolphe.jpg,Philip Adolphe Klier
Philip Adolphe Klier,P27,German,Philip Adolphe Klier
Philip Adolphe Klier,P106,Painter,Philip Adolphe Klier
Philip Adolphe Klier,P858,https://commons.wikimedia.org/wiki/Category:Philip_Adolphe_Klier,Philip Adolphe Klier
Philip Adolphe Klier,P973,Q2074046,Philip Adolphe Klier
subject,predicate,object,"Dmytrivka, Chernihiv Oblast"
Staphylococcus schleiferi,instance of,species,Staphylococcus schleiferi
Staphylococcus schleiferi,part of,Staphylococcus,Staphylococcus schleiferi
Staphylococcus schleiferi,discovered by,Schleifer,Staphylococcus schleiferi
Staphylococcus schleiferi,named after,Schleifer,Staphylococcus schleiferi
Staphylococcus schleiferi,has habitat,Human,Staphylococcus schleiferi
Staphylococcus schleiferi,has habitat,Animal,Staphylococcus schleiferi
Staphylococcus schleiferi,is a,Gram-positive bacterium,Staphylococcus schleiferi
Staphylococcus schleiferi,has characteristic,Cocci,Staphylococcus schleiferi
Staphylococcus schleiferi,has characteristic,Facultative anaerobic,Staphylococcus schleiferi
Staphylococcus schleiferi,has classification,Bacteria,Staphylococcus schleiferi
Staphylococcus schleiferi,has classification,Firmicutes,Staphylococcus schleiferi
Staphylococcus schleiferi,has classification,Bacillales,Staphylococcus schleiferi
Staphylococcus schleiferi,has classification,Staphylococcaceae,Staphylococcus schleiferi
Staphylococcus schleiferi,has subclass,Staphylococcus aureus group,Staphylococcus schleiferi
Staphylococcus schleiferi,has strain,Type strain,Staphylococcus schleiferi
Staphylococcus schleiferi,has taxonomic rank,Species,Staphylococcus schleiferi
Staphylococcus schleiferi,has NCBI Taxon ID,1304,Staphylococcus schleiferi
Staphylococcus schleiferi,has Genome Size,2.4 Mb,Staphylococcus schleiferi
Staphylococcus schleiferi,has GC content,33.3,Staphylococcus schleiferi
Staphylococcus schleiferi,causes,Infection,Staphylococcus schleiferi
Staphylococcus schleiferi,has UniProt taxon ID,93061,Staphylococcus schleiferi
Staphylococcus schleiferi,has GenBank taxon ID,1304,Staphylococcus schleiferi
Cabo Velas,P31,Q515,Cabo Velas
Cabo Velas,P18,Q1245,Cabo Velas
Cabo Velas,P21,Q162,Cabo Velas
Cabo Velas,P27,Q16,Cabo Velas
Cabo Velas,P30,Q132,Cabo Velas
Cabo Velas,P131,Q2621,Cabo Velas
Cabo Velas,P133,Q132,Cabo Velas
Cabo Velas,P136,Q1348,Cabo Velas
Cabo Velas,P279,Q288,Cabo Velas
Cabo Velas,P301,Q288,Cabo Velas
Cabo Velas,P361,Q288,Cabo Velas
Cabo Velas,P463,Q1492,Cabo Velas
Cabo Velas,P514,Q1493,Cabo Velas
Cabo Velas,instance of,cape,Cabo Velas
Cabo Velas,located in,Costa Rica,Cabo Velas
Cabo Velas,located on,Pacific Ocean,Cabo Velas
Cabo Velas,part of,Costa Rica,Cabo Velas
Cabo Velas,located in,Limón Province,Cabo Velas
Cabo Velas,located in,Talamanca Canton,Cabo Velas
Cabo Velas,has part,Gandoca-Manzanillo Wildlife Refuge,Cabo Velas
Cabo Velas,is a part of,Costa Rica,Cabo Velas
Cabo Velas,located on,Caribbean Sea,Cabo Velas
subject,predicate,object,Cabo Velas
Cabo Velas,P188,10,Cabo Velas
Cabo Velas,P585,Q12036,Cabo Velas
Cabo Velas,elevation,10,Cabo Velas
Cabo Velas,time zone,UTC-06:00,Cabo Velas
1996 EA Generali Open,P31,tennis tournament,1996 EA Generali Open
1996 EA Generali Open,P106,1996 ATP Tour,1996 EA Generali Open
1996 EA Generali Open,P17,Austria,1996 EA Generali Open
1996 EA Generali Open,P279,Europe,1996 EA Generali Open
1996 EA Generali Open,P31,hardcourt,1996 EA Generali Open
1996 EA Generali Open,P112,Àlex Corretja,1996 EA Generali Open
1996 EA Generali Open,P111,Burkhard Jess,1996 EA Generali Open
1996 EA Generali Open,P585,1996,1996 EA Generali Open
1996 EA Generali Open,P1476,EA Generali Open,1996 EA Generali Open
1996 EA Generali Open,P27,ATP Austrian Open,1996 EA Generali Open
1996 EA Generali Open,P31,Tennis,1996 EA Generali Open
1996 EA Generali Open,P31,Hard,1996 EA Generali Open
Andromeda Star,instance of,galaxy,Andromeda Star
Andromeda Star,located in,Local Group,Andromeda Star
Andromeda Star,named after,Andromeda,Andromeda Star
Andromeda Star,distance,approximately 2.5 million light-years,Andromeda Star
Andromeda Star,type,spiral galaxy,Andromeda Star
Andromeda Star,has part,M32,Andromeda Star
Andromeda Star,has part,M110,Andromeda Star
Andromeda Star,discovered by,Abd al-Rahman al-Sufi,Andromeda Star
Andromeda Star,discovered in,964,Andromeda Star
Andromeda Star,constellation,Andromeda,Andromeda Star
Andromeda Star,synonym,Andromeda Galaxy,Andromeda Star
Andromeda Star,synonym,Messier 31,Andromeda Star
Andromeda Star,synonym,M31,Andromeda Star
Andromeda Star,WikiPage,https://en.wikipedia.org/wiki/Andromeda_Galaxy,Andromeda Star
Andromeda Star,P31,Andromeda Galaxy,Andromeda Star
Andromeda Galaxy,P31,Andromeda Galaxy,Andromeda Star
Andromeda Galaxy,P279,Andromeda Galaxy,Andromeda Star
Andromeda Galaxy,P646,Andromeda Galaxy,Andromeda Star
Andromeda Galaxy,P1476,964,Andromeda Star
Andromeda Galaxy,P18,c_2009_021_524_522_00000000000000000000.jpg,Andromeda Star
Andromeda Galaxy,P279,spiral galaxy,Andromeda Star
Andromeda Galaxy,P31,M31,Andromeda Star
Andromeda Galaxy,P1889,M31,Andromeda Star
Andromeda Galaxy,P31,NGC 224,Andromeda Star
Andromeda Galaxy,P206,Andromeda,Andromeda Star
Andromeda Galaxy,P31,Messier object,Andromeda Star
Andromeda Galaxy,P31,New General Catalogue object,Andromeda Star
Andromeda Galaxy,P5,Local Group,Andromeda Star
Andromeda Galaxy,P31,Interstellar medium,Andromeda Star
subject,predicate,object,Otakar Šín
Otakar Šín,P31,Q5,Otakar Šín
Otakar Šín,P106,Q639669,Otakar Šín
Otakar Šín,P569,1896-09-21,Otakar Šín
Otakar Šín,P570,1974-08-09,Otakar Šín
Otakar Šín,P19,Q262956,Otakar Šín
Otakar Šín,P27,Q134597,Otakar Šín
Otakar Šín,P858,Q134597,Otakar Šín
Otakar Šín,P580,Q134597,Otakar Šín
Otakar Šín,P127,Q134597,Otakar Šín
Puente Genil-Herrera railway station,instance of,railway station,Puente Genil-Herrera railway station
Puente Genil-Herrera railway station,located in,Spain,Puente Genil-Herrera railway station
Puente Genil-Herrera railway station,located in,Province of Córdoba,Puente Genil-Herrera railway station
Puente Genil-Herrera railway station,has passenger traffic,yes,Puente Genil-Herrera railway station
Puente Genil-Herrera railway station,has freight traffic,yes,Puente Genil-Herrera railway station
Puente Genil-Herrera railway station,part of,Red de ancho convencional,Puente Genil-Herrera railway station
Puente Genil-Herrera railway station,operated by,Renfe Operadora,Puente Genil-Herrera railway station
Puente Genil-Herrera railway station,serves,Puente Genil,Puente Genil-Herrera railway station
Puente Genil-Herrera railway station,serves,Herrera,Puente Genil-Herrera railway station
Puente Genil-Herrera railway station,has platform,2,Puente Genil-Herrera railway station
Puente Genil-Herrera railway station,has track,4,Puente Genil-Herrera railway station
Puente Genil-Herrera railway station,elevation,273,Puente Genil-Herrera railway station
Puente Genil-Herrera railway station,opened,1870,Puente Genil-Herrera railway station
Puente Genil-Herrera railway station,renovated,2004,Puente Genil-Herrera railway station
subject,predicate,object,Puente Genil-Herrera railway station
subject,predicate,object,Krishnam Raju Gadiraju
Krishnam Raju Gadiraju,instance of,person,Krishnam Raju Gadiraju
Krishnam Raju Gadiraju,given name,Krishnam Raju,Krishnam Raju Gadiraju
Krishnam Raju Gadiraju,family name,Gadiraju,Krishnam Raju Gadiraju
Krishnam Raju Gadiraju,occupation,computer scientist,Krishnam Raju Gadiraju
Krishnam Raju Gadiraju,educated at,University of Hyderabad,Krishnam Raju Gadiraju
Krishnam Raju Gadiraju,works in,Germany,Krishnam Raju Gadiraju
Krishnam Raju Gadiraju,has academic degree,Ph.D.,Krishnam Raju Gadiraju
Krishnam Raju Gadiraju,academic advisor,Ulf Fischer,Krishnam Raju Gadiraju
Krishnam Raju Gadiraju,doctoral student,yes,Krishnam Raju Gadiraju
Krishnam Raju Gadiraju,researcher,yes,Krishnam Raju Gadiraju
Krishnam Raju Gadiraju,ORCID,0000-0002-0123-4567,Krishnam Raju Gadiraju
Krishnam Raju Gadiraju,Google Scholar ID,....,Krishnam Raju Gadiraju
subject,predicate,object,Durga Mohan Bhattacharyya
Durga Mohan Bhattacharyya,P31,India,Durga Mohan Bhattacharyya
Durga Mohan Bhattacharyya,P106,Politician,Durga Mohan Bhattacharyya
Durga Mohan Bhattacharyya,P144,Indian National Congress,Durga Mohan Bhattacharyya
Durga Mohan Bhattacharyya,P18,File:Durga Mohan Bhattacharyya.jpg,Durga Mohan Bhattacharyya
Durga Mohan Bhattacharyya,P569,1916-01-01,Durga Mohan Bhattacharyya
Durga Mohan Bhattacharyya,P570,2002-01-01,Durga Mohan Bhattacharyya
Durga Mohan Bhattacharyya,P21,India,Durga Mohan Bhattacharyya
Durga Mohan Bhattacharyya,P27,India,Durga Mohan Bhattacharyya
Durga Mohan Bhattacharyya,P734,Bhattacharyya,Durga Mohan Bhattacharyya
Durga Mohan Bhattacharyya,P40,West Bengal Legislative Assembly,Durga Mohan Bhattacharyya
Bailey's Dam,P31,hydroelectric dam,Bailey's Dam
Gordon Jackson Rees,instance of,Q5,Gordon Jackson Rees
Gordon Jackson Rees,occupation,Q121594,Gordon Jackson Rees
Gordon Jackson Rees,occupation,Q639669,Gordon Jackson Rees
Gordon Jackson Rees,educated at,Q176905,Gordon Jackson Rees
Gordon Jackson Rees,position,Q1044231,Gordon Jackson Rees
Gordon Jackson Rees,position,Q563127,Gordon Jackson Rees
Gordon Jackson Rees,has academic degree,Q688669,Gordon Jackson Rees
Gordon Jackson Rees,given name,Q300613,Gordon Jackson Rees
Gordon Jackson Rees,family name,Q93013,Gordon Jackson Rees
Gordon Jackson Rees,date of birth,Q242293,Gordon Jackson Rees
subject,predicate,object,Martin Road Bridge
Martin Road Bridge,instance of,bridge,Martin Road Bridge
Martin Road Bridge,located in,California,Martin Road Bridge
Martin Road Bridge,located in,United States,Martin Road Bridge
Martin Road Bridge,carries,road,Martin Road Bridge
Martin Road Bridge,crosses,Los Angeles River,Martin Road Bridge
Martin Road Bridge,located in,Los Angeles County,Martin Road Bridge
Martin Road Bridge,has part,steel truss,Martin Road Bridge
Martin Road Bridge,constructed by,California Department of Transportation,Martin Road Bridge
Martin Road Bridge,replaced,older bridge,Martin Road Bridge
Martin Road Bridge,has material,steel,Martin Road Bridge
Martin Road Bridge,has traffic,4 lanes,Martin Road Bridge
Martin Road Bridge,opened,1964,Martin Road Bridge
Martin Road Bridge,length,178 ft,Martin Road Bridge
Martin Road Bridge,width,64 ft,Martin Road Bridge
Martin Road Bridge,has maintenance,California Department of Transportation,Martin Road Bridge
Martin Road Bridge,is located in,San Fernando Valley,Martin Road Bridge
subject,predicate,object,2017 Kurdistan Region independence referendum
2017 Kurdistan Region independence referendum,P31,referendum,2017 Kurdistan Region independence referendum
2017 Kurdistan Region independence referendum,P571,2017-09-25,2017 Kurdistan Region independence referendum
2017 Kurdistan Region independence referendum,P17,Kurdistan Region,2017 Kurdistan Region independence referendum
2017 Kurdistan Region independence referendum,P463,Iraqi Kurdistan,2017 Kurdistan Region independence referendum
2017 Kurdistan Region independence referendum,P122,Kurdistan Democratic Party,2017 Kurdistan Region independence referendum
2017 Kurdistan Region independence referendum,P279,yes–no question,2017 Kurdistan Region independence referendum
2017 Kurdistan Region independence referendum,P585,2017-09-25,2017 Kurdistan Region independence referendum
2017 Kurdistan Region independence referendum,P31,national referendum,2017 Kurdistan Region independence referendum
2017 Kurdistan Region independence referendum,P1082,Masoud Barzani,2017 Kurdistan Region independence referendum
2017 Kurdistan Region independence referendum,P463,Kurdistan Regional Government,2017 Kurdistan Region independence referendum
2017 Kurdistan Region independence referendum,P973,2017 Kurdistan independence referendum,2017 Kurdistan Region independence referendum
2017 Kurdistan Region independence referendum,P1416,Do you agree that the Kurdistan Region – Iraq become an independent state?,2017 Kurdistan Region independence referendum
2017 Kurdistan Region independence referendum,P580,2017-09-24,2017 Kurdistan Region independence referendum
2017 Kurdistan Region independence referendum,P582,2017-09-25,2017 Kurdistan Region independence referendum
item,p,o,2017 Kurdistan Region independence referendum
Is 4 Lovers,instance of,album,Is 4 Lovers
Is 4 Lovers,creator,Ólafur Arnalds,Is 4 Lovers
Is 4 Lovers,publication date,2018,Is 4 Lovers
Is 4 Lovers,language,English,Is 4 Lovers
Is 4 Lovers,genre,neo-classical,Is 4 Lovers
Is 4 Lovers,has part,And They Have Escaped the Weight of Darkness,Is 4 Lovers
Is 4 Lovers,has part,near light,Is 4 Lovers
Is 4 Lovers,has part,Ólafsdóttir,Is 4 Lovers
Is 4 Lovers,has part,Pardon,Is 4 Lovers
Is 4 Lovers,has part,Re:member,Is 4 Lovers
Is 4 Lovers,has part,Solast,Is 4 Lovers
Is 4 Lovers,has part,The Waltz,Is 4 Lovers
Is 4 Lovers,has part,This Place,Is 4 Lovers
Is 4 Lovers,part of,Ólafur Arnalds discography,Is 4 Lovers
Dōjigiri,P31,Q515,Dōjigiri
Dōjigiri,P279,Q1120783,Dōjigiri
Dōjigiri,P131,Q11363,Dōjigiri
Dōjigiri,P21,Q159,Dōjigiri
Dōjigiri,P18,Q1642724,Dōjigiri
Dōjigiri,P27,Q814,Dōjigiri
Dōjigiri,P569,Q18220571,Dōjigiri
Dōjigiri,P570,Q18220572,Dōjigiri
Dōjigiri,P734,Q18220573,Dōjigiri
Oregon Route 569,P31,Oregon,Oregon Route 569
Oregon Route 569,P127,U.S. state highway system,Oregon Route 569
Oregon Route 569,P18,Oregon Route 569,Oregon Route 569
Oregon Route 569,P1366,Oregon Department of Transportation,Oregon Route 569
Oregon Route 569,P1317,https://www.oregon.gov/odot/,Oregon Route 569
Oregon Route 569,P279,569,Oregon Route 569
Oregon Route 569,P106,Oregon Route,Oregon Route 569
Oregon Route 569,P585,3.47,Oregon Route 569
Oregon Route 569,P973,Oregon Route 99W,Oregon Route 569
Oregon Route 569,P973,Oregon Route 18,Oregon Route 569
Oregon Route 569,P31,United States,Oregon Route 569
subject,predicate,object,Mucuri Airport
Mucuri Airport,P31,Airport,Mucuri Airport
Mucuri Airport,P18,Brazil,Mucuri Airport
Mucuri Airport,P17,Bahia,Mucuri Airport
Mucuri Airport,P27,Mucuri,Mucuri Airport
Mucuri Airport,P31,Aerodrome,Mucuri Airport
Mucuri Airport,P619,Q1815536,Mucuri Airport
Mucuri Airport,P489,Q1815536,Mucuri Airport
Mucuri Airport,P8405,17.5742,Mucuri Airport
Mucuri Airport,P8406,-39.2475,Mucuri Airport
Mucuri Airport,P30,Brazilian Air Force,Mucuri Airport
Mucuri Airport,P973,Infraero,Mucuri Airport
subject,predicate,object,Danny Abeckaser
Danny Abeckaser,instance of,human,Danny Abeckaser
Danny Abeckaser,occupation,film producer,Danny Abeckaser
Danny Abeckaser,occupation,film director,Danny Abeckaser
Danny Abeckaser,birth date,1971,Danny Abeckaser
Danny Abeckaser,nationality,American,Danny Abeckaser
Danny Abeckaser,film producer,Yes,Danny Abeckaser
Danny Abeckaser,director of,Brooklyn's Finest,Danny Abeckaser
Danny Abeckaser,director of,I Am Wrath,Danny Abeckaser
Danny Abeckaser,producer of,Brooklyn's Finest,Danny Abeckaser
Danny Abeckaser,producer of,I Am Wrath,Danny Abeckaser
Danny Abeckaser,has genre,action film,Danny Abeckaser
Danny Abeckaser,has genre,thriller,Danny Abeckaser
Danny Abeckaser,active in,film industry,Danny Abeckaser
Danny Abeckaser,director of,The Harsh Truth,Danny Abeckaser
Danny Abeckaser,producer of,The Harsh Truth,Danny Abeckaser
Danny Abeckaser,production company,Abeckaser Films,Danny Abeckaser
Danny Abeckaser,production company,Epsilon Global Group,Danny Abeckaser
Danny Abeckaser,executive producer of,The Jewish Americans,Danny Abeckaser
Danny Abeckaser,executive producer of,The Spirit of The Bronx,Danny Abeckaser
Danny Abeckaser,film distributor,Millennium Films,Danny Abeckaser
Òran Mór,instance of,Scottish operatic record label,Òran Mór
Òran Mór,founded by,Richard Armstrong (music producer),Òran Mór
Òran Mór,location,Glasgow,Òran Mór
Òran Mór,genre,Operatic,Òran Mór
Òran Mór,record label,Òran Mór Records,Òran Mór
Òran Mór,distribution,digital music distribution,Òran Mór
Òran Mór,artist,Various artists,Òran Mór
Òran Mór,category,Independent record label,Òran Mór
Òran Mór,registration,Scotland,Òran Mór
Òran Mór,has ONS classification,operatic record label,Òran Mór
Òran Mór,uses language,Scottish Gaelic,Òran Mór
Òran Mór,publisher,Òran Mór,Òran Mór
subject,predicate,object,To the Wonder
To the Wonder,instance of,film,To the Wonder
To the Wonder,director,Sofia Coppola,To the Wonder
To the Wonder,starring,Colin Firth,To the Wonder
To the Wonder,starring,Olga Kurylenko,To the Wonder
To the Wonder,starring,Marie-Julie Dallaire,To the Wonder
To the Wonder,starring,Roman Frayssinet,To the Wonder
To the Wonder,release date,2012,To the Wonder
To the Wonder,country of origin,United States,To the Wonder
To the Wonder,language,English,To the Wonder
To the Wonder,genre,romantic comedy-drama,To the Wonder
To the Wonder,runtime,104 minutes,To the Wonder
To the Wonder,cinematography,Philippe Le Sourd,To the Wonder
To the Wonder,music composer,John McAlpine,To the Wonder
To the Wonder,production company,American Zoetrope,To the Wonder
To the Wonder,distributor,FilmDistrict,To the Wonder
subject,predicate,object,American Society of Magazine Editors
American Society of Magazine Editors,instance of,professional organization,American Society of Magazine Editors
American Society of Magazine Editors,location,United States,American Society of Magazine Editors
American Society of Magazine Editors,purpose,advocacy,American Society of Magazine Editors
American Society of Magazine Editors,purpose,journalism,American Society of Magazine Editors
American Society of Magazine Editors,membership,magazine editor,American Society of Magazine Editors
American Society of Magazine Editors,founded by,American magazine editors,American Society of Magazine Editors
American Society of Magazine Editors,founded in,1923,American Society of Magazine Editors
American Society of Magazine Editors,headquarters,New York City,American Society of Magazine Editors
American Society of Magazine Editors,awards,National Magazine Award,American Society of Magazine Editors
American Society of Magazine Editors,publication,ASPE Newsletter,American Society of Magazine Editors
American Society of Magazine Editors,has affiliation,magazine publishers,American Society of Magazine Editors
American Society of Magazine Editors,is a member of,Council of Magazine Editors,American Society of Magazine Editors
American Society of Magazine Editors,provides,professional development,American Society of Magazine Editors
American Society of Magazine Editors,provides,networking opportunities,American Society of Magazine Editors
American Society of Magazine Editors,has a website,asme.org,American Society of Magazine Editors
American Society of Magazine Editors,country of origin,United States,American Society of Magazine Editors
American Society of Magazine Editors,category,magazine,American Society of Magazine Editors
American Society of Magazine Editors,category,editors,American Society of Magazine Editors
American Society of Magazine Editors,has president,journalist,American Society of Magazine Editors
American Society of Magazine Editors,has president,editor-in-chief,American Society of Magazine Editors
American Society of Magazine Editors,instance of,organization,American Society of Magazine Editors
American Society of Magazine Editors,location,New York City,American Society of Magazine Editors
American Society of Magazine Editors,founder,Robert C. Patterson,American Society of Magazine Editors
American Society of Magazine Editors,president,Kevin Ma,American Society of Magazine Editors
subject,predicate,object,Juncus inflexus
Juncus inflexus,wdt:instance of,wdt:species,Juncus inflexus
Juncus inflexus,wdt:genus,Juncus,Juncus inflexus
Juncus inflexus,wdt:family,Juncaceae,Juncus inflexus
Juncus inflexus,wdt:taxonomic rank,species,Juncus inflexus
Juncus inflexus,wdt:plant ontology,wdt:Plant,Juncus inflexus
Juncus inflexus,wdt:original publication,wdt: Linnaeus,Juncus inflexus
Juncus inflexus,wdt: publication date,wdt: 1753,Juncus inflexus
Juncus inflexus,wdt: common name,wdt: Baltic rush,Juncus inflexus
Juncus inflexus,wdt:habitat,wdt:wetland,Juncus inflexus
Juncus inflexus,wdt: distribution,wdt:Europe,Juncus inflexus
Juncus inflexus,wdt: also known as,wdt: Juncus communis,Juncus inflexus
Juncus inflexus,wdt: synonym,wdt: Juncus subarticulatus,Juncus inflexus
Juncus inflexus,wdt: uses,wdt: medicinal plant,Juncus inflexus
Juncus inflexus,wdt: growth form,wdt: perennial,Juncus inflexus
Juncus inflexus,wdt: culm,wdt: erect,Juncus inflexus
Juncus inflexus,wdt: leaf,wdt: basal,Juncus inflexus
Juncus inflexus,wdt: leaf shape,wdt: linear,Juncus inflexus
Juncus inflexus,wdt: flower,wdt: brown,Juncus inflexus
Juncus inflexus,wdt: flowering period,wdt: June,Juncus inflexus
Juncus inflexus,wdt: seed,wdt: brown,Juncus inflexus
Juncus inflexus,wdt: seed shape,wdt: ellipsoid,Juncus inflexus
Juncus inflexus,wdt: seed size,wdt: 0.5-1 mm,Juncus inflexus
Juncus inflexus,wdt: root,wdt: fibrous,Juncus inflexus
Juncus inflexus,wdt: stem,wdt: smooth,Juncus inflexus
Juncus inflexus,wdt: inflorescence,wdt: umbel,Juncus inflexus
Juncus inflexus,wdt: flower type,wdt: hermaphrodite,Juncus inflexus
Juncus inflexus,wdt: blooming time,wdt: summer,Juncus inflexus
Juncus inflexus,wdt: pollination,wdt: wind,Juncus inflexus
Juncus inflexus,wdt: type of soil,wdt: wet soil,Juncus inflexus
Juncus inflexus,wdt: water requirement,wdt: high,Juncus inflexus
Juncus inflexus,wdt: frost tolerance,wdt: moderate,Juncus inflexus
Juncus inflexus,wdt: fire resistance,wdt: low,Juncus inflexus
Juncus inflexus,wdt: erosion control,wdt: yes,Juncus inflexus
Juncus inflexus,wdt: landscape use,wdt: ornamental,Juncus inflexus
Juncus inflexus,wdt: wildlife value,wdt: high,Juncus inflexus
Juncus inflexus,wdt: edibility,wdt: no,Juncus inflexus
Juncus inflexus,wdt: medicinal use,wdt: yes,Juncus inflexus
subject,predicate,object,The Rookie: Feds
The Rookie: Feds,instance of,television series,The Rookie: Feds
The Rookie: Feds,genre,action television series,The Rookie: Feds
The Rookie: Feds,genre,drama television series,The Rookie: Feds
The Rookie: Feds,based on,The Rookie,The Rookie: Feds
The Rookie: Feds,starring,Melissa O'Neil,The Rookie: Feds
The Rookie: Feds,starring,Eric Winter,The Rookie: Feds
The Rookie: Feds,starring,Demetrius Coleman,The Rookie: Feds
The Rookie: Feds,starring,Carlos Bernard,The Rookie: Feds
The Rookie: Feds,starring,Danny Pino,The Rookie: Feds
The Rookie: Feds,country of origin,United States,The Rookie: Feds
The Rookie: Feds,original language,English,The Rookie: Feds
The Rookie: Feds,production company,ABC Studios,The Rookie: Feds
The Rookie: Feds,distributor,Hulu,The Rookie: Feds
The Rookie: Feds,network,Hulu,The Rookie: Feds
The Rookie: Feds,creator,John Amrhein,The Rookie: Feds
The Rookie: Feds,executive producer,John Amrhein,The Rookie: Feds
The Rookie: Feds,executive producer,Eric Winter,The Rookie: Feds
The Rookie: Feds,number of seasons,1,The Rookie: Feds
The Rookie: Feds,number of episodes,22,The Rookie: Feds
The Rookie: Feds,runtime,42 minutes,The Rookie: Feds
The Rookie: Feds,has part,Melissa O'Neil,The Rookie: Feds
The Rookie: Feds,cast member,Demetrius Coleman,The Rookie: Feds
The Rookie: Feds,cast member,Carlos Bernard,The Rookie: Feds
The Rookie: Feds,cast member,Danny Pino,The Rookie: Feds
The Rookie: Feds,director,various,The Rookie: Feds
The Rookie: Feds,cinematography,various,The Rookie: Feds
The Rookie: Feds,music composer,various,The Rookie: Feds
The Rookie: Feds,production company,ABC Signature,The Rookie: Feds
The Rookie: Feds,genre,crime television series,The Rookie: Feds
The Rookie: Feds,genre,mystery television series,The Rookie: Feds
The Rookie: Feds,based on,LAPD,The Rookie: Feds
The Rookie: Feds,filming location,Los Angeles,The Rookie: Feds
The Rookie: Feds,subject,Federal Bureau of Investigation,The Rookie: Feds
The Rookie: Feds,subject,Police work,The Rookie: Feds
The Rookie: Feds,subject,Crime,The Rookie: Feds
The Rookie: Feds,follows,The Rookie,The Rookie: Feds
The Rookie: Feds,preceded by,The Rookie,The Rookie: Feds
The Rookie: Feds,series,The Rookie: Feds,The Rookie: Feds
The Rookie: Feds,has work relation,Eric Winter,The Rookie: Feds
The Rookie: Feds,has work relation,John Amrhein,The Rookie: Feds
The Rookie: Feds,cast,Melissa O'Neil,The Rookie: Feds
The Rookie: Feds,cast,Danny Pino,The Rookie: Feds
subject,predicate,object,Cazzano di Tramigna
Cazzano di Tramigna,P31,Italy,Cazzano di Tramigna
Cazzano di Tramigna,P18,Q1246,Cazzano di Tramigna
Cazzano di Tramigna,P29,Q142,Cazzano di Tramigna
Cazzano di Tramigna,P17,Province of Verona,Cazzano di Tramigna
Cazzano di Tramigna,P279,Veneto,Cazzano di Tramigna
Cazzano di Tramigna,P31,Comune,Cazzano di Tramigna
Cazzano di Tramigna,P571,1154,Cazzano di Tramigna
Cazzano di Tramigna,P2002,Cazzano di Tramigna,Cazzano di Tramigna
Cazzano di Tramigna,P973,Cazzano di Tramigna,Cazzano di Tramigna
Cazzano di Tramigna,P840,Cazzano di Tramigna,Cazzano di Tramigna
Cazzano di Tramigna,P166,Q326532,Cazzano di Tramigna
Cazzano di Tramigna,P1883,Q1040522,Cazzano di Tramigna
subject,predicate,object,"Lubei Subdistrict, Taizhou, Zhejiang"
Lahore Se Aagey,instance of,film,Lahore Se Aagey
Lahore Se Aagey,country of origin,Pakistan,Lahore Se Aagey
Lahore Se Aagey,language,Punjabi,Lahore Se Aagey
Lahore Se Aagey,director,Jawad Bashir,Lahore Se Aagey
Lahore Se Aagey,starring,Ali Sethi,Lahore Se Aagey
Lahore Se Aagey,starring,Bilal Qureshi,Lahore Se Aagey
Lahore Se Aagey,release date,2016-08-12,Lahore Se Aagey
Lahore Se Aagey,genre,comedy,Lahore Se Aagey
Lahore Se Aagey,genre,drama,Lahore Se Aagey
Lahore Se Aagey,cinematographer,Kamal Khan,Lahore Se Aagey
Lahore Se Aagey,producer,Ali Hamroudi,Lahore Se Aagey
Lahore Se Aagey,music director,Ali Hamroudi,Lahore Se Aagey
subject,predicate,object,"Hill Point, Wisconsin"
Soviet destroyer Nezamozhnik,instance of,Destroyer,Soviet destroyer Nezamozhnik
Soviet destroyer Nezamozhnik,country of origin,Soviet Union,Soviet destroyer Nezamozhnik
Soviet destroyer Nezamozhnik,manufacturer,Soviet Union,Soviet destroyer Nezamozhnik
Soviet destroyer Nezamozhnik,ship class,Project 7-class destroyer,Soviet destroyer Nezamozhnik
Soviet destroyer Nezamozhnik,name,Nezamozhnik,Soviet destroyer Nezamozhnik
Soviet destroyer Nezamozhnik,operator,Soviet Navy,Soviet destroyer Nezamozhnik
Soviet destroyer Nezamozhnik,commissioned,1939,Soviet destroyer Nezamozhnik
Soviet destroyer Nezamozhnik,decommissioned,1958,Soviet destroyer Nezamozhnik
Soviet destroyer Nezamozhnik,ship displacement,2170,Soviet destroyer Nezamozhnik
Soviet destroyer Nezamozhnik,length,107.5,Soviet destroyer Nezamozhnik
Soviet destroyer Nezamozhnik,beam,10.2,Soviet destroyer Nezamozhnik
Soviet destroyer Nezamozhnik,draft,3.3,Soviet destroyer Nezamozhnik
Soviet destroyer Nezamozhnik,speed,36,Soviet destroyer Nezamozhnik
Soviet destroyer Nezamozhnik,armament,100mm 36-caliber gun,Soviet destroyer Nezamozhnik
Soviet destroyer Nezamozhnik,armament,37mm 67-K gun,Soviet destroyer Nezamozhnik
Soviet destroyer Nezamozhnik,armament,torpedo tube,Soviet destroyer Nezamozhnik
Soviet destroyer Nezamozhnik,shipyard,Soviet Union,Soviet destroyer Nezamozhnik
Soviet destroyer Nezamozhnik,laid down,1936,Soviet destroyer Nezamozhnik
Soviet destroyer Nezamozhnik,launched,1937,Soviet destroyer Nezamozhnik
Soviet destroyer Nezamozhnik,crew,193,Soviet destroyer Nezamozhnik
Soviet destroyer Nezamozhnik,power,48000,Soviet destroyer Nezamozhnik
Soviet destroyer Nezamozhnik,range,3200,Soviet destroyer Nezamozhnik
Soviet destroyer Nezamozhnik,has part,Q121474,Soviet destroyer Nezamozhnik
Soviet destroyer Nezamozhnik,Q217566,1939,Soviet destroyer Nezamozhnik
Soviet destroyer Nezamozhnik,Q194455,Q163,Soviet destroyer Nezamozhnik
Menthorpe,P31,Q515,Menthorpe
Menthorpe,P361,Q1342156,Menthorpe
Menthorpe,P1889,Q1342156,Menthorpe
Menthorpe,P30,Q515,Menthorpe
Menthorpe,P29,Q515,Menthorpe
Menthorpe,P17,Q1459,Menthorpe
Menthorpe,P131,Q2655,Menthorpe
Menthorpe,P2,Q168864,Menthorpe
Menthorpe,P47,Q100,Menthorpe
Menthorpe,P603,Q515,Menthorpe
Menthorpe,P606,Q1342156,Menthorpe
Menthorpe,P487,Q1342156,Menthorpe
Menthorpe,P569,Q1342156,Menthorpe
Menthorpe,P570,Q1342156,Menthorpe
Menthorpe,predicate,object,Menthorpe
subject,predicate,object,Cap-Haïtien International Airport
Cap-Haïtien International Airport,P31,Nord,Cap-Haïtien International Airport
Cap-Haïtien International Airport,P17,Haiti,Cap-Haïtien International Airport
Cap-Haïtien International Airport,P18,Cap-Haïten,Cap-Haïtien International Airport
Cap-Haïtien International Airport,P136,Airport,Cap-Haïtien International Airport
Cap-Haïtien International Airport,P279,Airport,Cap-Haïtien International Airport
Cap-Haïtien International Airport,P31,Nord Department,Cap-Haïtien International Airport
Cap-Haïtien International Airport,P469,18.783333333333332,Cap-Haïtien International Airport
Cap-Haïtien International Airport,P516,-72.3,Cap-Haïtien International Airport
Cap-Haïtien International Airport,P973,2011,Cap-Haïtien International Airport
Cap-Haïtien International Airport,P1366,2011,Cap-Haïtien International Airport
Cap-Haïtien International Airport,P1389,CSX,Cap-Haïtien International Airport
Cap-Haïtien International Airport,P1476,IATA Airport Code,Cap-Haïtien International Airport
Cap-Haïtien International Airport,P1477,ICAO Airport Code,Cap-Haïtien International Airport
Cap-Haïtien International Airport,P1889,MTCH,Cap-Haïtien International Airport
AAPG Bulletin,instance of,Journal,AAPG Bulletin
AAPG Bulletin,publisher,American Association of Petroleum Geologists,AAPG Bulletin
AAPG Bulletin,academic journal,yes,AAPG Bulletin
AAPG Bulletin,subject,Geology,AAPG Bulletin
AAPG Bulletin,subject,Petroleum,AAPG Bulletin
AAPG Bulletin,subject,Geophysics,AAPG Bulletin
AAPG Bulletin,ISSN,0149-1420,AAPG Bulletin
AAPG Bulletin,Inception,1917,AAPG Bulletin
AAPG Bulletin,impact factor,2.43,AAPG Bulletin
AAPG Bulletin,web site,https://www.aapg.org/publications/bulletin,AAPG Bulletin
AAPG Bulletin,language,English,AAPG Bulletin
AAPG Bulletin,publication frequency,monthly,AAPG Bulletin
AAPG Bulletin,editor,various,AAPG Bulletin
AAPG Bulletin,OCLC,1798754,AAPG Bulletin
AAPG Bulletin,online archive,https://www.aapg.org/publications/bulletin/archive,AAPG Bulletin
AAPG Bulletin,table of contents,https://www.aapg.org/publications/bulletin/toc,AAPG Bulletin
AAPG Bulletin,article type,Research Article,AAPG Bulletin
AAPG Bulletin,article type,Review Article,AAPG Bulletin
AAPG Bulletin,has part,Special Publication,AAPG Bulletin
AAPG Bulletin,country of origin,United States,AAPG Bulletin
Megascolides,instance of,genus,Megascolides
Megascolides,subclass of,Megascolididae,Megascolides
Megascolides,native label,Megascolides,Megascolides
Megascolides,taxon rank,genus,Megascolides
Megascolides,has part,seta,Megascolides
Megascolides,has part,cuticle,Megascolides
Megascolides,has part,body,Megascolides
Megascolides,found in,Australia,Megascolides
Megascolides,found in,New South Wales,Megascolides
Megascolides,has classification,Animal,Megascolides
Megascolides,has classification,Eukaryote,Megascolides
Megascolides,has classification,Annelid,Megascolides
Megascolides,has classification,Earthworm,Megascolides
Megascolides,has synonym,Megascolididae,Megascolides
Megascolides,has ordering,1,Megascolides
Megascolides,has taxonomic rank,genus,Megascolides
Megascolides,has parent taxon,Megascolididae,Megascolides
Megascolides,has sister taxon,Eutypoius,Megascolides
Megascolides,has kingdom,Animalia,Megascolides
Megascolides,has phylum,Annelida,Megascolides
Megascolides,has class,Clitellata,Megascolides
Megascolides,has subclass,Oligochaeta,Megascolides
Megascolides,has order,Crassamenta,Megascolides
Megascolides,has family,Megascolididae,Megascolides
Megascolides,has genus,Megascolides,Megascolides
Megascolides,has species,Megascolides australis,Megascolides
Megascolides,has species,Megascolides giganteus,Megascolides
Megascolides,has species,Megascolides modestus,Megascolides
Megascolides,has type species,Megascolides modestus,Megascolides
Megascolides,has type specimen,Megascolides modestus,Megascolides
Megascolides,has collection,Australian Museum,Megascolides
Megascolides,has fossil range,Miocene,Megascolides
Megascolides,has distribution,Australia,Megascolides
Megascolides,has distribution,New South Wales,Megascolides
Megascolides,has conservation status,Least Concern,Megascolides
Matraman railway station,instance of,railway station,Matraman railway station
Matraman railway station,located in,Indonesia,Matraman railway station
Matraman railway station,located in,Jakarta,Matraman railway station
Matraman railway station,has operator,Kereta Api Indonesia,Matraman railway station
Matraman railway station,has coordinate,-6.233333 106.85,Matraman railway station
Matraman railway station,elevation above sea level,10,Matraman railway station
Matraman railway station,category,Railway station in Jakarta,Matraman railway station
Matraman railway station,has platform,2,Matraman railway station
Matraman railway station,has track,2,Matraman railway station
Matraman railway station,serves,Matraman,Matraman railway station
subject,predicate,object,MV Ganga Vilas
MV Ganga Vilas,P31,Cruise,MV Ganga Vilas
MV Ganga Vilas,P19,India,MV Ganga Vilas
MV Ganga Vilas,P17,Indian Railways,MV Ganga Vilas
MV Ganga Vilas,P279,River cruise,MV Ganga Vilas
MV Ganga Vilas,P31,Ship,MV Ganga Vilas
MV Ganga Vilas,P18,Launched,MV Ganga Vilas
MV Ganga Vilas,P585,2023,MV Ganga Vilas
MV Ganga Vilas,P840,Ganga River,MV Ganga Vilas
MV Ganga Vilas,P17,Operator,MV Ganga Vilas
MV Ganga Vilas,P31,Tourist,MV Ganga Vilas
Bangalore Days,instance of,film,Bangalore Days
Bangalore Days,director,Anuraga Koirala,Bangalore Days
Bangalore Days,genre,drama,Bangalore Days
Bangalore Days,language,Malayalam,Bangalore Days
Bangalore Days,country of origin,India,Bangalore Days
Bangalore Days,release date,2014,Bangalore Days
Bangalore Days,cinematographer,S. P. Mahesh,Bangalore Days
Bangalore Days,music composer,M. Jayachandran,Bangalore Days
Bangalore Days,starring,Nivin Pauly,Bangalore Days
Bangalore Days,starring,Nazriya Nazim,Bangalore Days
Bangalore Days,starring,S. P. Mahesh,Bangalore Days
Bangalore Days,starring,Aju Varghese,Bangalore Days
Bangalore Days,starring,Anu Sithara,Bangalore Days
Bangalore Days,runtime,133 minutes,Bangalore Days
Tmesiphantes,wdt:P31,Spider,Tmesiphantes
Tmesiphantes,wdt:P21,Araneomorphae,Tmesiphantes
Tmesiphantes,wdt:P279,Araneidae,Tmesiphantes
Tmesiphantes,wdt:P146,Brazil,Tmesiphantes
Tmesiphantes,wdt:P181,South America,Tmesiphantes
Tmesiphantes,wdt:P706,Americas,Tmesiphantes
Tmesiphantes,wdt:P1889,Tmesiphantes,Tmesiphantes
Tmesiphantes,wdt:P823,Tmesiphantes,Tmesiphantes
subject,predicate,object,Edward Magruder Tutwiler
Edward Magruder Tutwiler,P31,Physician,Edward Magruder Tutwiler
Marie-Françoise Plissart,instance of,human,Marie-Françoise Plissart
Marie-Françoise Plissart,date of birth,1946,Marie-Françoise Plissart
Marie-Françoise Plissart,date of death,2020,Marie-Françoise Plissart
Marie-Françoise Plissart,occupation,photographer,Marie-Françoise Plissart
Marie-Françoise Plissart,occupation,film director,Marie-Françoise Plissart
Marie-Françoise Plissart,country of citizenship,Belgium,Marie-Françoise Plissart
Marie-Françoise Plissart,has works in the collection,Museum of Modern Art,Marie-Françoise Plissart
Marie-Françoise Plissart,exhibition,Centre Pompidou,Marie-Françoise Plissart
Marie-Françoise Plissart,exhibition,Guggenheim Museum Bilbao,Marie-Françoise Plissart
Marie-Françoise Plissart,filmography,List of films directed by Marie-Françoise Plissart,Marie-Françoise Plissart
Marie-Françoise Plissart,educated at,École nationale supérieure des Beaux-Arts,Marie-Françoise Plissart
Marie-Françoise Plissart,collaborates with,Martine Le Du,Marie-Françoise Plissart
Marie-Françoise Plissart,awards,Prix de Rome,Marie-Françoise Plissart
Marie-Françoise Plissart,residence,Brussels,Marie-Françoise Plissart
Marie-Françoise Plissart,residence,Paris,Marie-Françoise Plissart
subject,predicate,object,IBTE Jefri Bolkiah Campus
IBTE Jefri Bolkiah Campus,P31,university campus,IBTE Jefri Bolkiah Campus
IBTE Jefri Bolkiah Campus,P17,Brunei,IBTE Jefri Bolkiah Campus
IBTE Jefri Bolkiah Campus,P18,Bandar Seri Begawan,IBTE Jefri Bolkiah Campus
IBTE Jefri Bolkiah Campus,P279,Brunei,IBTE Jefri Bolkiah Campus
IBTE Jefri Bolkiah Campus,P571,2004,IBTE Jefri Bolkiah Campus
IBTE Jefri Bolkiah Campus,P840,Institute of Brunei Technical Education,IBTE Jefri Bolkiah Campus
IBTE Jefri Bolkiah Campus,P131,Jefri Bolkiah,IBTE Jefri Bolkiah Campus
Methacrylamide,P31,Chemical compound,Methacrylamide
subject,predicate,object,Methacrylamide
Ada Iddings Gale,P31,novel,Ada Iddings Gale
Ada Iddings Gale,P973,https://www.wikidata.org/wiki/Ada_Iddings_Gale,Ada Iddings Gale
Ada Iddings Gale,P21,female,Ada Iddings Gale
Ada Iddings Gale,P569,1872-01-01,Ada Iddings Gale
Ada Iddings Gale,P19,writer,Ada Iddings Gale
Ada Iddings Gale,P27,United States,Ada Iddings Gale
Ada Iddings Gale,P106,writer,Ada Iddings Gale
Ada Iddings Gale,P18,Q483339,Ada Iddings Gale
Ada Iddings Gale,P364,English,Ada Iddings Gale
Dol pri Šmarju,P31,Q515,Dol pri Šmarju
Dol pri Šmarju,P18,Q12345678,Dol pri Šmarju
Dol pri Šmarju,P21,Q515,Dol pri Šmarju
Dol pri Šmarju,P17,Q145,Dol pri Šmarju
Dol pri Šmarju,P131,Q164443,Dol pri Šmarju
Dol pri Šmarju,P279,Q165026,Dol pri Šmarju
Dol pri Šmarju,P585,2013-01-01,Dol pri Šmarju
Dol pri Šmarju,P1082,46,Dol pri Šmarju
Dol pri Šmarju,P1129,90.53,Dol pri Šmarju
Dol pri Šmarju,P1245,407,Dol pri Šmarju
2016–17 Segona Divisió,instance of,Segona Divisió,2016–17 Segona Divisió
2016–17 Segona Divisió,start time,2016,2016–17 Segona Divisió
2016–17 Segona Divisió,end time,2017,2016–17 Segona Divisió
2016–17 Segona Divisió,country,Andorra,2016–17 Segona Divisió
2016–17 Segona Divisió,sport,Football,2016–17 Segona Divisió
2016–17 Segona Divisió,number of teams,7,2016–17 Segona Divisió
2016–17 Segona Divisió,organizer,Federació Andorrana de Futbol,2016–17 Segona Divisió
2016–17 Segona Divisió,season of,Segona Divisió,2016–17 Segona Divisió
2016–17 Segona Divisió,follows,2015–16 Segona Divisió,2016–17 Segona Divisió
2016–17 Segona Divisió,followed by,2017–18 Segona Divisió,2016–17 Segona Divisió
Bopyridae,instance of,family,Bopyridae
Bopyridae,subclass of,Isopoda,Bopyridae
Bopyridae,part of,Isopoda,Bopyridae
Bopyridae,has taxon rank,family,Bopyridae
Bopyridae,taxon name,Bopyridae,Bopyridae
Bopyridae,known for,parasitic,Bopyridae
Bopyridae,has habitat,marine environment,Bopyridae
Bopyridae,has host,Crustacea,Bopyridae
Bopyridae,has developmental mode,direct development,Bopyridae
Bopyridae,has synonym,Bopyrididae,Bopyridae
Bopyridae,has NCBI taxon ID,61980,Bopyridae
Bopyridae,has ITIS TSN,92402,Bopyridae
Bopyridae,has classification,Crustacea,Bopyridae
Bopyridae,has order,Isopoda,Bopyridae
Bopyridae,has class,Malacostraca,Bopyridae
Bopyridae,has superclass,Multicrustacea,Bopyridae
Bopyridae,has phylum,Arthropoda,Bopyridae
subject,predicate,object,Sphingomonas haloaromaticamans
Sphingomonas haloaromaticamans,instance of,Sphingomonas,Sphingomonas haloaromaticamans
Sphingomonas haloaromaticamans,has classification,Bacterium,Sphingomonas haloaromaticamans
Sphingomonas haloaromaticamans,has scientific name,Sphingomonas haloaromaticamans,Sphingomonas haloaromaticamans
Sphingomonas haloaromaticamans,discovered by,PMID 12163109,Sphingomonas haloaromaticamans
Sphingomonas haloaromaticamans,isolated from,polluted soil,Sphingomonas haloaromaticamans
Sphingomonas haloaromaticamans,has type strain,DSM 17222,Sphingomonas haloaromaticamans
Sphingomonas haloaromaticamans,has NCBI Taxon ID,218263,Sphingomonas haloaromaticamans
Sphingomonas haloaromaticamans,has Genome Assembly,ASM134222v1,Sphingomonas haloaromaticamans
Sphingomonas haloaromaticamans,has GenBank ID,AEOQ01000001,Sphingomonas haloaromaticamans
Sphingomonas haloaromaticamans,is capable of,aromatic compound degradation,Sphingomonas haloaromaticamans
Sphingomonas haloaromaticamans,has Taxonomic Rank,species,Sphingomonas haloaromaticamans
Sphingomonas haloaromaticamans,is a,Gram-negative bacterium,Sphingomonas haloaromaticamans
Sphingomonas haloaromaticamans,has Cell Shape,rod-shaped,Sphingomonas haloaromaticamans
Sphingomonas haloaromaticamans,has Metabolic Process,aromatic hydrocarbon metabolism,Sphingomonas haloaromaticamans
subject,predicate,object,Westworld season 3
Westworld season 3,instance of,television season,Westworld season 3
Westworld season 3,part of,Westworld,Westworld season 3
Westworld season 3,follows,Westworld season 2,Westworld season 3
Westworld season 3,preceded by,Westworld season 2,Westworld season 3
Westworld season 3,followed by,Westworld season 4,Westworld season 3
Westworld season 3,number of episodes,8,Westworld season 3
Westworld season 3,broadcast by,HBO,Westworld season 3
Westworld season 3,has cast,Evan Rachel Wood,Westworld season 3
Westworld season 3,has cast,Leslie Johnson,Westworld season 3
Westworld season 3,has cast,Tessa Thompson,Westworld season 3
Westworld season 3,has writer,Jonathan Nolan,Westworld season 3
Westworld season 3,has writer,Lisa Joy,Westworld season 3
Westworld season 3,has director,Jonathan Nolan,Westworld season 3
Westworld season 3,has director,Lisa Joy,Westworld season 3
Westworld season 3,award category,Primetime Emmy Award,Westworld season 3
Westworld season 3,award category,Golden Globe Award,Westworld season 3
Westworld season 3,runtime,60 minutes,Westworld season 3
Westworld season 3,genre,science fiction,Westworld season 3
Westworld season 3,genre,western,Westworld season 3
Westworld season 3,based on,Westworld,Westworld season 3
Westworld season 3,cinematography,Phedon Papamichael,Westworld season 3
Westworld season 3,music composer,Ramin Djawadi,Westworld season 3
Westworld season 3,has narrative theme,artificial intelligence,Westworld season 3
Westworld season 3,has narrative theme,humanity,Westworld season 3
Westworld season 3,has narrative theme,consciousness,Westworld season 3
Westworld season 3,subject,science fiction films,Westworld season 3
Westworld season 3,subject,Western films,Westworld season 3
Inca finch,P31,Finch,Inca finch
Inca finch,P18,South America,Inca finch
Inca finch,P17,Ecuador,Inca finch
Inca finch,P17,Peru,Inca finch
Inca finch,P17,Bolivia,Inca finch
Inca finch,P17,Chile,Inca finch
Inca finch,P39,Xenospingus,Inca finch
Inca finch,P40,Xenospingus concolor,Inca finch
Inca finch,P21,Bird,Inca finch
Inca finch,P279,Passerine bird,Inca finch
Inca finch,P676,Inca finch,Inca finch
Inca finch,P106,Xenospingus concolor,Inca finch
Inca finch,P142,IUCN,Inca finch
Inca finch,P141,Least Concern,Inca finch
Inca finch,P973,Xenospingus concolor,Inca finch
Inca finch,instance of,Finch,Inca finch
Inca finch,instance of,Xenospingus,Inca finch
Inca finch,location,South America,Inca finch
Inca finch,country,Ecuador,Inca finch
Inca finch,country,Peru,Inca finch
Inca finch,country,Bolivia,Inca finch
Inca finch,country,Chile,Inca finch
Inca finch,species,Xenospingus concolor,Inca finch
Inca finch,subclass of,Passerine bird,Inca finch
Inca finch,conservation status,Least Concern,Inca finch
Inca finch,scientific name,Xenospingus concolor,Inca finch
subject,predicate,object,2021 NCAA Division I baseball tournament
2021 NCAA Division I baseball tournament,P31,2021 NCAA Division I Baseball Tournament,2021 NCAA Division I baseball tournament
2021 NCAA Division I baseball tournament,P17,United States,2021 NCAA Division I baseball tournament
2021 NCAA Division I baseball tournament,P571,2021-06-04,2021 NCAA Division I baseball tournament
2021 NCAA Division I baseball tournament,P582,2021-06-28,2021 NCAA Division I baseball tournament
2021 NCAA Division I baseball tournament,P31,NCAA Division I,2021 NCAA Division I baseball tournament
2021 NCAA Division I baseball tournament,P463,Baseball,2021 NCAA Division I baseball tournament
2021 NCAA Division I baseball tournament,P279,NCAA,2021 NCAA Division I baseball tournament
2021 NCAA Division I baseball tournament,P840,USA,2021 NCAA Division I baseball tournament
2021 NCAA Division I baseball tournament,P973,official site,2021 NCAA Division I baseball tournament
s,p,o,2021 NCAA Division I baseball tournament
Airdrieonians F.C.,instance of,Football Club,Airdrieonians F.C.
Airdrieonians F.C.,location,Airdrie,Airdrieonians F.C.
Airdrieonians F.C.,home stadium,Excraig Park,Airdrieonians F.C.
Airdrieonians F.C.,league,Scottish League One,Airdrieonians F.C.
Airdrieonians F.C.,founded,2002-05-15,Airdrieonians F.C.
Airdrieonians F.C.,replaced by,Airdrie United,Airdrieonians F.C.
Airdrieonians F.C.,dissolved,2002,Airdrieonians F.C.
Airdrieonians F.C.,kit supplier,Puma,Airdrieonians F.C.
Airdrieonians F.C.,sponsor,MG Rover,Airdrieonians F.C.
Airdrieonians F.C.,manager,Stephen Cowie,Airdrieonians F.C.
Airdrieonians F.C.,captain,Scott Flanigan,Airdrieonians F.C.
Airdrieonians F.C.,most appearances,Andy MacFarlane,Airdrieonians F.C.
Airdrieonians F.C.,top scorer,Liam Buchanan,Airdrieonians F.C.
Airdrieonians F.C.,ISIL,0000000406289514,Airdrieonians F.C.
Airdrieonians F.C.,WikiPage,Airdrieonians F.C.,Airdrieonians F.C.
Airdrieonians F.C.,category,Category:Football_clubs_in_Scotland,Airdrieonians F.C.
Airdrieonians F.C.,founding date,2002,Airdrieonians F.C.
Airdrieonians F.C.,league,Scottish Second Division,Airdrieonians F.C.
Airdrieonians F.C.,ground,Excraig Park,Airdrieonians F.C.
Airdrieonians F.C.,chairman,Jim Coll,Airdrieonians F.C.
Airdrieonians F.C.,sponsor,Irn-Bru,Airdrieonians F.C.
Airdrieonians F.C.,sport,Football,Airdrieonians F.C.
Airdrieonians F.C.,division,Scottish football league system,Airdrieonians F.C.
Airdrieonians F.C.,sponsor,Probuild,Airdrieonians F.C.
Airdrieonians F.C.,location,Scotland,Airdrieonians F.C.
Airdrieonians F.C.,affiliation,Scottish Football Association,Airdrieonians F.C.
Airdrieonians F.C.,affiliation,Scottish Football League,Airdrieonians F.C.
Carmen (Stromae song),instance of,song,Carmen (Stromae song)
Carmen (Stromae song),artist,Stromae,Carmen (Stromae song)
Carmen (Stromae song),album,Multitude,Carmen (Stromae song)
Carmen (Stromae song),language,French,Carmen (Stromae song)
Carmen (Stromae song),publication date,2022-03-04,Carmen (Stromae song)
Carmen (Stromae song),based on,Carmen,Carmen (Stromae song)
Carmen (Stromae song),genre,reggaeton,Carmen (Stromae song)
Carmen (Stromae song),producer,Stromae,Carmen (Stromae song)
Carmen (Stromae song),composer,Stromae,Carmen (Stromae song)
Carmen (Stromae song),ISRC code,QMC122200084,Carmen (Stromae song)
subject,predicate,object,Maurice Fatio
Maurice Fatio,P31,Architect,Maurice Fatio
Maurice Fatio,P569,1891-05-10,Maurice Fatio
Maurice Fatio,P19,Switzerland,Maurice Fatio
Maurice Fatio,P27,Swiss,Maurice Fatio
Maurice Fatio,P106,Architect,Maurice Fatio
Maurice Fatio,P858,EPFL,Maurice Fatio
Maurice Fatio,P624,Maurice Fatio,Maurice Fatio
subject,predicate,object,Taisan-ji (Matsuyama)
Mark Nepo,wdt:P31,wdt:Human,Mark Nepo
Mark Nepo,wdt:P21,wdt:Male,Mark Nepo
Mark Nepo,wdt:P569,1947-05-27,Mark Nepo
Mark Nepo,wdt:P19,wdt:United States,Mark Nepo
Mark Nepo,wdt:P27,wdt:United States of America,Mark Nepo
Mark Nepo,wdt:P106,wdt:Poet,Mark Nepo
Mark Nepo,wdt:P106,wdt:Writer,Mark Nepo
Mark Nepo,wdt:P106,wdt:Teacher,Mark Nepo
Mark Nepo,wdt:P858,The Sun and the Summer,Mark Nepo
Mark Nepo,wdt:P858,"The River Styx, Ohio, and Other Poems",Mark Nepo
Mark Nepo,wdt:P858,Falling,Mark Nepo
Mark Nepo,wdt:P858,The End of the Road,Mark Nepo
Mark Nepo,wdt:P101,The Poetry of Mark Nepo,Mark Nepo
Mark Nepo,wdt:P200,Poet Laureate of Georgia,Mark Nepo
Mark Nepo,wdt:P463,wdt:University of North Carolina at Wilmington,Mark Nepo
Mark Nepo,wdt:P463,wdt:University of Pennsylvania,Mark Nepo
Mark Nepo,wdt:P512,wdt:University of North Carolina Wilmington,Mark Nepo
Mark Nepo,wdt:P69,wdt:University of Pennsylvania,Mark Nepo
Trichosanthin,P31,Enzyme,Trichosanthin
Trichosanthin,P1,Trichosanthes kirschoffii,Trichosanthin
Trichosanthin,P2,Protein,Trichosanthin
Trichosanthin,P3,Ribosome-inactivating protein,Trichosanthin
Trichosanthin,P9,EC 3.4.22.79,Trichosanthin
Trichosanthin,P12,Trichosanthin,Trichosanthin
Trichosanthin,P21,68,Trichosanthin
Trichosanthin,P29,C55H86N12O17,Trichosanthin
Trichosanthin,P30,918.5,Trichosanthin
Trichosanthin,P39,4,Trichosanthin
Trichosanthin,P61,UniProt,Trichosanthin
Trichosanthin,P65,Q4255161,Trichosanthin
Trichosanthin,P67,Trichosanthin,Trichosanthin
Trichosanthin,P70,Trichosanthes,Trichosanthin
Trichosanthin,P106,Protein biosynthesis inhibitor,Trichosanthin
Trichosanthin,P121,Apoptosis inducer,Trichosanthin
Trichosanthin,P127,Antineoplastic agent,Trichosanthin
Trichosanthin,P138,Ribonuclease,Trichosanthin
Trichosanthin,P165,Cysteine endopeptidase,Trichosanthin
Trichosanthin,P206,3D structure of Trichosanthin,Trichosanthin
Trichosanthin,P780,1.75 Å,Trichosanthin
Bellatrix Lestrange,instance of,witch,Bellatrix Lestrange
Bellatrix Lestrange,part of,Death Eaters,Bellatrix Lestrange
Bellatrix Lestrange,spouse of,Rodolphus Lestrange,Bellatrix Lestrange
Bellatrix Lestrange,child of,Cygnus Black,Bellatrix Lestrange
Bellatrix Lestrange,child of,Druella Black,Bellatrix Lestrange
Bellatrix Lestrange,sibling of,Regulus Black,Bellatrix Lestrange
Bellatrix Lestrange,sibling of,Sirius Black,Bellatrix Lestrange
Bellatrix Lestrange,cousin of,Harry Potter,Bellatrix Lestrange
Bellatrix Lestrange,played by,Helena Bonham Carter,Bellatrix Lestrange
Bellatrix Lestrange,has occupation,torturer,Bellatrix Lestrange
Bellatrix Lestrange,has occupation,Death Eater,Bellatrix Lestrange
Bellatrix Lestrange,educated at,Hogwarts School of Witchcraft and Wizardry,Bellatrix Lestrange
Bellatrix Lestrange,member of,Slytherin,Bellatrix Lestrange
Bellatrix Lestrange,killed,Mad-Eye Moody,Bellatrix Lestrange
Bellatrix Lestrange,tortured,Neville Longbottom's parents,Bellatrix Lestrange
Bellatrix Lestrange,tortured,Alice and Frank Longbottom,Bellatrix Lestrange
subject,predicate,object,Bellatrix Lestrange
Bellatrix Lestrange,P31,witch,Bellatrix Lestrange
Bellatrix Lestrange,P1416,Death Eaters,Bellatrix Lestrange
Bellatrix Lestrange,P26,Rodolphus Lestrange,Bellatrix Lestrange
Bellatrix Lestrange,P22,Cygnus Black,Bellatrix Lestrange
Bellatrix Lestrange,P22,Druella Black,Bellatrix Lestrange
Bellatrix Lestrange,P463,Regulus Black,Bellatrix Lestrange
Bellatrix Lestrange,P463,Sirius Black,Bellatrix Lestrange
Bellatrix Lestrange,P1038,Harry Potter,Bellatrix Lestrange
Bellatrix Lestrange,P184,Helena Bonham Carter,Bellatrix Lestrange
Bellatrix Lestrange,P101,torturer,Bellatrix Lestrange
Bellatrix Lestrange,P101,Death Eater,Bellatrix Lestrange
Bellatrix Lestrange,P69,Hogwarts School of Witchcraft and Wizardry,Bellatrix Lestrange
Bellatrix Lestrange,P463,Slytherin,Bellatrix Lestrange
Bellatrix Lestrange,P1576,Mad-Eye Moody,Bellatrix Lestrange
Bellatrix Lestrange,P1576,Neville Longbottom's parents,Bellatrix Lestrange
Bellatrix Lestrange,P1576,Alice and Frank Longbottom,Bellatrix Lestrange
subject,predicate,object,"Union Bethel A.M.E. Church (New Orleans, Louisiana)"
sub,p,o,"Union Bethel A.M.E. Church (New Orleans, Louisiana)"
"Union Bethel A.M.E. Church (New Orleans, Louisiana)",P31,Q515,"Union Bethel A.M.E. Church (New Orleans, Louisiana)"
subject,predicate,object,Dynatrace
Dynatrace,instance of,software company,Dynatrace
Dynatrace,founded in,2005,Dynatrace
Dynatrace,founder,John Kemper,Dynatrace
Dynatrace,industry,software,Dynatrace
Dynatrace,product,application performance monitoring,Dynatrace
Dynatrace,product,artificial intelligence,Dynatrace
Dynatrace,product,cloud computing,Dynatrace
Dynatrace,publicly traded,yes,Dynatrace
Dynatrace,stock exchange,New York Stock Exchange,Dynatrace
Dynatrace,ticker symbol,DT,Dynatrace
Dynatrace,acquired by,private equity firm,Dynatrace
Dynatrace,acquisition price,6.5 billion USD,Dynatrace
Dynatrace,official website,https://www.dynatrace.com,Dynatrace
Dynatrace,has subsidiary,Dynatrace GmbH,Dynatrace
Dynatrace,key person,John Kemper,Dynatrace
Dynatrace,key person,Steve Pigott,Dynatrace
Dynatrace,uses,machine learning,Dynatrace
Dynatrace,instance of,public company,Dynatrace
Dynatrace,applies,DevOps,Dynatrace
Dynatrace,applies,cloud-native,Dynatrace
Dynatrace,applies,artificial intelligence,Dynatrace
Dynatrace,supports,hybrid cloud,Dynatrace
Dynatrace,compatible with,AWS,Dynatrace
Dynatrace,compatible with,Microsoft Azure,Dynatrace
Dynatrace,compatible with,Google Cloud Platform,Dynatrace
Dynatrace,integrates with,Jenkins,Dynatrace
Dynatrace,integrates with,Kubernetes,Dynatrace
Dynatrace,has partnership,Amazon Web Services,Dynatrace
Dynatrace,has partnership,Microsoft,Dynatrace
Dynatrace,has partnership,Google Cloud,Dynatrace
Microcotyle tampicensis,instance of,Monogenea,Microcotyle tampicensis
Microcotyle tampicensis,part of,Dendinidae,Microcotyle tampicensis
Microcotyle tampicensis,found in,Mexico,Microcotyle tampicensis
Microcotyle tampicensis,found in,Tampico,Microcotyle tampicensis
Microcotyle tampicensis,scientific name,Microcotyle tampicensis,Microcotyle tampicensis
Microcotyle tampicensis,taxon ID,EOL: 290845,Microcotyle tampicensis
Microcotyle tampicensis,taxon ID,GBIF: 3234535,Microcotyle tampicensis
Microcotyle tampicensis,classification,Animal,Microcotyle tampicensis
Microcotyle tampicensis,classification,Platyhelminthes,Microcotyle tampicensis
Microcotyle tampicensis,classification,Rhabditophora,Microcotyle tampicensis
Microcotyle tampicensis,has host,fish,Microcotyle tampicensis
Microcotyle tampicensis,is a type of,ectoparasite,Microcotyle tampicensis
Microcotyle tampicensis,has part,Dendinidae family has one  subfamily ...,Microcotyle tampicensis
Spartaco Fontanot,instance of,human,Spartaco Fontanot
Spartaco Fontanot,date of birth,1961-05-21,Spartaco Fontanot
Spartaco Fontanot,country of citizenship,Italy,Spartaco Fontanot
Spartaco Fontanot,occupation,association football player,Spartaco Fontanot
Spartaco Fontanot,position played on football team,goalkeeper,Spartaco Fontanot
Spartaco Fontanot,has works in the collection,Serie A,Spartaco Fontanot
Spartaco Fontanot,plays sport,association football,Spartaco Fontanot
Spartaco Fontanot,team,Udinese Calcio,Spartaco Fontanot
Spartaco Fontanot,team,Calcio Padova,Spartaco Fontanot
Spartaco Fontanot,team,Ascoli Calcio 1898 FC,Spartaco Fontanot
subject,predicate,object,Maeba (album)
subject,predicate,object,Stalag V-A
Stalag V-A,P31,prisoner-of-war camp,Stalag V-A
Stalag V-A,P106,Nazi Germany,Stalag V-A
Stalag V-A,P17,location,Stalag V-A
Stalag V-A,P17,Bad Orb,Stalag V-A
Stalag V-A,P131,50.00138888888889,Stalag V-A
Stalag V-A,P132,9.375,Stalag V-A
Stalag V-A,P571,1939-09-01,Stalag V-A
Stalag V-A,P582,1945-06-01,Stalag V-A
Stalag V-A,P463,Oflag V-A,Stalag V-A
Stalag V-A,P856,https://www.territorialwehr.at/index.php?title=Stalag_VA,Stalag V-A
Stalag V-A,P18,military unit,Stalag V-A
Stalag V-A,P39,Nazi Germany,Stalag V-A
Stalag V-A,P40,Germany,Stalag V-A
Stalag V-A,P276,Bad Orb,Stalag V-A
Stalag V-A,P279,Germany,Stalag V-A
Stalag V-A,P840,prisoner-of-war,Stalag V-A
Stalag V-A,P1522,Allied prisoner,Stalag V-A
Stalag V-A,P27,location,Stalag V-A
Hugh Scott,instance of,Architect,Hugh Scott (architect)
Hugh Scott,given name,Hugh,Hugh Scott (architect)
Hugh Scott,family name,Scott,Hugh Scott (architect)
Hugh Scott,birth year,1900,Hugh Scott (architect)
Hugh Scott,death year,1990,Hugh Scott (architect)
Hugh Scott,active in,Scotland,Hugh Scott (architect)
Hugh Scott,educated at,University of Edinburgh,Hugh Scott (architect)
Hugh Scott,worked in,Glasgow,Hugh Scott (architect)
Hugh Scott,designed,House,Hugh Scott (architect)
Hugh Scott,designed,Church,Hugh Scott (architect)
Hugh Scott,designed,School,Hugh Scott (architect)
Hugh Scott,architectural style,Art Deco,Hugh Scott (architect)
Hugh Scott,architectural style,Modernism,Hugh Scott (architect)
Hugh Scott,member of,Royal Incorporation of Architects in Scotland,Hugh Scott (architect)
Hugh Scott,associated with,Scotland,Hugh Scott (architect)
Hugh Scott,has works in the collection,Glasgow Museum,Hugh Scott (architect)
Hugh Scott,has works in the collection,National Museum of Scotland,Hugh Scott (architect)
Hugh Scott,influenced by,Alexander Marshall Mackenzie,Hugh Scott (architect)
Hugh Scott,influenced by,John G. Burnet,Hugh Scott (architect)
Hugh Scott,position,Architect,Hugh Scott (architect)
Hugh Scott,uses,English,Hugh Scott (architect)
Hugh Scott,category,Human,Hugh Scott (architect)
Hugh Scott,has occupation,Architect,Hugh Scott (architect)
Hugh Scott,P40,1950,Hugh Scott (architect)
Hugh Scott,P569,1990,Hugh Scott (architect)
Hugh Scott,P31,Scotland,Hugh Scott (architect)
Hugh Scott,P106,Architect,Hugh Scott (architect)
Hugh Scott,P69,University of Edinburgh,Hugh Scott (architect)
Hugh Scott,P1416,Royal Incorporation of Architects in Scotland,Hugh Scott (architect)
Hugh Scott,P27,Glasgow,Hugh Scott (architect)
Hugh Scott,P124,Art Deco,Hugh Scott (architect)
Hugh Scott,P124,Modernism,Hugh Scott (architect)
Hugh Scott,P135,House,Hugh Scott (architect)
Hugh Scott,P135,Church,Hugh Scott (architect)
Hugh Scott,P135,School,Hugh Scott (architect)
Hugh Scott,P371,Scotland,Hugh Scott (architect)
Hugh Scott,P463,Glasgow Museum,Hugh Scott (architect)
Hugh Scott,P463,National Museum of Scotland,Hugh Scott (architect)
Hugh Scott,P450,Alexander Marshall Mackenzie,Hugh Scott (architect)
Hugh Scott,P450,John G. Burnet,Hugh Scott (architect)
Hugh Scott,P279,Q515,Hugh Scott (architect)
Hugh Scott,P31,Q145,Hugh Scott (architect)
Hugh Scott,P106,Q639669,Hugh Scott (architect)
Webtoon,instance of,online comic platform,Webtoon (platform)
Webtoon,founded by,Jae-Ho Lee,Webtoon (platform)
Webtoon,founded by,Bong Geun Choi,Webtoon (platform)
Webtoon,headquarters location,Seoul,Webtoon (platform)
Webtoon,headquarters location,South Korea,Webtoon (platform)
Webtoon,parent company,Naver,Webtoon (platform)
Webtoon,subsidiary,Webtoons,Webtoon (platform)
Webtoon,has business division,Webtoon Entertainment,Webtoon (platform)
Webtoon,official website,webtoons.com,Webtoon (platform)
Webtoon,available in,100 countries,Webtoon (platform)
Webtoon,language,English,Webtoon (platform)
Webtoon,language,Korean,Webtoon (platform)
Webtoon,language,Japanese,Webtoon (platform)
Webtoon,genre,webcomic,Webtoon (platform)
Webtoon,genre,digital comic,Webtoon (platform)
Webtoon,number of users,80 million,Webtoon (platform)
Webtoon,launched on,2004,Webtoon (platform)
Webtoon,launched on,2010-07-01,Webtoon (platform)
Webtoon,platform,Android,Webtoon (platform)
Webtoon,platform,iOS,Webtoon (platform)
Webtoon,platform,Web,Webtoon (platform)
Webtoon,developer,Naver Corporation,Webtoon (platform)
Webtoon,has partnership,LINE,Webtoon (platform)
Webtoon,has partnership,Facebook,Webtoon (platform)
Webtoon,has partnership,Google,Webtoon (platform)
Webtoon,subject has role,comics creator,Webtoon (platform)
Webtoon,subject has role,digital publisher,Webtoon (platform)
Webtoon,acquisition,2010,Webtoon (platform)
Webtoon,acquisition,2014,Webtoon (platform)
Webtoon,merger,2015,Webtoon (platform)
Webtoon,uses,webtoon software,Webtoon (platform)
Webtoon,uses,content management system,Webtoon (platform)
Webtoon,offers,in-app purchase,Webtoon (platform)
Webtoon,offers,subscription service,Webtoon (platform)
Webtoon,awards,Webby Award,Webtoon (platform)
Webtoon,category,online service,Webtoon (platform)
Webtoon,category,software,Webtoon (platform)
Webtoon,business model,freemium,Webtoon (platform)
Webtoon,revenue model,advertising,Webtoon (platform)
Webtoon,revenue model,subscription,Webtoon (platform)
Webtoon,competitor,Tapas,Webtoon (platform)
Webtoon,competitor,Comixology,Webtoon (platform)
Webtoon,collaboration,Lucasfilm,Webtoon (platform)
Webtoon,collaboration,DC Comics,Webtoon (platform)
Webtoon,collaboration,Marvel Comics,Webtoon (platform)
Webtoon,number of employees,1000,Webtoon (platform)
Webtoon,office location,Los Angeles,Webtoon (platform)
Webtoon,office location,New York City,Webtoon (platform)
Webtoon,press release,2020,Webtoon (platform)
Webtoon,event,Webtoon Con,Webtoon (platform)
subject,predicate,object,Bitter Sweet (TV series)
1950 Dutch Grand Prix,instance of,Grand Prix,1950 Dutch Grand Prix
1950 Dutch Grand Prix,part of,1950 Formula One season,1950 Dutch Grand Prix
1950 Dutch Grand Prix,location,Netherlands,1950 Dutch Grand Prix
1950 Dutch Grand Prix,winner,Louis Rosier,1950 Dutch Grand Prix
1950 Dutch Grand Prix,follows,1949 Dutch Grand Prix,1950 Dutch Grand Prix
1950 Dutch Grand Prix,preceded by,1951 Dutch Grand Prix,1950 Dutch Grand Prix
1950 Dutch Grand Prix,has participant,Louis Rosier,1950 Dutch Grand Prix
1950 Dutch Grand Prix,has participant,Chet Miller,1950 Dutch Grand Prix
1950 Dutch Grand Prix,has participant,Bill Vukovich,1950 Dutch Grand Prix
1950 Dutch Grand Prix,has participant,Peter Whitehead,1950 Dutch Grand Prix
1950 Dutch Grand Prix,has participant,Leslie Johnson,1950 Dutch Grand Prix
1950 Dutch Grand Prix,has participant,Raymond Sommer,1950 Dutch Grand Prix
1950 Dutch Grand Prix,organizer,Royal Automobile Club of the Netherlands,1950 Dutch Grand Prix
1950 Dutch Grand Prix,venue,Circuit van Zandvoort,1950 Dutch Grand Prix
1950 Dutch Grand Prix,has winner,Louis Rosier,1950 Dutch Grand Prix
1950 Dutch Grand Prix,points winner,Louis Rosier,1950 Dutch Grand Prix
1950 Dutch Grand Prix,time,1:51:11.0,1950 Dutch Grand Prix
Dushdi Mala Medal,P31,Medal,Dushdi Mala Medal
Dushdi Mala Medal,P21,Award,Dushdi Mala Medal
Dushdi Mala Medal,P27,Bangladesh,Dushdi Mala Medal
Dushdi Mala Medal,P18,File:Dushdi Mala Medal.png,Dushdi Mala Medal
Dushdi Mala Medal,P571,1993,Dushdi Mala Medal
Dushdi Mala Medal,P973,Bangladesh Armed Forces,Dushdi Mala Medal
Dushdi Mala Medal,P106,Military personnel,Dushdi Mala Medal
Dushdi Mala Medal,P279,Service medal,Dushdi Mala Medal
Dushdi Mala Medal,P840,Military awards and decorations of Bangladesh,Dushdi Mala Medal
subject,predicate,object,Steven Pressman
Steven Pressman,/m/educated,1964,Steven Pressman
Steven Pressman,/m/awd,BA,Steven Pressman
Steven Pressman,/m/awd,MBA,Steven Pressman
Steven Pressman,/m/employment,Goldman Sachs,Steven Pressman
Steven Pressman,/m/employment,Bear Stearns,Steven Pressman
Steven Pressman,/m/employment,Oppenheimer & Co.,Steven Pressman
Steven Pressman,/m/awd,1993,Steven Pressman
Steven Pressman,/m/educated,University of Pennsylvania,Steven Pressman
Steven Pressman,/m/educated,Harvard Business School,Steven Pressman
Steven Pressman,/m/awd,PhD,Steven Pressman
Steven Pressman,/m/educated,New School,Steven Pressman
Steven Pressman,/m/employment,Rutgers University,Steven Pressman
Steven Pressman,/m/employment,New School,Steven Pressman
Steven Pressman,/m/politician/party,Democratic Party,Steven Pressman
Murce-class speedboat,instance of,patrol boat,Murce-class speedboat
Murce-class speedboat,subclass of,speedboat,Murce-class speedboat
Murce-class speedboat,country of origin,Spain,Murce-class speedboat
Murce-class speedboat,manufacturer,Bazán,Murce-class speedboat
Murce-class speedboat,operator,Spanish Navy,Murce-class speedboat
Murce-class speedboat,power type,diesel engine,Murce-class speedboat
Murce-class speedboat,length,32.5 metre,Murce-class speedboat
Murce-class speedboat,beam,6.4 metre,Murce-class speedboat
Murce-class speedboat,draft,1.5 metre,Murce-class speedboat
Murce-class speedboat,top speed,20 knot,Murce-class speedboat
Murce-class speedboat,crew,6 person,Murce-class speedboat
Murce-class speedboat,armament,30 mm autocannon,Murce-class speedboat
Murce-class speedboat,service entry,1960,Murce-class speedboat
subject,predicate,object,East Nottingham Friends Meetinghouse
East Nottingham Friends Meetinghouse,P31,meeting house,East Nottingham Friends Meetinghouse
East Nottingham Friends Meetinghouse,P571,1793,East Nottingham Friends Meetinghouse
East Nottingham Friends Meetinghouse,P6379,United States,East Nottingham Friends Meetinghouse
East Nottingham Friends Meetinghouse,P131,Pennsylvania,East Nottingham Friends Meetinghouse
East Nottingham Friends Meetinghouse,P463,English,East Nottingham Friends Meetinghouse
East Nottingham Friends Meetinghouse,P279,meeting house,East Nottingham Friends Meetinghouse
East Nottingham Friends Meetinghouse,P864,http://www.nps.gov/efnm/index.htm,East Nottingham Friends Meetinghouse
East Nottingham Friends Meetinghouse,P18,NRHP Reference Number 73001594,East Nottingham Friends Meetinghouse
East Nottingham Friends Meetinghouse,P582,http://www.preservation.org/html/directory/details.cfm?refnbr=73001594,East Nottingham Friends Meetinghouse
East Nottingham Friends Meetinghouse,P613,National Register of Historic Places,East Nottingham Friends Meetinghouse
East Nottingham Friends Meetinghouse,P729,listed on the National Register of Historic Places,East Nottingham Friends Meetinghouse
subject,predicate,object,"1,1'-Azobis-1,2,3-triazole"
BMD-4,P31,Q163846,BMD-4
BMD-4,P279,Q1526531,BMD-4
BMD-4,P18,Q1234567,BMD-4
BMD-4,P571,Q12345678,BMD-4
BMD-4,P629,Q123456789,BMD-4
BMD-4,P495,Q1234567890,BMD-4
BMD-4,P166,Q12345678901,BMD-4
BMD-4,P840,Q123456789012,BMD-4
BMD-4,P973,Q1234567890123,BMD-4
BMD-4,P112,Q1239876,BMD-4
BMD-4,P144,Q987654,BMD-4
BMD-4,P111,Q654321,BMD-4
Malakai Fakatoufifita,wdt:P31,Q5,Malakai Fakatoufifita
Malakai Fakatoufifita,wdt:P106,Q82955,Malakai Fakatoufifita
Malakai Fakatoufifita,wdt:P18,https://commons.wikimedia.org/wiki/File:Malakai_Fakatoufifita.jpg,Malakai Fakatoufifita
Malakai Fakatoufifita,wdt:P569,1999-06-09,Malakai Fakatoufifita
Malakai Fakatoufifita,wdt:P19,Q1631,Malakai Fakatoufifita
Malakai Fakatoufifita,wdt:P20,Q1641,Malakai Fakatoufifita
Malakai Fakatoufifita,wdt:P27,Q30,Malakai Fakatoufifita
Malakai Fakatoufifita,wdt:P292,Q1641,Malakai Fakatoufifita
Malakai Fakatoufifita,wdt:P304,https://en.wikipedia.org/wiki/Malakai_Fakatoufifita,Malakai Fakatoufifita
Malakai Fakatoufifita,wdt:P735,Q114466,Malakai Fakatoufifita
Malakai Fakatoufifita,wdt:P978,Q114466,Malakai Fakatoufifita
Filip Brattbakk,instance of,football player,Filip Brattbakk
Filip Brattbakk,occupation,football player,Filip Brattbakk
Filip Brattbakk,position played on football team,striker,Filip Brattbakk
Filip Brattbakk,member of sports team,Rosenborg BK,Filip Brattbakk
Filip Brattbakk,member of sports team,FC Copenhagen,Filip Brattbakk
Filip Brattbakk,member of sports team,FC Dallas,Filip Brattbakk
Filip Brattbakk,member of sports team,Molde FK,Filip Brattbakk
Filip Brattbakk,country of citizenship,Norway,Filip Brattbakk
Filip Brattbakk,date of birth,1970-06-27,Filip Brattbakk
Filip Brattbakk,parent,Knut Brattbakk,Filip Brattbakk
Filip Brattbakk,has sibling,Trond Brattbakk,Filip Brattbakk
Filip Brattbakk,has sibling,Jan Tore Brattbakk,Filip Brattbakk
Filip Brattbakk,scored goal at,Tippeligaen,Filip Brattbakk
Filip Brattbakk,scored goal at,Superliga,Filip Brattbakk
Filip Brattbakk,scored goal at,Major League Soccer,Filip Brattbakk
Filip Brattbakk,transfer,1994,Filip Brattbakk
Filip Brattbakk,transfer,1997,Filip Brattbakk
Filip Brattbakk,transfer,2000,Filip Brattbakk
Filip Brattbakk,transfer,2003,Filip Brattbakk
Filip Brattbakk,FIFA player ID,194028,Filip Brattbakk
Badampudi railway station,instance of,railway station,Badampudi railway station
Badampudi railway station,located in,India,Badampudi railway station
Badampudi railway station,located in,Kerala,Badampudi railway station
Badampudi railway station,part of,Indian Railways,Badampudi railway station
Badampudi railway station,served by,Southern Railway zone of Indian Railways,Badampudi railway station
Badampudi railway station,has elevation,23 meters,Badampudi railway station
Badampudi railway station,has code,BPU,Badampudi railway station
Badampudi railway station,connects to,Kollam railway station,Badampudi railway station
Badampudi railway station,connects to,Thiruvananthapuram Central railway station,Badampudi railway station
Badampudi railway station,located in,Kollam district,Badampudi railway station
Badampudi railway station,has nearby station,Kundara railway station,Badampudi railway station
Badampudi railway station,has nearby station,Ezhukone railway station,Badampudi railway station
Badampudi railway station,country,India,Badampudi railway station
Badampudi railway station,transport authority,Indian Railways,Badampudi railway station
Badampudi railway station,railway zone,Southern Railway zone of Indian Railways,Badampudi railway station
Port of Kherson,instance of,Seaport,Port of Kherson
Port of Kherson,located in,Kherson Oblast,Port of Kherson
Port of Kherson,located in,Ukraine,Port of Kherson
Port of Kherson,connected to,Dnieper River,Port of Kherson
Port of Kherson,has port code,440,Port of Kherson
Port of Kherson,imports,Grain,Port of Kherson
Port of Kherson,imports,Oil products,Port of Kherson
Port of Kherson,exports,Grain,Port of Kherson
Port of Kherson,exports,Oil products,Port of Kherson
Port of Kherson,operated by,Ukrainian Sea Ports Authority,Port of Kherson
Port of Kherson,has cargo capacity,5 million tons,Port of Kherson
Port of Kherson,has annual cargo turnover,4 million tons,Port of Kherson
Port of Kherson,has depth,9.5 meters,Port of Kherson
Port of Kherson,has berths,10,Port of Kherson
Port of Kherson,is managed by,Kherson Sea Commercial Port,Port of Kherson
Port of Kherson,P31,Seaport,Port of Kherson
Port of Kherson,P17,Ukraine,Port of Kherson
Port of Kherson,P131,Kherson Oblast,Port of Kherson
Port of Kherson,P30,Europe,Port of Kherson
2016 Tajik constitutional referendum,instance of,constitutional referendum,2016 Tajik constitutional referendum
2016 Tajik constitutional referendum,country,Tajikistan,2016 Tajik constitutional referendum
2016 Tajik constitutional referendum,date,2016-05-22,2016 Tajik constitutional referendum
2016 Tajik constitutional referendum,participant,Citizens of Tajikistan,2016 Tajik constitutional referendum
2016 Tajik constitutional referendum,outcome,approved,2016 Tajik constitutional referendum
2016 Tajik constitutional referendum,percentage of voters,98.2%,2016 Tajik constitutional referendum
2016 Tajik constitutional referendum,vote,yes,2016 Tajik constitutional referendum
2016 Tajik constitutional referendum,result,constitutional amendment,2016 Tajik constitutional referendum
2016 Tajik constitutional referendum,published by,Central Commission for Referendums,2016 Tajik constitutional referendum
2016 Tajik constitutional referendum,has part,constitutional amendment,2016 Tajik constitutional referendum
2016 Tajik constitutional referendum,location,Tajikistan,2016 Tajik constitutional referendum
subject,predicate,object,Techniques (album)
subject,predicate,object,The Music and Theater Folk High School
The Music and Theater Folk High School,instance of,school,The Music and Theater Folk High School
The Music and Theater Folk High School,located in,Denmark,The Music and Theater Folk High School
The Music and Theater Folk High School,located in,Frederiksberg,The Music and Theater Folk High School
The Music and Theater Folk High School,headmaster,Claus Nørhaven,The Music and Theater Folk High School
The Music and Theater Folk High School,founded by,Henrik Nordbrandt,The Music and Theater Folk High School
The Music and Theater Folk High School,offers education in,music,The Music and Theater Folk High School
The Music and Theater Folk High School,offers education in,theater,The Music and Theater Folk High School
The Music and Theater Folk High School,has student body,students,The Music and Theater Folk High School
The Music and Theater Folk High School,has faculty,teachers,The Music and Theater Folk High School
The Music and Theater Folk High School,established,1991,The Music and Theater Folk High School
The Music and Theater Folk High School,type,folk high school,The Music and Theater Folk High School
subject,predicate,object,Remembering Leonard Nimoy
Remembering Leonard Nimoy,instance of,article,Remembering Leonard Nimoy
Remembering Leonard Nimoy,publication date,2015-03-27,Remembering Leonard Nimoy
Remembering Leonard Nimoy,author,CBS News,Remembering Leonard Nimoy
Remembering Leonard Nimoy,about,Leonard Nimoy,Remembering Leonard Nimoy
Remembering Leonard Nimoy,part of,media franchise,Remembering Leonard Nimoy
Remembering Leonard Nimoy,based on,Star Trek,Remembering Leonard Nimoy
Remembering Leonard Nimoy,has part,photograph,Remembering Leonard Nimoy
Remembering Leonard Nimoy,has part,quote,Remembering Leonard Nimoy
Remembering Leonard Nimoy,mentions,Spock,Remembering Leonard Nimoy
Remembering Leonard Nimoy,mentions,Star Trek: The Original Series,Remembering Leonard Nimoy
Remembering Leonard Nimoy,published on,online news,Remembering Leonard Nimoy
Remembering Leonard Nimoy,written by,multiple authors,Remembering Leonard Nimoy
Remembering Leonard Nimoy,published by,CBS News,Remembering Leonard Nimoy
Remembering Leonard Nimoy,has headline,Remembering Leonard Nimoy,Remembering Leonard Nimoy
Remembering Leonard Nimoy,has summary,Tributes pour in for the late actor,Remembering Leonard Nimoy
Remembering Leonard Nimoy,references,Leonard Nimoy's death,Remembering Leonard Nimoy
Remembering Leonard Nimoy,references,Star Trek fan culture,Remembering Leonard Nimoy
Remembering Leonard Nimoy,references,science fiction,Remembering Leonard Nimoy
Remembering Leonard Nimoy,references,Spock's impact,Remembering Leonard Nimoy
Remembering Leonard Nimoy,references,Nimoy's legacy,Remembering Leonard Nimoy
{result[0]},{result[1]},{result[2]},Remembering Leonard Nimoy
subject,predicate,object,"Nowa Góra, Lesser Poland Voivodeship"
Nowa Góra,Lesser Poland Voivodeship,P31,"Nowa Góra, Lesser Poland Voivodeship"
Nowa Góra,Lesser Poland Voivodeship,P18,"Nowa Góra, Lesser Poland Voivodeship"
Nowa Góra,Lesser Poland Voivodeship,P26,"Nowa Góra, Lesser Poland Voivodeship"
Nowa Góra,Lesser Poland Voivodeship,P27,"Nowa Góra, Lesser Poland Voivodeship"
Nowa Góra,Lesser Poland Voivodeship,P361,"Nowa Góra, Lesser Poland Voivodeship"
Nowa Góra,Lesser Poland Voivodeship,P30,"Nowa Góra, Lesser Poland Voivodeship"
Nowa Góra,Lesser Poland Voivodeship,P625,"Nowa Góra, Lesser Poland Voivodeship"
Nowa Góra,Lesser Poland Voivodeship,P47,"Nowa Góra, Lesser Poland Voivodeship"
Nowa Góra,Lesser Poland Voivodeship,P131,"Nowa Góra, Lesser Poland Voivodeship"
subject,predicate,object,Booker T (wrestler)
Le Double Amour,P31,Q515,Le Double Amour
Le Double Amour,P619,Q168579,Le Double Amour
Le Double Amour,P973,Q168579,Le Double Amour
Le Double Amour,P354,Q168579,Le Double Amour
Le Double Amour,P18,Q283123,Le Double Amour
Le Double Amour,P279,Q207692,Le Double Amour
Le Double Amour,P580,Q284505,Le Double Amour
HD 103197,instance of,star,HD 103197
HD 103197,located in,Milky Way,HD 103197
HD 103197,constellation,Fornax,HD 103197
HD 103197,has spectral type,G-type main-sequence star,HD 103197
HD 103197,has luminosity class,main-sequence star,HD 103197
HD 103197,has catalog number,HD 103197,HD 103197
HD 103197,has Henry Draper Catalog,103197,HD 103197
HD 103197,has Bright Star Catalog,4302,HD 103197
subject,predicate,object,"Church of St Edmund, Sedgefield"
Church of St Edmund,Sedgefield,P31,"Church of St Edmund, Sedgefield"
Church of St Edmund,Sedgefield,P18,"Church of St Edmund, Sedgefield"
Church of St Edmund,Sedgefield,P17,"Church of St Edmund, Sedgefield"
Church of St Edmund,Sedgefield,P1,"Church of St Edmund, Sedgefield"
Church of St Edmund,Sedgefield,P279,"Church of St Edmund, Sedgefield"
Church of St Edmund,Sedgefield,P571,"Church of St Edmund, Sedgefield"
Church of St Edmund,Sedgefield,P143,"Church of St Edmund, Sedgefield"
Church of St Edmund,Sedgefield,P463,"Church of St Edmund, Sedgefield"
Church of St Edmund,Sedgefield,P510,"Church of St Edmund, Sedgefield"
Church of St Edmund,Sedgefield,P6379,"Church of St Edmund, Sedgefield"
subject,predicate,object,2018 Hualien earthquake
2018 Hualien earthquake,P31,2018 Hualien earthquake,2018 Hualien earthquake
2018 Hualien earthquake,P17,8.02,2018 Hualien earthquake
2018 Hualien earthquake,P18,6.7,2018 Hualien earthquake
2018 Hualien earthquake,P19,11,2018 Hualien earthquake
2018 Hualien earthquake,P20,00:26:01,2018 Hualien earthquake
2018 Hualien earthquake,P9,Hualien,2018 Hualien earthquake
2018 Hualien earthquake,P27,Taiwan,2018 Hualien earthquake
2018 Hualien earthquake,P11,2018-02-06,2018 Hualien earthquake
2018 Hualien earthquake,P14,10.1,2018 Hualien earthquake
2018 Hualien earthquake,P1,Earthquake,2018 Hualien earthquake
2018 Hualien earthquake,P4,Natural disaster,2018 Hualien earthquake
2018 Hualien earthquake,P118,26,2018 Hualien earthquake
2018 Hualien earthquake,P122,180,2018 Hualien earthquake
Harumafuji Kōhei,instance of,Mongolian sumo wrestler,Harumafuji Kōhei
Harumafuji Kōhei,birth date,1984-04-14,Harumafuji Kōhei
Harumafuji Kōhei,birthplace,Ulaanbaatar,Harumafuji Kōhei
Harumafuji Kōhei,given name,Harumafuji,Harumafuji Kōhei
Harumafuji Kōhei,family name,Kōhei,Harumafuji Kōhei
Harumafuji Kōhei,sport,sumo,Harumafuji Kōhei
Harumafuji Kōhei,has award,Tōyōshō,Harumafuji Kōhei
Harumafuji Kōhei,has award,Ōshō,Harumafuji Kōhei
Harumafuji Kōhei,has award,Kinbunshun,Harumafuji Kōhei
Harumafuji Kōhei,has award,Jūshō,Harumafuji Kōhei
Harumafuji Kōhei,rank,yokozuna,Harumafuji Kōhei
Harumafuji Kōhei,active years,2004-2019,Harumafuji Kōhei
Harumafuji Kōhei,retirement date,2019-01-30,Harumafuji Kōhei
Harumafuji Kōhei,stable,Isegahama,Harumafuji Kōhei
Harumafuji Kōhei,trainer,Miyagino,Harumafuji Kōhei
Harumafuji Kōhei,has victory,714,Harumafuji Kōhei
Harumafuji Kōhei,has loss,178,Harumafuji Kōhei
Harumafuji Kōhei,win-loss ratio,0.800,Harumafuji Kōhei
Nathan Stewart-Jarrett,wdt:P31,Q5,Nathan Stewart-Jarrett
Nathan Stewart-Jarrett,wdt:P106,Q639669,Nathan Stewart-Jarrett
Nathan Stewart-Jarrett,wdt:P20,Q145,Nathan Stewart-Jarrett
Nathan Stewart-Jarrett,wdt:P569,Q20077144,Nathan Stewart-Jarrett
Nathan Stewart-Jarrett,wdt:P18,Q1624715,Nathan Stewart-Jarrett
Nathan Stewart-Jarrett,wdt:P27,Q145,Nathan Stewart-Jarrett
Nathan Stewart-Jarrett,wdt:P30,Q145,Nathan Stewart-Jarrett
Nathan Stewart-Jarrett,wdt:P3128,Q20077144,Nathan Stewart-Jarrett
Nathan Stewart-Jarrett,wdt:P463,Q20077144,Nathan Stewart-Jarrett
Nathan Stewart-Jarrett,wdt:P508,Q20077144,Nathan Stewart-Jarrett
Nathan Stewart-Jarrett,wdt:P21,Q20077144,Nathan Stewart-Jarrett
Nathan Stewart-Jarrett,wdt:P672,Q20077144,Nathan Stewart-Jarrett
Nathan Stewart-Jarrett,wdt:P6375,Q20077144,Nathan Stewart-Jarrett
Nathan Stewart-Jarrett,wdt:P644,Q20077144,Nathan Stewart-Jarrett
Nathan Stewart-Jarrett,wdt:P6376,Q20077144,Nathan Stewart-Jarrett
Bacillus aminovorans,instance of,Bacillus,Bacillus aminovorans
Bacillus aminovorans,has part,Gram-positive bacteria,Bacillus aminovorans
Bacillus aminovorans,has part,spore,Bacillus aminovorans
Bacillus aminovorans,classification,Gammaproteobacteria,Bacillus aminovorans
Bacillus aminovorans,classification,Bacillales,Bacillus aminovorans
Bacillus aminovorans,classification,Bacillus,Bacillus aminovorans
Bacillus aminovorans,found in,soil,Bacillus aminovorans
Bacillus aminovorans,type strain,DSM 10507,Bacillus aminovorans
Bacillus aminovorans,has characteristic,aerobic,Bacillus aminovorans
Bacillus aminovorans,has characteristic,spore-forming,Bacillus aminovorans
Bacillus aminovorans,has characteristic,Gram-positive,Bacillus aminovorans
Bacillus aminovorans,publication,International Journal of Systematic Bacteriology,Bacillus aminovorans
Bacillus aminovorans,publication,Journal of Bacteriology,Bacillus aminovorans
Bacillus aminovorans,has part,rod-shaped cell,Bacillus aminovorans
Bacillus aminovorans,has characteristic,endospore-forming,Bacillus aminovorans
subject,predicate,object,Patrick Kinyua Mbogo
Patrick Kinyua Mbogo,instance of,human,Patrick Kinyua Mbogo
Patrick Kinyua Mbogo,occupation,Catholic bishop,Patrick Kinyua Mbogo
Patrick Kinyua Mbogo,position,Catholic bishop,Patrick Kinyua Mbogo
Patrick Kinyua Mbogo,diocese,Roman Catholic Diocese of Budumbum,Patrick Kinyua Mbogo
Patrick Kinyua Mbogo,country of citizenship,Kenya,Patrick Kinyua Mbogo
subject,predicate,object,Gmina Bobowa
Gmina Bobowa,P31,Lesser Poland Voivodeship,Gmina Bobowa
Gmina Bobowa,P17,Poland,Gmina Bobowa
Gmina Bobowa,P18,49.4667,Gmina Bobowa
Gmina Bobowa,P19,20.4333,Gmina Bobowa
Gmina Bobowa,P279,Gmina,Gmina Bobowa
Gmina Bobowa,P31,Nowy Sacz County,Gmina Bobowa
Gmina Bobowa,P571,1934-01-01,Gmina Bobowa
Gmina Bobowa,P6,https://www.gmina.bobowa.pl/,Gmina Bobowa
Gmina Bobowa,P856,https://www.gmina.bobowa.pl/,Gmina Bobowa
The King's Case Note,instance of,South Korean film,The King's Case Note
The King's Case Note,publication date,2017,The King's Case Note
The King's Case Note,director,Yoo Seung-min,The King's Case Note
The King's Case Note,screenwriter,Yoo Seung-min,The King's Case Note
The King's Case Note,starring,Lee Sun-kyun,The King's Case Note
The King's Case Note,starring,Yeo Moo-young,The King's Case Note
The King's Case Note,genre,drama film,The King's Case Note
The King's Case Note,genre,mystery film,The King's Case Note
The King's Case Note,country of origin,South Korea,The King's Case Note
The King's Case Note,language,Korean,The King's Case Note
1942 Croatian First League,instance of,sports league,1942 Croatian First League
1942 Croatian First League,part of,1942–43 Croatian First League,1942 Croatian First League
1942 Croatian First League,sports season of,Croatian First Football League,1942 Croatian First League
1942 Croatian First League,follows,1941 Croatian First League,1942 Croatian First League
1942 Croatian First League,followed by,1943 Croatian First League,1942 Croatian First League
1942 Croatian First League,has participant,Croatia,1942 Croatian First League
1942 Croatian First League,has participant,football club,1942 Croatian First League
1942 Croatian First League,has number of teams,10,1942 Croatian First League
1942 Croatian First League,start date,1942,1942 Croatian First League
1942 Croatian First League,end date,1942,1942 Croatian First League
1942 Croatian First League,organizer,Croatian Football Federation,1942 Croatian First League
1942 Croatian First League,winner,HAŠK Zagreb,1942 Croatian First League
1942 Croatian First League,has finalist,ŽAK Zagreb,1942 Croatian First League
1942 Croatian First League,country,Croatia,1942 Croatian First League
1942 Croatian First League,category,Football league,1942 Croatian First League
1942 Croatian First League,participant,GNK Dinamo Zagreb,1942 Croatian First League
1942 Croatian First League,participant,NK Lokomotiva Zagreb,1942 Croatian First League
1942 Croatian First League,participant,NK Medimurje,1942 Croatian First League
1942 Croatian First League,participant,NK Metalurh,1942 Croatian First League
1942 Croatian First League,participant,HŠK Građanski,1942 Croatian First League
1942 Croatian First League,participant,NK Čelik Zenica,1942 Croatian First League
1942 Croatian First League,participant,SK Ljubljana,1942 Croatian First League
1942 Croatian First League,participant,ŽAK Zagreb,1942 Croatian First League
subject,predicate,object,Galboda Gnanissara Thera
Galboda Gnanissara Thera,instance of,bhikkhu,Galboda Gnanissara Thera
Galboda Gnanissara Thera,birthPlace,Sri Lanka,Galboda Gnanissara Thera
Galboda Gnanissara Thera,residence,Sri Lanka,Galboda Gnanissara Thera
Galboda Gnanissara Thera,occupation,Buddhist monk,Galboda Gnanissara Thera
Galboda Gnanissara Thera,has doctrine,Buddhism,Galboda Gnanissara Thera
Galboda Gnanissara Thera,educated at,University of Anuradhapura,Galboda Gnanissara Thera
Galboda Gnanissara Thera,influenced by,Buddhism,Galboda Gnanissara Thera
Galboda Gnanissara Thera,influenced by,Buddhist philosophy,Galboda Gnanissara Thera
Galboda Gnanissara Thera,wrote,Buddhist scripture,Galboda Gnanissara Thera
Galboda Gnanissara Thera,part of,Buddhist clergy,Galboda Gnanissara Thera
Galboda Gnanissara Thera,given name,Galboda,Galboda Gnanissara Thera
Galboda Gnanissara Thera,given name,Gnanissara,Galboda Gnanissara Thera
Galboda Gnanissara Thera,date of birth,1894,Galboda Gnanissara Thera
Galboda Gnanissara Thera,date of death,1985,Galboda Gnanissara Thera
subject,predicate,object,Lactobacillus porci
Lactobacillus porci,instance of,Lactobacillus,Lactobacillus porci
Lactobacillus porci,genus,Lactobacillus,Lactobacillus porci
Lactobacillus porci,species,Lactobacillus porci,Lactobacillus porci
Lactobacillus porci,type of,Gram-positive bacterium,Lactobacillus porci
Lactobacillus porci,type of,rod-shaped bacterium,Lactobacillus porci
Lactobacillus porci,found in,Pig,Lactobacillus porci
Lactobacillus porci,discovered by,Tindall,Lactobacillus porci
Lactobacillus porci,has habitat,Pig gut,Lactobacillus porci
Lactobacillus porci,is a,probiotic,Lactobacillus porci
Lactobacillus porci,has classification,Bacteria,Lactobacillus porci
Lactobacillus porci,has taxonomy rank,species,Lactobacillus porci
Lactobacillus porci,part of,gut microbiome,Lactobacillus porci
Lactobacillus porci,NCBI Tax ID,1558,Lactobacillus porci
Lactobacillus porci,has scientific name,Lactobacillus porci,Lactobacillus porci
Lactobacillus porci,has common name,Porcine Lactobacillus,Lactobacillus porci
Gliese 536,wdt:P31,Star,Gliese 536
Gliese 536,wdt:P18,http://example.com/G536.jpg,Gliese 536
Gliese 536,wdt:P1006,Red dwarf,Gliese 536
Gliese 536,wdt:P121,Gliese,Gliese 536
Gliese 536,wdt:P131,Milky Way,Gliese 536
Gliese 536,wdt:P150,Gliese 536b,Gliese 536
Gliese 536,wdt:P153,Gliese 536,Gliese 536
Gliese 536,wdt:P157,2016-05-20,Gliese 536
Gliese 536,wdt:P161,6.69,Gliese 536
Gliese 536,wdt:P179,List of exoplanets,Gliese 536
Gliese 536,wdt:P206,0.418,Gliese 536
Gliese 536,wdt:P217,536,Gliese 536
Gliese 536,wdt:P236,Gliese 536,Gliese 536
Gliese 536,wdt:P253,Gliese 536,Gliese 536
Gliese 536,wdt:P256,Gliese 536,Gliese 536
Gliese 536,wdt:P258,11.63,Gliese 536
Gliese 536,wdt:P260,-0.268,Gliese 536
Gliese 536,wdt:P261,-0.27,Gliese 536
Gliese 536,wdt:P262,0.001,Gliese 536
Gliese 536,wdt:P263,0.01,Gliese 536
Gliese 536,wdt:P264,0.01,Gliese 536
Gliese 536,wdt:P265,0.02,Gliese 536
Gliese 536,wdt:P266,0.02,Gliese 536
Gliese 536,wdt:P267,0.03,Gliese 536
Gliese 536,wdt:P268,0.03,Gliese 536
Gliese 536,wdt:P269,0.04,Gliese 536
Gliese 536,wdt:P270,0.04,Gliese 536
Gliese 536,wdt:P271,0.05,Gliese 536
Gliese 536,wdt:P272,0.05,Gliese 536
Gliese 536,wdt:P273,0.06,Gliese 536
Gliese 536,wdt:P31,Red dwarf star,Gliese 536
USS Chester T. O'Brien,P31,United States Navy,USS Chester T. O'Brien
USS Chester T. O'Brien,P127,USS,USS Chester T. O'Brien
USS Chester T. O'Brien,P18,Destroyer,USS Chester T. O'Brien
USS Chester T. O'Brien,P19,Gearing-class destroyer,USS Chester T. O'Brien
USS Chester T. O'Brien,P131,Commissioned,USS Chester T. O'Brien
USS Chester T. O'Brien,P132,1945-08-15,USS Chester T. O'Brien
USS Chester T. O'Brien,P133,Decommissioned,USS Chester T. O'Brien
USS Chester T. O'Brien,P134,1946-10-18,USS Chester T. O'Brien
USS Chester T. O'Brien,P136,Struck,USS Chester T. O'Brien
USS Chester T. O'Brien,P137,1956-06-01,USS Chester T. O'Brien
USS Chester T. O'Brien,P138,Sinking,USS Chester T. O'Brien
USS Chester T. O'Brien,P139,Torpedoed,USS Chester T. O'Brien
USS Chester T. O'Brien,P140,Sunk,USS Chester T. O'Brien
USS Chester T. O'Brien,P141,1956-05-25,USS Chester T. O'Brien
USS Chester T. O'Brien,P31,United States,USS Chester T. O'Brien
USS Chester T. O'Brien,P148,Named after,USS Chester T. O'Brien
USS Chester T. O'Brien,P149,Chester T. O'Brien,USS Chester T. O'Brien
USS Chester T. O'Brien,P150,United States Navy,USS Chester T. O'Brien
USS Chester T. O'Brien,P151,Length,USS Chester T. O'Brien
USS Chester T. O'Brien,P152,376.5,USS Chester T. O'Brien
USS Chester T. O'Brien,P153,Beam,USS Chester T. O'Brien
USS Chester T. O'Brien,P154,39.6,USS Chester T. O'Brien
USS Chester T. O'Brien,P155,Draft,USS Chester T. O'Brien
USS Chester T. O'Brien,P156,14,USS Chester T. O'Brien
USS Chester T. O'Brien,P157,Displacement,USS Chester T. O'Brien
USS Chester T. O'Brien,P159,Ship,USS Chester T. O'Brien
USS Chester T. O'Brien,P160,Destroyer,USS Chester T. O'Brien
USS Chester T. O'Brien,P161,Gearing-class,USS Chester T. O'Brien
USS Chester T. O'Brien,P162,Commissioned,USS Chester T. O'Brien
USS Chester T. O'Brien,P164,Decommissioned,USS Chester T. O'Brien
USS Chester T. O'Brien,P167,Torpedoed,USS Chester T. O'Brien
USS Chester T. O'Brien,P169,Sunk,USS Chester T. O'Brien
USS Chester T. O'Brien,P170,Length overall,USS Chester T. O'Brien
USS Chester T. O'Brien,P171,Beam length,USS Chester T. O'Brien
USS Chester T. O'Brien,P172,Masts,USS Chester T. O'Brien
USS Chester T. O'Brien,P173,1,USS Chester T. O'Brien
USS Chester T. O'Brien,P174,Keel laid,USS Chester T. O'Brien
USS Chester T. O'Brien,P175,Laid down,USS Chester T. O'Brien
USS Chester T. O'Brien,P176,Builder,USS Chester T. O'Brien
USS Chester T. O'Brien,P177,United States,USS Chester T. O'Brien
subject,predicate,object,Garcinia celebica
Garcinia celebica,instance of,species,Garcinia celebica
Garcinia celebica,taxon,Garcinia celebica,Garcinia celebica
Garcinia celebica,family,Clusiaceae,Garcinia celebica
Garcinia celebica,genus,Garcinia,Garcinia celebica
Garcinia celebica,native to,Indonesia,Garcinia celebica
Garcinia celebica,native to,Sulawesi,Garcinia celebica
subject,predicate,object,Ivor Robinson (physicist)
1940–41 Buffalo Bulls men's basketball team,instance of,basketball team season,1940–41 Buffalo Bulls men's basketball team
1940–41 Buffalo Bulls men's basketball team,participant,University at Buffalo,1940–41 Buffalo Bulls men's basketball team
1940–41 Buffalo Bulls men's basketball team,sport,basketball,1940–41 Buffalo Bulls men's basketball team
1940–41 Buffalo Bulls men's basketball team,has season,1940-41,1940–41 Buffalo Bulls men's basketball team
1940–41 Buffalo Bulls men's basketball team,league,National Collegiate Athletic Association,1940–41 Buffalo Bulls men's basketball team
1940–41 Buffalo Bulls men's basketball team,conference,New York State Collegiate Athletic Association,1940–41 Buffalo Bulls men's basketball team
Barbarano Mossano,instance of,commune,Barbarano Mossano
Barbarano Mossano,located in,Italy,Barbarano Mossano
Barbarano Mossano,located in,province of Bergamo,Barbarano Mossano
Barbarano Mossano,located in,Lombardy,Barbarano Mossano
Barbarano Mossano,capital of,Barbarano Mossano,Barbarano Mossano
Barbarano Mossano,has area of,7.51,Barbarano Mossano
Barbarano Mossano,elevation above sea level,235,Barbarano Mossano
Barbarano Mossano,time zone,Central European Time,Barbarano Mossano
Barbarano Mossano,postal code,24040,Barbarano Mossano
Barbarano Mossano,telephone number,+39 0363,Barbarano Mossano
Barbarano Mossano,shares border with,Caviate,Barbarano Mossano
Barbarano Mossano,shares border with,Dello,Barbarano Mossano
Barbarano Mossano,shares border with,Gavardo,Barbarano Mossano
Barbarano Mossano,has leader,List of mayors of Barbarano Mossano,Barbarano Mossano
Barbarano Mossano,has twin city,Barbarano del Capo,Barbarano Mossano
Barbarano Mossano,has official website,http://www.comune.barbaranomosano.bg.it,Barbarano Mossano
Leonard Berkowitz,instance of,psychologist,Leonard Berkowitz
Leonard Berkowitz,birth date,1917-08-02,Leonard Berkowitz
Leonard Berkowitz,death date,2007-03-26,Leonard Berkowitz
Leonard Berkowitz,educated at,University of Wisconsin–Madison,Leonard Berkowitz
Leonard Berkowitz,educated at,Harvard University,Leonard Berkowitz
Leonard Berkowitz,employer,University of Wisconsin–Madison,Leonard Berkowitz
Leonard Berkowitz,field of work,social psychology,Leonard Berkowitz
Leonard Berkowitz,influenced by,Floyd Allport,Leonard Berkowitz
Leonard Berkowitz,influenced by,Muzafer Sherif,Leonard Berkowitz
Leonard Berkowitz,student of,Muzafer Sherif,Leonard Berkowitz
Leonard Berkowitz,has works in the collection,Harvard University Library,Leonard Berkowitz
Leonard Berkowitz,author of,Aggression: Its Causes and Cures,Leonard Berkowitz
Leonard Berkowitz,author of,A Frustration Theory of Aggression,Leonard Berkowitz
Leonard Berkowitz,member of,American Academy of Arts and Sciences,Leonard Berkowitz
Leonard Berkowitz,member of,American Psychological Association,Leonard Berkowitz
Leonard Berkowitz,award,National Institute of Mental Health,Leonard Berkowitz
Leonard Berkowitz,award,American Psychological Association,Leonard Berkowitz
Leonard Berkowitz,colleague of,Walter Mischel,Leonard Berkowitz
Leonard Berkowitz,colleague of,George J. Allen,Leonard Berkowitz
Leonard Berkowitz,influenced,aggression,Leonard Berkowitz
Leonard Berkowitz,influenced,frustration-aggression hypothesis,Leonard Berkowitz
Leonard Berkowitz,researcher of,aggression,Leonard Berkowitz
Leonard Berkowitz,researcher of,frustration,Leonard Berkowitz
Leonard Berkowitz,researcher of,social psychology,Leonard Berkowitz
Leonard Berkowitz,studied,human behavior,Leonard Berkowitz
Leonard Berkowitz,studied,human aggression,Leonard Berkowitz
Leonard Berkowitz,taught at,University of Wisconsin–Madison,Leonard Berkowitz
Leonard Berkowitz,taught at,Harvard University,Leonard Berkowitz
Leonard Berkowitz,published in,Journal of Personality and Social Psychology,Leonard Berkowitz
Leonard Berkowitz,published in,Psychological Review,Leonard Berkowitz
subject,predicate,object,Pat Rooney (basketball)
1981 Soviet Cup,instance of,Cup,1981 Soviet Cup
1981 Soviet Cup,part of,Soviet Cup,1981 Soviet Cup
1981 Soviet Cup,year,1981,1981 Soviet Cup
1981 Soviet Cup,organizer,Football Federation of the Soviet Union,1981 Soviet Cup
1981 Soviet Cup,winner,Dynamo Kyiv,1981 Soviet Cup
1981 Soviet Cup,final score,2-1,1981 Soviet Cup
1981 Soviet Cup,final venue,Central Stadium,1981 Soviet Cup
1981 Soviet Cup,country,Soviet Union,1981 Soviet Cup
1981 Soviet Cup,sports season,1981,1981 Soviet Cup
1981 Soviet Cup,participant,Dynamo Kyiv,1981 Soviet Cup
1981 Soviet Cup,participant,Torpedo Moscow,1981 Soviet Cup
1981 Soviet Cup,start date,1981-03-17,1981 Soviet Cup
1981 Soviet Cup,end date,1981-06-06,1981 Soviet Cup
1981 Soviet Cup,number of teams,64,1981 Soviet Cup
1981 Soviet Cup,number of matches,63,1981 Soviet Cup
1981 Soviet Cup,number of goals scored,173,1981 Soviet Cup
1981 Soviet Cup,most goals scored by team,Dynamo Kyiv,1981 Soviet Cup
1981 Soviet Cup,top scorer,Oleg Blokhin,1981 Soviet Cup
1981 Soviet Cup,top scorer,5 goals,1981 Soviet Cup
1981 Soviet Cup,winner of,Soviet Cup,1981 Soviet Cup
1981 Soviet Cup,follows,1980 Soviet Cup,1981 Soviet Cup
1981 Soviet Cup,followed by,1982 Soviet Cup,1981 Soviet Cup
1981 Soviet Cup,winner,Ukrainian Soviet Socialist Republic,1981 Soviet Cup
1981 Soviet Cup,runner-up,Torpedo Moscow,1981 Soviet Cup
1981 Soviet Cup,runner-up,Russian Soviet Federative Socialist Republic,1981 Soviet Cup
1981 Soviet Cup,participant,Ararat Yerevan,1981 Soviet Cup
1981 Soviet Cup,participant,Spartak Moscow,1981 Soviet Cup
1981 Soviet Cup,participant,Zenit Leningrad,1981 Soviet Cup
1981 Soviet Cup,participant,CSKA Moscow,1981 Soviet Cup
1981 Soviet Cup,participant,Lokomotiv Moscow,1981 Soviet Cup
1981 Soviet Cup,participant,Dynamo Moscow,1981 Soviet Cup
1981 Soviet Cup,participant,Kairat Almaty,1981 Soviet Cup
1981 Soviet Cup,participant,Pakhtakor Tashkent,1981 Soviet Cup
1981 Soviet Cup,participant,Neftchi Baku,1981 Soviet Cup
1981 Soviet Cup,participant,Dnipro Dnipropetrovsk,1981 Soviet Cup
1981 Soviet Cup,participant,Metalist Kharkiv,1981 Soviet Cup
1981 Soviet Cup,participant,Spartak Minsk,1981 Soviet Cup
1981 Soviet Cup,participant,Torpedo Kutaisi,1981 Soviet Cup
1981 Soviet Cup,participant,Dinamo Tbilisi,1981 Soviet Cup
1981 Soviet Cup,participant,Shakhtar Donetsk,1981 Soviet Cup
1981 Soviet Cup,participant,Zarya Voroshilovgrad,1981 Soviet Cup
1981 Soviet Cup,participant,SKA Rostov-on-Don,1981 Soviet Cup
1981 Soviet Cup,participant,Kuban Krasnodar,1981 Soviet Cup
1981 Soviet Cup,participant,Fakel Voronezh,1981 Soviet Cup
1981 Soviet Cup,participant,Krylia Sovetov Kuibyshev,1981 Soviet Cup
1981 Soviet Cup,participant,Dnepr Mogilev,1981 Soviet Cup
1981 Soviet Cup,participant,Istiqlol Dushanbe,1981 Soviet Cup
1981 Soviet Cup,participant,Kakhurdi,1981 Soviet Cup
1981 Soviet Cup,participant,Chornomorets Odesa,1981 Soviet Cup
1981 Soviet Cup,participant,Tavriya Simferopol,1981 Soviet Cup
subject,predicate,object,Frank-Rutger Hausmann
Frank-Rutger Hausmann,instance of,Person,Frank-Rutger Hausmann
Frank-Rutger Hausmann,given name,Frank-Rutger,Frank-Rutger Hausmann
Frank-Rutger Hausmann,family name,Hausmann,Frank-Rutger Hausmann
Frank-Rutger Hausmann,date of birth,1945,Frank-Rutger Hausmann
Frank-Rutger Hausmann,place of birth,Germany,Frank-Rutger Hausmann
Frank-Rutger Hausmann,occupation,University teacher,Frank-Rutger Hausmann
Frank-Rutger Hausmann,occupation,Historian,Frank-Rutger Hausmann
Frank-Rutger Hausmann,educated at,University of Göttingen,Frank-Rutger Hausmann
Frank-Rutger Hausmann,academic degree,Doctor of Philosophy,Frank-Rutger Hausmann
Frank-Rutger Hausmann,field of work,Romance studies,Frank-Rutger Hausmann
Frank-Rutger Hausmann,field of work,Literary criticism,Frank-Rutger Hausmann
Frank-Rutger Hausmann,employer,University of Trier,Frank-Rutger Hausmann
Frank-Rutger Hausmann,member of,Academy of Sciences and Fine Arts of Andalusia,Frank-Rutger Hausmann
Frank-Rutger Hausmann,award received,Honorary doctorate,Frank-Rutger Hausmann
Frank-Rutger Hausmann,language spoken,German,Frank-Rutger Hausmann
Frank-Rutger Hausmann,language spoken,French,Frank-Rutger Hausmann
Frank-Rutger Hausmann,language spoken,Spanish,Frank-Rutger Hausmann
Frank-Rutger Hausmann,language spoken,Italian,Frank-Rutger Hausmann
Frank-Rutger Hausmann,language spoken,Portuguese,Frank-Rutger Hausmann
Frank-Rutger Hausmann,influenced by,Erich Köhler,Frank-Rutger Hausmann
Frank-Rutger Hausmann,has works in the collection,Bibliothèque nationale de France,Frank-Rutger Hausmann
Frank-Rutger Hausmann,author of,Geschichte der mittellateinischen Literatur,Frank-Rutger Hausmann
Frank-Rutger Hausmann,author of,Einführung in die mittellateinische Literatur,Frank-Rutger Hausmann
Frank-Rutger Hausmann,birth place,Germany,Frank-Rutger Hausmann
Frank-Rutger Hausmann,academic degree,Dr.,Frank-Rutger Hausmann
Frank-Rutger Hausmann,occupation,Philologist,Frank-Rutger Hausmann
Frank-Rutger Hausmann,field of work,Latin literature,Frank-Rutger Hausmann
subject,predicate,object,Legion (video game)
subject,predicate,object,Jerome Messam
Jerome Messam,P31,Q5,Jerome Messam
Jerome Messam,P19,Q159600,Jerome Messam
Jerome Messam,P21,Q159600,Jerome Messam
Jerome Messam,P27,Q1321,Jerome Messam
Jerome Messam,P1416,Q159600,Jerome Messam
Jerome Messam,P40,Q159600,Jerome Messam
Jerome Messam,P108,Q159600,Jerome Messam
Jerome Messam,P858,Q159600,Jerome Messam
Jerome Messam,P553,Q159600,Jerome Messam
Jerome Messam,P4,Q159600,Jerome Messam
Jerome Messam,P6,Q159600,Jerome Messam
Jerome Messam,P14,Q159600,Jerome Messam
Jerome Messam,P29,Q159600,Jerome Messam
Jerome Messam,P34,Q159600,Jerome Messam
subject,predicate,object,Herbert Von King Park
Herbert Von King Park,P31,Park,Herbert Von King Park
Herbert Von King Park,P21,Brooklyn,Herbert Von King Park
Herbert Von King Park,P18,Q123456,Herbert Von King Park
Herbert Von King Park,P27,New York City Department of Parks and Recreation,Herbert Von King Park
Herbert Von King Park,P17,Coney Island,Herbert Von King Park
Herbert Von King Park,P361,Brooklyn,Herbert Von King Park
Herbert Von King Park,P138,Nathan Straus Playground,Herbert Von King Park
Herbert Von King Park,P1476,1934,Herbert Von King Park
Herbert Von King Park,P155,Herbert Von King,Herbert Von King Park
Herbert Von King Park,P625,40.63194444444444 -73.94444444444444,Herbert Von King Park
Herbert Von King Park,P31,Q515,Herbert Von King Park
Pluriarc,P31,Stringed musical instrument,Pluriarc
Pluriarc,P19,Europe,Pluriarc
Pluriarc,P30,Musical instrument,Pluriarc
Pluriarc,P279,Pluriarc,Pluriarc
Pluriarc,P1476,Pluriarc,Pluriarc
Pluriarc,P973,Category:Pluriarc,Pluriarc
Pluriarc,P21,20th century,Pluriarc
Pluriarc,P17,France,Pluriarc
Pluriarc,P18,Image:Pluriarc.jpg,Pluriarc
Pluriarc,P166,Category:Musical instruments of France,Pluriarc
Pluriarc,P31,Musical instrument,Pluriarc
Pluriarc,P30,Stringed musical instrument,Pluriarc
Pluriarc,P300,Musical instrument family,Pluriarc
Pluriarc,P1576,String instrument,Pluriarc
subject,predicate,object,Gran Turismo Sport
Gran Turismo Sport,P31,video game,Gran Turismo Sport
Gran Turismo Sport,P17,developed by,Gran Turismo Sport
Gran Turismo Sport,P17,Polyphony Digital,Gran Turismo Sport
Gran Turismo Sport,P58,publisher,Gran Turismo Sport
Gran Turismo Sport,P58,Sony Interactive Entertainment,Gran Turismo Sport
Gran Turismo Sport,P27,release date,Gran Turismo Sport
Gran Turismo Sport,P27,2017-11-17,Gran Turismo Sport
Gran Turismo Sport,P30,platform,Gran Turismo Sport
Gran Turismo Sport,P30,PlayStation 4,Gran Turismo Sport
Gran Turismo Sport,P30,PlayStation 5,Gran Turismo Sport
Gran Turismo Sport,P973,based on,Gran Turismo Sport
Gran Turismo Sport,P973,Gran Turismo,Gran Turismo Sport
Gran Turismo Sport,P463,genre,Gran Turismo Sport
Gran Turismo Sport,P463,racing video game,Gran Turismo Sport
Gran Turismo Sport,P111,series,Gran Turismo Sport
Gran Turismo Sport,P111,Gran Turismo,Gran Turismo Sport
Gran Turismo Sport,P840,gameplay mode,Gran Turismo Sport
Gran Turismo Sport,P840,single-player video game,Gran Turismo Sport
Gran Turismo Sport,P840,multiplayer video game,Gran Turismo Sport
Gran Turismo Sport,P706,game engine,Gran Turismo Sport
Gran Turismo Sport,P706,Unreal Engine,Gran Turismo Sport
Gran Turismo Sport,P345,License,Gran Turismo Sport
Gran Turismo Sport,P973,Simulation,Gran Turismo Sport
Gran Turismo Sport,P31,Sports,Gran Turismo Sport
Seo Dong-won,instance of,human,"Seo Dong-won (footballer, born 1973)"
Seo Dong-won,birth date,1973,"Seo Dong-won (footballer, born 1973)"
Seo Dong-won,given name,Seo Dong-won,"Seo Dong-won (footballer, born 1973)"
Seo Dong-won,family name,Seo,"Seo Dong-won (footballer, born 1973)"
Seo Dong-won,occupation,association football player,"Seo Dong-won (footballer, born 1973)"
Seo Dong-won,position,association football midfielder,"Seo Dong-won (footballer, born 1973)"
Seo Dong-won,country of citizenship,South Korea,"Seo Dong-won (footballer, born 1973)"
Seo Dong-won,date of birth,1973,"Seo Dong-won (footballer, born 1973)"
Seo Dong-won,plays/is played by,South Korea national football team,"Seo Dong-won (footballer, born 1973)"
Seo Dong-won,has sport,association football,"Seo Dong-won (footballer, born 1973)"
Alberto Siliotti,type,Q5,Alberto Siliotti
Alberto Siliotti,birthDate,1942-12-17,Alberto Siliotti
Alberto Siliotti,occupation,Q639669,Alberto Siliotti
Alberto Siliotti,occupation,Q639644,Alberto Siliotti
Alberto Siliotti,nationality,Q380,Alberto Siliotti
Alberto Siliotti,placeOfBirth,Q30036,Alberto Siliotti
Alberto Siliotti,residence,Q30036,Alberto Siliotti
Alberto Siliotti,educatedAt,Q37754,Alberto Siliotti
Alberto Siliotti,hasWrittenBook,Q1152621,Alberto Siliotti
Alberto Siliotti,hasWrittenBook,Q1152623,Alberto Siliotti
Alberto Siliotti,languageSpoken,Q150,Alberto Siliotti
Alberto Siliotti,genre,Q570116,Alberto Siliotti
Alberto Siliotti,award,Q629050,Alberto Siliotti
Alberto Siliotti,memberOf,Q1192257,Alberto Siliotti
Alberto Siliotti,givenName,Alberto,Alberto Siliotti
Alberto Siliotti,familyName,Siliotti,Alberto Siliotti
Lexia to Perplexia,wdt:P31,wdt:Book,Lexia to Perplexia
Lexia to Perplexia,wdt:P21,wdt:Author,Lexia to Perplexia
Lexia to Perplexia,wdt:P973,wdt:Series,Lexia to Perplexia
Lexia to Perplexia,wdt:P577,2002,Lexia to Perplexia
Lexia to Perplexia,wdt:P50,wdt:Rebecca Allison,Lexia to Perplexia
Lexia to Perplexia,wdt:P582,wdt:Young Adult,Lexia to Perplexia
Lexia to Perplexia,wdt:P103,en:Lexia to Perplexia,Lexia to Perplexia
Lexia to Perplexia,wdt:P947,Category:Book articles,Lexia to Perplexia
Lexia to Perplexia,wdt:P111,en:Fiction,Lexia to Perplexia
Lexia to Perplexia,wdt:OCLC,51534936,Lexia to Perplexia
Lexia to Perplexia,wdt:P200,en:Science fiction,Lexia to Perplexia
Lexia to Perplexia,wdt:P973,wdt:Young Adult,Lexia to Perplexia
Lexia to Perplexia,wdt:P837,en:United States,Lexia to Perplexia
Lexia to Perplexia,wdt:P131,en:Tennessee,Lexia to Perplexia
Lexia to Perplexia,wdt:P577,2002-05-30,Lexia to Perplexia
Lexia to Perplexia,wdt:P973,wdt:Science fiction Series,Lexia to Perplexia
Lexia to Perplexia,wdt:P856,https://www.goodreads.com/book/show/1644018-Lexia_to_Perplexia,Lexia to Perplexia
Nosa Iyobosa Edokpolor,wdt:P31,Q5,Nosa Iyobosa Edokpolor
Nosa Iyobosa Edokpolor,wdt:P21,Q658109,Nosa Iyobosa Edokpolor
Nosa Iyobosa Edokpolor,wdt:P569,1985-07-23,Nosa Iyobosa Edokpolor
Nosa Iyobosa Edokpolor,wdt:P19,Q1234567,Nosa Iyobosa Edokpolor
Nosa Iyobosa Edokpolor,wdt:P27,Q1641,Nosa Iyobosa Edokpolor
Nosa Iyobosa Edokpolor,wdt:P108,Q123456,Nosa Iyobosa Edokpolor
Nosa Iyobosa Edokpolor,wdt:P553,Q123456,Nosa Iyobosa Edokpolor
Nosa Iyobosa Edokpolor,wdt:P856,https://www.example.com/nosa-iyobosa-edokpolor,Nosa Iyobosa Edokpolor
Nosa Iyobosa Edokpolor,wdt:P106,Q1028751,Nosa Iyobosa Edokpolor
Nosa Iyobosa Edokpolor,wdt:P106,Q1641,Nosa Iyobosa Edokpolor
Nosa Iyobosa Edokpolor,wdt:P11,Q1234567,Nosa Iyobosa Edokpolor
Nosa Iyobosa Edokpolor,wdt:P582,Q123456,Nosa Iyobosa Edokpolor
Nosa Iyobosa Edokpolor,instance of,human,Nosa Iyobosa Edokpolor
Nosa Iyobosa Edokpolor,sex or gender,male,Nosa Iyobosa Edokpolor
Nosa Iyobosa Edokpolor,date of birth,23 July 1985,Nosa Iyobosa Edokpolor
Nosa Iyobosa Edokpolor,country of citizenship,Nigeria,Nosa Iyobosa Edokpolor
Nosa Iyobosa Edokpolor,occupation,footballer,Nosa Iyobosa Edokpolor
Nosa Iyobosa Edokpolor,position played on team,midfielder,Nosa Iyobosa Edokpolor
entity,wdt:P31,Q5,Nosa Iyobosa Edokpolor
entity,wdt:P21,Q658109,Nosa Iyobosa Edokpolor
entity,wdt:P569,1985-07-23,Nosa Iyobosa Edokpolor
entity,wdt:P27,Q1641,Nosa Iyobosa Edokpolor
entity,wdt:P106,Q1028751,Nosa Iyobosa Edokpolor
subject,predicate,object,Bahau River
Bahau River,P31,river,Bahau River
Bahau River,P18,Indonesia,Bahau River
Bahau River,P17,East Kalimantan,Bahau River
Bahau River,P19,Indonesia,Bahau River
Bahau River,P20,Mahakam River,Bahau River
Bahau River,P279,Indonesia,Bahau River
Bahau River,P301,Q515,Bahau River
Bahau River,P31,stream,Bahau River
Bahau River,P143,Indonesia,Bahau River
Bahau River,P131,East Kalimantan,Bahau River
Bahau River,P585,Indonesia,Bahau River
Giubiasco–Locarno railway,P31,railway line,Giubiasco–Locarno railway
Giubiasco–Locarno railway,P18,country,Giubiasco–Locarno railway
Giubiasco–Locarno railway,P18,Switzerland,Giubiasco–Locarno railway
Giubiasco–Locarno railway,P17,location,Giubiasco–Locarno railway
Giubiasco–Locarno railway,P17,Switzerland,Giubiasco–Locarno railway
Giubiasco–Locarno railway,P46,connects,Giubiasco–Locarno railway
Giubiasco–Locarno railway,P46,Giubiasco,Giubiasco–Locarno railway
Giubiasco–Locarno railway,P46,Locarno,Giubiasco–Locarno railway
Giubiasco–Locarno railway,P279,subclass of,Giubiasco–Locarno railway
Giubiasco–Locarno railway,P6375,WikiProject,Giubiasco–Locarno railway
Giubiasco–Locarno railway,P973,WikiProject,Giubiasco–Locarno railway
subject,predicate,object,Tigrovaya Balka Nature Reserve
Tigrovaya Balka Nature Reserve,P31,Nature Reserve,Tigrovaya Balka Nature Reserve
Tigrovaya Balka Nature Reserve,P17,Russia,Tigrovaya Balka Nature Reserve
Tigrovaya Balka Nature Reserve,P131,Astrakhan Oblast,Tigrovaya Balka Nature Reserve
Tigrovaya Balka Nature Reserve,P279,Nature Reserve in Russia,Tigrovaya Balka Nature Reserve
Tigrovaya Balka Nature Reserve,P571,1980-04-23,Tigrovaya Balka Nature Reserve
Tigrovaya Balka Nature Reserve,P463,Ramsar Site,Tigrovaya Balka Nature Reserve
Tigrovaya Balka Nature Reserve,P706,700,Tigrovaya Balka Nature Reserve
Tigrovaya Balka Nature Reserve,P31,Protected area,Tigrovaya Balka Nature Reserve
Tigrovaya Balka Nature Reserve,P840,Russian Federal Reserve,Tigrovaya Balka Nature Reserve
Tigrovaya Balka Nature Reserve,P18,2800,Tigrovaya Balka Nature Reserve
Tigrovaya Balka Nature Reserve,P973,nature reserve,Tigrovaya Balka Nature Reserve
Willoughby Staples Brewster,P31,American,Willoughby Staples Brewster
Willoughby Staples Brewster,P106,Politician,Willoughby Staples Brewster
Willoughby Staples Brewster,P21,Massachusetts,Willoughby Staples Brewster
Willoughby Staples Brewster,P569,1830-07-26,Willoughby Staples Brewster
Willoughby Staples Brewster,P570,1912-05-30,Willoughby Staples Brewster
Willoughby Staples Brewster,P18,Q521223,Willoughby Staples Brewster
Willoughby Staples Brewster,P27,Q625610,Willoughby Staples Brewster
Willoughby Staples Brewster,P39,Q159494,Willoughby Staples Brewster
Willoughby Staples Brewster,P1416,Willoughby S. Brewster,Willoughby Staples Brewster
Willoughby Staples Brewster,P670,Willoughby Staples Brewster,Willoughby Staples Brewster
Willoughby Staples Brewster,P6,Brewster,Willoughby Staples Brewster
Willoughby Staples Brewster,P7,Staples,Willoughby Staples Brewster
Willoughby Staples Brewster,P13,Willoughby,Willoughby Staples Brewster
Col du Berthiand,P31,Mountain pass,Col du Berthiand
Col du Berthiand,P18,France,Col du Berthiand
Col du Berthiand,P17,Hautes-Pyrénées,Col du Berthiand
Col du Berthiand,P279,Pyrenees,Col du Berthiand
Col du Berthiand,P131,Arrondissement of Argelès-Gazost,Col du Berthiand
Col du Berthiand,P625,Q121334,Col du Berthiand
Col du Berthiand,P3011,42.9203° N,Col du Berthiand
Col du Berthiand,P3013,0.0573° E,Col du Berthiand
Col du Berthiand,P973,1586 m,Col du Berthiand
Col du Berthiand,P585,List of mountain passes,Col du Berthiand
Gouda triptych of the Life of Mary,P31,altarpiece,Gouda triptych of the Life of Mary
Gouda triptych of the Life of Mary,P14,location,Gouda triptych of the Life of Mary
subject,predicate,object,Vulcan Centaur
Vulcan Centaur,P31,rocket,Vulcan Centaur
Vulcan Centaur,P112,United Launch Alliance,Vulcan Centaur
Vulcan Centaur,P279,spacecraft,Vulcan Centaur
Vulcan Centaur,P31,spacecraft,Vulcan Centaur
Vulcan Centaur,P17,launch vehicle,Vulcan Centaur
subject,predicate,object,1945 Giro di Lombardia
1945 Giro di Lombardia,P31,cycling race,1945 Giro di Lombardia
1945 Giro di Lombardia,P6,1945,1945 Giro di Lombardia
1945 Giro di Lombardia,P17,Giro di Lombardia,1945 Giro di Lombardia
1945 Giro di Lombardia,P19,Italy,1945 Giro di Lombardia
1945 Giro di Lombardia,P14,Fausto Coppi,1945 Giro di Lombardia
1945 Giro di Lombardia,P27,1945-10-28,1945 Giro di Lombardia
1945 Giro di Lombardia,P22,28 October 1945,1945 Giro di Lombardia
1945 Giro di Lombardia,P18,One-day race,1945 Giro di Lombardia
1945 Giro di Lombardia,P11,105.0,1945 Giro di Lombardia
1945 Giro di Lombardia,P25,Giovanni Corri,1945 Giro di Lombardia
1945 Giro di Lombardia,P28,Alfredo Binda,1945 Giro di Lombardia
1945 Giro di Lombardia,P9,Mario Ricci,1945 Giro di Lombardia
1945 Giro di Lombardia,P15,Giovanni Valetti,1945 Giro di Lombardia
1945 Giro di Lombardia,P29,1944 Giro di Lombardia,1945 Giro di Lombardia
1945 Giro di Lombardia,P30,1946 Giro di Lombardia,1945 Giro di Lombardia
1945 Giro di Lombardia,P12,1945-10-28,1945 Giro di Lombardia
1945 Giro di Lombardia,P8,Italy,1945 Giro di Lombardia
1945 Giro di Lombardia,P26,cycling,1945 Giro di Lombardia
1945 Giro di Lombardia,P24,84.75 miles,1945 Giro di Lombardia
1945 Giro di Lombardia,P23,136.0,1945 Giro di Lombardia
1945 Giro di Lombardia,P21,Giovanni Corri,1945 Giro di Lombardia
Geogarypus connatus,instance of,Geogarypus,Geogarypus connatus
Geogarypus connatus,subclass of,Geogarypus,Geogarypus connatus
Geogarypus connatus,taxon rank,species,Geogarypus connatus
Geogarypus connatus,scientific name,Geogarypus connatus,Geogarypus connatus
Geogarypus connatus,classification,Arthropoda,Geogarypus connatus
Geogarypus connatus,classification,Arachnida,Geogarypus connatus
Geogarypus connatus,classification,Pseudoscorpiones,Geogarypus connatus
Geogarypus connatus,classification,Geogarypidae,Geogarypus connatus
Geogarypus connatus,classification,Geogarypinae,Geogarypus connatus
Geogarypus connatus,instance of,species,Geogarypus connatus
Geogarypus connatus,has part,pedipalp,Geogarypus connatus
Geogarypus connatus,has part,chela,Geogarypus connatus
Geogarypus connatus,has part,pseudotrachea,Geogarypus connatus
Geogarypus connatus,found in,North America,Geogarypus connatus
Geogarypus connatus,found in,United States,Geogarypus connatus
Geogarypus connatus,same as,Q5223456,Geogarypus connatus
Geogarypus connatus,has free body part,opisthosoma,Geogarypus connatus
Geogarypus connatus,has free body part,cephalothorax,Geogarypus connatus
Geogarypus connatus,has pretarsal structure,pseudotarsus,Geogarypus connatus
Geogarypus connatus,has eye,pseudoscopion,Geogarypus connatus
subject,predicate,object,Geogarypus connatus
Krzysztof Piątek,P31,Q5,Krzysztof Piątek
Krzysztof Piątek,P106,Q639669,Krzysztof Piątek
Krzysztof Piątek,P18,Q162017,Krzysztof Piątek
Krzysztof Piątek,P569,1995-07-01,Krzysztof Piątek
Krzysztof Piątek,P19,Q786617,Krzysztof Piątek
Krzysztof Piątek,P27,Q48,Krzysztof Piątek
Krzysztof Piątek,P1416,1.83,Krzysztof Piątek
Krzysztof Piątek,P2067,83,Krzysztof Piątek
Krzysztof Piątek,P40,Q294307,Krzysztof Piątek
Krzysztof Piątek,P178,Q639669,Krzysztof Piątek
Krzysztof Piątek,P257,Q639669,Krzysztof Piątek
Krzysztof Piątek,P463,Q639669,Krzysztof Piątek
Krzysztof Piątek,P553,Q639669,Krzysztof Piątek
Krzysztof Piątek,P654,Q639669,Krzysztof Piątek
Krzysztof Piątek,P800,Q639669,Krzysztof Piątek
Krzysztof Piątek,P6,Q590339,Krzysztof Piątek
Krzysztof Piątek,P7,Q159,Krzysztof Piątek
Krzysztof Piątek,P15,Q199564,Krzysztof Piątek
Krzysztof Piątek,P19,Q164802,Krzysztof Piątek
Krzysztof Piątek,P20,Q164802,Krzysztof Piątek
Krzysztof Piątek,P38,Q164802,Krzysztof Piątek
Krzysztof Piątek,P47,Q164802,Krzysztof Piątek
Krzysztof Piątek,P50,Q164802,Krzysztof Piątek
Krzysztof Piątek,P58,Q164802,Krzysztof Piątek
Krzysztof Piątek,P20,Q1283987,Krzysztof Piątek
Krzysztof Piątek,P38,Q1141584,Krzysztof Piątek
Krzysztof Piątek,P47,Q1141584,Krzysztof Piątek
Krzysztof Piątek,P50,Q1141584,Krzysztof Piątek
Krzysztof Piątek,P58,Q1141584,Krzysztof Piątek
Krzysztof Piątek,P61,Q1141584,Krzysztof Piątek
Krzysztof Piątek,P62,Q1141584,Krzysztof Piątek
Krzysztof Piątek,P67,Q1141584,Krzysztof Piątek
Krzysztof Piątek,P70,Q1141584,Krzysztof Piątek
Krzysztof Piątek,P93,Q1141584,Krzysztof Piątek
Krzysztof Piątek,P108,Q294307,Krzysztof Piątek
Krzysztof Piątek,P112,Q294307,Krzysztof Piątek
Krzysztof Piątek,P118,Q294307,Krzysztof Piątek
Krzysztof Piątek,P121,Q294307,Krzysztof Piątek
Krzysztof Piątek,P122,Q294307,Krzysztof Piątek
Krzysztof Piątek,P124,Q294307,Krzysztof Piątek
Krzysztof Piątek,P128,Q294307,Krzysztof Piątek
Krzysztof Piątek,P129,Q294307,Krzysztof Piątek
Krzysztof Piątek,P130,Q294307,Krzysztof Piątek
Krzysztof Piątek,P131,Q294307,Krzysztof Piątek
Krzysztof Piątek,P132,Q294307,Krzysztof Piątek
Krzysztof Piątek,P133,Q294307,Krzysztof Piątek
Krzysztof Piątek,P136,Q294307,Krzysztof Piątek
Krzysztof Piątek,P137,Q294307,Krzysztof Piątek
Krzysztof Piątek,P138,Q294307,Krzysztof Piątek
Krzysztof Piątek,P139,Q294307,Krzysztof Piątek
Krzysztof Piątek,P140,Q294307,Krzysztof Piątek
Krzysztof Piątek,P141,Q294307,Krzysztof Piątek
Krzysztof Piątek,P142,Q294307,Krzysztof Piątek
Krzysztof Piątek,P143,Q294307,Krzysztof Piątek
Krzysztof Piątek,P144,Q294307,Krzysztof Piątek
Krzysztof Piątek,P145,Q294307,Krzysztof Piątek
subject,predicate,object,Moor Bridge tram stop
Moor Bridge tram stop,P31,tram stop,Moor Bridge tram stop
Moor Bridge tram stop,P361,Greater Manchester,Moor Bridge tram stop
Moor Bridge tram stop,P144,Manchester Supertram,Moor Bridge tram stop
Moor Bridge tram stop,P131,Tameside,Moor Bridge tram stop
Moor Bridge tram stop,P642,Moor Bridge,Moor Bridge tram stop
Moor Bridge tram stop,P18,Q27150865,Moor Bridge tram stop
Moor Bridge tram stop,P137,Manchester Supertram,Moor Bridge tram stop
Moor Bridge tram stop,P558,2008,Moor Bridge tram stop
subject,predicate,object,Romain Glèlè Kakaï
Romain Glèlè Kakaï,P31,Human,Romain Glèlè Kakaï
Romain Glèlè Kakaï,P106,Politician,Romain Glèlè Kakaï
Romain Glèlè Kakaï,P4,Central African Republic,Romain Glèlè Kakaï
Romain Glèlè Kakaï,P27,Central African Republic,Romain Glèlè Kakaï
Romain Glèlè Kakaï,P569,1966,Romain Glèlè Kakaï
Romain Glèlè Kakaï,P69,University,Romain Glèlè Kakaï
Romain Glèlè Kakaï,P1416,French,Romain Glèlè Kakaï
Edafe Okporo,instance of,human,Edafe Okporo
Edafe Okporo,occupation,footballer,Edafe Okporo
Edafe Okporo,position,midfielder,Edafe Okporo
Edafe Okporo,country of citizenship,Nigeria,Edafe Okporo
Edafe Okporo,date of birth,1980- June-9,Edafe Okporo
Edafe Okporo,plays for,Viborg FF,Edafe Okporo
Edafe Okporo,plays for,Esbjerg fS,Edafe Okporo
Edafe Okporo,has sponsor,Puma,Edafe Okporo
Edafe Okporo,transfer,Randers FC,Edafe Okporo
Edafe Okporo,transfer,Esbjerg fS,Edafe Okporo
Edafe Okporo,transfer,Viborg FF,Edafe Okporo
Canton of Le Diois,instance of,canton of France,Canton of Le Diois
Canton of Le Diois,located in,Drôme,Canton of Le Diois
Canton of Le Diois,capital,Luc-en-Diois,Canton of Le Diois
Canton of Le Diois,number of communes,32,Canton of Le Diois
Canton of Le Diois,replaced by,Canton of Diois,Canton of Le Diois
Canton of Le Diois,has part,Luc-en-Diois,Canton of Le Diois
Canton of Le Diois,has part,Barnas,Canton of Le Diois
Canton of Le Diois,has part,Brette,Canton of Le Diois
Canton of Le Diois,has part,Chastonnay,Canton of Le Diois
Canton of Le Diois,has part,La Motte-Chalancon,Canton of Le Diois
Canton of Le Diois,category,former administrative division,Canton of Le Diois
Canton of Le Diois,located in,Auvergne-Rhône-Alpes,Canton of Le Diois
Canton of Le Diois,timezone,Central European Time,Canton of Le Diois
subject,predicate,object,Ali Abbasi (director)
subject,predicate,object,Salix pyrenaica
Salix pyrenaica,instance of,plant,Salix pyrenaica
Salix pyrenaica,subclass of,Salix,Salix pyrenaica
Salix pyrenaica,has classification,species,Salix pyrenaica
Salix pyrenaica,has scientific name,Salix pyrenaica,Salix pyrenaica
Salix pyrenaica,found in,Pyrenees,Salix pyrenaica
Salix pyrenaica,native to,Europe,Salix pyrenaica
Salix pyrenaica,has growth habit,shrub,Salix pyrenaica
Salix pyrenaica,has leaf morphology,simple leaves,Salix pyrenaica
Salix pyrenaica,has flower morphology,catkins,Salix pyrenaica
Salix pyrenaica,has family,Salicaceae,Salix pyrenaica
Salix pyrenaica,has genus,Salix,Salix pyrenaica
Salix pyrenaica,has species status,accepted species,Salix pyrenaica
Salix pyrenaica,has EOL ID,483463,Salix pyrenaica
Salix pyrenaica,has GBIF ID,3040102,Salix pyrenaica
Salix pyrenaica,has IPNI ID,777926-1,Salix pyrenaica
s,p,o,Salix pyrenaica
Ramal de Braga,P31,1995,Ramal de Braga
Ramal de Braga,P17,Ramal de Braga railway line,Ramal de Braga
Ramal de Braga,P18,Braga railway station,Ramal de Braga
Ramal de Braga,P1,Portugal,Ramal de Braga
Ramal de Braga,P279,Portuguese railway lines,Ramal de Braga
Ramal de Braga,P571,1995-07-08,Ramal de Braga
Ramal de Braga,P973,Comboios de Portugal,Ramal de Braga
Ramal de Braga,P637,16 km,Ramal de Braga
Ramal de Braga,P801,Braga,Ramal de Braga
Ramal de Braga,P862,Minho Province,Ramal de Braga
Ramal de Braga,location,Braga,Ramal de Braga
Ramal de Braga,country,Portugal,Ramal de Braga
Ramal de Braga,openingDate,1995,Ramal de Braga
Ramal de Braga,operator,Comboios de Portugal,Ramal de Braga
Ramal de Braga,length,16,Ramal de Braga
Ramal de Braga,type,railway line,Ramal de Braga
Ramal de Braga,hasStation,Braga railway station,Ramal de Braga
subject,predicate,object,Allegory of Happiness
Allegory of Happiness,P31,painting,Allegory of Happiness
Allegory of Happiness,P18,Netherlands,Allegory of Happiness
Allegory of Happiness,P19,17th century,Allegory of Happiness
Allegory of Happiness,P25,Peter Paul Rubens,Allegory of Happiness
Allegory of Happiness,P30,Happiness,Allegory of Happiness
Allegory of Happiness,P50,Allegory,Allegory of Happiness
Allegory of Happiness,P106,Kunsthistorisches Museum,Allegory of Happiness
Allegory of Happiness,P124,Flemish painting,Allegory of Happiness
Allegory of Happiness,P14,Baroque,Allegory of Happiness
Allegory of Happiness,P571,1620,Allegory of Happiness
subject,predicate,object,Cap Blanc rock shelter
Cap Blanc rock shelter,P31,France,Cap Blanc rock shelter
Cap Blanc rock shelter,P18,43.7,Cap Blanc rock shelter
Cap Blanc rock shelter,P18,1.2,Cap Blanc rock shelter
Cap Blanc rock shelter,P279,Dordogne,Cap Blanc rock shelter
Cap Blanc rock shelter,P17,Nouvelle-Aquitaine,Cap Blanc rock shelter
Cap Blanc rock shelter,P6379,44.848333333333336,Cap Blanc rock shelter
Cap Blanc rock shelter,P6378,1.033611111111111,Cap Blanc rock shelter
Cap Blanc rock shelter,P22,Q142,Cap Blanc rock shelter
Cap Blanc rock shelter,P625,44.848333333333336|1.033611111111111,Cap Blanc rock shelter
Cap Blanc rock shelter,P463,Q515352,Cap Blanc rock shelter
Cap Blanc rock shelter,P361,Q123456,Cap Blanc rock shelter
Cap Blanc rock shelter,P31,Rock shelter,Cap Blanc rock shelter
Cap Blanc rock shelter,P18,Elevation above sea level,Cap Blanc rock shelter
Cap Blanc rock shelter,P571,has begin time,Cap Blanc rock shelter
Cap Blanc rock shelter,P18,87,Cap Blanc rock shelter
Czech Republic Davis Cup team,instance of,national sports team,Czech Republic Davis Cup team
Czech Republic Davis Cup team,country,Czech Republic,Czech Republic Davis Cup team
Czech Republic Davis Cup team,sport,Davis Cup,Czech Republic Davis Cup team
Czech Republic Davis Cup team,has part,Ivo Minář,Czech Republic Davis Cup team
Czech Republic Davis Cup team,has part,Tomáš Berdych,Czech Republic Davis Cup team
Czech Republic Davis Cup team,has part,Radek Štěpánek,Czech Republic Davis Cup team
Czech Republic Davis Cup team,has part,Petr Korda,Czech Republic Davis Cup team
Czech Republic Davis Cup team,captain,Jan Kodeš,Czech Republic Davis Cup team
Czech Republic Davis Cup team,captain,Žaneta Ivanová,Czech Republic Davis Cup team
Czech Republic Davis Cup team,team,Davis Cup team,Czech Republic Davis Cup team
Czech Republic Davis Cup team,competed in,Davis Cup,Czech Republic Davis Cup team
Czech Republic Davis Cup team,has ranking,2,Czech Republic Davis Cup team
Czech Republic Davis Cup team,withdrew from,2011 Davis Cup,Czech Republic Davis Cup team
Czech Republic Davis Cup team,replaced by,Czech Republic Billie Jean King Cup team,Czech Republic Davis Cup team
Czech Republic Davis Cup team,winner of,1973 Davis Cup,Czech Republic Davis Cup team
Czech Republic Davis Cup team,winner of,1975 Davis Cup,Czech Republic Davis Cup team
Czech Republic Davis Cup team,winner of,1980 Davis Cup,Czech Republic Davis Cup team
Czech Republic Davis Cup team,winner of,1984-85 Davis Cup,Czech Republic Davis Cup team
Czech Republic Davis Cup team,winner of,1987 Davis Cup,Czech Republic Davis Cup team
Czech Republic Davis Cup team,winner of,1996 Davis Cup,Czech Republic Davis Cup team
Czech Republic Davis Cup team,has member,Lukáš Rosol,Czech Republic Davis Cup team
Czech Republic Davis Cup team,has member,Jiří Veselý,Czech Republic Davis Cup team
Czech Republic Davis Cup team,has member,Tomáš Martinets,Czech Republic Davis Cup team
Czech Republic Davis Cup team,plays in,Prague,Czech Republic Davis Cup team
Czech Republic Davis Cup team,plays in,Ostrava,Czech Republic Davis Cup team
Czech Republic Davis Cup team,uses,Štěpánek,Czech Republic Davis Cup team
Czech Republic Davis Cup team,uses,Berdych,Czech Republic Davis Cup team
Czech Republic Davis Cup team,has sponsor,Peugeot,Czech Republic Davis Cup team
Czech Republic Davis Cup team,has sponsor,Česká pošta,Czech Republic Davis Cup team
Czech Republic Davis Cup team,has sponsor,Raiffeisen Bank,Czech Republic Davis Cup team
Kapelludden Lighthouse,instance of,lighthouse,Kapelludden Lighthouse
Kapelludden Lighthouse,located in,Sweden,Kapelludden Lighthouse
Kapelludden Lighthouse,location,Öland,Kapelludden Lighthouse
Kapelludden Lighthouse,elevation,32 meters,Kapelludden Lighthouse
Kapelludden Lighthouse,constructed by,Nils Ludvig Arden,Kapelludden Lighthouse
Kapelludden Lighthouse,commissioned in,1846,Kapelludden Lighthouse
Kapelludden Lighthouse,decommissioned in,1967,Kapelludden Lighthouse
Kapelludden Lighthouse,replaced by,automated lighthouse,Kapelludden Lighthouse
Kapelludden Lighthouse,has characteristic,flash,Kapelludden Lighthouse
Kapelludden Lighthouse,has range,15 nautical miles,Kapelludden Lighthouse
Kapelludden Lighthouse,located on,Baltic Sea,Kapelludden Lighthouse
Kapelludden Lighthouse,part of,List of lighthouses in Sweden,Kapelludden Lighthouse
Kapelludden Lighthouse,coordinates,56.4333° N 16.3667° E,Kapelludden Lighthouse
Athletics at the 2024 Summer Paralympics – Women's marathon T12,P31,Marathon,Athletics at the 2024 Summer Paralympics – Women's marathon T12
Athletics at the 2024 Summer Paralympics – Women's marathon T12,P17,Women's marathon T12,Athletics at the 2024 Summer Paralympics – Women's marathon T12
Athletics at the 2024 Summer Paralympics – Women's marathon T12,P19,2024 Summer Paralympics,Athletics at the 2024 Summer Paralympics – Women's marathon T12
Athletics at the 2024 Summer Paralympics – Women's marathon T12,P14,Athletics at the 2024 Summer Paralympics,Athletics at the 2024 Summer Paralympics – Women's marathon T12
Athletics at the 2024 Summer Paralympics – Women's marathon T12,P279,Track and field at the Summer Paralympics,Athletics at the 2024 Summer Paralympics – Women's marathon T12
Athletics at the 2024 Summer Paralympics – Women's marathon T12,P582,Wheelchair sport,Athletics at the 2024 Summer Paralympics – Women's marathon T12
Athletics at the 2024 Summer Paralympics – Women's marathon T12,P27,Marathon at the Paralympics,Athletics at the 2024 Summer Paralympics – Women's marathon T12
Athletics at the 2024 Summer Paralympics – Women's marathon T12,P18,Women's event,Athletics at the 2024 Summer Paralympics – Women's marathon T12
Athletics at the 2024 Summer Paralympics – Women's marathon T12,P131,T12 classification,Athletics at the 2024 Summer Paralympics – Women's marathon T12
Athletics at the 2024 Summer Paralympics – Women's marathon T12,P112,Athletics at the 2020 Summer Paralympics – Women's marathon T12,Athletics at the 2024 Summer Paralympics – Women's marathon T12
Uigshader,instance of,village,Uigshader
Uigshader,located in,Ukraine,Uigshader
Uigshader,located in,Zakarpattia Oblast,Uigshader
Uigshader,located in,Berehove Raion,Uigshader
Uigshader,has population,1000,Uigshader
Uigshader,has coordinate,48.1333° N,Uigshader
Uigshader,has coordinate,22.7833° E,Uigshader
Uigshader,has postal code,90134,Uigshader
Uigshader,has time zone,UTC+02:00,Uigshader
Uigshader,language,Ukrainian,Uigshader
subject,predicate,object,Fahhad Al-Subaie
Fahhad Al-Subaie,/m/owtba,Q123456,Fahhad Al-Subaie
Fahhad Al-Subaie,rdf:type,Q5,Fahhad Al-Subaie
Fahhad Al-Subaie,birthDate,1993,Fahhad Al-Subaie
Fahhad Al-Subaie,nationality,Q1441,Fahhad Al-Subaie
Fahhad Al-Subaie,occupation,Q639669,Fahhad Al-Subaie
Fahhad Al-Subaie,sport,Q28036,Fahhad Al-Subaie
Fahhad Al-Subaie,givenName,Fahhad,Fahhad Al-Subaie
Fahhad Al-Subaie,familyName,Al-Subaie,Fahhad Al-Subaie
Fahhad Al-Subaie,plays,Q28036,Fahhad Al-Subaie
Fahhad Al-Subaie,position,Q2565015,Fahhad Al-Subaie
subject,predicate,object,Easy (2017 film)
subject,predicate,object,Moisis Michail Bourlas
Moisis Michail Bourlas,P31,Soldier,Moisis Michail Bourlas
Moisis Michail Bourlas,P19,Greece,Moisis Michail Bourlas
Moisis Michail Bourlas,P27,Greece,Moisis Michail Bourlas
Moisis Michail Bourlas,P569,1790,Moisis Michail Bourlas
Moisis Michail Bourlas,P570,1854,Moisis Michail Bourlas
Moisis Michail Bourlas,P18,File:Moisis Michail Bourlas.jpg,Moisis Michail Bourlas
Moisis Michail Bourlas,P734,Bourlas,Moisis Michail Bourlas
Moisis Michail Bourlas,P35,Greek War of Independence,Moisis Michail Bourlas
Moisis Michail Bourlas,P463,Filiki Eteria,Moisis Michail Bourlas
Moisis Michail Bourlas,P1416,Hellenic Army,Moisis Michail Bourlas
Moisis Michail Bourlas,P39,Member of the Hellenic Parliament,Moisis Michail Bourlas
Moisis Michail Bourlas,P106,Military personnel,Moisis Michail Bourlas
Moisis Michail Bourlas,P30,Ottoman Empire,Moisis Michail Bourlas
Moisis Michail Bourlas,P39,politician,Moisis Michail Bourlas
Moisis Michail Bourlas,P45,Greece,Moisis Michail Bourlas
Moisis Michail Bourlas,P487,Wikipedia article,Moisis Michail Bourlas
Xibenolol,instance of,Beta blocker,Xibenolol
Xibenolol,subclass of,Beta blocker,Xibenolol
Xibenolol,has structural formula,C18H23NO3,Xibenolol
Xibenolol,has chemical formula,C18H23NO3,Xibenolol
Xibenolol,used for,hypertension,Xibenolol
Xibenolol,used for,angina pectoris,Xibenolol
Xibenolol,has half-life,10-12 hours,Xibenolol
Xibenolol,has bioavailability,40-50%,Xibenolol
Xibenolol,has ATC code,C07AB,Xibenolol
Xibenolol,has CAS number,30057-89-7,Xibenolol
Xibenolol,is a,Drug,Xibenolol
Xibenolol,is,Prescription drug,Xibenolol
Xibenolol,has KEGG compound,D04731,Xibenolol
Xibenolol,has ChemSpider,4444842,Xibenolol
subject,predicate,object,"Forest House, Chester"
subject,predicate,object,Platanos railway station
Platanos railway station,instance of,railway station,Platanos railway station
Platanos railway station,located in,Greece,Platanos railway station
Platanos railway station,located in,Ioannina regional unit,Platanos railway station
Platanos railway station,part of,Thessaly Railways,Platanos railway station
Platanos railway station,coordinate,39.73°N 20.85°E,Platanos railway station
subject,predicate,object,2024 United States Senate election in Florida
2024 United States Senate election in Florida,P31,2024,2024 United States Senate election in Florida
2024 United States Senate election in Florida,P19,Florida,2024 United States Senate election in Florida
2024 United States Senate election in Florida,P168,United States Senate,2024 United States Senate election in Florida
2024 United States Senate election in Florida,P279,United States,2024 United States Senate election in Florida
2024 United States Senate election in Florida,P580,2024 United States Senate elections,2024 United States Senate election in Florida
2024 United States Senate election in Florida,P813,2024,2024 United States Senate election in Florida
2024 United States Senate election in Florida,P1416,Florida Senate,2024 United States Senate election in Florida
2024 United States Senate election in Florida,P517,1,2024 United States Senate election in Florida
2024 United States Senate election in Florida,P518,2024-11-05,2024 United States Senate election in Florida
2024 United States Senate election in Florida,P519,2024-11-05,2024 United States Senate election in Florida
subject,predicate,object,"Ann, Lady Fanshawe"
Edward Raquello,P31,Human,Edward Raquello
Edward Raquello,P21,Male,Edward Raquello
Edward Raquello,P106,Actor,Edward Raquello
Edward Raquello,P569,1900-05-05,Edward Raquello
Edward Raquello,P19,Poland,Edward Raquello
Edward Raquello,P27,Polish,Edward Raquello
Edward Raquello,P1416,Edward Raquello,Edward Raquello
Edward Raquello,P18,raquello.jpg,Edward Raquello
Edward Raquello,P734,Raquello,Edward Raquello
Edward Raquello,P40,Q123456,Edward Raquello
Edward Raquello,P973,IMDb,Edward Raquello
Edward Raquello,P758,Film Poland,Edward Raquello
Edward Raquello,P495,PL,Edward Raquello
Edward Raquello,P553,Wikipedia,Edward Raquello
Edward Raquello,P973,Wikipedia,Edward Raquello
Edward Raquello,P31,Actor,Edward Raquello
Edward Raquello,P106,Screenwriter,Edward Raquello
Edward Raquello,P570,1985-01-13,Edward Raquello
subject,predicate,object,Præstø Town Hall
Præstø Town Hall,P31,Q515,Præstø Town Hall
Præstø Town Hall,P17,Q548,Præstø Town Hall
Præstø Town Hall,P6379,Q153,Præstø Town Hall
Præstø Town Hall,P1889,Q120,Præstø Town Hall
Præstø Town Hall,P1619,Q176,Præstø Town Hall
Præstø Town Hall,P553,Q123456,Præstø Town Hall
Præstø Town Hall,P570,Q1822,Præstø Town Hall
Præstø Town Hall,P625,Q123,Præstø Town Hall
Præstø Town Hall,P18,Q342,Præstø Town Hall
Præstø Town Hall,P6378,Q180,Præstø Town Hall
British Rail Class 505,instance of,Train class,British Rail Class 505
British Rail Class 505,subclass of,British Rail electric multiple unit,British Rail Class 505
British Rail Class 505,has part,Electric multiple unit,British Rail Class 505
British Rail Class 505,manufacturer,British Rail Engineering Limited,British Rail Class 505
British Rail Class 505,manufacturer,British Rail,British Rail Class 505
British Rail Class 505,operator,British Rail,British Rail Class 505
British Rail Class 505,has power source,Electric power,British Rail Class 505
British Rail Class 505,power source,Overhead line,British Rail Class 505
British Rail Class 505,power source,Third rail,British Rail Class 505
British Rail Class 505,number of pieces preserved,1,British Rail Class 505
British Rail Class 505,depot,British Rail,British Rail Class 505
British Rail Class 505,location,United Kingdom,British Rail Class 505
British Rail Class 505,location,London,British Rail Class 505
British Rail Class 505,replaced by,British Rail Class 315,British Rail Class 505
British Rail Class 505,replaced by,British Rail Class 317,British Rail Class 505
British Rail Class 505,withdrawal,1985,British Rail Class 505
British Rail Class 505,production,1936,British Rail Class 505
operator,"""London","Tilbury and Southend Railway""",British Rail Class 505
service,"""London","Tilbury and Southend Railway""",British Rail Class 505
service,"""London","Liverpool Street""",British Rail Class 505
service,"""London","Shenfield""",British Rail Class 505
subject,predicate,object,British Rail Class 505
2011 European Wrestling Championships,P31,2011,2011 European Wrestling Championships
2011 European Wrestling Championships,P17,Istanbul,2011 European Wrestling Championships
2011 European Wrestling Championships,P27,Turkey,2011 European Wrestling Championships
2011 European Wrestling Championships,P10,Wrestling,2011 European Wrestling Championships
2011 European Wrestling Championships,P279,European Wrestling Championships,2011 European Wrestling Championships
2011 European Wrestling Championships,P580,2011 European Wrestling Championships,2011 European Wrestling Championships
2011 European Wrestling Championships,P1476,55 kg,2011 European Wrestling Championships
2011 European Wrestling Championships,P1477,60 kg,2011 European Wrestling Championships
2011 European Wrestling Championships,P1478,66 kg,2011 European Wrestling Championships
2011 European Wrestling Championships,P1479,74 kg,2011 European Wrestling Championships
2011 European Wrestling Championships,P1480,84 kg,2011 European Wrestling Championships
2011 European Wrestling Championships,P1481,96 kg,2011 European Wrestling Championships
2011 European Wrestling Championships,P1482,120 kg,2011 European Wrestling Championships
2011 European Wrestling Championships,P1524,Freestyle,2011 European Wrestling Championships
2011 European Wrestling Championships,P1525,Greco-Roman,2011 European Wrestling Championships
2011 European Wrestling Championships,P1526,Women's freestyle,2011 European Wrestling Championships
2011 European Wrestling Championships,location,Istanbul,2011 European Wrestling Championships
2011 European Wrestling Championships,country,Turkey,2011 European Wrestling Championships
2011 European Wrestling Championships,sport,Wrestling,2011 European Wrestling Championships
2011 European Wrestling Championships,has part,55 kg,2011 European Wrestling Championships
2011 European Wrestling Championships,has part,60 kg,2011 European Wrestling Championships
2011 European Wrestling Championships,has part,66 kg,2011 European Wrestling Championships
2011 European Wrestling Championships,has part,74 kg,2011 European Wrestling Championships
2011 European Wrestling Championships,has part,84 kg,2011 European Wrestling Championships
2011 European Wrestling Championships,has part,96 kg,2011 European Wrestling Championships
2011 European Wrestling Championships,has part,120 kg,2011 European Wrestling Championships
2011 European Wrestling Championships,has part,Freestyle,2011 European Wrestling Championships
2011 European Wrestling Championships,has part,Greco-Roman,2011 European Wrestling Championships
2011 European Wrestling Championships,has part,Women's freestyle,2011 European Wrestling Championships
item,P31,"value[""value""]",2011 European Wrestling Championships
subject,predicate,object,German submarine U-106 (1940)
subject,predicate,object,Creed II
Creed II,P31,Film,Creed II
Creed II,P18,https://commons.wikimedia.org/wiki/File:Creed_II_poster.jpg,Creed II
Creed II,P1476,Creed II,Creed II
Creed II,P973,https://www.imdb.com/title/tt5217744/,Creed II
Creed II,P407,United States of America,Creed II
Creed II,P31,Sports film,Creed II
Creed II,P279,Sequel,Creed II
Creed II,P973,https://www.metacritic.com/movie/creed-2,Creed II
Creed II,P625,2018-11-21,Creed II
Creed II,P585,2018,Creed II
Creed II,P director,Ryan Coogler,Creed II
Creed II,P director,Michael B. Jordan,Creed II
Creed II,P cast,Michael B. Jordan,Creed II
Creed II,P cast,Adonis Creed,Creed II
Creed II,P cast,Tessa Thompson,Creed II
Creed II,P cast,Phylicia Rashad,Creed II
Creed II,P cast,Florian Munteanu,Creed II
Creed II,P composer,Ludwig Göransson,Creed II
Creed II,P productionCompany,Metro-Goldwyn-Mayer,Creed II
Creed II,P productionCompany,New Line Cinema,Creed II
Creed II,P distributor,Warner Bros. Pictures,Creed II
Creed II,P boxOffice,174.3,Creed II
Creed II,P runtime,130,Creed II
Creed II,P basedOn,Rocky,Creed II
Creed II,P basedOn,Creed,Creed II
Creed II,P series,Creed,Creed II
Creed II,P previousWork,Creed,Creed II
Creed II,P nextWork,Creed III,Creed II
Creed II,P country,United States of America,Creed II
Creed II,P language,English,Creed II
Creed II,P genre,Drama film,Creed II
Creed II,P genre,Sports film,Creed II
Creed II,P starring,Michael B. Jordan,Creed II
Creed II,P starring,Tessa Thompson,Creed II
Creed II,P starring,Phylicia Rashad,Creed II
Creed II,P starring,Florian Munteanu,Creed II
Creed II,P cinematography,Roger Deakins,Creed II
Creed II,P editing,Anna Pinnock,Creed II
Creed II,P productionCompany,United Artists,Creed II
Creed II,P distributor,Universal Pictures,Creed II
Creed II,P releaseDate,2018-11-14,Creed II
Creed II,P gross,214.1,Creed II
Creed II,P website,https://www.creed2.com,Creed II
Hovea montana,instance of,plant,Hovea montana
Hovea montana,part of,Hovea,Hovea montana
Hovea montana,family,Fabaceae,Hovea montana
Hovea montana,genus,Hovea,Hovea montana
Hovea montana,species,Hovea montana,Hovea montana
Hovea montana,native to,Australia,Hovea montana
Hovea montana,habitat,tropical region,Hovea montana
Hovea montana,uses,timber,Hovea montana
Hovea montana,uses,wood,Hovea montana
Hovea montana,has quality,deciduous,Hovea montana
Hovea montana,has characteristic,tree,Hovea montana
Hovea montana,has classification,eucalypt,Hovea montana
Hovea montana,taxon,Hovea montana,Hovea montana
Hovea montana,said to be,tree,Hovea montana
Hovea montana,made of,wood,Hovea montana
As I don't have more information available,the list is quite short. For popular subjects,the list can be much longer.,Walter Ross (boxer)
subject,predicate,object,Malkhaz Abdushelishvili
Malkhaz Abdushelishvili,P31,Q5,Malkhaz Abdushelishvili
Malkhaz Abdushelishvili,P106,Q639669,Malkhaz Abdushelishvili
Malkhaz Abdushelishvili,P21,Q159669,Malkhaz Abdushelishvili
Malkhaz Abdushelishvili,P569,1985-06-12,Malkhaz Abdushelishvili
Malkhaz Abdushelishvili,P19,Q1644,Malkhaz Abdushelishvili
Malkhaz Abdushelishvili,P27,Q159,Malkhaz Abdushelishvili
Malkhaz Abdushelishvili,P304,Malkhaz Abdushelishvili,Malkhaz Abdushelishvili
Malkhaz Abdushelishvili,P461,Malkhaz Abdushelishvili,Malkhaz Abdushelishvili
subject,predicate,object,Derozio Memorial College
Derozio Memorial College,P31,Educational institution,Derozio Memorial College
Derozio Memorial College,P571,1965,Derozio Memorial College
Derozio Memorial College,P18,Kolkata,Derozio Memorial College
Derozio Memorial College,P17,University of Calcutta,Derozio Memorial College
Derozio Memorial College,P279,India,Derozio Memorial College
Derozio Memorial College,P136,coeducational,Derozio Memorial College
Derozio Memorial College,P487,Derozio Memorial College website,Derozio Memorial College
Derozio Memorial College,P576,Derozio,Derozio Memorial College
Derozio Memorial College,P463,Category:Derozio Memorial College,Derozio Memorial College
Derozio Memorial College,P858,Template:Derozio Memorial College,Derozio Memorial College
Derozio Memorial College,P1,Derozio Memorial College,Derozio Memorial College
Derozio Memorial College,P217,Undergraduate,Derozio Memorial College
Derozio Memorial College,P309,Arts,Derozio Memorial College
Derozio Memorial College,P310,Science,Derozio Memorial College
Derozio Memorial College,P311,Commerce,Derozio Memorial College
subject,predicate,object,1997 Singapore Open
1997 Singapore Open,P31,Tennis tournament,1997 Singapore Open
1997 Singapore Open,P17,Singapore,1997 Singapore Open
1997 Singapore Open,P580,1997,1997 Singapore Open
1997 Singapore Open,P19,1997 Singapore Open,1997 Singapore Open
1997 Singapore Open,P46,Women's tennis,1997 Singapore Open
1997 Singapore Open,P46,Men's tennis,1997 Singapore Open
1997 Singapore Open,P973,WTA Tour,1997 Singapore Open
1997 Singapore Open,P178,ATP Tour,1997 Singapore Open
1997 Singapore Open,P345,Singapore Open,1997 Singapore Open
1997 Singapore Open,P17,Asia,1997 Singapore Open
1997 Singapore Open,P19,Hardcourt,1997 Singapore Open
1997 Singapore Open,P3456,1997 in tennis,1997 Singapore Open
Callicrates of Samos,instance of,architect,Callicrates of Samos
Callicrates of Samos,birth date,unknown,Callicrates of Samos
Callicrates of Samos,death date,unknown,Callicrates of Samos
Callicrates of Samos,nationality,ancient Greek,Callicrates of Samos
Callicrates of Samos,place of birth,Samos,Callicrates of Samos
Callicrates of Samos,place of death,unknown,Callicrates of Samos
Callicrates of Samos,active in,Athens,Callicrates of Samos
Callicrates of Samos,occupation,architect,Callicrates of Samos
Callicrates of Samos,collaborator,Phidias,Callicrates of Samos
Callicrates of Samos,notable work,Parthenon,Callicrates of Samos
Callicrates of Samos,notable work,Temple of Athena Nike,Callicrates of Samos
Callicrates of Samos,uses,Ionic order,Callicrates of Samos
Callicrates of Samos,uses,Doric order,Callicrates of Samos
Callicrates of Samos,has patron,Pericles,Callicrates of Samos
Callicrates of Samos,flourished,5th century BCE,Callicrates of Samos
subject,predicate,object,Trinity Jo-Li Bliss
Trinity Jo-Li Bliss,P31,Human,Trinity Jo-Li Bliss
Trinity Jo-Li Bliss,P106,Musician,Trinity Jo-Li Bliss
Trinity Jo-Li Bliss,P27,United Kingdom,Trinity Jo-Li Bliss
Trinity Jo-Li Bliss,P569,1981-01-25,Trinity Jo-Li Bliss
Trinity Jo-Li Bliss,P18,Q123456,Trinity Jo-Li Bliss
Trinity Jo-Li Bliss,P463,Girls Aloud,Trinity Jo-Li Bliss
Trinity Jo-Li Bliss,P31,Q5,Trinity Jo-Li Bliss
Trinity Jo-Li Bliss,P1416,Trinity Jo-Li Bliss,Trinity Jo-Li Bliss
Trinity Jo-Li Bliss,P1346,Singer,Trinity Jo-Li Bliss
Trinity Jo-Li Bliss,P200,Songwriter,Trinity Jo-Li Bliss
Trinity Jo-Li Bliss,P553,Girls Aloud,Trinity Jo-Li Bliss
Trinity Jo-Li Bliss,P654,Polyphonic vocalist,Trinity Jo-Li Bliss
Trinity Jo-Li Bliss,P443,Trinity,Trinity Jo-Li Bliss
Trinity Jo-Li Bliss,P1477,trinityjo-li-bliss.com,Trinity Jo-Li Bliss
Trinity Jo-Li Bliss,P625,England,Trinity Jo-Li Bliss
Trinity Jo-Li Bliss,P840,United Kingdom,Trinity Jo-Li Bliss
Trinity Jo-Li Bliss,P973,Discogs,Trinity Jo-Li Bliss
subject,predicate,object,United Nations Security Council Resolution 1428
United Nations Security Council Resolution 1428,P31,United Nations Security Council resolution,United Nations Security Council Resolution 1428
United Nations Security Council Resolution 1428,P дату,2002-07-31,United Nations Security Council Resolution 1428
United Nations Security Council Resolution 1428,P одобрен,2002-07-31,United Nations Security Council Resolution 1428
United Nations Security Council Resolution 1428,P проголосовал,14,United Nations Security Council Resolution 1428
United Nations Security Council Resolution 1428,P воздержался,0,United Nations Security Council Resolution 1428
United Nations Security Council Resolution 1428,P против,0,United Nations Security Council Resolution 1428
United Nations Security Council Resolution 1428,P резолюции,1,United Nations Security Council Resolution 1428
United Nations Security Council Resolution 1428,P предмет,Situation in the Middle East,United Nations Security Council Resolution 1428
United Nations Security Council Resolution 1428,P орган,United Nations Security Council,United Nations Security Council Resolution 1428
United Nations Security Council Resolution 1428,P номер,1428,United Nations Security Council Resolution 1428
United Nations Security Council Resolution 1428,P100,Resolutions of the United Nations Security Council of 2002,United Nations Security Council Resolution 1428
United Nations Security Council Resolution 1428,P17,http://data.un.org/Data.aspx?d=SDCX&f=docsCode%2FDDRS%3A1428,United Nations Security Council Resolution 1428
United Nations Security Council Resolution 1428,P instance of,United Nations Security Council resolution,United Nations Security Council Resolution 1428
United Nations Security Council Resolution 1428,P publication date,2002-07-31,United Nations Security Council Resolution 1428
United Nations Security Council Resolution 1428,P language,English,United Nations Security Council Resolution 1428
Butralin,wdt:P31,Q123456,Butralin
Butralin,wdt:P21,Q215090,Butralin
Butralin,wdt:P106,Q134062,Butralin
Butralin,wdt:P279,Q12345,Butralin
Butralin,wdt:P706,Q463654,Butralin
Butralin,wdt:P788,Q769471,Butralin
Butralin,wdt:P125,Q302349,Butralin
Butralin,wdt:P117,Q285673,Butralin
Butralin,wdt:P155,Butralin,Butralin
Butralin,wdt:P460,Butralin,Butralin
Butralin,wdt:P1213,Butralin,Butralin
1892 United States presidential election in New York,instance of,1892 United States presidential election,1892 United States presidential election in New York
1892 United States presidential election in New York,location,New York,1892 United States presidential election in New York
1892 United States presidential election in New York,number of candidates,5,1892 United States presidential election in New York
1892 United States presidential election in New York,participant,Grover Cleveland,1892 United States presidential election in New York
1892 United States presidential election in New York,participant,Benjamin Harrison,1892 United States presidential election in New York
1892 United States presidential election in New York,participant,James B. Weaver,1892 United States presidential election in New York
1892 United States presidential election in New York,participant,John Bidwell,1892 United States presidential election in New York
1892 United States presidential election in New York,participant,Henry Harrison,1892 United States presidential election in New York
1892 United States presidential election in New York,election result,1892 United States presidential election results in New York,1892 United States presidential election in New York
1892 United States presidential election in New York,has part,1892 United States presidential election in New York by county,1892 United States presidential election in New York
1892 United States presidential election in New York,country,United States,1892 United States presidential election in New York
1892 United States presidential election in New York,series,United States presidential election,1892 United States presidential election in New York
1892 United States presidential election in New York,located in,New York,1892 United States presidential election in New York
NGC 7812,P31,Q515,NGC 7812
NGC 7812,P279,Q159,NGC 7812
NGC 7812,P205,Q12020,NGC 7812
NGC 7812,P581,Q132,NGC 7812
NGC 7812,P182,Q565,NGC 7812
NGC 7812,P463,Q498,NGC 7812
NGC 7812,P118,Q7889,NGC 7812
NGC 7812,P516,Q12154,NGC 7812
NGC 7812,P1,Q7812,NGC 7812
NGC 7812,P2,Q489,NGC 7812
NGC 7812,P188,Q217761,NGC 7812
NGC 7812,P569,Q107741,NGC 7812
NGC 7812,P570,Q107742,NGC 7812
Pungalina,P31,Q134425,Pungalina (spider)
Pungalina,P143,Q134425,Pungalina (spider)
Pungalina,P225,Pungalina,Pungalina (spider)
Pungalina,P488,Ptyctolaemus,Pungalina (spider)
Pungalina,P301,Araneomorphae,Pungalina (spider)
Pungalina,P840,Araneidae,Pungalina (spider)
Pungalina,P177,Australia,Pungalina (spider)
Pungalina,P131,Northern Territory,Pungalina (spider)
Pungalina,P69,Ptyctolaemus australicus,Pungalina (spider)
Pungalina,P179,Arachnid,Pungalina (spider)
Pungalina,P164,6,Pungalina (spider)
Pungalina,P184,Araneidae,Pungalina (spider)
Pungalina,P164,8,Pungalina (spider)
Pungalina,P617,Ptyctolaemus australicus,Pungalina (spider)
Pungalina,P361,Araneomorphae,Pungalina (spider)
Pungalina,P703,Araneidae,Pungalina (spider)
Pungalina,P856,Catalogue of Life,Pungalina (spider)
Pungalina,P973,World Spider Catalog,Pungalina (spider)
subject,predicate,object,Kagerup railway station
Kagerup railway station,instance of,railway station,Kagerup railway station
Kagerup railway station,located in,Denmark,Kagerup railway station
Kagerup railway station,located on,Kagerup Station railway line,Kagerup railway station
Kagerup railway station,has elevation,52.4 metres,Kagerup railway station
Kagerup railway station,opened on,1902-05-01,Kagerup railway station
Kagerup railway station,served by,S-train,Kagerup railway station
Kagerup railway station,located near,Hillested,Kagerup railway station
Kagerup railway station,located near,Langesø,Kagerup railway station
Kagerup railway station,has platform,1,Kagerup railway station
Kagerup railway station,has track,2,Kagerup railway station
Kagerup railway station,operator,Banedanmark,Kagerup railway station
Kagerup railway station,category,category 5,Kagerup railway station
Kagerup railway station,heritage railway,no,Kagerup railway station
Forrest N. Iandola,instance of,Person,Forrest N. Iandola
Forrest N. Iandola,occupation,Computer scientist,Forrest N. Iandola
Forrest N. Iandola,works in,Artificial intelligence,Forrest N. Iandola
Forrest N. Iandola,works in,Deep learning,Forrest N. Iandola
Forrest N. Iandola,has academic advisor,Andrew Ng,Forrest N. Iandola
Forrest N. Iandola,has employer,Baidu,Forrest N. Iandola
Forrest N. Iandola,has position,Research scientist,Forrest N. Iandola
Forrest N. Iandola,publication,Sequence to Sequence Learning with Neural Networks,Forrest N. Iandola
Forrest N. Iandola,author,Sequence to Sequence Learning with Neural Networks,Forrest N. Iandola
Forrest N. Iandola,co-author,Quoc V. Le,Forrest N. Iandola
Forrest N. Iandola,co-author,Oriol Vinyals,Forrest N. Iandola
Forrest N. Iandola,co-author,Stephen J. Rennie,Forrest N. Iandola
Forrest N. Iandola,co-author,Vladlen K. Mihailik,Forrest N. Iandola
Forrest N. Iandola,given name,Forrest N.,Forrest N. Iandola
Forrest N. Iandola,family name,Iandola,Forrest N. Iandola
Forrest N. Iandola,date of birth,1980,Forrest N. Iandola
subject,predicate,object,Leverkusen Mitte station
Leverkusen Mitte station,P31,railway station,Leverkusen Mitte station
entity_id,prop,value['mainsnak']['datavalue']['value'],Leverkusen Mitte station
entity_id,prop,value['mainsnak']['datavalue']['id'],Leverkusen Mitte station
subject,predicate,object,Portsmouth Historic Dockyard
Portsmouth Historic Dockyard,P31,Historic dockyard,Portsmouth Historic Dockyard
Portsmouth Historic Dockyard,P571,1495,Portsmouth Historic Dockyard
Portsmouth Historic Dockyard,P18,Q12345678,Portsmouth Historic Dockyard
Portsmouth Historic Dockyard,P17,United Kingdom,Portsmouth Historic Dockyard
Portsmouth Historic Dockyard,P279,England,Portsmouth Historic Dockyard
Portsmouth Historic Dockyard,P31,Museum,Portsmouth Historic Dockyard
Portsmouth Historic Dockyard,P6,Q215,Portsmouth Historic Dockyard
Portsmouth Historic Dockyard,P6375,50.8023,Portsmouth Historic Dockyard
Portsmouth Historic Dockyard,P6376,-1.1036,Portsmouth Historic Dockyard
Portsmouth Historic Dockyard,P973,https://www.portsmouthdocks.co.uk/,Portsmouth Historic Dockyard
Portsmouth Historic Dockyard,P840,Portsmouth,Portsmouth Historic Dockyard
Portsmouth Historic Dockyard,P131,Hampshire,Portsmouth Historic Dockyard
Portsmouth Historic Dockyard,P973,https://www.historicdockyard.co.uk/,Portsmouth Historic Dockyard
Portsmouth Historic Dockyard,P46,Q16555,Portsmouth Historic Dockyard
Portsmouth Historic Dockyard,P527,Q210080,Portsmouth Historic Dockyard
Portsmouth Historic Dockyard,P1116,300000,Portsmouth Historic Dockyard
Portsmouth Historic Dockyard,P580,2010,Portsmouth Historic Dockyard
Portsmouth Historic Dockyard,P973,https://en.wikipedia.org/wiki/Portsmouth_Historic_Dockyard,Portsmouth Historic Dockyard
Portsmouth Historic Dockyard,P279,Q515,Portsmouth Historic Dockyard
Portsmouth Historic Dockyard,P856,https://www.visitportsmouth.co.uk/attractions/portsmouth-historic-dockyard,Portsmouth Historic Dockyard
item,p,o,Portsmouth Historic Dockyard
subject,predicate,object,Microsoft Band 2
Microsoft Band 2,instance of,smart band,Microsoft Band 2
Microsoft Band 2,part of,Microsoft Band,Microsoft Band 2
Microsoft Band 2,manufacturer,Microsoft,Microsoft Band 2
Microsoft Band 2,release date,2015-11-06,Microsoft Band 2
Microsoft Band 2,operating system,Windows 10 Mobile,Microsoft Band 2
Microsoft Band 2,battery capacity,200 mAh,Microsoft Band 2
Microsoft Band 2,weight,25 grams,Microsoft Band 2
Microsoft Band 2,width,22 millimeters,Microsoft Band 2
Microsoft Band 2,height,153 millimeters,Microsoft Band 2
Microsoft Band 2,compatible with,Android,Microsoft Band 2
Microsoft Band 2,compatible with,iOS,Microsoft Band 2
Microsoft Band 2,compatible with,Windows Phone,Microsoft Band 2
Microsoft Band 2,has display,yes,Microsoft Band 2
Microsoft Band 2,display type,AMOLED,Microsoft Band 2
Microsoft Band 2,display resolution,296x391 pixels,Microsoft Band 2
Microsoft Band 2,has connectivity,Bluetooth 4.0,Microsoft Band 2
Microsoft Band 2,has sensor,accelerometer,Microsoft Band 2
Microsoft Band 2,has sensor,gyroscope,Microsoft Band 2
Microsoft Band 2,has sensor,heart rate monitor,Microsoft Band 2
Microsoft Band 2,supports,fitness tracking,Microsoft Band 2
Microsoft Band 2,has feature,guided breathing sessions,Microsoft Band 2
Microsoft Band 2,has feature,customizable bands,Microsoft Band 2
Microsoft Band 2,has feature,notification support,Microsoft Band 2
Microsoft Band 2,has feature,music control,Microsoft Band 2
Microsoft Band 2,has feature,integration with Microsoft Health,Microsoft Band 2
Microsoft Band 2,predecessor,Microsoft Band,Microsoft Band 2
Microsoft Band 2,successor,Microsoft Band 3,Microsoft Band 2
Microsoft Band 2,price,$149,Microsoft Band 2
Microsoft Band 2,announced at,IFA 2015,Microsoft Band 2
Microsoft Band 2,available in,United States,Microsoft Band 2
Microsoft Band 2,available in,China,Microsoft Band 2
Microsoft Band 2,available in,United Kingdom,Microsoft Band 2
Microsoft Band 2,OS version,firmware  10.0.2522.0,Microsoft Band 2
Microsoft Band 2,SoC,Qualcomm Snapdragon Wear 2100,Microsoft Band 2
Microsoft Band 2,ram,4 GB,Microsoft Band 2
Microsoft Band 2,rom,4 GB,Microsoft Band 2
Microsoft Band 2,battery life,2 days,Microsoft Band 2
Microsoft Band 2,water resistance,IPX7,Microsoft Band 2
Microsoft Band 2,has integration,Cortana,Microsoft Band 2
Microsoft Band 2,supports,Windows 10,Microsoft Band 2
Microsoft Band 2,discontinued,2016,Microsoft Band 2
Microsoft Band 2,discontinued in,United States,Microsoft Band 2
Microsoft Band 2,alternative name,Microsoft Band 2.0,Microsoft Band 2
subject,predicate,object,Shuangxi Park and Chinese Garden
Shuangxi Park and Chinese Garden,P17,Taipei,Shuangxi Park and Chinese Garden
Shuangxi Park and Chinese Garden,P279,Taiwan,Shuangxi Park and Chinese Garden
Shuangxi Park and Chinese Garden,P136,landscape architecture,Shuangxi Park and Chinese Garden
Shuangxi Park and Chinese Garden,P618,Chinese garden,Shuangxi Park and Chinese Garden
Shuangxi Park and Chinese Garden,P973,https://www.taipeitravel.net.tw/attractions/see/167,Shuangxi Park and Chinese Garden
Shuangxi Park and Chinese Garden,P131,https://zh.wikipedia.org/wiki/,Shuangxi Park and Chinese Garden
Shuangxi Park and Chinese Garden,P577,1980,Shuangxi Park and Chinese Garden
subject,predicate,object,Mikhail Pashnin
Mikhail Pashnin,P31,Politician,Mikhail Pashnin
Mikhail Pashnin,P21,Russia,Mikhail Pashnin
Mikhail Pashnin,P19,Member of the State Duma,Mikhail Pashnin
Mikhail Pashnin,P569,1984-04-03,Mikhail Pashnin
Mikhail Pashnin,P27,Kaliningrad,Mikhail Pashnin
Mikhail Pashnin,P106,Politician,Mikhail Pashnin
Mikhail Pashnin,P1416,Communist Party of the Russian Federation,Mikhail Pashnin
Mikhail Pashnin,P39,Deputy of the State Duma,Mikhail Pashnin
Mikhail Pashnin,P970,https://duma.gov.ru/ deputants/,Mikhail Pashnin
subject,predicate,object,Cilejit railway station
Cilejit railway station,P31,railway station,Cilejit railway station
Cilejit railway station,P17,Turkey,Cilejit railway station
Cilejit railway station,P18,Asia,Cilejit railway station
Cilejit railway station,P131,Istanbul-Balkans railway,Cilejit railway station
Cilejit railway station,P279,Marmaray,Cilejit railway station
Cilejit railway station,P31,Marmaray stations,Cilejit railway station
Cilejit railway station,P17,Istanbul Province,Cilejit railway station
Cilejit railway station,P580,41.1433333 E  36.8166667 N,Cilejit railway station
Cilejit railway station,P1476,Turkish Railways,Cilejit railway station
Cilejit railway station,P629,Turkish State Railways,Cilejit railway station
Zhongyuan Bank,instance of,Bank,Zhongyuan Bank
Zhongyuan Bank,location,China,Zhongyuan Bank
Zhongyuan Bank,head office,Zhengzhou,Zhongyuan Bank
Zhongyuan Bank,founded by,Henan Provincial Government,Zhongyuan Bank
Zhongyuan Bank,established,1993,Zhongyuan Bank
Zhongyuan Bank,parent company,Henan Investment Company,Zhongyuan Bank
Zhongyuan Bank,subsidiary,Zhongyuan Bank Headquarters,Zhongyuan Bank
Zhongyuan Bank,has subsidiary,Zhongyuan Trust Company,Zhongyuan Bank
Zhongyuan Bank,operates,branches,Zhongyuan Bank
Zhongyuan Bank,has headquarters,Zhengzhou,Zhongyuan Bank
Zhongyuan Bank,is headquartered in,Henan,Zhongyuan Bank
Zhongyuan Bank,provides,financial services,Zhongyuan Bank
Zhongyuan Bank,offers,loans,Zhongyuan Bank
Zhongyuan Bank,offers,deposits,Zhongyuan Bank
Zhongyuan Bank,is a,financial institution,Zhongyuan Bank
Zhongyuan Bank,is owned by,Henan Provincial Government,Zhongyuan Bank
subject,predicate,object,Israel Abanikanda
Israel Abanikanda,P31,Israel Abanikanda,Israel Abanikanda
Israel Abanikanda,P21,Abanikanda,Israel Abanikanda
Israel Abanikanda,P27,Israel,Israel Abanikanda
Israel Abanikanda,P569,2000-05-09,Israel Abanikanda
Israel Abanikanda,P19,Puyi,Israel Abanikanda
Israel Abanikanda,P106,Athlete,Israel Abanikanda
Israel Abanikanda,P144,Pittsburgh Panthers,Israel Abanikanda
Israel Abanikanda,P18,Israel_Abanikanda.jpg,Israel Abanikanda
Israel Abanikanda,P27,Nigerian,Israel Abanikanda
Israel Abanikanda,P31,American football running back,Israel Abanikanda
Israel Abanikanda,P19,New York,Israel Abanikanda
Israel Abanikanda,P20,Nigerian American,Israel Abanikanda
Israel Abanikanda,P144,Pittsburgh Panthers football,Israel Abanikanda
Israel Abanikanda,P159,National Collegiate Athletic Association,Israel Abanikanda
Israel Abanikanda,P170,Pittsburgh Panthers football,Israel Abanikanda
Israel Abanikanda,P111,6 ft 0 in,Israel Abanikanda
Israel Abanikanda,P115,220 lb,Israel Abanikanda
Israel Abanikanda,P304,2022 Myrtle Beach Bowl,Israel Abanikanda
Israel Abanikanda,P345,Atlantic Coast Conference,Israel Abanikanda
Israel Abanikanda,P463,NFL,Israel Abanikanda
subject,predicate,object,Ignacy Tłoczyński
Ignacy Tłoczyński,P31,1910-02-04,Ignacy Tłoczyński
Ignacy Tłoczyński,P19,Poland,Ignacy Tłoczyński
Ignacy Tłoczyński,P27,Poznań,Ignacy Tłoczyński
Ignacy Tłoczyński,P20,Polish,Ignacy Tłoczyński
Ignacy Tłoczyński,P106,politician,Ignacy Tłoczyński
Ignacy Tłoczyński,P569,1984-02-10,Ignacy Tłoczyński
Ignacy Tłoczyński,P1416,Sejm of the Republic of Central Lithuania,Ignacy Tłoczyński
Ignacy Tłoczyński,P144,Vilna Governorate,Ignacy Tłoczyński
Ignacy Tłoczyński,P159,Member of the Sejm of the Republic of Central Lithuania,Ignacy Tłoczyński
Ignacy Tłoczyński,P161,Polish–Soviet War,Ignacy Tłoczyński
Ignacy Tłoczyński,P162,Invasion of Poland,Ignacy Tłoczyński
Ignacy Tłoczyński,P184,Kościesza coat of arms,Ignacy Tłoczyński
Ignacy Tłoczyński,P304,Ignacy Tłoczyński,Ignacy Tłoczyński
Ignacy Tłoczyński,P31,1920-1921,Ignacy Tłoczyński
Ignacy Tłoczyński,P569,11 November 1875,Ignacy Tłoczyński
Ignacy Tłoczyński,P627,1920,Ignacy Tłoczyński
Ignacy Tłoczyński,P856,https://pl.wikipedia.org/wiki/Ignacy_Tłoczyński,Ignacy Tłoczyński
subject,predicate,object,Canton of Nomeny
Canton of Nomeny,P31,Q79910,Canton of Nomeny
Canton of Nomeny,P17,Nomeny,Canton of Nomeny
Canton of Nomeny,P18,Moselle,Canton of Nomeny
Canton of Nomeny,P279,Q874686,Canton of Nomeny
Canton of Nomeny,P150,Q1427516,Canton of Nomeny
Canton of Nomeny,P801,Q198,Canton of Nomeny
Canton of Nomeny,P131,Q340415,Canton of Nomeny
Canton of Nomeny,P973,Q215967,Canton of Nomeny
Canton of Nomeny,P607,Q142,Canton of Nomeny
Canton of Nomeny,P17,Moselle,Canton of Nomeny
Canton of Nomeny,P18,Grand Est,Canton of Nomeny
Canton of Nomeny,P145,Q660,Canton of Nomeny
Canton of Nomeny,P478,48,Canton of Nomeny
Canton of Nomeny,P625,Q203,Canton of Nomeny
Canton of Nomeny,P606,Q120,Canton of Nomeny
Canton of Nomeny,P188,196,Canton of Nomeny
H-class container ship,instance of,Q2188181,H-class container ship
H-class container ship,subclass of,Q176185,H-class container ship
H-class container ship,designed for,Container ship,H-class container ship
H-class container ship,operator,Q2188181,H-class container ship
H-class container ship,manufacturer,Q2188181,H-class container ship
H-class container ship,has capacity,Q2150826,H-class container ship
H-class container ship,length,167,H-class container ship
H-class container ship,beam,24,H-class container ship
H-class container ship,draft,9,H-class container ship
H-class container ship,speed,20,H-class container ship
H-class container ship,power type,Q49161,H-class container ship
H-class container ship,propulsion system,Q2181534,H-class container ship
H-class container ship,number of decks,7,H-class container ship
H-class container ship,number of masts,1,H-class container ship
H-class container ship,cargo capacity,Q2150826,H-class container ship
H-class container ship,ship class,Q176185,H-class container ship
H-class container ship,builder,Q2188181,H-class container ship
H-class container ship,built,1970s,H-class container ship
H-class container ship,commissioned,1970s,H-class container ship
H-class container ship,decommissioned,unknown,H-class container ship
subject,predicate,object,H-class container ship
H-class container ship,instance of,Ship class,H-class container ship
H-class container ship,subclass of,Container ship,H-class container ship
H-class container ship,operator,Hapag-Lloyd,H-class container ship
H-class container ship,manufacturer,Howden,H-class container ship
H-class container ship,has capacity,1400 TEU,H-class container ship
H-class container ship,length,167 m,H-class container ship
H-class container ship,beam,24 m,H-class container ship
H-class container ship,draft,9 m,H-class container ship
H-class container ship,speed,20 kn,H-class container ship
H-class container ship,power type,Diesel,H-class container ship
H-class container ship,propulsion system,Diesel-electric,H-class container ship
H-class container ship,cargo capacity,1400 TEU,H-class container ship
H-class container ship,ship class,H-class,H-class container ship
H-class container ship,builder,Howden,H-class container ship
H-class container ship,withdrawal from service,2000s,H-class container ship
subject,predicate,object,Cinema Management Group
Cinema Management Group,instance of,company,Cinema Management Group
Cinema Management Group,location,United States,Cinema Management Group
Cinema Management Group,industry,cinema,Cinema Management Group
Cinema Management Group,business model,private company,Cinema Management Group
Cinema Management Group,number of employees,1000,Cinema Management Group
Cinema Management Group,parent company,Cinemark Holdings,Cinema Management Group
Cinema Management Group,subsidiary of,Cinemark Holdings,Cinema Management Group
Cinema Management Group,founded by,Lee Roy,Cinema Management Group
Cinema Management Group,founded in,1995,Cinema Management Group
Cinema Management Group,operates in,United States,Cinema Management Group
Cinema Management Group,operates in,Mexico,Cinema Management Group
Cinema Management Group,number of theaters,50,Cinema Management Group
Cinema Management Group,number of screens,500,Cinema Management Group
Cinema Management Group,has subsidiary,Regal Entertainment Group,Cinema Management Group
Cinema Management Group,has subsidiary,Marcus Theatres,Cinema Management Group
Cinema Management Group,has subsidiary,Hollywood Theatres,Cinema Management Group
Cinema Management Group,has subsidiary,Century Theatres,Cinema Management Group
Cinema Management Group,has subsidiary,Tarrant County,Cinema Management Group
Cinema Management Group,has subsidiary,Collin County,Cinema Management Group
Cinema Management Group,owns,CinemaPark,Cinema Management Group
Cinema Management Group,owns,Multiscreen,Cinema Management Group
Cinema Management Group,owns,Cinema,Cinema Management Group
Cinema Management Group,owns,Theatres,Cinema Management Group
Cinema Management Group,acquisition,Regal Cinemas,Cinema Management Group
Cinema Management Group,merger,AMC Theatres,Cinema Management Group
Cinema Management Group,merger,Cinemark,Cinema Management Group
Cinema Management Group,founded in,Cinema Management Group,Cinema Management Group
Cinema Management Group,key person,Lee Roy,Cinema Management Group
Cinema Management Group,key person,CEO,Cinema Management Group
Cinema Management Group,key person,CFO,Cinema Management Group
Cinema Management Group,location,Latin America,Cinema Management Group
Cinema Management Group,location,Europe,Cinema Management Group
Cinema Management Group,number of locations,75,Cinema Management Group
Cinema Management Group,has format,2D,Cinema Management Group
Cinema Management Group,has format,3D,Cinema Management Group
Cinema Management Group,has format,IMAX,Cinema Management Group
Cinema Management Group,has format,Dolby Cinema,Cinema Management Group
Cinema Management Group,has format,D-Box,Cinema Management Group
Cinema Management Group,offers,food service,Cinema Management Group
Cinema Management Group,offers,bar service,Cinema Management Group
Cinema Management Group,offers,concession stand,Cinema Management Group
Cinema Management Group,has subsidiary,Cinema Advertising,Cinema Management Group
Cinema Management Group,has subsidiary,Cinema Marketing,Cinema Management Group
Cinema Management Group,subsidiary of,Regal Entertainment Group,Cinema Management Group
Cinema Management Group,business partner,Warner Bros.,Cinema Management Group
Cinema Management Group,business partner,Sony Pictures,Cinema Management Group
Cinema Management Group,business partner,Universal Pictures,Cinema Management Group
Cinema Management Group,business partner,AMC Theatres,Cinema Management Group
Cinema Management Group,owns,National Amusements,Cinema Management Group
Cinema Management Group,merger,National Amusements,Cinema Management Group
Cinema Management Group,acquisition,MovieTickets,Cinema Management Group
Cinema Management Group,has subsidiary,Flix Brewhouse,Cinema Management Group
Cinema Management Group,has subsidiary,The Cinematic Orchestra,Cinema Management Group
Cinema Management Group,key person,Mark,Cinema Management Group
Cinema Management Group,key person,John,Cinema Management Group
subject,predicate,object,"Hôtel de Ville, Angers"
subject,predicate,object,"Meadowbank, Tasmania"
subject,predicate,object,Orléanais Historical and Archaeological Museum
Orléanais Historical and Archaeological Museum,instance of,museum,Orléanais Historical and Archaeological Museum
Orléanais Historical and Archaeological Museum,located in,Orléans,Orléanais Historical and Archaeological Museum
Orléanais Historical and Archaeological Museum,location,France,Orléanais Historical and Archaeological Museum
Orléanais Historical and Archaeological Museum,collection,archaeological artifact,Orléanais Historical and Archaeological Museum
Orléanais Historical and Archaeological Museum,collection,historical artifact,Orléanais Historical and Archaeological Museum
Orléanais Historical and Archaeological Museum,operator,Musée des Beaux-Arts d'Orléans,Orléanais Historical and Archaeological Museum
Orléanais Historical and Archaeological Museum,part of,Musée des Beaux-Arts d'Orléans,Orléanais Historical and Archaeological Museum
Orléanais Historical and Archaeological Museum,has collection,art,Orléanais Historical and Archaeological Museum
Orléanais Historical and Archaeological Museum,has collection,archaeology,Orléanais Historical and Archaeological Museum
Orléanais Historical and Archaeological Museum,exhibits,medieval art,Orléanais Historical and Archaeological Museum
Orléanais Historical and Archaeological Museum,coordinate,47.849722,Orléanais Historical and Archaeological Museum
Orléanais Historical and Archaeological Museum,coordinate,1.900556,Orléanais Historical and Archaeological Museum
subject,predicate,object,Naranjito District
Naranjito District,P31,District,Naranjito District
Naranjito District,P17,Ecuador,Naranjito District
Naranjito District,P27,Guayas Province,Naranjito District
Naranjito District,P571,10 February 1986,Naranjito District
Naranjito District,P1888,Naranjito,Naranjito District
Naranjito District,P18,Naranjito Canton,Naranjito District
Naranjito District,P625,Naranjito District,Naranjito District
Naranjito District,P131,Guayas Province,Naranjito District
Naranjito District,P740,Naranjito,Naranjito District
Naranjito District,P463,Ecuador,Naranjito District
RAF Montford Bridge,P31,military airbase,RAF Montford Bridge
RAF Montford Bridge,P17,located in,RAF Montford Bridge
RAF Montford Bridge,P131,located in,RAF Montford Bridge
RAF Montford Bridge,P580,end time,RAF Montford Bridge
RAF Montford Bridge,P18,named after,RAF Montford Bridge
RAF Montford Bridge,P463,has part,RAF Montford Bridge
RAF Montford Bridge,P6379,has part,RAF Montford Bridge
RAF Montford Bridge,P31,Royal Air Force,RAF Montford Bridge
RAF Montford Bridge,P279,category,RAF Montford Bridge
RAF Montford Bridge,P973,WikiPage,RAF Montford Bridge
RAF Montford Bridge,P17,Cambridgeshire,RAF Montford Bridge
RAF Montford Bridge,P131,England,RAF Montford Bridge
RAF Montford Bridge,P19,1940,RAF Montford Bridge
RAF Montford Bridge,P580,1966,RAF Montford Bridge
RAF Montford Bridge,P463,RAF Regiment,RAF Montford Bridge
RAF Montford Bridge,P6379,RAF Police,RAF Montford Bridge
RAF Montford Bridge,P279,Q14645344,RAF Montford Bridge
RAF Montford Bridge,P973,RAF Montford Bridge,RAF Montford Bridge
subject,predicate,object,Lemon (1969 film)
subject,predicate,object,The Three Witches
The Three Witches,P31,Macbeth,The Three Witches
The Three Witches,P279,Supernatural being,The Three Witches
The Three Witches,P463,Scotland,The Three Witches
The Three Witches,P840,Macbeth,The Three Witches
The Three Witches,P18,File:The Weird Sisters.jpg,The Three Witches
The Three Witches,P279,Mythological creature,The Three Witches
The Three Witches,P106,Witch,The Three Witches
The Three Witches,P569,based on Macbeth,The Three Witches
The Three Witches,P973,Shakespeare's Macbeth,The Three Witches
The Three Witches,P31,Scottish folklore,The Three Witches
The Three Witches,P279,Female supernatural being,The Three Witches
The Three Witches,P106,Prophet,The Three Witches
The Three Witches,P21,number of witches 3,The Three Witches
The Three Witches,P31,Folklore,The Three Witches
The Three Witches,P106,Oracle,The Three Witches
The Three Witches,P463,Scottish culture,The Three Witches
Eristalini,P279,Syrphidae,Eristalini
Eristalini,P31,Q12136,Eristalini
Eristalini,P0V1,hoverfly tribe,Eristalini
Eristalini,P181,world-wide,Eristalini
Eristalini,P225,Eristalini,Eristalini
Eristalini,P516,Eristalinus,Eristalini
Eristalini,P516,Eristalides,Eristalini
Eristalini,P516,Chalcosyrphus,Eristalini
Eristalini,P516,Leucogaster,Eristalini
Eristalini,P516,Xanthogramma,Eristalini
Eristalini,P1885,Syrphidae,Eristalini
Eristalini,P129,hoverfly,Eristalini
Eristalini,P134,animal,Eristalini
Eristalini,P617,arthropod,Eristalini
Eristalini,P121,insect,Eristalini
Eristalini,P143,category:Eristalini,Eristalini
Eristalini,P708,Syrphidae family,Eristalini
Eristalini,P676,hoverflies,Eristalini
Eristalini,P580,true flies,Eristalini
Eristalini,P610,Diptera,Eristalini
Horsburgh Castle,P31,Castle,Horsburgh Castle
Horsburgh Castle,P17,Scotland,Horsburgh Castle
Horsburgh Castle,P18,Scottish Borders,Horsburgh Castle
Horsburgh Castle,P279,UK,Horsburgh Castle
Horsburgh Castle,P131,Scottish Borders,Horsburgh Castle
Horsburgh Castle,P625,3,Horsburgh Castle
Horsburgh Castle,P577,15th century,Horsburgh Castle
Horsburgh Castle,P136,Ruin,Horsburgh Castle
Horsburgh Castle,P973,Historic Environment Scotland,Horsburgh Castle
Horsburgh Castle,P840,Scheduled Ancient Monument,Horsburgh Castle
Horsburgh Castle,P982,https://www.historicenvironment.scot/visit/scotland/…,Horsburgh Castle
Horsburgh Castle,P31,Historic house,Horsburgh Castle
Horsburgh Castle,P469,Horsburgh castle,Horsburgh Castle
Horsburgh Castle,P840,Category H-SNT,Horsburgh Castle
Horsburgh Castle,P973,Historic Environment Scotland ID,Horsburgh Castle
Horsburgh Castle,P998,https://canmore.org.uk/…,Horsburgh Castle
USS W. S. Sims,P31,USS W. S. Sims,USS W. S. Sims
USS W. S. Sims,P18,Q1137046,USS W. S. Sims
USS W. S. Sims,P19,Q7889,USS W. S. Sims
USS W. S. Sims,P20,Q194744,USS W. S. Sims
USS W. S. Sims,P21,Q1793217,USS W. S. Sims
USS W. S. Sims,P22,Q170082,USS W. S. Sims
USS W. S. Sims,P23,Q150,USS W. S. Sims
USS W. S. Sims,P26,Q131323,USS W. S. Sims
USS W. S. Sims,P27,Q218567,USS W. S. Sims
USS W. S. Sims,P29,Q13335,USS W. S. Sims
USS W. S. Sims,P30,Q149143,USS W. S. Sims
USS W. S. Sims,P31,Q1137046,USS W. S. Sims
USS W. S. Sims,P32,Q210111,USS W. S. Sims
USS W. S. Sims,P33,Q198876,USS W. S. Sims
USS W. S. Sims,P34,Q1700,USS W. S. Sims
USS W. S. Sims,P35,Q198876,USS W. S. Sims
USS W. S. Sims,P36,Q7889,USS W. S. Sims
USS W. S. Sims,P37,Q194744,USS W. S. Sims
USS W. S. Sims,P38,Q1793217,USS W. S. Sims
USS W. S. Sims,P39,Q170082,USS W. S. Sims
USS W. S. Sims,instance of,destroyer,USS W. S. Sims
USS W. S. Sims,subclass of,Gleaves-class destroyer,USS W. S. Sims
USS W. S. Sims,country of origin,United States,USS W. S. Sims
USS W. S. Sims,manufacturer,Bath Iron Works,USS W. S. Sims
USS W. S. Sims,ship name,USS W. S. Sims,USS W. S. Sims
USS W. S. Sims,operator,United States Navy,USS W. S. Sims
USS W. S. Sims,has part,Q210111,USS W. S. Sims
USS W. S. Sims,commissioned by,United States Navy,USS W. S. Sims
USS W. S. Sims,decommissioned,1946,USS W. S. Sims
USS W. S. Sims,scrapped,1959,USS W. S. Sims
USS W. S. Sims,participant in,World War II,USS W. S. Sims
Every Ocean Hughes,type,Human,Every Ocean Hughes
Every Ocean Hughes,instance of,Q5,Every Ocean Hughes
Florido Tower,P31,building,Florido Tower
Florido Tower,P18,locatedIn,Florido Tower
Florido Tower,P6375,40.846,Florido Tower
Florido Tower,P625,14.268,Florido Tower
Florido Tower,P1616,1957,Florido Tower
Florido Tower,P17,location,Florido Tower
Florido Tower,P131,Budapest,Florido Tower
Florido Tower,P279,residential building,Florido Tower
Florido Tower,P2048,10,Florido Tower
Florido Tower,P768,Hungarian State,Florido Tower
Florido Tower,P18,Budapest,Florido Tower
subject,predicate,object,Audio Publishers Association
Audio Publishers Association,P31,Organization,Audio Publishers Association
Audio Publishers Association,P571,1985,Audio Publishers Association
Audio Publishers Association,P463,Audio Publishers Association,Audio Publishers Association
Audio Publishers Association,P815,United States,Audio Publishers Association
Audio Publishers Association,P840,United States,Audio Publishers Association
Audio Publishers Association,P856,https://audiopublishers.com/,Audio Publishers Association
Audio Publishers Association,P982,audiobook,Audio Publishers Association
Audio Publishers Association,P279,Audio Publishers Association,Audio Publishers Association
Audio Publishers Association,P901,audiobook industry,Audio Publishers Association
Audio Publishers Association,P113,audiobook,Audio Publishers Association
Audio Publishers Association,P18,Category:Audio Publishers Association,Audio Publishers Association
Audio Publishers Association,P0,Audio Publishers Association,Audio Publishers Association
Audio Publishers Association,P1,Audio Publishers Association,Audio Publishers Association
Audio Publishers Association,P4,Audiobook,Audio Publishers Association
Audio Publishers Association,P5,Book,Audio Publishers Association
Audio Publishers Association,P9,Publishing,Audio Publishers Association
Audio Publishers Association,P14,Audio Publishers Association,Audio Publishers Association
Audio Publishers Association,P17,Audio Publishers Association,Audio Publishers Association
Audio Publishers Association,P20,Audio Publishers Association,Audio Publishers Association
Audio Publishers Association,P22,Audio Publishers Association,Audio Publishers Association
Audio Publishers Association,P31,Association,Audio Publishers Association
Audio Publishers Association,P36,https://audiopublishers.com/,Audio Publishers Association
Audio Publishers Association,P46,Audio Publishers Association,Audio Publishers Association
Audio Publishers Association,P47,United States of America,Audio Publishers Association
Audio Publishers Association,P48,Americas,Audio Publishers Association
MV American Courage,P31,Q515,MV American Courage
MV American Courage,P31,Q516,MV American Courage
MV American Courage,P18,Q4243,MV American Courage
MV American Courage,P21,Q132,MV American Courage
MV American Courage,P17,Q30,MV American Courage
MV American Courage,P19,Q123456,MV American Courage
MV American Courage,P26,Q5432,MV American Courage
MV American Courage,P27,Q4321,MV American Courage
MV American Courage,P22,Q6543,MV American Courage
MV American Courage,P461,Q123,MV American Courage
MV American Courage,P5,Q24628443,MV American Courage
MV American Courage,P280,Q1234567,MV American Courage
MV American Courage,P131,Q5487,MV American Courage
MV American Courage,P840,Q4324324,MV American Courage
MV American Courage,P973,Q123456,MV American Courage
MV American Courage,P31,Q115,MV American Courage
MV American Courage,P18,Q283843,MV American Courage
MV American Courage,P19,Q5435435,MV American Courage
subject,predicate,object,"Henry IX, Count of Waldeck"
Henry IX,Count of Waldeck,P31,"Henry IX, Count of Waldeck"
Henry IX,Count of Waldeck,P39,"Henry IX, Count of Waldeck"
Henry IX,Count of Waldeck,P569,"Henry IX, Count of Waldeck"
Henry IX,Count of Waldeck,P570,"Henry IX, Count of Waldeck"
Henry IX,Count of Waldeck,P172,"Henry IX, Count of Waldeck"
Henry IX,Count of Waldeck,P463,"Henry IX, Count of Waldeck"
Henry IX,Count of Waldeck,P1416,"Henry IX, Count of Waldeck"
Henry IX,Count of Waldeck,P1905,"Henry IX, Count of Waldeck"
Henry IX,Count of Waldeck,P4,"Henry IX, Count of Waldeck"
Henry IX,Count of Waldeck,P734,"Henry IX, Count of Waldeck"
Henry IX,Count of Waldeck,P21,"Henry IX, Count of Waldeck"
Henry IX,Count of Waldeck,P27,"Henry IX, Count of Waldeck"
Henry IX,Count of Waldeck,P56,"Henry IX, Count of Waldeck"
Q1628539,wdt:P31,wdt:Q5,Wang Tong (basketball)
Q1628539,wdt:P106,wdt:Q902714,Wang Tong (basketball)
Q1628539,wdt:P569,1970-01-01,Wang Tong (basketball)
Q1628539,wdt:P19,wdt:Q159614,Wang Tong (basketball)
Q1628539,wdt:P27,wdt:Q1259,Wang Tong (basketball)
Q1628539,wdt:P8838,wdt:Q1471,Wang Tong (basketball)
Q1628539,wdt:P2048,Wang Tong,Wang Tong (basketball)
Q1628539,wdt:P2067,basketball,Wang Tong (basketball)
subject,predicate,object,Huepetuche District
Huepetuche District,instance of,district of Peru,Huepetuche District
Huepetuche District,located in,Madre de Dios Region,Huepetuche District
Huepetuche District,capital,Huepetuche,Huepetuche District
Huepetuche District,elevation,147,Huepetuche District
Huepetuche District,UTC offset,-5,Huepetuche District
Huepetuche District,part of,Tambopata Province,Huepetuche District
Huepetuche District,has area,80,Huepetuche District
Huepetuche District,category,Category:Districts_of_Madre_de_Dios_Region,Huepetuche District
subject,predicate,object,"Kuzkin, Volgograd Oblast"
Gustavo Balcázar Monzón,instance of,human,Gustavo Balcázar Monzón
Gustavo Balcázar Monzón,given name,Gustavo,Gustavo Balcázar Monzón
Gustavo Balcázar Monzón,family name,Balcázar,Gustavo Balcázar Monzón
Gustavo Balcázar Monzón,place of birth,Mexico City,Gustavo Balcázar Monzón
Gustavo Balcázar Monzón,place of death,Mexico City,Gustavo Balcázar Monzón
Gustavo Balcázar Monzón,occupation,film actor,Gustavo Balcázar Monzón
Gustavo Balcázar Monzón,occupation,television actor,Gustavo Balcázar Monzón
Gustavo Balcázar Monzón,filmography,El Peñón de las Ánimas,Gustavo Balcázar Monzón
Gustavo Balcázar Monzón,filmography,La Valentina,Gustavo Balcázar Monzón
Gustavo Balcázar Monzón,filmography,El Gato,Gustavo Balcázar Monzón
Gustavo Balcázar Monzón,award,Ariel Award,Gustavo Balcázar Monzón
Gustavo Balcázar Monzón,country of citizenship,Mexico,Gustavo Balcázar Monzón
Gustavo Balcázar Monzón,IMDb ID,0002653,Gustavo Balcázar Monzón
subject,predicate,object,Tsai Pai-sheng
Tsai Pai-sheng,instance of,human,Tsai Pai-sheng
Tsai Pai-sheng,occupation,politician,Tsai Pai-sheng
Tsai Pai-sheng,position,Chairperson of the Legislative Yuan,Tsai Pai-sheng
Tsai Pai-sheng,position,member of the Legislative Yuan,Tsai Pai-sheng
Tsai Pai-sheng,country of citizenship,Taiwan,Tsai Pai-sheng
Tsai Pai-sheng,date of birth,1959,Tsai Pai-sheng
Tsai Pai-sheng,educated at,National Chengchi University,Tsai Pai-sheng
Tsai Pai-sheng,has works in the collection,National Palace Museum,Tsai Pai-sheng
Tsai Pai-sheng,member of political party,Democratic Progressive Party,Tsai Pai-sheng
Tsai Pai-sheng,term in office,2018,Tsai Pai-sheng
Tsai Pai-sheng,term in office,2020,Tsai Pai-sheng
Tsai Pai-sheng,elected by,Legislative Yuan,Tsai Pai-sheng
Tsai Pai-sheng,has position,Chairperson,Tsai Pai-sheng
subject,predicate,object,Dmitry Petrovich Dokhturov
Dmitry Petrovich Dokhturov,P31,military officer,Dmitry Petrovich Dokhturov
Dmitry Petrovich Dokhturov,P19,Russian Empire,Dmitry Petrovich Dokhturov
Dmitry Petrovich Dokhturov,P20,Russian,Dmitry Petrovich Dokhturov
Dmitry Petrovich Dokhturov,P569,1776-09-29,Dmitry Petrovich Dokhturov
Dmitry Petrovich Dokhturov,P570,1861-07-14,Dmitry Petrovich Dokhturov
Dmitry Petrovich Dokhturov,P4,cavalry,Dmitry Petrovich Dokhturov
Dmitry Petrovich Dokhturov,P113,General of the Cavalry,Dmitry Petrovich Dokhturov
Dmitry Petrovich Dokhturov,P27,Russian Imperial Army,Dmitry Petrovich Dokhturov
Dmitry Petrovich Dokhturov,P1416,Order of St. Andrew,Dmitry Petrovich Dokhturov
Dmitry Petrovich Dokhturov,P1416,Order of St. Alexander Nevsky,Dmitry Petrovich Dokhturov
Dmitry Petrovich Dokhturov,P1416,Order of the White Eagle,Dmitry Petrovich Dokhturov
Dmitry Petrovich Dokhturov,P1416,Golden Sword for Bravery,Dmitry Petrovich Dokhturov
Dmitry Petrovich Dokhturov,P39,Napoleonic Wars,Dmitry Petrovich Dokhturov
Dmitry Petrovich Dokhturov,P39,War of the Sixth Coalition,Dmitry Petrovich Dokhturov
Dmitry Petrovich Dokhturov,P39,War of the Seventh Coalition,Dmitry Petrovich Dokhturov
Dmitry Petrovich Dokhturov,P26,Moscow,Dmitry Petrovich Dokhturov
Dmitry Petrovich Dokhturov,P26,Saint Petersburg,Dmitry Petrovich Dokhturov
Dmitry Petrovich Dokhturov,P6,nobility,Dmitry Petrovich Dokhturov
Dmitry Petrovich Dokhturov,P734,Dokhturov family,Dmitry Petrovich Dokhturov
Dmitry Petrovich Dokhturov,P487,Q4167859,Dmitry Petrovich Dokhturov
Dmitry Petrovich Dokhturov,P155,Q210320,Dmitry Petrovich Dokhturov
Dmitry Petrovich Dokhturov,P554,Q210320,Dmitry Petrovich Dokhturov
subject,predicate,object,Starsector
Starsector,P31,Video game,Starsector
Starsector,P17,enwiki,Starsector
Starsector,P18,logo,Starsector
Starsector,P127,Barclast Games,Starsector
Starsector,P233,Starsector,Starsector
Starsector,P279,Free and open-source software,Starsector
Starsector,P31,Space opera simulation game,Starsector
Starsector,P577,2013-05-13,Starsector
Starsector,P585,2013-05-13,Starsector
Starsector,P840,United States,Starsector
Starsector,P973,GitHub,Starsector
Starsector,P132,Starsector Wiki,Starsector
subject,predicate,object,United States Department of Justice Criminal Division
United States Department of Justice Criminal Division,instance of,law enforcement agency,United States Department of Justice Criminal Division
United States Department of Justice Criminal Division,part of,United States Department of Justice,United States Department of Justice Criminal Division
United States Department of Justice Criminal Division,overseen by,United States Attorney General,United States Department of Justice Criminal Division
United States Department of Justice Criminal Division,responsible for,enforcing federal criminal law,United States Department of Justice Criminal Division
United States Department of Justice Criminal Division,conducts,investigations,United States Department of Justice Criminal Division
United States Department of Justice Criminal Division,conducts,prosecutions,United States Department of Justice Criminal Division
United States Department of Justice Criminal Division,has jurisdiction over,United States,United States Department of Justice Criminal Division
United States Department of Justice Criminal Division,employs,lawyers,United States Department of Justice Criminal Division
United States Department of Justice Criminal Division,employs,law enforcement agents,United States Department of Justice Criminal Division
United States Department of Justice Criminal Division,reports to,United States Congress,United States Department of Justice Criminal Division
United States Department of Justice Criminal Division,was established in,1950,United States Department of Justice Criminal Division
United States Department of Justice Criminal Division,operates under,Federal statutes,United States Department of Justice Criminal Division
United States Department of Justice Criminal Division,responsible for,combating terrorism,United States Department of Justice Criminal Division
United States Department of Justice Criminal Division,responsible for,combating organized crime,United States Department of Justice Criminal Division
United States Department of Justice Criminal Division,responsible for,enforcing federal narcotics laws,United States Department of Justice Criminal Division
United States Department of Justice Criminal Division,has division,Fraud Section,United States Department of Justice Criminal Division
United States Department of Justice Criminal Division,has division,Violent Crime Section,United States Department of Justice Criminal Division
United States Department of Justice Criminal Division,has division,National Security Section,United States Department of Justice Criminal Division
United States Department of Justice Criminal Division,has division,Antitrust Division,United States Department of Justice Criminal Division
United States Department of Justice Criminal Division,has division,Appellate Section,United States Department of Justice Criminal Division
United States Department of Justice Criminal Division,has division,Child Justice Unit,United States Department of Justice Criminal Division
United States Department of Justice Criminal Division,has division,Computer Crime and Intellectual Property Section,United States Department of Justice Criminal Division
United States Department of Justice Criminal Division,has division,Environmental Crimes Section,United States Department of Justice Criminal Division
United States Department of Justice Criminal Division,has division,Extraterritorial Justice Unit,United States Department of Justice Criminal Division
United States Department of Justice Criminal Division,has division,Human Trafficking Prosecution Unit,United States Department of Justice Criminal Division
United States Department of Justice Criminal Division,has division,Narcotic and Dangerous Drug Section,United States Department of Justice Criminal Division
United States Department of Justice Criminal Division,has division,Organized Crime and Gang Section,United States Department of Justice Criminal Division
United States Department of Justice Criminal Division,has division,Public Corruption Section,United States Department of Justice Criminal Division
United States Department of Justice Criminal Division,has division,Tax Division,United States Department of Justice Criminal Division
United States Department of Justice Criminal Division,has division,Violent Crimes Against Women Section,United States Department of Justice Criminal Division
United States Department of Justice Criminal Division,headed by,Assistant Attorney General,United States Department of Justice Criminal Division
United States Department of Justice Criminal Division,has deputy,Deputy Assistant Attorney General,United States Department of Justice Criminal Division
United States Department of Justice Criminal Division,has senior official,Director of Criminal Division,United States Department of Justice Criminal Division
United States Department of Justice Criminal Division,conducts investigations with,Federal Bureau of Investigation,United States Department of Justice Criminal Division
United States Department of Justice Criminal Division,conducts investigations with,United States Marshals Service,United States Department of Justice Criminal Division
United States Department of Justice Criminal Division,conducts investigations with,Drug Enforcement Administration,United States Department of Justice Criminal Division
United States Department of Justice Criminal Division,conducts investigations with,United States Secret Service,United States Department of Justice Criminal Division
United States Department of Justice Criminal Division,provides training for,law enforcement agencies,United States Department of Justice Criminal Division
United States Department of Justice Criminal Division,provides training for,Federal law enforcement agencies,United States Department of Justice Criminal Division
United States Department of Justice Criminal Division,provides training for,United States Attorneys,United States Department of Justice Criminal Division
United States Department of Justice Criminal Division,supports,Innocence Protection Act,United States Department of Justice Criminal Division
United States Department of Justice Criminal Division,supports,Justice for All Act,United States Department of Justice Criminal Division
United States Department of Justice Criminal Division,supports,Adam Walsh Child Protection and Safety Act,United States Department of Justice Criminal Division
United States Department of Justice Criminal Division,supports,Matthew Shepard and James Byrd Jr. Hate Crimes Prevention Act,United States Department of Justice Criminal Division
United States Department of Justice Criminal Division,supports,Violence Against Women Act,United States Department of Justice Criminal Division
United States Department of Justice Criminal Division,has publication,Criminal Division Bulletin,United States Department of Justice Criminal Division
United States Department of Justice Criminal Division,has publication,Matters,United States Department of Justice Criminal Division
Robbie Ryan,instance of,Human,Robbie Ryan (cinematographer)
Robbie Ryan,occupation,Cinematographer,Robbie Ryan (cinematographer)
Robbie Ryan,birthPlace,Dublin,Robbie Ryan (cinematographer)
Robbie Ryan,birthDate,1975,Robbie Ryan (cinematographer)
Robbie Ryan,member of,Academy of Motion Picture Arts and Sciences,Robbie Ryan (cinematographer)
Robbie Ryan,works in,United States,Robbie Ryan (cinematographer)
Robbie Ryan,hasAwards,Academy Award for Best Cinematography,Robbie Ryan (cinematographer)
Robbie Ryan,hasAwards,Independent Spirit Award for Best Cinematography,Robbie Ryan (cinematographer)
Robbie Ryan,filmography,The Favourite,Robbie Ryan (cinematographer)
Robbie Ryan,filmography,1917,Robbie Ryan (cinematographer)
Robbie Ryan,filmography,American Honey,Robbie Ryan (cinematographer)
Robbie Ryan,collaborates with,Yorgos Lanthimos,Robbie Ryan (cinematographer)
Robbie Ryan,collaborates with,Andrea Arnold,Robbie Ryan (cinematographer)
Robbie Ryan,cinematography style,Naturalistic,Robbie Ryan (cinematographer)
Robbie Ryan,usesCamera,Arriflex Alexa Mini,Robbie Ryan (cinematographer)
Robbie Ryan,usesCamera,Panavision Primo 70 Lenses,Robbie Ryan (cinematographer)
Robbie Ryan,member of,British Society of Cinematographers,Robbie Ryan (cinematographer)
Robbie Ryan,member of,Society of Cinematographers,Robbie Ryan (cinematographer)
Robbie Ryan,awards,BAFTA Award for Best Cinematography,Robbie Ryan (cinematographer)
Robbie Ryan,given name,Robbie,Robbie Ryan (cinematographer)
Robbie Ryan,family name,Ryan,Robbie Ryan (cinematographer)
Robbie Ryan,usesCamera,Arri,Robbie Ryan (cinematographer)
Robbie Ryan,usesCamera,Zeiss Ultra Prime Lenses,Robbie Ryan (cinematographer)
Robbie Ryan,cinematography style,Realistic,Robbie Ryan (cinematographer)
Robbie Ryan,filmography,The Souvenir,Robbie Ryan (cinematographer)
Robbie Ryan,filmography,The Lobster,Robbie Ryan (cinematographer)
Robbie Ryan,collaborates with,Efthymis Filippou,Robbie Ryan (cinematographer)
Robbie Ryan,hasAwards,Grand Prix des Amériques,Robbie Ryan (cinematographer)
Robbie Ryan,filmography,A24,Robbie Ryan (cinematographer)
Robbie Ryan,filmography,Amazon Studios,Robbie Ryan (cinematographer)
Robbie Ryan,filmography,Netflix,Robbie Ryan (cinematographer)
Robbie Ryan,filmography,Hulu,Robbie Ryan (cinematographer)
Robbie Ryan,filmography,BBC Films,Robbie Ryan (cinematographer)
Robbie Ryan,filmography,Film4,Robbie Ryan (cinematographer)
Robbie Ryan,filmography,British Film Institute,Robbie Ryan (cinematographer)
Robbie Ryan,filmography,Irish Film Institute,Robbie Ryan (cinematographer)
Robbie Ryan,filmography,Cannes Film Festival,Robbie Ryan (cinematographer)
Robbie Ryan,filmography,Sundance Film Festival,Robbie Ryan (cinematographer)
Robbie Ryan,filmography,Toronto International Film Festival,Robbie Ryan (cinematographer)
Robbie Ryan,filmography,Berlin International Film Festival,Robbie Ryan (cinematographer)
Robbie Ryan,filmography,Venice Film Festival,Robbie Ryan (cinematographer)
Robbie Ryan,filmography,Telluride Film Festival,Robbie Ryan (cinematographer)
Robbie Ryan,filmography,Critics' Choice Movie Awards,Robbie Ryan (cinematographer)
Robbie Ryan,filmography,Golden Globe Awards,Robbie Ryan (cinematographer)
Robbie Ryan,filmography,Screen Actors Guild Awards,Robbie Ryan (cinematographer)
Robbie Ryan,filmography,Writers Guild of America Awards,Robbie Ryan (cinematographer)
Robbie Ryan,filmography,Directors Guild of America Awards,Robbie Ryan (cinematographer)
Robbie Ryan,filmography,American Society of Cinematographers Awards,Robbie Ryan (cinematographer)
Robbie Ryan,filmography,British Academy of Film and Television Arts Awards,Robbie Ryan (cinematographer)
Robbie Ryan,filmography,Irish Film and Television Awards,Robbie Ryan (cinematographer)
Robbie Ryan,filmography,Gael Film Awards,Robbie Ryan (cinematographer)
Robbie Ryan,filmography,IFTA Film & Drama Awards,Robbie Ryan (cinematographer)
Robbie Ryan,filmography,Irish Film Institute Awards,Robbie Ryan (cinematographer)
Robbie Ryan,filmography,Dublin International Film Festival Awards,Robbie Ryan (cinematographer)
Robbie Ryan,filmography,Jameson Dublin International Film Festival Awards,Robbie Ryan (cinematographer)
Robbie Ryan,filmography,World Cinema Fund,Robbie Ryan (cinematographer)
Robbie Ryan,filmography,European Film Awards,Robbie Ryan (cinematographer)
Robbie Ryan,filmography,Los Angeles Film Festival,Robbie Ryan (cinematographer)
Robbie Ryan,filmography,Tribeca Film Festival,Robbie Ryan (cinematographer)
Robbie Ryan,filmography,Doha Film Festival,Robbie Ryan (cinematographer)
Robbie Ryan,filmography,BFI London Film Festival,Robbie Ryan (cinematographer)
Robbie Ryan,filmography,International Documentary Film Festival Amsterdam,Robbie Ryan (cinematographer)
Robbie Ryan,filmography,Viennale,Robbie Ryan (cinematographer)
Robbie Ryan,filmography,Mostra Internacional de Cinema de São Paulo,Robbie Ryan (cinematographer)
Robbie Ryan,filmography,Cairo International Film Festival,Robbie Ryan (cinematographer)
Robbie Ryan,filmography,Moscow International Film Festival,Robbie Ryan (cinematographer)
Robbie Ryan,filmography,Tokyo International Film Festival,Robbie Ryan (cinematographer)
Robbie Ryan,filmography,AFI Awards,Robbie Ryan (cinematographer)
Edward D. Sheafer Jr.,instance of,Person,Edward D. Sheafer Jr.
Edward D. Sheafer Jr.,occupation,Diplomat,Edward D. Sheafer Jr.
Edward D. Sheafer Jr.,occupation,Government servant,Edward D. Sheafer Jr.
Edward D. Sheafer Jr.,position held,United States Ambassador to Albania,Edward D. Sheafer Jr.
Edward D. Sheafer Jr.,educated at,Harvard University,Edward D. Sheafer Jr.
Edward D. Sheafer Jr.,educated at,United States Army War College,Edward D. Sheafer Jr.
Edward D. Sheafer Jr.,has works in the collection,United States Department of State,Edward D. Sheafer Jr.
Edward D. Sheafer Jr.,date of birth,1934,Edward D. Sheafer Jr.
Edward D. Sheafer Jr.,date of death,unknown,Edward D. Sheafer Jr.
subject,predicate,object,Peking University First Hospital
Peking University First Hospital,P31,Hospital,Peking University First Hospital
Peking University First Hospital,P361,Beijing,Peking University First Hospital
Peking University First Hospital,P488,Peking University,Peking University First Hospital
Peking University First Hospital,P571,1952-01-01,Peking University First Hospital
Peking University First Hospital,P6,Teaching Hospital,Peking University First Hospital
Peking University First Hospital,P279,Tertiary Care Hospital,Peking University First Hospital
Peking University First Hospital,P973,http://www.pkufhc.cn/,Peking University First Hospital
Peking University First Hospital,P585,Chairman of Peking University First Hospital,Peking University First Hospital
Peking University First Hospital,P856,https://en.wikipedia.org/wiki/Peking_University_First_Hospital,Peking University First Hospital
Peking University First Hospital,P788,100034,Peking University First Hospital
Peking University First Hospital,P31,Academic Medical Center,Peking University First Hospital
subject,predicate,object,Tamil Times
Tamil Times,P31,Newspaper,Tamil Times
Tamil Times,P17,United Kingdom,Tamil Times
Tamil Times,P1476,English,Tamil Times
Tamil Times,P973,Tamil Times,Tamil Times
Tamil Times,P inception,2001,Tamil Times
Tamil Times,P21,Tamil,Tamil Times
Tamil Times,P279,Online newspaper,Tamil Times
Tamil Times,P854,https://tamiltimes.com/,Tamil Times
Tamil Times,P576,London,Tamil Times
Tamil Times,P31,Online newspaper,Tamil Times
Tamil Times,P469,Newspaper in the United Kingdom,Tamil Times
Tamil Times,P840,British newspaper,Tamil Times
subject,predicate,object_value,Jim Cox (baseball)
Acta Zoologica Cracoviensia,rdf:type,Journal,Acta Zoologica Cracoviensia
Acta Zoologica Cracoviensia,country,Poland,Acta Zoologica Cracoviensia
Acta Zoologica Cracoviensia,publisher,Polska Akademia Nauk,Acta Zoologica Cracoviensia
Acta Zoologica Cracoviensia,ISSN,0065-1587,Acta Zoologica Cracoviensia
Acta Zoologica Cracoviensia,subject,Zoology,Acta Zoologica Cracoviensia
Acta Zoologica Cracoviensia,language,Polish,Acta Zoologica Cracoviensia
Acta Zoologica Cracoviensia,language,English,Acta Zoologica Cracoviensia
Acta Zoologica Cracoviensia,inception,1954,Acta Zoologica Cracoviensia
Acta Zoologica Cracoviensia,abbreviation,Acta Zool Cracov,Acta Zoologica Cracoviensia
Acta Zoologica Cracoviensia,web_page,https://journals.pan.pl/acta-zoologica-cracoviensia,Acta Zoologica Cracoviensia
Acta Zoologica Cracoviensia,has_part,Acta Zoologica Cracoviensia. Suplementum,Acta Zoologica Cracoviensia
Acta Zoologica Cracoviensia,has_part,Acta Zoologica Cracoviensia. Seria nova,Acta Zoologica Cracoviensia
Acta Zoologica Cracoviensia,merger,Acta Theriologica,Acta Zoologica Cracoviensia
Acta Zoologica Cracoviensia,merger,Annales Zoologici,Acta Zoologica Cracoviensia
Acta Zoologica Cracoviensia,series,Series B: Evolution,Acta Zoologica Cracoviensia
Acta Zoologica Cracoviensia,series,Series C: Vertebrorum Poloniae,Acta Zoologica Cracoviensia
subject,predicate,object,Roman amphitheatre of Italica
Roman amphitheatre of Italica,instance of,amphitheatre,Roman amphitheatre of Italica
Roman amphitheatre of Italica,located in,Italica,Roman amphitheatre of Italica
Roman amphitheatre of Italica,location,Spain,Roman amphitheatre of Italica
Roman amphitheatre of Italica,part of,Roman ruins,Roman amphitheatre of Italica
Roman amphitheatre of Italica,has material,stone,Roman amphitheatre of Italica
Roman amphitheatre of Italica,has material,brick,Roman amphitheatre of Italica
Roman amphitheatre of Italica,built by,Roman Empire,Roman amphitheatre of Italica
Roman amphitheatre of Italica,built in,1st century,Roman amphitheatre of Italica
Roman amphitheatre of Italica,used for,gladiatorial combat,Roman amphitheatre of Italica
Roman amphitheatre of Italica,used for,theatrical performance,Roman amphitheatre of Italica
Roman amphitheatre of Italica,diameter,125 meter,Roman amphitheatre of Italica
Roman amphitheatre of Italica,width,105 meter,Roman amphitheatre of Italica
Roman amphitheatre of Italica,archaeological site,yes,Roman amphitheatre of Italica
Roman amphitheatre of Italica,protected by,Bien de Interés Cultural,Roman amphitheatre of Italica
Roman amphitheatre of Italica,located near,Santiponce,Roman amphitheatre of Italica
Roman amphitheatre of Italica,has architectural style,Roman architecture,Roman amphitheatre of Italica
Roman amphitheatre of Italica,commissioned by,Trajan,Roman amphitheatre of Italica
Roman amphitheatre of Italica,has part,cavea,Roman amphitheatre of Italica
Roman amphitheatre of Italica,has part,arena,Roman amphitheatre of Italica
Roman amphitheatre of Italica,has part,vomitorium,Roman amphitheatre of Italica
Roman amphitheatre of Italica,located in,San José de la Rinconada,Roman amphitheatre of Italica
Roman amphitheatre of Italica,category,Roman amphitheatre,Roman amphitheatre of Italica
Roman amphitheatre of Italica,made of,opus caementicium,Roman amphitheatre of Italica
Roman amphitheatre of Italica,heritage designation,Bien de Interés Cultural,Roman amphitheatre of Italica
Pennsylvania Railroad class C1,instance of,steam locomotive,Pennsylvania Railroad class C1
Pennsylvania Railroad class C1,manufacturer,Pennsylvania Railroad,Pennsylvania Railroad class C1
Pennsylvania Railroad class C1,number of cylinders,4,Pennsylvania Railroad class C1
Pennsylvania Railroad class C1,drive type,4-6-4,Pennsylvania Railroad class C1
Pennsylvania Railroad class C1,power type,steam,Pennsylvania Railroad class C1
Pennsylvania Railroad class C1,operator,Pennsylvania Railroad,Pennsylvania Railroad class C1
Pennsylvania Railroad class C1,class,C1,Pennsylvania Railroad class C1
Pennsylvania Railroad class C1,has part,boiler,Pennsylvania Railroad class C1
Pennsylvania Railroad class C1,has part,cylinder,Pennsylvania Railroad class C1
Pennsylvania Railroad class C1,has part,driving wheel,Pennsylvania Railroad class C1
Pennsylvania Railroad class C1,built at,Juniata Shops,Pennsylvania Railroad class C1
Pennsylvania Railroad class C1,built in,1901,Pennsylvania Railroad class C1
Pennsylvania Railroad class C1,withdrawn,1949,Pennsylvania Railroad class C1
Pennsylvania Railroad class C1,replaced by,K4s,Pennsylvania Railroad class C1
Pennsylvania Railroad class C1,total produced,100,Pennsylvania Railroad class C1
Pennsylvania Railroad class C1,wheelbase,14 ft 2 in,Pennsylvania Railroad class C1
Pennsylvania Railroad class C1,max speed,100 mph,Pennsylvania Railroad class C1
Pennsylvania Railroad class C1,transmission,steam-electric,Pennsylvania Railroad class C1
Pennsylvania Railroad class C1,fuel type,coal,Pennsylvania Railroad class C1
Pennsylvania Railroad class C1,fire type,fire-tube,Pennsylvania Railroad class C1
Pennsylvania Railroad class C1,cylindrical firebox,true,Pennsylvania Railroad class C1
Pennsylvania Railroad class C1,diameter of cylinder,21 in,Pennsylvania Railroad class C1
Pennsylvania Railroad class C1,piston valve,true,Pennsylvania Railroad class C1
Pennsylvania Railroad class C1,valve gear,Wootten,Pennsylvania Railroad class C1
Pennsylvania Railroad class C1,train braking,air,Pennsylvania Railroad class C1
Pennsylvania Railroad class C1,coupling type,Janney,Pennsylvania Railroad class C1
Pennsylvania Railroad class C1,number of drivers,4,Pennsylvania Railroad class C1
Pennsylvania Railroad class C1,diameter of driving wheel,80 in,Pennsylvania Railroad class C1
Pennsylvania Railroad class C1,locomotive number,81,Pennsylvania Railroad class C1
Pennsylvania Railroad class C1,builder,Pennsylvania Railroad Juniata Shops,Pennsylvania Railroad class C1
Pennsylvania Railroad class C1,build date,1901,Pennsylvania Railroad class C1
Pennsylvania Railroad class C1,disposition,scrapped,Pennsylvania Railroad class C1
Pennsylvania Railroad class C1,preserved,false,Pennsylvania Railroad class C1
Pennsylvania Railroad class C1,railroad,Pennsylvania Railroad,Pennsylvania Railroad class C1
Pennsylvania Railroad class C1,Whyte notation,4-6-4,Pennsylvania Railroad class C1
Pennsylvania Railroad class C1,Baldwin classification,16,Pennsylvania Railroad class C1
Pennsylvania Railroad class C1,ALCO classification,C-1,Pennsylvania Railroad class C1
Pennsylvania Railroad class C1,electrics,3-phase AC,Pennsylvania Railroad class C1
Pennsylvania Railroad class C1,electrical system,3-phase AC,Pennsylvania Railroad class C1
Pennsylvania Railroad class C1,collection system,pantograph,Pennsylvania Railroad class C1
Pennsylvania Railroad class C1,frequency,25 Hz,Pennsylvania Railroad class C1
Pennsylvania Railroad class C1,factor of adhesion,4.4,Pennsylvania Railroad class C1
Pennsylvania Railroad class C1,cylinder size,21 in,Pennsylvania Railroad class C1
Pennsylvania Railroad class C1,stroke,24 in,Pennsylvania Railroad class C1
Lesser prairie-chicken,P31,North America,Lesser prairie-chicken
Lesser prairie-chicken,P61,United States,Lesser prairie-chicken
Lesser prairie-chicken,P31,Canada,Lesser prairie-chicken
Lesser prairie-chicken,P706,grasslands,Lesser prairie-chicken
Lesser prairie-chicken,P279,Tympanuchus,Lesser prairie-chicken
Lesser prairie-chicken,P1889,Tympanuchus pallidicinctus,Lesser prairie-chicken
Lesser prairie-chicken,P617,46 cm,Lesser prairie-chicken
Lesser prairie-chicken,P118,550 g,Lesser prairie-chicken
Lesser prairie-chicken,P1416,near-threatened species,Lesser prairie-chicken
Lesser prairie-chicken,P973,IUCN,Lesser prairie-chicken
Lesser prairie-chicken,P2604,listed in,Lesser prairie-chicken
Lesser prairie-chicken,P2605,protected by,Lesser prairie-chicken
Lesser prairie-chicken,P2611,lesser prairie-chicken,Lesser prairie-chicken
Lesser prairie-chicken,P2626,prairie chicken,Lesser prairie-chicken
Lesser prairie-chicken,P2636,grass grouse,Lesser prairie-chicken
Lesser prairie-chicken,P580,1878,Lesser prairie-chicken
Lesser prairie-chicken,P582,1910,Lesser prairie-chicken
Lesser prairie-chicken,P585,April,Lesser prairie-chicken
Lesser prairie-chicken,P586,May,Lesser prairie-chicken
Lesser prairie-chicken,P587,June,Lesser prairie-chicken
Lesser prairie-chicken,P591,lek,Lesser prairie-chicken
Lesser prairie-chicken,P600,mating,Lesser prairie-chicken
Lesser prairie-chicken,P607,food,Lesser prairie-chicken
Lesser prairie-chicken,P618,insect,Lesser prairie-chicken
Lesser prairie-chicken,P625,seed,Lesser prairie-chicken
Lesser prairie-chicken,P630,grassland,Lesser prairie-chicken
Lesser prairie-chicken,P641,Conservation status,Lesser prairie-chicken
Lesser prairie-chicken,P672,lesser prairie chicken,Lesser prairie-chicken
Lesser prairie-chicken,P680,bird,Lesser prairie-chicken
Lesser prairie-chicken,P683,Chordata,Lesser prairie-chicken
Lesser prairie-chicken,P686,Galliformes,Lesser prairie-chicken
Lesser prairie-chicken,P694,Phasianidae,Lesser prairie-chicken
Lesser prairie-chicken,P703,Tympanuchus,Lesser prairie-chicken
Lesser prairie-chicken,P706,habitat,Lesser prairie-chicken
Lesser prairie-chicken,P717,type,Lesser prairie-chicken
Lesser prairie-chicken,P719,Kingdom,Lesser prairie-chicken
Lesser prairie-chicken,P736,Animal,Lesser prairie-chicken
Lesser prairie-chicken,P743,Chordate,Lesser prairie-chicken
Lesser prairie-chicken,P756,species,Lesser prairie-chicken
Lesser prairie-chicken,P772,Taxonomic rank,Lesser prairie-chicken
Lesser prairie-chicken,P783,Binomial,Lesser prairie-chicken
Lesser prairie-chicken,P788,Genus,Lesser prairie-chicken
Lesser prairie-chicken,P792,specific epithet,Lesser prairie-chicken
Lesser prairie-chicken,P814,image,Lesser prairie-chicken
Lesser prairie-chicken,P859,said to be the same as,Lesser prairie-chicken
Lesser prairie-chicken,P901,has part,Lesser prairie-chicken
Lesser prairie-chicken,P102,native language,Lesser prairie-chicken
Lesser prairie-chicken,P108,has cause,Lesser prairie-chicken
Lesser prairie-chicken,P110,has location,Lesser prairie-chicken
Lesser prairie-chicken,P111,category,Lesser prairie-chicken
Lesser prairie-chicken,P113,has material,Lesser prairie-chicken
Lesser prairie-chicken,P114,has object,Lesser prairie-chicken
Lesser prairie-chicken,P115,has property,Lesser prairie-chicken
Lesser prairie-chicken,P121,has external data,Lesser prairie-chicken
Vipera berus sachalinensis,instance of,subspecies,Vipera berus sachalinensis
Vipera berus sachalinensis,part of,Vipera berus,Vipera berus sachalinensis
Vipera berus sachalinensis,found in,Russia,Vipera berus sachalinensis
Vipera berus sachalinensis,found in,Sakhalin,Vipera berus sachalinensis
Vipera berus sachalinensis,taxonomic rank,subspecies,Vipera berus sachalinensis
Vipera berus sachalinensis,has synonym,Vipera sachalinensis,Vipera berus sachalinensis
2012 OFC Nations Cup final,P31,sporting event,2012 OFC Nations Cup final
2012 OFC Nations Cup final,P19,Tahiti,2012 OFC Nations Cup final
2012 OFC Nations Cup final,P361,Stade Maâma Onfou'a,2012 OFC Nations Cup final
2012 OFC Nations Cup final,P dates,2012,2012 OFC Nations Cup final
2012 OFC Nations Cup final,P17,New Zealand national football team,2012 OFC Nations Cup final
2012 OFC Nations Cup final,P18,Tahiti national football team,2012 OFC Nations Cup final
2012 OFC Nations Cup final,P2,0-1,2012 OFC Nations Cup final
2012 OFC Nations Cup final,P46,New Zealand,2012 OFC Nations Cup final
2012 OFC Nations Cup final,P625,17:00 UTC,2012 OFC Nations Cup final
2012 OFC Nations Cup final,P565,2012 OFC Nations Cup,2012 OFC Nations Cup final
Never Worn White,instance of,song,Never Worn White
Never Worn White,part of,Album,Never Worn White
Never Worn White,main subject,Marriage,Never Worn White
Never Worn White,creator,Kesha,Never Worn White
Never Worn White,published in,2020,Never Worn White
Never Worn White,genre,Pop music,Never Worn White
Never Worn White,has lyrics on,Genius,Never Worn White
Never Worn White,has music video on,YouTube,Never Worn White
Never Worn White,producer,Louis Biancaniello,Never Worn White
Never Wown White,producer,Sam Farr,Never Worn White
Never Worn White,recorded by,Kesha,Never Worn White
Never Worn White,published by,RCA Records,Never Worn White
subject,predicate,object,Louth Museum
Louth Museum,P31,Museum,Louth Museum
Louth Museum,P106,Tourist attraction,Louth Museum
Louth Museum,P18,http://www.louthmuseum.co.uk,Louth Museum
Louth Museum,P279,United Kingdom,Louth Museum
Louth Museum,P571,1974,Louth Museum
Louth Museum,P136,Museum of Childhood,Louth Museum
Louth Museum,P625,Louth,Louth Museum
Louth Museum,P131,East Lindsey,Louth Museum
Louth Museum,P31,Building,Louth Museum
Louth Museum,P463,http://www.visitlouth.com/louth-museum/,Louth Museum
subject,predicate,object,Krouna train accident
Krouna train accident,P31,train accident,Krouna train accident
Krouna train accident,P571,1967-11-14,Krouna train accident
Krouna train accident,P14,Czechoslovakia,Krouna train accident
Krouna train accident,P840,Czech Republic,Krouna train accident
Krouna train accident,P585,49.8173°N 16.2433°E,Krouna train accident
Krouna train accident,P279,Railway accident in Krouna,Krouna train accident
Krouna train accident,P973,Category:Krouna train accident,Krouna train accident
Krouna train accident,P973,Category:November 1967 events in Czechoslovakia,Krouna train accident
subject,predicate,object,Brown-snouted blind snake
Brown-snouted blind snake,instance of,snake,Brown-snouted blind snake
Brown-snouted blind snake,instance of,blind snake,Brown-snouted blind snake
Brown-snouted blind snake,subclass of,Typhlopidae,Brown-snouted blind snake
Brown-snouted blind snake,has scientific name,Ramphotyphlops brunescens,Brown-snouted blind snake
Ramphotyphlops brunescens,is a scientific name of,Brown-snouted blind snake,Brown-snouted blind snake
Brown-snouted blind snake,found in,Australia,Brown-snouted blind snake
Brown-snouted blind snake,habitat,terrestrial,Brown-snouted blind snake
Brown-snouted blind snake,behavior,burrowing,Brown-snouted blind snake
Brown-snouted blind snake,class,Reptilia,Brown-snouted blind snake
Brown-snouted blind snake,order,Squamata,Brown-snouted blind snake
Brown-snouted blind snake,family,Typhlopidae,Brown-snouted blind snake
Brown-snouted blind snake,genus,Ramphotyphlops,Brown-snouted blind snake
Brown-snouted blind snake,conservation status,Least Concern,Brown-snouted blind snake
Brown-snouted blind snake,IUCN ID,176708454,Brown-snouted blind snake
Brown-snouted blind snake,taxon rank,species,Brown-snouted blind snake
Marcell Ateman,wdt:P31,Q5,Marcell Ateman
Marcell Ateman,wdt:P106,Q639669,Marcell Ateman
Marcell Ateman,wdt:P18,Q12345678,Marcell Ateman
Marcell Ateman,wdt:P569,1997-12-19,Marcell Ateman
Marcell Ateman,wdt:P27,Q30,Marcell Ateman
Marcell Ateman,wdt:P858,Q123456,Marcell Ateman
Marcell Ateman,wdt:P364,en,Marcell Ateman
Marcell Ateman,wdt:P735,Q123456,Marcell Ateman
Marcell Ateman,wdt:P200,Q123456,Marcell Ateman
Marcell Ateman,wdt:P206,Q123456,Marcell Ateman
Marcell Ateman,wdt:P106,Q82955,Marcell Ateman
Marcell Ateman,wdt:P18,https://upload.wikimedia.org/wikipedia/commons/thumb/5/5f/Marcell_Ateman.jpg/250px-Marcell_Ateman.jpg,Marcell Ateman
Marcell Ateman,wdt:P858,https://www.rugbydatabase.co.nz/player/4777.html,Marcell Ateman
Marcell Ateman,wdt:P735,Q1663653,Marcell Ateman
Marcell Ateman,wdt:P200,Q1663653,Marcell Ateman
Marcell Ateman,wdt:P206,Q1663653,Marcell Ateman
Marcell Ateman,wdt:P453,Q966,Marcell Ateman
Marcell Ateman,wdt:P489,Q12345,Marcell Ateman
Marcell Ateman,wdt:P166,Q1663653,Marcell Ateman
subject,predicate,object,Australia at the 2018 Winter Olympics
Australia at the 2018 Winter Olympics,P31,Olympic games,Australia at the 2018 Winter Olympics
Australia at the 2018 Winter Olympics,P17,2018 Winter Olympics,Australia at the 2018 Winter Olympics
Australia at the 2018 Winter Olympics,P18,Olympic Games,Australia at the 2018 Winter Olympics
Australia at the 2018 Winter Olympics,P19,Australia,Australia at the 2018 Winter Olympics
Australia at the 2018 Winter Olympics,P20,Pyeongchang,Australia at the 2018 Winter Olympics
Australia at the 2018 Winter Olympics,P21,2018-02-09,Australia at the 2018 Winter Olympics
Australia at the 2018 Winter Olympics,P22,2018-02-25,Australia at the 2018 Winter Olympics
Australia at the 2018 Winter Olympics,P23,Olympic Athletes from Russia,Australia at the 2018 Winter Olympics
Australia at the 2018 Winter Olympics,P24,32,Australia at the 2018 Winter Olympics
Australia at the 2018 Winter Olympics,P25,2,Australia at the 2018 Winter Olympics
Australia at the 2018 Winter Olympics,P26,17,Australia at the 2018 Winter Olympics
Australia at the 2018 Winter Olympics,P27,0,Australia at the 2018 Winter Olympics
Australia at the 2018 Winter Olympics,P28,0,Australia at the 2018 Winter Olympics
Australia at the 2018 Winter Olympics,P29,1,Australia at the 2018 Winter Olympics
Australia at the 2018 Winter Olympics,P30,1,Australia at the 2018 Winter Olympics
Australia at the 2018 Winter Olympics,P18,Winter Olympic Games,Australia at the 2018 Winter Olympics
Australia at the 2018 Winter Olympics,P23,32,Australia at the 2018 Winter Olympics
Australia at the 2018 Winter Olympics,P24,17,Australia at the 2018 Winter Olympics
Australia at the 2018 Winter Olympics,P26,0,Australia at the 2018 Winter Olympics
Australia at the 2018 Winter Olympics,P27,1,Australia at the 2018 Winter Olympics
Australia at the 2018 Winter Olympics,P28,1,Australia at the 2018 Winter Olympics
Australia at the 2018 Winter Olympics,P29,Olympic Athletes from Russia,Australia at the 2018 Winter Olympics
Australia at the 2018 Winter Olympics,P30,Athletes from Guatemala,Australia at the 2018 Winter Olympics
Australia at the 2018 Winter Olympics,P29,Q2741,Australia at the 2018 Winter Olympics
Australia at the 2018 Winter Olympics,P30,Q7369,Australia at the 2018 Winter Olympics
Australia at the 2018 Winter Olympics,P31,Q189,Australia at the 2018 Winter Olympics
Australia at the 2018 Winter Olympics,P32,Q1418,Australia at the 2018 Winter Olympics
Australia at the 2018 Winter Olympics,P33,Q2019,Australia at the 2018 Winter Olympics
Australia at the 2018 Winter Olympics,P34,Q1331,Australia at the 2018 Winter Olympics
Australia at the 2018 Winter Olympics,P35,Q1500,Australia at the 2018 Winter Olympics
NGC 4999,instance of,Spiral galaxy,NGC 4999
NGC 4999,located in,Coma constellation,NGC 4999
NGC 4999,discovered by,William Herschel,NGC 4999
NGC 4999,discovery date,1784-04-01,NGC 4999
NGC 4999,redshift,0.0223,NGC 4999
NGC 4999,distance,320 million light-years,NGC 4999
NGC 4999,group of galaxies,Coma galaxy cluster,NGC 4999
NGC 4999,morphological type,Sbc,NGC 4999
NGC 4999,has part,Star-forming region,NGC 4999
NGC 4999,has part,H II region,NGC 4999
NGC 4999,uses,BCG,NGC 4999
NGC 4999,BCG,12.49,NGC 4999
NGC 4999,absolute magnitude,-21.5,NGC 4999
NGC 4999,mass,3.4e+10,NGC 4999
NGC 4999,metallicity,-0.34,NGC 4999
NGC 4999,rotation velocity,179.0,NGC 4999
NGC 4999,effective radius,4.9,NGC 4999
NGC 4999,surface brightness,20.6,NGC 4999
NGC 4999,radial velocity,6687,NGC 4999
NGC 4999,P31,Q463,NGC 4999
NGC 4999,P279,Q121,NGC 4999
NGC 4999,P569,Q33479,NGC 4999
NGC 4999,P678,Q33479,NGC 4999
NGC 4999,P206,Q121,NGC 4999
NGC 4999,P443,Q1222113,NGC 4999
NGC 4999,P818,Q1222113,NGC 4999
NGC 4999,P723,Q1222113,NGC 4999
NGC 4999,P716,Q1222113,NGC 4999
NGC 4999,P1186,Q1222113,NGC 4999
NGC 4999,P1208,Q1222113,NGC 4999
NGC 4999,P1216,Q1222113,NGC 4999
NGC 4999,P1279,Q1222113,NGC 4999
NGC 4999,P1280,Q1222113,NGC 4999
NGC 4999,P1281,Q1222113,NGC 4999
NGC 4999,P1282,Q1222113,NGC 4999
NGC 4999,P1283,Q1222113,NGC 4999
NGC 4999,P1284,Q1222113,NGC 4999
NGC 4999,P1285,Q1222113,NGC 4999
NGC 4999,P1286,Q1222113,NGC 4999
subject,predicate,object,Arnold Juklerød
Arnold Juklerød,P31,Q5,Arnold Juklerød
Arnold Juklerød,P106,Q639669,Arnold Juklerød
Arnold Juklerød,P18,https://commons.wikimedia.org/wiki/File:Arnold_Jukler%C3%B8d.jpg,Arnold Juklerød
Arnold Juklerød,P569,1893-11-01,Arnold Juklerød
Arnold Juklerød,P570,1962-01-29,Arnold Juklerød
Arnold Juklerød,P19,Q207363,Arnold Juklerød
Arnold Juklerød,P27,Q30,Arnold Juklerød
Arnold Juklerød,P734,Q207363,Arnold Juklerød
Arnold Juklerød,P39,Q207363,Arnold Juklerød
subject,predicate,object,"St Peter Parmentergate, Norwich"
St Peter Parmentergate,Norwich,P31,"St Peter Parmentergate, Norwich"
St Peter Parmentergate,Norwich,Q515,"St Peter Parmentergate, Norwich"
St Peter Parmentergate,Norwich,P18,"St Peter Parmentergate, Norwich"
St Peter Parmentergate,Norwich,Q285,"St Peter Parmentergate, Norwich"
St Peter Parmentergate,Norwich,P17,"St Peter Parmentergate, Norwich"
St Peter Parmentergate,Norwich,Q145,"St Peter Parmentergate, Norwich"
St Peter Parmentergate,Norwich,P1,"St Peter Parmentergate, Norwich"
St Peter Parmentergate,Norwich,Q235,"St Peter Parmentergate, Norwich"
St Peter Parmentergate,Norwich,P469,"St Peter Parmentergate, Norwich"
St Peter Parmentergate,Norwich,Q186774,"St Peter Parmentergate, Norwich"
St Peter Parmentergate,Norwich,P576,"St Peter Parmentergate, Norwich"
St Peter Parmentergate,Norwich,Q193127,"St Peter Parmentergate, Norwich"
St Peter Parmentergate,Norwich,P973,"St Peter Parmentergate, Norwich"
St Peter Parmentergate,Norwich,Q56509,"St Peter Parmentergate, Norwich"
subject,predicate,object,2003 Sundance Film Festival
2003 Sundance Film Festival,P31,2003,2003 Sundance Film Festival
2003 Sundance Film Festival,P17,Sundance Film Festival,2003 Sundance Film Festival
2003 Sundance Film Festival,P279,Utah,2003 Sundance Film Festival
2003 Sundance Film Festival,P571,2003-01-09,2003 Sundance Film Festival
2003 Sundance Film Festival,P582,2003-01-19,2003 Sundance Film Festival
2003 Sundance Film Festival,P973,Sundance Institute,2003 Sundance Film Festival
2003 Sundance Film Festival,P18,Category:2003_Sundance_Film_Festival,2003 Sundance Film Festival
2003 Sundance Film Festival,P646,https://www.sundance.org/events/sundance-film-festival,2003 Sundance Film Festival
2003 Sundance Film Festival,P14,Park City,2003 Sundance Film Festival
2003 Sundance Film Festival,P14,Salt Lake City,2003 Sundance Film Festival
2003 Sundance Film Festival,P14,Utah,2003 Sundance Film Festival
2003 Sundance Film Festival,P27,film festival,2003 Sundance Film Festival
2003 Sundance Film Festival,P469,Category:2003_films,2003 Sundance Film Festival
Djamel Ibouzidène,instance of,human,Djamel Ibouzidène
Djamel Ibouzidène,occupation,association football player,Djamel Ibouzidène
Djamel Ibouzidène,position,goalkeeper,Djamel Ibouzidène
Djamel Ibouzidène,active years,2004,Djamel Ibouzidène
Djamel Ibouzidène,active years,2012,Djamel Ibouzidène
Djamel Ibouzidène,country of citizenship,Algeria,Djamel Ibouzidène
Djamel Ibouzidène,has works in the collection,National Museum of Modern Art,Djamel Ibouzidène
Djamel Ibouzidène,plays for,CA Batna,Djamel Ibouzidène
Djamel Ibouzidène,plays for,CR Belouizdad,Djamel Ibouzidène
Djamel Ibouzidène,plays for,USM Alger,Djamel Ibouzidène
Djamel Ibouzidène,date of birth,1985,Djamel Ibouzidène
Also,note that some predicates might be more specific or have subcategories,but I used general ones from Wikidata schema.,Shattered (Casey book)
subject,predicate,object,1971 Tour of Flanders
1971 Tour of Flanders,instance of,Cycling race,1971 Tour of Flanders
1971 Tour of Flanders,part of,1971 UCI Road World Championships,1971 Tour of Flanders
1971 Tour of Flanders,location,Belgium,1971 Tour of Flanders
1971 Tour of Flanders,start date,1971-04-04,1971 Tour of Flanders
1971 Tour of Flanders,winner,Joop Zoetemelk,1971 Tour of Flanders
1971 Tour of Flanders,participant,Joop Zoetemelk,1971 Tour of Flanders
1971 Tour of Flanders,participant,Cyrille Guimard,1971 Tour of Flanders
1971 Tour of Flanders,participant,Josef Fuchs,1971 Tour of Flanders
1971 Tour of Flanders,distance,250 km,1971 Tour of Flanders
1971 Tour of Flanders,follows,1970 Tour of Flanders,1971 Tour of Flanders
1971 Tour of Flanders,preceded by,1972 Tour of Flanders,1971 Tour of Flanders
1971 Tour of Flanders,has winner,Joop Zoetemelk,1971 Tour of Flanders
1971 Tour of Flanders,organizer,Royal Cycling League,1971 Tour of Flanders
1971 Tour of Flanders,category,UCI Category 1,1971 Tour of Flanders
1971 Tour of Flanders,award,1971 UCI World Championships,1971 Tour of Flanders
1971 Tour of Flanders,point,250 km,1971 Tour of Flanders
1971 Tour of Flanders,point,Flemish Brabant,1971 Tour of Flanders
1971 Tour of Flanders,point,East Flanders,1971 Tour of Flanders
1971 Tour of Flanders,point,Antwerp,1971 Tour of Flanders
1971 Tour of Flanders,point,Ghent,1971 Tour of Flanders
1971 Tour of Flanders,second place,Cyrille Guimard,1971 Tour of Flanders
1971 Tour of Flanders,third place,Josef Fuchs,1971 Tour of Flanders
subject,predicate,object,2010 Rochdale Metropolitan Borough Council election
2010 Rochdale Metropolitan Borough Council election,P31,election,2010 Rochdale Metropolitan Borough Council election
2010 Rochdale Metropolitan Borough Council election,P571,2010-05-06,2010 Rochdale Metropolitan Borough Council election
2010 Rochdale Metropolitan Borough Council election,P625,Rochdale Metropolitan Borough Council,2010 Rochdale Metropolitan Borough Council election
2010 Rochdale Metropolitan Borough Council election,P143,2010 United Kingdom local elections,2010 Rochdale Metropolitan Borough Council election
2010 Rochdale Metropolitan Borough Council election,P19,Rochdale,2010 Rochdale Metropolitan Borough Council election
2010 Rochdale Metropolitan Borough Council election,P465,Metropolitan Borough of Rochdale,2010 Rochdale Metropolitan Borough Council election
2010 Rochdale Metropolitan Borough Council election,P973,http://www.rochdale.gov.uk/elections/2010/council-election-results-2010/,2010 Rochdale Metropolitan Borough Council election
2010 Rochdale Metropolitan Borough Council election,P706,2010 Rochdale Council election results,2010 Rochdale Metropolitan Borough Council election
2010 Rochdale Metropolitan Borough Council election,P100,1,2010 Rochdale Metropolitan Borough Council election
2010 Rochdale Metropolitan Borough Council election,P101,1,2010 Rochdale Metropolitan Borough Council election
2010 Rochdale Metropolitan Borough Council election,P102,1,2010 Rochdale Metropolitan Borough Council election
subject,predicate,object,2022 Colombian presidential election
2022 Colombian presidential election,P31,Q124875,2022 Colombian presidential election
2022 Colombian presidential election,P571,2022-05-29,2022 Colombian presidential election
2022 Colombian presidential election,P625,Colombia,2022 Colombian presidential election
2022 Colombian presidential election,P463,Colombia,2022 Colombian presidential election
2022 Colombian presidential election,P122,Gustavo Petro,2022 Colombian presidential election
2022 Colombian presidential election,P122,Rodolfo Hernández,2022 Colombian presidential election
2022 Colombian presidential election,P279,Presidential election,2022 Colombian presidential election
2022 Colombian presidential election,P585,2022,2022 Colombian presidential election
2022 Colombian presidential election,P856,https://www.presidencia.gov.co/elecciones-2022/,2022 Colombian presidential election
Gustavo Petro,P39,2022 Colombian presidential election,2022 Colombian presidential election
Rodolfo Hernández,P39,2022 Colombian presidential election,2022 Colombian presidential election
2022 Colombian presidential election,P706,Q56785168,2022 Colombian presidential election
2022 Colombian presidential election,P706,Q123456789,2022 Colombian presidential election
2022 Colombian presidential election,P131,2022 Colombian presidential election first round,2022 Colombian presidential election
2022 Colombian presidential election,P973,https://www.eltiempo.com/politica/elecciones-2022,2022 Colombian presidential election
2022 Colombian presidential election,P18,Category:2022 Colombian presidential election,2022 Colombian presidential election
Gustavo Petro,P569,2022-06-19,2022 Colombian presidential election
Rodolfo Hernández,P569,2022-06-19,2022 Colombian presidential election
2022 Colombian presidential election,P801,Q112459305,2022 Colombian presidential election
2022 Colombian presidential election,P973,https://colombia.indomexico.com.co/buscar?query=Elecciones+presidenciales+de+Colombia+2022,2022 Colombian presidential election
2022 Colombian presidential election,P31,Q1645825,2022 Colombian presidential election
subject,predicate,object,Gutsbezirk Reinhardswald
Gutsbezirk Reinhardswald,P31,Q515,Gutsbezirk Reinhardswald
Gutsbezirk Reinhardswald,P17,Q515,Gutsbezirk Reinhardswald
Gutsbezirk Reinhardswald,P131,Q15295,Gutsbezirk Reinhardswald
Gutsbezirk Reinhardswald,P1449,Q15295,Gutsbezirk Reinhardswald
subject,predicate,object,Linlithgow Sheriff Court
Linlithgow Sheriff Court,instance of,court,Linlithgow Sheriff Court
Linlithgow Sheriff Court,located in,Scotland,Linlithgow Sheriff Court
Linlithgow Sheriff Court,located in,West Lothian,Linlithgow Sheriff Court
Linlithgow Sheriff Court,location,Linlithgow,Linlithgow Sheriff Court
Linlithgow Sheriff Court,has jurisdiction,West Lothian,Linlithgow Sheriff Court
Linlithgow Sheriff Court,type of court,Sheriff Court,Linlithgow Sheriff Court
Linlithgow Sheriff Court,part of,Scottish Courts and Tribunals Service,Linlithgow Sheriff Court
Linlithgow Sheriff Court,replaces,Linlithgow Burgh Court,Linlithgow Sheriff Court
Linlithgow Sheriff Court,has jurisdiction over,criminal cases,Linlithgow Sheriff Court
Linlithgow Sheriff Court,has jurisdiction over,civil cases,Linlithgow Sheriff Court
Linlithgow Sheriff Court,serves,Linlithgow,Linlithgow Sheriff Court
Linlithgow Sheriff Court,serves,Bo'ness,Linlithgow Sheriff Court
Linlithgow Sheriff Court,serves,Queensferry,Linlithgow Sheriff Court
Linlithgow Sheriff Court,serves,Linlithgowshire,Linlithgow Sheriff Court
Linlithgow Sheriff Court,is a,building,Linlithgow Sheriff Court
Linlithgow Sheriff Court,has architectural style,Victorian architecture,Linlithgow Sheriff Court
Linlithgow Sheriff Court,has historic significance,category B listed building,Linlithgow Sheriff Court
1988 NCAA Division II football season,P31,1988,1988 NCAA Division II football season
1988 NCAA Division II football season,instance of,NCAA Division II football season,1988 NCAA Division II football season
1988 NCAA Division II football season,P571,1988,1988 NCAA Division II football season
1988 NCAA Division II football season,start time,1988,1988 NCAA Division II football season
1988 NCAA Division II football season,P582,1988,1988 NCAA Division II football season
1988 NCAA Division II football season,end time,1988,1988 NCAA Division II football season
1988 NCAA Division II football season,P463,NCAA Division II,1988 NCAA Division II football season
1988 NCAA Division II football season,sports league,NCAA Division II,1988 NCAA Division II football season
1988 NCAA Division II football season,P25,1988 NCAA Division II football season,1988 NCAA Division II football season
1988 NCAA Division II football season,P18,Category:1988 in American football,1988 NCAA Division II football season
1988 NCAA Division II football season,P279,NCAA football season,1988 NCAA Division II football season
1988 NCAA Division II football season,subclass of,NCAA football season,1988 NCAA Division II football season
1988 NCAA Division II football season,P17,NCAA Division II,1988 NCAA Division II football season
1988 NCAA Division II football season,has part,NCAA Division II,1988 NCAA Division II football season
Jeanette Rodríguez,instance of,actress,Jeanette Rodríguez (actress)
Jeanette Rodríguez,given name,Jeanette Rodríguez,Jeanette Rodríguez (actress)
Jeanette Rodríguez,family name,Rodríguez,Jeanette Rodríguez (actress)
Jeanette Rodríguez,occupation,actress,Jeanette Rodríguez (actress)
Jeanette Rodríguez,country of citizenship,Chile,Jeanette Rodríguez (actress)
Jeanette Rodríguez,date of birth,1960,Jeanette Rodríguez (actress)
Jeanette Rodríguez,place of birth,Chile,Jeanette Rodríguez (actress)
Jeanette Rodríguez,spouse,Alfredo Casero,Jeanette Rodríguez (actress)
Jeanette Rodríguez,P31,Q5,Jeanette Rodríguez (actress)
Jeanette Rodríguez,P1477,Rodríguez,Jeanette Rodríguez (actress)
Jeanette Rodríguez,P106,actress,Jeanette Rodríguez (actress)
Jeanette Rodríguez,P27,Chile,Jeanette Rodríguez (actress)
Jeanette Rodríguez,P569,1960,Jeanette Rodríguez (actress)
Jeanette Rodríguez,P19,Chile,Jeanette Rodríguez (actress)
Jeanette Rodríguez,P26,Alfredo Casero,Jeanette Rodríguez (actress)
Colin Lundstrum,instance of,American football player,Colin Lundstrum
Colin Lundstrum,position,Linebacker,Colin Lundstrum
Colin Lundstrum,birthDate,1988-05-27,Colin Lundstrum
Colin Lundstrum,almaMater,University of Illinois at Urbana-Champaign,Colin Lundstrum
Colin Lundstrum,draftTeam,Chicago Bears,Colin Lundstrum
Colin Lundstrum,draftRound,2,Colin Lundstrum
Colin Lundstrum,draftPick,38,Colin Lundstrum
Colin Lundstrum,draftYear,2010,Colin Lundstrum
Colin Lundstrum,playsIn,National Football League,Colin Lundstrum
Colin Lundstrum,team,Chicago Bears,Colin Lundstrum
Colin Lundstrum,team,Jacksonville Jaguars,Colin Lundstrum
Colin Lundstrum,team,St. Louis Rams,Colin Lundstrum
Colin Lundstrum,hasRelative,Erik Lundstrum,Colin Lundstrum
Colin Lundstrum,dateOfBirth,1988-05-27T00:00:00Z,Colin Lundstrum
Colin Lundstrum,country,United States,Colin Lundstrum
Colin Lundstrum,givenName,Colin,Colin Lundstrum
Colin Lundstrum,familyName,Lundstrum,Colin Lundstrum
Colin Lundstrum,sport,American football,Colin Lundstrum
subject,predicate,object,Pilagás Department
Pilagás Department,instance of,department of Argentina,Pilagás Department
Pilagás Department,located in,Formosa Province,Pilagás Department
Pilagás Department,capital,Pilagás,Pilagás Department
Pilagás Department,has part,Pilagás,Pilagás Department
Pilagás Department,timezone,UTC-3,Pilagás Department
Pilagás Department,language,Spanish,Pilagás Department
Pilagás Department,category,Department of Argentina,Pilagás Department
Pilagás Department,located in,Argentina,Pilagás Department
Pilagás Department,elevation,99 m,Pilagás Department
White-headed wren,P31,Bird,White-headed wren
White-headed wren,P18,South America,White-headed wren
White-headed wren,P17,Colombia,White-headed wren
White-headed wren,P17,Venezuela,White-headed wren
White-headed wren,P17,Ecuador,White-headed wren
White-headed wren,P17,Peru,White-headed wren
White-headed wren,P39,Neotropics,White-headed wren
White-headed wren,P14,Tropical forest,White-headed wren
White-headed wren,P279,Passeriformes,White-headed wren
White-headed wren,P840,Animal Kingdom,White-headed wren
White-headed wren,P903,Wren,White-headed wren
White-headed wren,P851,Troglodytidae,White-headed wren
White-headed wren,P106,Bird species,White-headed wren
White-headed wren,P973,Q1134751,White-headed wren
White-headed wren,P122,Cathy C.  & Kenneth S.,White-headed wren
White-headed wren,P136,Sylvia taeniata,White-headed wren
White-headed wren,P181,ITIS,White-headed wren
White-headed wren,P702,Wren Bird,White-headed wren
subject,predicate,object,North Carolina Highway 125
North Carolina Highway 125,P31,highway,North Carolina Highway 125
North Carolina Highway 125,P18,North Carolina,North Carolina Highway 125
North Carolina Highway 125,P131,North Carolina Highway System,North Carolina Highway 125
North Carolina Highway 125,P279,Category:North Carolina state highways,North Carolina Highway 125
North Carolina Highway 125,P17,125,North Carolina Highway 125
North Carolina Highway 125,P840,NC 125,North Carolina Highway 125
subject,predicate,object,Owston's Warehouse
Owston's Warehouse,P31,warehouse,Owston's Warehouse
Owston's Warehouse,P571,1917,Owston's Warehouse
Owston's Warehouse,P18,Q1234567,Owston's Warehouse
Owston's Warehouse,P6379,London,Owston's Warehouse
Owston's Warehouse,P17,England,Owston's Warehouse
Owston's Warehouse,P279,United Kingdom,Owston's Warehouse
Owston's Warehouse,P629,Owston's,Owston's Warehouse
Owston's Warehouse,P463,brick,Owston's Warehouse
Owston's Warehouse,P361,London Borough of Hackney,Owston's Warehouse
Owston's Warehouse,P143,Grade II listed building,Owston's Warehouse
Owston's Warehouse,P642,architectural heritage monument,Owston's Warehouse
Owston's Warehouse,P973,https://www.english-heritage.org.uk/visit/places/owstons-warehouse,Owston's Warehouse
Owston's Warehouse,P architect,Frederick Wheeler,Owston's Warehouse
Owston's Warehouse,P commissioned by,Owston's,Owston's Warehouse
Owston's Warehouse,P40,warehouse conversion,Owston's Warehouse
subject,predicate,object,"St John the Evangelist's Church, Abram"
subject,predicate,object,Bembidion carolinense
Bembidion carolinense,instance of,insect,Bembidion carolinense
Bembidion carolinense,instance of,species,Bembidion carolinense
Bembidion carolinense,subclass of,Bembidion,Bembidion carolinense
Bembidion carolinense,has part,head,Bembidion carolinense
Bembidion carolinense,has part,thorax,Bembidion carolinense
Bembidion carolinense,has part,abdomen,Bembidion carolinense
Bembidion carolinense,has characteristic,beetle,Bembidion carolinense
Bembidion carolinense,found in,North America,Bembidion carolinense
Bembidion carolinense,found in,United States,Bembidion carolinense
Bembidion carolinense,habitat,wet environment,Bembidion carolinense
Bembidion carolinense,scientific name,Bembidion carolinense,Bembidion carolinense
Bembidion carolinense,family,Carabidae,Bembidion carolinense
Bembidion carolinense,order,Coleoptera,Bembidion carolinense
Bembidion carolinense,class,Insecta,Bembidion carolinense
Anna Glasier,instance of,human,Anna Glasier
Anna Glasier,occupation,reproductive health expert,Anna Glasier
Anna Glasier,educated at,University of Aberdeen,Anna Glasier
Anna Glasier,field of work,obstetrics and gynaecology,Anna Glasier
Anna Glasier,field of work,family planning,Anna Glasier
Anna Glasier,position,professor,Anna Glasier
Anna Glasier,employer,University of Edinburgh,Anna Glasier
Anna Glasier,member of,Royal College of Obstetricians and Gynaecologists,Anna Glasier
Anna Glasier,award,Fellow of the Royal College of Obstetricians and Gynaecologists,Anna Glasier
Anna Glasier,has academic degree,Doctor of Medicine,Anna Glasier
Anna Glasier,specializes in,contraception,Anna Glasier
Anna Glasier,provides service,reproductive health services,Anna Glasier
Anna Glasier,participates in,clinical trials,Anna Glasier
Anna Glasier,writes about,women's health,Anna Glasier
Hardcore Never Dies,instance of,music album,Hardcore Never Dies
Hardcore Never Dies,part of,Napalm Records,Hardcore Never Dies
Hardcore Never Dies,genre,hardcore punk,Hardcore Never Dies
Hardcore Never Dies,publication date,2004,Hardcore Never Dies
Hardcore Never Dies,artist,Mörser,Hardcore Never Dies
Hardcore Never Dies,series,Hardcore Never Dies,Hardcore Never Dies
Mörser,performer,Hardcore Never Dies,Hardcore Never Dies
Hardcore Never Dies,language,German,Hardcore Never Dies
subject,predicate,object,Georg Christoph Strattner
Georg Christoph Strattner,P31,Composer,Georg Christoph Strattner
Georg Christoph Strattner,P569,1665,Georg Christoph Strattner
Georg Christoph Strattner,P19,Nuremberg,Georg Christoph Strattner
Georg Christoph Strattner,P27,Holy Roman Empire,Georg Christoph Strattner
Georg Christoph Strattner,P106,Composer,Georg Christoph Strattner
Georg Christoph Strattner,P624,18th-century German composer,Georg Christoph Strattner
Georg Christoph Strattner,P50,Protestant,Georg Christoph Strattner
Georg Christoph Strattner,P131,Bavaria,Georg Christoph Strattner
subject,predicate,object,Leucadendron salicifolium
Leucadendron salicifolium,instance of,flowering plant,Leucadendron salicifolium
Leucadendron salicifolium,genus,Leucadendron,Leucadendron salicifolium
Leucadendron salicifolium,species,salicifolium,Leucadendron salicifolium
Leucadendron salicifolium,family,Proteaceae,Leucadendron salicifolium
Leucadendron salicifolium,native to,South Africa,Leucadendron salicifolium
Leucadendron salicifolium,has characteristic,leaf,Leucadendron salicifolium
Leucadendron salicifolium,has characteristic,stem,Leucadendron salicifolium
Leucadendron salicifolium,has characteristic,flower,Leucadendron salicifolium
Leucadendron salicifolium,grows in,fynbos,Leucadendron salicifolium
Leucadendron salicifolium,is a type of,shrub,Leucadendron salicifolium
Leucadendron salicifolium,has NCBI taxon ID,499467,Leucadendron salicifolium
Leucadendron salicifolium,has Kew tree ID,22985,Leucadendron salicifolium
Leucadendron salicifolium,is a member of,Proteaceae family,Leucadendron salicifolium
Leucadendron salicifolium,has a Wiki page at,Wikiversity,Leucadendron salicifolium
Lycosoura Artemis,instance of,deity,Lycosoura Artemis
Lycosoura Artemis,part of,Greek mythology,Lycosoura Artemis
Lycosoura Artemis,worshipped in,Lycosoura,Lycosoura Artemis
Lycosoura Artemis,has patron,Lycosoura,Lycosoura Artemis
Lycosoura Artemis,associated with,Artemis,Lycosoura Artemis
Lycosoura Artemis,is a,goddess,Lycosoura Artemis
Lycosoura Artemis,has occupation,protector,Lycosoura Artemis
Lycosoura Artemis,has attribute,bow and arrow,Lycosoura Artemis
Lycosoura Artemis,has relative,Apollo,Lycosoura Artemis
Lycosoura Artemis,has relative,Orion,Lycosoura Artemis
Lycosoura Artemis,has mythological significance,hunter,Lycosoura Artemis
Lycosoura Artemis,has depiction,sculpture,Lycosoura Artemis
Lycosoura Artemis,discovered in,Arcadia,Lycosoura Artemis
Lycosoura Artemis,created by,ancient Greeks,Lycosoura Artemis
Lycosoura Artemis,has representation,temple,Lycosoura Artemis
subject,predicate,object,Leh–Manali Highway
Leh–Manali Highway,instance of,highway,Leh–Manali Highway
Leh–Manali Highway,located in,India,Leh–Manali Highway
Leh–Manali Highway,connects,Leh,Leh–Manali Highway
Leh–Manali Highway,connects,Manali,Leh–Manali Highway
Leh–Manali Highway,part of,National Highway 1,Leh–Manali Highway
Leh–Manali Highway,length,470 kilometres,Leh–Manali Highway
Leh–Manali Highway,maintained by,Border Roads Organisation,Leh–Manali Highway
Leh–Manali Highway,traverses,Himalayas,Leh–Manali Highway
Leh–Manali Highway,also known as,Leh-Manali Highway,Leh–Manali Highway
Leh–Manali Highway,connects to,Srinagar–Leh Highway,Leh–Manali Highway
Leh–Manali Highway,crosses,Rohtang Pass,Leh–Manali Highway
Leh–Manali Highway,crosses,Baralacha La,Leh–Manali Highway
Leh–Manali Highway,crosses,Naki La,Leh–Manali Highway
Leh–Manali Highway,crosses,Lachulung La,Leh–Manali Highway
Leh–Manali Highway,has,multiple tunnels,Leh–Manali Highway
Leh–Manali Highway,has,multiple bridges,Leh–Manali Highway
Leh–Manali Highway,used for,transportation,Leh–Manali Highway
Leh–Manali Highway,used for,trade,Leh–Manali Highway
Leh–Manali Highway,affected by,snowfall,Leh–Manali Highway
Leh–Manali Highway,located in,Ladakh,Leh–Manali Highway
Leh–Manali Highway,passes through,Lahaul and Spiti district,Leh–Manali Highway
Leh–Manali Highway,passes through,Kullu district,Leh–Manali Highway
Leh–Manali Highway,ends at,Leh District,Leh–Manali Highway
Leh–Manali Highway,starts at,Kullu Valley,Leh–Manali Highway
Leh–Manali Highway,maintained by,Ministry of Defence,Leh–Manali Highway
Leh–Manali Highway,managed by,Border Roads Organisation,Leh–Manali Highway
Leh–Manali Highway,constructed by,Border Roads Organisation,Leh–Manali Highway
Leh–Manali Highway,opened in,1982,Leh–Manali Highway
Leh–Manali Highway,has,108 bridges,Leh–Manali Highway
Leh–Manali Highway,has,102 tunnels,Leh–Manali Highway
Leh–Manali Highway,features,Atal Tunnel,Leh–Manali Highway
Leh–Manali Highway,used for,vehicular traffic,Leh–Manali Highway
Leh–Manali Highway,allows,two-lane traffic,Leh–Manali Highway
Leh–Manali Highway,closed during,winter,Leh–Manali Highway
Leh–Manali Highway,affected by,landslides,Leh–Manali Highway
Leh–Manali Highway,connects to,National Highway 20,Leh–Manali Highway
Leh–Manali Highway,connects to,NH 1,Leh–Manali Highway
Leh–Manali Highway,part of,Asian Highway 1,Leh–Manali Highway
Leh–Manali Highway,traverses,5 mountain passes,Leh–Manali Highway
Leh–Manali Highway,has,several fuel stations,Leh–Manali Highway
Leh–Manali Highway,has,several rest stops,Leh–Manali Highway
Leh–Manali Highway,designated as,National Highway,Leh–Manali Highway
Leh–Manali Highway,receives,annual maintenance,Leh–Manali Highway
Leh–Manali Highway,popular for,tourism,Leh–Manali Highway
Leh–Manali Highway,provides access to,nearby attractions,Leh–Manali Highway
Leh–Manali Highway,recognized for,scenic beauty,Leh–Manali Highway
subject,predicate,object,Jean Jaurès
Jean Jaurès,instance of,human,Jean Jaurès
Jean Jaurès,given name,Jean,Jean Jaurès
Jean Jaurès,family name,Jaurès,Jean Jaurès
Jean Jaurès,place of birth,Castres,Jean Jaurès
Jean Jaurès,place of death,Paris,Jean Jaurès
Jean Jaurès,occupation,politician,Jean Jaurès
Jean Jaurès,occupation,journalist,Jean Jaurès
Jean Jaurès,position,deputy,Jean Jaurès
Jean Jaurès,member of political party,French Section of the Workers' International,Jean Jaurès
Jean Jaurès,educated at,University of Toulouse,Jean Jaurès
Jean Jaurès,educated at,University of Paris,Jean Jaurès
Jean Jaurès,influenced by,Karl Marx,Jean Jaurès
Jean Jaurès,influenced by,Jean-Jacques Rousseau,Jean Jaurès
Jean Jaurès,writer of,L'Armée nouvelle,Jean Jaurès
Jean Jaurès,founder of,L'Humanité,Jean Jaurès
Jean Jaurès,editor of,Le Populaire,Jean Jaurès
Jean Jaurès,assassinated by,Raoul Villain,Jean Jaurès
Jean Jaurès,buried at,Père Lachaise Cemetery,Jean Jaurès
Jean Jaurès,has work in the collection,Bibliothèque nationale de France,Jean Jaurès
Jean Jaurès,has portrait,Musée des Élysées,Jean Jaurès
Jean Jaurès,has monument,monument to Jean Jaurès,Jean Jaurès
Jean Jaurès,native language,French,Jean Jaurès
Jean Jaurès,language spoken,French,Jean Jaurès
Jean Jaurès,language written,French,Jean Jaurès
Jean Jaurès,sibling,Marie Jaurès,Jean Jaurès
Jean Jaurès,spouse,Marie Jaurès,Jean Jaurès
Jean Jaurès,child,Louis Jaurès,Jean Jaurès
Jean Jaurès,position,senator,Jean Jaurès
Jean Jaurès,position,conseiller général,Jean Jaurès
Jean Jaurès,member of,Académie des sciences morales et politiques,Jean Jaurès
Jean Jaurès,has award,Nobel Peace Prize,Jean Jaurès
Jean Jaurès,has award,prix de la Société d'histoire de la Révolution française,Jean Jaurès
Jean Jaurès,influenced,Léon Blum,Jean Jaurès
Jean Jaurès,influenced,Émile Vaughan,Jean Jaurès
Jean Jaurès,has work,Histoire socialiste de la Révolution française,Jean Jaurès
Jean Jaurès,has work,Les Origines du socialisme contemporain,Jean Jaurès
Jean Jaurès,has work,L'Armée nouvelle,Jean Jaurès
Jean Jaurès,has work,Le Ministère de la guerre,Jean Jaurès
Jean Jaurès,has work,La Guerre et la paix,Jean Jaurès
Jean Jaurès,published by,L'Humanité,Jean Jaurès
Jean Jaurès,published by,Le Populaire,Jean Jaurès
Jean Jaurès,founder of,La Revue de l'Aube,Jean Jaurès
Jean Jaurès,founder of,La Grande Revue,Jean Jaurès
Jean Jaurès,editor of,La Petite République,Jean Jaurès
Jean Jaurès,editor of,L'Éveil des consciences,Jean Jaurès
Jean Jaurès,editor of,Le Cri du Peuple,Jean Jaurès
Jean Jaurès,has biographer,Jean-Marie Domenach,Jean Jaurès
Jean Jaurès,has biographer,Madeleine Rebérioux,Jean Jaurès
Anna Fontcuberta i Morral,P31,Spanish,Anna Fontcuberta i Morral
Anna Fontcuberta i Morral,P106,politician,Anna Fontcuberta i Morral
Anna Fontcuberta i Morral,P19,Barcelona,Anna Fontcuberta i Morral
Anna Fontcuberta i Morral,P569,1965-07-19,Anna Fontcuberta i Morral
Anna Fontcuberta i Morral,P21,University of Barcelona,Anna Fontcuberta i Morral
Anna Fontcuberta i Morral,P69,Catalan,Anna Fontcuberta i Morral
Anna Fontcuberta i Morral,P27,Esquerra Republicana de Catalunya,Anna Fontcuberta i Morral
Anna Fontcuberta i Morral,P1416,Fontcuberta,Anna Fontcuberta i Morral
Anna Fontcuberta i Morral,P463,Parliament of Catalonia,Anna Fontcuberta i Morral
Anna Fontcuberta i Morral,P858,https://www.parlamentdecatalunya.cat/portal/fic-ha/Anna_Fontcuberta_i_Morral,Anna Fontcuberta i Morral
subject,predicate,object,Sandro Puppo
Sandro Puppo,P31,Football manager,Sandro Puppo
Sandro Puppo,P106,Association football player,Sandro Puppo
Sandro Puppo,P569,1910-04-21,Sandro Puppo
Sandro Puppo,P19,Italy,Sandro Puppo
Sandro Puppo,P27,Italy,Sandro Puppo
Sandro Puppo,P858,https://it.wikipedia.org/wiki/Sandro_Puppo,Sandro Puppo
Sandro Puppo,P136,Calcio Padova,Sandro Puppo
Sandro Puppo,P136,A.C. Milan,Sandro Puppo
Sandro Puppo,P136,Inter Milan,Sandro Puppo
Sandro Puppo,P136,Juventus FC,Sandro Puppo
Sandro Puppo,P553,https://www.transfermarkt.com/players/detail/sandro-puppo/transfermarkt_player_66771,Sandro Puppo
subject,predicate,object,2023 Slough Borough Council election
2023 Slough Borough Council election,P31,election,2023 Slough Borough Council election
2023 Slough Borough Council election,P279,United Kingdom,2023 Slough Borough Council election
2023 Slough Borough Council election,P585,2023,2023 Slough Borough Council election
2023 Slough Borough Council election,P1476,Slough,2023 Slough Borough Council election
2023 Slough Borough Council election,P144,2022 Slough Borough Council election,2023 Slough Borough Council election
2023 Slough Borough Council election,P973,Slough Borough Council,2023 Slough Borough Council election
2023 Slough Borough Council election,P131,Berkshire,2023 Slough Borough Council election
2023 Slough Borough Council election,P813,ongoing,2023 Slough Borough Council election
2023 Slough Borough Council election,P740,2023 local elections in England,2023 Slough Borough Council election
2023 Slough Borough Council election,P791,2024 Slough Borough Council election,2023 Slough Borough Council election
Calpionellid,instance of,Family,Calpionellid
Calpionellid,subclass of,Calpionellidae,Calpionellid
Calpionellid,part of,Calpionellidae,Calpionellid
Calpionellid,has part,Calpionellum,Calpionellid
Calpionellid,has part,Shell,Calpionellid
Calpionellid,found in,Sedimentary rock,Calpionellid
Calpionellid,found in,Mesozoic,Calpionellid
Calpionellid,used as,Index fossil,Calpionellid
Calpionellid,has classification,Eukaryote,Calpionellid
Calpionellid,has classification,Animal,Calpionellid
Calpionellid,has classification,Protist,Calpionellid
Calpionellid,shows,Coccolith,Calpionellid
Calpionellid,shows,Plate,Calpionellid
Calpionellid,has morphology,Calcareous,Calpionellid
Calpionellid,has size,Small,Calpionellid
Calpionellid,instance of,Calpionellidae,Calpionellid
subject,predicate,object,Wiener Gruppe
Wiener Gruppe,instance of,art movement,Wiener Gruppe
Wiener Gruppe,location,Vienna,Wiener Gruppe
Wiener Gruppe,active in,Austria,Wiener Gruppe
Wiener Gruppe,has member,Ernst Jandl,Wiener Gruppe
Wiener Gruppe,has member,Friedrich Achleitner,Wiener Gruppe
Wiener Gruppe,has member,H.C. Artmann,Wiener Gruppe
Wiener Gruppe,has member,Konrad Bayer,Wiener Gruppe
Wiener Gruppe,has member,Oskar Pastior,Wiener Gruppe
Wiener Gruppe,has member,Peter Handke,Wiener Gruppe
Wiener Gruppe,has member,Rudi Wutscher,Wiener Gruppe
Wiener Gruppe,founded by,Friedrich Achleitner,Wiener Gruppe
Wiener Gruppe,founded by,H.C. Artmann,Wiener Gruppe
Wiener Gruppe,founded by,Ernst Jandl,Wiener Gruppe
Wiener Gruppe,founded by,Konrad Bayer,Wiener Gruppe
Wiener Gruppe,founded in,1956,Wiener Gruppe
Wiener Gruppe,category,Austrian art,Wiener Gruppe
Wiener Gruppe,category,20th-century art movement,Wiener Gruppe
Wiener Gruppe,influenced by,Dada,Wiener Gruppe
Wiener Gruppe,influenced by,Surrealism,Wiener Gruppe
Wiener Gruppe,influences,Concrete poetry,Wiener Gruppe
Wiener Gruppe,described by,Austrian Culture,Wiener Gruppe
Wiener Gruppe,described by,History of art,Wiener Gruppe
Wiener Gruppe,has subclass,Austrian literature,Wiener Gruppe
Wiener Gruppe,uses,German,Wiener Gruppe
Wiener Gruppe,inception,1956,Wiener Gruppe
subject,predicate,object,Hof HaSharon Regional Council
Hof HaSharon Regional Council,P31,Israel,Hof HaSharon Regional Council
Hof HaSharon Regional Council,P17,Hof HaSharon,Hof HaSharon Regional Council
Hof HaSharon Regional Council,P18,2010,Hof HaSharon Regional Council
Hof HaSharon Regional Council,P131,Central District,Hof HaSharon Regional Council
Hof HaSharon Regional Council,P279,Israel,Hof HaSharon Regional Council
Hof HaSharon Regional Council,P576,2010,Hof HaSharon Regional Council
Hof HaSharon Regional Council,P840,Israel,Hof HaSharon Regional Council
Hof HaSharon Regional Council,P973,http://www.hofhasharon.co.il,Hof HaSharon Regional Council
Hof HaSharon Regional Council,P146,Regional council,Hof HaSharon Regional Council
Hof HaSharon Regional Council,P611,Sharon plain,Hof HaSharon Regional Council
Hof HaSharon Regional Council,P629,Kfar Yona,Hof HaSharon Regional Council
Hof HaSharon Regional Council,P629,Tzur Natan,Hof HaSharon Regional Council
Hof HaSharon Regional Council,P629,Batzra,Hof HaSharon Regional Council
Hof HaSharon Regional Council,P629,Mishmeret,Hof HaSharon Regional Council
Hof HaSharon Regional Council,P629,Sde Hoz,Hof HaSharon Regional Council
Hof HaSharon Regional Council,P629,Tel Mond,Hof HaSharon Regional Council
Hof HaSharon Regional Council,P629,Yakum,Hof HaSharon Regional Council
Hof HaSharon Regional Council,P629,Herzliya,Hof HaSharon Regional Council
Hof HaSharon Regional Council,P629,Kfar Hess,Hof HaSharon Regional Council
Hof HaSharon Regional Council,P629,Ein Vered,Hof HaSharon Regional Council
Hof HaSharon Regional Council,P629,Kfar Netaim,Hof HaSharon Regional Council
Hof HaSharon Regional Council,P629,Sde Warburg,Hof HaSharon Regional Council
Hof HaSharon Regional Council,P629,Gan Haim,Hof HaSharon Regional Council
Hof HaSharon Regional Council,P629,Givat Haim,Hof HaSharon Regional Council
Hof HaSharon Regional Council,P629,Olesh,Hof HaSharon Regional Council
Hof HaSharon Regional Council,P629,Ramat HaKovesh,Hof HaSharon Regional Council
Hof HaSharon Regional Council,P629,Salit,Hof HaSharon Regional Council
Hof HaSharon Regional Council,P629,Zofit,Hof HaSharon Regional Council
Cyprus Volleyball Division 1,instance of,sports league,Cyprus Volleyball Division 1
Cyprus Volleyball Division 1,country,Cyprus,Cyprus Volleyball Division 1
Cyprus Volleyball Division 1,sport,volleyball,Cyprus Volleyball Division 1
Cyprus Volleyball Division 1,level,1,Cyprus Volleyball Division 1
Cyprus Volleyball Division 1,has participant,volleyball team in Cyprus,Cyprus Volleyball Division 1
Cyprus Volleyball Division 1,season,2022-2023,Cyprus Volleyball Division 1
Cyprus Volleyball Division 1,has format,round-robin tournament,Cyprus Volleyball Division 1
Cyprus Volleyball Division 1,has governing body,Cyprus Volleyball Federation,Cyprus Volleyball Division 1
Cyprus Volleyball Division 1,has team,Anorthosis Famagusta VC,Cyprus Volleyball Division 1
Cyprus Volleyball Division 1,has team,Omonia Nicosia VC,Cyprus Volleyball Division 1
Cyprus Volleyball Division 1,has team,Apoel Nicosia VC,Cyprus Volleyball Division 1
Cyprus Volleyball Division 1,has award,champion,Cyprus Volleyball Division 1
Cyprus Volleyball Division 1,has award,runner-up,Cyprus Volleyball Division 1
Cyprus Volleyball Division 1,has sponsor,title sponsor,Cyprus Volleyball Division 1
Cyprus Volleyball Division 1,broadcasts on,sports channel,Cyprus Volleyball Division 1
Cyprus Volleyball Division 1,competition,Cypriot Volleyball Division 1,Cyprus Volleyball Division 1
Cyprus Volleyball Division 1,organizer,Cyprus Volleyball Federation,Cyprus Volleyball Division 1
Cyprus Volleyball Division 1,has winner,champion team,Cyprus Volleyball Division 1
Cyprus Volleyball Division 1,number of teams,?,Cyprus Volleyball Division 1
Cyprus Volleyball Division 1,has final,final match,Cyprus Volleyball Division 1
subject,predicate,object,Munsey's Magazine
Munsey's Magazine,P31,magazine,Munsey's Magazine
Munsey's Magazine,P18,1891-01-01,Munsey's Magazine
Munsey's Magazine,P973,Munsey's Magazine,Munsey's Magazine
Munsey's Magazine,P577,1891-01-01,Munsey's Magazine
Munsey's Magazine,P1416,George Munsey,Munsey's Magazine
Munsey's Magazine,P855,https://www.munseys.com,Munsey's Magazine
Munsey's Magazine,P619,Q151,Munsey's Magazine
Munsey's Magazine,P279,Q134307,Munsey's Magazine
Munsey's Magazine,P31,literary magazine,Munsey's Magazine
Munsey's Magazine,P17,United States,Munsey's Magazine
Munsey's Magazine,P495,English,Munsey's Magazine
Munsey's Magazine,P582,1923-01-01,Munsey's Magazine
Munsey's Magazine,P136,George Munsey,Munsey's Magazine
Munsey's Magazine,P513,Q143,Munsey's Magazine
Munsey's Magazine,P527,Q134307,Munsey's Magazine
Munsey's Magazine,P558,Q134307,Munsey's Magazine
Munsey's Magazine,P31,American magazine,Munsey's Magazine
Munsey's Magazine,P18,1891,Munsey's Magazine
Munsey's Magazine,P81,Q134307,Munsey's Magazine
subject,predicate,object,Johnny Test (2021 TV series)
subject,predicate,object,Zenon Kasprzak
Zenon Kasprzak,P31,Polish cyclist,Zenon Kasprzak
Zenon Kasprzak,P569,1949-02-28,Zenon Kasprzak
Zenon Kasprzak,P27,Poland,Zenon Kasprzak
Zenon Kasprzak,P106,cyclist,Zenon Kasprzak
Zenon Kasprzak,P641,sports cycling,Zenon Kasprzak
subject,predicate,object,Rajakilpakkam
Rajakilpakkam,P31,Q515,Rajakilpakkam
Rajakilpakkam,P17,Chennai,Rajakilpakkam
Rajakilpakkam,P131,Tamil Nadu,Rajakilpakkam
subject,predicate,object,United Nations Security Council Resolution 1426
United Nations Security Council Resolution 1426,instance of,United Nations Security Council resolution,United Nations Security Council Resolution 1426
United Nations Security Council Resolution 1426,adopted at,United Nations Headquarters,United Nations Security Council Resolution 1426
United Nations Security Council Resolution 1426,date,2002-06-14,United Nations Security Council Resolution 1426
United Nations Security Council Resolution 1426,number,1426,United Nations Security Council Resolution 1426
United Nations Security Council Resolution 1426,published by,United Nations,United Nations Security Council Resolution 1426
United Nations Security Council Resolution 1426,has jurisdiction,United Nations Security Council,United Nations Security Council Resolution 1426
United Nations Security Council Resolution 1426,topic,Kosovo,United Nations Security Council Resolution 1426
United Nations Security Council Resolution 1426,concerns,Kosovo,United Nations Security Council Resolution 1426
United Nations Security Council Resolution 1426,is about,Kosovo,United Nations Security Council Resolution 1426
United Nations Security Council Resolution 1426,refers to,Kosovo status process,United Nations Security Council Resolution 1426
United Nations Security Council Resolution 1426,calls for,demilitarization,United Nations Security Council Resolution 1426
United Nations Security Council Resolution 1426,calls for,disarmament,United Nations Security Council Resolution 1426
United Nations Security Council Resolution 1426,follows,United Nations Security Council Resolution 1419,United Nations Security Council Resolution 1426
United Nations Security Council Resolution 1426,preceded by,United Nations Security Council Resolution 1425,United Nations Security Council Resolution 1426
United Nations Security Council Resolution 1426,document status,adopted,United Nations Security Council Resolution 1426
United Nations Security Council Resolution 1426,language of,English,United Nations Security Council Resolution 1426
United Nations Security Council Resolution 1426,type,Resolution,United Nations Security Council Resolution 1426
United Nations Security Council Resolution 1426,has abstract,yes,United Nations Security Council Resolution 1426
United Nations Security Council Resolution 1426,published in,Official Records of the United Nations Security Council,United Nations Security Council Resolution 1426
United Nations Security Council Resolution 1426,signed by,Kofi Annan,United Nations Security Council Resolution 1426
subject,predicate,object,Acer oligocarpum
Acer oligocarpum,instance of,plant,Acer oligocarpum
Acer oligocarpum,subclass of,Acer,Acer oligocarpum
Acer oligocarpum,has part,leaf,Acer oligocarpum
Acer oligocarpum,has part,stem,Acer oligocarpum
Acer oligocarpum,has part,root,Acer oligocarpum
Acer oligocarpum,found in,Asia,Acer oligocarpum
Acer oligocarpum,found in,China,Acer oligocarpum
Acer oligocarpum,has synonym,Acer oligocarpum Hemsl.,Acer oligocarpum
Acer oligocarpum,has classification,Sapindales,Acer oligocarpum
Acer oligocarpum,has classification,Angiosperms,Acer oligocarpum
Acer oligocarpum,has scientific classification,Kingdom: Plantae,Acer oligocarpum
Acer oligocarpum,has scientific classification,Family: Sapindaceae,Acer oligocarpum
Acer oligocarpum,has scientific classification,Genus: Acer,Acer oligocarpum
Acer oligocarpum,has EOL url,https://www.eol.org/pages/28863693,Acer oligocarpum
Thornton Carle Fry,instance of,Person,Thornton Carle Fry
Thornton Carle Fry,given name,Thornton,Thornton Carle Fry
Thornton Carle Fry,family name,Fry,Thornton Carle Fry
Thornton Carle Fry,date of birth,1887-08-31,Thornton Carle Fry
Thornton Carle Fry,date of death,1982-10-11,Thornton Carle Fry
Thornton Carle Fry,occupation,Mathematician,Thornton Carle Fry
Thornton Carle Fry,occupation,Physicist,Thornton Carle Fry
Thornton Carle Fry,educated at,University of Michigan,Thornton Carle Fry
Thornton Carle Fry,educated at,University of Chicago,Thornton Carle Fry
Thornton Carle Fry,employer,Bell Labs,Thornton Carle Fry
Thornton Carle Fry,member of,National Academy of Sciences,Thornton Carle Fry
Thornton Carle Fry,member of,American Academy of Arts and Sciences,Thornton Carle Fry
Thornton Carle Fry,award recipient,National Medal of Science,Thornton Carle Fry
Thornton Carle Fry,award recipient,John Bates Clark Medal,Thornton Carle Fry
Thornton Carle Fry,conducts research in,Operations Research,Thornton Carle Fry
Thornton Carle Fry,conducts research in,Applied Mathematics,Thornton Carle Fry
Thornton Carle Fry,influenced by,Lawrence T. Morey,Thornton Carle Fry
Thornton Carle Fry,influenced by,Clarence E. Love,Thornton Carle Fry
Thornton Carle Fry,influenced by,Edwin C. Bliss,Thornton Carle Fry
Thornton Carle Fry,has work in the collection,Mathematics Subject Classification,Thornton Carle Fry
Ahmed Abbes,wdt:P31,Q5,Ahmed Abbes
Ahmed Abbes,wdt:P106,Q639669,Ahmed Abbes
Ahmed Abbes,wdt:P569,Q28377641,Ahmed Abbes
Ahmed Abbes,wdt:P19,Q28377642,Ahmed Abbes
Ahmed Abbes,wdt:P27,Q142,Ahmed Abbes
Ahmed Abbes,wdt:P108,Q28377643,Ahmed Abbes
Ahmed Abbes,wdt:P858,https://www.maths.ox.ac.uk/people/ahmed.abbes,Ahmed Abbes
Ahmed Abbes,wdt:P14,Q565894,Ahmed Abbes
Ahmed Abbes,wdt:P623,Q28377644,Ahmed Abbes
Ahmed Abbes,wdt:P672,Q28377645,Ahmed Abbes
subject,predicate,object,Patagonian red octopus
Patagonian red octopus,instance of,octopus,Patagonian red octopus
Patagonian red octopus,subclass of,octopus,Patagonian red octopus
Patagonian red octopus,has taxon rank,species,Patagonian red octopus
Patagonian red octopus,scientific name,Octopus defilippi,Patagonian red octopus
Patagonian red octopus,native to,Argentina,Patagonian red octopus
Patagonian red octopus,native to,Chile,Patagonian red octopus
Patagonian red octopus,habitat,ocean,Patagonian red octopus
Patagonian red octopus,found in,South Atlantic Ocean,Patagonian red octopus
Patagonian red octopus,found in,South Pacific Ocean,Patagonian red octopus
Patagonian red octopus,has characteristic,red color,Patagonian red octopus
Patagonian red octopus,has characteristic,eight arms,Patagonian red octopus
Patagonian red octopus,has characteristic,bulbous body,Patagonian red octopus
Patagonian red octopus,predator of,crustacean,Patagonian red octopus
Patagonian red octopus,prey of,fish,Patagonian red octopus
Patagonian red octopus,prey of,sea otter,Patagonian red octopus
Patagonian red octopus,conservation status,Least Concern,Patagonian red octopus
Patagonian red octopus,IUCN taxon ID,162989,Patagonian red octopus
Patagonian red octopus,NCBI Taxon ID,1918764,Patagonian red octopus
Patagonian red octopus,Encyclopedia of Life ID,46514856,Patagonian red octopus
Patagonian red octopus,World Register of Marine Species ID,209337,Patagonian red octopus
subject,predicate,object,Breakout (Miley Cyrus album)
Nyamiviridae,subclass of,RNA virus,Nyamiviridae
Nyamiviridae,subclass of,Virus,Nyamiviridae
Nyamiviridae,has part,RNA,Nyamiviridae
Nyamiviridae,taxon rank,Family,Nyamiviridae
Nyamiviridae,official name,Nyamiviridae,Nyamiviridae
Nyamiviridae,Genus,Nyavirus,Nyamiviridae
Nyamiviridae,family category,Mononegavirales,Nyamiviridae
Nyamiviridae,virus host,Bat,Nyamiviridae
Nyamiviridae,virus host,Mammal,Nyamiviridae
Nyamiviridae,ICTV scientific name,Nyamiviridae,Nyamiviridae
Nyamiviridae,ICTV name,Nyamiviridae,Nyamiviridae
subject,predicate,object,George Desmond Hodnett
George Desmond Hodnett,P31,Q5,George Desmond Hodnett
George Desmond Hodnett,P106,Q639669,George Desmond Hodnett
George Desmond Hodnett,P569,Q12345678,George Desmond Hodnett
George Desmond Hodnett,P570,Q12345679,George Desmond Hodnett
George Desmond Hodnett,P21,Q145,George Desmond Hodnett
subject,predicate,object,Novo Celje Mansion
Novo Celje Mansion,P31,Q515,Novo Celje Mansion
Novo Celje Mansion,P18,Q515,Novo Celje Mansion
Novo Celje Mansion,P21,Q515,Novo Celje Mansion
Novo Celje Mansion,P279,Q1243754,Novo Celje Mansion
Novo Celje Mansion,P131,Q1243754,Novo Celje Mansion
Novo Celje Mansion,P6,Q1320645,Novo Celje Mansion
Novo Celje Mansion,P973,Q1626692,Novo Celje Mansion
Novo Celje Mansion,P6379,Q1343032,Novo Celje Mansion
Novo Celje Mansion,P577,Q1930922,Novo Celje Mansion
Novo Celje Mansion,instance of,mansion,Novo Celje Mansion
Novo Celje Mansion,located in,Slovenia,Novo Celje Mansion
Novo Celje Mansion,located in,Celje,Novo Celje Mansion
Novo Celje Mansion,part of,Novo Celje Castle,Novo Celje Mansion
Novo Celje Mansion,located in,Municipality of Celje,Novo Celje Mansion
Novo Celje Mansion,instance of,architectural style,Novo Celje Mansion
Novo Celje Mansion,architectural style,Baroque,Novo Celje Mansion
Novo Celje Mansion,publication date,1982,Novo Celje Mansion
Novo Celje Mansion,operator,Municipality of Celje,Novo Celje Mansion
Novo Celje Mansion,has start date,1660,Novo Celje Mansion
subject,predicate,object,Wat Prasert Sutthawat
Wat Prasert Sutthawat,P31,Temple,Wat Prasert Sutthawat
Wat Prasert Sutthawat,P18,Image:Wat_Prasert_Sutthawat.jpg,Wat Prasert Sutthawat
Wat Prasert Sutthawat,P1,Bangkok,Wat Prasert Sutthawat
Wat Prasert Sutthawat,P625,13.75,Wat Prasert Sutthawat
Wat Prasert Sutthawat,P625,100.5,Wat Prasert Sutthawat
Wat Prasert Sutthawat,P17,Thailand,Wat Prasert Sutthawat
Wat Prasert Sutthawat,P279,Thailand,Wat Prasert Sutthawat
Wat Prasert Sutthawat,P571,1982,Wat Prasert Sutthawat
Wat Prasert Sutthawat,P463,Buddhist temple,Wat Prasert Sutthawat
Wat Prasert Sutthawat,P106,Wat,Wat Prasert Sutthawat
subject,predicate,object,Hatice Ozer Balli
Hatice Ozer Balli,P31,Q5,Hatice Ozer Balli
Hatice Ozer Balli,P19,Q249419,Hatice Ozer Balli
Hatice Ozer Balli,P20,Q274611,Hatice Ozer Balli
Hatice Ozer Balli,P27,Q274611,Hatice Ozer Balli
Hatice Ozer Balli,P569,1960-01-01,Hatice Ozer Balli
Hatice Ozer Balli,P734,Q249419,Hatice Ozer Balli
Duchess Elisabeth Alexandrine of Mecklenburg-Schwerin,P31,1829-12-27,Duchess Elisabeth Alexandrine of Mecklenburg-Schwerin
Duchess Elisabeth Alexandrine of Mecklenburg-Schwerin,P27,Mecklenburg-Schwerin,Duchess Elisabeth Alexandrine of Mecklenburg-Schwerin
Duchess Elisabeth Alexandrine of Mecklenburg-Schwerin,P1477,Louise of Saxe-Gotha-Altenburg,Duchess Elisabeth Alexandrine of Mecklenburg-Schwerin
Duchess Elisabeth Alexandrine of Mecklenburg-Schwerin,P1478,Duke Ludwig Charles Frederick of Mecklenburg-Schwerin,Duchess Elisabeth Alexandrine of Mecklenburg-Schwerin
Duchess Elisabeth Alexandrine of Mecklenburg-Schwerin,P26,Grand Duke Ludwig Charles of Baden,Duchess Elisabeth Alexandrine of Mecklenburg-Schwerin
Duchess Elisabeth Alexandrine of Mecklenburg-Schwerin,P25,Sophie of Sweden,Duchess Elisabeth Alexandrine of Mecklenburg-Schwerin
Duchess Elisabeth Alexandrine of Mecklenburg-Schwerin,P154,1903-06-14,Duchess Elisabeth Alexandrine of Mecklenburg-Schwerin
Duchess Elisabeth Alexandrine of Mecklenburg-Schwerin,P18,German,Duchess Elisabeth Alexandrine of Mecklenburg-Schwerin
Duchess Elisabeth Alexandrine of Mecklenburg-Schwerin,P569,1829-12-27,Duchess Elisabeth Alexandrine of Mecklenburg-Schwerin
Duchess Elisabeth Alexandrine of Mecklenburg-Schwerin,P19,1903-06-14,Duchess Elisabeth Alexandrine of Mecklenburg-Schwerin
Duchess Elisabeth Alexandrine of Mecklenburg-Schwerin,P291,Duchess,Duchess Elisabeth Alexandrine of Mecklenburg-Schwerin
Duchess Elisabeth Alexandrine of Mecklenburg-Schwerin,P463,Mecklenburg-Schwerin,Duchess Elisabeth Alexandrine of Mecklenburg-Schwerin
Duchess Elisabeth Alexandrine of Mecklenburg-Schwerin,P486,Friedrich of Mecklenburg-Schwerin,Duchess Elisabeth Alexandrine of Mecklenburg-Schwerin
Duchess Elisabeth Alexandrine of Mecklenburg-Schwerin,P487,Marie of Mecklenburg-Schwerin,Duchess Elisabeth Alexandrine of Mecklenburg-Schwerin
2003–04 Georgia Tech Yellow Jackets men's basketball team,P31,Georgia Tech Yellow Jackets men's basketball team,2003–04 Georgia Tech Yellow Jackets men's basketball team
2003–04 Georgia Tech Yellow Jackets men's basketball team,P580,2003,2003–04 Georgia Tech Yellow Jackets men's basketball team
2003–04 Georgia Tech Yellow Jackets men's basketball team,P582,2004,2003–04 Georgia Tech Yellow Jackets men's basketball team
2003–04 Georgia Tech Yellow Jackets men's basketball team,P463,NCAA Division I,2003–04 Georgia Tech Yellow Jackets men's basketball team
2003–04 Georgia Tech Yellow Jackets men's basketball team,P267,Atlantic Coast Conference,2003–04 Georgia Tech Yellow Jackets men's basketball team
2003–04 Georgia Tech Yellow Jackets men's basketball team,P18,Georgia Tech,2003–04 Georgia Tech Yellow Jackets men's basketball team
2003–04 Georgia Tech Yellow Jackets men's basketball team,P973,NCAA,2003–04 Georgia Tech Yellow Jackets men's basketball team
2003–04 Georgia Tech Yellow Jackets men's basketball team,P910,Brian Gregory,2003–04 Georgia Tech Yellow Jackets men's basketball team
2003–04 Georgia Tech Yellow Jackets men's basketball team,P706,2003-04 NCAA Division I men's basketball season,2003–04 Georgia Tech Yellow Jackets men's basketball team
2003–04 Georgia Tech Yellow Jackets men's basketball team,P111,2003–04 NCAA Division I men's basketball season,2003–04 Georgia Tech Yellow Jackets men's basketball team
2003–04 Georgia Tech Yellow Jackets men's basketball team,P862,2003-04 Atlantic Coast Conference men's basketball season,2003–04 Georgia Tech Yellow Jackets men's basketball team
Dwarf paradise fish,instance of,fish,Dwarf paradise fish
Dwarf paradise fish,subclass of,Paradise fish,Dwarf paradise fish
Dwarf paradise fish,native to,Asia,Dwarf paradise fish
Dwarf paradise fish,habitat,freshwater,Dwarf paradise fish
Dwarf paradise fish,family,Osphronemidae,Dwarf paradise fish
Dwarf paradise fish,scientific name,Macropinna microstoma,Dwarf paradise fish
Dwarf paradise fish,taxonomic rank,species,Dwarf paradise fish
Dwarf paradise fish,conservation status,Least Concern,Dwarf paradise fish
Dwarf paradise fish,length,2 centimeter,Dwarf paradise fish
Dwarf paradise fish,has part,long fin,Dwarf paradise fish
Dwarf paradise fish,color,blue,Dwarf paradise fish
Dwarf paradise fish,color,yellow,Dwarf paradise fish
Dwarf paradise fish,used for,aquarium,Dwarf paradise fish
Dwarf paradise fish,behavior,peaceful,Dwarf paradise fish
Dwarf paradise fish,said to be,small,Dwarf paradise fish
Dwarf paradise fish,found in,Borneo,Dwarf paradise fish
Dwarf paradise fish,found in,Indonesia,Dwarf paradise fish
Dwarf paradise fish,found in,Malaysia,Dwarf paradise fish
Dwarf paradise fish,image,image.jpg,Dwarf paradise fish
subject,predicate,object,Dwarf paradise fish
subject,predicate,object,Cesante (film)
Thurnen railway station,instance of,railway station,Thurnen railway station
Thurnen railway station,located in,Switzerland,Thurnen railway station
Thurnen railway station,located in,Canton of Bern,Thurnen railway station
Thurnen railway station,located in,Thurnen,Thurnen railway station
Thurnen railway station,elevation,567,Thurnen railway station
Thurnen railway station,operator,Swiss Federal Railways,Thurnen railway station
Thurnen railway station,has station code,850,Thurnen railway station
Thurnen railway station,serves,Thurnen,Thurnen railway station
Thurnen railway station,has platform,2,Thurnen railway station
Thurnen railway station,is on railway line,Gossau–Wasserthurn railway line,Thurnen railway station
Thurnen railway station,has adjacent station,Burgistein railway station,Thurnen railway station
Thurnen railway station,has adjacent station,Gossau railway station,Thurnen railway station
subject,predicate,object,Bette Otto-Bliesner
Bette Otto-Bliesner,P31,Scientist,Bette Otto-Bliesner
Bette Otto-Bliesner,P569,1949,Bette Otto-Bliesner
Bette Otto-Bliesner,P19,United States,Bette Otto-Bliesner
Bette Otto-Bliesner,P27,United States,Bette Otto-Bliesner
Bette Otto-Bliesner,P106,Research Scientist,Bette Otto-Bliesner
Bette Otto-Bliesner,P108,National Center for Atmospheric Research,Bette Otto-Bliesner
Bette Otto-Bliesner,P623,Bette Otto-Bliesner,Bette Otto-Bliesner
Bette Otto-Bliesner,P858,https://orcid.org/0000-0002-3581-1244,Bette Otto-Bliesner
Bette Otto-Bliesner,P500,Q292473,Bette Otto-Bliesner
Bette Otto-Bliesner,P973,Q1348573,Bette Otto-Bliesner
Bette Otto-Bliesner,P734,Bette,Bette Otto-Bliesner
Bette Otto-Bliesner,P735,Otto-Bliesner,Bette Otto-Bliesner
Bette Otto-Bliesner,P131,Colorado,Bette Otto-Bliesner
Bette Otto-Bliesner,P463,Paleoclimatology,Bette Otto-Bliesner
Bette Otto-Bliesner,P840,NCAR Community Earth System Model,Bette Otto-Bliesner
Bette Otto-Bliesner,P217,https://www.ncar.ucar.edu,Bette Otto-Bliesner
Bette Otto-Bliesner,P788,https://scholar.google.com/citations?user=...,Bette Otto-Bliesner
subject,predicate,object,Kaniama Airport
Kaniama Airport,P31,Airport,Kaniama Airport
Kaniama Airport,P18,Democratic Republic of the Congo,Kaniama Airport
Kaniama Airport,P17,Kaniama,Kaniama Airport
Kaniama Airport,P19,Lua,Kaniama Airport
Kaniama Airport,P14,Q,Kaniama Airport
Kaniama Airport,instance of,airport,Kaniama Airport
Kaniama Airport,located in,Democratic Republic of the Congo,Kaniama Airport
Kaniama Airport,located in,Kaniama,Kaniama Airport
Kaniama Airport,elevation,497,Kaniama Airport
Kaniama Airport,P279,Q,Kaniama Airport
subject,predicate,object,Castle of Ugento
Castle of Ugento,P31,Castle,Castle of Ugento
Castle of Ugento,P18,Italy,Castle of Ugento
Castle of Ugento,P17,Lecce,Castle of Ugento
Castle of Ugento,P9,Ugento,Castle of Ugento
Castle of Ugento,P279,Salento,Castle of Ugento
Castle of Ugento,P6379,Apulia,Castle of Ugento
Castle of Ugento,P625,Apulia,Castle of Ugento
Castle of Ugento,P706,Salento,Castle of Ugento
Castle of Ugento,P131,Province of Lecce,Castle of Ugento
Castle of Ugento,P571,13th century,Castle of Ugento
Castle of Ugento,P580,13th century,Castle of Ugento
Castle of Ugento,P138,Romanesque architecture,Castle of Ugento
Castle of Ugento,P149,Medieval architecture,Castle of Ugento
subject,predicate,object,St. Spyridon Choir
St. Spyridon Choir,P31,Choir,St. Spyridon Choir
St. Spyridon Choir,P18,Logo,St. Spyridon Choir
St. Spyridon Choir,P17,Founder,St. Spyridon Choir
St. Spyridon Choir,P571,Inception,St. Spyridon Choir
St. Spyridon Choir,P19,Location,St. Spyridon Choir
St. Spyridon Choir,P463,Instrument,St. Spyridon Choir
St. Spyridon Choir,P279,PartOf,St. Spyridon Choir
St. Spyridon Choir,P580,ActiveYears,St. Spyridon Choir
St. Spyridon Choir,P973,Discography,St. Spyridon Choir
St. Spyridon Choir,P846,Category,St. Spyridon Choir
St. Spyridon Choir,P31,Vocal Ensemble,St. Spyridon Choir
St. Spyridon Choir,P569,Headquarters,St. Spyridon Choir
St. Spyridon Choir,P361,MemberOf,St. Spyridon Choir
St. Spyridon Choir,P488,Language,St. Spyridon Choir
St. Spyridon Choir,P973,RecordLabel,St. Spyridon Choir
subject,predicate,object,Waste Connections of Canada
Waste Connections of Canada,instance of,waste management company,Waste Connections of Canada
Waste Connections of Canada,location,Canada,Waste Connections of Canada
Waste Connections of Canada,subsidiary of,Waste Connections,Waste Connections of Canada
Waste Connections of Canada,operates in,Ontario,Waste Connections of Canada
Waste Connections of Canada,provides,waste collection services,Waste Connections of Canada
Waste Connections of Canada,provides,recycling services,Waste Connections of Canada
Waste Connections of Canada,provides,landfill services,Waste Connections of Canada
Waste Connections of Canada,industry,waste management,Waste Connections of Canada
Waste Connections of Canada,has subsidiary,Waste Connections Canada Holdings Inc.,Waste Connections of Canada
Waste Connections of Canada,serves,residential and commercial customers,Waste Connections of Canada
Waste Connections of Canada,offers,hazardous waste collection,Waste Connections of Canada
Waste Connections of Canada,offers,construction waste management,Waste Connections of Canada
Waste Connections of Canada,P.O.,Mississauga,Waste Connections of Canada
Waste Connections of Canada,employs,2000,Waste Connections of Canada
subject,predicate,object,Free Fire (film)
subject,predicate,object,German submarine U-854
German submarine U-854,P31,Germany,German submarine U-854
German submarine U-854,P18,Type VIIC submarine,German submarine U-854
German submarine U-854,P19,Kriegsmarine,German submarine U-854
German submarine U-854,P20,1944,German submarine U-854
German submarine U-854,P5,U-boat,German submarine U-854
Hayao Kawai,P31,Q5,Hayao Kawai
Hayao Kawai,P19,Q134062,Hayao Kawai
Hayao Kawai,P69,Q134062,Hayao Kawai
Hayao Kawai,P106,Q134062,Hayao Kawai
Hayao Kawai,P27,Q8148,Hayao Kawai
Hayao Kawai,P569,Q590624,Hayao Kawai
Hayao Kawai,P18,Q123456,Hayao Kawai
Hayao Kawai,P973,Q134062,Hayao Kawai
Hayao Kawai,P973,Q157813,Hayao Kawai
Hayao Kawai,P21,Q134062,Hayao Kawai
Üç Şerefeli Mosque,instance of,Mosque,Üç Şerefeli Mosque
Üç Şerefeli Mosque,located in,Istanbul,Üç Şerefeli Mosque
Üç Şerefeli Mosque,located in,Turkey,Üç Şerefeli Mosque
Üç Şerefeli Mosque,named after,Three Minarets,Üç Şerefeli Mosque
Üç Şerefeli Mosque,architect,Sinan,Üç Şerefeli Mosque
Üç Şerefeli Mosque,commissioned by,Sultan Suleiman the Magnificent,Üç Şerefeli Mosque
Üç Şerefeli Mosque,has architectural style,Ottoman architecture,Üç Şerefeli Mosque
Üç Şerefeli Mosque,has facade,Stone,Üç Şerefeli Mosque
Üç Şerefeli Mosque,has minaret,Minaret,Üç Şerefeli Mosque
Üç Şerefeli Mosque,is landmark of,Istanbul,Üç Şerefeli Mosque
Üç Şerefeli Mosque,located near,Golden Horn,Üç Şerefeli Mosque
Üç Şerefeli Mosque,part of,Fatih Sultan Mehmet,Üç Şerefeli Mosque
Üç Şerefeli Mosque,constructed by,Ottoman Empire,Üç Şerefeli Mosque
Üç Şerefeli Mosque,has floor area,763,Üç Şerefeli Mosque
Üç Şerefeli Mosque,has number of minarets,3,Üç Şerefeli Mosque
Üç Şerefeli Mosque,located in,European side of Istanbul,Üç Şerefeli Mosque
Üç Şerefeli Mosque,replaced,Mosque of the Suleiman the Magnificent,Üç Şerefeli Mosque
Üç Şerefeli Mosque,added to,UNESCO World Heritage Site,Üç Şerefeli Mosque
Üç Şerefeli Mosque,has dome,Pendentive,Üç Şerefeli Mosque
Üç Şerefeli Mosque,has mihrab,Mihrab,Üç Şerefeli Mosque
subject,predicate,object,Costa Verde (Peru)
Sandy scops owl,instance of,Scops owl,Sandy scops owl
Sandy scops owl,subclass of,Scops owl,Sandy scops owl
Sandy scops owl,native label,Otus sandvicensis,Sandy scops owl
Sandy scops owl,scientific name,Otus sandvicensis,Sandy scops owl
Sandy scops owl,taxon rank,Species,Sandy scops owl
Sandy scops owl,conservation status,Least Concern,Sandy scops owl
Sandy scops owl,endemic to,Hawaii,Sandy scops owl
Sandy scops owl,found in,Hawaii,Sandy scops owl
Sandy scops owl,habitat,Forest,Sandy scops owl
Sandy scops owl,habitat,Tropical forest,Sandy scops owl
Sandy scops owl,diet,Insect,Sandy scops owl
Sandy scops owl,diet,Small mammal,Sandy scops owl
Sandy scops owl,wingspan,25 cm,Sandy scops owl
Sandy scops owl,length,23 cm,Sandy scops owl
Sandy scops owl,mass,100 g,Sandy scops owl
Sandy scops owl,instance of,Species,Sandy scops owl
Sandy scops owl,described by,Peale,Sandy scops owl
Sandy scops owl,described by,Townsend,Sandy scops owl
Sandy scops owl,publication,1831,Sandy scops owl
School-Live!,instance of,film,School-Live! (film)
School-Live!,publication date,2012,School-Live! (film)
School-Live!,director,Noboru Iguchi,School-Live! (film)
School-Live!,based on,School-Live!,School-Live! (film)
School-Live!,genre,zombie film,School-Live! (film)
School-Live!,genre,horror film,School-Live! (film)
School-Live!,country of origin,Japan,School-Live! (film)
School-Live!,language,Japanese,School-Live! (film)
School-Live!,cast,Aya Hirayama,School-Live! (film)
School-Live!,cast,Maki Horikita,School-Live! (film)
School-Live!,cast,Yūta Kanai,School-Live! (film)
School-Live!,screenplay,Noboru Iguchi,School-Live! (film)
School-Live!,producer,Takashige Ichise,School-Live! (film)
School-Live!,publication date,2012-01-07,School-Live! (film)
School-Live!,cinematographer,Takashi Komatsu,School-Live! (film)
School-Live!,distributor,Toho,School-Live! (film)
subject,predicate,object,Klagetoh (Leegito) Chapter House
subject,predicate,object,"Enfield, Victoria"
Enfield,Victoria,P31,"Enfield, Victoria"
Enfield,Victoria,P17,"Enfield, Victoria"
Enfield,Victoria,P131,"Enfield, Victoria"
Enfield,Victoria,P18,"Enfield, Victoria"
Enfield,Victoria,P625,"Enfield, Victoria"
Enfield,Victoria,P138,"Enfield, Victoria"
Enfield,Victoria,P279,"Enfield, Victoria"
Enfield,Victoria,P973,"Enfield, Victoria"
subject,predicate,object,Tropical Storm Arlene (2011)
subject,predicate,object,Kolpino railway station
Kolpino railway station,P31,railway station,Kolpino railway station
Kolpino railway station,P18,Kolpino,Kolpino railway station
Kolpino railway station,P17,Russia,Kolpino railway station
Kolpino railway station,P279,Saint Petersburg,Kolpino railway station
Kolpino railway station,P131,Oktyabrskaya Railway,Kolpino railway station
Kolpino railway station,P973,Kolpinsky District,Kolpino railway station
Kolpino railway station,P1416,Q4254,Kolpino railway station
Kolpino railway station,P585,1912,Kolpino railway station
Kolpino railway station,P6379,59.7833,Kolpino railway station
Kolpino railway station,P625,30.5833,Kolpino railway station
subject,predicate,object,Crystal chemistry
Crystal chemistry,P279,Chemistry,Crystal chemistry
Crystal chemistry,P31,Field of study,Crystal chemistry
Crystal chemistry,P101,Crystal,Crystal chemistry
Crystal chemistry,P103,Crystallography,Crystal chemistry
Crystal chemistry,P106,Interdisciplinary field,Crystal chemistry
Crystal chemistry,P108,Mineralogy,Crystal chemistry
Crystal chemistry,P138,Crystal structure,Crystal chemistry
Crystal chemistry,P145,Crystal growth,Crystal chemistry
Crystal chemistry,P159,Crystal symmetry,Crystal chemistry
Crystal chemistry,P206,Crystallographic defects,Crystal chemistry
Crystal chemistry,P236,Crystal phase,Crystal chemistry
Crystal chemistry,P279,Materials science,Crystal chemistry
Crystal chemistry,P450,Crystal chemistry,Crystal chemistry
Crystal chemistry,P463,Crystal chemistry journal,Crystal chemistry
Crystal chemistry,P500,Crystal chemistry awards,Crystal chemistry
subject,predicate,object,Raleigh DeGeer Amyx
Raleigh DeGeer Amyx,P31,Q5,Raleigh DeGeer Amyx
Raleigh DeGeer Amyx,P569,1910-07-21,Raleigh DeGeer Amyx
Raleigh DeGeer Amyx,P19,Q7429,Raleigh DeGeer Amyx
Raleigh DeGeer Amyx,P26,Q12034663,Raleigh DeGeer Amyx
Raleigh DeGeer Amyx,P610,QID64792,Raleigh DeGeer Amyx
Raleigh DeGeer Amyx,P18,Q123456,Raleigh DeGeer Amyx
Gracie Mansion Gallery,P31,Art museum,Gracie Mansion Gallery
Gracie Mansion Gallery,P6,Manhattan,Gracie Mansion Gallery
Gracie Mansion Gallery,P276,New York City,Gracie Mansion Gallery
Gracie Mansion Gallery,P571,1981-01-01,Gracie Mansion Gallery
Gracie Mansion Gallery,P18,File:Gracie Mansion Gallery.jpg,Gracie Mansion Gallery
Gracie Mansion Gallery,P487,Gracie Mansion,Gracie Mansion Gallery
Gracie Mansion Gallery,P840,Q150,Gracie Mansion Gallery
Gracie Mansion Gallery,P6379,10,Gracie Mansion Gallery
Gracie Mansion Gallery,P973,https://www.graciemansion.org/,Gracie Mansion Gallery
Gracie Mansion Gallery,P856,https://www.graciemansion.org/gallery,Gracie Mansion Gallery
Gracie Mansion Gallery,P461,Q1753,Gracie Mansion Gallery
Gracie Mansion Gallery,P114,Q1141234,Gracie Mansion Gallery
subject,predicate,object,Deerfield Dam
Deerfield Dam,instance of,dam,Deerfield Dam
Deerfield Dam,located in,United States,Deerfield Dam
Deerfield Dam,located in,Illinois,Deerfield Dam
Deerfield Dam,part of,Lake Deerfield,Deerfield Dam
Deerfield Dam,constructed by,Lake Deerfield Improvement District,Deerfield Dam
Deerfield Dam,construction start date,1910,Deerfield Dam
Deerfield Dam,construction end date,1912,Deerfield Dam
Deerfield Dam,height,21,Deerfield Dam
Deerfield Dam,length,272,Deerfield Dam
Deerfield Dam,elevation,820,Deerfield Dam
Deerfield Dam,located in,Cook County,Deerfield Dam
Deerfield Dam,operated by,Lake Deerfield Improvement District,Deerfield Dam
Deerfield Dam,P31,dam,Deerfield Dam
Deerfield Dam,P17,United States,Deerfield Dam
Deerfield Dam,P17,Illinois,Deerfield Dam
Deerfield Dam,P17,Cook County,Deerfield Dam
Deerfield Dam,P279,United States,Deerfield Dam
Deerfield Dam,P625,Lake Deerfield,Deerfield Dam
Deerfield Dam,P710,Lake Deerfield Improvement District,Deerfield Dam
Deerfield Dam,P580,1910,Deerfield Dam
Deerfield Dam,P582,1912,Deerfield Dam
Deerfield Dam,P2048,21,Deerfield Dam
Deerfield Dam,P2047,272,Deerfield Dam
Deerfield Dam,P1317,820,Deerfield Dam
subject,predicate,object,2009 World Rhythmic Gymnastics Championships
2009 World Rhythmic Gymnastics Championships,P31,rhythmic gymnastics competition,2009 World Rhythmic Gymnastics Championships
2009 World Rhythmic Gymnastics Championships,P5,2009,2009 World Rhythmic Gymnastics Championships
2009 World Rhythmic Gymnastics Championships,P17,Azerbaijan,2009 World Rhythmic Gymnastics Championships
2009 World Rhythmic Gymnastics Championships,P27,Baku,2009 World Rhythmic Gymnastics Championships
2009 World Rhythmic Gymnastics Championships,P4,World Rhythmic Gymnastics Championships,2009 World Rhythmic Gymnastics Championships
2009 World Rhythmic Gymnastics Championships,P138,Aliyev Arena,2009 World Rhythmic Gymnastics Championships
2009 World Rhythmic Gymnastics Championships,P14,2008 World Rhythmic Gymnastics Championships,2009 World Rhythmic Gymnastics Championships
2009 World Rhythmic Gymnastics Championships,P15,2010 World Rhythmic Gymnastics Championships,2009 World Rhythmic Gymnastics Championships
2009 World Rhythmic Gymnastics Championships,P46,International Gymnastics Federation,2009 World Rhythmic Gymnastics Championships
2009 World Rhythmic Gymnastics Championships,P580,rhythmic gymnastics,2009 World Rhythmic Gymnastics Championships
Tibetan serin,instance of,Serin,Tibetan serin
Tibetan serin,subclass of,Bird,Tibetan serin
Tibetan serin,native label,Tibetan serin,Tibetan serin
Tibetan serin,has characteristic,Altitude,Tibetan serin
Tibetan serin,habitat,Mountainous region,Tibetan serin
Tibetan serin,found in,Tibet,Tibetan serin
Tibetan serin,found in,India,Tibetan serin
Tibetan serin,found in,Nepal,Tibetan serin
Tibetan serin,found in,Bhutan,Tibetan serin
Tibetan serin,taxonomic classification,Passeriformes,Tibetan serin
Tibetan serin,taxonomic classification,Fringillidae,Tibetan serin
Tibetan serin,scientific name,Serinus rockthringilla,Tibetan serin
Tibetan serin,common name,Rock Bunting,Tibetan serin
Tibetan serin,image,Image of Tibetan serin,Tibetan serin
Tibetan serin,conservation status,Least Concern,Tibetan serin
Tibetan serin,has part,Yellow,Tibetan serin
Tibetan serin,has part,Brown,Tibetan serin
Tibetan serin,has part,Grey,Tibetan serin
Tibetan serin,length,12-14 cm,Tibetan serin
Tibetan serin,wingspan,20-23 cm,Tibetan serin
Tibetan serin,mass,15-20 g,Tibetan serin
Tibetan serin,family,Fringillidae,Tibetan serin
Tibetan serin,genus,Serinus,Tibetan serin
Tibetan serin,species,S. rockthringilla,Tibetan serin
Tibetan serin,has behavior,Singing,Tibetan serin
Tibetan serin,has behavior,Flocking,Tibetan serin
Swimming at the 2013 World Aquatics Championships – Men's 50 metre backstroke,P31,2013 World Aquatics Championships,Swimming at the 2013 World Aquatics Championships – Men's 50 metre backstroke
Swimming at the 2013 World Aquatics Championships – Men's 50 metre backstroke,P17,Swimming at the 2013 World Aquatics Championships,Swimming at the 2013 World Aquatics Championships – Men's 50 metre backstroke
Swimming at the 2013 World Aquatics Championships – Men's 50 metre backstroke,P18,50 metre backstroke,Swimming at the 2013 World Aquatics Championships – Men's 50 metre backstroke
Swimming at the 2013 World Aquatics Championships – Men's 50 metre backstroke,P19,Men's,Swimming at the 2013 World Aquatics Championships – Men's 50 metre backstroke
Swimming at the 2013 World Aquatics Championships – Men's 50 metre backstroke,P20,50,Swimming at the 2013 World Aquatics Championships – Men's 50 metre backstroke
Swimming at the 2013 World Aquatics Championships – Men's 50 metre backstroke,P21,metre,Swimming at the 2013 World Aquatics Championships – Men's 50 metre backstroke
Swimming at the 2013 World Aquatics Championships – Men's 50 metre backstroke,P22,backstroke,Swimming at the 2013 World Aquatics Championships – Men's 50 metre backstroke
Swimming at the 2013 World Aquatics Championships – Men's 50 metre backstroke,P143,Q15931643,Swimming at the 2013 World Aquatics Championships – Men's 50 metre backstroke
Swimming at the 2013 World Aquatics Championships – Men's 50 metre backstroke,P345,Category:Swimming at the 2013 World Aquatics Championships,Swimming at the 2013 World Aquatics Championships – Men's 50 metre backstroke
Swimming at the 2013 World Aquatics Championships – Men's 50 metre backstroke,P625,Barcelona,Swimming at the 2013 World Aquatics Championships – Men's 50 metre backstroke
Swimming at the 2013 World Aquatics Championships – Men's 50 metre backstroke,P565,Spain,Swimming at the 2013 World Aquatics Championships – Men's 50 metre backstroke
Swimming at the 2013 World Aquatics Championships – Men's 50 metre backstroke,P973,2013 World Aquatics Championships,Swimming at the 2013 World Aquatics Championships – Men's 50 metre backstroke
Swimming at the 2013 World Aquatics Championships – Men's 50 metre backstroke,P710,Ryan Murphy,Swimming at the 2013 World Aquatics Championships – Men's 50 metre backstroke
Swimming at the 2013 World Aquatics Championships – Men's 50 metre backstroke,P973,2013 World Aquatics Championships – Swimming,Swimming at the 2013 World Aquatics Championships – Men's 50 metre backstroke
Swimming at the 2013 World Aquatics Championships – Men's 50 metre backstroke,P585,28 July 2013,Swimming at the 2013 World Aquatics Championships – Men's 50 metre backstroke
Swimming at the 2013 World Aquatics Championships – Men's 50 metre backstroke,P580,Piscines Bernat Picornell,Swimming at the 2013 World Aquatics Championships – Men's 50 metre backstroke
Swimming at the 2013 World Aquatics Championships – Men's 50 metre backstroke,P478,21.43,Swimming at the 2013 World Aquatics Championships – Men's 50 metre backstroke
Swimming at the 2013 World Aquatics Championships – Men's 50 metre backstroke,P973,Swimming at the 2013 World Aquatics Championships – Results,Swimming at the 2013 World Aquatics Championships – Men's 50 metre backstroke
Swimming at the 2013 World Aquatics Championships – Men's 50 metre backstroke,P973,50 metre backstroke at the World Aquatics Championships,Swimming at the 2013 World Aquatics Championships – Men's 50 metre backstroke
Swimming at the 2013 World Aquatics Championships – Men's 50 metre backstroke,P973,2013 in swimming,Swimming at the 2013 World Aquatics Championships – Men's 50 metre backstroke
subject,predicate,object,Tulane Green Wave women's basketball
Tulane Green Wave women's basketball,P31,Sports team,Tulane Green Wave women's basketball
Tulane Green Wave women's basketball,P361,Tulane Green Wave,Tulane Green Wave women's basketball
Tulane Green Wave women's basketball,P571,1974,Tulane Green Wave women's basketball
Tulane Green Wave women's basketball,P18,Tulane University,Tulane Green Wave women's basketball
Tulane Green Wave women's basketball,P112,Head coach,Tulane Green Wave women's basketball
Tulane Green Wave women's basketball,P610,Conference USA,Tulane Green Wave women's basketball
Tulane Green Wave women's basketball,P740,Tulane University athletic teams,Tulane Green Wave women's basketball
Tulane Green Wave women's basketball,P345,NCAA Division I,Tulane Green Wave women's basketball
Tulane Green Wave women's basketball,P487,Women's basketball,Tulane Green Wave women's basketball
Tulane Green Wave women's basketball,P706,American Conference,Tulane Green Wave women's basketball
Tulane Green Wave women's basketball,P856,https://tulanegear.com/women-basketball,Tulane Green Wave women's basketball
Tulane Green Wave women's basketball,P582,Conference USA champion,Tulane Green Wave women's basketball
Tulane Green Wave women's basketball,P582,American Athletic Conference champion,Tulane Green Wave women's basketball
subject,predicate,object,Wyoming Game and Fish Department
Wyoming Game and Fish Department,P31,Wyoming,Wyoming Game and Fish Department
Wyoming Game and Fish Department,P279,United States,Wyoming Game and Fish Department
Wyoming Game and Fish Department,P463,Wyoming Department of Agriculture,Wyoming Game and Fish Department
Wyoming Game and Fish Department,P571,1913,Wyoming Game and Fish Department
Wyoming Game and Fish Department,P18,Cheyenne,Wyoming Game and Fish Department
Wyoming Game and Fish Department,P17,Wyoming,Wyoming Game and Fish Department
Wyoming Game and Fish Department,P629,Wildlife conservation,Wyoming Game and Fish Department
Wyoming Game and Fish Department,P637,Conservation biology,Wyoming Game and Fish Department
Wyoming Game and Fish Department,P706,Fishing,Wyoming Game and Fish Department
Wyoming Game and Fish Department,P706,Hunting,Wyoming Game and Fish Department
Wyoming Game and Fish Department,P854,https://wgfd.wyo.gov/,Wyoming Game and Fish Department
Wyoming Game and Fish Department,P856,https://www.wgfd.wyo.gov/,Wyoming Game and Fish Department
Wyoming Game and Fish Department,P137,Wyoming Legislature,Wyoming Game and Fish Department
Wyoming Game and Fish Department,P45,Government agency,Wyoming Game and Fish Department
Homocitrulline,instance of,amino acid,Homocitrulline
Homocitrulline,chemical formula,C7H13NO3,Homocitrulline
H,9,10,Homocitrulline
Homocitrulline,CAS number,22839-47-0,Homocitrulline
Homocitrulline,PubChem CID,53,Homocitrulline
Homocitrulline,KEGG ID,C00126,Homocitrulline
Homocitrulline,chemical structure,...,Homocitrulline
Homocitrulline,has part,carbon,Homocitrulline
Homocitrulline,has part,hydrogen,Homocitrulline
Homocitrulline,has part,oxygen,Homocitrulline
Homocitrulline,has part,nitrogen,Homocitrulline
Homocitrulline,is an,metabolite,Homocitrulline
Homocitrulline,found in,human blood,Homocitrulline
Brackwede station,P31,railway station,Brackwede station
Brackwede station,P18,Bielefeld,Brackwede station
Brackwede station,P17,North Rhine-Westphalia,Brackwede station
Brackwede station,P279,Germany,Brackwede station
Brackwede station,P131,Bielefeld,Brackwede station
Brackwede station,P637,Brackwede,Brackwede station
Brackwede station,P973,Bahnhof Brackwede,Brackwede station
Brackwede station,P1416,Q820737,Brackwede station
Brackwede station,P8583,S-Bahn,Brackwede station
Brackwede station,P460,DB Netz,Brackwede station
Brackwede station,P6375,52.2,Brackwede station
Brackwede station,P6376,8.53333,Brackwede station
Brackwede station,P31,station in Germany,Brackwede station
Brackwede station,P143,Deutsche Bahn,Brackwede station
Brackwede station,P855,S-Bahn in North Rhine-Westphalia,Brackwede station
Martin Hume Johnson,instance of,rugby union player,Martin Hume Johnson
Martin Hume Johnson,birth date,1884-06-15,Martin Hume Johnson
Martin Hume Johnson,death date,1973-03-30,Martin Hume Johnson
Martin Hume Johnson,birth place,England,Martin Hume Johnson
Martin Hume Johnson,death place,England,Martin Hume Johnson
Martin Hume Johnson,plays for,England national rugby union team,Martin Hume Johnson
Martin Hume Johnson,has occupation,rugby player,Martin Hume Johnson
Martin Hume Johnson,educated at,Rugby School,Martin Hume Johnson
Martin Hume Johnson,educated at,University of Oxford,Martin Hume Johnson
Martin Hume Johnson,member of sports team,Oxford University RFC,Martin Hume Johnson
Martin Hume Johnson,participant in,1908 Home Nations Championship,Martin Hume Johnson
Martin Hume Johnson,participant in,1909 Home Nations Championship,Martin Hume Johnson
Rocket.Chat,instance of,Communication platform,Rocket.Chat
Rocket.Chat,uses,End-to-end encryption,Rocket.Chat
Rocket.Chat,written in,JavaScript,Rocket.Chat
Rocket.Chat,uses,Node.js,Rocket.Chat
Rocket.Chat,uses,MongoDB,Rocket.Chat
Rocket.Chat,available on,Web,Rocket.Chat
Rocket.Chat,available on,Mobile app,Rocket.Chat
Rocket.Chat,available on,Desktop application,Rocket.Chat
Rocket.Chat,supports,File sharing,Rocket.Chat
Rocket.Chat,supports,Screen sharing,Rocket.Chat
Rocket.Chat,supports,Video conferencing,Rocket.Chat
Rocket.Chat,has,User authentication,Rocket.Chat
Rocket.Chat,has,Access control,Rocket.Chat
Rocket.Chat,licensed under,MIT License,Rocket.Chat
Rocket.Chat,developed by,Rocket.Chat team,Rocket.Chat
Rocket.Chat,first released,2015,Rocket.Chat
Rocket.Chat,has,Chatbot support,Rocket.Chat
Rocket.Chat,has,Integration with third-party services,Rocket.Chat
Rocket.Chat,uses,WebSockets,Rocket.Chat
Rocket.Chat,has,REST API,Rocket.Chat
Rocket.Chat,is a,Self-hosted software,Rocket.Chat
Rocket.Chat,can be,Self-hosted,Rocket.Chat
Rocket.Chat,supports,Multiple chat channels,Rocket.Chat
Rocket.Chat,supports,Rich media,Rocket.Chat
Rocket.Chat,has,Search functionality,Rocket.Chat
Rocket.Chat,has,File editing,Rocket.Chat
Rocket.Chat,has,Code syntax highlighting,Rocket.Chat
Rocket.Chat,has,Keyboard shortcuts,Rocket.Chat
Rocket.Chat,supports,Multiple languages,Rocket.Chat
Rocket.Chat,has,Logging and analytics,Rocket.Chat
Rocket.Chat,has,Security auditing,Rocket.Chat
Rocket.Chat,compliant with,GDPR,Rocket.Chat
Rocket.Chat,compliant with,HIPAA,Rocket.Chat
Rocket.Chat,compliant with,SOC 2,Rocket.Chat
Rocket.Chat,used by,Open-source organizations,Rocket.Chat
Rocket.Chat,used by,Enterprises,Rocket.Chat
Rocket.Chat,fork of,Slack,Rocket.Chat
subject,predicate,object,Vila Real railway station
Vila Real railway station,instance of,railway station,Vila Real railway station
Vila Real railway station,located in,Vila Real,Vila Real railway station
Vila Real railway station,country,Portugal,Vila Real railway station
Vila Real railway station,located in,Portugal,Vila Real railway station
Vila Real railway station,has operator,Comboios de Portugal,Vila Real railway station
Vila Real railway station,has platform,3,Vila Real railway station
Vila Real railway station,has track,4,Vila Real railway station
Vila Real railway station,is served by,Linha de Guimarães,Vila Real railway station
Vila Real railway station,opening date,1907-04-01,Vila Real railway station
Vila Real railway station,category,Category:Vila Real railway station,Vila Real railway station
Vila Real railway station,elevation,486,Vila Real railway station
Vila Real railway station,coordinate,41.2953,Vila Real railway station
Vila Real railway station,coordinate,-7.74639,Vila Real railway station
Vila Real railway station,has passenger information,yes,Vila Real railway station
Vila Real railway station,offers wifi,yes,Vila Real railway station
Vila Real railway station,has parking,yes,Vila Real railway station
Vila Real railway station,has waiting room,yes,Vila Real railway station
Vila Real railway station,has ticket office,yes,Vila Real railway station
Vila Real railway station,has accessibility,yes,Vila Real railway station
Vila Real railway station,is wheelchair accessible,yes,Vila Real railway station
Vila Real railway station,has bicycle parking,yes,Vila Real railway station
Vila Real railway station,has luggage storage,no,Vila Real railway station
Vila Real railway station,has ATMs,yes,Vila Real railway station
Vila Real railway station,has shops,no,Vila Real railway station
Vila Real railway station,has restaurant,no,Vila Real railway station
Vila Real railway station,has cafe,no,Vila Real railway station
Vila Real railway station,has newsagents,no,Vila Real railway station
Vila Real railway station,has platform display,yes,Vila Real railway station
Vila Real railway station,has public address system,yes,Vila Real railway station
Vila Real railway station,has interlocking,yes,Vila Real railway station
Vila Real railway station,has level crossing,no,Vila Real railway station
Vila Real railway station,has signal,yes,Vila Real railway station
Vila Real railway station,has train control,yes,Vila Real railway station
Vila Real railway station,has electrification,yes,Vila Real railway station
Vila Real railway station,has rail gauge,1.668,Vila Real railway station
Vila Real railway station,has signalling,yes,Vila Real railway station
Vila Real railway station,is shared with,none,Vila Real railway station
Vila Real railway station,is owned by,Infraestruturas de Portugal,Vila Real railway station
Vila Real railway station,has history,yes,Vila Real railway station
Vila Real railway station,has architectural style,Modern,Vila Real railway station
Vila Real railway station,is heritage listed,no,Vila Real railway station
Vila Real railway station,has NRHP reference number,no,Vila Real railway station
Vila Real railway station,has OTRS,no,Vila Real railway station
Vila Real railway station,has WikiCommons category,Vila Real railway station,Vila Real railway station
Vila Real railway station,has WikiProject,WikiProject Railways,Vila Real railway station
Vila Real railway station,has WikiProject,WikiProject Portugal,Vila Real railway station
Vila Real railway station,has IATA code,no,Vila Real railway station
Vila Real railway station,has UNECE code,no,Vila Real railway station
Vila Real railway station,has IEV code,no,Vila Real railway station
Vila Real railway station,has German railway station code,no,Vila Real railway station
subject,predicate,object,Boomerang (2015 film)
Boomerang,P31,television series,Boomerang (2015 film)
Boomerang,P18,2015,Boomerang (2015 film)
Boomerang,P50,Australia,Boomerang (2015 film)
Boomerang,P17,Australia,Boomerang (2015 film)
Boomerang,P58,Australian Broadcasting Corporation,Boomerang (2015 film)
Boomerang,P111,English,Boomerang (2015 film)
Boomerang,P973,IMDb,Boomerang (2015 film)
Boomerang,P265,https://www.imdb.com/title/tt4148276/,Boomerang (2015 film)
Boomerang,P577,2015,Boomerang (2015 film)
Boomerang,P822,Australian Content,Boomerang (2015 film)
Boomerang,P840,ABC Kids,Boomerang (2015 film)
Boomerang: The Animated Series,P31,television series,Boomerang (2015 film)
Boomerang: The Animated Series,P18,1996,Boomerang (2015 film)
Boomerang: The Animated Series,P50,United States,Boomerang (2015 film)
Boomerang: The Animated Series,P17,United States,Boomerang (2015 film)
Boomerang: The Animated Series,P58,Cartoon Network,Boomerang (2015 film)
Boomerang: The Animated Series,P111,English,Boomerang (2015 film)
Boomerang: The Animated Series,P973,IMDb,Boomerang (2015 film)
Boomerang: The Animated Series,P265,https://www.imdb.com/title/tt0116144/,Boomerang (2015 film)
Boomerang: The Animated Series,P577,1996,Boomerang (2015 film)
Boomerang,P31,film,Boomerang (2015 film)
Boomerang,P18,1992,Boomerang (2015 film)
Boomerang,P50,United States,Boomerang (2015 film)
Boomerang,P17,United States,Boomerang (2015 film)
Boomerang,P58,Universal Pictures,Boomerang (2015 film)
Boomerang,P265,https://www.imdb.com/title/tt0102059/,Boomerang (2015 film)
Boomerang,P577,1992,Boomerang (2015 film)
Boomerang,P100,Eddie Murphy,Boomerang (2015 film)
Boomerang,P101,J. Anthony Brown,Boomerang (2015 film)
Boomerang,P102,Universal Pictures,Boomerang (2015 film)
As I don't have more information,I will stop here. If I had more,I could provide more triples.,Peter Laurence (diplomat)
subject,predicate,object,Church of St. Elizabeth of Hungary in Łódź
Church of St. Elizabeth of Hungary in Łódź,P31,Łódź,Church of St. Elizabeth of Hungary in Łódź
Church of St. Elizabeth of Hungary in Łódź,P17,Catholic Church,Church of St. Elizabeth of Hungary in Łódź
Church of St. Elizabeth of Hungary in Łódź,P18,Łódź,Church of St. Elizabeth of Hungary in Łódź
Church of St. Elizabeth of Hungary in Łódź,P279,Church of the Catholic Church,Church of St. Elizabeth of Hungary in Łódź
Church of St. Elizabeth of Hungary in Łódź,P637,Poland,Church of St. Elizabeth of Hungary in Łódź
Church of St. Elizabeth of Hungary in Łódź,P143,Catholic Church in Poland,Church of St. Elizabeth of Hungary in Łódź
Church of St. Elizabeth of Hungary in Łódź,P463,St. Elizabeth of Hungary,Church of St. Elizabeth of Hungary in Łódź
Church of St. Elizabeth of Hungary in Łódź,P625,Łódź Voivodeship,Church of St. Elizabeth of Hungary in Łódź
Church of St. Elizabeth of Hungary in Łódź,P131,Łódź County,Church of St. Elizabeth of Hungary in Łódź
Church of St. Elizabeth of Hungary in Łódź,P840,Catholic Archdiocese of Łódź,Church of St. Elizabeth of Hungary in Łódź
Church of St. Elizabeth of Hungary in Łódź,P5803,neo-baroque,Church of St. Elizabeth of Hungary in Łódź
Church of St. Elizabeth of Hungary in Łódź,P1612,Catholic Church in Poland,Church of St. Elizabeth of Hungary in Łódź
subject,predicate,object,Llansantffraid railway station
Llansantffraid railway station,P31,railway station,Llansantffraid railway station
Llansantffraid railway station,P18,Wales,Llansantffraid railway station
Llansantffraid railway station,P17,Powys,Llansantffraid railway station
Llansantffraid railway station,P279,United Kingdom,Llansantffraid railway station
Llansantffraid railway station,P131,Montgomeryshire,Llansantffraid railway station
Llansantffraid railway station,P137,Network Rail,Llansantffraid railway station
Llansantffraid railway station,P570,1865-01-01,Llansantffraid railway station
Llansantffraid railway station,P582,1965-01-01,Llansantffraid railway station
Llansantffraid railway station,P973,http://www.disusedstations.org.uk/linesite.php?id=104,Llansantffraid railway station
Llansantffraid railway station,P136,Cambrian Heritage Railways,Llansantffraid railway station
Llansantffraid railway station,P570,1865,Llansantffraid railway station
subject,predicate,object,Ismael Edwards Matte
Ismael Edwards Matte,P31,Lawyer,Ismael Edwards Matte
Ismael Edwards Matte,P106,Politician,Ismael Edwards Matte
Ismael Edwards Matte,P569,1912-08-10,Ismael Edwards Matte
subject,predicate,object,Bayerisches Armeemuseum
Bayerisches Armeemuseum,P31,Museum,Bayerisches Armeemuseum
Bayerisches Armeemuseum,P17,Germany,Bayerisches Armeemuseum
Bayerisches Armeemuseum,P637,Ingolstadt,Bayerisches Armeemuseum
Bayerisches Armeemuseum,P18,1880,Bayerisches Armeemuseum
Bayerisches Armeemuseum,P973,https://www.bayerisches-armeemuseum.de/,Bayerisches Armeemuseum
Bayerisches Armeemuseum,P279,Bavarian Army,Bayerisches Armeemuseum
Bayerisches Armeemuseum,P463,German Army,Bayerisches Armeemuseum
Bayerisches Armeemuseum,P571,1880-07-16,Bayerisches Armeemuseum
Bayerisches Armeemuseum,P854,Bayerisches Armeemuseum,Bayerisches Armeemuseum
Bayerisches Armeemuseum,P361,Ingolstadt,Bayerisches Armeemuseum
Bayerisches Armeemuseum,P69,Bayerische Staatsoper,Bayerisches Armeemuseum
Bayerisches Armeemuseum,P667,Bavaria,Bayerisches Armeemuseum
Bayerisches Armeemuseum,P625,Kingdom of Bavaria,Bayerisches Armeemuseum
Bayerisches Armeemuseum,P973,Bayerisches Armeemuseum,Bayerisches Armeemuseum
Bayerisches Armeemuseum,P580,former building,Bayerisches Armeemuseum
Bayerisches Armeemuseum,P580,new building,Bayerisches Armeemuseum
Bayerisches Armeemuseum,P31,collection,Bayerisches Armeemuseum
Bayerisches Armeemuseum,P31,exhibition,Bayerisches Armeemuseum
Bayerisches Armeemuseum,P973,official website,Bayerisches Armeemuseum
subject,predicate,object,Ten Ren Tea
Ten Ren Tea,instance of,tea company,Ten Ren Tea
Ten Ren Tea,located in,Taiwan,Ten Ren Tea
Ten Ren Tea,founded by,Yu-Ziang Hsu,Ten Ren Tea
Ten Ren Tea,founded in,1958,Ten Ren Tea
Ten Ren Tea,has product,tea,Ten Ren Tea
Ten Ren Tea,has product,tea leaves,Ten Ren Tea
Ten Ren Tea,has product,tea beverages,Ten Ren Tea
Ten Ren Tea,operates in,Asia,Ten Ren Tea
Ten Ren Tea,operates in,Taiwan,Ten Ren Tea
Ten Ren Tea,has location,Taiwan,Ten Ren Tea
Ten Ren Tea,is a,tea chain,Ten Ren Tea
Ten Ren Tea,employs,1000,Ten Ren Tea
Ten Ren Tea,has outlet,Taipei,Ten Ren Tea
Ten Ren Tea,has outlet,New Taipei,Ten Ren Tea
Ten Ren Tea,offers,bubble tea,Ten Ren Tea
Ten Ren Tea,offers,milk tea,Ten Ren Tea
Ten Ren Tea,uses,green tea,Ten Ren Tea
Ten Ren Tea,uses,black tea,Ten Ren Tea
Ten Ren Tea,sells,tea-based drinks,Ten Ren Tea
Ten Ren Tea,serves,food,Ten Ren Tea
Ten Ren Tea,has brand,Ten Ren's,Ten Ren Tea
Ten Ren Tea,is part of,Ten Ren's Group,Ten Ren Tea
Ten Ren Tea,has subsidiary,Sihai,Ten Ren Tea
Ten Ren Tea,has subsidiary,Shiah,Ten Ren Tea
Ten Ren Tea,sponsors,events,Ten Ren Tea
Ten Ren Tea,donates to,charity,Ten Ren Tea
Ten Ren Tea,donates to,education,Ten Ren Tea
Ten Ren Tea,partners with,suppliers,Ten Ren Tea
Ten Ren Tea,sources from,tea farms,Ten Ren Tea
Ten Ren Tea,is known for,tea quality,Ten Ren Tea
Ten Ren Tea,has products in,Asia,Ten Ren Tea
Ten Ren Tea,has products in,Taiwan,Ten Ren Tea
Ten Ren Tea,exports to,countries,Ten Ren Tea
Ten Ren Tea,is a member of,tea association,Ten Ren Tea
Ten Ren Tea,participates in,tea festival,Ten Ren Tea
Ten Ren Tea,hosts,tea events,Ten Ren Tea
subject,predicate,object,Henriette Hansen (handballer)
Judo at the 2023 Pan American Games – Women's 63 kg,P31,2023 Pan American Games,Judo at the 2023 Pan American Games – Women's 63 kg
Judo at the 2023 Pan American Games – Women's 63 kg,P279,Judo at the 2023 Pan American Games,Judo at the 2023 Pan American Games – Women's 63 kg
Judo at the 2023 Pan American Games – Women's 63 kg,P17,Women's 63 kg,Judo at the 2023 Pan American Games – Women's 63 kg
Judo at the 2023 Pan American Games – Women's 63 kg,P580,Women's 63 kg at the Pan American Games,Judo at the 2023 Pan American Games – Women's 63 kg
Judo at the 2023 Pan American Games – Women's 63 kg,P27,63 kg,Judo at the 2023 Pan American Games – Women's 63 kg
Judo at the 2023 Pan American Games – Women's 63 kg,P813,Pan American Games,Judo at the 2023 Pan American Games – Women's 63 kg
Judo at the 2023 Pan American Games – Women's 63 kg,P131,Judo,Judo at the 2023 Pan American Games – Women's 63 kg
Judo at the 2023 Pan American Games – Women's 63 kg,P973,2023,Judo at the 2023 Pan American Games – Women's 63 kg
Judo at the 2023 Pan American Games – Women's 63 kg,P18,Olympic sport,Judo at the 2023 Pan American Games – Women's 63 kg
Judo at the 2023 Pan American Games – Women's 63 kg,P601,Judo competition,Judo at the 2023 Pan American Games – Women's 63 kg
Judo at the 2023 Pan American Games – Women's 63 kg,P31,Multi-sport event,Judo at the 2023 Pan American Games – Women's 63 kg
subject,predicate,object,Luis González Maté
Luis González Maté,P31,Q5,Luis González Maté
Luis González Maté,P106,Q639669,Luis González Maté
Luis González Maté,P569,1966-12-18,Luis González Maté
Luis González Maté,P19,Q13276,Luis González Maté
Luis González Maté,P27,Q145,Luis González Maté
Luis González Maté,P734,González,Luis González Maté
Luis González Maté,P35,Luis,Luis González Maté
Luis González Maté,P31,Q82955,Luis González Maté
Luis González Maté,P461,González,Luis González Maté
Luis González Maté,P2002,Luis González Maté,Luis González Maté
subject,predicate,object,The Adventures of Nicholas Nickleby
The Adventures of Nicholas Nickleby,P31,1849,The Adventures of Nicholas Nickleby
The Adventures of Nicholas Nickleby,P50,Charles Dickens,The Adventures of Nicholas Nickleby
The Adventures of Nicholas Nickleby,P973,England,The Adventures of Nicholas Nickleby
The Adventures of Nicholas Nickleby,P18,Novel,The Adventures of Nicholas Nickleby
The Adventures of Nicholas Nickleby,P279,Picaresque novel,The Adventures of Nicholas Nickleby
The Adventures of Nicholas Nickleby,P840,The Nicholas Nickleby,The Adventures of Nicholas Nickleby
The Adventures of Nicholas Nickleby,P973,United Kingdom,The Adventures of Nicholas Nickleby
The Adventures of Nicholas Nickleby,P577,1838-04-27,The Adventures of Nicholas Nickleby
The Adventures of Nicholas Nickleby,P973,London,The Adventures of Nicholas Nickleby
The Adventures of Nicholas Nickleby,P973,British literature,The Adventures of Nicholas Nickleby
The Adventures of Nicholas Nickleby,P31,Serial publication,The Adventures of Nicholas Nickleby
The Adventures of Nicholas Nickleby,P973,Victorian era,The Adventures of Nicholas Nickleby
The Adventures of Nicholas Nickleby,P973,English literature,The Adventures of Nicholas Nickleby
The Adventures of Nicholas Nickleby,P973,Social commentary,The Adventures of Nicholas Nickleby
The Adventures of Nicholas Nickleby,P973,Bildungsroman,The Adventures of Nicholas Nickleby
Ross Barkley,wdt:P31,Q5,Ross Barkley
Ross Barkley,wdt:P106,Q639669,Ross Barkley
Ross Barkley,wdt:P18,Q162017,Ross Barkley
Ross Barkley,wdt:P569,1993-12-05,Ross Barkley
Ross Barkley,wdt:P19,Q604,Ross Barkley
Ross Barkley,wdt:P20,Q2073,Ross Barkley
Ross Barkley,wdt:P27,Q145,Ross Barkley
Ross Barkley,wdt:P404,Q159,Ross Barkley
Ross Barkley,wdt:P461,Q159,Ross Barkley
Ross Barkley,wdt:P487,Q118,Ross Barkley
Ross Barkley,wdt:P51,Q118,Ross Barkley
Ross Barkley,wdt:P572,Q118,Ross Barkley
Ross Barkley,wdt:P580,2010–11,Ross Barkley
Ross Barkley,wdt:P582,2013,Ross Barkley
Ross Barkley,wdt:P6379,2013,Ross Barkley
Ross Barkley,wdt:P628,2013,Ross Barkley
Ross Barkley,wdt:P30,Q159,Ross Barkley
Ross Barkley,wdt:P166,Q639669,Ross Barkley
Ross Barkley,wdt:P236,Q639669,Ross Barkley
Ross Barkley,wdt:P247,Q118,Ross Barkley
Ross Barkley,wdt:P1416,56,Ross Barkley
Ross Barkley,wdt:P610,+173,Ross Barkley
Ross Barkley,wdt:P6183,Q159,Ross Barkley
Ross Barkley,wdt:P606,Q639669,Ross Barkley
Ross Barkley,wdt:P69,Q639669,Ross Barkley
Ross Barkley,P31,Q5,Ross Barkley
Ross Barkley,P106,Q639669,Ross Barkley
subject,predicate,object,Dorothea Waley Singer
Dorothea Waley Singer,P31,painter,Dorothea Waley Singer
Dorothea Waley Singer,P106,artist,Dorothea Waley Singer
Dorothea Waley Singer,P569,1883-04-14,Dorothea Waley Singer
Dorothea Waley Singer,P570,1965,Dorothea Waley Singer
Dorothea Waley Singer,P19,United Kingdom,Dorothea Waley Singer
Dorothea Waley Singer,P27,United Kingdom,Dorothea Waley Singer
Dorothea Waley Singer,P40,The London Group,Dorothea Waley Singer
Dorothea Waley Singer,P112,Gerald Cambridge,Dorothea Waley Singer
Dorothea Waley Singer,P463,Cambridge,Dorothea Waley Singer
Dorothea Waley Singer,P18,image,Dorothea Waley Singer
Dorothea Waley Singer,P6,family name,Dorothea Waley Singer
Dorothea Waley Singer,P7,given name,Dorothea Waley Singer
Dorothea Waley Singer,P131,residence,Dorothea Waley Singer
Dorothea Waley Singer,P6,Waley Singer,Dorothea Waley Singer
Dorothea Waley Singer,P7,Dorothea,Dorothea Waley Singer
Dorothea Waley Singer,P31,watercolorist,Dorothea Waley Singer
Dorothea Waley Singer,P106,watercolor painter,Dorothea Waley Singer
Dorothea Waley Singer,P570,1965-01-01,Dorothea Waley Singer
Dorothea Waley Singer,P19,British,Dorothea Waley Singer
Dorothea Waley Singer,P27,British,Dorothea Waley Singer
Dorothea Waley Singer,P40,Royal Academy,Dorothea Waley Singer
Dorothea Waley Singer,P112,married to,Dorothea Waley Singer
Dorothea Waley Singer,P463,residence,Dorothea Waley Singer
subject,predicate,object,2011–12 Harvard Crimson men's basketball team
2011–12 Harvard Crimson men's basketball team,P31,Harvard University,2011–12 Harvard Crimson men's basketball team
2011–12 Harvard Crimson men's basketball team,P580,2011,2011–12 Harvard Crimson men's basketball team
2011–12 Harvard Crimson men's basketball team,P582,2012,2011–12 Harvard Crimson men's basketball team
2011–12 Harvard Crimson men's basketball team,P463,Harvard Crimson men's basketball,2011–12 Harvard Crimson men's basketball team
2011–12 Harvard Crimson men's basketball team,P864,Ivy League,2011–12 Harvard Crimson men's basketball team
2011–12 Harvard Crimson men's basketball team,P317,NCAA Division I,2011–12 Harvard Crimson men's basketball team
2011–12 Harvard Crimson men's basketball team,P111,Coach,2011–12 Harvard Crimson men's basketball team
2011–12 Harvard Crimson men's basketball team,P26,Harvard Athletic Department,2011–12 Harvard Crimson men's basketball team
2011–12 Harvard Crimson men's basketball team,P527,NCAA,2011–12 Harvard Crimson men's basketball team
2011–12 Harvard Crimson men's basketball team,P361,Harvard University,2011–12 Harvard Crimson men's basketball team
2011–12 Harvard Crimson men's basketball team,P19,Head coach,2011–12 Harvard Crimson men's basketball team
2011–12 Harvard Crimson men's basketball team,P19,Jerome Avery,2011–12 Harvard Crimson men's basketball team
2011–12 Harvard Crimson men's basketball team,P19,Jamie Walcott,2011–12 Harvard Crimson men's basketball team
Serikbolsyn Abdildin,instance of,boxer,Serikbolsyn Abdildin
Serikbolsyn Abdildin,birth date,1987-01-15,Serikbolsyn Abdildin
Serikbolsyn Abdildin,nationality,Kazakh,Serikbolsyn Abdildin
Serikbolsyn Abdildin,occupation,boxer,Serikbolsyn Abdildin
Serikbolsyn Abdildin,sports discipline,amateur boxing,Serikbolsyn Abdildin
Serikbolsyn Abdildin,weight class,light heavyweight,Serikbolsyn Abdildin
Serikbolsyn Abdildin,participated in,2012 Summer Olympics,Serikbolsyn Abdildin
Serikbolsyn Abdildin,competed in,AIBA World Boxing Championships,Serikbolsyn Abdildin
Serikbolsyn Abdildin,trained by,Nurzhan Skakov,Serikbolsyn Abdildin
Serikbolsyn Abdildin,won,Asian Games medal,Serikbolsyn Abdildin
Serikbolsyn Abdildin,has medal,bronze medal,Serikbolsyn Abdildin
Serikbolsyn Abdildin,competed in,2011 World Amateur Boxing Championships,Serikbolsyn Abdildin
Serikbolsyn Abdildin,competed in,2010 Asian Games,Serikbolsyn Abdildin
Serikbolsyn Abdildin,instance of,human,Serikbolsyn Abdildin
Serikbolsyn Abdildin,has team,Kazakhstan national amateur boxing team,Serikbolsyn Abdildin
Anne Buttimer,instance of,geographer,Anne Buttimer
Anne Buttimer,instance of,academic,Anne Buttimer
Anne Buttimer,birth date,1931-06-18,Anne Buttimer
Anne Buttimer,death date,2020-06-15,Anne Buttimer
Anne Buttimer,death place,Dublin,Anne Buttimer
Anne Buttimer,educated at,University College London,Anne Buttimer
Anne Buttimer,educated at,University of Wisconsin–Madison,Anne Buttimer
Anne Buttimer,employed by,University College Dublin,Anne Buttimer
Anne Buttimer,member of,Royal Geographical Society,Anne Buttimer
Anne Buttimer,member of,American Geographical Society,Anne Buttimer
Anne Buttimer,award received,Royal Geographical Society Medal,Anne Buttimer
Anne Buttimer,award received,Victoria Medal,Anne Buttimer
Anne Buttimer,award received,Honorary degree,Anne Buttimer
Anne Buttimer,president of,International Geographical Union,Anne Buttimer
Anne Buttimer,president of,Royal Geographical Society of Ireland,Anne Buttimer
Anne Buttimer,subject has role,professor,Anne Buttimer
Anne Buttimer,occupation,geographer,Anne Buttimer
Anne Buttimer,occupation,academic,Anne Buttimer
Anne Buttimer,field of work,geography,Anne Buttimer
Anne Buttimer,field of work,human geography,Anne Buttimer
Anne Buttimer,field of work,cultural geography,Anne Buttimer
Anne Buttimer,has given name,Anne,Anne Buttimer
Anne Buttimer,has surname,Buttimer,Anne Buttimer
Anne Buttimer,has date of birth,1931-06-18,Anne Buttimer
Anne Buttimer,has place of birth,Eccles,Anne Buttimer
Anne Buttimer,has date of death,2020-06-15,Anne Buttimer
Anne Buttimer,has place of death,Dublin,Anne Buttimer
Anne Buttimer,is human,yes,Anne Buttimer
subject,predicate,object,E. Talbot Donaldson
E. Talbot Donaldson,P31,translator,E. Talbot Donaldson
E. Talbot Donaldson,P106,professor,E. Talbot Donaldson
E. Talbot Donaldson,P19,birthPlace,E. Talbot Donaldson
E. Talbot Donaldson,P569,birthDate,E. Talbot Donaldson
E. Talbot Donaldson,P26,spouse,E. Talbot Donaldson
E. Talbot Donaldson,P108,occupation,E. Talbot Donaldson
E. Talbot Donaldson,P69,student,E. Talbot Donaldson
E. Talbot Donaldson,P672,influencedBy,E. Talbot Donaldson
E. Talbot Donaldson,P463,educatedAt,E. Talbot Donaldson
E. Talbot Donaldson,P858,wikiPageURL,E. Talbot Donaldson
E. Talbot Donaldson,P31,literary historian,E. Talbot Donaldson
E. Talbot Donaldson,P50,influenced,E. Talbot Donaldson
E. Talbot Donaldson,P672,influenced,E. Talbot Donaldson
E. Talbot Donaldson,P569,1914-06-20,E. Talbot Donaldson
E. Talbot Donaldson,P19,United States,E. Talbot Donaldson
E. Talbot Donaldson,P108,Medievalist,E. Talbot Donaldson
E. Talbot Donaldson,P463,Harvard University,E. Talbot Donaldson
E. Talbot Donaldson,P26,Dorothy,E. Talbot Donaldson
E. Talbot Donaldson,P31,scholar,E. Talbot Donaldson
E. Talbot Donaldson,P858,https://en.wikipedia.org/wiki/E._Talbot_Donaldson,E. Talbot Donaldson
E. Talbot Donaldson,P50,Geoffrey Chaucer,E. Talbot Donaldson
E. Talbot Donaldson,P672,William Shakespeare,E. Talbot Donaldson
1995–96 Arkansas Razorbacks men's basketball team,P31,NCAA Division I,1995–96 Arkansas Razorbacks men's basketball team
1995–96 Arkansas Razorbacks men's basketball team,P6,Razorback,1995–96 Arkansas Razorbacks men's basketball team
1995–96 Arkansas Razorbacks men's basketball team,P463,College basketball,1995–96 Arkansas Razorbacks men's basketball team
1995–96 Arkansas Razorbacks men's basketball team,P17,University of Arkansas,1995–96 Arkansas Razorbacks men's basketball team
1995–96 Arkansas Razorbacks men's basketball team,P840,1995-96 NCAA Division I men's basketball season,1995–96 Arkansas Razorbacks men's basketball team
1995–96 Arkansas Razorbacks men's basketball team,P279,SEC,1995–96 Arkansas Razorbacks men's basketball team
1995–96 Arkansas Razorbacks men's basketball team,P571,1995,1995–96 Arkansas Razorbacks men's basketball team
1995–96 Arkansas Razorbacks men's basketball team,P582,1996,1995–96 Arkansas Razorbacks men's basketball team
1995–96 Arkansas Razorbacks men's basketball team,P740,Mike Anderson,1995–96 Arkansas Razorbacks men's basketball team
1995–96 Arkansas Razorbacks men's basketball team,P706,Bud Walton Arena,1995–96 Arkansas Razorbacks men's basketball team
1995–96 Arkansas Razorbacks men's basketball team,P611,Arkansas Razorbacks men's basketball,1995–96 Arkansas Razorbacks men's basketball team
1995–96 Arkansas Razorbacks men's basketball team,P345,1995-96 Arkansas Razorbacks men's basketball team,1995–96 Arkansas Razorbacks men's basketball team
1995–96 Arkansas Razorbacks men's basketball team,P489,NCAA Men's Division I Basketball Tournament,1995–96 Arkansas Razorbacks men's basketball team
1995–96 Arkansas Razorbacks men's basketball team,P503,1995 NCAA Men's Division I Basketball Tournament,1995–96 Arkansas Razorbacks men's basketball team
1995–96 Arkansas Razorbacks men's basketball team,P507,1996 NCAA Men's Division I Basketball Tournament,1995–96 Arkansas Razorbacks men's basketball team
1995–96 Arkansas Razorbacks men's basketball team,P118,SEC Tournament,1995–96 Arkansas Razorbacks men's basketball team
1995–96 Arkansas Razorbacks men's basketball team,P111,SEC regular season,1995–96 Arkansas Razorbacks men's basketball team
1995–96 Arkansas Razorbacks men's basketball team,P510,1996 SEC men's basketball tournament,1995–96 Arkansas Razorbacks men's basketball team
1995–96 Arkansas Razorbacks men's basketball team,P511,1996 SEC men's basketball tournament,1995–96 Arkansas Razorbacks men's basketball team
1995–96 Arkansas Razorbacks men's basketball team,P512,SEC,1995–96 Arkansas Razorbacks men's basketball team
1995–96 Arkansas Razorbacks men's basketball team,P513,University of Arkansas,1995–96 Arkansas Razorbacks men's basketball team
1995–96 Arkansas Razorbacks men's basketball team,P514,Bud Walton Arena,1995–96 Arkansas Razorbacks men's basketball team
1995–96 Arkansas Razorbacks men's basketball team,P515,Fayetteville,1995–96 Arkansas Razorbacks men's basketball team
1995–96 Arkansas Razorbacks men's basketball team,P516,Arkansas,1995–96 Arkansas Razorbacks men's basketball team
1995–96 Arkansas Razorbacks men's basketball team,P517,United States,1995–96 Arkansas Razorbacks men's basketball team
1995–96 Arkansas Razorbacks men's basketball team,P518,Men's basketball,1995–96 Arkansas Razorbacks men's basketball team
1995–96 Arkansas Razorbacks men's basketball team,P519,Division I,1995–96 Arkansas Razorbacks men's basketball team
1995–96 Arkansas Razorbacks men's basketball team,P520,1995-96,1995–96 Arkansas Razorbacks men's basketball team
1995–96 Arkansas Razorbacks men's basketball team,P521,NCAA,1995–96 Arkansas Razorbacks men's basketball team
1995–96 Arkansas Razorbacks men's basketball team,P522,Tournament,1995–96 Arkansas Razorbacks men's basketball team
1995–96 Arkansas Razorbacks men's basketball team,P523,SEC,1995–96 Arkansas Razorbacks men's basketball team
1995–96 Arkansas Razorbacks men's basketball team,P524,Razorbacks,1995–96 Arkansas Razorbacks men's basketball team
1995–96 Arkansas Razorbacks men's basketball team,P525,Mike Anderson,1995–96 Arkansas Razorbacks men's basketball team
1995–96 Arkansas Razorbacks men's basketball team,P526,Arkansas Razorbacks,1995–96 Arkansas Razorbacks men's basketball team
1995–96 Arkansas Razorbacks men's basketball team,P527,Bud Walton Arena,1995–96 Arkansas Razorbacks men's basketball team
1995–96 Arkansas Razorbacks men's basketball team,P528,University of Arkansas,1995–96 Arkansas Razorbacks men's basketball team
1995–96 Arkansas Razorbacks men's basketball team,P529,Fayetteville,1995–96 Arkansas Razorbacks men's basketball team
1995–96 Arkansas Razorbacks men's basketball team,P530,Arkansas,1995–96 Arkansas Razorbacks men's basketball team
1995–96 Arkansas Razorbacks men's basketball team,P531,United States,1995–96 Arkansas Razorbacks men's basketball team
1995–96 Arkansas Razorbacks men's basketball team,P532,Men's basketball,1995–96 Arkansas Razorbacks men's basketball team
1995–96 Arkansas Razorbacks men's basketball team,P533,Division I,1995–96 Arkansas Razorbacks men's basketball team
1995–96 Arkansas Razorbacks men's basketball team,P534,1995-96,1995–96 Arkansas Razorbacks men's basketball team
1995–96 Arkansas Razorbacks men's basketball team,P535,NCAA,1995–96 Arkansas Razorbacks men's basketball team
1995–96 Arkansas Razorbacks men's basketball team,P536,Tournament,1995–96 Arkansas Razorbacks men's basketball team
1995–96 Arkansas Razorbacks men's basketball team,P537,SEC,1995–96 Arkansas Razorbacks men's basketball team
1995–96 Arkansas Razorbacks men's basketball team,P538,Razorbacks,1995–96 Arkansas Razorbacks men's basketball team
1995–96 Arkansas Razorbacks men's basketball team,P539,Mike Anderson,1995–96 Arkansas Razorbacks men's basketball team
1995–96 Arkansas Razorbacks men's basketball team,P540,Arkansas Razorbacks,1995–96 Arkansas Razorbacks men's basketball team
1995–96 Arkansas Razorbacks men's basketball team,P541,Bud Walton Arena,1995–96 Arkansas Razorbacks men's basketball team
1995–96 Arkansas Razorbacks men's basketball team,P542,University of Arkansas,1995–96 Arkansas Razorbacks men's basketball team
subject,predicate,object,1995–96 Arkansas Razorbacks men's basketball team
